1786464000|20260812000000|953.87
1786464060|20260812000100|954.29
1786464120|20260812000200|954.11
1786464180|20260812000300|954.02
1786464240|20260812000400|954.05
1786464300|20260812000500|953.61
1786464360|20260812000600|953.61
1786464420|20260812000700|953.51
1786464480|20260812000800|953.43
1786464540|20260812000900|953.44
1786464600|20260812001000|953.53
1786464660|20260812001100|953.53
1786464720|20260812001200|953.54
1786464780|20260812001300|953.45
1786464840|20260812001400|953.33
1786464900|20260812001500|953.35
1786464960|20260812001600|953.48
1786465020|20260812001700|953.58
1786465080|20260812001800|953.76
1786465140|20260812001900|953.73
1786465200|20260812002000|953.34
1786465260|20260812002100|953.60
1786465320|20260812002200|953.59
1786465380|20260812002300|954.04
1786465440|20260812002400|953.77
1786465500|20260812002500|953.82
1786465560|20260812002600|953.76
1786465620|20260812002700|953.77
1786465680|20260812002800|953.96
1786465740|20260812002900|953.78
1786465800|20260812003000|954.07
1786465860|20260812003100|954.07
1786465920|20260812003200|953.94
1786465980|20260812003300|953.33
1786466040|20260812003400|953.52
1786466100|20260812003500|953.84
1786466160|20260812003600|954.37
1786466220|20260812003700|954.45
1786466280|20260812003800|954.39
1786466340|20260812003900|954.17
1786466400|20260812004000|954.23
1786466460|20260812004100|954.19
1786466520|20260812004200|954.30
1786466580|20260812004300|954.51
1786466640|20260812004400|954.57
1786466700|20260812004500|954.57
1786466760|20260812004600|954.57
1786466820|20260812004700|954.18
1786466880|20260812004800|953.96
1786466940|20260812004900|954.10
1786467000|20260812005000|954.08
1786467060|20260812005100|953.92
1786467120|20260812005200|953.89
1786467180|20260812005300|953.89
1786467240|20260812005400|953.81
1786467300|20260812005500|953.91
1786467360|20260812005600|953.98
1786467420|20260812005700|954.07
1786467480|20260812005800|954.38
1786467540|20260812005900|954.24
1786467600|20260812010000|954.21
1786467660|20260812010100|954.27
1786467720|20260812010200|954.31
1786467780|20260812010300|954.19
1786467840|20260812010400|954.15
1786467900|20260812010500|954.16
1786467960|20260812010600|954.02
1786468020|20260812010700|954.07
1786468080|20260812010800|953.99
1786468140|20260812010900|954.35
1786468200|20260812011000|954.37
1786468260|20260812011100|954.38
1786468320|20260812011200|954.18
1786468380|20260812011300|953.99
1786468440|20260812011400|953.99
1786468500|20260812011500|953.99
1786468560|20260812011600|953.97
1786468620|20260812011700|953.76
1786468680|20260812011800|954.14
1786468740|20260812011900|954.06
1786468800|20260812012000|954.08
1786468860|20260812012100|954.03
1786468920|20260812012200|953.97
1786468980|20260812012300|953.70
1786469040|20260812012400|953.66
1786469100|20260812012500|953.78
1786469160|20260812012600|953.71
1786469220|20260812012700|953.86
1786469280|20260812012800|953.61
1786469340|20260812012900|953.64
1786469400|20260812013000|953.78
1786469460|20260812013100|953.53
1786469520|20260812013200|953.50
1786469580|20260812013300|953.11
1786469640|20260812013400|953.07
1786469700|20260812013500|952.81
1786469760|20260812013600|952.95
1786469820|20260812013700|952.78
1786469880|20260812013800|952.57
1786469940|20260812013900|952.81
1786470000|20260812014000|952.83
1786470060|20260812014100|953.04
1786470120|20260812014200|953.02
1786470180|20260812014300|953.10
1786470240|20260812014400|953.11
1786470300|20260812014500|952.87
1786470360|20260812014600|952.76
1786470420|20260812014700|952.88
1786470480|20260812014800|953.00
1786470540|20260812014900|953.07
1786470600|20260812015000|952.90
1786470660|20260812015100|952.87
1786470720|20260812015200|952.72
1786470780|20260812015300|952.57
1786470840|20260812015400|952.37
1786470900|20260812015500|952.08
1786470960|20260812015600|951.96
1786471020|20260812015700|951.94
1786471080|20260812015800|951.77
1786471140|20260812015900|951.80
1786497000|20260812091000|954.91
1786497060|20260812091100|955.21
1786497120|20260812091200|955.55
1786497180|20260812091300|955.66
1786497240|20260812091400|955.60
1786497300|20260812091500|955.69
1786497360|20260812091600|955.34
1786497420|20260812091700|955.65
1786497480|20260812091800|955.94
1786497540|20260812091900|955.41
1786497600|20260812092000|956.01
1786497660|20260812092100|956.52
1786497720|20260812092200|956.12
1786497780|20260812092300|955.60
1786497840|20260812092400|955.82
1786497900|20260812092500|955.79
1786497960|20260812092600|955.93
1786498020|20260812092700|955.78
1786498080|20260812092800|956.11
1786498140|20260812092900|955.95
1786498200|20260812093000|955.83
1786498260|20260812093100|955.91
1786498320|20260812093200|955.79
1786498380|20260812093300|955.15
1786498440|20260812093400|954.88
1786498500|20260812093500|954.87
1786498560|20260812093600|954.64
1786498620|20260812093700|955.29
1786498680|20260812093800|955.00
1786498740|20260812093900|954.88
1786498800|20260812094000|955.09
1786498860|20260812094100|955.15
1786498920|20260812094200|955.39
1786498980|20260812094300|955.75
1786499040|20260812094400|956.02
1786499100|20260812094500|956.23
1786499160|20260812094600|956.02
1786499220|20260812094700|956.25
1786499280|20260812094800|956.62
1786499340|20260812094900|956.97
1786499400|20260812095000|956.82
1786499460|20260812095100|957.17
1786499520|20260812095200|956.97
1786499580|20260812095300|957.09
1786499640|20260812095400|956.90
1786499700|20260812095500|956.76
1786499760|20260812095600|956.59
1786499820|20260812095700|956.51
1786499880|20260812095800|956.91
1786499940|20260812095900|956.92
1786500000|20260812100000|957.09
1786500060|20260812100100|956.78
1786500120|20260812100200|957.01
1786500180|20260812100300|957.10
1786500240|20260812100400|956.75
1786500300|20260812100500|957.09
1786500360|20260812100600|957.10
1786500420|20260812100700|957.13
1786500480|20260812100800|957.00
1786500540|20260812100900|957.14
1786500600|20260812101000|957.39
1786500660|20260812101100|957.71
1786500720|20260812101200|957.48
1786500780|20260812101300|957.73
1786500840|20260812101400|957.73
1786500900|20260812101500|957.89
1786500960|20260812101600|957.66
1786501020|20260812101700|958.07
1786501080|20260812101800|958.14
1786501140|20260812101900|958.03
1786501200|20260812102000|957.94
1786501260|20260812102100|957.99
1786501320|20260812102200|958.10
1786501380|20260812102300|958.34
1786501440|20260812102400|958.27
1786501500|20260812102500|958.30
1786501560|20260812102600|958.17
1786501620|20260812102700|958.22
1786501680|20260812102800|958.16
1786501740|20260812102900|958.24
1786501800|20260812103000|958.13
1786501860|20260812103100|957.97
1786501920|20260812103200|957.68
1786501980|20260812103300|957.39
1786502040|20260812103400|957.42
1786502100|20260812103500|957.38
1786502160|20260812103600|957.43
1786502220|20260812103700|957.38
1786502280|20260812103800|957.22
1786502340|20260812103900|957.50
1786502400|20260812104000|957.70
1786502460|20260812104100|958.34
1786502520|20260812104200|958.47
1786502580|20260812104300|959.32
1786502640|20260812104400|959.12
1786502700|20260812104500|959.04
1786502760|20260812104600|959.55
1786502820|20260812104700|959.63
1786502880|20260812104800|960.06
1786502940|20260812104900|959.64
1786503000|20260812105000|959.86
1786503060|20260812105100|960.53
1786503120|20260812105200|960.52
1786503180|20260812105300|960.66
1786503240|20260812105400|960.81
1786503300|20260812105500|960.74
1786503360|20260812105600|960.42
1786503420|20260812105700|960.23
1786503480|20260812105800|960.17
1786503540|20260812105900|960.22
1786503600|20260812110000|960.15
1786503660|20260812110100|960.31
1786503720|20260812110200|960.56
1786503780|20260812110300|960.52
1786503840|20260812110400|959.98
1786503900|20260812110500|959.65
1786503960|20260812110600|959.72
1786504020|20260812110700|960.04
1786504080|20260812110800|960.76
1786504140|20260812110900|960.54
1786504200|20260812111000|960.70
1786504260|20260812111100|960.67
1786504320|20260812111200|960.76
1786504380|20260812111300|960.65
1786504440|20260812111400|960.54
1786504500|20260812111500|959.99
1786504560|20260812111600|959.90
1786504620|20260812111700|959.38
1786504680|20260812111800|958.99
1786504740|20260812111900|959.18
1786504800|20260812112000|959.32
1786504860|20260812112100|958.88
1786504920|20260812112200|958.87
1786504980|20260812112300|958.73
1786505040|20260812112400|959.05
1786505100|20260812112500|958.99
1786505160|20260812112600|958.91
1786505220|20260812112700|959.03
1786505280|20260812112800|958.94
1786505340|20260812112900|959.13
1786505400|20260812113000|958.79
1786505460|20260812113100|959.16
1786505520|20260812113200|958.99
1786505580|20260812113300|958.93
1786505640|20260812113400|958.94
1786505700|20260812113500|958.57
1786505760|20260812113600|958.63
1786505820|20260812113700|958.70
1786505880|20260812113800|958.49
1786505940|20260812113900|958.47
1786506000|20260812114000|958.39
1786506060|20260812114100|958.40
1786506120|20260812114200|958.40
1786506180|20260812114300|958.32
1786506240|20260812114400|958.11
1786506300|20260812114500|957.89
1786506360|20260812114600|957.95
1786506420|20260812114700|957.91
1786506480|20260812114800|958.06
1786506540|20260812114900|958.02
1786506600|20260812115000|957.95
1786506660|20260812115100|957.91
1786506720|20260812115200|957.98
1786506780|20260812115300|958.01
1786506840|20260812115400|957.97
1786506900|20260812115500|957.76
1786506960|20260812115600|957.84
1786507020|20260812115700|957.73
1786507080|20260812115800|957.73
1786507140|20260812115900|957.76
1786507200|20260812120000|957.73
1786507260|20260812120100|957.83
1786507320|20260812120200|957.86
1786507380|20260812120300|957.86
1786507440|20260812120400|957.84
1786507500|20260812120500|957.89
1786507560|20260812120600|957.96
1786507620|20260812120700|957.97
1786507680|20260812120800|957.91
1786507740|20260812120900|957.77
1786507800|20260812121000|957.37
1786507860|20260812121100|957.35
1786507920|20260812121200|957.34
1786507980|20260812121300|957.09
1786508040|20260812121400|957.05
1786508100|20260812121500|957.03
1786508160|20260812121600|956.98
1786508220|20260812121700|956.93
1786508280|20260812121800|956.96
1786508340|20260812121900|956.97
1786508400|20260812122000|956.96
1786508460|20260812122100|956.98
1786508520|20260812122200|957.15
1786508580|20260812122300|957.14
1786508640|20260812122400|957.14
1786508700|20260812122500|957.15
1786508760|20260812122600|957.15
1786508820|20260812122700|957.26
1786508880|20260812122800|957.26
1786508940|20260812122900|957.26
1786509000|20260812123000|957.31
1786509060|20260812123100|957.27
1786509120|20260812123200|957.27
1786509180|20260812123300|957.27
1786509240|20260812123400|957.29
1786509300|20260812123500|957.32
1786509360|20260812123600|957.32
1786509420|20260812123700|957.30
1786509480|20260812123800|957.41
1786509540|20260812123900|957.41
1786509600|20260812124000|957.41
1786509660|20260812124100|957.01
1786509720|20260812124200|957.03
1786509780|20260812124300|957.09
1786509840|20260812124400|957.29
1786509900|20260812124500|957.45
1786509960|20260812124600|957.44
1786510020|20260812124700|957.58
1786510080|20260812124800|957.70
1786510140|20260812124900|957.76
1786510200|20260812125000|957.91
1786510260|20260812125100|957.92
1786510320|20260812125200|957.91
1786510380|20260812125300|957.86
1786510440|20260812125400|957.83
1786510500|20260812125500|957.74
1786510560|20260812125600|957.68
1786510620|20260812125700|957.68
1786510680|20260812125800|957.68
1786510740|20260812125900|957.68
1786510800|20260812130000|957.92
1786510860|20260812130100|957.98
1786510920|20260812130200|957.95
1786510980|20260812130300|957.99
1786511040|20260812130400|957.84
1786511100|20260812130500|958.01
1786511160|20260812130600|958.20
1786511220|20260812130700|958.09
1786511280|20260812130800|958.13
1786511340|20260812130900|958.31
1786511400|20260812131000|958.52
1786511460|20260812131100|958.50
1786511520|20260812131200|958.60
1786511580|20260812131300|958.58
1786511640|20260812131400|958.31
1786511700|20260812131500|958.05
1786511760|20260812131600|957.49
1786511820|20260812131700|957.33
1786511880|20260812131800|957.29
1786511940|20260812131900|957.10
1786512000|20260812132000|957.30
1786512060|20260812132100|956.75
1786512120|20260812132200|956.68
1786512180|20260812132300|956.16
1786512240|20260812132400|956.37
1786512300|20260812132500|956.43
1786512360|20260812132600|956.65
1786512420|20260812132700|956.66
1786512480|20260812132800|956.44
1786512540|20260812132900|956.28
1786512600|20260812133000|956.12
1786512660|20260812133100|955.98
1786512720|20260812133200|956.69
1786512780|20260812133300|956.35
1786512840|20260812133400|956.20
1786512900|20260812133500|955.79
1786512960|20260812133600|955.88
1786513020|20260812133700|956.11
1786513080|20260812133800|956.08
1786513140|20260812133900|956.52
1786513200|20260812134000|956.26
1786513260|20260812134100|956.26
1786513320|20260812134200|955.56
1786513380|20260812134300|955.18
1786513440|20260812134400|955.33
1786513500|20260812134500|954.83
1786513560|20260812134600|954.71
1786513620|20260812134700|955.06
1786513680|20260812134800|954.65
1786513740|20260812134900|954.42
1786513800|20260812135000|954.21
1786513860|20260812135100|954.41
1786513920|20260812135200|954.35
1786513980|20260812135300|954.01
1786514040|20260812135400|954.69
1786514100|20260812135500|955.29
1786514160|20260812135600|955.88
1786514220|20260812135700|955.82
1786514280|20260812135800|956.57
1786514340|20260812135900|956.19
1786514400|20260812140000|956.06
1786514460|20260812140100|956.15
1786514520|20260812140200|955.77
1786514580|20260812140300|955.55
1786514640|20260812140400|955.23
1786514700|20260812140500|955.27
1786514760|20260812140600|954.81
1786514820|20260812140700|954.80
1786514880|20260812140800|954.50
1786514940|20260812140900|954.56
1786515000|20260812141000|954.81
1786515060|20260812141100|954.58
1786515120|20260812141200|954.90
1786515180|20260812141300|954.82
1786515240|20260812141400|954.95
1786515300|20260812141500|955.16
1786515360|20260812141600|955.16
1786515420|20260812141700|955.19
1786515480|20260812141800|955.53
1786515540|20260812141900|955.58
1786515600|20260812142000|955.40
1786515660|20260812142100|955.35
1786515720|20260812142200|955.46
1786515780|20260812142300|955.27
1786515840|20260812142400|955.31
1786515900|20260812142500|955.47
1786515960|20260812142600|955.55
1786516020|20260812142700|955.54
1786516080|20260812142800|955.33
1786516140|20260812142900|955.52
1786516200|20260812143000|955.59
1786516260|20260812143100|955.55
1786516320|20260812143200|955.52
1786516380|20260812143300|955.50
1786516440|20260812143400|955.49
1786516500|20260812143500|955.53
1786516560|20260812143600|955.48
1786516620|20260812143700|955.66
1786516680|20260812143800|956.32
1786516740|20260812143900|956.44
1786516800|20260812144000|956.54
1786516860|20260812144100|957.18
1786516920|20260812144200|957.00
1786516980|20260812144300|956.94
1786517040|20260812144400|957.08
1786517100|20260812144500|956.66
1786517160|20260812144600|957.53
1786517220|20260812144700|957.33
1786517280|20260812144800|957.43
1786517340|20260812144900|957.62
1786517400|20260812145000|957.87
1786517460|20260812145100|958.09
1786517520|20260812145200|958.47
1786517580|20260812145300|958.40
1786517640|20260812145400|958.20
1786517700|20260812145500|958.23
1786517760|20260812145600|958.88
1786517820|20260812145700|959.25
1786517880|20260812145800|958.92
1786517940|20260812145900|958.72
1786518000|20260812150000|958.69
1786518060|20260812150100|958.66
1786518120|20260812150200|958.10
1786518180|20260812150300|958.10
1786518240|20260812150400|958.19
1786518300|20260812150500|958.11
1786518360|20260812150600|958.11
1786518420|20260812150700|958.18
1786518480|20260812150800|958.34
1786518540|20260812150900|958.17
1786518600|20260812151000|958.09
1786518660|20260812151100|958.44
1786518720|20260812151200|958.36
1786518780|20260812151300|958.58
1786518840|20260812151400|958.61
1786518900|20260812151500|958.15
1786518960|20260812151600|957.99
1786519020|20260812151700|957.64
1786519080|20260812151800|957.54
1786519140|20260812151900|957.32
1786519200|20260812152000|957.33
1786519260|20260812152100|957.26
1786519320|20260812152200|957.29
1786519380|20260812152300|957.46
1786519440|20260812152400|957.41
1786519500|20260812152500|957.53
1786519560|20260812152600|957.52
1786519620|20260812152700|957.80
1786519680|20260812152800|957.87
1786519740|20260812152900|958.36
1786519800|20260812153000|958.01
1786519860|20260812153100|958.17
1786519920|20260812153200|958.03
1786519980|20260812153300|958.51
1786520040|20260812153400|958.55
1786520100|20260812153500|958.58
1786520160|20260812153600|958.69
1786520220|20260812153700|958.83
1786520280|20260812153800|958.82
1786520340|20260812153900|958.85
1786520400|20260812154000|959.30
1786520460|20260812154100|958.99
1786520520|20260812154200|959.10
1786520580|20260812154300|959.48
1786520640|20260812154400|959.40
1786520700|20260812154500|959.45
1786520760|20260812154600|959.08
1786520820|20260812154700|959.28
1786520880|20260812154800|959.17
1786520940|20260812154900|959.71
1786521000|20260812155000|959.58
1786521060|20260812155100|959.36
1786521120|20260812155200|959.54
1786521180|20260812155300|959.75
1786521240|20260812155400|959.50
1786521300|20260812155500|959.57
1786521360|20260812155600|959.21
1786521420|20260812155700|958.82
1786521480|20260812155800|958.80
1786521540|20260812155900|958.73
1786521600|20260812160000|959.03
1786521660|20260812160100|959.05
1786521720|20260812160200|959.41
1786521780|20260812160300|959.63
1786521840|20260812160400|959.77
1786521900|20260812160500|959.58
1786521960|20260812160600|959.69
1786522020|20260812160700|959.83
1786522080|20260812160800|959.59
1786522140|20260812160900|959.47
1786522200|20260812161000|959.23
1786522260|20260812161100|959.49
1786522320|20260812161200|959.48
1786522380|20260812161300|959.47
1786522440|20260812161400|959.47
1786522500|20260812161500|959.48
1786522560|20260812161600|959.11
1786522620|20260812161700|959.11
1786522680|20260812161800|959.12
1786522740|20260812161900|959.26
1786522800|20260812162000|959.25
1786522860|20260812162100|959.45
1786522920|20260812162200|959.35
1786522980|20260812162300|959.57
1786523040|20260812162400|959.55
1786523100|20260812162500|959.37
1786523160|20260812162600|959.28
1786523220|20260812162700|959.00
1786523280|20260812162800|959.00
1786523340|20260812162900|958.89
1786523400|20260812163000|959.12
1786523460|20260812163100|959.07
1786523520|20260812163200|959.05
1786523580|20260812163300|958.91
1786523640|20260812163400|958.74
1786523700|20260812163500|958.80
1786523760|20260812163600|958.70
1786523820|20260812163700|958.84
1786523880|20260812163800|958.87
1786523940|20260812163900|958.90
1786524000|20260812164000|958.83
1786524060|20260812164100|958.63
1786524120|20260812164200|958.66
1786524180|20260812164300|958.73
1786524240|20260812164400|958.65
1786524300|20260812164500|958.78
1786524360|20260812164600|958.54
1786524420|20260812164700|958.61
1786524480|20260812164800|958.18
1786524540|20260812164900|958.32
1786524600|20260812165000|958.38
1786524660|20260812165100|958.47
1786524720|20260812165200|958.25
1786524780|20260812165300|958.25
1786524840|20260812165400|958.32
1786524900|20260812165500|958.14
1786524960|20260812165600|958.07
1786525020|20260812165700|958.11
1786525080|20260812165800|957.89
1786525140|20260812165900|958.01
1786525200|20260812170000|957.84
1786525260|20260812170100|958.04
1786525320|20260812170200|958.18
1786525380|20260812170300|958.56
1786525440|20260812170400|959.06
1786525500|20260812170500|958.97
1786525560|20260812170600|958.91
1786525620|20260812170700|959.05
1786525680|20260812170800|959.12
1786525740|20260812170900|959.18
1786525800|20260812171000|959.27
1786525860|20260812171100|959.56
1786525920|20260812171200|959.82
1786525980|20260812171300|959.81
1786526040|20260812171400|960.16
1786526100|20260812171500|960.24
1786526160|20260812171600|960.96
1786526220|20260812171700|960.84
1786526280|20260812171800|960.76
1786526340|20260812171900|960.69
1786526400|20260812172000|960.76
1786526460|20260812172100|960.46
1786526520|20260812172200|960.33
1786526580|20260812172300|961.13
1786526640|20260812172400|961.84
1786526700|20260812172500|962.29
1786526760|20260812172600|961.51
1786526820|20260812172700|961.08
1786526880|20260812172800|960.51
1786526940|20260812172900|960.56
1786527000|20260812173000|960.07
1786527060|20260812173100|960.16
1786527120|20260812173200|959.95
1786527180|20260812173300|960.48
1786527240|20260812173400|960.22
1786527300|20260812173500|960.33
1786527360|20260812173600|960.11
1786527420|20260812173700|960.19
1786527480|20260812173800|960.70
1786527540|20260812173900|960.55
1786527600|20260812174000|960.68
1786527660|20260812174100|960.75
1786527720|20260812174200|960.71
1786527780|20260812174300|960.63
1786527840|20260812174400|960.39
1786527900|20260812174500|960.21
1786527960|20260812174600|960.09
1786528020|20260812174700|960.15
1786528080|20260812174800|960.12
1786528140|20260812174900|960.10
1786528200|20260812175000|959.97
1786528260|20260812175100|960.74
1786528320|20260812175200|960.13
1786528380|20260812175300|959.77
1786528440|20260812175400|959.77
1786528500|20260812175500|959.85
1786528560|20260812175600|959.87
1786528620|20260812175700|959.98
1786528680|20260812175800|960.53
1786528740|20260812175900|960.52
1786528800|20260812180000|960.70
1786528860|20260812180100|960.67
1786528920|20260812180200|960.44
1786528980|20260812180300|960.46
1786529040|20260812180400|960.66
1786529100|20260812180500|960.49
1786529160|20260812180600|960.80
1786529220|20260812180700|960.96
1786529280|20260812180800|960.76
1786529340|20260812180900|960.61
1786529400|20260812181000|961.20
1786529460|20260812181100|961.23
1786529520|20260812181200|961.23
1786529580|20260812181300|961.38
1786529640|20260812181400|961.38
1786529700|20260812181500|961.10
1786529760|20260812181600|961.36
1786529820|20260812181700|961.11
1786529880|20260812181800|961.19
1786529940|20260812181900|961.28
1786530000|20260812182000|961.43
1786530060|20260812182100|961.54
1786530120|20260812182200|961.36
1786530180|20260812182300|961.49
1786530240|20260812182400|961.50
1786530300|20260812182500|961.38
1786530360|20260812182600|961.36
1786530420|20260812182700|961.47
1786530480|20260812182800|961.69
1786530540|20260812182900|961.64
1786530600|20260812183000|961.49
1786530660|20260812183100|961.24
1786530720|20260812183200|961.50
1786530780|20260812183300|961.19
1786530840|20260812183400|961.03
1786530900|20260812183500|960.96
1786530960|20260812183600|960.71
1786531020|20260812183700|960.80
1786531080|20260812183800|960.69
1786531140|20260812183900|960.30
1786531200|20260812184000|960.29
1786531260|20260812184100|960.33
1786531320|20260812184200|960.30
1786531380|20260812184300|960.20
1786531440|20260812184400|960.28
1786531500|20260812184500|960.46
1786531560|20260812184600|960.62
1786531620|20260812184700|960.64
1786531680|20260812184800|960.35
1786531740|20260812184900|960.05
1786531800|20260812185000|959.30
1786531860|20260812185100|959.24
1786531920|20260812185200|959.42
1786531980|20260812185300|959.36
1786532040|20260812185400|959.60
1786532100|20260812185500|959.58
1786532160|20260812185600|959.50
1786532220|20260812185700|959.72
1786532280|20260812185800|959.69
1786532340|20260812185900|959.91
1786532400|20260812190000|960.03
1786532460|20260812190100|960.34
1786532520|20260812190200|960.15
1786532580|20260812190300|960.09
1786532640|20260812190400|959.95
1786532700|20260812190500|959.68
1786532760|20260812190600|959.52
1786532820|20260812190700|959.49
1786532880|20260812190800|959.44
1786532940|20260812190900|959.71
1786533000|20260812191000|959.60
1786533060|20260812191100|959.48
1786533120|20260812191200|959.49
1786533180|20260812191300|959.45
1786533240|20260812191400|959.09
1786533300|20260812191500|959.01
1786533360|20260812191600|959.12
1786533420|20260812191700|959.33
1786533480|20260812191800|959.26
1786533540|20260812191900|959.50
1786533600|20260812192000|959.49
1786533660|20260812192100|959.56
1786533720|20260812192200|959.54
1786533780|20260812192300|959.46
1786533840|20260812192400|959.67
1786533900|20260812192500|959.63
1786533960|20260812192600|959.81
1786534020|20260812192700|959.84
1786534080|20260812192800|960.07
1786534140|20260812192900|960.07
1786534200|20260812193000|960.52
1786534260|20260812193100|960.45
1786534320|20260812193200|960.61
1786534380|20260812193300|960.60
1786534440|20260812193400|960.43
1786534500|20260812193500|960.20
1786534560|20260812193600|960.19
1786534620|20260812193700|959.92
1786534680|20260812193800|959.64
1786534740|20260812193900|959.82
1786534800|20260812194000|959.80
1786534860|20260812194100|960.12
1786534920|20260812194200|960.20
1786534980|20260812194300|959.97
1786535040|20260812194400|960.05
1786535100|20260812194500|960.13
1786535160|20260812194600|960.32
1786535220|20260812194700|960.24
1786535280|20260812194800|960.34
1786535340|20260812194900|960.10
1786535400|20260812195000|960.16
1786535460|20260812195100|960.15
1786535520|20260812195200|960.21
1786535580|20260812195300|960.26
1786535640|20260812195400|960.35
1786535700|20260812195500|960.36
1786535760|20260812195600|960.35
1786535820|20260812195700|960.33
1786535880|20260812195800|960.10
1786535940|20260812195900|960.27
1786536000|20260812200000|960.02
1786536060|20260812200100|960.31
1786536120|20260812200200|959.86
1786536180|20260812200300|959.66
1786536240|20260812200400|959.65
1786536300|20260812200500|959.17
1786536360|20260812200600|959.11
1786536420|20260812200700|959.07
1786536480|20260812200800|959.11
1786536540|20260812200900|959.16
1786536600|20260812201000|959.07
1786536660|20260812201100|959.10
1786536720|20260812201200|959.17
1786536780|20260812201300|959.20
1786536840|20260812201400|959.21
1786536900|20260812201500|959.21
1786536960|20260812201600|959.46
1786537020|20260812201700|959.11
1786537080|20260812201800|959.33
1786537140|20260812201900|959.32
1786537200|20260812202000|959.36
1786537260|20260812202100|959.26
1786537320|20260812202200|959.69
1786537380|20260812202300|959.14
1786537440|20260812202400|959.22
1786537500|20260812202500|959.21
1786537560|20260812202600|958.42
1786537620|20260812202700|959.52
1786537680|20260812202800|959.77
1786537740|20260812202900|960.42
1786537800|20260812203000|962.42
1786537860|20260812203100|956.36
1786537920|20260812203200|959.36
1786537980|20260812203300|960.61
1786538040|20260812203400|961.36
1786538100|20260812203500|963.36
1786538160|20260812203600|960.61
1786538220|20260812203700|960.86
1786538280|20260812203800|962.11
1786538340|20260812203900|961.92
1786538400|20260812204000|962.64
1786538460|20260812204100|962.38
1786538520|20260812204200|962.46
1786538580|20260812204300|963.05
1786538640|20260812204400|964.15
1786538700|20260812204500|963.13
1786538760|20260812204600|961.79
1786538820|20260812204700|961.31
1786538880|20260812204800|961.21
1786538940|20260812204900|961.62
1786539000|20260812205000|961.57
1786539060|20260812205100|962.52
1786539120|20260812205200|962.22
1786539180|20260812205300|962.15
1786539240|20260812205400|962.39
1786539300|20260812205500|962.78
1786539360|20260812205600|962.61
1786539420|20260812205700|962.65
1786539480|20260812205800|963.33
1786539540|20260812205900|963.97
1786539600|20260812210000|964.31
1786539660|20260812210100|963.30
1786539720|20260812210200|962.52
1786539780|20260812210300|963.78
1786539840|20260812210400|963.40
1786539900|20260812210500|963.62
1786539960|20260812210600|963.32
1786540020|20260812210700|963.76
1786540080|20260812210800|962.81
1786540140|20260812210900|963.34
1786540200|20260812211000|962.95
1786540260|20260812211100|962.92
1786540320|20260812211200|962.99
1786540380|20260812211300|962.13
1786540440|20260812211400|961.90
1786540500|20260812211500|961.41
1786540560|20260812211600|961.72
1786540620|20260812211700|961.79
1786540680|20260812211800|962.55
1786540740|20260812211900|962.21
1786540800|20260812212000|961.66
1786540860|20260812212100|961.92
1786540920|20260812212200|961.04
1786540980|20260812212300|961.03
1786541040|20260812212400|960.67
1786541100|20260812212500|960.47
1786541160|20260812212600|959.93
1786541220|20260812212700|960.52
1786541280|20260812212800|960.41
1786541340|20260812212900|960.27
1786541400|20260812213000|960.06
1786541460|20260812213100|960.61
1786541520|20260812213200|960.16
1786541580|20260812213300|960.12
1786541640|20260812213400|960.05
1786541700|20260812213500|959.37
1786541760|20260812213600|959.66
1786541820|20260812213700|960.08
1786541880|20260812213800|959.78
1786541940|20260812213900|959.73
1786542000|20260812214000|958.87
1786542060|20260812214100|958.49
1786542120|20260812214200|959.16
1786542180|20260812214300|959.33
1786542240|20260812214400|960.09
1786542300|20260812214500|959.87
1786542360|20260812214600|960.25
1786542420|20260812214700|960.88
1786542480|20260812214800|961.72
1786542540|20260812214900|962.35
1786542600|20260812215000|962.36
1786542660|20260812215100|962.39
1786542720|20260812215200|962.76
1786542780|20260812215300|962.51
1786542840|20260812215400|963.26
1786542900|20260812215500|963.36
1786542960|20260812215600|963.01
1786543020|20260812215700|962.61
1786543080|20260812215800|962.92
1786543140|20260812215900|962.97
1786543200|20260812220000|962.48
1786543260|20260812220100|962.38
1786543320|20260812220200|961.90
1786543380|20260812220300|961.30
1786543440|20260812220400|961.73
1786543500|20260812220500|962.08
1786543560|20260812220600|962.45
1786543620|20260812220700|962.47
1786543680|20260812220800|962.54
1786543740|20260812220900|962.36
1786543800|20260812221000|962.47
1786543860|20260812221100|962.93
1786543920|20260812221200|963.54
1786543980|20260812221300|963.74
1786544040|20260812221400|963.41
1786544100|20260812221500|963.15
1786544160|20260812221600|963.62
1786544220|20260812221700|964.05
1786544280|20260812221800|963.90
1786544340|20260812221900|964.23
1786544400|20260812222000|963.95
1786544460|20260812222100|964.02
1786544520|20260812222200|964.32
1786544580|20260812222300|964.15
1786544640|20260812222400|963.80
1786544700|20260812222500|964.00
1786544760|20260812222600|963.41
1786544820|20260812222700|963.58
1786544880|20260812222800|963.82
1786544940|20260812222900|964.01
1786545000|20260812223000|963.30
1786545060|20260812223100|963.33
1786545120|20260812223200|962.16
1786545180|20260812223300|962.19
1786545240|20260812223400|962.42
1786545300|20260812223500|960.97
1786545360|20260812223600|960.53
1786545420|20260812223700|961.31
1786545480|20260812223800|961.27
1786545540|20260812223900|960.68
1786545600|20260812224000|960.51
1786545660|20260812224100|960.76
1786545720|20260812224200|960.81
1786545780|20260812224300|960.81
1786545840|20260812224400|961.24
1786545900|20260812224500|961.87
1786545960|20260812224600|962.55
1786546020|20260812224700|962.62
1786546080|20260812224800|961.84
1786546140|20260812224900|961.33
1786546200|20260812225000|961.50
1786546260|20260812225100|961.38
1786546320|20260812225200|960.47
1786546380|20260812225300|960.53
1786546440|20260812225400|961.19
1786546500|20260812225500|961.25
1786546560|20260812225600|961.56
1786546620|20260812225700|960.95
1786546680|20260812225800|961.02
1786546740|20260812225900|961.06
1786546800|20260812230000|961.59
1786546860|20260812230100|961.04
1786546920|20260812230200|961.55
1786546980|20260812230300|961.28
1786547040|20260812230400|960.82
1786547100|20260812230500|960.07
1786547160|20260812230600|960.25
1786547220|20260812230700|960.44
1786547280|20260812230800|960.72
1786547340|20260812230900|961.37
1786547400|20260812231000|961.28
1786547460|20260812231100|961.43
1786547520|20260812231200|961.48
1786547580|20260812231300|962.34
1786547640|20260812231400|962.44
1786547700|20260812231500|962.33
1786547760|20260812231600|961.74
1786547820|20260812231700|962.13
1786547880|20260812231800|961.78
1786547940|20260812231900|961.70
1786548000|20260812232000|962.05
1786548060|20260812232100|962.04
1786548120|20260812232200|962.20
1786548180|20260812232300|962.49
1786548240|20260812232400|962.33
1786548300|20260812232500|962.36
1786548360|20260812232600|962.07
1786548420|20260812232700|961.94
1786548480|20260812232800|961.51
1786548540|20260812232900|961.41
1786548600|20260812233000|961.38
1786548660|20260812233100|962.13
1786548720|20260812233200|961.63
1786548780|20260812233300|961.64
1786548840|20260812233400|961.21
1786548900|20260812233500|961.05
1786548960|20260812233600|961.03
1786549020|20260812233700|960.92
1786549080|20260812233800|961.00
1786549140|20260812233900|961.39
1786549200|20260812234000|961.28
1786549260|20260812234100|961.23
1786549320|20260812234200|961.04
1786549380|20260812234300|961.33
1786549440|20260812234400|961.10
1786549500|20260812234500|960.70
1786549560|20260812234600|960.76
1786549620|20260812234700|960.73
1786550400|20260813000000|961.41
1786550460|20260813000100|961.89
1786550520|20260813000200|961.78
1786550580|20260813000300|961.50
1786550640|20260813000400|961.27
1786550700|20260813000500|961.07
1786550760|20260813000600|961.28
1786550820|20260813000700|961.29
1786550880|20260813000800|961.05
1786550940|20260813000900|960.90
1786551000|20260813001000|961.10
1786551060|20260813001100|960.94
1786551120|20260813001200|961.36
1786551180|20260813001300|961.33
1786551240|20260813001400|961.63
1786551300|20260813001500|962.00
1786551360|20260813001600|961.96
1786551420|20260813001700|962.14
1786551480|20260813001800|962.02
1786551540|20260813001900|962.28
1786551600|20260813002000|962.23
1786551660|20260813002100|962.23
1786551720|20260813002200|962.15
1786551780|20260813002300|962.17
1786551840|20260813002400|962.20
1786551900|20260813002500|962.32
1786551960|20260813002600|962.12
1786552020|20260813002700|962.06
1786552080|20260813002800|961.72
1786552140|20260813002900|961.56
1786552200|20260813003000|961.61
1786552260|20260813003100|961.36
1786552320|20260813003200|961.17
1786552380|20260813003300|960.96
1786552440|20260813003400|960.40
1786552500|20260813003500|960.03
1786552560|20260813003600|960.16
1786552620|20260813003700|960.16
1786552680|20260813003800|960.07
1786552740|20260813003900|959.88
1786552800|20260813004000|960.01
1786552860|20260813004100|960.19
1786552920|20260813004200|960.20
1786552980|20260813004300|960.14
1786553040|20260813004400|959.62
1786553100|20260813004500|959.56
1786553160|20260813004600|959.26
1786553220|20260813004700|959.43
1786553280|20260813004800|958.59
1786553340|20260813004900|958.49
1786553400|20260813005000|958.10
1786553460|20260813005100|958.21
1786553520|20260813005200|958.55
1786553580|20260813005300|958.22
1786553640|20260813005400|958.35
1786553700|20260813005500|958.20
1786553760|20260813005600|957.61
1786553820|20260813005700|956.87
1786553880|20260813005800|957.23
1786553940|20260813005900|957.40
1786554000|20260813010000|957.71
1786554060|20260813010100|957.43
1786554120|20260813010200|958.05
1786554180|20260813010300|958.07
1786554240|20260813010400|957.75
1786554300|20260813010500|957.58
1786554360|20260813010600|957.98
1786554420|20260813010700|958.41
1786554480|20260813010800|958.54
1786554540|20260813010900|958.37
1786554600|20260813011000|958.60
1786554660|20260813011100|958.44
1786554720|20260813011200|958.44
1786554780|20260813011300|958.27
1786554840|20260813011400|958.25
1786554900|20260813011500|958.13
1786554960|20260813011600|958.13
1786555020|20260813011700|958.08
1786555080|20260813011800|957.94
1786555140|20260813011900|957.99
1786555200|20260813012000|958.04
1786555260|20260813012100|958.19
1786555320|20260813012200|958.85
1786555380|20260813012300|958.76
1786555440|20260813012400|958.73
1786555500|20260813012500|958.91
1786555560|20260813012600|958.91
1786555620|20260813012700|958.59
1786555680|20260813012800|958.66
1786555740|20260813012900|958.66
1786555800|20260813013000|958.62
1786555860|20260813013100|958.55
1786555920|20260813013200|958.75
1786555980|20260813013300|958.78
1786556040|20260813013400|959.03
1786556100|20260813013500|959.03
1786556160|20260813013600|959.33
1786556220|20260813013700|959.33
1786556280|20260813013800|958.80
1786556340|20260813013900|958.41
1786556400|20260813014000|958.32
1786556460|20260813014100|958.10
1786556520|20260813014200|958.09
1786556580|20260813014300|958.10
1786556640|20260813014400|958.09
1786556700|20260813014500|957.52
1786556760|20260813014600|957.60
1786556820|20260813014700|957.68
1786556880|20260813014800|957.71
1786556940|20260813014900|957.62
1786557000|20260813015000|957.61
1786557060|20260813015100|957.82
1786557120|20260813015200|958.00
1786557180|20260813015300|957.86
1786557240|20260813015400|957.40
1786557300|20260813015500|957.05
1786557360|20260813015600|957.07
1786557420|20260813015700|957.09
1786557480|20260813015800|957.19
1786557540|20260813015900|956.94
1786583400|20260813091000|964.34
1786583460|20260813091100|964.17
1786583520|20260813091200|963.77
1786583580|20260813091300|964.03
1786583640|20260813091400|963.28
1786583700|20260813091500|963.41
1786583760|20260813091600|963.83
1786583820|20260813091700|964.10
1786583880|20260813091800|963.84
1786583940|20260813091900|962.87
1786584000|20260813092000|962.69
1786584060|20260813092100|962.00
1786584120|20260813092200|961.50
1786584180|20260813092300|961.90
1786584240|20260813092400|961.58
1786584300|20260813092500|961.38
1786584360|20260813092600|961.56
1786584420|20260813092700|961.39
1786584480|20260813092800|961.29
1786584540|20260813092900|961.01
1786584600|20260813093000|960.93
1786584660|20260813093100|961.63
1786584720|20260813093200|962.41
1786584780|20260813093300|962.97
1786584840|20260813093400|962.82
1786584900|20260813093500|963.04
1786584960|20260813093600|963.12
1786585020|20260813093700|962.85
1786585080|20260813093800|962.79
1786585140|20260813093900|962.45
1786585200|20260813094000|962.36
1786585260|20260813094100|962.17
1786585320|20260813094200|961.78
1786585380|20260813094300|961.74
1786585440|20260813094400|961.50
1786585500|20260813094500|961.19
1786585560|20260813094600|960.76
1786585620|20260813094700|959.68
1786585680|20260813094800|959.46
1786585740|20260813094900|959.85
1786585800|20260813095000|959.98
1786585860|20260813095100|960.12
1786585920|20260813095200|959.76
1786585980|20260813095300|959.53
1786586040|20260813095400|960.28
1786586100|20260813095500|960.25
1786586160|20260813095600|960.05
1786586220|20260813095700|959.35
1786586280|20260813095800|959.49
1786586340|20260813095900|959.08
1786586400|20260813100000|958.92
1786586460|20260813100100|958.83
1786586520|20260813100200|958.50
1786586580|20260813100300|958.52
1786586640|20260813100400|958.53
1786586700|20260813100500|958.61
1786586760|20260813100600|958.84
1786586820|20260813100700|958.32
1786586880|20260813100800|958.81
1786586940|20260813100900|959.10
1786587000|20260813101000|959.67
1786587060|20260813101100|959.52
1786587120|20260813101200|959.47
1786587180|20260813101300|959.42
1786587240|20260813101400|959.17
1786587300|20260813101500|958.95
1786587360|20260813101600|959.07
1786587420|20260813101700|959.09
1786587480|20260813101800|959.25
1786587540|20260813101900|959.25
1786587600|20260813102000|959.24
1786587660|20260813102100|959.41
1786587720|20260813102200|959.17
1786587780|20260813102300|958.92
1786587840|20260813102400|958.50
1786587900|20260813102500|958.46
1786587960|20260813102600|958.81
1786588020|20260813102700|958.71
1786588080|20260813102800|958.67
1786588140|20260813102900|958.66
1786588200|20260813103000|958.66
1786588260|20260813103100|957.61
1786588320|20260813103200|957.57
1786588380|20260813103300|957.46
1786588440|20260813103400|957.15
1786588500|20260813103500|957.22
1786588560|20260813103600|957.34
1786588620|20260813103700|957.03
1786588680|20260813103800|957.57
1786588740|20260813103900|957.71
1786588800|20260813104000|958.63
1786588860|20260813104100|958.24
1786588920|20260813104200|958.49
1786588980|20260813104300|958.45
1786589040|20260813104400|958.30
1786589100|20260813104500|958.92
1786589160|20260813104600|958.54
1786589220|20260813104700|958.89
1786589280|20260813104800|959.02
1786589340|20260813104900|959.25
1786589400|20260813105000|959.27
1786589460|20260813105100|959.19
1786589520|20260813105200|959.12
1786589580|20260813105300|958.98
1786589640|20260813105400|958.88
1786589700|20260813105500|958.28
1786589760|20260813105600|958.77
1786589820|20260813105700|958.48
1786589880|20260813105800|958.53
1786589940|20260813105900|958.54
1786590000|20260813110000|958.57
1786590060|20260813110100|958.86
1786590120|20260813110200|959.34
1786590180|20260813110300|959.39
1786590240|20260813110400|959.36
1786590300|20260813110500|959.42
1786590360|20260813110600|959.42
1786590420|20260813110700|959.19
1786590480|20260813110800|959.16
1786590540|20260813110900|958.88
1786590600|20260813111000|958.86
1786590660|20260813111100|958.97
1786590720|20260813111200|958.15
1786590780|20260813111300|958.32
1786590840|20260813111400|958.32
1786590900|20260813111500|958.52
1786590960|20260813111600|958.58
1786591020|20260813111700|958.35
1786591080|20260813111800|958.30
1786591140|20260813111900|958.84
1786591200|20260813112000|958.83
1786591260|20260813112100|958.64
1786591320|20260813112200|958.63
1786591380|20260813112300|958.61
1786591440|20260813112400|958.73
1786591500|20260813112500|958.82
1786591560|20260813112600|959.01
1786591620|20260813112700|958.82
1786591680|20260813112800|958.89
1786591740|20260813112900|958.95
1786591800|20260813113000|958.86
1786591860|20260813113100|958.91
1786591920|20260813113200|958.86
1786591980|20260813113300|958.93
1786592040|20260813113400|958.91
1786592100|20260813113500|958.91
1786592160|20260813113600|958.86
1786592220|20260813113700|958.86
1786592280|20260813113800|958.76
1786592340|20260813113900|958.78
1786592400|20260813114000|958.78
1786592460|20260813114100|958.71
1786592520|20260813114200|958.67
1786592580|20260813114300|958.61
1786592640|20260813114400|958.47
1786592700|20260813114500|958.57
1786592760|20260813114600|958.64
1786592820|20260813114700|958.59
1786592880|20260813114800|958.59
1786592940|20260813114900|958.61
1786593000|20260813115000|958.55
1786593060|20260813115100|958.42
1786593120|20260813115200|958.40
1786593180|20260813115300|958.42
1786593240|20260813115400|958.37
1786593300|20260813115500|958.13
1786593360|20260813115600|957.85
1786593420|20260813115700|957.64
1786593480|20260813115800|957.49
1786593540|20260813115900|957.29
1786593600|20260813120000|957.17
1786593660|20260813120100|956.73
1786593720|20260813120200|956.26
1786593780|20260813120300|957.34
1786593840|20260813120400|956.47
1786593900|20260813120500|956.42
1786593960|20260813120600|956.48
1786594020|20260813120700|956.61
1786594080|20260813120800|956.56
1786594140|20260813120900|956.46
1786594200|20260813121000|955.71
1786594260|20260813121100|956.33
1786594320|20260813121200|955.75
1786594380|20260813121300|956.00
1786594440|20260813121400|956.16
1786594500|20260813121500|956.14
1786594560|20260813121600|956.15
1786594620|20260813121700|956.20
1786594680|20260813121800|956.12
1786594740|20260813121900|956.14
1786594800|20260813122000|956.14
1786594860|20260813122100|956.15
1786594920|20260813122200|956.00
1786594980|20260813122300|956.12
1786595040|20260813122400|956.14
1786595100|20260813122500|956.62
1786595160|20260813122600|956.88
1786595220|20260813122700|956.98
1786595280|20260813122800|956.77
1786595340|20260813122900|956.94
1786595400|20260813123000|957.05
1786595460|20260813123100|956.99
1786595520|20260813123200|957.02
1786595580|20260813123300|957.27
1786595640|20260813123400|957.28
1786595700|20260813123500|956.85
1786595760|20260813123600|956.83
1786595820|20260813123700|957.09
1786595880|20260813123800|957.17
1786595940|20260813123900|956.99
1786596000|20260813124000|956.85
1786596060|20260813124100|956.80
1786596120|20260813124200|957.09
1786596180|20260813124300|956.92
1786596240|20260813124400|956.88
1786596300|20260813124500|956.61
1786596360|20260813124600|956.73
1786596420|20260813124700|956.77
1786596480|20260813124800|956.79
1786596540|20260813124900|956.94
1786596600|20260813125000|956.67
1786596660|20260813125100|956.60
1786596720|20260813125200|956.59
1786596780|20260813125300|956.65
1786596840|20260813125400|956.72
1786596900|20260813125500|956.71
1786596960|20260813125600|956.69
1786597020|20260813125700|956.73
1786597080|20260813125800|956.79
1786597140|20260813125900|956.88
1786597200|20260813130000|956.90
1786597260|20260813130100|956.52
1786597320|20260813130200|955.87
1786597380|20260813130300|956.22
1786597440|20260813130400|956.60
1786597500|20260813130500|956.50
1786597560|20260813130600|956.56
1786597620|20260813130700|956.71
1786597680|20260813130800|956.37
1786597740|20260813130900|956.43
1786597800|20260813131000|956.24
1786597860|20260813131100|956.85
1786597920|20260813131200|956.66
1786597980|20260813131300|956.94
1786598040|20260813131400|957.60
1786598100|20260813131500|957.91
1786598160|20260813131600|958.03
1786598220|20260813131700|957.22
1786598280|20260813131800|957.39
1786598340|20260813131900|957.52
1786598400|20260813132000|957.32
1786598460|20260813132100|957.41
1786598520|20260813132200|957.49
1786598580|20260813132300|957.46
1786598640|20260813132400|957.57
1786598700|20260813132500|957.59
1786598760|20260813132600|957.86
1786598820|20260813132700|958.48
1786598880|20260813132800|957.77
1786598940|20260813132900|958.45
1786599000|20260813133000|958.25
1786599060|20260813133100|957.01
1786599120|20260813133200|956.28
1786599180|20260813133300|955.92
1786599240|20260813133400|956.23
1786599300|20260813133500|956.39
1786599360|20260813133600|956.47
1786599420|20260813133700|956.61
1786599480|20260813133800|956.54
1786599540|20260813133900|956.49
1786599600|20260813134000|956.55
1786599660|20260813134100|956.93
1786599720|20260813134200|955.88
1786599780|20260813134300|955.00
1786599840|20260813134400|954.59
1786599900|20260813134500|954.44
1786599960|20260813134600|954.49
1786600020|20260813134700|953.59
1786600080|20260813134800|953.83
1786600140|20260813134900|954.37
1786600200|20260813135000|954.29
1786600260|20260813135100|954.31
1786600320|20260813135200|954.66
1786600380|20260813135300|954.68
1786600440|20260813135400|954.02
1786600500|20260813135500|953.72
1786600560|20260813135600|953.67
1786600620|20260813135700|953.48
1786600680|20260813135800|953.27
1786600740|20260813135900|953.12
1786600800|20260813140000|952.95
1786600860|20260813140100|953.45
1786600920|20260813140200|953.45
1786600980|20260813140300|953.27
1786601040|20260813140400|953.08
1786601100|20260813140500|952.24
1786601160|20260813140600|951.95
1786601220|20260813140700|952.11
1786601280|20260813140800|951.56
1786601340|20260813140900|951.71
1786601400|20260813141000|952.42
1786601460|20260813141100|952.03
1786601520|20260813141200|951.97
1786601580|20260813141300|952.18
1786601640|20260813141400|951.47
1786601700|20260813141500|951.61
1786601760|20260813141600|951.67
1786601820|20260813141700|952.26
1786601880|20260813141800|952.01
1786601940|20260813141900|952.14
1786602000|20260813142000|951.79
1786602060|20260813142100|952.15
1786602120|20260813142200|951.93
1786602180|20260813142300|951.62
1786602240|20260813142400|951.71
1786602300|20260813142500|952.25
1786602360|20260813142600|952.10
1786602420|20260813142700|951.94
1786602480|20260813142800|951.73
1786602540|20260813142900|952.17
1786602600|20260813143000|951.98
1786602660|20260813143100|951.95
1786602720|20260813143200|951.85
1786602780|20260813143300|952.23
1786602840|20260813143400|951.05
1786602900|20260813143500|951.21
1786602960|20260813143600|951.25
1786603020|20260813143700|950.59
1786603080|20260813143800|950.77
1786603140|20260813143900|950.55
1786603200|20260813144000|951.13
1786603260|20260813144100|951.41
1786603320|20260813144200|951.39
1786603380|20260813144300|951.24
1786603440|20260813144400|951.61
1786603500|20260813144500|951.52
1786603560|20260813144600|951.97
1786603620|20260813144700|951.79
1786603680|20260813144800|952.30
1786603740|20260813144900|952.52
1786603800|20260813145000|952.57
1786603860|20260813145100|952.80
1786603920|20260813145200|952.78
1786603980|20260813145300|952.71
1786604040|20260813145400|952.77
1786604100|20260813145500|952.87
1786604160|20260813145600|953.12
1786604220|20260813145700|953.11
1786604280|20260813145800|953.10
1786604340|20260813145900|952.91
1786604400|20260813150000|953.05
1786604460|20260813150100|952.91
1786604520|20260813150200|952.77
1786604580|20260813150300|953.09
1786604640|20260813150400|953.03
1786604700|20260813150500|952.94
1786604760|20260813150600|952.82
1786604820|20260813150700|952.72
1786604880|20260813150800|952.97
1786604940|20260813150900|953.08
1786605000|20260813151000|952.86
1786605060|20260813151100|952.76
1786605120|20260813151200|952.58
1786605180|20260813151300|952.61
1786605240|20260813151400|952.33
1786605300|20260813151500|952.62
1786605360|20260813151600|952.35
1786605420|20260813151700|952.45
1786605480|20260813151800|952.23
1786605540|20260813151900|952.09
1786605600|20260813152000|952.01
1786605660|20260813152100|951.93
1786605720|20260813152200|951.66
1786605780|20260813152300|951.76
1786605840|20260813152400|951.78
1786605900|20260813152500|951.91
1786605960|20260813152600|951.91
1786606020|20260813152700|951.71
1786606080|20260813152800|951.56
1786606140|20260813152900|951.63
1786606200|20260813153000|951.76
1786606260|20260813153100|951.58
1786606320|20260813153200|952.07
1786606380|20260813153300|951.50
1786606440|20260813153400|951.34
1786606500|20260813153500|951.43
1786606560|20260813153600|951.77
1786606620|20260813153700|951.85
1786606680|20260813153800|951.94
1786606740|20260813153900|951.50
1786606800|20260813154000|951.62
1786606860|20260813154100|951.67
1786606920|20260813154200|952.11
1786606980|20260813154300|952.24
1786607040|20260813154400|952.06
1786607100|20260813154500|952.51
1786607160|20260813154600|951.80
1786607220|20260813154700|952.01
1786607280|20260813154800|951.79
1786607340|20260813154900|951.41
1786607400|20260813155000|951.02
1786607460|20260813155100|951.35
1786607520|20260813155200|951.04
1786607580|20260813155300|951.33
1786607640|20260813155400|951.33
1786607700|20260813155500|951.29
1786607760|20260813155600|950.82
1786607820|20260813155700|950.63
1786607880|20260813155800|950.65
1786607940|20260813155900|950.74
1786608000|20260813160000|950.60
1786608060|20260813160100|950.28
1786608120|20260813160200|950.67
1786608180|20260813160300|950.33
1786608240|20260813160400|949.84
1786608300|20260813160500|950.06
1786608360|20260813160600|950.28
1786608420|20260813160700|950.27
1786608480|20260813160800|950.00
1786608540|20260813160900|950.06
1786608600|20260813161000|949.75
1786608660|20260813161100|949.93
1786608720|20260813161200|949.45
1786608780|20260813161300|949.61
1786608840|20260813161400|950.02
1786608900|20260813161500|949.83
1786608960|20260813161600|949.90
1786609020|20260813161700|950.12
1786609080|20260813161800|949.88
1786609140|20260813161900|949.97
1786609200|20260813162000|949.72
1786609260|20260813162100|949.99
1786609320|20260813162200|950.35
1786609380|20260813162300|950.66
1786609440|20260813162400|950.45
1786609500|20260813162500|950.71
1786609560|20260813162600|950.79
1786609620|20260813162700|951.21
1786609680|20260813162800|950.80
1786609740|20260813162900|951.24
1786609800|20260813163000|951.25
1786609860|20260813163100|951.32
1786609920|20260813163200|951.53
1786609980|20260813163300|951.46
1786610040|20260813163400|951.46
1786610100|20260813163500|951.64
1786610160|20260813163600|951.81
1786610220|20260813163700|951.52
1786610280|20260813163800|951.55
1786610340|20260813163900|951.75
1786610400|20260813164000|951.35
1786610460|20260813164100|951.43
1786610520|20260813164200|951.51
1786610580|20260813164300|951.58
1786610640|20260813164400|951.51
1786610700|20260813164500|951.29
1786610760|20260813164600|951.34
1786610820|20260813164700|951.38
1786610880|20260813164800|951.71
1786610940|20260813164900|952.31
1786611000|20260813165000|952.29
1786611060|20260813165100|952.25
1786611120|20260813165200|952.17
1786611180|20260813165300|952.03
1786611240|20260813165400|951.75
1786611300|20260813165500|951.84
1786611360|20260813165600|951.92
1786611420|20260813165700|951.85
1786611480|20260813165800|951.96
1786611540|20260813165900|951.67
1786611600|20260813170000|951.81
1786611660|20260813170100|951.93
1786611720|20260813170200|951.79
1786611780|20260813170300|951.48
1786611840|20260813170400|951.40
1786611900|20260813170500|951.38
1786611960|20260813170600|951.21
1786612020|20260813170700|951.31
1786612080|20260813170800|951.29
1786612140|20260813170900|952.13
1786612200|20260813171000|952.02
1786612260|20260813171100|952.09
1786612320|20260813171200|951.97
1786612380|20260813171300|952.08
1786612440|20260813171400|952.13
1786612500|20260813171500|951.96
1786612560|20260813171600|951.95
1786612620|20260813171700|952.15
1786612680|20260813171800|952.15
1786612740|20260813171900|952.32
1786612800|20260813172000|952.67
1786612860|20260813172100|952.85
1786612920|20260813172200|952.71
1786612980|20260813172300|952.59
1786613040|20260813172400|952.43
1786613100|20260813172500|952.23
1786613160|20260813172600|952.38
1786613220|20260813172700|952.68
1786613280|20260813172800|952.79
1786613340|20260813172900|952.83
1786613400|20260813173000|952.56
1786613460|20260813173100|952.78
1786613520|20260813173200|952.69
1786613580|20260813173300|952.72
1786613640|20260813173400|952.65
1786613700|20260813173500|952.75
1786613760|20260813173600|952.80
1786613820|20260813173700|952.72
1786613880|20260813173800|952.67
1786613940|20260813173900|952.70
1786614000|20260813174000|952.75
1786614060|20260813174100|952.71
1786614120|20260813174200|952.38
1786614180|20260813174300|952.61
1786614240|20260813174400|952.59
1786614300|20260813174500|952.56
1786614360|20260813174600|952.54
1786614420|20260813174700|952.67
1786614480|20260813174800|952.33
1786614540|20260813174900|952.22
1786614600|20260813175000|952.44
1786614660|20260813175100|952.38
1786614720|20260813175200|952.43
1786614780|20260813175300|952.53
1786614840|20260813175400|952.56
1786614900|20260813175500|952.57
1786614960|20260813175600|952.73
1786615020|20260813175700|952.97
1786615080|20260813175800|953.27
1786615140|20260813175900|953.45
1786615200|20260813180000|953.51
1786615260|20260813180100|953.65
1786615320|20260813180200|953.50
1786615380|20260813180300|953.53
1786615440|20260813180400|953.44
1786615500|20260813180500|953.56
1786615560|20260813180600|953.49
1786615620|20260813180700|953.60
1786615680|20260813180800|953.45
1786615740|20260813180900|953.50
1786615800|20260813181000|953.44
1786615860|20260813181100|953.34
1786615920|20260813181200|953.38
1786615980|20260813181300|953.15
1786616040|20260813181400|953.00
1786616100|20260813181500|952.85
1786616160|20260813181600|952.94
1786616220|20260813181700|952.98
1786616280|20260813181800|953.23
1786616340|20260813181900|953.63
1786616400|20260813182000|953.61
1786616460|20260813182100|953.64
1786616520|20260813182200|953.70
1786616580|20260813182300|953.76
1786616640|20260813182400|953.52
1786616700|20260813182500|953.48
1786616760|20260813182600|953.69
1786616820|20260813182700|953.78
1786616880|20260813182800|954.08
1786616940|20260813182900|953.91
1786617000|20260813183000|953.99
1786617060|20260813183100|954.11
1786617120|20260813183200|954.08
1786617180|20260813183300|953.77
1786617240|20260813183400|953.59
1786617300|20260813183500|953.67
1786617360|20260813183600|953.82
1786617420|20260813183700|953.89
1786617480|20260813183800|954.30
1786617540|20260813183900|954.39
1786617600|20260813184000|954.40
1786617660|20260813184100|954.34
1786617720|20260813184200|954.40
1786617780|20260813184300|954.28
1786617840|20260813184400|954.71
1786617900|20260813184500|954.75
1786617960|20260813184600|954.46
1786618020|20260813184700|954.35
1786618080|20260813184800|954.41
1786618140|20260813184900|954.54
1786618200|20260813185000|954.75
1786618260|20260813185100|955.22
1786618320|20260813185200|955.11
1786618380|20260813185300|955.42
1786618440|20260813185400|955.39
1786618500|20260813185500|955.22
1786618560|20260813185600|955.18
1786618620|20260813185700|955.09
1786618680|20260813185800|955.21
1786618740|20260813185900|955.08
1786618800|20260813190000|955.13
1786618860|20260813190100|955.08
1786618920|20260813190200|954.87
1786618980|20260813190300|954.73
1786619040|20260813190400|954.55
1786619100|20260813190500|954.51
1786619160|20260813190600|954.69
1786619220|20260813190700|954.82
1786619280|20260813190800|954.84
1786619340|20260813190900|954.98
1786619400|20260813191000|954.86
1786619460|20260813191100|955.03
1786619520|20260813191200|955.05
1786619580|20260813191300|955.07
1786619640|20260813191400|955.15
1786619700|20260813191500|955.60
1786619760|20260813191600|955.88
1786619820|20260813191700|955.58
1786619880|20260813191800|955.33
1786619940|20260813191900|955.58
1786620000|20260813192000|955.41
1786620060|20260813192100|955.47
1786620120|20260813192200|955.50
1786620180|20260813192300|955.13
1786620240|20260813192400|955.13
1786620300|20260813192500|955.22
1786620360|20260813192600|955.06
1786620420|20260813192700|955.00
1786620480|20260813192800|954.95
1786620540|20260813192900|954.70
1786620600|20260813193000|954.27
1786620660|20260813193100|954.32
1786620720|20260813193200|954.24
1786620780|20260813193300|954.30
1786620840|20260813193400|954.01
1786620900|20260813193500|954.34
1786620960|20260813193600|954.25
1786621020|20260813193700|954.40
1786621080|20260813193800|954.44
1786621140|20260813193900|954.38
1786621200|20260813194000|954.50
1786621260|20260813194100|953.88
1786621320|20260813194200|953.61
1786621380|20260813194300|953.44
1786621440|20260813194400|953.55
1786621500|20260813194500|953.42
1786621560|20260813194600|953.77
1786621620|20260813194700|953.72
1786621680|20260813194800|953.37
1786621740|20260813194900|953.24
1786621800|20260813195000|953.53
1786621860|20260813195100|953.45
1786621920|20260813195200|953.44
1786621980|20260813195300|953.46
1786622040|20260813195400|953.55
1786622100|20260813195500|953.63
1786622160|20260813195600|953.33
1786622220|20260813195700|953.64
1786622280|20260813195800|953.77
1786622340|20260813195900|954.06
1786622400|20260813200000|953.89
1786622460|20260813200100|954.98
1786622520|20260813200200|954.61
1786622580|20260813200300|954.11
1786622640|20260813200400|954.20
1786636800|20260814000000|949.27
1786636860|20260814000100|949.55
1786636920|20260814000200|949.43
1786636980|20260814000300|949.38
1786637040|20260814000400|949.44
1786637100|20260814000500|949.00
1786637160|20260814000600|948.58
1786637220|20260814000700|948.77
1786637280|20260814000800|948.66
1786637340|20260814000900|948.41
1786637400|20260814001000|948.12
1786637460|20260814001100|947.70
1786637520|20260814001200|947.76
1786637580|20260814001300|947.72
1786637640|20260814001400|947.78
1786637700|20260814001500|947.41
1786637760|20260814001600|947.17
1786637820|20260814001700|947.29
1786637880|20260814001800|946.64
1786637940|20260814001900|946.75
1786638000|20260814002000|946.90
1786638060|20260814002100|947.47
1786638120|20260814002200|947.73
1786638180|20260814002300|947.47
1786638240|20260814002400|947.43
1786638300|20260814002500|947.98
1786638360|20260814002600|948.21
1786638420|20260814002700|947.97
1786638480|20260814002800|947.88
1786638540|20260814002900|948.13
1786638600|20260814003000|948.69
1786638660|20260814003100|949.42
1786638720|20260814003200|948.95
1786638780|20260814003300|949.20
1786638840|20260814003400|949.47
1786638900|20260814003500|949.50
1786638960|20260814003600|949.37
1786639020|20260814003700|949.26
1786639080|20260814003800|949.01
1786639140|20260814003900|949.02
1786639200|20260814004000|949.01
1786639260|20260814004100|949.01
1786639320|20260814004200|949.07
1786639380|20260814004300|949.06
1786639440|20260814004400|949.19
1786639500|20260814004500|949.27
1786639560|20260814004600|949.60
1786639620|20260814004700|949.57
1786639680|20260814004800|949.36
1786639740|20260814004900|949.40
1786639800|20260814005000|949.27
1786639860|20260814005100|949.27
1786639920|20260814005200|949.27
1786639980|20260814005300|949.16
1786640040|20260814005400|949.05
1786640100|20260814005500|949.06
1786640160|20260814005600|949.39
1786640220|20260814005700|949.45
1786640280|20260814005800|949.49
1786640340|20260814005900|949.45
1786640400|20260814010000|949.59
1786640460|20260814010100|949.97
1786640520|20260814010200|949.97
1786640580|20260814010300|949.74
1786640640|20260814010400|949.36
1786640700|20260814010500|949.65
1786640760|20260814010600|949.97
1786640820|20260814010700|950.42
1786640880|20260814010800|950.75
1786640940|20260814010900|950.82
1786641000|20260814011000|950.81
1786641060|20260814011100|951.05
1786641120|20260814011200|950.87
1786641180|20260814011300|951.21
1786641240|20260814011400|951.01
1786641300|20260814011500|951.00
1786641360|20260814011600|950.61
1786641420|20260814011700|950.31
1786641480|20260814011800|949.56
1786641540|20260814011900|949.87
1786641600|20260814012000|949.99
1786641660|20260814012100|950.30
1786641720|20260814012200|950.66
1786641780|20260814012300|950.65
1786641840|20260814012400|950.22
1786641900|20260814012500|950.40
1786641960|20260814012600|950.29
1786642020|20260814012700|950.31
1786642080|20260814012800|950.14
1786642140|20260814012900|949.60
1786642200|20260814013000|949.27
1786642260|20260814013100|949.35
1786642320|20260814013200|949.23
1786642380|20260814013300|949.21
1786642440|20260814013400|948.87
1786642500|20260814013500|948.87
1786642560|20260814013600|948.73
1786642620|20260814013700|948.83
1786642680|20260814013800|948.72
1786642740|20260814013900|948.72
1786642800|20260814014000|948.80
1786642860|20260814014100|948.80
1786642920|20260814014200|948.63
1786642980|20260814014300|948.65
1786643040|20260814014400|948.08
1786643100|20260814014500|947.90
1786643160|20260814014600|948.27
1786643220|20260814014700|948.32
1786643280|20260814014800|948.27
1786643340|20260814014900|948.19
1786643400|20260814015000|948.22
1786643460|20260814015100|948.30
1786643520|20260814015200|948.40
1786643580|20260814015300|948.40
1786643640|20260814015400|948.03
1786643700|20260814015500|948.19
1786643760|20260814015600|948.26
1786643820|20260814015700|947.74
1786643880|20260814015800|947.66
1786643940|20260814015900|947.85
1786669800|20260814091000|941.49
1786669860|20260814091100|940.78
1786669920|20260814091200|940.46
1786669980|20260814091300|940.61
1786670040|20260814091400|940.87
1786670100|20260814091500|940.81
1786670160|20260814091600|941.17
1786670220|20260814091700|940.02
1786670280|20260814091800|939.94
1786670340|20260814091900|939.55
1786670400|20260814092000|939.93
1786670460|20260814092100|939.96
1786670520|20260814092200|940.40
1786670580|20260814092300|939.72
1786670640|20260814092400|939.41
1786670700|20260814092500|938.62
1786670760|20260814092600|938.86
1786670820|20260814092700|939.41
1786670880|20260814092800|939.41
1786670940|20260814092900|939.72
1786671000|20260814093000|939.65
1786671060|20260814093100|938.82
1786671120|20260814093200|938.75
1786671180|20260814093300|938.19
1786671240|20260814093400|938.07
1786671300|20260814093500|938.08
1786671360|20260814093600|938.27
1786671420|20260814093700|939.17
1786671480|20260814093800|939.14
1786671540|20260814093900|939.23
1786671600|20260814094000|939.54
1786671660|20260814094100|939.48
1786671720|20260814094200|939.63
1786671780|20260814094300|939.83
1786671840|20260814094400|939.77
1786671900|20260814094500|939.58
1786671960|20260814094600|940.44
1786672020|20260814094700|940.15
1786672080|20260814094800|939.47
1786672140|20260814094900|938.74
1786672200|20260814095000|939.00
1786672260|20260814095100|939.02
1786672320|20260814095200|939.00
1786672380|20260814095300|938.65
1786672440|20260814095400|939.67
1786672500|20260814095500|939.63
1786672560|20260814095600|940.00
1786672620|20260814095700|940.18
1786672680|20260814095800|939.39
1786672740|20260814095900|939.90
1786672800|20260814100000|939.51
1786672860|20260814100100|939.66
1786672920|20260814100200|939.97
1786672980|20260814100300|940.37
1786673040|20260814100400|940.09
1786673100|20260814100500|939.32
1786673160|20260814100600|939.38
1786673220|20260814100700|939.76
1786673280|20260814100800|939.85
1786673340|20260814100900|939.58
1786673400|20260814101000|939.58
1786673460|20260814101100|939.05
1786673520|20260814101200|938.55
1786673580|20260814101300|938.27
1786673640|20260814101400|938.31
1786673700|20260814101500|938.25
1786673760|20260814101600|938.31
1786673820|20260814101700|938.78
1786673880|20260814101800|938.78
1786673940|20260814101900|938.43
1786674000|20260814102000|938.66
1786674060|20260814102100|938.87
1786674120|20260814102200|939.01
1786674180|20260814102300|938.90
1786674240|20260814102400|938.87
1786674300|20260814102500|938.84
1786674360|20260814102600|938.67
1786674420|20260814102700|938.87
1786674480|20260814102800|938.79
1786674540|20260814102900|938.38
1786674600|20260814103000|938.45
1786674660|20260814103100|939.71
1786674720|20260814103200|939.67
1786674780|20260814103300|940.05
1786674840|20260814103400|938.89
1786674900|20260814103500|939.91
1786674960|20260814103600|939.90
1786675020|20260814103700|940.08
1786675080|20260814103800|939.99
1786675140|20260814103900|939.57
1786675200|20260814104000|939.92
1786675260|20260814104100|939.79
1786675320|20260814104200|939.79
1786675380|20260814104300|939.52
1786675440|20260814104400|939.69
1786675500|20260814104500|940.04
1786675560|20260814104600|939.92
1786675620|20260814104700|939.51
1786675680|20260814104800|938.72
1786675740|20260814104900|938.94
1786675800|20260814105000|939.13
1786675860|20260814105100|939.25
1786675920|20260814105200|939.19
1786675980|20260814105300|939.32
1786676040|20260814105400|939.15
1786676100|20260814105500|938.98
1786676160|20260814105600|938.95
1786676220|20260814105700|938.71
1786676280|20260814105800|938.41
1786676340|20260814105900|938.66
1786676400|20260814110000|938.87
1786676460|20260814110100|938.76
1786676520|20260814110200|938.77
1786676580|20260814110300|939.03
1786676640|20260814110400|938.89
1786676700|20260814110500|939.60
1786676760|20260814110600|939.97
1786676820|20260814110700|939.97
1786676880|20260814110800|940.08
1786676940|20260814110900|939.98
1786677000|20260814111000|939.63
1786677060|20260814111100|939.61
1786677120|20260814111200|939.54
1786677180|20260814111300|939.55
1786677240|20260814111400|940.31
1786677300|20260814111500|939.99
1786677360|20260814111600|939.96
1786677420|20260814111700|940.14
1786677480|20260814111800|940.40
1786677540|20260814111900|940.23
1786677600|20260814112000|940.25
1786677660|20260814112100|940.58
1786677720|20260814112200|940.93
1786677780|20260814112300|940.83
1786677840|20260814112400|940.80
1786677900|20260814112500|940.83
1786677960|20260814112600|940.94
1786678020|20260814112700|941.16
1786678080|20260814112800|941.17
1786678140|20260814112900|941.14
1786678200|20260814113000|941.07
1786678260|20260814113100|941.09
1786678320|20260814113200|941.09
1786678380|20260814113300|941.09
1786678440|20260814113400|941.15
1786678500|20260814113500|941.13
1786678560|20260814113600|941.17
1786678620|20260814113700|941.16
1786678680|20260814113800|941.11
1786678740|20260814113900|940.97
1786678800|20260814114000|940.91
1786678860|20260814114100|940.89
1786678920|20260814114200|940.93
1786678980|20260814114300|940.79
1786679040|20260814114400|940.79
1786679100|20260814114500|940.80
1786679160|20260814114600|940.84
1786679220|20260814114700|940.89
1786679280|20260814114800|940.88
1786679340|20260814114900|940.90
1786679400|20260814115000|940.87
1786679460|20260814115100|940.94
1786679520|20260814115200|940.78
1786679580|20260814115300|940.65
1786679640|20260814115400|940.55
1786679700|20260814115500|940.52
1786679760|20260814115600|940.54
1786679820|20260814115700|940.52
1786679880|20260814115800|940.54
1786679940|20260814115900|940.52
1786680000|20260814120000|940.50
1786680060|20260814120100|940.52
1786680120|20260814120200|940.52
1786680180|20260814120300|940.49
1786680240|20260814120400|940.51
1786680300|20260814120500|940.52
1786680360|20260814120600|940.62
1786680420|20260814120700|940.68
1786680480|20260814120800|940.67
1786680540|20260814120900|940.74
1786680600|20260814121000|940.70
1786680660|20260814121100|940.69
1786680720|20260814121200|940.69
1786680780|20260814121300|940.74
1786680840|20260814121400|940.94
1786680900|20260814121500|940.95
1786680960|20260814121600|940.95
1786681020|20260814121700|940.99
1786681080|20260814121800|941.05
1786681140|20260814121900|941.05
1786681200|20260814122000|941.05
1786681260|20260814122100|941.20
1786681320|20260814122200|941.09
1786681380|20260814122300|941.05
1786681440|20260814122400|940.94
1786681500|20260814122500|941.01
1786681560|20260814122600|941.00
1786681620|20260814122700|940.92
1786681680|20260814122800|940.94
1786681740|20260814122900|940.76
1786681800|20260814123000|940.67
1786681860|20260814123100|940.73
1786681920|20260814123200|940.69
1786681980|20260814123300|940.58
1786682040|20260814123400|940.77
1786682100|20260814123500|940.88
1786682160|20260814123600|940.96
1786682220|20260814123700|941.06
1786682280|20260814123800|940.87
1786682340|20260814123900|940.75
1786682400|20260814124000|940.74
1786682460|20260814124100|940.73
1786682520|20260814124200|940.78
1786682580|20260814124300|940.88
1786682640|20260814124400|940.89
1786682700|20260814124500|940.91
1786682760|20260814124600|940.88
1786682820|20260814124700|940.81
1786682880|20260814124800|940.76
1786682940|20260814124900|940.74
1786683000|20260814125000|940.80
1786683060|20260814125100|940.79
1786683120|20260814125200|940.79
1786683180|20260814125300|940.79
1786683240|20260814125400|940.79
1786683300|20260814125500|940.72
1786683360|20260814125600|940.72
1786683420|20260814125700|940.72
1786683480|20260814125800|940.77
1786683540|20260814125900|940.78
1786683600|20260814130000|940.79
1786683660|20260814130100|940.80
1786683720|20260814130200|940.73
1786683780|20260814130300|940.71
1786683840|20260814130400|940.68
1786683900|20260814130500|940.63
1786683960|20260814130600|940.25
1786684020|20260814130700|940.11
1786684080|20260814130800|939.99
1786684140|20260814130900|939.94
1786684200|20260814131000|939.76
1786684260|20260814131100|939.67
1786684320|20260814131200|939.74
1786684380|20260814131300|939.85
1786684440|20260814131400|939.74
1786684500|20260814131500|939.67
1786684560|20260814131600|939.25
1786684620|20260814131700|939.30
1786684680|20260814131800|939.38
1786684740|20260814131900|939.22
1786684800|20260814132000|939.20
1786684860|20260814132100|939.26
1786684920|20260814132200|939.35
1786684980|20260814132300|939.30
1786685040|20260814132400|939.27
1786685100|20260814132500|939.20
1786685160|20260814132600|939.19
1786685220|20260814132700|939.23
1786685280|20260814132800|939.22
1786685340|20260814132900|939.28
1786685400|20260814133000|939.28
1786685460|20260814133100|937.90
1786685520|20260814133200|938.29
1786685580|20260814133300|938.68
1786685640|20260814133400|939.15
1786685700|20260814133500|938.89
1786685760|20260814133600|939.02
1786685820|20260814133700|939.63
1786685880|20260814133800|939.80
1786685940|20260814133900|940.21
1786686000|20260814134000|939.99
1786686060|20260814134100|939.97
1786686120|20260814134200|940.18
1786686180|20260814134300|940.01
1786686240|20260814134400|939.42
1786686300|20260814134500|938.96
1786686360|20260814134600|939.75
1786686420|20260814134700|939.63
1786686480|20260814134800|939.76
1786686540|20260814134900|939.81
1786686600|20260814135000|940.33
1786686660|20260814135100|940.88
1786686720|20260814135200|941.12
1786686780|20260814135300|941.13
1786686840|20260814135400|941.13
1786686900|20260814135500|941.32
1786686960|20260814135600|941.79
1786687020|20260814135700|941.79
1786687080|20260814135800|941.47
1786687140|20260814135900|941.99
1786687200|20260814140000|942.44
1786687260|20260814140100|942.50
1786687320|20260814140200|942.80
1786687380|20260814140300|943.11
1786687440|20260814140400|943.12
1786687500|20260814140500|943.46
1786687560|20260814140600|943.03
1786687620|20260814140700|942.55
1786687680|20260814140800|942.14
1786687740|20260814140900|941.93
1786687800|20260814141000|941.88
1786687860|20260814141100|941.75
1786687920|20260814141200|942.28
1786687980|20260814141300|942.46
1786688040|20260814141400|942.52
1786688100|20260814141500|942.61
1786688160|20260814141600|942.71
1786688220|20260814141700|942.49
1786688280|20260814141800|942.51
1786688340|20260814141900|942.12
1786688400|20260814142000|942.22
1786688460|20260814142100|941.66
1786688520|20260814142200|941.83
1786688580|20260814142300|941.81
1786688640|20260814142400|942.36
1786688700|20260814142500|942.14
1786688760|20260814142600|942.21
1786688820|20260814142700|942.29
1786688880|20260814142800|942.27
1786688940|20260814142900|942.11
1786689000|20260814143000|941.84
1786689060|20260814143100|941.83
1786689120|20260814143200|941.94
1786689180|20260814143300|941.91
1786689240|20260814143400|941.93
1786689300|20260814143500|941.78
1786689360|20260814143600|941.75
1786689420|20260814143700|941.80
1786689480|20260814143800|941.79
1786689540|20260814143900|941.89
1786689600|20260814144000|941.88
1786689660|20260814144100|941.93
1786689720|20260814144200|942.00
1786689780|20260814144300|942.22
1786689840|20260814144400|942.39
1786689900|20260814144500|942.82
1786689960|20260814144600|943.19
1786690020|20260814144700|943.11
1786690080|20260814144800|943.19
1786690140|20260814144900|943.28
1786690200|20260814145000|943.23
1786690260|20260814145100|943.09
1786690320|20260814145200|943.17
1786690380|20260814145300|943.13
1786690440|20260814145400|943.20
1786690500|20260814145500|942.92
1786690560|20260814145600|942.77
1786690620|20260814145700|942.76
1786690680|20260814145800|942.77
1786690740|20260814145900|942.94
1786690800|20260814150000|943.05
1786690860|20260814150100|942.71
1786690920|20260814150200|942.62
1786690980|20260814150300|942.74
1786691040|20260814150400|942.89
1786691100|20260814150500|942.76
1786691160|20260814150600|942.75
1786691220|20260814150700|942.69
1786691280|20260814150800|942.63
1786691340|20260814150900|942.79
1786691400|20260814151000|942.81
1786691460|20260814151100|942.74
1786691520|20260814151200|943.09
1786691580|20260814151300|942.96
1786691640|20260814151400|942.37
1786691700|20260814151500|942.34
1786691760|20260814151600|942.65
1786691820|20260814151700|942.53
1786691880|20260814151800|942.62
1786691940|20260814151900|942.48
1786692000|20260814152000|942.46
1786692060|20260814152100|942.39
1786692120|20260814152200|942.46
1786692180|20260814152300|942.71
1786692240|20260814152400|942.52
1786692300|20260814152500|943.31
1786692360|20260814152600|943.34
1786692420|20260814152700|942.96
1786692480|20260814152800|943.01
1786692540|20260814152900|942.92
1786692600|20260814153000|942.60
1786692660|20260814153100|942.45
1786692720|20260814153200|942.47
1786692780|20260814153300|942.59
1786692840|20260814153400|942.76
1786692900|20260814153500|942.73
1786692960|20260814153600|943.07
1786693020|20260814153700|943.08
1786693080|20260814153800|943.16
1786693140|20260814153900|943.04
1786693200|20260814154000|943.30
1786693260|20260814154100|943.46
1786693320|20260814154200|943.84
1786693380|20260814154300|943.88
1786693440|20260814154400|943.75
1786693500|20260814154500|943.94
1786693560|20260814154600|944.19
1786693620|20260814154700|943.92
1786693680|20260814154800|944.04
1786693740|20260814154900|944.27
1786693800|20260814155000|944.66
1786693860|20260814155100|944.60
1786693920|20260814155200|944.33
1786693980|20260814155300|944.30
1786694040|20260814155400|944.55
1786694100|20260814155500|944.61
1786694160|20260814155600|944.67
1786694220|20260814155700|944.46
1786694280|20260814155800|944.52
1786694340|20260814155900|944.83
1786694400|20260814160000|944.70
1786694460|20260814160100|945.57
1786694520|20260814160200|945.13
1786694580|20260814160300|944.71
1786694640|20260814160400|944.49
1786694700|20260814160500|944.56
1786694760|20260814160600|944.47
1786694820|20260814160700|944.80
1786694880|20260814160800|944.61
1786694940|20260814160900|944.85
1786695000|20260814161000|945.04
1786695060|20260814161100|944.96
1786695120|20260814161200|945.11
1786695180|20260814161300|944.95
1786695240|20260814161400|945.29
1786695300|20260814161500|945.63
1786695360|20260814161600|945.61
1786695420|20260814161700|945.55
1786695480|20260814161800|945.81
1786695540|20260814161900|945.36
1786695600|20260814162000|945.35
1786695660|20260814162100|945.09
1786695720|20260814162200|944.94
1786695780|20260814162300|944.79
1786695840|20260814162400|944.97
1786695900|20260814162500|944.81
1786695960|20260814162600|944.85
1786696020|20260814162700|944.76
1786696080|20260814162800|945.02
1786696140|20260814162900|945.07
1786696200|20260814163000|945.18
1786696260|20260814163100|945.00
1786696320|20260814163200|945.05
1786696380|20260814163300|944.94
1786696440|20260814163400|944.86
1786696500|20260814163500|944.81
1786696560|20260814163600|944.98
1786696620|20260814163700|945.32
1786696680|20260814163800|945.73
1786696740|20260814163900|945.51
1786696800|20260814164000|945.58
1786696860|20260814164100|945.58
1786696920|20260814164200|945.57
1786696980|20260814164300|945.07
1786697040|20260814164400|945.02
1786697100|20260814164500|944.64
1786697160|20260814164600|944.59
1786697220|20260814164700|944.75
1786697280|20260814164800|944.74
1786697340|20260814164900|944.77
1786697400|20260814165000|944.80
1786697460|20260814165100|944.84
1786697520|20260814165200|945.12
1786697580|20260814165300|945.24
1786697640|20260814165400|945.39
1786697700|20260814165500|945.32
1786697760|20260814165600|945.71
1786697820|20260814165700|945.80
1786697880|20260814165800|945.47
1786697940|20260814165900|945.72
1786698000|20260814170000|945.72
1786698060|20260814170100|945.69
1786698120|20260814170200|945.72
1786698180|20260814170300|945.60
1786698240|20260814170400|945.57
1786698300|20260814170500|945.52
1786698360|20260814170600|945.38
1786698420|20260814170700|945.43
1786698480|20260814170800|945.53
1786698540|20260814170900|945.54
1786698600|20260814171000|945.76
1786698660|20260814171100|945.77
1786698720|20260814171200|945.85
1786698780|20260814171300|945.83
1786698840|20260814171400|945.88
1786698900|20260814171500|946.19
1786698960|20260814171600|946.36
1786699020|20260814171700|946.18
1786699080|20260814171800|946.22
1786699140|20260814171900|946.04
1786699200|20260814172000|945.92
1786699260|20260814172100|946.29
1786699320|20260814172200|946.33
1786699380|20260814172300|946.18
1786699440|20260814172400|946.15
1786699500|20260814172500|946.49
1786699560|20260814172600|946.67
1786699620|20260814172700|946.66
1786699680|20260814172800|946.27
1786699740|20260814172900|946.31
1786699800|20260814173000|946.40
1786699860|20260814173100|946.39
1786699920|20260814173200|946.05
1786699980|20260814173300|946.55
1786700040|20260814173400|946.57
1786700100|20260814173500|946.57
1786700160|20260814173600|946.90
1786700220|20260814173700|946.68
1786700280|20260814173800|946.84
1786700340|20260814173900|946.56
1786700400|20260814174000|946.60
1786700460|20260814174100|946.59
1786700520|20260814174200|946.73
1786700580|20260814174300|946.55
1786700640|20260814174400|946.69
1786700700|20260814174500|946.74
1786700760|20260814174600|946.95
1786700820|20260814174700|946.79
1786700880|20260814174800|946.66
1786700940|20260814174900|946.73
1786701000|20260814175000|946.80
1786701060|20260814175100|947.13
1786701120|20260814175200|946.77
1786701180|20260814175300|946.97
1786701240|20260814175400|946.98
1786701300|20260814175500|947.07
1786701360|20260814175600|947.08
1786701420|20260814175700|947.10
1786701480|20260814175800|947.03
1786701540|20260814175900|947.13
1786701600|20260814180000|947.58
1786701660|20260814180100|947.34
1786701720|20260814180200|947.37
1786701780|20260814180300|947.44
1786701840|20260814180400|947.53
1786701900|20260814180500|947.51
1786701960|20260814180600|947.47
1786702020|20260814180700|947.59
1786702080|20260814180800|947.52
1786702140|20260814180900|947.49
1786702200|20260814181000|947.33
1786702260|20260814181100|947.29
1786702320|20260814181200|947.40
1786702380|20260814181300|947.44
1786702440|20260814181400|947.11
1786702500|20260814181500|946.99
1786702560|20260814181600|947.12
1786702620|20260814181700|946.83
1786702680|20260814181800|946.89
1786702740|20260814181900|946.75
1786702800|20260814182000|946.79
1786702860|20260814182100|946.73
1786702920|20260814182200|946.67
1786702980|20260814182300|946.91
1786703040|20260814182400|946.90
1786703100|20260814182500|946.91
1786703160|20260814182600|946.74
1786703220|20260814182700|946.38
1786703280|20260814182800|946.30
1786703340|20260814182900|946.22
1786703400|20260814183000|946.35
1786703460|20260814183100|946.14
1786703520|20260814183200|945.90
1786703580|20260814183300|945.80
1786703640|20260814183400|945.89
1786703700|20260814183500|945.94
1786703760|20260814183600|945.93
1786703820|20260814183700|946.04
1786703880|20260814183800|945.81
1786703940|20260814183900|945.87
1786704000|20260814184000|945.83
1786704060|20260814184100|945.80
1786704120|20260814184200|946.11
1786704180|20260814184300|946.01
1786704240|20260814184400|946.26
1786704300|20260814184500|946.45
1786704360|20260814184600|946.53
1786704420|20260814184700|946.43
1786704480|20260814184800|946.55
1786704540|20260814184900|946.37
1786704600|20260814185000|946.34
1786704660|20260814185100|946.58
1786704720|20260814185200|946.62
1786704780|20260814185300|946.71
1786704840|20260814185400|946.30
1786704900|20260814185500|946.26
1786704960|20260814185600|946.06
1786705020|20260814185700|945.91
1786705080|20260814185800|945.95
1786705140|20260814185900|945.85
1786705200|20260814190000|945.91
1786705260|20260814190100|946.00
1786705320|20260814190200|946.03
1786705380|20260814190300|946.20
1786705440|20260814190400|945.88
1786705500|20260814190500|945.86
1786705560|20260814190600|945.94
1786705620|20260814190700|945.99
1786705680|20260814190800|946.03
1786705740|20260814190900|946.35
1786705800|20260814191000|946.22
1786705860|20260814191100|946.24
1786705920|20260814191200|946.31
1786705980|20260814191300|946.30
1786706040|20260814191400|946.13
1786706100|20260814191500|946.16
1786706160|20260814191600|946.34
1786706220|20260814191700|946.82
1786706280|20260814191800|946.92
1786706340|20260814191900|946.96
1786706400|20260814192000|947.15
1786706460|20260814192100|947.25
1786706520|20260814192200|947.34
1786706580|20260814192300|947.13
1786706640|20260814192400|946.81
1786706700|20260814192500|946.82
1786706760|20260814192600|946.81
1786706820|20260814192700|947.19
1786706880|20260814192800|947.36
1786706940|20260814192900|947.45
1786707000|20260814193000|947.42
1786707060|20260814193100|947.83
1786707120|20260814193200|947.80
1786707180|20260814193300|947.80
1786707240|20260814193400|947.74
1786707300|20260814193500|948.45
1786707360|20260814193600|948.53
1786707420|20260814193700|948.34
1786707480|20260814193800|948.51
1786707540|20260814193900|948.68
1786707600|20260814194000|948.52
1786707660|20260814194100|948.64
1786707720|20260814194200|948.67
1786707780|20260814194300|948.79
1786707840|20260814194400|948.82
1786707900|20260814194500|948.65
1786707960|20260814194600|948.64
1786708020|20260814194700|948.51
1786708080|20260814194800|948.46
1786708140|20260814194900|948.45
1786708200|20260814195000|948.52
1786708260|20260814195100|949.22
1786708320|20260814195200|949.36
1786708380|20260814195300|949.66
1786708440|20260814195400|949.79
1786708500|20260814195500|949.69
1786708560|20260814195600|949.56
1786708620|20260814195700|949.41
1786708680|20260814195800|949.56
1786708740|20260814195900|949.83
1786708800|20260814200000|948.86
1786708860|20260814200100|950.12
1786708920|20260814200200|949.91
1786708980|20260814200300|950.50
1786709040|20260814200400|950.27
1786709100|20260814200500|950.51
1786709160|20260814200600|950.35
1786709220|20260814200700|950.40
1786709280|20260814200800|950.41
1786709340|20260814200900|950.55
1786709400|20260814201000|950.37
1786709460|20260814201100|949.92
1786709520|20260814201200|949.69
1786709580|20260814201300|949.75
1786709640|20260814201400|949.58
1786709700|20260814201500|950.26
1786709760|20260814201600|949.52
1786709820|20260814201700|949.65
1786709880|20260814201800|949.73
1786709940|20260814201900|949.95
1786710000|20260814202000|950.06
1786710060|20260814202100|951.01
1786710120|20260814202200|951.02
1786710180|20260814202300|951.33
1786710240|20260814202400|951.33
1786710300|20260814202500|951.42
1786710360|20260814202600|951.46
1786710420|20260814202700|951.27
1786710480|20260814202800|951.29
1786710540|20260814202900|951.61
1786710600|20260814203000|951.66
1786710660|20260814203100|951.89
1786710720|20260814203200|952.56
1786710780|20260814203300|952.49
1786710840|20260814203400|952.61
1786710900|20260814203500|952.12
1786710960|20260814203600|952.11
1786711020|20260814203700|951.72
1786711080|20260814203800|951.66
1786711140|20260814203900|951.48
1786711200|20260814204000|951.41
1786711260|20260814204100|950.93
1786711320|20260814204200|950.66
1786711380|20260814204300|950.39
1786711440|20260814204400|950.47
1786711500|20260814204500|950.39
1786711560|20260814204600|950.24
1786711620|20260814204700|950.11
1786711680|20260814204800|950.12
1786711740|20260814204900|951.04
1786711800|20260814205000|950.54
1786711860|20260814205100|950.74
1786711920|20260814205200|950.43
1786711980|20260814205300|950.84
1786712040|20260814205400|951.01
1786712100|20260814205500|950.86
1786712160|20260814205600|950.83
1786712220|20260814205700|950.79
1786712280|20260814205800|950.76
1786712340|20260814205900|950.65
1786712400|20260814210000|950.64
1786712460|20260814210100|950.22
1786712520|20260814210200|950.72
1786712580|20260814210300|950.62
1786712640|20260814210400|951.62
1786712700|20260814210500|951.73
1786712760|20260814210600|951.47
1786712820|20260814210700|952.03
1786712880|20260814210800|951.75
1786712940|20260814210900|951.28
1786713000|20260814211000|951.98
1786713060|20260814211100|952.15
1786713120|20260814211200|951.75
1786713180|20260814211300|952.09
1786713240|20260814211400|951.84
1786713300|20260814211500|951.02
1786713360|20260814211600|951.64
1786713420|20260814211700|951.82
1786713480|20260814211800|951.95
1786713540|20260814211900|952.09
1786713600|20260814212000|952.25
1786713660|20260814212100|952.08
1786713720|20260814212200|952.26
1786713780|20260814212300|952.51
1786713840|20260814212400|953.00
1786713900|20260814212500|952.88
1786713960|20260814212600|953.14
1786714020|20260814212700|952.88
1786714080|20260814212800|953.15
1786714140|20260814212900|952.95
1786714200|20260814213000|952.70
1786714260|20260814213100|953.39
1786714320|20260814213200|953.32
1786714380|20260814213300|953.92
1786714440|20260814213400|953.73
1786714500|20260814213500|954.08
1786714560|20260814213600|954.28
1786714620|20260814213700|954.72
1786714680|20260814213800|954.91
1786714740|20260814213900|955.23
1786714800|20260814214000|954.82
1786714860|20260814214100|954.52
1786714920|20260814214200|954.06
1786714980|20260814214300|954.59
1786715040|20260814214400|954.68
1786715100|20260814214500|954.47
1786715160|20260814214600|954.40
1786715220|20260814214700|953.88
1786715280|20260814214800|953.55
1786715340|20260814214900|953.53
1786723200|20260815000000|953.72
1786723260|20260815000100|954.09
1786723320|20260815000200|954.28
1786723380|20260815000300|953.87
1786723440|20260815000400|953.82
1786723500|20260815000500|953.83
1786723560|20260815000600|953.80
1786723620|20260815000700|953.94
1786723680|20260815000800|953.85
1786723740|20260815000900|953.67
1786723800|20260815001000|953.46
1786723860|20260815001100|953.32
1786723920|20260815001200|953.48
1786723980|20260815001300|953.62
1786724040|20260815001400|953.50
1786724100|20260815001500|953.50
1786724160|20260815001600|953.58
1786724220|20260815001700|953.77
1786724280|20260815001800|953.80
1786724340|20260815001900|953.91
1786724400|20260815002000|953.90
1786724460|20260815002100|954.01
1786724520|20260815002200|954.00
1786724580|20260815002300|953.82
1786724640|20260815002400|953.66
1786724700|20260815002500|953.47
1786724760|20260815002600|953.09
1786724820|20260815002700|953.20
1786724880|20260815002800|953.06
1786724940|20260815002900|953.07
1786725000|20260815003000|953.07
1786725060|20260815003100|953.04
1786725120|20260815003200|952.73
1786725180|20260815003300|952.38
1786725240|20260815003400|952.41
1786725300|20260815003500|952.51
1786725360|20260815003600|952.62
1786725420|20260815003700|952.88
1786725480|20260815003800|952.85
1786725540|20260815003900|953.43
1786725600|20260815004000|953.32
1786725660|20260815004100|953.23
1786725720|20260815004200|952.89
1786725780|20260815004300|952.98
1786725840|20260815004400|953.00
1786725900|20260815004500|952.88
1786725960|20260815004600|953.01
1786726020|20260815004700|952.98
1786726080|20260815004800|952.97
1786726140|20260815004900|952.92
1786726200|20260815005000|953.03
1786726260|20260815005100|952.90
1786726320|20260815005200|952.92
1786726380|20260815005300|952.95
1786726440|20260815005400|952.99
1786726500|20260815005500|952.93
1786726560|20260815005600|952.91
1786726620|20260815005700|952.80
1786726680|20260815005800|952.77
1786726740|20260815005900|952.71
1786726800|20260815010000|952.81
1786726860|20260815010100|952.89
1786726920|20260815010200|952.63
1786726980|20260815010300|952.35
1786727040|20260815010400|952.45
1786727100|20260815010500|952.51
1786727160|20260815010600|952.51
1786727220|20260815010700|952.17
1786727280|20260815010800|952.15
1786727340|20260815010900|952.17
1786727400|20260815011000|952.15
1786727460|20260815011100|951.99
1786727520|20260815011200|952.10
1786727580|20260815011300|951.88
1786727640|20260815011400|951.86
1786727700|20260815011500|952.25
1786727760|20260815011600|952.61
1786727820|20260815011700|952.32
1786727880|20260815011800|952.12
1786727940|20260815011900|952.41
1786728000|20260815012000|952.10
1786728060|20260815012100|952.18
1786728120|20260815012200|952.21
1786728180|20260815012300|952.18
1786728240|20260815012400|952.20
1786728300|20260815012500|952.14
1786728360|20260815012600|952.13
1786728420|20260815012700|952.12
1786728480|20260815012800|951.89
1786728540|20260815012900|951.96
1786728600|20260815013000|951.71
1786728660|20260815013100|952.02
1786728720|20260815013200|952.04
1786728780|20260815013300|952.03
1786728840|20260815013400|952.07
1786728900|20260815013500|952.37
1786728960|20260815013600|952.02
1786729020|20260815013700|951.96
1786729080|20260815013800|951.67
1786729140|20260815013900|951.95
1786729200|20260815014000|951.79
1786729260|20260815014100|951.79
1786729320|20260815014200|951.85
1786729380|20260815014300|951.53
1786729440|20260815014400|951.25
1786729500|20260815014500|951.26
1786729560|20260815014600|951.25
1786729620|20260815014700|951.17
1786729680|20260815014800|951.10
1786729740|20260815014900|951.10
1786729800|20260815015000|951.16
1786729860|20260815015100|951.07
1786729920|20260815015200|951.14
1786729980|20260815015300|951.51
1786730040|20260815015400|951.57
1786730100|20260815015500|951.54
1786730160|20260815015600|951.57
1786730220|20260815015700|951.37
1786730280|20260815015800|951.37
1786730340|20260815015900|951.39
1786929000|20260817091000|956.93
1786929060|20260817091100|956.74
1786929120|20260817091200|956.86
1786929180|20260817091300|956.71
1786929240|20260817091400|957.63
1786929300|20260817091500|957.68
1786929360|20260817091600|957.42
1786929420|20260817091700|957.21
1786929480|20260817091800|957.69
1786929540|20260817091900|957.50
1786929600|20260817092000|957.41
1786929660|20260817092100|957.75
1786929720|20260817092200|957.99
1786929780|20260817092300|958.36
1786929840|20260817092400|959.13
1786929900|20260817092500|958.44
1786929960|20260817092600|958.43
1786930020|20260817092700|957.53
1786930080|20260817092800|957.80
1786930140|20260817092900|957.63
1786930200|20260817093000|957.17
1786930260|20260817093100|956.95
1786930320|20260817093200|957.02
1786930380|20260817093300|957.35
1786930440|20260817093400|956.50
1786930500|20260817093500|956.33
1786930560|20260817093600|956.23
1786930620|20260817093700|956.19
1786930680|20260817093800|955.93
1786930740|20260817093900|955.85
1786930800|20260817094000|955.79
1786930860|20260817094100|955.74
1786930920|20260817094200|955.33
1786930980|20260817094300|955.77
1786931040|20260817094400|955.94
1786931100|20260817094500|956.36
1786931160|20260817094600|955.88
1786931220|20260817094700|955.67
1786931280|20260817094800|954.95
1786931340|20260817094900|954.60
1786931400|20260817095000|954.48
1786931460|20260817095100|954.34
1786931520|20260817095200|954.42
1786931580|20260817095300|954.68
1786931640|20260817095400|954.87
1786931700|20260817095500|954.95
1786931760|20260817095600|954.65
1786931820|20260817095700|954.63
1786931880|20260817095800|954.57
1786931940|20260817095900|954.67
1786932000|20260817100000|954.69
1786932060|20260817100100|954.85
1786932120|20260817100200|955.17
1786932180|20260817100300|955.05
1786932240|20260817100400|954.76
1786932300|20260817100500|954.78
1786932360|20260817100600|955.03
1786932420|20260817100700|954.40
1786932480|20260817100800|954.41
1786932540|20260817100900|954.94
1786932600|20260817101000|954.82
1786932660|20260817101100|954.43
1786932720|20260817101200|954.63
1786932780|20260817101300|954.49
1786932840|20260817101400|954.65
1786932900|20260817101500|954.75
1786932960|20260817101600|954.49
1786933020|20260817101700|954.72
1786933080|20260817101800|954.67
1786933140|20260817101900|954.65
1786933200|20260817102000|954.75
1786933260|20260817102100|954.43
1786933320|20260817102200|954.01
1786933380|20260817102300|954.23
1786933440|20260817102400|954.64
1786933500|20260817102500|954.70
1786933560|20260817102600|954.59
1786933620|20260817102700|954.77
1786933680|20260817102800|954.93
1786933740|20260817102900|954.96
1786933800|20260817103000|954.78
1786933860|20260817103100|955.10
1786933920|20260817103200|955.02
1786933980|20260817103300|955.06
1786934040|20260817103400|954.50
1786934100|20260817103500|954.14
1786934160|20260817103600|954.48
1786934220|20260817103700|954.30
1786934280|20260817103800|954.61
1786934340|20260817103900|954.36
1786934400|20260817104000|954.18
1786934460|20260817104100|953.97
1786934520|20260817104200|954.50
1786934580|20260817104300|954.52
1786934640|20260817104400|954.72
1786934700|20260817104500|954.52
1786934760|20260817104600|954.16
1786934820|20260817104700|954.51
1786934880|20260817104800|954.36
1786934940|20260817104900|954.22
1786935000|20260817105000|954.22
1786935060|20260817105100|954.17
1786935120|20260817105200|954.18
1786935180|20260817105300|954.17
1786935240|20260817105400|954.03
1786935300|20260817105500|953.94
1786935360|20260817105600|953.75
1786935420|20260817105700|954.40
1786935480|20260817105800|954.34
1786935540|20260817105900|954.37
1786935600|20260817110000|954.55
1786935660|20260817110100|954.79
1786935720|20260817110200|954.74
1786935780|20260817110300|954.69
1786935840|20260817110400|954.45
1786935900|20260817110500|954.42
1786935960|20260817110600|954.46
1786936020|20260817110700|954.50
1786936080|20260817110800|954.53
1786936140|20260817110900|954.31
1786936200|20260817111000|953.79
1786936260|20260817111100|954.08
1786936320|20260817111200|953.73
1786936380|20260817111300|953.74
1786936440|20260817111400|953.79
1786936500|20260817111500|953.91
1786936560|20260817111600|953.76
1786936620|20260817111700|953.76
1786936680|20260817111800|954.06
1786936740|20260817111900|954.03
1786936800|20260817112000|954.16
1786936860|20260817112100|954.31
1786936920|20260817112200|954.07
1786936980|20260817112300|954.30
1786937040|20260817112400|954.31
1786937100|20260817112500|954.15
1786937160|20260817112600|954.04
1786937220|20260817112700|953.87
1786937280|20260817112800|953.89
1786937340|20260817112900|954.11
1786937400|20260817113000|954.65
1786937460|20260817113100|954.36
1786937520|20260817113200|954.43
1786937580|20260817113300|954.45
1786937640|20260817113400|954.47
1786937700|20260817113500|954.42
1786937760|20260817113600|954.50
1786937820|20260817113700|954.43
1786937880|20260817113800|954.56
1786937940|20260817113900|954.51
1786938000|20260817114000|954.45
1786938060|20260817114100|954.52
1786938120|20260817114200|954.58
1786938180|20260817114300|954.93
1786938240|20260817114400|955.13
1786938300|20260817114500|954.67
1786938360|20260817114600|954.66
1786938420|20260817114700|954.73
1786938480|20260817114800|954.52
1786938540|20260817114900|954.65
1786938600|20260817115000|954.74
1786938660|20260817115100|954.74
1786938720|20260817115200|954.61
1786938780|20260817115300|954.50
1786938840|20260817115400|954.75
1786938900|20260817115500|954.62
1786938960|20260817115600|954.75
1786939020|20260817115700|954.50
1786939080|20260817115800|954.51
1786939140|20260817115900|955.08
1786939200|20260817120000|955.06
1786939260|20260817120100|955.03
1786939320|20260817120200|955.18
1786939380|20260817120300|955.14
1786939440|20260817120400|955.14
1786939500|20260817120500|955.14
1786939560|20260817120600|955.27
1786939620|20260817120700|955.26
1786939680|20260817120800|955.29
1786939740|20260817120900|954.99
1786939800|20260817121000|955.26
1786939860|20260817121100|955.36
1786939920|20260817121200|955.36
1786939980|20260817121300|955.46
1786940040|20260817121400|955.45
1786940100|20260817121500|955.38
1786940160|20260817121600|955.31
1786940220|20260817121700|955.23
1786940280|20260817121800|954.87
1786940340|20260817121900|955.24
1786940400|20260817122000|955.16
1786940460|20260817122100|954.77
1786940520|20260817122200|954.36
1786940580|20260817122300|954.43
1786940640|20260817122400|954.36
1786940700|20260817122500|954.41
1786940760|20260817122600|954.43
1786940820|20260817122700|954.27
1786940880|20260817122800|954.23
1786940940|20260817122900|953.93
1786941000|20260817123000|954.04
1786941060|20260817123100|953.87
1786941120|20260817123200|953.79
1786941180|20260817123300|953.82
1786941240|20260817123400|953.86
1786941300|20260817123500|953.89
1786941360|20260817123600|953.91
1786941420|20260817123700|954.02
1786941480|20260817123800|954.31
1786941540|20260817123900|954.19
1786941600|20260817124000|954.19
1786941660|20260817124100|954.42
1786941720|20260817124200|954.37
1786941780|20260817124300|954.34
1786941840|20260817124400|954.54
1786941900|20260817124500|954.72
1786941960|20260817124600|954.74
1786942020|20260817124700|955.06
1786942080|20260817124800|955.19
1786942140|20260817124900|954.86
1786942200|20260817125000|954.66
1786942260|20260817125100|954.75
1786942320|20260817125200|954.99
1786942380|20260817125300|954.97
1786942440|20260817125400|954.65
1786942500|20260817125500|954.84
1786942560|20260817125600|954.75
1786942620|20260817125700|954.53
1786942680|20260817125800|954.36
1786942740|20260817125900|954.16
1786942800|20260817130000|954.04
1786942860|20260817130100|954.02
1786942920|20260817130200|954.54
1786942980|20260817130300|954.19
1786943040|20260817130400|954.21
1786943100|20260817130500|954.27
1786943160|20260817130600|953.95
1786943220|20260817130700|954.01
1786943280|20260817130800|954.20
1786943340|20260817130900|954.36
1786943400|20260817131000|954.35
1786943460|20260817131100|954.13
1786943520|20260817131200|954.18
1786943580|20260817131300|954.03
1786943640|20260817131400|953.94
1786943700|20260817131500|953.81
1786943760|20260817131600|953.63
1786943820|20260817131700|954.20
1786943880|20260817131800|954.13
1786943940|20260817131900|954.18
1786944000|20260817132000|954.35
1786944060|20260817132100|954.17
1786944120|20260817132200|954.93
1786944180|20260817132300|954.74
1786944240|20260817132400|954.87
1786944300|20260817132500|954.79
1786944360|20260817132600|954.63
1786944420|20260817132700|954.99
1786944480|20260817132800|955.00
1786944540|20260817132900|955.24
1786944600|20260817133000|955.35
1786944660|20260817133100|955.52
1786944720|20260817133200|955.68
1786944780|20260817133300|955.71
1786944840|20260817133400|955.14
1786944900|20260817133500|954.94
1786944960|20260817133600|954.48
1786945020|20260817133700|954.46
1786945080|20260817133800|954.85
1786945140|20260817133900|954.81
1786945200|20260817134000|954.85
1786945260|20260817134100|954.65
1786945320|20260817134200|955.05
1786945380|20260817134300|954.85
1786945440|20260817134400|954.67
1786945500|20260817134500|954.83
1786945560|20260817134600|954.65
1786945620|20260817134700|954.43
1786945680|20260817134800|954.90
1786945740|20260817134900|955.03
1786945800|20260817135000|955.03
1786945860|20260817135100|954.68
1786945920|20260817135200|954.62
1786945980|20260817135300|954.61
1786946040|20260817135400|954.46
1786946100|20260817135500|954.31
1786946160|20260817135600|954.51
1786946220|20260817135700|954.37
1786946280|20260817135800|954.38
1786946340|20260817135900|954.38
1786946400|20260817140000|954.61
1786946460|20260817140100|954.65
1786946520|20260817140200|954.91
1786946580|20260817140300|954.84
1786946640|20260817140400|954.94
1786946700|20260817140500|954.74
1786946760|20260817140600|954.97
1786946820|20260817140700|955.02
1786946880|20260817140800|955.07
1786946940|20260817140900|954.97
1786947000|20260817141000|954.75
1786947060|20260817141100|954.56
1786947120|20260817141200|954.55
1786947180|20260817141300|954.52
1786947240|20260817141400|954.71
1786947300|20260817141500|955.04
1786947360|20260817141600|954.83
1786947420|20260817141700|954.74
1786947480|20260817141800|954.61
1786947540|20260817141900|954.53
1786947600|20260817142000|954.38
1786947660|20260817142100|954.61
1786947720|20260817142200|954.67
1786947780|20260817142300|954.81
1786947840|20260817142400|954.89
1786947900|20260817142500|954.80
1786947960|20260817142600|954.80
1786948020|20260817142700|954.86
1786948080|20260817142800|954.81
1786948140|20260817142900|954.98
1786948200|20260817143000|955.23
1786948260|20260817143100|954.99
1786948320|20260817143200|954.91
1786948380|20260817143300|954.62
1786948440|20260817143400|954.71
1786948500|20260817143500|954.74
1786948560|20260817143600|954.65
1786948620|20260817143700|954.65
1786948680|20260817143800|954.64
1786948740|20260817143900|954.37
1786948800|20260817144000|954.68
1786948860|20260817144100|954.64
1786948920|20260817144200|954.62
1786948980|20260817144300|954.76
1786949040|20260817144400|954.79
1786949100|20260817144500|954.95
1786949160|20260817144600|955.04
1786949220|20260817144700|955.02
1786949280|20260817144800|955.07
1786949340|20260817144900|955.20
1786949400|20260817145000|955.46
1786949460|20260817145100|955.55
1786949520|20260817145200|955.65
1786949580|20260817145300|956.32
1786949640|20260817145400|956.09
1786949700|20260817145500|955.90
1786949760|20260817145600|955.71
1786949820|20260817145700|955.78
1786949880|20260817145800|955.76
1786949940|20260817145900|955.81
1786950000|20260817150000|955.52
1786950060|20260817150100|955.69
1786950120|20260817150200|956.04
1786950180|20260817150300|955.81
1786950240|20260817150400|955.76
1786950300|20260817150500|955.64
1786950360|20260817150600|955.55
1786950420|20260817150700|955.64
1786950480|20260817150800|955.61
1786950540|20260817150900|955.62
1786950600|20260817151000|955.64
1786950660|20260817151100|955.64
1786950720|20260817151200|955.55
1786950780|20260817151300|955.38
1786950840|20260817151400|955.12
1786950900|20260817151500|954.91
1786950960|20260817151600|955.06
1786951020|20260817151700|955.11
1786951080|20260817151800|955.03
1786951140|20260817151900|955.14
1786951200|20260817152000|955.02
1786951260|20260817152100|955.09
1786951320|20260817152200|955.05
1786951380|20260817152300|954.93
1786951440|20260817152400|954.93
1786951500|20260817152500|955.00
1786951560|20260817152600|954.42
1786951620|20260817152700|954.47
1786951680|20260817152800|955.11
1786951740|20260817152900|955.27
1786951800|20260817153000|956.11
1786951860|20260817153100|956.88
1786951920|20260817153200|956.87
1786951980|20260817153300|956.93
1786952040|20260817153400|956.79
1786952100|20260817153500|957.08
1786952160|20260817153600|957.08
1786952220|20260817153700|957.57
1786952280|20260817153800|957.81
1786952340|20260817153900|957.14
1786952400|20260817154000|957.07
1786952460|20260817154100|957.46
1786952520|20260817154200|957.61
1786952580|20260817154300|957.84
1786952640|20260817154400|957.66
1786952700|20260817154500|957.56
1786952760|20260817154600|957.46
1786952820|20260817154700|957.54
1786952880|20260817154800|957.34
1786952940|20260817154900|957.50
1786953000|20260817155000|957.19
1786953060|20260817155100|957.25
1786953120|20260817155200|956.74
1786953180|20260817155300|956.36
1786953240|20260817155400|956.49
1786953300|20260817155500|956.40
1786953360|20260817155600|956.67
1786953420|20260817155700|956.51
1786953480|20260817155800|956.56
1786953540|20260817155900|956.67
1786953600|20260817160000|956.59
1786953660|20260817160100|956.01
1786953720|20260817160200|955.82
1786953780|20260817160300|955.72
1786953840|20260817160400|955.63
1786953900|20260817160500|955.45
1786953960|20260817160600|955.39
1786954020|20260817160700|955.02
1786954080|20260817160800|955.19
1786954140|20260817160900|955.22
1786954200|20260817161000|955.32
1786954260|20260817161100|955.16
1786954320|20260817161200|955.40
1786954380|20260817161300|955.85
1786954440|20260817161400|955.87
1786954500|20260817161500|955.99
1786954560|20260817161600|956.09
1786954620|20260817161700|955.98
1786954680|20260817161800|955.69
1786954740|20260817161900|955.60
1786954800|20260817162000|955.65
1786954860|20260817162100|955.78
1786954920|20260817162200|955.86
1786954980|20260817162300|955.95
1786955040|20260817162400|955.94
1786955100|20260817162500|955.83
1786955160|20260817162600|955.94
1786955220|20260817162700|955.86
1786955280|20260817162800|955.91
1786955340|20260817162900|955.90
1786955400|20260817163000|955.76
1786955460|20260817163100|955.49
1786955520|20260817163200|955.58
1786955580|20260817163300|955.32
1786955640|20260817163400|955.32
1786955700|20260817163500|955.34
1786955760|20260817163600|955.32
1786955820|20260817163700|955.32
1786955880|20260817163800|955.67
1786955940|20260817163900|955.74
1786956000|20260817164000|955.61
1786956060|20260817164100|955.23
1786956120|20260817164200|955.10
1786956180|20260817164300|954.92
1786956240|20260817164400|954.75
1786956300|20260817164500|954.56
1786956360|20260817164600|954.51
1786956420|20260817164700|954.31
1786956480|20260817164800|954.54
1786956540|20260817164900|954.43
1786956600|20260817165000|954.45
1786956660|20260817165100|954.28
1786956720|20260817165200|954.07
1786956780|20260817165300|953.91
1786956840|20260817165400|953.91
1786956900|20260817165500|953.99
1786956960|20260817165600|953.87
1786957020|20260817165700|954.16
1786957080|20260817165800|954.24
1786957140|20260817165900|954.23
1786957200|20260817170000|954.28
1786957260|20260817170100|954.20
1786957320|20260817170200|954.34
1786957380|20260817170300|954.22
1786957440|20260817170400|954.33
1786957500|20260817170500|954.57
1786957560|20260817170600|954.58
1786957620|20260817170700|954.84
1786957680|20260817170800|954.82
1786957740|20260817170900|954.86
1786957800|20260817171000|955.30
1786957860|20260817171100|955.19
1786957920|20260817171200|955.38
1786957980|20260817171300|955.24
1786958040|20260817171400|955.17
1786958100|20260817171500|955.12
1786958160|20260817171600|955.23
1786958220|20260817171700|954.98
1786958280|20260817171800|954.96
1786958340|20260817171900|954.92
1786958400|20260817172000|954.98
1786958460|20260817172100|954.97
1786958520|20260817172200|954.95
1786958580|20260817172300|954.87
1786958640|20260817172400|954.72
1786958700|20260817172500|954.68
1786958760|20260817172600|954.78
1786958820|20260817172700|954.82
1786958880|20260817172800|954.62
1786958940|20260817172900|954.58
1786959000|20260817173000|954.65
1786959060|20260817173100|954.51
1786959120|20260817173200|954.31
1786959180|20260817173300|954.37
1786959240|20260817173400|954.51
1786959300|20260817173500|954.55
1786959360|20260817173600|954.51
1786959420|20260817173700|954.62
1786959480|20260817173800|954.46
1786959540|20260817173900|954.35
1786959600|20260817174000|954.16
1786959660|20260817174100|954.28
1786959720|20260817174200|954.48
1786959780|20260817174300|954.55
1786959840|20260817174400|954.22
1786959900|20260817174500|954.08
1786959960|20260817174600|954.25
1786960020|20260817174700|954.02
1786960080|20260817174800|954.04
1786960140|20260817174900|954.05
1786960200|20260817175000|954.31
1786960260|20260817175100|954.36
1786960320|20260817175200|954.36
1786960380|20260817175300|953.96
1786960440|20260817175400|954.11
1786960500|20260817175500|953.97
1786960560|20260817175600|953.99
1786960620|20260817175700|954.05
1786960680|20260817175800|954.01
1786960740|20260817175900|954.29
1786960800|20260817180000|954.41
1786960860|20260817180100|954.34
1786960920|20260817180200|954.30
1786960980|20260817180300|953.93
1786961040|20260817180400|954.06
1786961100|20260817180500|954.09
1786961160|20260817180600|954.42
1786961220|20260817180700|954.18
1786961280|20260817180800|954.52
1786961340|20260817180900|954.40
1786961400|20260817181000|954.12
1786961460|20260817181100|954.39
1786961520|20260817181200|954.23
1786961580|20260817181300|954.37
1786961640|20260817181400|954.47
1786961700|20260817181500|954.49
1786961760|20260817181600|954.69
1786961820|20260817181700|954.93
1786961880|20260817181800|954.88
1786961940|20260817181900|954.63
1786962000|20260817182000|954.47
1786962060|20260817182100|954.75
1786962120|20260817182200|954.53
1786962180|20260817182300|954.50
1786962240|20260817182400|954.42
1786962300|20260817182500|954.62
1786962360|20260817182600|954.40
1786962420|20260817182700|953.85
1786962480|20260817182800|953.76
1786962540|20260817182900|953.93
1786962600|20260817183000|956.47
1786962660|20260817183100|955.38
1786962720|20260817183200|955.77
1786962780|20260817183300|955.21
1786962840|20260817183400|955.09
1786962900|20260817183500|954.77
1786962960|20260817183600|954.87
1786963020|20260817183700|954.65
1786963080|20260817183800|954.59
1786963140|20260817183900|954.63
1786963200|20260817184000|954.50
1786963260|20260817184100|954.37
1786963320|20260817184200|955.02
1786963380|20260817184300|954.94
1786963440|20260817184400|954.90
1786963500|20260817184500|955.02
1786963560|20260817184600|955.03
1786963620|20260817184700|955.07
1786963680|20260817184800|955.05
1786963740|20260817184900|954.93
1786963800|20260817185000|954.73
1786963860|20260817185100|954.98
1786963920|20260817185200|954.96
1786963980|20260817185300|954.94
1786964040|20260817185400|954.76
1786964100|20260817185500|954.86
1786964160|20260817185600|954.85
1786964220|20260817185700|954.97
1786964280|20260817185800|955.13
1786964340|20260817185900|954.99
1786964400|20260817190000|955.17
1786964460|20260817190100|955.15
1786964520|20260817190200|955.11
1786964580|20260817190300|955.52
1786964640|20260817190400|955.68
1786964700|20260817190500|955.52
1786964760|20260817190600|955.48
1786964820|20260817190700|955.56
1786964880|20260817190800|955.73
1786964940|20260817190900|955.91
1786965000|20260817191000|955.88
1786965060|20260817191100|955.74
1786965120|20260817191200|955.76
1786965180|20260817191300|955.86
1786965240|20260817191400|955.56
1786965300|20260817191500|955.33
1786965360|20260817191600|955.11
1786965420|20260817191700|955.10
1786965480|20260817191800|955.06
1786965540|20260817191900|954.85
1786965600|20260817192000|955.00
1786965660|20260817192100|955.57
1786965720|20260817192200|955.94
1786965780|20260817192300|956.16
1786965840|20260817192400|955.94
1786965900|20260817192500|956.15
1786965960|20260817192600|956.19
1786966020|20260817192700|956.33
1786966080|20260817192800|956.22
1786966140|20260817192900|956.12
1786966200|20260817193000|956.16
1786966260|20260817193100|956.17
1786966320|20260817193200|955.97
1786966380|20260817193300|955.94
1786966440|20260817193400|956.19
1786966500|20260817193500|956.19
1786966560|20260817193600|956.16
1786966620|20260817193700|956.09
1786966680|20260817193800|956.00
1786966740|20260817193900|956.20
1786966800|20260817194000|956.04
1786966860|20260817194100|955.82
1786966920|20260817194200|955.74
1786966980|20260817194300|955.66
1786967040|20260817194400|955.45
1786967100|20260817194500|955.29
1786967160|20260817194600|955.45
1786967220|20260817194700|955.41
1786967280|20260817194800|955.34
1786967340|20260817194900|955.14
1786967400|20260817195000|954.70
1786967460|20260817195100|955.03
1786967520|20260817195200|954.57
1786967580|20260817195300|954.52
1786967640|20260817195400|954.55
1786967700|20260817195500|954.65
1786967760|20260817195600|954.59
1786967820|20260817195700|954.72
1786967880|20260817195800|954.74
1786967940|20260817195900|954.69
1786968000|20260817200000|955.88
1786968060|20260817200100|954.85
1786968120|20260817200200|954.61
1786968180|20260817200300|954.52
1786968240|20260817200400|954.76
1786968300|20260817200500|954.57
1786968360|20260817200600|954.57
1786968420|20260817200700|954.56
1786968480|20260817200800|954.56
1786968540|20260817200900|954.42
1786968600|20260817201000|954.31
1786968660|20260817201100|954.38
1786968720|20260817201200|954.31
1786968780|20260817201300|954.22
1786968840|20260817201400|954.00
1786968900|20260817201500|954.20
1786968960|20260817201600|954.23
1786969020|20260817201700|954.25
1786969080|20260817201800|954.20
1786969140|20260817201900|954.23
1786969200|20260817202000|954.24
1786969260|20260817202100|954.17
1786969320|20260817202200|954.04
1786969380|20260817202300|954.18
1786969440|20260817202400|954.39
1786969500|20260817202500|954.11
1786969560|20260817202600|954.24
1786969620|20260817202700|953.44
1786969680|20260817202800|953.16
1786969740|20260817202900|953.35
1786969800|20260817203000|953.19
1786969860|20260817203100|953.58
1786969920|20260817203200|953.07
1786969980|20260817203300|953.02
1786970040|20260817203400|953.06
1786970100|20260817203500|953.12
1786970160|20260817203600|953.11
1786970220|20260817203700|953.04
1786970280|20260817203800|952.16
1786970340|20260817203900|952.18
1786970400|20260817204000|952.17
1786970460|20260817204100|952.30
1786970520|20260817204200|952.75
1786970580|20260817204300|952.00
1786970640|20260817204400|951.89
1786970700|20260817204500|951.56
1786970760|20260817204600|951.53
1786970820|20260817204700|952.15
1786970880|20260817204800|951.66
1786970940|20260817204900|951.69
1786971000|20260817205000|951.58
1786971060|20260817205100|951.89
1786971120|20260817205200|951.96
1786971180|20260817205300|952.53
1786971240|20260817205400|952.61
1786971300|20260817205500|952.61
1786971360|20260817205600|952.62
1786971420|20260817205700|952.78
1786971480|20260817205800|952.76
1786971540|20260817205900|952.96
1786971600|20260817210000|953.01
1786971660|20260817210100|953.25
1786971720|20260817210200|952.82
1786971780|20260817210300|952.26
1786971840|20260817210400|952.54
1786971900|20260817210500|952.54
1786971960|20260817210600|952.50
1786972020|20260817210700|952.51
1786972080|20260817210800|952.98
1786972140|20260817210900|952.67
1786972200|20260817211000|953.03
1786972260|20260817211100|953.35
1786972320|20260817211200|953.44
1786972380|20260817211300|953.53
1786972440|20260817211400|953.48
1786972500|20260817211500|952.95
1786972560|20260817211600|952.39
1786972620|20260817211700|952.50
1786972680|20260817211800|952.67
1786972740|20260817211900|952.96
1786972800|20260817212000|953.14
1786972860|20260817212100|953.19
1786972920|20260817212200|953.38
1786972980|20260817212300|953.27
1786973040|20260817212400|953.13
1786973100|20260817212500|953.22
1786973160|20260817212600|953.35
1786973220|20260817212700|953.30
1786973280|20260817212800|953.32
1786973340|20260817212900|953.25
1786973400|20260817213000|953.37
1786973460|20260817213100|953.38
1786973520|20260817213200|953.42
1786973580|20260817213300|953.45
1786973640|20260817213400|953.51
1786973700|20260817213500|953.52
1786973760|20260817213600|953.38
1786973820|20260817213700|953.57
1786973880|20260817213800|953.75
1786973940|20260817213900|954.04
1786974000|20260817214000|953.69
1786974060|20260817214100|953.49
1786974120|20260817214200|953.35
1786974180|20260817214300|953.44
1786974240|20260817214400|953.46
1786974300|20260817214500|953.40
1786974360|20260817214600|953.50
1786974420|20260817214700|953.84
1786974480|20260817214800|953.57
1786974540|20260817214900|954.43
1786974600|20260817215000|954.99
1786974660|20260817215100|955.37
1786974720|20260817215200|956.28
1786974780|20260817215300|956.55
1786974840|20260817215400|957.19
1786974900|20260817215500|956.45
1786974960|20260817215600|957.29
1786975020|20260817215700|957.47
1786975080|20260817215800|957.93
1786975140|20260817215900|957.76
1786975200|20260817220000|957.78
1786975260|20260817220100|957.24
1786975320|20260817220200|957.39
1786975380|20260817220300|957.36
1786975440|20260817220400|957.46
1786975500|20260817220500|957.43
1786975560|20260817220600|957.37
1786975620|20260817220700|957.26
1786975680|20260817220800|957.24
1786975740|20260817220900|957.04
1786975800|20260817221000|957.08
1786975860|20260817221100|956.93
1786975920|20260817221200|956.77
1786975980|20260817221300|957.24
1786976040|20260817221400|958.01
1786976100|20260817221500|958.42
1786976160|20260817221600|958.65
1786976220|20260817221700|958.69
1786976280|20260817221800|959.02
1786976340|20260817221900|959.51
1786976400|20260817222000|959.71
1786976460|20260817222100|959.45
1786976520|20260817222200|959.73
1786976580|20260817222300|960.07
1786976640|20260817222400|960.70
1786976700|20260817222500|960.70
1786976760|20260817222600|960.48
1786976820|20260817222700|960.06
1786976880|20260817222800|959.41
1786976940|20260817222900|959.21
1786977000|20260817223000|959.17
1786977060|20260817223100|959.97
1786977120|20260817223200|959.59
1786977180|20260817223300|960.53
1786977240|20260817223400|960.46
1786977300|20260817223500|960.41
1786977360|20260817223600|960.29
1786977420|20260817223700|960.14
1786977480|20260817223800|959.99
1786977540|20260817223900|959.24
1786977600|20260817224000|959.52
1786977660|20260817224100|959.81
1786977720|20260817224200|959.72
1786977780|20260817224300|959.86
1786977840|20260817224400|959.72
1786977900|20260817224500|959.31
1786977960|20260817224600|959.42
1786978020|20260817224700|959.02
1786978080|20260817224800|959.10
1786978140|20260817224900|959.71
1786978200|20260817225000|959.43
1786978260|20260817225100|959.89
1786978320|20260817225200|959.79
1786978380|20260817225300|959.71
1786978440|20260817225400|959.31
1786978500|20260817225500|959.18
1786978560|20260817225600|959.41
1786978620|20260817225700|958.80
1786978680|20260817225800|958.95
1786978740|20260817225900|958.85
1786978800|20260817230000|959.35
1786978860|20260817230100|959.33
1786978920|20260817230200|959.15
1786978980|20260817230300|959.57
1786979040|20260817230400|959.33
1786979100|20260817230500|959.57
1786979160|20260817230600|959.85
1786979220|20260817230700|959.80
1786979280|20260817230800|959.64
1786979340|20260817230900|959.51
1786979400|20260817231000|959.43
1786979460|20260817231100|959.79
1786979520|20260817231200|960.11
1786979580|20260817231300|960.45
1786979640|20260817231400|960.22
1786979700|20260817231500|960.18
1786979760|20260817231600|960.20
1786979820|20260817231700|960.23
1786979880|20260817231800|960.18
1786979940|20260817231900|960.26
1786980000|20260817232000|960.40
1786980060|20260817232100|960.35
1786980120|20260817232200|960.41
1786980180|20260817232300|960.48
1786980240|20260817232400|960.16
1786980300|20260817232500|960.51
1786980360|20260817232600|960.23
1786980420|20260817232700|960.36
1786980480|20260817232800|960.55
1786980540|20260817232900|960.91
1786980600|20260817233000|960.87
1786980660|20260817233100|960.96
1786980720|20260817233200|960.46
1786980780|20260817233300|960.44
1786980840|20260817233400|960.43
1786980900|20260817233500|960.43
1786980960|20260817233600|960.37
1786981020|20260817233700|960.05
1786981080|20260817233800|960.32
1786981140|20260817233900|960.51
1786981200|20260817234000|960.43
1786981260|20260817234100|960.44
1786981320|20260817234200|960.26
1786981380|20260817234300|960.20
1786981440|20260817234400|960.27
1786982400|20260818000000|960.97
1786982460|20260818000100|961.15
1786982520|20260818000200|961.03
1786982580|20260818000300|961.04
1786982640|20260818000400|961.01
1786982700|20260818000500|961.07
1786982760|20260818000600|961.03
1786982820|20260818000700|961.01
1786982880|20260818000800|961.02
1786982940|20260818000900|961.44
1786983000|20260818001000|961.36
1786983060|20260818001100|961.36
1786983120|20260818001200|961.19
1786983180|20260818001300|961.09
1786983240|20260818001400|961.08
1786983300|20260818001500|961.09
1786983360|20260818001600|961.10
1786983420|20260818001700|961.20
1786983480|20260818001800|961.03
1786983540|20260818001900|961.03
1786983600|20260818002000|961.03
1786983660|20260818002100|960.96
1786983720|20260818002200|961.10
1786983780|20260818002300|961.13
1786983840|20260818002400|960.95
1786983900|20260818002500|960.84
1786983960|20260818002600|960.67
1786984020|20260818002700|960.60
1786984080|20260818002800|960.62
1786984140|20260818002900|960.62
1786984200|20260818003000|960.80
1786984260|20260818003100|960.77
1786984320|20260818003200|960.71
1786984380|20260818003300|960.47
1786984440|20260818003400|960.50
1786984500|20260818003500|960.49
1786984560|20260818003600|960.50
1786984620|20260818003700|960.86
1786984680|20260818003800|961.00
1786984740|20260818003900|961.01
1786984800|20260818004000|961.09
1786984860|20260818004100|961.09
1786984920|20260818004200|961.01
1786984980|20260818004300|961.01
1786985040|20260818004400|961.01
1786985100|20260818004500|960.82
1786985160|20260818004600|960.62
1786985220|20260818004700|960.62
1786985280|20260818004800|960.62
1786985340|20260818004900|960.62
1786985400|20260818005000|960.69
1786985460|20260818005100|960.81
1786985520|20260818005200|960.76
1786985580|20260818005300|960.71
1786985640|20260818005400|960.71
1786985700|20260818005500|960.63
1786985760|20260818005600|960.98
1786985820|20260818005700|960.96
1786985880|20260818005800|960.96
1786985940|20260818005900|961.02
1786986000|20260818010000|960.75
1786986060|20260818010100|960.75
1786986120|20260818010200|960.82
1786986180|20260818010300|960.98
1786986240|20260818010400|960.98
1786986300|20260818010500|960.85
1786986360|20260818010600|960.80
1786986420|20260818010700|960.80
1786986480|20260818010800|960.49
1786986540|20260818010900|960.48
1786986600|20260818011000|960.49
1786986660|20260818011100|960.55
1786986720|20260818011200|960.49
1786986780|20260818011300|960.49
1786986840|20260818011400|960.31
1786986900|20260818011500|960.67
1786986960|20260818011600|960.56
1786987020|20260818011700|960.48
1786987080|20260818011800|960.37
1786987140|20260818011900|960.37
1786987200|20260818012000|960.01
1786987260|20260818012100|959.98
1786987320|20260818012200|960.07
1786987380|20260818012300|960.06
1786987440|20260818012400|959.77
1786987500|20260818012500|959.51
1786987560|20260818012600|959.51
1786987620|20260818012700|959.23
1786987680|20260818012800|958.94
1786987740|20260818012900|958.99
1786987800|20260818013000|959.59
1786987860|20260818013100|959.58
1786987920|20260818013200|959.12
1786987980|20260818013300|959.70
1786988040|20260818013400|959.41
1786988100|20260818013500|959.59
1786988160|20260818013600|959.46
1786988220|20260818013700|959.49
1786988280|20260818013800|959.49
1786988340|20260818013900|959.37
1786988400|20260818014000|958.67
1786988460|20260818014100|958.63
1786988520|20260818014200|958.77
1786988580|20260818014300|959.28
1786988640|20260818014400|959.36
1786988700|20260818014500|959.78
1786988760|20260818014600|959.85
1786988820|20260818014700|959.97
1786988880|20260818014800|959.97
1786988940|20260818014900|959.97
1786989000|20260818015000|959.91
1786989060|20260818015100|959.94
1786989120|20260818015200|959.85
1786989180|20260818015300|959.85
1786989240|20260818015400|959.85
1786989300|20260818015500|959.92
1786989360|20260818015600|959.86
1786989420|20260818015700|959.55
1786989480|20260818015800|959.39
1786989540|20260818015900|959.30
1787015400|20260818091000|962.20
1787015460|20260818091100|962.08
1787015520|20260818091200|962.15
1787015580|20260818091300|962.11
1787015640|20260818091400|962.05
1787015700|20260818091500|962.02
1787015760|20260818091600|962.42
1787015820|20260818091700|961.46
1787015880|20260818091800|961.51
1787015940|20260818091900|961.23
1787016000|20260818092000|961.58
1787016060|20260818092100|961.54
1787016120|20260818092200|961.04
1787016180|20260818092300|961.15
1787016240|20260818092400|961.19
1787016300|20260818092500|961.27
1787016360|20260818092600|960.87
1787016420|20260818092700|961.18
1787016480|20260818092800|961.50
1787016540|20260818092900|961.48
1787016600|20260818093000|961.54
1787016660|20260818093100|961.36
1787016720|20260818093200|961.61
1787016780|20260818093300|961.14
1787016840|20260818093400|960.97
1787016900|20260818093500|960.96
1787016960|20260818093600|961.01
1787017020|20260818093700|961.14
1787017080|20260818093800|961.07
1787017140|20260818093900|960.76
1787017200|20260818094000|960.50
1787017260|20260818094100|960.51
1787017320|20260818094200|960.15
1787017380|20260818094300|959.81
1787017440|20260818094400|959.49
1787017500|20260818094500|958.92
1787017560|20260818094600|958.53
1787017620|20260818094700|958.64
1787017680|20260818094800|958.17
1787017740|20260818094900|957.57
1787017800|20260818095000|957.66
1787017860|20260818095100|957.66
1787017920|20260818095200|957.60
1787017980|20260818095300|957.56
1787018040|20260818095400|957.25
1787018100|20260818095500|957.92
1787018160|20260818095600|958.17
1787018220|20260818095700|958.05
1787018280|20260818095800|958.05
1787018340|20260818095900|957.98
1787018400|20260818100000|957.93
1787018460|20260818100100|957.92
1787018520|20260818100200|957.03
1787018580|20260818100300|956.53
1787018640|20260818100400|956.80
1787018700|20260818100500|956.70
1787018760|20260818100600|956.74
1787018820|20260818100700|956.46
1787018880|20260818100800|956.49
1787018940|20260818100900|956.48
1787019000|20260818101000|956.40
1787019060|20260818101100|956.61
1787019120|20260818101200|956.03
1787019180|20260818101300|956.41
1787019240|20260818101400|956.84
1787019300|20260818101500|956.60
1787019360|20260818101600|956.76
1787019420|20260818101700|956.86
1787019480|20260818101800|956.95
1787019540|20260818101900|957.22
1787019600|20260818102000|957.15
1787019660|20260818102100|957.16
1787019720|20260818102200|957.01
1787019780|20260818102300|956.85
1787019840|20260818102400|957.11
1787019900|20260818102500|957.08
1787019960|20260818102600|957.29
1787020020|20260818102700|957.21
1787020080|20260818102800|957.20
1787020140|20260818102900|956.93
1787020200|20260818103000|956.82
1787020260|20260818103100|956.40
1787020320|20260818103200|956.46
1787020380|20260818103300|956.57
1787020440|20260818103400|956.12
1787020500|20260818103500|955.55
1787020560|20260818103600|955.58
1787020620|20260818103700|955.69
1787020680|20260818103800|956.12
1787020740|20260818103900|956.06
1787020800|20260818104000|955.59
1787020860|20260818104100|955.17
1787020920|20260818104200|955.02
1787020980|20260818104300|955.06
1787021040|20260818104400|955.11
1787021100|20260818104500|955.19
1787021160|20260818104600|955.13
1787021220|20260818104700|955.27
1787021280|20260818104800|955.28
1787021340|20260818104900|955.44
1787021400|20260818105000|955.71
1787021460|20260818105100|955.38
1787021520|20260818105200|955.43
1787021580|20260818105300|955.67
1787021640|20260818105400|955.70
1787021700|20260818105500|955.63
1787021760|20260818105600|956.17
1787021820|20260818105700|956.04
1787021880|20260818105800|955.80
1787021940|20260818105900|956.09
1787022000|20260818110000|956.27
1787022060|20260818110100|956.70
1787022120|20260818110200|957.26
1787022180|20260818110300|957.35
1787022240|20260818110400|956.89
1787022300|20260818110500|957.05
1787022360|20260818110600|956.92
1787022420|20260818110700|956.96
1787022480|20260818110800|956.82
1787022540|20260818110900|956.37
1787022600|20260818111000|956.57
1787022660|20260818111100|956.48
1787022720|20260818111200|956.22
1787022780|20260818111300|956.20
1787022840|20260818111400|956.35
1787022900|20260818111500|956.50
1787022960|20260818111600|956.73
1787023020|20260818111700|956.13
1787023080|20260818111800|955.77
1787023140|20260818111900|955.68
1787023200|20260818112000|955.67
1787023260|20260818112100|955.75
1787023320|20260818112200|955.58
1787023380|20260818112300|955.62
1787023440|20260818112400|955.34
1787023500|20260818112500|955.52
1787023560|20260818112600|955.46
1787023620|20260818112700|955.58
1787023680|20260818112800|955.70
1787023740|20260818112900|955.77
1787023800|20260818113000|955.78
1787023860|20260818113100|955.78
1787023920|20260818113200|955.76
1787023980|20260818113300|955.76
1787024040|20260818113400|955.58
1787024100|20260818113500|955.58
1787024160|20260818113600|955.67
1787024220|20260818113700|955.67
1787024280|20260818113800|955.71
1787024340|20260818113900|955.66
1787024400|20260818114000|955.64
1787024460|20260818114100|955.54
1787024520|20260818114200|955.56
1787024580|20260818114300|955.57
1787024640|20260818114400|955.56
1787024700|20260818114500|955.56
1787024760|20260818114600|955.57
1787024820|20260818114700|955.57
1787024880|20260818114800|955.55
1787024940|20260818114900|955.54
1787025000|20260818115000|955.49
1787025060|20260818115100|955.21
1787025120|20260818115200|955.11
1787025180|20260818115300|955.31
1787025240|20260818115400|955.26
1787025300|20260818115500|955.14
1787025360|20260818115600|955.08
1787025420|20260818115700|955.00
1787025480|20260818115800|954.98
1787025540|20260818115900|954.99
1787025600|20260818120000|955.05
1787025660|20260818120100|954.58
1787025720|20260818120200|954.76
1787025780|20260818120300|954.75
1787025840|20260818120400|954.79
1787025900|20260818120500|954.50
1787025960|20260818120600|954.59
1787026020|20260818120700|954.80
1787026080|20260818120800|954.83
1787026140|20260818120900|954.50
1787026200|20260818121000|954.86
1787026260|20260818121100|955.09
1787026320|20260818121200|955.12
1787026380|20260818121300|955.28
1787026440|20260818121400|955.26
1787026500|20260818121500|955.24
1787026560|20260818121600|955.28
1787026620|20260818121700|955.28
1787026680|20260818121800|954.91
1787026740|20260818121900|955.12
1787026800|20260818122000|954.83
1787026860|20260818122100|954.88
1787026920|20260818122200|954.88
1787026980|20260818122300|954.99
1787027040|20260818122400|954.87
1787027100|20260818122500|954.97
1787027160|20260818122600|955.00
1787027220|20260818122700|955.00
1787027280|20260818122800|955.01
1787027340|20260818122900|955.01
1787027400|20260818123000|955.04
1787027460|20260818123100|955.17
1787027520|20260818123200|955.14
1787027580|20260818123300|955.10
1787027640|20260818123400|955.02
1787027700|20260818123500|955.00
1787027760|20260818123600|955.13
1787027820|20260818123700|955.04
1787027880|20260818123800|954.78
1787027940|20260818123900|954.62
1787028000|20260818124000|954.81
1787028060|20260818124100|954.70
1787028120|20260818124200|954.87
1787028180|20260818124300|955.23
1787028240|20260818124400|955.37
1787028300|20260818124500|955.42
1787028360|20260818124600|955.42
1787028420|20260818124700|955.42
1787028480|20260818124800|955.38
1787028540|20260818124900|955.30
1787028600|20260818125000|955.48
1787028660|20260818125100|955.49
1787028720|20260818125200|955.51
1787028780|20260818125300|955.52
1787028840|20260818125400|955.54
1787028900|20260818125500|955.62
1787028960|20260818125600|955.59
1787029020|20260818125700|955.60
1787029080|20260818125800|955.59
1787029140|20260818125900|955.53
1787029200|20260818130000|955.40
1787029260|20260818130100|955.34
1787029320|20260818130200|955.24
1787029380|20260818130300|955.14
1787029440|20260818130400|954.97
1787029500|20260818130500|955.16
1787029560|20260818130600|955.20
1787029620|20260818130700|955.22
1787029680|20260818130800|955.39
1787029740|20260818130900|955.48
1787029800|20260818131000|955.55
1787029860|20260818131100|955.00
1787029920|20260818131200|954.96
1787029980|20260818131300|954.96
1787030040|20260818131400|955.03
1787030100|20260818131500|954.90
1787030160|20260818131600|955.03
1787030220|20260818131700|955.15
1787030280|20260818131800|955.35
1787030340|20260818131900|955.34
1787030400|20260818132000|955.58
1787030460|20260818132100|955.70
1787030520|20260818132200|955.83
1787030580|20260818132300|955.77
1787030640|20260818132400|955.82
1787030700|20260818132500|955.77
1787030760|20260818132600|955.86
1787030820|20260818132700|955.62
1787030880|20260818132800|955.60
1787030940|20260818132900|955.45
1787031000|20260818133000|955.09
1787031060|20260818133100|953.97
1787031120|20260818133200|953.72
1787031180|20260818133300|954.00
1787031240|20260818133400|954.41
1787031300|20260818133500|953.91
1787031360|20260818133600|954.35
1787031420|20260818133700|954.60
1787031480|20260818133800|954.61
1787031540|20260818133900|954.53
1787031600|20260818134000|954.60
1787031660|20260818134100|954.80
1787031720|20260818134200|954.50
1787031780|20260818134300|954.54
1787031840|20260818134400|954.70
1787031900|20260818134500|955.38
1787031960|20260818134600|955.36
1787032020|20260818134700|955.52
1787032080|20260818134800|955.35
1787032140|20260818134900|955.41
1787032200|20260818135000|955.69
1787032260|20260818135100|955.95
1787032320|20260818135200|955.42
1787032380|20260818135300|955.74
1787032440|20260818135400|955.78
1787032500|20260818135500|955.63
1787032560|20260818135600|955.71
1787032620|20260818135700|955.72
1787032680|20260818135800|955.90
1787032740|20260818135900|955.75
1787032800|20260818140000|955.51
1787032860|20260818140100|954.83
1787032920|20260818140200|955.16
1787032980|20260818140300|955.22
1787033040|20260818140400|954.93
1787033100|20260818140500|954.87
1787033160|20260818140600|954.63
1787033220|20260818140700|954.52
1787033280|20260818140800|954.57
1787033340|20260818140900|954.99
1787033400|20260818141000|955.31
1787033460|20260818141100|955.62
1787033520|20260818141200|955.64
1787033580|20260818141300|955.68
1787033640|20260818141400|955.59
1787033700|20260818141500|955.77
1787033760|20260818141600|955.65
1787033820|20260818141700|955.54
1787033880|20260818141800|955.77
1787033940|20260818141900|955.75
1787034000|20260818142000|955.90
1787034060|20260818142100|956.24
1787034120|20260818142200|956.10
1787034180|20260818142300|955.90
1787034240|20260818142400|956.29
1787034300|20260818142500|956.35
1787034360|20260818142600|956.34
1787034420|20260818142700|956.41
1787034480|20260818142800|956.73
1787034540|20260818142900|956.68
1787034600|20260818143000|956.78
1787034660|20260818143100|956.75
1787034720|20260818143200|956.60
1787034780|20260818143300|956.49
1787034840|20260818143400|956.19
1787034900|20260818143500|955.87
1787034960|20260818143600|955.90
1787035020|20260818143700|956.19
1787035080|20260818143800|956.24
1787035140|20260818143900|956.11
1787035200|20260818144000|956.24
1787035260|20260818144100|956.21
1787035320|20260818144200|956.24
1787035380|20260818144300|956.26
1787035440|20260818144400|956.39
1787035500|20260818144500|956.16
1787035560|20260818144600|956.37
1787035620|20260818144700|956.40
1787035680|20260818144800|956.61
1787035740|20260818144900|956.45
1787035800|20260818145000|956.44
1787035860|20260818145100|956.44
1787035920|20260818145200|956.48
1787035980|20260818145300|956.49
1787036040|20260818145400|956.48
1787036100|20260818145500|956.54
1787036160|20260818145600|956.59
1787036220|20260818145700|956.51
1787036280|20260818145800|956.60
1787036340|20260818145900|956.47
1787036400|20260818150000|956.60
1787036460|20260818150100|956.46
1787036520|20260818150200|956.51
1787036580|20260818150300|956.53
1787036640|20260818150400|956.69
1787036700|20260818150500|956.71
1787036760|20260818150600|956.72
1787036820|20260818150700|956.69
1787036880|20260818150800|956.42
1787036940|20260818150900|956.33
1787037000|20260818151000|956.27
1787037060|20260818151100|956.51
1787037120|20260818151200|956.50
1787037180|20260818151300|956.56
1787037240|20260818151400|956.50
1787037300|20260818151500|956.51
1787037360|20260818151600|956.86
1787037420|20260818151700|956.61
1787037480|20260818151800|956.81
1787037540|20260818151900|956.81
1787037600|20260818152000|956.96
1787037660|20260818152100|956.96
1787037720|20260818152200|957.16
1787037780|20260818152300|957.17
1787037840|20260818152400|957.13
1787037900|20260818152500|957.32
1787037960|20260818152600|957.56
1787038020|20260818152700|957.52
1787038080|20260818152800|957.39
1787038140|20260818152900|957.75
1787038200|20260818153000|957.90
1787038260|20260818153100|957.56
1787038320|20260818153200|957.31
1787038380|20260818153300|957.07
1787038440|20260818153400|956.96
1787038500|20260818153500|956.21
1787038560|20260818153600|956.65
1787038620|20260818153700|956.86
1787038680|20260818153800|956.98
1787038740|20260818153900|957.43
1787038800|20260818154000|957.34
1787038860|20260818154100|957.49
1787038920|20260818154200|957.51
1787038980|20260818154300|957.24
1787039040|20260818154400|957.11
1787039100|20260818154500|957.22
1787039160|20260818154600|957.43
1787039220|20260818154700|957.35
1787039280|20260818154800|957.26
1787039340|20260818154900|956.97
1787039400|20260818155000|956.86
1787039460|20260818155100|956.78
1787039520|20260818155200|956.61
1787039580|20260818155300|956.65
1787039640|20260818155400|956.49
1787039700|20260818155500|956.49
1787039760|20260818155600|956.41
1787039820|20260818155700|956.25
1787039880|20260818155800|956.21
1787039940|20260818155900|955.99
1787040000|20260818160000|955.92
1787040060|20260818160100|955.81
1787040120|20260818160200|955.98
1787040180|20260818160300|955.77
1787040240|20260818160400|955.72
1787040300|20260818160500|955.64
1787040360|20260818160600|955.35
1787040420|20260818160700|954.95
1787040480|20260818160800|954.80
1787040540|20260818160900|955.03
1787040600|20260818161000|954.93
1787040660|20260818161100|954.50
1787040720|20260818161200|954.76
1787040780|20260818161300|955.65
1787040840|20260818161400|955.52
1787040900|20260818161500|955.31
1787040960|20260818161600|955.20
1787041020|20260818161700|955.20
1787041080|20260818161800|955.36
1787041140|20260818161900|955.40
1787041200|20260818162000|955.18
1787041260|20260818162100|955.15
1787041320|20260818162200|954.85
1787041380|20260818162300|954.60
1787041440|20260818162400|954.29
1787041500|20260818162500|954.39
1787041560|20260818162600|954.28
1787041620|20260818162700|954.30
1787041680|20260818162800|954.51
1787041740|20260818162900|954.20
1787041800|20260818163000|954.49
1787041860|20260818163100|954.71
1787041920|20260818163200|954.60
1787041980|20260818163300|955.14
1787042040|20260818163400|955.29
1787042100|20260818163500|955.40
1787042160|20260818163600|956.16
1787042220|20260818163700|955.89
1787042280|20260818163800|955.97
1787042340|20260818163900|955.96
1787042400|20260818164000|956.44
1787042460|20260818164100|956.13
1787042520|20260818164200|956.40
1787042580|20260818164300|956.16
1787042640|20260818164400|956.19
1787042700|20260818164500|956.05
1787042760|20260818164600|956.02
1787042820|20260818164700|955.98
1787042880|20260818164800|955.83
1787042940|20260818164900|955.55
1787043000|20260818165000|955.39
1787043060|20260818165100|955.18
1787043120|20260818165200|955.18
1787043180|20260818165300|955.27
1787043240|20260818165400|955.30
1787043300|20260818165500|955.47
1787043360|20260818165600|955.30
1787043420|20260818165700|955.40
1787043480|20260818165800|955.31
1787043540|20260818165900|955.22
1787043600|20260818170000|955.36
1787043660|20260818170100|955.24
1787043720|20260818170200|955.40
1787043780|20260818170300|955.34
1787043840|20260818170400|955.29
1787043900|20260818170500|955.16
1787043960|20260818170600|955.07
1787044020|20260818170700|955.02
1787044080|20260818170800|955.00
1787044140|20260818170900|955.07
1787044200|20260818171000|955.06
1787044260|20260818171100|955.10
1787044320|20260818171200|955.21
1787044380|20260818171300|955.07
1787044440|20260818171400|955.21
1787044500|20260818171500|955.26
1787044560|20260818171600|955.11
1787044620|20260818171700|955.14
1787044680|20260818171800|955.00
1787044740|20260818171900|954.97
1787044800|20260818172000|954.98
1787044860|20260818172100|954.89
1787044920|20260818172200|954.90
1787044980|20260818172300|954.62
1787045040|20260818172400|954.85
1787045100|20260818172500|954.75
1787045160|20260818172600|954.52
1787045220|20260818172700|954.59
1787045280|20260818172800|954.85
1787045340|20260818172900|954.59
1787045400|20260818173000|954.48
1787045460|20260818173100|954.74
1787045520|20260818173200|954.79
1787045580|20260818173300|954.79
1787045640|20260818173400|955.24
1787045700|20260818173500|955.42
1787045760|20260818173600|955.48
1787045820|20260818173700|955.10
1787045880|20260818173800|955.56
1787045940|20260818173900|955.12
1787046000|20260818174000|954.89
1787046060|20260818174100|954.43
1787046120|20260818174200|954.38
1787046180|20260818174300|954.39
1787046240|20260818174400|954.11
1787046300|20260818174500|954.27
1787046360|20260818174600|954.00
1787046420|20260818174700|954.48
1787046480|20260818174800|954.55
1787046540|20260818174900|954.86
1787046600|20260818175000|955.05
1787046660|20260818175100|955.30
1787046720|20260818175200|955.40
1787046780|20260818175300|955.30
1787046840|20260818175400|955.32
1787046900|20260818175500|955.44
1787046960|20260818175600|955.37
1787047020|20260818175700|955.43
1787047080|20260818175800|955.31
1787047140|20260818175900|955.43
1787047200|20260818180000|955.26
1787047260|20260818180100|955.21
1787047320|20260818180200|955.22
1787047380|20260818180300|955.61
1787047440|20260818180400|955.61
1787047500|20260818180500|955.42
1787047560|20260818180600|955.43
1787047620|20260818180700|955.35
1787047680|20260818180800|955.43
1787047740|20260818180900|955.16
1787047800|20260818181000|955.25
1787047860|20260818181100|955.18
1787047920|20260818181200|955.26
1787047980|20260818181300|955.21
1787048040|20260818181400|955.23
1787048100|20260818181500|955.52
1787048160|20260818181600|955.51
1787048220|20260818181700|955.59
1787048280|20260818181800|955.53
1787048340|20260818181900|955.83
1787048400|20260818182000|955.74
1787048460|20260818182100|955.67
1787048520|20260818182200|955.18
1787048580|20260818182300|955.07
1787048640|20260818182400|954.96
1787048700|20260818182500|954.92
1787048760|20260818182600|954.63
1787048820|20260818182700|954.73
1787048880|20260818182800|954.72
1787048940|20260818182900|954.89
1787049000|20260818183000|954.99
1787049060|20260818183100|955.06
1787049120|20260818183200|955.38
1787049180|20260818183300|955.24
1787049240|20260818183400|955.37
1787049300|20260818183500|955.38
1787049360|20260818183600|955.45
1787049420|20260818183700|955.60
1787049480|20260818183800|956.05
1787049540|20260818183900|955.90
1787049600|20260818184000|956.17
1787049660|20260818184100|956.24
1787049720|20260818184200|956.18
1787049780|20260818184300|956.35
1787049840|20260818184400|956.28
1787049900|20260818184500|956.39
1787049960|20260818184600|956.43
1787050020|20260818184700|956.56
1787050080|20260818184800|956.52
1787050140|20260818184900|956.52
1787050200|20260818185000|956.49
1787050260|20260818185100|956.55
1787068800|20260819000000|950.39
1787068860|20260819000100|950.50
1787068920|20260819000200|950.85
1787068980|20260819000300|951.06
1787069040|20260819000400|951.00
1787069100|20260819000500|950.98
1787069160|20260819000600|950.98
1787069220|20260819000700|950.94
1787069280|20260819000800|950.88
1787069340|20260819000900|951.14
1787069400|20260819001000|951.43
1787069460|20260819001100|951.06
1787069520|20260819001200|951.12
1787069580|20260819001300|951.22
1787069640|20260819001400|951.22
1787069700|20260819001500|950.80
1787069760|20260819001600|950.73
1787069820|20260819001700|950.60
1787069880|20260819001800|950.34
1787069940|20260819001900|950.30
1787070000|20260819002000|950.30
1787070060|20260819002100|950.89
1787070120|20260819002200|950.98
1787070180|20260819002300|950.67
1787070240|20260819002400|950.63
1787070300|20260819002500|950.79
1787070360|20260819002600|950.86
1787070420|20260819002700|950.67
1787070480|20260819002800|950.23
1787070540|20260819002900|949.87
1787070600|20260819003000|949.92
1787070660|20260819003100|950.55
1787070720|20260819003200|950.37
1787070780|20260819003300|950.11
1787070840|20260819003400|950.08
1787070900|20260819003500|950.40
1787070960|20260819003600|950.58
1787071020|20260819003700|950.29
1787071080|20260819003800|950.03
1787071140|20260819003900|950.34
1787071200|20260819004000|950.28
1787071260|20260819004100|950.56
1787071320|20260819004200|950.78
1787071380|20260819004300|950.75
1787071440|20260819004400|950.46
1787071500|20260819004500|950.47
1787071560|20260819004600|950.50
1787071620|20260819004700|950.49
1787071680|20260819004800|950.23
1787071740|20260819004900|949.99
1787071800|20260819005000|950.08
1787071860|20260819005100|950.23
1787071920|20260819005200|950.39
1787071980|20260819005300|950.52
1787072040|20260819005400|950.63
1787072100|20260819005500|950.90
1787072160|20260819005600|950.62
1787072220|20260819005700|950.51
1787072280|20260819005800|950.20
1787072340|20260819005900|950.07
1787072400|20260819010000|950.10
1787072460|20260819010100|950.08
1787072520|20260819010200|950.10
1787072580|20260819010300|950.07
1787072640|20260819010400|950.01
1787072700|20260819010500|949.94
1787072760|20260819010600|950.37
1787072820|20260819010700|950.27
1787072880|20260819010800|950.34
1787072940|20260819010900|950.40
1787073000|20260819011000|950.33
1787073060|20260819011100|950.46
1787073120|20260819011200|950.13
1787073180|20260819011300|950.11
1787073240|20260819011400|950.11
1787073300|20260819011500|950.33
1787073360|20260819011600|950.65
1787073420|20260819011700|950.58
1787073480|20260819011800|950.29
1787073540|20260819011900|950.26
1787073600|20260819012000|950.08
1787073660|20260819012100|950.22
1787073720|20260819012200|950.21
1787073780|20260819012300|950.24
1787073840|20260819012400|950.32
1787073900|20260819012500|950.49
1787073960|20260819012600|950.31
1787074020|20260819012700|950.31
1787074080|20260819012800|950.32
1787074140|20260819012900|950.32
1787074200|20260819013000|950.32
1787074260|20260819013100|949.69
1787074320|20260819013200|949.82
1787074380|20260819013300|949.82
1787074440|20260819013400|950.11
1787074500|20260819013500|950.11
1787074560|20260819013600|950.05
1787074620|20260819013700|950.02
1787074680|20260819013800|949.48
1787074740|20260819013900|949.51
1787074800|20260819014000|949.58
1787074860|20260819014100|949.86
1787074920|20260819014200|949.69
1787074980|20260819014300|949.63
1787075040|20260819014400|949.58
1787075100|20260819014500|949.17
1787075160|20260819014600|949.08
1787075220|20260819014700|949.08
1787075280|20260819014800|948.66
1787075340|20260819014900|948.44
1787075400|20260819015000|948.74
1787075460|20260819015100|949.07
1787075520|20260819015200|949.07
1787075580|20260819015300|948.87
1787075640|20260819015400|948.87
1787075700|20260819015500|948.84
1787075760|20260819015600|948.76
1787075820|20260819015700|948.61
1787075880|20260819015800|948.63
1787075940|20260819015900|948.45
1787101800|20260819091000|945.07
1787101860|20260819091100|944.84
1787101920|20260819091200|944.76
1787101980|20260819091300|945.18
1787102040|20260819091400|945.67
1787102100|20260819091500|945.91
1787102160|20260819091600|945.92
1787102220|20260819091700|945.45
1787102280|20260819091800|945.00
1787102340|20260819091900|943.76
1787102400|20260819092000|944.28
1787102460|20260819092100|944.67
1787102520|20260819092200|943.53
1787102580|20260819092300|943.79
1787102640|20260819092400|944.17
1787102700|20260819092500|944.22
1787102760|20260819092600|944.22
1787102820|20260819092700|944.05
1787102880|20260819092800|944.41
1787102940|20260819092900|944.78
1787103000|20260819093000|945.25
1787103060|20260819093100|945.70
1787103120|20260819093200|945.91
1787103180|20260819093300|945.73
1787103240|20260819093400|946.32
1787103300|20260819093500|946.90
1787103360|20260819093600|947.07
1787103420|20260819093700|947.25
1787103480|20260819093800|947.65
1787103540|20260819093900|948.03
1787103600|20260819094000|948.00
1787103660|20260819094100|948.20
1787103720|20260819094200|948.35
1787103780|20260819094300|948.33
1787103840|20260819094400|947.93
1787103900|20260819094500|948.30
1787103960|20260819094600|947.89
1787104020|20260819094700|947.60
1787104080|20260819094800|947.82
1787104140|20260819094900|947.37
1787104200|20260819095000|947.05
1787104260|20260819095100|947.77
1787104320|20260819095200|947.73
1787104380|20260819095300|947.47
1787104440|20260819095400|947.60
1787104500|20260819095500|947.74
1787104560|20260819095600|947.99
1787104620|20260819095700|947.75
1787104680|20260819095800|947.63
1787104740|20260819095900|948.09
1787104800|20260819100000|948.22
1787104860|20260819100100|948.38
1787104920|20260819100200|948.17
1787104980|20260819100300|947.67
1787105040|20260819100400|947.68
1787105100|20260819100500|948.00
1787105160|20260819100600|948.41
1787105220|20260819100700|947.85
1787105280|20260819100800|947.94
1787105340|20260819100900|948.15
1787105400|20260819101000|948.17
1787105460|20260819101100|948.06
1787105520|20260819101200|947.92
1787105580|20260819101300|947.74
1787105640|20260819101400|947.76
1787105700|20260819101500|947.76
1787105760|20260819101600|947.58
1787105820|20260819101700|948.25
1787105880|20260819101800|948.12
1787105940|20260819101900|948.47
1787106000|20260819102000|948.28
1787106060|20260819102100|948.44
1787106120|20260819102200|948.77
1787106180|20260819102300|948.76
1787106240|20260819102400|948.94
1787106300|20260819102500|948.83
1787106360|20260819102600|948.85
1787106420|20260819102700|949.01
1787106480|20260819102800|948.97
1787106540|20260819102900|948.96
1787106600|20260819103000|948.91
1787106660|20260819103100|948.45
1787106720|20260819103200|948.31
1787106780|20260819103300|948.15
1787106840|20260819103400|948.34
1787106900|20260819103500|948.08
1787106960|20260819103600|948.28
1787107020|20260819103700|948.03
1787107080|20260819103800|948.03
1787107140|20260819103900|947.85
1787107200|20260819104000|947.85
1787107260|20260819104100|948.07
1787107320|20260819104200|948.26
1787107380|20260819104300|948.40
1787107440|20260819104400|948.05
1787107500|20260819104500|947.89
1787107560|20260819104600|948.13
1787107620|20260819104700|948.04
1787107680|20260819104800|947.88
1787107740|20260819104900|947.84
1787107800|20260819105000|947.96
1787107860|20260819105100|947.93
1787107920|20260819105200|948.00
1787107980|20260819105300|947.88
1787108040|20260819105400|947.63
1787108100|20260819105500|947.55
1787108160|20260819105600|947.51
1787108220|20260819105700|947.16
1787108280|20260819105800|947.47
1787108340|20260819105900|947.47
1787108400|20260819110000|947.46
1787108460|20260819110100|947.63
1787108520|20260819110200|947.37
1787108580|20260819110300|947.60
1787108640|20260819110400|947.66
1787108700|20260819110500|947.89
1787108760|20260819110600|947.54
1787108820|20260819110700|947.39
1787108880|20260819110800|947.32
1787108940|20260819110900|947.56
1787109000|20260819111000|947.51
1787109060|20260819111100|947.66
1787109120|20260819111200|947.65
1787109180|20260819111300|947.67
1787109240|20260819111400|947.51
1787109300|20260819111500|947.58
1787109360|20260819111600|947.61
1787109420|20260819111700|947.56
1787109480|20260819111800|947.45
1787109540|20260819111900|947.45
1787109600|20260819112000|947.37
1787109660|20260819112100|947.47
1787109720|20260819112200|947.51
1787109780|20260819112300|947.56
1787109840|20260819112400|947.69
1787109900|20260819112500|947.89
1787109960|20260819112600|947.96
1787110020|20260819112700|947.96
1787110080|20260819112800|948.22
1787110140|20260819112900|948.34
1787110200|20260819113000|948.28
1787110260|20260819113100|948.28
1787110320|20260819113200|948.31
1787110380|20260819113300|948.34
1787110440|20260819113400|948.29
1787110500|20260819113500|948.29
1787110560|20260819113600|948.34
1787110620|20260819113700|948.40
1787110680|20260819113800|948.49
1787110740|20260819113900|948.66
1787110800|20260819114000|948.41
1787110860|20260819114100|948.39
1787110920|20260819114200|948.35
1787110980|20260819114300|948.34
1787111040|20260819114400|948.35
1787111100|20260819114500|948.35
1787111160|20260819114600|948.35
1787111220|20260819114700|948.35
1787111280|20260819114800|948.34
1787111340|20260819114900|948.32
1787111400|20260819115000|948.35
1787111460|20260819115100|948.35
1787111520|20260819115200|948.35
1787111580|20260819115300|948.35
1787111640|20260819115400|948.34
1787111700|20260819115500|948.03
1787111760|20260819115600|948.03
1787111820|20260819115700|948.05
1787111880|20260819115800|947.99
1787111940|20260819115900|947.99
1787112000|20260819120000|948.02
1787112060|20260819120100|947.99
1787112120|20260819120200|948.04
1787112180|20260819120300|948.05
1787112240|20260819120400|947.93
1787112300|20260819120500|947.76
1787112360|20260819120600|947.88
1787112420|20260819120700|947.84
1787112480|20260819120800|947.84
1787112540|20260819120900|947.87
1787112600|20260819121000|947.86
1787112660|20260819121100|947.88
1787112720|20260819121200|947.92
1787112780|20260819121300|947.93
1787112840|20260819121400|947.81
1787112900|20260819121500|947.88
1787112960|20260819121600|947.66
1787113020|20260819121700|947.59
1787113080|20260819121800|947.16
1787113140|20260819121900|947.47
1787113200|20260819122000|947.51
1787113260|20260819122100|947.33
1787113320|20260819122200|947.39
1787113380|20260819122300|947.41
1787113440|20260819122400|947.40
1787113500|20260819122500|947.33
1787113560|20260819122600|947.21
1787113620|20260819122700|947.21
1787113680|20260819122800|947.26
1787113740|20260819122900|947.16
1787113800|20260819123000|947.11
1787113860|20260819123100|947.14
1787113920|20260819123200|947.04
1787113980|20260819123300|947.05
1787114040|20260819123400|947.04
1787114100|20260819123500|947.05
1787114160|20260819123600|947.07
1787114220|20260819123700|947.07
1787114280|20260819123800|946.99
1787114340|20260819123900|946.48
1787114400|20260819124000|946.34
1787114460|20260819124100|946.36
1787114520|20260819124200|946.35
1787114580|20260819124300|946.28
1787114640|20260819124400|946.15
1787114700|20260819124500|946.15
1787114760|20260819124600|946.15
1787114820|20260819124700|946.15
1787114880|20260819124800|946.15
1787114940|20260819124900|946.19
1787115000|20260819125000|946.19
1787115060|20260819125100|946.14
1787115120|20260819125200|945.66
1787115180|20260819125300|946.07
1787115240|20260819125400|945.43
1787115300|20260819125500|945.53
1787115360|20260819125600|945.90
1787115420|20260819125700|945.70
1787115480|20260819125800|946.06
1787115540|20260819125900|946.26
1787115600|20260819130000|946.18
1787115660|20260819130100|946.40
1787115720|20260819130200|946.59
1787115780|20260819130300|946.16
1787115840|20260819130400|946.06
1787115900|20260819130500|945.90
1787115960|20260819130600|946.10
1787116020|20260819130700|945.21
1787116080|20260819130800|945.23
1787116140|20260819130900|945.04
1787116200|20260819131000|944.81
1787116260|20260819131100|944.79
1787116320|20260819131200|944.52
1787116380|20260819131300|944.41
1787116440|20260819131400|944.08
1787116500|20260819131500|944.06
1787116560|20260819131600|943.93
1787116620|20260819131700|943.90
1787116680|20260819131800|943.54
1787116740|20260819131900|943.66
1787116800|20260819132000|943.71
1787116860|20260819132100|943.99
1787116920|20260819132200|944.39
1787116980|20260819132300|944.29
1787117040|20260819132400|944.74
1787117100|20260819132500|944.66
1787117160|20260819132600|944.54
1787117220|20260819132700|944.72
1787117280|20260819132800|945.07
1787117340|20260819132900|945.40
1787117400|20260819133000|945.51
1787117460|20260819133100|944.10
1787117520|20260819133200|944.13
1787117580|20260819133300|943.92
1787117640|20260819133400|944.49
1787117700|20260819133500|943.88
1787117760|20260819133600|944.07
1787117820|20260819133700|944.40
1787117880|20260819133800|943.95
1787117940|20260819133900|944.37
1787118000|20260819134000|944.84
1787118060|20260819134100|944.65
1787118120|20260819134200|944.57
1787118180|20260819134300|944.95
1787118240|20260819134400|944.52
1787118300|20260819134500|944.86
1787118360|20260819134600|944.16
1787118420|20260819134700|944.04
1787118480|20260819134800|943.48
1787118540|20260819134900|943.94
1787118600|20260819135000|943.59
1787118660|20260819135100|943.63
1787118720|20260819135200|943.48
1787118780|20260819135300|943.35
1787118840|20260819135400|943.67
1787118900|20260819135500|943.36
1787118960|20260819135600|943.40
1787119020|20260819135700|943.50
1787119080|20260819135800|943.82
1787119140|20260819135900|943.62
1787119200|20260819140000|943.39
1787119260|20260819140100|944.20
1787119320|20260819140200|943.48
1787119380|20260819140300|943.91
1787119440|20260819140400|943.61
1787119500|20260819140500|943.78
1787119560|20260819140600|943.98
1787119620|20260819140700|943.67
1787119680|20260819140800|943.72
1787119740|20260819140900|943.88
1787119800|20260819141000|943.89
1787119860|20260819141100|944.31
1787119920|20260819141200|943.94
1787119980|20260819141300|943.96
1787120040|20260819141400|943.53
1787120100|20260819141500|943.57
1787120160|20260819141600|944.08
1787120220|20260819141700|944.28
1787120280|20260819141800|944.58
1787120340|20260819141900|945.05
1787120400|20260819142000|945.06
1787120460|20260819142100|945.34
1787120520|20260819142200|945.31
1787120580|20260819142300|945.10
1787120640|20260819142400|945.20
1787120700|20260819142500|945.07
1787120760|20260819142600|945.02
1787120820|20260819142700|944.64
1787120880|20260819142800|944.24
1787120940|20260819142900|943.96
1787121000|20260819143000|944.35
1787121060|20260819143100|943.94
1787121120|20260819143200|943.55
1787121180|20260819143300|943.59
1787121240|20260819143400|943.72
1787121300|20260819143500|943.64
1787121360|20260819143600|943.76
1787121420|20260819143700|944.21
1787121480|20260819143800|944.75
1787121540|20260819143900|944.54
1787121600|20260819144000|944.67
1787121660|20260819144100|944.58
1787121720|20260819144200|944.53
1787121780|20260819144300|944.49
1787121840|20260819144400|944.54
1787121900|20260819144500|944.29
1787121960|20260819144600|944.22
1787122020|20260819144700|944.48
1787122080|20260819144800|944.40
1787122140|20260819144900|944.43
1787122200|20260819145000|944.50
1787122260|20260819145100|944.80
1787122320|20260819145200|945.05
1787122380|20260819145300|945.11
1787122440|20260819145400|945.27
1787122500|20260819145500|945.42
1787122560|20260819145600|945.70
1787122620|20260819145700|945.75
1787122680|20260819145800|945.66
1787122740|20260819145900|945.72
1787122800|20260819150000|945.98
1787122860|20260819150100|946.06
1787122920|20260819150200|945.94
1787122980|20260819150300|946.20
1787123040|20260819150400|946.29
1787123100|20260819150500|945.82
1787123160|20260819150600|945.95
1787123220|20260819150700|945.93
1787123280|20260819150800|946.16
1787123340|20260819150900|946.23
1787123400|20260819151000|946.67
1787123460|20260819151100|946.64
1787123520|20260819151200|946.49
1787123580|20260819151300|946.48
1787123640|20260819151400|946.44
1787123700|20260819151500|946.32
1787123760|20260819151600|946.08
1787123820|20260819151700|946.14
1787123880|20260819151800|946.23
1787123940|20260819151900|946.44
1787124000|20260819152000|946.55
1787124060|20260819152100|946.47
1787124120|20260819152200|946.61
1787124180|20260819152300|946.89
1787124240|20260819152400|947.02
1787124300|20260819152500|947.12
1787124360|20260819152600|947.03
1787124420|20260819152700|947.46
1787124480|20260819152800|947.80
1787124540|20260819152900|947.50
1787124600|20260819153000|947.49
1787124660|20260819153100|947.65
1787124720|20260819153200|947.83
1787124780|20260819153300|947.96
1787124840|20260819153400|948.26
1787124900|20260819153500|948.17
1787124960|20260819153600|948.40
1787125020|20260819153700|948.67
1787125080|20260819153800|948.18
1787125140|20260819153900|947.91
1787125200|20260819154000|947.77
1787125260|20260819154100|947.64
1787125320|20260819154200|947.57
1787125380|20260819154300|947.35
1787125440|20260819154400|946.85
1787125500|20260819154500|947.06
1787125560|20260819154600|947.18
1787125620|20260819154700|947.28
1787125680|20260819154800|947.09
1787125740|20260819154900|947.55
1787125800|20260819155000|947.44
1787125860|20260819155100|947.37
1787125920|20260819155200|947.47
1787125980|20260819155300|947.40
1787126040|20260819155400|947.33
1787126100|20260819155500|947.29
1787126160|20260819155600|947.20
1787126220|20260819155700|947.18
