1786464004|20260812000004|950.85
1786464015|20260812000015|950.64
1786464020|20260812000020|950.68
1786464025|20260812000025|950.82
1786464035|20260812000035|950.60
1786464045|20260812000045|950.59
1786464055|20260812000055|950.75
1786464065|20260812000105|950.60
1786464070|20260812000110|950.70
1786464075|20260812000115|950.65
1786464080|20260812000120|950.48
1786464085|20260812000125|950.51
1786464095|20260812000135|950.66
1786464100|20260812000140|950.61
1786464120|20260812000200|950.49
1786464125|20260812000205|950.54
1786464130|20260812000210|950.48
1786464135|20260812000215|950.42
1786464140|20260812000220|950.41
1786464145|20260812000225|950.34
1786464155|20260812000235|950.58
1786464160|20260812000240|950.56
1786464165|20260812000245|950.58
1786464170|20260812000250|950.62
1786464175|20260812000255|950.54
1786464180|20260812000300|950.47
1786464185|20260812000305|950.50
1786464195|20260812000315|950.48
1786464200|20260812000320|950.51
1786464215|20260812000335|950.43
1786464225|20260812000345|950.45
1786464230|20260812000350|950.47
1786464235|20260812000355|950.49
1786464240|20260812000400|950.48
1786464245|20260812000405|950.53
1786464255|20260812000415|950.58
1786464260|20260812000420|950.40
1786464265|20260812000425|950.37
1786464300|20260812000500|950.04
1786464305|20260812000505|950.01
1786464310|20260812000510|949.84
1786464315|20260812000515|949.89
1786464320|20260812000520|950.00
1786464325|20260812000525|949.88
1786464335|20260812000535|950.07
1786464340|20260812000540|950.03
1786464345|20260812000545|949.99
1786464350|20260812000550|949.95
1786464355|20260812000555|949.93
1786464360|20260812000600|950.03
1786464365|20260812000605|950.02
1786464370|20260812000610|949.96
1786464375|20260812000615|949.91
1786464380|20260812000620|949.86
1786464395|20260812000635|949.80
1786464400|20260812000640|949.84
1786464405|20260812000645|949.82
1786464415|20260812000655|949.81
1786464420|20260812000700|949.71
1786464430|20260812000710|949.67
1786464435|20260812000715|949.65
1786464440|20260812000720|949.60
1786464445|20260812000725|949.76
1786464455|20260812000735|949.75
1786464460|20260812000740|949.84
1786464465|20260812000745|949.68
1786464470|20260812000750|949.66
1786464475|20260812000755|949.69
1786464480|20260812000800|949.55
1786464485|20260812000805|949.57
1786464490|20260812000810|949.71
1786464500|20260812000820|949.66
1786464505|20260812000825|949.68
1786464515|20260812000835|949.78
1786464520|20260812000840|949.81
1786464525|20260812000845|949.82
1786464530|20260812000850|949.86
1786464540|20260812000900|949.87
1786464545|20260812000905|949.83
1786464550|20260812000910|949.86
1786464555|20260812000915|949.95
1786464560|20260812000920|950.16
1786464605|20260812001005|949.93
1786464625|20260812001025|949.89
1786464635|20260812001035|950.00
1786464650|20260812001050|949.89
1786464660|20260812001100|949.82
1786464670|20260812001110|949.96
1786464675|20260812001115|949.93
1786464680|20260812001120|950.01
1786464685|20260812001125|950.16
1786464695|20260812001135|949.92
1786464700|20260812001140|949.94
1786464705|20260812001145|949.92
1786464710|20260812001150|949.78
1786464715|20260812001155|949.79
1786464725|20260812001205|950.07
1786464730|20260812001210|950.02
1786464735|20260812001215|950.01
1786464740|20260812001220|950.01
1786464745|20260812001225|950.01
1786464750|20260812001230|949.96
1786464755|20260812001235|949.96
1786464760|20260812001240|949.78
1786464765|20260812001245|949.71
1786464775|20260812001255|949.71
1786464780|20260812001300|949.68
1786464785|20260812001305|949.71
1786464790|20260812001310|949.69
1786464800|20260812001320|949.64
1786464805|20260812001325|949.58
1786464815|20260812001335|949.56
1786464820|20260812001340|949.58
1786464825|20260812001345|949.53
1786464830|20260812001350|949.59
1786464835|20260812001355|949.65
1786464840|20260812001400|949.66
1786464845|20260812001405|949.68
1786464850|20260812001410|949.76
1786464855|20260812001415|949.70
1786464860|20260812001420|949.69
1786464865|20260812001425|949.74
1786464900|20260812001500|949.68
1786464905|20260812001505|949.76
1786464910|20260812001510|949.78
1786464915|20260812001515|949.73
1786464920|20260812001520|949.75
1786464925|20260812001525|949.71
1786464935|20260812001535|949.78
1786464940|20260812001540|949.70
1786464945|20260812001545|949.73
1786464955|20260812001555|949.80
1786464960|20260812001600|949.88
1786464970|20260812001610|949.88
1786464980|20260812001620|949.86
1786465000|20260812001640|949.80
1786465005|20260812001645|949.94
1786465010|20260812001650|949.86
1786465015|20260812001655|949.91
1786465025|20260812001705|949.88
1786465030|20260812001710|949.85
1786465035|20260812001715|949.90
1786465040|20260812001720|950.02
1786465055|20260812001735|950.02
1786465060|20260812001740|950.01
1786465070|20260812001750|950.00
1786465075|20260812001755|950.10
1786465085|20260812001805|949.98
1786465095|20260812001815|950.03
1786465100|20260812001820|949.99
1786465105|20260812001825|949.99
1786465115|20260812001835|949.90
1786465120|20260812001840|949.87
1786465130|20260812001850|949.80
1786465135|20260812001855|949.80
1786465145|20260812001905|949.69
1786465150|20260812001910|949.68
1786465155|20260812001915|949.68
1786465160|20260812001920|949.75
1786465165|20260812001925|949.72
1786465200|20260812002000|949.59
1786465205|20260812002005|949.56
1786465210|20260812002010|949.56
1786465215|20260812002015|949.58
1786465220|20260812002020|949.57
1786465225|20260812002025|949.61
1786465235|20260812002035|949.68
1786465240|20260812002040|949.70
1786465245|20260812002045|949.64
1786465250|20260812002050|949.78
1786465255|20260812002055|949.82
1786465265|20260812002105|949.79
1786465270|20260812002110|949.81
1786465275|20260812002115|949.72
1786465280|20260812002120|949.88
1786465285|20260812002125|949.97
1786465295|20260812002135|949.96
1786465300|20260812002140|949.95
1786465305|20260812002145|949.88
1786465310|20260812002150|949.98
1786465315|20260812002155|949.89
1786465320|20260812002200|949.90
1786465325|20260812002205|949.94
1786465330|20260812002210|950.03
1786465340|20260812002220|949.89
1786465345|20260812002225|949.97
1786465355|20260812002235|950.05
1786465360|20260812002240|950.17
1786465365|20260812002245|950.17
1786465370|20260812002250|950.30
1786465375|20260812002255|950.34
1786465385|20260812002305|950.31
1786465390|20260812002310|950.30
1786465395|20260812002315|950.30
1786465400|20260812002320|950.43
1786465405|20260812002325|950.33
1786465415|20260812002335|950.37
1786465420|20260812002340|950.27
1786465425|20260812002345|950.34
1786465430|20260812002350|950.32
1786465435|20260812002355|950.29
1786465445|20260812002405|950.25
1786465450|20260812002410|950.21
1786465455|20260812002415|950.24
1786465460|20260812002420|950.29
1786465465|20260812002425|950.20
1786465480|20260812002440|950.07
1786465500|20260812002500|950.13
1786465505|20260812002505|950.10
1786465510|20260812002510|950.19
1786465515|20260812002515|950.15
1786465520|20260812002520|950.18
1786465535|20260812002535|950.08
1786465540|20260812002540|950.05
1786465545|20260812002545|950.10
1786465550|20260812002550|950.08
1786465555|20260812002555|950.10
1786465560|20260812002600|950.02
1786465565|20260812002605|950.01
1786465570|20260812002610|950.05
1786465575|20260812002615|950.05
1786465580|20260812002620|950.01
1786465585|20260812002625|950.04
1786465595|20260812002635|950.00
1786465600|20260812002640|950.02
1786465610|20260812002650|950.07
1786465615|20260812002655|950.13
1786465625|20260812002705|950.02
1786465630|20260812002710|949.99
1786465640|20260812002720|950.15
1786465645|20260812002725|950.34
1786465655|20260812002735|950.28
1786465660|20260812002740|950.31
1786465665|20260812002745|950.27
1786465675|20260812002755|950.33
1786465680|20260812002800|950.46
1786465685|20260812002805|950.44
1786465690|20260812002810|950.42
1786465700|20260812002820|950.46
1786465705|20260812002825|950.49
1786465715|20260812002835|950.52
1786465725|20260812002845|950.45
1786465735|20260812002855|950.36
1786465740|20260812002900|950.37
1786465745|20260812002905|950.23
1786465750|20260812002910|950.21
1786465755|20260812002915|950.28
1786465760|20260812002920|950.30
1786465795|20260812002955|950.36
1786465805|20260812003005|950.42
1786465815|20260812003015|950.32
1786465820|20260812003020|950.27
1786465825|20260812003025|950.22
1786465835|20260812003035|950.26
1786465840|20260812003040|950.27
1786465850|20260812003050|950.21
1786465855|20260812003055|950.33
1786465885|20260812003125|950.16
1786465895|20260812003135|950.09
1786465900|20260812003140|949.98
1786465905|20260812003145|950.05
1786465910|20260812003150|950.13
1786465925|20260812003205|950.10
1786465940|20260812003220|950.20
1786465945|20260812003225|950.12
1786465955|20260812003235|949.96
1786465960|20260812003240|949.93
1786465965|20260812003245|949.92
1786465970|20260812003250|949.95
1786465975|20260812003255|949.92
1786465980|20260812003300|949.83
1786465985|20260812003305|949.78
1786465990|20260812003310|949.83
1786465995|20260812003315|949.84
1786466000|20260812003320|949.86
1786466005|20260812003325|949.88
1786466015|20260812003335|949.95
1786466020|20260812003340|950.03
1786466025|20260812003345|949.95
1786466030|20260812003350|949.89
1786466035|20260812003355|949.95
1786466040|20260812003400|949.97
1786466045|20260812003405|950.03
1786466055|20260812003415|950.08
1786466060|20260812003420|950.12
1786466065|20260812003425|950.27
1786466090|20260812003450|950.27
1786466100|20260812003500|950.34
1786466105|20260812003505|950.34
1786466110|20260812003510|950.34
1786466115|20260812003515|950.34
1786466135|20260812003535|950.56
1786466140|20260812003540|950.53
1786466145|20260812003545|950.79
1786466155|20260812003555|950.69
1786466170|20260812003610|950.70
1786466175|20260812003615|950.77
1786466195|20260812003635|950.83
1786466200|20260812003640|950.80
1786466205|20260812003645|950.78
1786466210|20260812003650|950.73
1786466215|20260812003655|950.70
1786466220|20260812003700|950.74
1786466225|20260812003705|950.74
1786466230|20260812003710|950.70
1786466235|20260812003715|950.72
1786466240|20260812003720|950.65
1786466245|20260812003725|950.57
1786466255|20260812003735|950.57
1786466260|20260812003740|950.57
1786466275|20260812003755|950.63
1786466280|20260812003800|950.63
1786466290|20260812003810|950.58
1786466295|20260812003815|950.60
1786466300|20260812003820|950.62
1786466305|20260812003825|950.54
1786466320|20260812003840|950.54
1786466325|20260812003845|950.51
1786466335|20260812003855|950.43
1786466340|20260812003900|950.51
1786466345|20260812003905|950.49
1786466350|20260812003910|950.50
1786466355|20260812003915|950.49
1786466360|20260812003920|950.53
1786466365|20260812003925|950.50
1786466405|20260812004005|950.59
1786466410|20260812004010|950.56
1786466415|20260812004015|950.55
1786466420|20260812004020|950.55
1786466435|20260812004035|950.52
1786466440|20260812004040|950.53
1786466445|20260812004045|950.58
1786466455|20260812004055|950.50
1786466460|20260812004100|950.51
1786466465|20260812004105|950.52
1786466470|20260812004110|950.65
1786466475|20260812004115|950.81
1786466480|20260812004120|950.78
1786466485|20260812004125|950.73
1786466495|20260812004135|950.72
1786466500|20260812004140|950.69
1786466505|20260812004145|950.69
1786466510|20260812004150|950.71
1786466515|20260812004155|950.76
1786466525|20260812004205|950.77
1786466530|20260812004210|950.88
1786466535|20260812004215|950.87
1786466545|20260812004225|950.87
1786466555|20260812004235|950.79
1786466560|20260812004240|950.78
1786466565|20260812004245|950.77
1786466570|20260812004250|950.75
1786466575|20260812004255|950.79
1786466580|20260812004300|950.72
1786466585|20260812004305|950.74
1786466590|20260812004310|950.73
1786466595|20260812004315|950.71
1786466600|20260812004320|950.77
1786466605|20260812004325|950.83
1786466615|20260812004335|950.88
1786466620|20260812004340|950.88
1786466630|20260812004350|950.84
1786466645|20260812004405|950.82
1786466650|20260812004410|950.77
1786466655|20260812004415|950.80
1786466660|20260812004420|950.84
1786466665|20260812004425|950.82
1786466700|20260812004500|950.83
1786466705|20260812004505|950.85
1786466710|20260812004510|950.87
1786466715|20260812004515|950.85
1786466720|20260812004520|950.91
1786466725|20260812004525|950.83
1786466735|20260812004535|950.94
1786466740|20260812004540|950.95
1786466750|20260812004550|950.89
1786466755|20260812004555|950.89
1786466765|20260812004605|950.90
1786466770|20260812004610|950.85
1786466775|20260812004615|950.81
1786466780|20260812004620|950.71
1786466785|20260812004625|950.68
1786466795|20260812004635|950.62
1786466800|20260812004640|950.62
1786466805|20260812004645|950.60
1786466810|20260812004650|950.60
1786466815|20260812004655|950.59
1786466830|20260812004710|950.49
1786466835|20260812004715|950.51
1786466845|20260812004725|950.46
1786466860|20260812004740|950.43
1786466865|20260812004745|950.47
1786466870|20260812004750|950.42
1786466875|20260812004755|950.46
1786466880|20260812004800|950.45
1786466885|20260812004805|950.60
1786466895|20260812004815|950.42
1786466900|20260812004820|950.45
1786466905|20260812004825|950.46
1786466915|20260812004835|950.54
1786466920|20260812004840|950.46
1786466925|20260812004845|950.49
1786466930|20260812004850|950.51
1786466935|20260812004855|950.52
1786466940|20260812004900|950.52
1786466950|20260812004910|950.39
1786466955|20260812004915|950.39
1786466960|20260812004920|950.32
1786466965|20260812004925|950.32
1786467005|20260812005005|950.45
1786467010|20260812005010|950.45
1786467020|20260812005020|950.30
1786467025|20260812005025|950.31
1786467040|20260812005040|950.20
1786467045|20260812005045|950.15
1786467050|20260812005050|950.19
1786467055|20260812005055|950.22
1786467065|20260812005105|950.24
1786467070|20260812005110|950.09
1786467075|20260812005115|950.14
1786467080|20260812005120|950.14
1786467085|20260812005125|950.19
1786467095|20260812005135|950.28
1786467115|20260812005155|950.16
1786467130|20260812005210|950.26
1786467135|20260812005215|950.24
1786467140|20260812005220|950.26
1786467145|20260812005225|950.21
1786467160|20260812005240|950.13
1786467165|20260812005245|950.22
1786467170|20260812005250|950.23
1786467175|20260812005255|950.19
1786467180|20260812005300|950.17
1786467185|20260812005305|950.08
1786467190|20260812005310|950.06
1786467195|20260812005315|950.20
1786467200|20260812005320|950.18
1786467215|20260812005335|950.16
1786467220|20260812005340|950.18
1786467225|20260812005345|950.18
1786467235|20260812005355|950.17
1786467245|20260812005405|950.14
1786467250|20260812005410|950.17
1786467255|20260812005415|950.11
1786467310|20260812005510|950.25
1786467315|20260812005515|950.28
1786467320|20260812005520|950.26
1786467325|20260812005525|950.20
1786467335|20260812005535|950.29
1786467340|20260812005540|950.40
1786467345|20260812005545|950.45
1786467350|20260812005550|950.34
1786467355|20260812005555|950.35
1786467365|20260812005605|950.34
1786467370|20260812005610|950.32
1786467375|20260812005615|950.27
1786467380|20260812005620|950.37
1786467385|20260812005625|950.37
1786467395|20260812005635|950.34
1786467405|20260812005645|950.46
1786467410|20260812005650|950.44
1786467425|20260812005705|950.53
1786467430|20260812005710|950.53
1786467435|20260812005715|950.78
1786467440|20260812005720|950.77
1786467445|20260812005725|950.80
1786467460|20260812005740|950.82
1786467465|20260812005745|950.83
1786467475|20260812005755|950.81
1786467485|20260812005805|950.85
1786467490|20260812005810|950.90
1786467500|20260812005820|950.74
1786467505|20260812005825|950.67
1786467515|20260812005835|950.73
1786467520|20260812005840|950.69
1786467525|20260812005845|950.66
1786467550|20260812005910|950.61
1786467555|20260812005915|950.66
1786467565|20260812005925|950.68
1786467600|20260812010000|950.65
1786467605|20260812010005|950.73
1786467610|20260812010010|950.73
1786467615|20260812010015|950.65
1786467620|20260812010020|950.68
1786467635|20260812010035|950.56
1786467640|20260812010040|950.57
1786467650|20260812010050|950.61
1786467655|20260812010055|950.65
1786467665|20260812010105|950.58
1786467670|20260812010110|950.57
1786467675|20260812010115|950.47
1786467680|20260812010120|950.49
1786467685|20260812010125|950.53
1786467695|20260812010135|950.64
1786467700|20260812010140|950.69
1786467705|20260812010145|950.86
1786467715|20260812010155|950.90
1786467725|20260812010205|950.79
1786467730|20260812010210|950.92
1786467735|20260812010215|950.87
1786467740|20260812010220|950.97
1786467745|20260812010225|950.85
1786467755|20260812010235|950.67
1786467760|20260812010240|950.71
1786467765|20260812010245|950.73
1786467770|20260812010250|950.50
1786467775|20260812010255|950.45
1786467780|20260812010300|950.42
1786467785|20260812010305|950.53
1786467790|20260812010310|950.50
1786467795|20260812010315|950.45
1786467800|20260812010320|950.44
1786467805|20260812010325|950.37
1786467815|20260812010335|950.45
1786467820|20260812010340|950.52
1786467825|20260812010345|950.57
1786467830|20260812010350|950.58
1786467845|20260812010405|950.55
1786467855|20260812010415|950.48
1786467860|20260812010420|950.58
1786467865|20260812010425|950.56
1786467905|20260812010505|950.55
1786467910|20260812010510|950.58
1786467915|20260812010515|950.58
1786467920|20260812010520|950.54
1786467935|20260812010535|950.66
1786467940|20260812010540|950.60
1786467945|20260812010545|950.62
1786467950|20260812010550|950.55
1786467955|20260812010555|950.46
1786467960|20260812010600|950.32
1786467965|20260812010605|950.37
1786467970|20260812010610|950.32
1786467975|20260812010615|950.32
1786467980|20260812010620|950.27
1786467985|20260812010625|950.29
1786468000|20260812010640|950.20
1786468005|20260812010645|950.21
1786468015|20260812010655|950.38
1786468030|20260812010710|950.39
1786468035|20260812010715|950.45
1786468040|20260812010720|950.44
1786468045|20260812010725|950.48
1786468055|20260812010735|950.62
1786468065|20260812010745|950.59
1786468070|20260812010750|950.58
1786468075|20260812010755|950.50
1786468085|20260812010805|950.51
1786468095|20260812010815|950.61
1786468100|20260812010820|950.92
1786468105|20260812010825|951.02
1786468115|20260812010835|950.94
1786468120|20260812010840|950.90
1786468125|20260812010845|950.87
1786468130|20260812010850|950.76
1786468135|20260812010855|950.80
1786468145|20260812010905|950.87
1786468150|20260812010910|950.88
1786468155|20260812010915|950.78
1786468160|20260812010920|950.69
1786468165|20260812010925|950.66
1786468175|20260812010935|950.77
1786468200|20260812011000|950.81
1786468205|20260812011005|950.72
1786468210|20260812011010|950.70
1786468215|20260812011015|950.70
1786468220|20260812011020|950.67
1786468225|20260812011025|950.69
1786468235|20260812011035|950.68
1786468240|20260812011040|950.63
1786468245|20260812011045|950.66
1786468250|20260812011050|950.61
1786468255|20260812011055|950.65
1786468265|20260812011105|950.59
1786468270|20260812011110|950.59
1786468275|20260812011115|950.55
1786468280|20260812011120|950.58
1786468285|20260812011125|950.61
1786468295|20260812011135|950.62
1786468300|20260812011140|950.50
1786468305|20260812011145|950.41
1786468325|20260812011205|950.51
1786468330|20260812011210|950.50
1786468335|20260812011215|950.46
1786468340|20260812011220|950.35
1786468345|20260812011225|950.39
1786468355|20260812011235|950.41
1786468360|20260812011240|950.39
1786468365|20260812011245|950.32
1786468370|20260812011250|950.25
1786468375|20260812011255|950.27
1786468380|20260812011300|950.31
1786468385|20260812011305|950.35
1786468390|20260812011310|950.36
1786468395|20260812011315|950.12
1786468400|20260812011320|950.15
1786468405|20260812011325|950.15
1786468415|20260812011335|950.12
1786468420|20260812011340|950.22
1786468425|20260812011345|950.22
1786468430|20260812011350|950.28
1786468435|20260812011355|950.29
1786468440|20260812011400|950.34
1786468445|20260812011405|950.38
1786468450|20260812011410|950.39
1786468455|20260812011415|950.28
1786468460|20260812011420|950.29
1786468465|20260812011425|950.32
1786468500|20260812011500|950.13
1786468505|20260812011505|949.98
1786468510|20260812011510|950.00
1786468515|20260812011515|950.14
1786468520|20260812011520|950.13
1786468525|20260812011525|950.11
1786468535|20260812011535|950.10
1786468540|20260812011540|950.09
1786468545|20260812011545|950.07
1786468550|20260812011550|950.09
1786468555|20260812011555|950.09
1786468560|20260812011600|950.11
1786468570|20260812011610|950.07
1786468575|20260812011615|950.10
1786468580|20260812011620|950.02
1786468585|20260812011625|949.99
1786468595|20260812011635|950.06
1786468600|20260812011640|950.02
1786468605|20260812011645|950.03
1786468610|20260812011650|949.94
1786468615|20260812011655|949.90
1786468625|20260812011705|949.99
1786468630|20260812011710|950.02
1786468635|20260812011715|950.06
1786468640|20260812011720|950.23
1786468645|20260812011725|950.23
1786468655|20260812011735|950.41
1786468660|20260812011740|950.44
1786468665|20260812011745|950.53
1786468670|20260812011750|950.59
1786468675|20260812011755|950.57
1786468680|20260812011800|950.57
1786468685|20260812011805|950.61
1786468690|20260812011810|950.57
1786468700|20260812011820|950.49
1786468705|20260812011825|950.50
1786468720|20260812011840|950.38
1786468725|20260812011845|950.27
1786468730|20260812011850|950.30
1786468735|20260812011855|950.34
1786468740|20260812011900|950.38
1786468745|20260812011905|950.28
1786468750|20260812011910|950.28
1786468755|20260812011915|950.25
1786468760|20260812011920|950.24
1786468805|20260812012005|950.52
1786468810|20260812012010|950.57
1786468815|20260812012015|950.52
1786468820|20260812012020|950.53
1786468825|20260812012025|950.55
1786468840|20260812012040|950.73
1786468845|20260812012045|950.78
1786468850|20260812012050|950.71
1786468860|20260812012100|950.67
1786468865|20260812012105|950.68
1786468870|20260812012110|950.59
1786468875|20260812012115|950.52
1786468880|20260812012120|950.53
1786468885|20260812012125|950.47
1786468895|20260812012135|950.53
1786468900|20260812012140|950.56
1786468905|20260812012145|950.61
1786468910|20260812012150|950.68
1786468915|20260812012155|950.68
1786468920|20260812012200|950.70
1786468925|20260812012205|950.62
1786468935|20260812012215|950.54
1786468940|20260812012220|950.41
1786468945|20260812012225|950.33
1786468955|20260812012235|950.26
1786468960|20260812012240|950.19
1786468965|20260812012245|950.18
1786468970|20260812012250|950.18
1786468975|20260812012255|950.11
1786468980|20260812012300|950.11
1786468985|20260812012305|949.96
1786468990|20260812012310|950.10
1786468995|20260812012315|950.09
1786469005|20260812012325|949.93
1786469015|20260812012335|949.92
1786469020|20260812012340|949.86
1786469025|20260812012345|949.97
1786469035|20260812012355|949.98
1786469040|20260812012400|950.01
1786469045|20260812012405|949.97
1786469050|20260812012410|949.97
1786469055|20260812012415|950.06
1786469060|20260812012420|950.06
1786469100|20260812012500|950.05
1786469105|20260812012505|950.07
1786469110|20260812012510|950.15
1786469115|20260812012515|950.18
1786469120|20260812012520|950.30
1786469125|20260812012525|950.26
1786469135|20260812012535|950.18
1786469140|20260812012540|950.15
1786469145|20260812012545|950.00
1786469150|20260812012550|949.96
1786469155|20260812012555|949.99
1786469160|20260812012600|950.03
1786469165|20260812012605|949.97
1786469170|20260812012610|949.93
1786469175|20260812012615|949.92
1786469180|20260812012620|949.95
1786469185|20260812012625|949.99
1786469195|20260812012635|949.99
1786469200|20260812012640|950.13
1786469205|20260812012645|950.22
1786469210|20260812012650|950.21
1786469215|20260812012655|950.20
1786469225|20260812012705|950.16
1786469230|20260812012710|950.04
1786469235|20260812012715|950.01
1786469240|20260812012720|949.95
1786469245|20260812012725|949.89
1786469255|20260812012735|950.03
1786469260|20260812012740|949.98
1786469265|20260812012745|949.83
1786469270|20260812012750|949.82
1786469275|20260812012755|949.77
1786469280|20260812012800|949.79
1786469285|20260812012805|949.76
1786469290|20260812012810|949.76
1786469300|20260812012820|949.70
1786469305|20260812012825|949.76
1786469325|20260812012845|949.90
1786469330|20260812012850|949.93
1786469335|20260812012855|949.99
1786469340|20260812012900|949.84
1786469345|20260812012905|949.87
1786469350|20260812012910|950.27
1786469355|20260812012915|950.53
1786469360|20260812012920|950.57
1786469365|20260812012925|950.41
1786469410|20260812013010|950.21
1786469425|20260812013025|950.00
1786469440|20260812013040|949.75
1786469445|20260812013045|949.69
1786469450|20260812013050|949.73
1786469455|20260812013055|949.58
1786469465|20260812013105|949.71
1786469470|20260812013110|949.76
1786469475|20260812013115|949.84
1786469480|20260812013120|949.75
1786469485|20260812013125|949.70
1786469495|20260812013135|949.69
1786469500|20260812013140|949.63
1786469505|20260812013145|949.56
1786469515|20260812013155|949.57
1786469520|20260812013200|949.48
1786469525|20260812013205|949.51
1786469530|20260812013210|949.55
1786469535|20260812013215|949.55
1786469540|20260812013220|949.56
1786469545|20260812013225|949.56
1786469555|20260812013235|949.46
1786469560|20260812013240|949.32
1786469565|20260812013245|949.40
1786469570|20260812013250|949.39
1786469575|20260812013255|949.46
1786469580|20260812013300|949.39
1786469585|20260812013305|949.52
1786469600|20260812013320|949.42
1786469605|20260812013325|949.43
1786469615|20260812013335|949.51
1786469620|20260812013340|949.41
1786469625|20260812013345|949.43
1786469630|20260812013350|949.43
1786469635|20260812013355|949.46
1786469645|20260812013405|949.36
1786469650|20260812013410|949.36
1786469655|20260812013415|949.61
1786469660|20260812013420|949.61
1786469665|20260812013425|949.63
1786469705|20260812013505|949.13
1786469710|20260812013510|949.04
1786469715|20260812013515|949.18
1786469720|20260812013520|949.06
1786469725|20260812013525|949.06
1786469735|20260812013535|949.15
1786469745|20260812013545|949.19
1786469750|20260812013550|949.22
1786469755|20260812013555|949.28
1786469765|20260812013605|949.26
1786469770|20260812013610|949.28
1786469775|20260812013615|949.21
1786469785|20260812013625|949.14
1786469795|20260812013635|949.10
1786469800|20260812013640|949.14
1786469805|20260812013645|949.07
1786469810|20260812013650|949.08
1786469815|20260812013655|948.97
1786469825|20260812013705|948.99
1786469830|20260812013710|948.86
1786469835|20260812013715|948.75
1786469840|20260812013720|948.71
1786469845|20260812013725|948.75
1786469855|20260812013735|948.85
1786469860|20260812013740|948.75
1786469865|20260812013745|948.82
1786469870|20260812013750|948.88
1786469875|20260812013755|948.89
1786469885|20260812013805|948.86
1786469890|20260812013810|948.96
1786469895|20260812013815|949.01
1786469900|20260812013820|949.05
1786469905|20260812013825|949.14
1786469920|20260812013840|949.19
1786469925|20260812013845|949.19
1786469930|20260812013850|949.12
1786469935|20260812013855|949.12
1786469950|20260812013910|949.22
1786469955|20260812013915|949.13
1786469960|20260812013920|949.01
1786469965|20260812013925|949.07
1786470000|20260812014000|949.20
1786470005|20260812014005|949.22
1786470010|20260812014010|949.33
1786470020|20260812014020|949.32
1786470025|20260812014025|949.38
1786470035|20260812014035|949.41
1786470040|20260812014040|949.37
1786470045|20260812014045|949.37
1786470050|20260812014050|949.37
1786470055|20260812014055|949.33
1786470065|20260812014105|949.29
1786470070|20260812014110|949.20
1786470080|20260812014120|949.19
1786470085|20260812014125|949.25
1786470095|20260812014135|949.28
1786470100|20260812014140|949.35
1786470105|20260812014145|949.37
1786470110|20260812014150|949.30
1786470115|20260812014155|949.29
1786470120|20260812014200|949.25
1786470125|20260812014205|949.20
1786470130|20260812014210|949.24
1786470135|20260812014215|949.42
1786470140|20260812014220|949.43
1786470145|20260812014225|949.47
1786470155|20260812014235|949.43
1786470160|20260812014240|949.35
1786470165|20260812014245|949.36
1786470170|20260812014250|949.35
1786470175|20260812014255|949.39
1786470185|20260812014305|949.30
1786470190|20260812014310|949.28
1786470200|20260812014320|949.28
1786470205|20260812014325|949.26
1786470215|20260812014335|949.25
1786470220|20260812014340|949.32
1786470225|20260812014345|949.38
1786470235|20260812014355|949.34
1786470240|20260812014400|949.30
1786470245|20260812014405|949.26
1786470255|20260812014415|949.28
1786470260|20260812014420|949.26
1786470300|20260812014500|949.11
1786470305|20260812014505|949.09
1786470310|20260812014510|949.02
1786470315|20260812014515|948.96
1786470320|20260812014520|948.92
1786470325|20260812014525|948.93
1786470335|20260812014535|948.86
1786470340|20260812014540|948.89
1786470345|20260812014545|948.88
1786470350|20260812014550|948.88
1786470355|20260812014555|948.83
1786470365|20260812014605|948.90
1786470370|20260812014610|948.88
1786470375|20260812014615|948.88
1786470380|20260812014620|948.78
1786470385|20260812014625|948.89
1786470395|20260812014635|948.92
1786470400|20260812014640|948.89
1786470405|20260812014645|948.99
1786470410|20260812014650|948.97
1786470415|20260812014655|949.06
1786470420|20260812014700|949.06
1786470425|20260812014705|949.03
1786470430|20260812014710|948.95
1786470435|20260812014715|948.96
1786470440|20260812014720|949.01
1786470445|20260812014725|949.05
1786470455|20260812014735|949.02
1786470460|20260812014740|949.12
1786470470|20260812014750|949.18
1786470480|20260812014800|949.18
1786470490|20260812014810|949.22
1786470495|20260812014815|949.22
1786470500|20260812014820|949.20
1786470515|20260812014835|949.22
1786470520|20260812014840|949.23
1786470525|20260812014845|949.28
1786470530|20260812014850|949.25
1786470535|20260812014855|949.24
1786470540|20260812014900|949.28
1786470545|20260812014905|949.26
1786470550|20260812014910|949.21
1786470555|20260812014915|949.25
1786470560|20260812014920|949.25
1786470565|20260812014925|949.24
1786470605|20260812015005|949.15
1786470610|20260812015010|949.13
1786470615|20260812015015|949.08
1786470620|20260812015020|949.06
1786470635|20260812015035|949.18
1786470640|20260812015040|949.18
1786470645|20260812015045|949.09
1786470650|20260812015050|949.12
1786470655|20260812015055|949.09
1786470665|20260812015105|949.11
1786470670|20260812015110|949.11
1786470675|20260812015115|949.00
1786470680|20260812015120|948.98
1786470685|20260812015125|948.96
1786470700|20260812015140|948.88
1786470705|20260812015145|948.89
1786470715|20260812015155|948.87
1786470720|20260812015200|948.92
1786470725|20260812015205|948.93
1786470730|20260812015210|948.93
1786470735|20260812015215|948.93
1786470740|20260812015220|948.97
1786470745|20260812015225|948.99
1786470755|20260812015235|948.91
1786470760|20260812015240|948.90
1786470765|20260812015245|948.86
1786470770|20260812015250|948.85
1786470775|20260812015255|948.84
1786470780|20260812015300|948.90
1786470785|20260812015305|948.83
1786470790|20260812015310|948.80
1786470795|20260812015315|948.88
1786470800|20260812015320|948.89
1786470815|20260812015335|948.60
1786470820|20260812015340|948.60
1786470825|20260812015345|948.65
1786470830|20260812015350|948.58
1786470835|20260812015355|948.59
1786470850|20260812015410|948.56
1786470860|20260812015420|948.56
1786470865|20260812015425|948.54
1786470900|20260812015500|948.40
1786470905|20260812015505|948.35
1786470910|20260812015510|948.39
1786470915|20260812015515|948.39
1786470925|20260812015525|948.34
1786470935|20260812015535|948.31
1786470940|20260812015540|948.32
1786470945|20260812015545|948.30
1786470955|20260812015555|948.33
1786470970|20260812015610|948.29
1786470975|20260812015615|948.33
1786470980|20260812015620|948.33
1786470985|20260812015625|948.43
1786470995|20260812015635|948.43
1786471000|20260812015640|948.43
1786471005|20260812015645|948.29
1786471010|20260812015650|948.31
1786471015|20260812015655|948.27
1786471025|20260812015705|948.11
1786471030|20260812015710|947.85
1786471035|20260812015715|947.76
1786471040|20260812015720|947.63
1786471045|20260812015725|947.62
1786471060|20260812015740|947.86
1786471070|20260812015750|947.93
1786471080|20260812015800|947.97
1786471085|20260812015805|947.91
1786471100|20260812015820|948.04
1786471105|20260812015825|948.03
1786471115|20260812015835|947.99
1786471120|20260812015840|948.01
1786471125|20260812015845|948.04
1786471130|20260812015850|947.97
1786471140|20260812015900|947.93
1786471155|20260812015915|947.82
1786471160|20260812015920|947.83
1786471165|20260812015925|947.86
1786471215|20260812020015|947.22
1786471220|20260812020020|947.54
1786471225|20260812020025|947.54
1786471235|20260812020035|947.28
1786471245|20260812020045|947.18
1786471250|20260812020050|947.31
1786471255|20260812020055|947.30
1786471265|20260812020105|947.26
1786471270|20260812020110|947.12
1786471275|20260812020115|947.15
1786471280|20260812020120|947.31
1786471285|20260812020125|947.26
1786471295|20260812020135|947.17
1786471300|20260812020140|947.31
1786471305|20260812020145|947.25
1786471310|20260812020150|947.23
1786471325|20260812020205|947.12
1786471330|20260812020210|947.07
1786471335|20260812020215|947.04
1786471340|20260812020220|946.99
1786471360|20260812020240|946.62
1786471365|20260812020245|946.62
1786471370|20260812020250|946.64
1786471375|20260812020255|946.64
1786471380|20260812020300|946.67
1786471385|20260812020305|946.72
1786471400|20260812020320|946.75
1786471405|20260812020325|946.91
1786471415|20260812020335|946.82
1786471420|20260812020340|946.63
1786471425|20260812020345|946.66
1786471430|20260812020350|946.86
1786471435|20260812020355|946.91
1786471445|20260812020405|946.82
1786471450|20260812020410|946.80
1786471455|20260812020415|946.83
1786471460|20260812020420|946.85
1786471465|20260812020425|946.82
1786471500|20260812020500|946.69
1786471505|20260812020505|946.76
1786471510|20260812020510|946.69
1786471515|20260812020515|946.80
1786471520|20260812020520|946.87
1786471525|20260812020525|946.90
1786471535|20260812020535|946.84
1786471540|20260812020540|946.80
1786471545|20260812020545|946.91
1786471550|20260812020550|946.85
1786471555|20260812020555|946.60
1786471560|20260812020600|946.63
1786471565|20260812020605|946.63
1786471570|20260812020610|946.80
1786471575|20260812020615|946.85
1786471580|20260812020620|946.81
1786471585|20260812020625|946.98
1786471595|20260812020635|946.56
1786471600|20260812020640|946.55
1786471605|20260812020645|946.54
1786471610|20260812020650|946.53
1786471615|20260812020655|946.61
1786471620|20260812020700|946.62
1786471625|20260812020705|946.35
1786471630|20260812020710|946.31
1786471635|20260812020715|946.24
1786471640|20260812020720|946.26
1786471645|20260812020725|946.27
1786471655|20260812020735|946.39
1786471660|20260812020740|946.43
1786471665|20260812020745|946.46
1786471675|20260812020755|946.44
1786471680|20260812020800|946.37
1786471685|20260812020805|946.37
1786471690|20260812020810|946.43
1786471700|20260812020820|946.19
1786471705|20260812020825|946.12
1786471715|20260812020835|946.12
1786471720|20260812020840|945.87
1786471725|20260812020845|945.78
1786471730|20260812020850|945.88
1786471735|20260812020855|945.92
1786471745|20260812020905|945.97
1786471750|20260812020910|945.94
1786471755|20260812020915|945.93
1786471765|20260812020925|945.86
1786471805|20260812021005|945.91
1786471810|20260812021010|945.80
1786471815|20260812021015|945.73
1786471820|20260812021020|945.67
1786471825|20260812021025|945.73
1786471835|20260812021035|945.81
1786471840|20260812021040|945.84
1786471845|20260812021045|945.84
1786471850|20260812021050|946.00
1786471855|20260812021055|946.03
1786471865|20260812021105|946.26
1786471870|20260812021110|946.21
1786471875|20260812021115|946.16
1786471880|20260812021120|946.00
1786471885|20260812021125|946.03
1786471895|20260812021135|946.03
1786471900|20260812021140|946.16
1786471905|20260812021145|946.25
1786471910|20260812021150|946.21
1786471915|20260812021155|946.35
1786471920|20260812021200|946.36
1786471925|20260812021205|946.38
1786471935|20260812021215|946.36
1786471940|20260812021220|946.31
1786471945|20260812021225|946.25
1786471955|20260812021235|946.26
1786471960|20260812021240|946.26
1786471965|20260812021245|946.23
1786471970|20260812021250|946.09
1786471975|20260812021255|946.10
1786471980|20260812021300|946.13
1786471990|20260812021310|946.24
1786471995|20260812021315|946.32
1786472000|20260812021320|946.29
1786472005|20260812021325|946.30
1786472020|20260812021340|946.32
1786472035|20260812021355|946.24
1786472045|20260812021405|946.17
1786472050|20260812021410|946.15
1786472055|20260812021415|946.23
1786472060|20260812021420|946.31
1786472065|20260812021425|946.16
1786472105|20260812021505|946.37
1786472110|20260812021510|946.42
1786472115|20260812021515|946.53
1786472125|20260812021525|946.67
1786472135|20260812021535|946.68
1786472145|20260812021545|946.75
1786472150|20260812021550|946.75
1786472155|20260812021555|946.72
1786472170|20260812021610|946.76
1786472175|20260812021615|946.64
1786472180|20260812021620|946.74
1786472185|20260812021625|946.71
1786472195|20260812021635|946.48
1786472200|20260812021640|946.61
1786472205|20260812021645|946.58
1786472210|20260812021650|946.50
1786472225|20260812021705|946.69
1786472230|20260812021710|946.71
1786472235|20260812021715|946.77
1786472240|20260812021720|946.71
1786472245|20260812021725|946.66
1786472255|20260812021735|946.69
1786472260|20260812021740|946.63
1786472265|20260812021745|946.49
1786472270|20260812021750|946.58
1786472285|20260812021805|946.65
1786472290|20260812021810|946.63
1786472295|20260812021815|946.76
1786472300|20260812021820|946.82
1786472305|20260812021825|946.82
1786472320|20260812021840|946.93
1786472325|20260812021845|946.91
1786472330|20260812021850|946.92
1786472335|20260812021855|946.81
1786472345|20260812021905|946.92
1786472350|20260812021910|947.06
1786472355|20260812021915|947.04
1786472360|20260812021920|947.03
1786472365|20260812021925|947.04
1786472400|20260812022000|946.99
1786472405|20260812022005|946.97
1786472410|20260812022010|946.76
1786472415|20260812022015|946.74
1786472420|20260812022020|946.48
1786472425|20260812022025|946.50
1786472435|20260812022035|946.55
1786472440|20260812022040|946.54
1786472445|20260812022045|946.51
1786472450|20260812022050|946.36
1786472455|20260812022055|946.40
1786472465|20260812022105|946.37
1786472470|20260812022110|946.32
1786472475|20260812022115|946.28
1786472480|20260812022120|946.08
1786472485|20260812022125|946.06
1786472495|20260812022135|946.21
1786472500|20260812022140|946.17
1786472510|20260812022150|946.33
1786472525|20260812022205|946.32
1786472530|20260812022210|946.20
1786472535|20260812022215|946.19
1786472540|20260812022220|946.23
1786472545|20260812022225|946.25
1786472555|20260812022235|946.18
1786472560|20260812022240|946.20
1786472565|20260812022245|946.25
1786472570|20260812022250|946.24
1786472575|20260812022255|946.30
1786472585|20260812022305|946.43
1786472590|20260812022310|946.47
1786472595|20260812022315|946.48
1786472600|20260812022320|946.54
1786472605|20260812022325|946.54
1786472615|20260812022335|946.60
1786472620|20260812022340|946.58
1786472625|20260812022345|946.60
1786472630|20260812022350|946.64
1786472635|20260812022355|946.63
1786472645|20260812022405|946.42
1786472650|20260812022410|946.47
1786472655|20260812022415|946.41
1786472660|20260812022420|946.49
1786472700|20260812022500|946.51
1786472705|20260812022505|946.60
1786472710|20260812022510|946.65
1786472715|20260812022515|946.72
1786472720|20260812022520|946.62
1786472725|20260812022525|946.64
1786472735|20260812022535|946.60
1786472740|20260812022540|946.60
1786472745|20260812022545|946.60
1786472755|20260812022555|946.74
1786472760|20260812022600|946.75
1786472765|20260812022605|946.64
1786472770|20260812022610|946.64
1786472775|20260812022615|946.61
1786472780|20260812022620|946.65
1786472800|20260812022640|946.61
1786472805|20260812022645|946.64
1786472810|20260812022650|946.63
1786472815|20260812022655|946.59
1786472825|20260812022705|946.65
1786472830|20260812022710|946.61
1786472835|20260812022715|946.62
1786472840|20260812022720|946.57
1786472855|20260812022735|946.36
1786472860|20260812022740|946.37
1786472870|20260812022750|946.40
1786472875|20260812022755|946.40
1786472880|20260812022800|946.42
1786472885|20260812022805|946.43
1786472890|20260812022810|946.42
1786472895|20260812022815|946.35
1786472905|20260812022825|946.36
1786472915|20260812022835|946.34
1786472920|20260812022840|946.40
1786472925|20260812022845|946.46
1786472930|20260812022850|946.50
1786472935|20260812022855|946.35
1786472940|20260812022900|946.32
1786472945|20260812022905|946.28
1786472950|20260812022910|946.17
1786472955|20260812022915|946.23
1786472960|20260812022920|946.22
1786472965|20260812022925|946.22
1786473005|20260812023005|945.95
1786473010|20260812023010|945.85
1786473015|20260812023015|945.89
1786473020|20260812023020|945.99
1786473035|20260812023035|945.95
1786473040|20260812023040|945.88
1786473045|20260812023045|946.00
1786473050|20260812023050|946.06
1786473055|20260812023055|946.06
1786473065|20260812023105|946.18
1786473070|20260812023110|946.16
1786473075|20260812023115|946.16
1786473080|20260812023120|946.23
1786473085|20260812023125|946.18
1786473100|20260812023140|946.26
1786473105|20260812023145|946.31
1786473110|20260812023150|946.37
1786473115|20260812023155|946.52
1786473120|20260812023200|946.55
1786473130|20260812023210|946.43
1786473135|20260812023215|946.48
1786473140|20260812023220|946.53
1786473155|20260812023235|946.54
1786473170|20260812023250|946.56
1786473175|20260812023255|946.58
1786473180|20260812023300|946.70
1786473185|20260812023305|946.66
1786473190|20260812023310|946.69
1786473195|20260812023315|946.65
1786473200|20260812023320|946.87
1786473205|20260812023325|946.83
1786473215|20260812023335|946.70
1786473220|20260812023340|946.74
1786473245|20260812023405|946.91
1786473250|20260812023410|946.95
1786473255|20260812023415|947.16
1786473260|20260812023420|947.19
1786473265|20260812023425|947.25
1786473305|20260812023505|947.25
1786473310|20260812023510|947.24
1786473315|20260812023515|947.28
1786473320|20260812023520|947.33
1786473325|20260812023525|947.38
1786473335|20260812023535|947.31
1786473345|20260812023545|947.35
1786473350|20260812023550|947.35
1786473355|20260812023555|947.37
1786473365|20260812023605|947.43
1786473370|20260812023610|947.44
1786473375|20260812023615|947.37
1786473380|20260812023620|947.36
1786473385|20260812023625|947.33
1786473395|20260812023635|947.36
1786473400|20260812023640|947.36
1786473405|20260812023645|947.38
1786473410|20260812023650|947.38
1786473425|20260812023705|947.62
1786473430|20260812023710|947.72
1786473435|20260812023715|947.68
1786473445|20260812023725|947.67
1786473455|20260812023735|947.66
1786473460|20260812023740|947.63
1786473465|20260812023745|947.76
1786473475|20260812023755|947.67
1786473485|20260812023805|947.71
1786473490|20260812023810|947.72
1786473495|20260812023815|947.84
1786473500|20260812023820|947.95
1786473505|20260812023825|947.96
1786473515|20260812023835|947.93
1786473520|20260812023840|947.95
1786473525|20260812023845|947.84
1786473530|20260812023850|947.88
1786473535|20260812023855|947.96
1786473545|20260812023905|947.95
1786473555|20260812023915|947.89
1786473565|20260812023925|947.92
1786473600|20260812024000|947.90
1786473605|20260812024005|947.90
1786473610|20260812024010|947.79
1786473615|20260812024015|947.83
1786473620|20260812024020|947.87
1786473625|20260812024025|947.85
1786473635|20260812024035|947.84
1786473640|20260812024040|947.78
1786473645|20260812024045|947.70
1786473650|20260812024050|947.70
1786473655|20260812024055|947.68
1786473665|20260812024105|947.63
1786473670|20260812024110|947.63
1786473680|20260812024120|947.61
1786473700|20260812024140|947.55
1786473705|20260812024145|947.51
1786473710|20260812024150|947.60
1786473715|20260812024155|947.64
1786473725|20260812024205|947.60
1786473730|20260812024210|947.64
1786473735|20260812024215|947.64
1786473740|20260812024220|947.65
1786473745|20260812024225|947.66
1786473755|20260812024235|947.65
1786473760|20260812024240|947.63
1786473770|20260812024250|947.69
1786473775|20260812024255|947.71
1786473785|20260812024305|947.73
1786473790|20260812024310|947.70
1786473795|20260812024315|947.72
1786473800|20260812024320|947.71
1786473805|20260812024325|947.77
1786473815|20260812024335|947.78
1786473820|20260812024340|947.78
1786473825|20260812024345|947.79
1786473830|20260812024350|947.85
1786473840|20260812024400|947.86
1786473845|20260812024405|947.86
1786473850|20260812024410|947.85
1786473855|20260812024415|947.94
1786473860|20260812024420|948.04
1786473865|20260812024425|948.02
1786473900|20260812024500|948.07
1786473905|20260812024505|948.00
1786473910|20260812024510|948.02
1786473915|20260812024515|948.03
1786473920|20260812024520|948.02
1786473925|20260812024525|948.04
1786473935|20260812024535|948.03
1786473945|20260812024545|948.09
1786473965|20260812024605|948.08
1786473970|20260812024610|948.03
1786473975|20260812024615|948.15
1786473980|20260812024620|948.08
1786473985|20260812024625|948.08
1786474000|20260812024640|948.17
1786474005|20260812024645|948.24
1786474010|20260812024650|948.32
1786474015|20260812024655|948.28
1786474025|20260812024705|948.26
1786474030|20260812024710|948.19
1786474035|20260812024715|948.14
1786474040|20260812024720|948.21
1786474045|20260812024725|948.26
1786474055|20260812024735|948.28
1786474060|20260812024740|948.28
1786474070|20260812024750|948.21
1786474075|20260812024755|948.20
1786474080|20260812024800|948.10
1786474085|20260812024805|948.10
1786474090|20260812024810|948.10
1786474095|20260812024815|948.09
1786474100|20260812024820|948.09
1786474105|20260812024825|948.10
1786474120|20260812024840|948.23
1786474125|20260812024845|948.14
1786474130|20260812024850|948.11
1786474135|20260812024855|948.11
1786474145|20260812024905|948.22
1786474155|20260812024915|948.08
1786474160|20260812024920|948.07
1786474165|20260812024925|948.11
1786474210|20260812025010|948.15
1786474215|20260812025015|948.17
1786474220|20260812025020|948.17
1786474225|20260812025025|948.15
1786474235|20260812025035|948.12
1786474240|20260812025040|948.11
1786474245|20260812025045|948.13
1786474250|20260812025050|948.12
1786474255|20260812025055|948.17
1786474265|20260812025105|948.11
1786474270|20260812025110|948.10
1786474275|20260812025115|948.08
1786474280|20260812025120|948.08
1786474285|20260812025125|948.14
1786474305|20260812025145|948.16
1786474310|20260812025150|948.18
1786474315|20260812025155|948.21
1786474330|20260812025210|948.15
1786474335|20260812025215|948.09
1786474355|20260812025235|948.10
1786474360|20260812025240|948.13
1786474370|20260812025250|948.23
1786474375|20260812025255|948.16
1786474385|20260812025305|948.14
1786474390|20260812025310|948.17
1786474395|20260812025315|948.17
1786474405|20260812025325|948.13
1786474420|20260812025340|948.24
1786474425|20260812025345|948.19
1786474430|20260812025350|948.19
1786474435|20260812025355|948.20
1786474440|20260812025400|948.20
1786474445|20260812025405|948.17
1786474455|20260812025415|948.17
1786474460|20260812025420|948.17
1786474465|20260812025425|948.17
1786474500|20260812025500|948.16
1786474505|20260812025505|948.14
1786474510|20260812025510|948.17
1786474515|20260812025515|948.13
1786474520|20260812025520|948.10
1786474525|20260812025525|948.03
1786474535|20260812025535|948.03
1786474540|20260812025540|947.94
1786474545|20260812025545|947.93
1786474550|20260812025550|947.92
1786474555|20260812025555|947.86
1786474565|20260812025605|947.81
1786474570|20260812025610|947.79
1786474580|20260812025620|947.86
1786474585|20260812025625|947.92
1786474595|20260812025635|948.00
1786474600|20260812025640|948.01
1786474605|20260812025645|948.04
1786474610|20260812025650|948.04
1786474615|20260812025655|948.05
1786474620|20260812025700|948.05
1786474625|20260812025705|948.07
1786474640|20260812025720|948.05
1786474645|20260812025725|947.99
1786474655|20260812025735|948.06
1786474660|20260812025740|948.06
1786474665|20260812025745|948.08
1786474670|20260812025750|948.02
1786474675|20260812025755|947.94
1786474680|20260812025800|947.96
1786474685|20260812025805|947.98
1786474690|20260812025810|948.00
1786474695|20260812025815|948.03
1786474700|20260812025820|948.05
1786474715|20260812025835|948.04
1786474725|20260812025845|948.02
1786474730|20260812025850|948.03
1786474735|20260812025855|948.03
1786474740|20260812025900|948.02
1786474745|20260812025905|948.06
1786474750|20260812025910|947.99
1786474755|20260812025915|947.99
1786474765|20260812025925|948.00
1786474805|20260812030005|948.09
1786474810|20260812030010|948.21
1786474815|20260812030015|948.18
1786474820|20260812030020|948.17
1786474825|20260812030025|948.12
1786474835|20260812030035|948.05
1786474840|20260812030040|948.02
1786474850|20260812030050|948.09
1786474855|20260812030055|948.08
1786474860|20260812030100|948.06
1786474865|20260812030105|947.90
1786474870|20260812030110|947.91
1786474875|20260812030115|947.98
1786474880|20260812030120|948.05
1786474885|20260812030125|948.08
1786474895|20260812030135|948.08
1786474900|20260812030140|948.01
1786474905|20260812030145|947.90
1786474910|20260812030150|947.85
1786474915|20260812030155|947.84
1786474925|20260812030205|947.74
1786474930|20260812030210|947.79
1786474940|20260812030220|947.98
1786474960|20260812030240|947.83
1786474965|20260812030245|947.78
1786474975|20260812030255|947.81
1786474980|20260812030300|947.81
1786474990|20260812030310|947.88
1786474995|20260812030315|947.82
1786475005|20260812030325|947.85
1786475015|20260812030335|947.89
1786475020|20260812030340|947.90
1786475025|20260812030345|947.96
1786475035|20260812030355|947.94
1786475050|20260812030410|947.86
1786475055|20260812030415|947.87
1786475060|20260812030420|947.73
1786475065|20260812030425|947.77
1786475105|20260812030505|947.07
1786475115|20260812030515|946.97
1786475120|20260812030520|946.90
1786475125|20260812030525|946.93
1786475150|20260812030550|946.81
1786475165|20260812030605|946.80
1786475170|20260812030610|946.85
1786475175|20260812030615|946.89
1786475180|20260812030620|946.91
1786475185|20260812030625|946.91
1786475200|20260812030640|946.72
1786475205|20260812030645|946.74
1786475210|20260812030650|946.74
1786475215|20260812030655|946.50
1786475225|20260812030705|946.57
1786475230|20260812030710|946.56
1786475235|20260812030715|946.68
1786475240|20260812030720|946.64
1786475260|20260812030740|946.53
1786475265|20260812030745|946.53
1786475270|20260812030750|946.64
1786475275|20260812030755|946.63
1786475285|20260812030805|946.56
1786475290|20260812030810|946.58
1786475295|20260812030815|946.67
1786475305|20260812030825|946.82
1786475315|20260812030835|946.66
1786475320|20260812030840|946.71
1786475325|20260812030845|946.72
1786475345|20260812030905|946.47
1786475350|20260812030910|946.41
1786475355|20260812030915|946.34
1786475360|20260812030920|946.39
1786475365|20260812030925|946.37
1786475400|20260812031000|946.65
1786475405|20260812031005|946.61
1786475410|20260812031010|946.50
1786475415|20260812031015|946.53
1786475420|20260812031020|946.53
1786475425|20260812031025|946.56
1786475445|20260812031045|946.69
1786475450|20260812031050|946.91
1786475455|20260812031055|946.95
1786475465|20260812031105|946.88
1786475470|20260812031110|946.92
1786475475|20260812031115|946.97
1786475480|20260812031120|947.01
1786475485|20260812031125|946.99
1786475495|20260812031135|946.99
1786475505|20260812031145|947.04
1786475510|20260812031150|947.04
1786475515|20260812031155|947.01
1786475530|20260812031210|947.09
1786475545|20260812031225|946.85
1786475555|20260812031235|946.77
1786475560|20260812031240|946.74
1786475565|20260812031245|946.69
1786475570|20260812031250|946.65
1786475575|20260812031255|946.75
1786475580|20260812031300|946.79
1786475585|20260812031305|946.82
1786475590|20260812031310|946.76
1786475595|20260812031315|946.81
1786475600|20260812031320|946.90
1786475605|20260812031325|946.85
1786475615|20260812031335|946.94
1786475625|20260812031345|946.96
1786475635|20260812031355|946.76
1786475640|20260812031400|946.78
1786475645|20260812031405|946.77
1786475650|20260812031410|946.74
1786475655|20260812031415|946.71
1786475665|20260812031425|946.77
1786475700|20260812031500|946.42
1786475705|20260812031505|946.43
1786475710|20260812031510|946.46
1786475715|20260812031515|946.43
1786475720|20260812031520|946.43
1786475725|20260812031525|946.45
1786475735|20260812031535|946.50
1786475740|20260812031540|946.40
1786475745|20260812031545|946.33
1786475750|20260812031550|946.38
1786475755|20260812031555|946.38
1786475760|20260812031600|946.39
1786475780|20260812031620|946.55
1786475795|20260812031635|946.48
1786475800|20260812031640|946.51
1786475810|20260812031650|946.56
1786475815|20260812031655|946.53
1786475820|20260812031700|946.56
1786475825|20260812031705|946.57
1786475835|20260812031715|946.60
1786475840|20260812031720|946.57
1786475845|20260812031725|946.39
1786475855|20260812031735|946.26
1786475860|20260812031740|946.22
1786475865|20260812031745|946.24
1786475875|20260812031755|946.28
1786475880|20260812031800|946.28
1786475885|20260812031805|946.21
1786475890|20260812031810|946.25
1786475900|20260812031820|946.28
1786475905|20260812031825|946.33
1786475915|20260812031835|946.34
1786475920|20260812031840|946.36
1786475925|20260812031845|946.22
1786475930|20260812031850|946.21
1786475935|20260812031855|946.28
1786475940|20260812031900|946.30
1786475950|20260812031910|946.19
1786475955|20260812031915|946.01
1786475960|20260812031920|946.06
1786475965|20260812031925|946.00
1786476005|20260812032005|946.20
1786476010|20260812032010|946.20
1786476020|20260812032020|946.22
1786476040|20260812032040|946.19
1786476045|20260812032045|946.18
1786476050|20260812032050|946.53
1786476055|20260812032055|946.57
1786476065|20260812032105|946.52
1786476070|20260812032110|946.51
1786476075|20260812032115|946.40
1786476080|20260812032120|946.46
1786476095|20260812032135|946.46
1786476105|20260812032145|946.38
1786476110|20260812032150|946.40
1786476115|20260812032155|946.39
1786476120|20260812032200|946.24
1786476130|20260812032210|946.36
1786476155|20260812032235|946.27
1786476160|20260812032240|946.26
1786476165|20260812032245|946.26
1786476170|20260812032250|946.40
1786476175|20260812032255|946.48
1786476180|20260812032300|946.51
1786476185|20260812032305|946.48
1786476190|20260812032310|946.66
1786476195|20260812032315|946.68
1786476200|20260812032320|946.75
1786476205|20260812032325|946.69
1786476215|20260812032335|946.86
1786476220|20260812032340|946.94
1786476225|20260812032345|946.91
1786476230|20260812032350|946.96
1786476235|20260812032355|946.94
1786476245|20260812032405|946.80
1786476250|20260812032410|946.81
1786476255|20260812032415|946.76
1786476260|20260812032420|946.79
1786476265|20260812032425|947.14
1786476305|20260812032505|947.50
1786476310|20260812032510|947.49
1786476315|20260812032515|947.47
1786476320|20260812032520|947.41
1786476325|20260812032525|947.36
1786476335|20260812032535|947.15
1786476340|20260812032540|947.15
1786476345|20260812032545|947.49
1786476350|20260812032550|947.46
1786476355|20260812032555|947.60
1786476360|20260812032600|947.52
1786476365|20260812032605|947.53
1786476370|20260812032610|947.61
1786476375|20260812032615|947.77
1786476380|20260812032620|947.73
1786476385|20260812032625|947.66
1786476395|20260812032635|947.63
1786476400|20260812032640|947.68
1786476405|20260812032645|947.67
1786476410|20260812032650|947.66
1786476425|20260812032705|947.63
1786476430|20260812032710|947.62
1786476435|20260812032715|947.56
1786476440|20260812032720|947.53
1786476445|20260812032725|947.47
1786476455|20260812032735|947.51
1786476460|20260812032740|947.55
1786476465|20260812032745|947.55
1786476470|20260812032750|947.62
1786476475|20260812032755|947.60
1786476480|20260812032800|947.66
1786476485|20260812032805|947.70
1786476490|20260812032810|947.76
1786476495|20260812032815|947.73
1786476500|20260812032820|947.78
1786476505|20260812032825|947.78
1786476515|20260812032835|947.82
1786476520|20260812032840|947.77
1786476525|20260812032845|947.77
1786476530|20260812032850|947.79
1786476535|20260812032855|947.77
1786476540|20260812032900|947.69
1786476545|20260812032905|947.78
1786476550|20260812032910|947.73
1786476560|20260812032920|947.83
1786476600|20260812033000|947.84
1786476605|20260812033005|947.90
1786476610|20260812033010|947.92
1786476615|20260812033015|947.96
1786476620|20260812033020|947.90
1786476625|20260812033025|948.00
1786476635|20260812033035|948.00
1786476640|20260812033040|947.99
1786476645|20260812033045|948.00
1786476650|20260812033050|948.02
1786476665|20260812033105|948.07
1786476670|20260812033110|948.07
1786476675|20260812033115|948.00
1786476680|20260812033120|948.00
1786476685|20260812033125|948.01
1786476695|20260812033135|948.06
1786476700|20260812033140|948.07
1786476710|20260812033150|948.23
1786476715|20260812033155|948.14
1786476725|20260812033205|948.22
1786476730|20260812033210|948.37
1786476735|20260812033215|948.65
1786476745|20260812033225|948.53
1786476760|20260812033240|948.61
1786476765|20260812033245|948.65
1786476770|20260812033250|948.62
1786476775|20260812033255|948.65
1786476790|20260812033310|948.45
1786476800|20260812033320|948.48
1786476805|20260812033325|947.99
1786476815|20260812033335|947.89
1786476820|20260812033340|947.91
1786476825|20260812033345|948.01
1786476830|20260812033350|948.01
1786476835|20260812033355|948.06
1786476845|20260812033405|948.00
1786476850|20260812033410|947.99
1786476860|20260812033420|948.07
1786476900|20260812033500|948.07
1786476905|20260812033505|948.06
1786476910|20260812033510|948.01
1786476915|20260812033515|947.93
1786476920|20260812033520|947.95
1786476925|20260812033525|948.05
1786476935|20260812033535|948.04
1786476945|20260812033545|948.07
1786476955|20260812033555|947.89
1786476960|20260812033600|947.59
1786476965|20260812033605|947.52
1786476970|20260812033610|947.49
1786476975|20260812033615|947.45
1786476980|20260812033620|947.51
1786476985|20260812033625|947.51
1786476995|20260812033635|947.50
1786477000|20260812033640|947.52
1786477005|20260812033645|947.49
1786477010|20260812033650|947.59
1786477015|20260812033655|947.60
1786477020|20260812033700|947.61
1786477025|20260812033705|947.64
1786477035|20260812033715|947.66
1786477040|20260812033720|947.67
1786477055|20260812033735|947.53
1786477065|20260812033745|947.54
1786477070|20260812033750|947.51
1786477075|20260812033755|947.50
1786477080|20260812033800|947.46
1786477085|20260812033805|947.49
1786477090|20260812033810|947.48
1786477095|20260812033815|947.50
1786477100|20260812033820|947.52
1786477105|20260812033825|947.55
1786477120|20260812033840|947.59
1786477125|20260812033845|947.58
1786477130|20260812033850|947.68
1786477135|20260812033855|947.68
1786477145|20260812033905|947.68
1786477150|20260812033910|947.66
1786477155|20260812033915|947.66
1786477160|20260812033920|947.61
1786477165|20260812033925|947.81
1786477205|20260812034005|947.82
1786477210|20260812034010|947.82
1786477225|20260812034025|947.82
1786477235|20260812034035|947.73
1786477240|20260812034040|947.79
1786477245|20260812034045|947.74
1786477250|20260812034050|947.86
1786477255|20260812034055|947.84
1786477265|20260812034105|947.79
1786477270|20260812034110|947.71
1786477275|20260812034115|947.66
1786477280|20260812034120|947.70
1786477285|20260812034125|947.70
1786477295|20260812034135|947.64
1786477300|20260812034140|947.61
1786477305|20260812034145|947.64
1786477310|20260812034150|947.62
1786477315|20260812034155|947.60
1786477320|20260812034200|947.59
1786477325|20260812034205|947.62
1786477330|20260812034210|947.62
1786477335|20260812034215|947.60
1786477345|20260812034225|947.61
1786477355|20260812034235|947.63
1786477360|20260812034240|947.51
1786477365|20260812034245|947.54
1786477370|20260812034250|947.49
1786477375|20260812034255|947.45
1786477385|20260812034305|947.53
1786477390|20260812034310|947.50
1786477395|20260812034315|947.48
1786477400|20260812034320|947.46
1786477405|20260812034325|947.50
1786477415|20260812034335|947.45
1786477420|20260812034340|947.34
1786477425|20260812034345|947.34
1786477430|20260812034350|947.23
1786477435|20260812034355|947.25
1786477440|20260812034400|947.23
1786477445|20260812034405|947.16
1786477450|20260812034410|947.15
1786477455|20260812034415|947.06
1786477465|20260812034425|947.09
1786477500|20260812034500|947.27
1786477505|20260812034505|947.27
1786477515|20260812034515|947.31
1786477520|20260812034520|947.22
1786477525|20260812034525|947.27
1786477535|20260812034535|947.30
1786477550|20260812034550|947.44
1786477555|20260812034555|947.18
1786477565|20260812034605|947.20
1786477570|20260812034610|947.23
1786477575|20260812034615|947.29
1786477580|20260812034620|947.30
1786477585|20260812034625|947.30
1786477595|20260812034635|947.26
1786477600|20260812034640|947.31
1786477605|20260812034645|947.27
1786477610|20260812034650|947.28
1786477625|20260812034705|947.19
1786477630|20260812034710|947.14
1786477640|20260812034720|947.22
1786477645|20260812034725|947.24
1786477655|20260812034735|947.26
1786477660|20260812034740|947.25
1786477665|20260812034745|947.16
1786477670|20260812034750|947.17
1786477675|20260812034755|947.10
1786477685|20260812034805|947.06
1786477690|20260812034810|947.05
1786477695|20260812034815|947.04
1786477700|20260812034820|947.09
1786477705|20260812034825|947.22
1786477715|20260812034835|947.22
1786477720|20260812034840|947.23
1786477725|20260812034845|947.27
1786477740|20260812034900|947.41
1786477745|20260812034905|947.46
1786477750|20260812034910|947.42
1786477755|20260812034915|947.47
1786477765|20260812034925|947.59
1786477810|20260812035010|947.75
1786477815|20260812035015|947.70
1786477820|20260812035020|947.71
1786477825|20260812035025|947.75
1786477835|20260812035035|947.81
1786477840|20260812035040|947.81
1786477850|20260812035050|947.76
1786477860|20260812035100|947.68
1786477865|20260812035105|947.74
1786477870|20260812035110|947.68
1786477875|20260812035115|947.68
1786477880|20260812035120|947.71
1786477885|20260812035125|947.70
1786477895|20260812035135|947.81
1786477900|20260812035140|947.45
1786477910|20260812035150|947.57
1786477915|20260812035155|947.60
1786477920|20260812035200|947.59
1786477925|20260812035205|947.59
1786477930|20260812035210|947.41
1786477935|20260812035215|947.38
1786477940|20260812035220|947.03
1786477945|20260812035225|946.97
1786477960|20260812035240|947.10
1786477965|20260812035245|947.11
1786477975|20260812035255|947.07
1786477985|20260812035305|947.07
1786477990|20260812035310|947.07
1786477995|20260812035315|947.05
1786478000|20260812035320|947.06
1786478005|20260812035325|947.07
1786478015|20260812035335|947.07
1786478020|20260812035340|947.07
1786478025|20260812035345|947.06
1786478030|20260812035350|947.05
1786478045|20260812035405|947.05
1786478050|20260812035410|947.06
1786478055|20260812035415|947.19
1786478060|20260812035420|947.36
1786478065|20260812035425|947.37
1786478100|20260812035500|947.53
1786478105|20260812035505|947.66
1786478110|20260812035510|947.75
1786478115|20260812035515|947.76
1786478120|20260812035520|947.76
1786478125|20260812035525|947.80
1786478135|20260812035535|947.75
1786478140|20260812035540|947.67
1786478145|20260812035545|947.62
1786478150|20260812035550|947.73
1786478155|20260812035555|947.79
1786478160|20260812035600|947.98
1786478175|20260812035615|947.98
1786478185|20260812035625|948.15
1786478195|20260812035635|948.26
1786478200|20260812035640|948.38
1786478205|20260812035645|948.35
1786478210|20260812035650|948.39
1786478220|20260812035700|948.31
1786478225|20260812035705|948.17
1786478230|20260812035710|948.22
1786478235|20260812035715|948.20
1786478240|20260812035720|948.22
1786478245|20260812035725|948.21
1786478255|20260812035735|948.27
1786478260|20260812035740|948.29
1786478265|20260812035745|948.23
1786478270|20260812035750|948.27
1786478275|20260812035755|948.26
1786478285|20260812035805|948.33
1786478290|20260812035810|948.33
1786478295|20260812035815|948.37
1786478300|20260812035820|948.30
1786478305|20260812035825|948.27
1786478320|20260812035840|948.38
1786478325|20260812035845|948.40
1786478330|20260812035850|948.33
1786478335|20260812035855|948.27
1786478340|20260812035900|948.33
1786478350|20260812035910|948.40
1786478360|20260812035920|948.44
1786478365|20260812035925|948.40
1786478405|20260812040005|947.97
1786478415|20260812040015|948.17
1786478420|20260812040020|947.83
1786478425|20260812040025|947.79
1786478435|20260812040035|947.89
1786478440|20260812040040|947.91
1786478450|20260812040050|947.92
1786478455|20260812040055|947.82
1786478460|20260812040100|947.84
1786478465|20260812040105|947.68
1786478470|20260812040110|947.70
1786478475|20260812040115|947.74
1786478495|20260812040135|947.71
1786478500|20260812040140|947.69
1786478505|20260812040145|947.64
1786478510|20260812040150|947.67
1786478515|20260812040155|947.66
1786478520|20260812040200|947.67
1786478525|20260812040205|947.65
1786478535|20260812040215|947.58
1786478540|20260812040220|947.58
1786478545|20260812040225|947.47
1786478560|20260812040240|947.56
1786478565|20260812040245|947.57
1786478570|20260812040250|947.58
1786478575|20260812040255|947.53
1786478585|20260812040305|947.57
1786478590|20260812040310|947.57
1786478595|20260812040315|947.58
1786478605|20260812040325|947.67
1786478620|20260812040340|947.60
1786478625|20260812040345|947.53
1786478630|20260812040350|947.54
1786478635|20260812040355|947.54
1786478645|20260812040405|947.64
1786478650|20260812040410|947.64
1786478655|20260812040415|947.66
1786478660|20260812040420|947.64
1786478705|20260812040505|947.70
1786478710|20260812040510|947.69
1786478715|20260812040515|947.69
1786478725|20260812040525|947.74
1786478735|20260812040535|947.75
1786478745|20260812040545|947.85
1786478750|20260812040550|947.79
1786478755|20260812040555|947.71
1786478765|20260812040605|947.67
1786478770|20260812040610|947.71
1786478775|20260812040615|947.62
1786478780|20260812040620|947.72
1786478785|20260812040625|947.68
1786478800|20260812040640|947.68
1786478810|20260812040650|947.66
1786478815|20260812040655|947.67
1786478825|20260812040705|947.68
1786478835|20260812040715|947.68
1786478840|20260812040720|947.67
1786478845|20260812040725|947.64
1786478860|20260812040740|947.59
1786478865|20260812040745|947.64
1786478870|20260812040750|947.68
1786478890|20260812040810|947.76
1786478895|20260812040815|947.73
1786478915|20260812040835|947.71
1786478920|20260812040840|947.75
1786478925|20260812040845|947.74
1786478935|20260812040855|947.71
1786478950|20260812040910|947.83
1786478955|20260812040915|947.83
1786478960|20260812040920|947.90
1786478965|20260812040925|947.95
1786479000|20260812041000|947.87
1786479005|20260812041005|947.81
1786479010|20260812041010|947.82
1786479015|20260812041015|947.88
1786479020|20260812041020|947.95
1786479025|20260812041025|947.96
1786479035|20260812041035|947.88
1786479040|20260812041040|947.89
1786479045|20260812041045|947.89
1786479050|20260812041050|947.87
1786479055|20260812041055|947.90
1786479070|20260812041110|947.90
1786479075|20260812041115|947.88
1786479080|20260812041120|947.81
1786479085|20260812041125|947.84
1786479095|20260812041135|947.84
1786479100|20260812041140|947.84
1786479105|20260812041145|947.84
1786479110|20260812041150|947.84
1786479115|20260812041155|947.87
1786479120|20260812041200|947.86
1786479125|20260812041205|947.85
1786479130|20260812041210|947.86
1786479135|20260812041215|947.86
1786479140|20260812041220|947.87
1786479145|20260812041225|947.87
1786479165|20260812041245|947.87
1786479170|20260812041250|947.87
1786479175|20260812041255|947.84
1786479185|20260812041305|947.89
1786479190|20260812041310|947.90
1786479200|20260812041320|947.90
1786479205|20260812041325|947.93
1786479215|20260812041335|947.93
1786479220|20260812041340|947.92
1786479225|20260812041345|947.92
1786479230|20260812041350|947.91
1786479235|20260812041355|947.91
1786479245|20260812041405|947.93
1786479250|20260812041410|947.93
1786479260|20260812041420|947.93
1786479265|20260812041425|947.94
1786479300|20260812041500|947.83
1786479305|20260812041505|947.84
1786479310|20260812041510|947.77
1786479320|20260812041520|947.75
1786479325|20260812041525|947.72
1786479335|20260812041535|947.70
1786479340|20260812041540|947.69
1786479350|20260812041550|947.67
1786479365|20260812041605|947.68
1786479370|20260812041610|947.65
1786479375|20260812041615|947.64
1786479380|20260812041620|947.66
1786479385|20260812041625|947.62
1786479395|20260812041635|947.55
1786479400|20260812041640|947.50
1786479405|20260812041645|947.59
1786479410|20260812041650|947.61
1786479420|20260812041700|947.61
1786479425|20260812041705|947.48
1786479430|20260812041710|947.41
1786479455|20260812041735|947.50
1786479460|20260812041740|947.49
1786479465|20260812041745|947.52
1786479470|20260812041750|947.49
1786479480|20260812041800|947.40
1786479490|20260812041810|947.33
1786479495|20260812041815|947.36
1786479500|20260812041820|947.37
1786479505|20260812041825|947.39
1786479515|20260812041835|947.35
1786479525|20260812041845|947.33
1786479550|20260812041910|947.34
1786479555|20260812041915|947.32
1786479560|20260812041920|947.35
1786479565|20260812041925|947.37
1786479610|20260812042010|947.37
1786479615|20260812042015|947.39
1786479620|20260812042020|947.27
1786479640|20260812042040|947.35
1786479645|20260812042045|947.35
1786479650|20260812042050|947.36
1786479655|20260812042055|947.37
1786479670|20260812042110|947.39
1786479675|20260812042115|947.39
1786479680|20260812042120|947.33
1786479695|20260812042135|947.37
1786479700|20260812042140|947.37
1786479705|20260812042145|947.37
1786479710|20260812042150|947.39
1786479715|20260812042155|947.36
1786479725|20260812042205|947.33
1786479735|20260812042215|947.32
1786479740|20260812042220|947.34
1786479765|20260812042245|947.49
1786479790|20260812042310|947.49
1786479795|20260812042315|947.49
1786479800|20260812042320|947.50
1786479815|20260812042335|947.50
1786479825|20260812042345|947.52
1786479830|20260812042350|947.46
1786479835|20260812042355|947.48
1786479845|20260812042405|947.48
1786479855|20260812042415|947.53
1786479865|20260812042425|947.55
1786479905|20260812042505|947.74
1786479910|20260812042510|947.74
1786479915|20260812042515|947.80
1786479920|20260812042520|947.81
1786479940|20260812042540|947.79
1786479950|20260812042550|947.80
1786479955|20260812042555|947.78
1786479965|20260812042605|947.78
1786479970|20260812042610|947.77
1786479975|20260812042615|947.75
1786479980|20260812042620|947.68
1786479995|20260812042635|947.71
1786480000|20260812042640|947.72
1786480010|20260812042650|947.73
1786480015|20260812042655|947.73
1786480030|20260812042710|947.81
1786480035|20260812042715|947.81
1786480040|20260812042720|947.87
1786480045|20260812042725|947.85
1786480055|20260812042735|947.87
1786480065|20260812042745|947.89
1786480075|20260812042755|947.99
1786480085|20260812042805|947.95
1786480100|20260812042820|947.90
1786480120|20260812042840|947.87
1786480130|20260812042850|947.74
1786480135|20260812042855|947.72
1786480150|20260812042910|947.71
1786480155|20260812042915|947.67
1786480160|20260812042920|947.57
1786480165|20260812042925|947.64
1786480200|20260812043000|947.81
1786480205|20260812043005|947.81
1786480215|20260812043015|947.85
1786480235|20260812043035|947.81
1786480240|20260812043040|947.77
1786480255|20260812043055|947.83
1786480265|20260812043105|947.82
1786480270|20260812043110|947.77
1786480275|20260812043115|947.76
1786480280|20260812043120|947.75
1786480285|20260812043125|947.74
1786480300|20260812043140|947.74
1786480305|20260812043145|947.69
1786480310|20260812043150|947.76
1786480325|20260812043205|947.78
1786480335|20260812043215|947.79
1786480345|20260812043225|947.81
1786480355|20260812043235|947.80
1786480360|20260812043240|947.78
1786480365|20260812043245|947.77
1786480375|20260812043255|947.77
1786480385|20260812043305|947.78
1786480390|20260812043310|947.78
1786480395|20260812043315|947.78
1786480400|20260812043320|947.77
1786480405|20260812043325|947.78
1786480415|20260812043335|947.78
1786480420|20260812043340|947.78
1786480430|20260812043350|947.71
1786480435|20260812043355|947.70
1786480440|20260812043400|947.67
1786480445|20260812043405|947.68
1786480455|20260812043415|947.63
1786480460|20260812043420|947.64
1786480465|20260812043425|947.66
1786480500|20260812043500|947.71
1786480505|20260812043505|947.72
1786480510|20260812043510|947.72
1786480515|20260812043515|947.74
1786480520|20260812043520|947.72
1786480540|20260812043540|947.64
1786480545|20260812043545|947.63
1786480550|20260812043550|947.64
1786480555|20260812043555|947.64
1786480560|20260812043600|947.64
1786480565|20260812043605|947.64
1786480575|20260812043615|947.63
1786480580|20260812043620|947.63
1786480595|20260812043635|947.63
1786480605|20260812043645|947.55
1786480615|20260812043655|947.54
1786480620|20260812043700|947.55
1786480625|20260812043705|947.55
1786480630|20260812043710|947.57
1786480635|20260812043715|947.51
1786480655|20260812043735|947.56
1786480660|20260812043740|947.52
1786480665|20260812043745|947.54
1786480670|20260812043750|947.56
1786480680|20260812043800|947.56
1786480685|20260812043805|947.57
1786480690|20260812043810|947.57
1786480695|20260812043815|947.58
1786480700|20260812043820|947.60
1786480715|20260812043835|947.62
1786480720|20260812043840|947.64
1786480725|20260812043845|947.62
1786480730|20260812043850|947.72
1786480735|20260812043855|947.70
1786480740|20260812043900|947.71
1786480745|20260812043905|947.71
1786480750|20260812043910|947.71
1786480755|20260812043915|947.71
1786480760|20260812043920|947.65
1786480805|20260812044005|947.55
1786480810|20260812044010|947.58
1786480820|20260812044020|947.55
1786480825|20260812044025|947.58
1786480835|20260812044035|947.60
1786480840|20260812044040|947.60
1786480845|20260812044045|947.60
1786480850|20260812044050|947.59
1786480865|20260812044105|947.56
1786480870|20260812044110|947.55
1786480875|20260812044115|947.53
1786480880|20260812044120|947.49
1786480885|20260812044125|947.47
1786480895|20260812044135|947.47
1786480900|20260812044140|947.49
1786480910|20260812044150|947.43
1786480915|20260812044155|947.43
1786480920|20260812044200|947.43
1786480925|20260812044205|947.36
1786480930|20260812044210|947.37
1786480935|20260812044215|947.37
1786480940|20260812044220|947.35
1786480945|20260812044225|947.36
1786480955|20260812044235|947.36
1786480965|20260812044245|947.37
1786480970|20260812044250|947.39
1786480975|20260812044255|947.35
1786480980|20260812044300|947.33
1786480990|20260812044310|947.34
1786480995|20260812044315|947.37
1786481015|20260812044335|947.30
1786481020|20260812044340|947.30
1786481025|20260812044345|947.28
1786481030|20260812044350|947.29
1786481035|20260812044355|947.25
1786481045|20260812044405|947.24
1786481050|20260812044410|947.23
1786481055|20260812044415|947.22
1786481060|20260812044420|947.23
1786481065|20260812044425|947.24
1786481100|20260812044500|947.26
1786481105|20260812044505|947.25
1786481110|20260812044510|947.21
1786481115|20260812044515|947.22
1786481120|20260812044520|947.21
1786481125|20260812044525|947.20
1786481135|20260812044535|947.21
1786481140|20260812044540|947.25
1786481145|20260812044545|947.27
1786481160|20260812044600|947.20
1786481165|20260812044605|947.20
1786481170|20260812044610|947.20
1786481175|20260812044615|947.25
1786481180|20260812044620|947.25
1786481185|20260812044625|947.21
1786481200|20260812044640|947.24
1786481205|20260812044645|947.23
1786481210|20260812044650|947.24
1786481215|20260812044655|947.21
1786481220|20260812044700|947.22
1786481225|20260812044705|947.21
1786481230|20260812044710|947.21
1786481235|20260812044715|947.24
1786481245|20260812044725|947.22
1786481255|20260812044735|947.20
1786481265|20260812044745|947.20
1786481270|20260812044750|947.21
1786481275|20260812044755|947.20
1786481280|20260812044800|947.20
1786481285|20260812044805|947.18
1786481290|20260812044810|947.20
1786481295|20260812044815|947.22
1786481300|20260812044820|947.22
1786481305|20260812044825|947.22
1786481315|20260812044835|947.22
1786481320|20260812044840|947.21
1786481325|20260812044845|947.25
1786481335|20260812044855|947.26
1786481345|20260812044905|947.27
1786481365|20260812044925|947.17
1786481405|20260812045005|947.24
1786481415|20260812045015|947.25
1786481435|20260812045035|947.22
1786481445|20260812045045|947.27
1786481460|20260812045100|947.28
1786481465|20260812045105|947.26
1786481470|20260812045110|947.24
1786481475|20260812045115|947.20
1786481480|20260812045120|947.16
1786481485|20260812045125|947.15
1786481510|20260812045150|947.16
1786481515|20260812045155|947.20
1786481535|20260812045215|947.29
1786481540|20260812045220|947.28
1786481545|20260812045225|947.24
1786481555|20260812045235|947.22
1786481560|20260812045240|947.18
1786481565|20260812045245|947.18
1786481570|20260812045250|947.19
1786481575|20260812045255|947.19
1786481580|20260812045300|947.26
1786481585|20260812045305|947.22
1786481590|20260812045310|947.22
1786481595|20260812045315|947.22
1786481600|20260812045320|947.26
1786481605|20260812045325|947.24
1786481615|20260812045335|947.29
1786481620|20260812045340|947.29
1786481625|20260812045345|947.14
1786481630|20260812045350|947.18
1786481635|20260812045355|947.18
1786481645|20260812045405|947.27
1786481650|20260812045410|947.27
1786481655|20260812045415|947.25
1786481660|20260812045420|947.23
1786481665|20260812045425|947.24
1786481705|20260812045505|947.39
1786481710|20260812045510|947.39
1786481715|20260812045515|947.39
1786481720|20260812045520|947.41
1786481725|20260812045525|947.37
1786481735|20260812045535|947.38
1786481740|20260812045540|947.37
1786481745|20260812045545|947.41
1786481755|20260812045555|947.39
1786481765|20260812045605|947.48
1786481770|20260812045610|947.49
1786481775|20260812045615|947.48
1786481785|20260812045625|947.49
1786481795|20260812045635|947.50
1786481800|20260812045640|947.42
1786481805|20260812045645|947.40
1786481810|20260812045650|947.41
1786481815|20260812045655|947.41
1786481830|20260812045710|947.42
1786481835|20260812045715|947.39
1786481840|20260812045720|947.38
1786481845|20260812045725|947.35
1786481855|20260812045735|947.32
1786481870|20260812045750|947.26
1786481875|20260812045755|947.31
1786481885|20260812045805|947.30
1786481890|20260812045810|947.28
1786481895|20260812045815|947.28
1786481900|20260812045820|947.33
1786481905|20260812045825|947.33
1786481915|20260812045835|947.35
1786481920|20260812045840|947.35
1786481925|20260812045845|947.35
1786481930|20260812045850|947.32
1786481945|20260812045905|947.38
1786481950|20260812045910|947.38
1786485615|20260812060015|948.26
1786485650|20260812060050|948.22
1786485655|20260812060055|948.17
1786485665|20260812060105|948.14
1786485670|20260812060110|948.05
1786485675|20260812060115|947.97
1786485680|20260812060120|948.01
1786485685|20260812060125|947.99
1786485695|20260812060135|947.92
1786485700|20260812060140|948.02
1786485705|20260812060145|948.02
1786485710|20260812060150|948.02
1786485715|20260812060155|948.01
1786485725|20260812060205|948.03
1786485730|20260812060210|947.96
1786485735|20260812060215|947.97
1786485745|20260812060225|948.11
1786485755|20260812060235|948.14
1786485760|20260812060240|948.09
1786485765|20260812060245|948.10
1786485775|20260812060255|948.19
1786485780|20260812060300|948.20
1786485785|20260812060305|948.18
1786485790|20260812060310|948.20
1786485800|20260812060320|948.04
1786485815|20260812060335|947.96
1786485820|20260812060340|947.95
1786485825|20260812060345|948.01
1786485830|20260812060350|947.99
1786485845|20260812060405|948.05
1786485850|20260812060410|948.07
1786485855|20260812060415|948.14
1786485860|20260812060420|948.09
1786485865|20260812060425|948.07
1786485900|20260812060500|948.43
1786485905|20260812060505|948.29
1786485910|20260812060510|948.28
1786485915|20260812060515|948.31
1786485920|20260812060520|948.31
1786485940|20260812060540|948.39
1786485945|20260812060545|948.43
1786485950|20260812060550|948.49
1786485960|20260812060600|948.50
1786485965|20260812060605|948.52
1786485970|20260812060610|948.56
1786485975|20260812060615|948.55
1786485980|20260812060620|948.57
1786485995|20260812060635|948.67
1786486000|20260812060640|948.67
1786486005|20260812060645|948.63
1786486015|20260812060655|948.61
1786486025|20260812060705|948.59
1786486030|20260812060710|948.57
1786486035|20260812060715|948.57
1786486040|20260812060720|948.60
1786486045|20260812060725|948.65
1786486055|20260812060735|948.67
1786486060|20260812060740|948.61
1786486065|20260812060745|948.75
1786486075|20260812060755|948.75
1786486080|20260812060800|948.73
1786486090|20260812060810|948.74
1786486095|20260812060815|948.69
1786486100|20260812060820|948.63
1786486105|20260812060825|948.64
1786486115|20260812060835|948.67
1786486120|20260812060840|948.65
1786486125|20260812060845|948.64
1786486130|20260812060850|948.58
1786486135|20260812060855|948.61
1786486145|20260812060905|948.68
1786486150|20260812060910|948.67
1786486155|20260812060915|948.71
1786486160|20260812060920|948.66
1786486165|20260812060925|948.70
1786486205|20260812061005|948.67
1786486210|20260812061010|948.66
1786486215|20260812061015|948.69
1786486220|20260812061020|948.70
1786486225|20260812061025|948.73
1786486235|20260812061035|948.79
1786486240|20260812061040|948.76
1786486245|20260812061045|948.76
1786486250|20260812061050|948.76
1786486260|20260812061100|948.79
1786486265|20260812061105|948.78
1786486270|20260812061110|948.78
1786486275|20260812061115|948.80
1786486280|20260812061120|948.83
1786486295|20260812061135|948.83
1786486300|20260812061140|948.82
1786486305|20260812061145|948.83
1786486310|20260812061150|948.80
1786486315|20260812061155|948.79
1786486325|20260812061205|948.82
1786486330|20260812061210|948.81
1786486335|20260812061215|948.82
1786486340|20260812061220|948.81
1786486345|20260812061225|948.83
1786486355|20260812061235|948.83
1786486360|20260812061240|948.90
1786486365|20260812061245|948.95
1786486370|20260812061250|948.91
1786486375|20260812061255|948.90
1786486380|20260812061300|948.89
1786486385|20260812061305|948.86
1786486390|20260812061310|948.83
1786486395|20260812061315|948.77
1786486400|20260812061320|948.81
1786486415|20260812061335|948.86
1786486420|20260812061340|948.86
1786486435|20260812061355|948.88
1786486445|20260812061405|948.92
1786486455|20260812061415|948.88
1786486460|20260812061420|948.92
1786486465|20260812061425|948.90
1786486500|20260812061500|948.74
1786486505|20260812061505|948.72
1786486510|20260812061510|948.75
1786486515|20260812061515|948.70
1786486520|20260812061520|948.68
1786486525|20260812061525|948.65
1786486535|20260812061535|948.54
1786486540|20260812061540|948.64
1786486550|20260812061550|948.64
1786486555|20260812061555|948.65
1786486560|20260812061600|948.67
1786486565|20260812061605|948.69
1786486570|20260812061610|948.57
1786486575|20260812061615|948.56
1786486580|20260812061620|948.59
1786486585|20260812061625|948.61
1786486595|20260812061635|948.66
1786486610|20260812061650|948.61
1786486615|20260812061655|948.72
1786486620|20260812061700|948.70
1786486625|20260812061705|948.66
1786486630|20260812061710|948.63
1786486635|20260812061715|948.61
1786486640|20260812061720|948.61
1786486645|20260812061725|948.68
1786486655|20260812061735|948.61
1786486660|20260812061740|948.60
1786486665|20260812061745|948.66
1786486670|20260812061750|948.68
1786486675|20260812061755|948.59
1786486680|20260812061800|948.71
1786486685|20260812061805|948.73
1786486690|20260812061810|948.71
1786486695|20260812061815|948.71
1786486700|20260812061820|948.79
1786486705|20260812061825|948.80
1786486720|20260812061840|948.77
1786486725|20260812061845|948.81
1786486740|20260812061900|948.90
1786486745|20260812061905|948.86
1786486755|20260812061915|948.87
1786486760|20260812061920|948.81
1786486805|20260812062005|948.90
1786486810|20260812062010|948.89
1786486815|20260812062015|948.82
1786486820|20260812062020|948.84
1786486825|20260812062025|948.89
1786486835|20260812062035|948.88
1786486845|20260812062045|948.89
1786486865|20260812062105|949.07
1786486870|20260812062110|949.06
1786486875|20260812062115|949.04
1786486880|20260812062120|949.00
1786486885|20260812062125|949.05
1786486895|20260812062135|949.01
1786486900|20260812062140|949.09
1786486905|20260812062145|949.13
1786486910|20260812062150|949.04
1786486915|20260812062155|948.97
1786486920|20260812062200|948.99
1786486930|20260812062210|949.06
1786486935|20260812062215|949.14
1786486940|20260812062220|949.10
1786486945|20260812062225|949.13
1786486960|20260812062240|949.14
1786486965|20260812062245|949.08
1786486970|20260812062250|949.14
1786486975|20260812062255|949.16
1786486980|20260812062300|949.14
1786486985|20260812062305|949.10
1786486990|20260812062310|949.09
1786486995|20260812062315|949.09
1786487000|20260812062320|949.04
1786487015|20260812062335|949.08
1786487020|20260812062340|948.94
1786487025|20260812062345|948.97
1786487030|20260812062350|948.96
1786487035|20260812062355|948.92
1786487045|20260812062405|948.92
1786487050|20260812062410|948.95
1786487060|20260812062420|949.04
1786487065|20260812062425|949.05
1786487105|20260812062505|949.13
1786487110|20260812062510|949.10
1786487115|20260812062515|949.12
1786487120|20260812062520|949.09
1786487125|20260812062525|949.10
1786487135|20260812062535|949.12
1786487140|20260812062540|949.11
1786487145|20260812062545|949.09
1786487150|20260812062550|949.13
1786487155|20260812062555|949.11
1786487170|20260812062610|949.13
1786487180|20260812062620|949.17
1786487195|20260812062635|949.16
1786487200|20260812062640|949.16
1786487205|20260812062645|949.16
1786487210|20260812062650|949.15
1786487225|20260812062705|949.11
1786487230|20260812062710|949.11
1786487235|20260812062715|949.11
1786487240|20260812062720|949.11
1786487255|20260812062735|949.10
1786487260|20260812062740|949.10
1786487265|20260812062745|949.10
1786487270|20260812062750|949.09
1786487275|20260812062755|949.05
1786487290|20260812062810|949.16
1786487295|20260812062815|949.17
1786487300|20260812062820|949.18
1786487305|20260812062825|949.22
1786487315|20260812062835|949.26
1786487320|20260812062840|949.24
1786487325|20260812062845|949.28
1786487330|20260812062850|949.26
1786487335|20260812062855|949.20
1786487350|20260812062910|949.18
1786487355|20260812062915|949.19
1786487360|20260812062920|949.18
1786487365|20260812062925|949.19
1786487400|20260812063000|949.21
1786487410|20260812063010|949.20
1786487415|20260812063015|949.20
1786487420|20260812063020|949.18
1786487425|20260812063025|949.17
1786487435|20260812063035|949.19
1786487440|20260812063040|949.21
1786487445|20260812063045|949.18
1786487450|20260812063050|949.16
1786487455|20260812063055|949.17
1786487465|20260812063105|949.18
1786487475|20260812063115|949.22
1786487480|20260812063120|949.22
1786487485|20260812063125|949.24
1786487495|20260812063135|949.24
1786487500|20260812063140|949.26
1786487505|20260812063145|949.26
1786487510|20260812063150|949.32
1786487515|20260812063155|949.44
1786487525|20260812063205|949.40
1786487530|20260812063210|949.33
1786487535|20260812063215|949.35
1786487540|20260812063220|949.31
1786487545|20260812063225|949.33
1786487555|20260812063235|949.37
1786487560|20260812063240|949.37
1786487565|20260812063245|949.38
1786487585|20260812063305|949.44
1786487590|20260812063310|949.36
1786487595|20260812063315|949.42
1786487600|20260812063320|949.35
1786487615|20260812063335|949.33
1786487620|20260812063340|949.41
1786487630|20260812063350|949.42
1786487640|20260812063400|949.26
1786487650|20260812063410|949.25
1786487655|20260812063415|949.24
1786487660|20260812063420|949.25
1786487665|20260812063425|949.24
1786487700|20260812063500|949.28
1786487705|20260812063505|949.28
1786487710|20260812063510|949.29
1786487715|20260812063515|949.31
1786487720|20260812063520|949.39
1786487725|20260812063525|949.36
1786487735|20260812063535|949.35
1786487740|20260812063540|949.37
1786487750|20260812063550|949.11
1786487755|20260812063555|949.12
1786487760|20260812063600|949.12
1786487765|20260812063605|949.15
1786487770|20260812063610|949.16
1786487775|20260812063615|949.18
1786487780|20260812063620|949.17
1786487785|20260812063625|949.18
1786487795|20260812063635|949.22
1786487800|20260812063640|949.17
1786487805|20260812063645|949.20
1786487810|20260812063650|949.25
1786487815|20260812063655|949.26
1786487820|20260812063700|949.26
1786487825|20260812063705|949.21
1786487830|20260812063710|949.20
1786487835|20260812063715|949.18
1786487840|20260812063720|949.19
1786487845|20260812063725|949.18
1786487855|20260812063735|949.24
1786487860|20260812063740|949.26
1786487865|20260812063745|949.18
1786487870|20260812063750|949.20
1786487875|20260812063755|949.17
1786487880|20260812063800|949.29
1786487885|20260812063805|949.22
1786487890|20260812063810|949.24
1786487895|20260812063815|949.22
1786487900|20260812063820|949.20
1786487905|20260812063825|949.16
1786487915|20260812063835|949.26
1786487920|20260812063840|949.26
1786487925|20260812063845|949.26
1786487930|20260812063850|949.20
1786487945|20260812063905|949.21
1786487950|20260812063910|949.21
1786487955|20260812063915|949.22
1786487960|20260812063920|949.18
1786487965|20260812063925|949.17
1786488000|20260812064000|949.16
1786488005|20260812064005|949.19
1786488010|20260812064010|949.18
1786488015|20260812064015|949.15
1786488020|20260812064020|949.12
1786488025|20260812064025|949.20
1786488035|20260812064035|949.16
1786488045|20260812064045|949.18
1786488050|20260812064050|949.14
1786488055|20260812064055|949.15
1786488060|20260812064100|949.15
1786488065|20260812064105|949.11
1786488070|20260812064110|949.12
1786488075|20260812064115|949.11
1786488080|20260812064120|949.12
1786488085|20260812064125|949.11
1786488100|20260812064140|949.07
1786488105|20260812064145|949.07
1786488110|20260812064150|949.08
1786488115|20260812064155|949.11
1786488125|20260812064205|949.10
1786488130|20260812064210|949.11
1786488135|20260812064215|949.10
1786488140|20260812064220|949.11
1786488145|20260812064225|949.11
1786488155|20260812064235|949.11
1786488160|20260812064240|949.10
1786488165|20260812064245|949.10
1786488170|20260812064250|949.11
1786488185|20260812064305|949.13
1786488195|20260812064315|949.07
1786488200|20260812064320|949.06
1786488205|20260812064325|949.05
1786488215|20260812064335|949.02
1786488225|20260812064345|949.00
1786488235|20260812064355|948.92
1786488240|20260812064400|948.88
1786488245|20260812064405|948.88
1786488250|20260812064410|948.96
1786488255|20260812064415|949.02
1786488265|20260812064425|949.05
1786488300|20260812064500|949.08
1786488305|20260812064505|949.22
1786488315|20260812064515|949.29
1786488325|20260812064525|949.32
1786488335|20260812064535|949.33
1786488340|20260812064540|949.34
1786488350|20260812064550|949.34
1786488355|20260812064555|949.39
1786488360|20260812064600|949.42
1786488365|20260812064605|949.38
1786488370|20260812064610|949.41
1786488375|20260812064615|949.51
1786488380|20260812064620|949.50
1786488385|20260812064625|949.50
1786488400|20260812064640|949.45
1786488405|20260812064645|949.30
1786488410|20260812064650|949.37
1786488420|20260812064700|949.35
1786488425|20260812064705|949.33
1786488430|20260812064710|949.29
1786488435|20260812064715|949.32
1786488455|20260812064735|949.32
1786488460|20260812064740|949.32
1786488465|20260812064745|949.33
1786488470|20260812064750|949.34
1786488475|20260812064755|949.37
1786488485|20260812064805|949.31
1786488495|20260812064815|949.41
1786488500|20260812064820|949.51
1786488505|20260812064825|949.47
1786488515|20260812064835|949.41
1786488520|20260812064840|949.53
1786488525|20260812064845|949.46
1786488530|20260812064850|949.48
1786488535|20260812064855|949.31
1786488545|20260812064905|949.06
1786488550|20260812064910|948.86
1786488555|20260812064915|948.91
1786488560|20260812064920|948.84
1786488565|20260812064925|948.83
1786488605|20260812065005|948.84
1786488610|20260812065010|948.83
1786488615|20260812065015|948.92
1786488620|20260812065020|948.92
1786488635|20260812065035|948.83
1786488640|20260812065040|948.85
1786488645|20260812065045|948.79
1786488650|20260812065050|948.77
1786488655|20260812065055|948.71
1786488660|20260812065100|948.60
1786488665|20260812065105|948.65
1786488670|20260812065110|948.30
1786488675|20260812065115|948.43
1786488680|20260812065120|948.37
1786488685|20260812065125|948.41
1786488695|20260812065135|948.39
1786488700|20260812065140|948.27
1786488705|20260812065145|948.32
1786488710|20260812065150|948.17
1786488715|20260812065155|948.08
1786488720|20260812065200|948.08
1786488725|20260812065205|948.08
1786488730|20260812065210|948.14
1786488735|20260812065215|948.20
1786488740|20260812065220|948.20
1786488745|20260812065225|948.21
1786488760|20260812065240|948.34
1786488765|20260812065245|948.45
1786488775|20260812065255|948.40
1786488785|20260812065305|948.23
1786488795|20260812065315|948.24
1786488800|20260812065320|948.22
1786488805|20260812065325|948.26
1786488820|20260812065340|948.23
1786488825|20260812065345|948.38
1786488830|20260812065350|948.52
1786488835|20260812065355|948.55
1786488855|20260812065415|948.45
1786488860|20260812065420|948.44
1786488865|20260812065425|948.39
1786488895|20260812065455|948.64
1786488920|20260812065520|948.72
1786488925|20260812065525|948.71
1786488935|20260812065535|948.50
1786488940|20260812065540|948.34
1786488945|20260812065545|948.31
1786488950|20260812065550|948.16
1786488955|20260812065555|948.18
1786488965|20260812065605|948.19
1786488970|20260812065610|948.27
1786488975|20260812065615|948.21
1786488980|20260812065620|948.22
1786488995|20260812065635|948.11
1786489000|20260812065640|948.13
1786489005|20260812065645|947.99
1786489015|20260812065655|947.83
1786489025|20260812065705|947.61
1786489030|20260812065710|947.53
1786489035|20260812065715|947.39
1786489040|20260812065720|947.28
1786489045|20260812065725|947.38
1786489055|20260812065735|947.66
1786489060|20260812065740|947.67
1786489065|20260812065745|947.65
1786489075|20260812065755|947.77
1786489085|20260812065805|947.70
1786489095|20260812065815|947.70
1786489100|20260812065820|947.71
1786489105|20260812065825|947.74
1786489115|20260812065835|947.85
1786489120|20260812065840|947.81
1786489125|20260812065845|947.76
1786489130|20260812065850|947.75
1786489135|20260812065855|947.77
1786489145|20260812065905|947.79
1786489150|20260812065910|947.84
1786489155|20260812065915|947.84
1786489165|20260812065925|947.76
1786489200|20260812070000|947.56
1786489205|20260812070005|947.54
1786489210|20260812070010|947.45
1786489215|20260812070015|947.46
1786489220|20260812070020|947.41
1786489225|20260812070025|947.44
1786489235|20260812070035|947.45
1786489240|20260812070040|947.45
1786489245|20260812070045|947.43
1786489250|20260812070050|947.45
1786489270|20260812070110|947.52
1786489280|20260812070120|947.46
1786489285|20260812070125|947.40
1786489295|20260812070135|947.33
1786489300|20260812070140|947.36
1786489305|20260812070145|947.36
1786489310|20260812070150|947.34
1786489315|20260812070155|947.37
1786489325|20260812070205|947.29
1786489330|20260812070210|947.36
1786489335|20260812070215|947.32
1786489340|20260812070220|947.07
1786489345|20260812070225|947.15
1786489355|20260812070235|947.09
1786489365|20260812070245|947.18
1786489370|20260812070250|947.26
1786489380|20260812070300|947.23
1786489385|20260812070305|947.33
1786489390|20260812070310|947.30
1786489400|20260812070320|947.11
1786489405|20260812070325|947.16
1786489420|20260812070340|947.59
1786489425|20260812070345|947.57
1786489430|20260812070350|947.40
1786489435|20260812070355|947.33
1786489440|20260812070400|947.33
1786489445|20260812070405|947.32
1786489450|20260812070410|947.23
1786489455|20260812070415|947.26
1786489460|20260812070420|947.16
1786489465|20260812070425|946.69
1786489500|20260812070500|946.55
1786489505|20260812070505|946.62
1786489515|20260812070515|946.98
1786489520|20260812070520|946.92
1786489525|20260812070525|946.90
1786489535|20260812070535|946.64
1786489540|20260812070540|946.66
1786489545|20260812070545|946.59
1786489550|20260812070550|946.55
1786489555|20260812070555|946.47
1786489560|20260812070600|946.53
1786489565|20260812070605|946.51
1786489570|20260812070610|946.55
1786489580|20260812070620|946.41
1786489585|20260812070625|946.26
1786489595|20260812070635|946.17
1786489600|20260812070640|946.18
1786489605|20260812070645|946.54
1786489610|20260812070650|946.83
1786489615|20260812070655|946.80
1786489620|20260812070700|946.85
1786489640|20260812070720|946.96
1786489655|20260812070735|947.63
1786489660|20260812070740|947.56
1786489670|20260812070750|947.58
1786489675|20260812070755|947.65
1786489680|20260812070800|947.47
1786489685|20260812070805|947.16
1786489690|20260812070810|947.10
1786489695|20260812070815|947.07
1786489705|20260812070825|946.98
1786489715|20260812070835|947.02
1786489725|20260812070845|946.88
1786489730|20260812070850|946.94
1786489735|20260812070855|946.90
1786489740|20260812070900|946.85
1786489745|20260812070905|946.82
1786489755|20260812070915|946.68
1786489760|20260812070920|946.71
1786489765|20260812070925|946.66
1786489805|20260812071005|946.60
1786489810|20260812071010|946.65
1786489815|20260812071015|946.60
1786489820|20260812071020|946.63
1786489825|20260812071025|946.69
1786489835|20260812071035|946.64
1786489840|20260812071040|946.65
1786489845|20260812071045|946.75
1786489850|20260812071050|946.71
1786489855|20260812071055|946.72
1786489860|20260812071100|946.73
1786489865|20260812071105|946.71
1786489875|20260812071115|946.68
1786489880|20260812071120|946.65
1786489885|20260812071125|946.72
1786489895|20260812071135|946.88
1786489900|20260812071140|946.93
1786489905|20260812071145|947.38
1786489910|20260812071150|947.16
1786489915|20260812071155|947.24
1786489925|20260812071205|947.23
1786489930|20260812071210|947.16
1786489935|20260812071215|947.15
1786489940|20260812071220|947.09
1786489945|20260812071225|947.22
1786489955|20260812071235|947.03
1786489960|20260812071240|947.03
1786489965|20260812071245|946.94
1786489975|20260812071255|947.02
1786489980|20260812071300|946.99
1786489985|20260812071305|947.24
1786489990|20260812071310|947.28
1786489995|20260812071315|947.30
1786490005|20260812071325|947.61
1786490015|20260812071335|947.55
1786490020|20260812071340|947.41
1786490045|20260812071405|947.04
1786490055|20260812071415|946.87
1786490060|20260812071420|946.88
1786490065|20260812071425|946.89
1786490100|20260812071500|947.01
1786490105|20260812071505|946.90
1786490110|20260812071510|946.82
1786490115|20260812071515|946.69
1786490120|20260812071520|946.82
1786490125|20260812071525|947.10
1786490135|20260812071535|947.16
1786490140|20260812071540|947.18
1786490145|20260812071545|947.16
1786490150|20260812071550|947.18
1786490155|20260812071555|947.03
1786490165|20260812071605|947.04
1786490170|20260812071610|947.15
1786490175|20260812071615|947.18
1786490180|20260812071620|947.10
1786490185|20260812071625|947.24
1786490195|20260812071635|947.40
1786490200|20260812071640|947.50
1786490205|20260812071645|947.60
1786490210|20260812071650|947.61
1786490220|20260812071700|947.91
1786490225|20260812071705|947.84
1786490230|20260812071710|947.79
1786490235|20260812071715|947.76
1786490240|20260812071720|947.69
1786490245|20260812071725|947.73
1786490255|20260812071735|947.77
1786490260|20260812071740|947.78
1786490265|20260812071745|947.69
1786490270|20260812071750|947.69
1786490275|20260812071755|947.67
1786490280|20260812071800|947.71
1786490285|20260812071805|947.67
1786490290|20260812071810|947.68
1786490295|20260812071815|947.69
1786490300|20260812071820|947.62
1786490305|20260812071825|947.69
1786490315|20260812071835|947.67
1786490320|20260812071840|947.71
1786490325|20260812071845|947.71
1786490330|20260812071850|947.73
1786490335|20260812071855|947.83
1786490345|20260812071905|948.02
1786490350|20260812071910|948.01
1786490355|20260812071915|948.05
1786490360|20260812071920|948.15
1786490365|20260812071925|948.20
1786490405|20260812072005|948.20
1786490410|20260812072010|948.20
1786490415|20260812072015|948.25
1786490420|20260812072020|948.33
1786490425|20260812072025|948.37
1786490435|20260812072035|948.28
1786490440|20260812072040|948.29
1786490445|20260812072045|948.31
1786490450|20260812072050|948.32
1786490455|20260812072055|948.37
1786490460|20260812072100|948.37
1786490465|20260812072105|948.41
1786490470|20260812072110|948.36
1786490475|20260812072115|948.36
1786490480|20260812072120|948.33
1786490485|20260812072125|948.08
1786490495|20260812072135|948.13
1786490500|20260812072140|948.16
1786490505|20260812072145|948.16
1786490510|20260812072150|948.20
1786490515|20260812072155|948.21
1786490530|20260812072210|948.21
1786490535|20260812072215|948.17
1786490540|20260812072220|948.16
1786490555|20260812072235|948.16
1786490560|20260812072240|948.17
1786490570|20260812072250|948.26
1786490575|20260812072255|948.35
1786490580|20260812072300|948.47
1786490590|20260812072310|948.46
1786490595|20260812072315|948.49
1786490600|20260812072320|948.51
1786490605|20260812072325|948.48
1786490615|20260812072335|948.67
1786490620|20260812072340|948.50
1786490625|20260812072345|948.43
1786490630|20260812072350|948.45
1786490635|20260812072355|948.40
1786490645|20260812072405|948.30
1786490650|20260812072410|948.49
1786490655|20260812072415|948.45
1786490660|20260812072420|948.42
1786490665|20260812072425|948.37
1786490710|20260812072510|947.90
1786490715|20260812072515|948.02
1786490720|20260812072520|947.97
1786490725|20260812072525|947.83
1786490735|20260812072535|947.82
1786490745|20260812072545|947.87
1786490750|20260812072550|947.87
1786490765|20260812072605|947.93
1786490770|20260812072610|947.81
1786490775|20260812072615|947.82
1786490780|20260812072620|947.81
1786490785|20260812072625|947.47
1786490795|20260812072635|947.67
1786490800|20260812072640|947.80
1786490805|20260812072645|947.88
1786490810|20260812072650|947.90
1786490815|20260812072655|947.93
1786490825|20260812072705|947.96
1786490830|20260812072710|947.95
1786490835|20260812072715|947.96
1786490840|20260812072720|947.82
1786490855|20260812072735|947.89
1786490860|20260812072740|947.83
1786490865|20260812072745|947.82
1786490870|20260812072750|947.80
1786490875|20260812072755|947.82
1786490885|20260812072805|947.82
1786490890|20260812072810|947.91
1786490895|20260812072815|947.80
1786490900|20260812072820|947.82
1786490905|20260812072825|947.80
1786490915|20260812072835|948.13
1786490925|20260812072845|948.31
1786490930|20260812072850|948.26
1786490935|20260812072855|948.32
1786490945|20260812072905|948.31
1786490950|20260812072910|948.40
1786490955|20260812072915|948.49
1786490965|20260812072925|948.53
1786491000|20260812073000|948.34
1786491005|20260812073005|948.32
1786491010|20260812073010|948.30
1786491015|20260812073015|948.25
1786491020|20260812073020|948.21
1786491025|20260812073025|948.20
1786491035|20260812073035|948.14
1786491040|20260812073040|948.12
1786491045|20260812073045|948.18
1786491050|20260812073050|948.23
1786491055|20260812073055|948.23
1786491065|20260812073105|948.13
1786491070|20260812073110|948.13
1786491075|20260812073115|948.04
1786491080|20260812073120|948.17
1786491085|20260812073125|948.14
1786491095|20260812073135|948.15
1786491100|20260812073140|948.16
1786491110|20260812073150|948.15
1786491115|20260812073155|948.14
1786491125|20260812073205|948.16
1786491130|20260812073210|948.14
1786491135|20260812073215|947.91
1786491140|20260812073220|947.73
1786491145|20260812073225|947.65
1786491155|20260812073235|947.67
1786491160|20260812073240|947.70
1786491165|20260812073245|947.47
1786491175|20260812073255|947.48
1786491180|20260812073300|947.46
1786491185|20260812073305|947.41
1786491190|20260812073310|947.42
1786491195|20260812073315|947.40
1786491200|20260812073320|947.48
1786491205|20260812073325|947.48
1786491215|20260812073335|947.36
1786491220|20260812073340|947.33
1786491225|20260812073345|947.04
1786491230|20260812073350|947.25
1786491235|20260812073355|947.19
1786491245|20260812073405|947.24
1786491250|20260812073410|947.21
1786491255|20260812073415|947.33
1786491260|20260812073420|947.32
1786491265|20260812073425|947.35
1786491310|20260812073510|947.36
1786491315|20260812073515|947.28
1786491320|20260812073520|947.29
1786491325|20260812073525|947.32
1786491335|20260812073535|947.28
1786491340|20260812073540|947.27
1786491345|20260812073545|947.18
1786491350|20260812073550|947.28
1786491355|20260812073555|947.27
1786491370|20260812073610|947.27
1786491375|20260812073615|947.26
1786491380|20260812073620|947.25
1786491385|20260812073625|947.27
1786491395|20260812073635|947.25
1786491400|20260812073640|947.27
1786491405|20260812073645|947.27
1786491425|20260812073705|947.34
1786491430|20260812073710|947.41
1786491435|20260812073715|947.42
1786491440|20260812073720|947.39
1786491445|20260812073725|947.35
1786491455|20260812073735|947.35
1786491465|20260812073745|947.33
1786491470|20260812073750|947.35
1786491490|20260812073810|947.48
1786491495|20260812073815|947.43
1786491500|20260812073820|947.44
1786491505|20260812073825|947.48
1786491515|20260812073835|947.42
1786491520|20260812073840|947.43
1786491525|20260812073845|947.43
1786491530|20260812073850|947.47
1786491545|20260812073905|947.41
1786491550|20260812073910|947.41
1786491555|20260812073915|947.40
1786491565|20260812073925|947.39
1786491600|20260812074000|947.28
1786491605|20260812074005|947.28
1786491610|20260812074010|947.29
1786491620|20260812074020|947.32
1786491635|20260812074035|947.34
1786491640|20260812074040|947.34
1786491645|20260812074045|947.34
1786491650|20260812074050|947.34
1786491665|20260812074105|947.34
1786491670|20260812074110|947.33
1786491675|20260812074115|947.29
1786491680|20260812074120|947.30
1786491685|20260812074125|947.29
1786491695|20260812074135|947.29
1786491700|20260812074140|947.29
1786491710|20260812074150|947.33
1786491725|20260812074205|947.36
1786491730|20260812074210|947.36
1786491735|20260812074215|947.37
1786491745|20260812074225|947.40
1786491760|20260812074240|947.41
1786491765|20260812074245|947.41
1786491770|20260812074250|947.42
1786491775|20260812074255|947.40
1786491785|20260812074305|947.39
1786491790|20260812074310|947.30
1786491795|20260812074315|947.30
1786491805|20260812074325|947.25
1786491815|20260812074335|947.30
1786491820|20260812074340|947.30
1786491830|20260812074350|947.31
1786491835|20260812074355|947.31
1786491845|20260812074405|947.27
1786491850|20260812074410|947.35
1786491855|20260812074415|947.34
1786491860|20260812074420|947.34
1786491865|20260812074425|947.36
1786491900|20260812074500|947.32
1786491905|20260812074505|947.37
1786491910|20260812074510|947.68
1786491915|20260812074515|947.80
1786491920|20260812074520|947.82
1786491925|20260812074525|947.84
1786491935|20260812074535|947.77
1786491940|20260812074540|947.78
1786491945|20260812074545|947.77
1786491950|20260812074550|947.78
1786491955|20260812074555|947.79
1786491960|20260812074600|947.82
1786491965|20260812074605|947.84
1786491970|20260812074610|947.81
1786491975|20260812074615|947.64
1786491980|20260812074620|947.66
1786491985|20260812074625|947.65
1786491995|20260812074635|947.65
1786492000|20260812074640|947.64
1786492010|20260812074650|947.72
1786492015|20260812074655|947.75
1786492025|20260812074705|947.70
1786492030|20260812074710|947.71
1786492035|20260812074715|947.74
1786492040|20260812074720|947.74
1786492045|20260812074725|947.75
1786492055|20260812074735|947.79
1786492060|20260812074740|947.78
1786492065|20260812074745|947.73
1786492070|20260812074750|947.75
1786492085|20260812074805|947.55
1786492095|20260812074815|947.41
1786492100|20260812074820|947.39
1786492105|20260812074825|947.45
1786492115|20260812074835|947.46
1786492120|20260812074840|947.45
1786492125|20260812074845|947.45
1786492135|20260812074855|947.40
1786492140|20260812074900|947.44
1786492145|20260812074905|947.43
1786492150|20260812074910|947.42
1786492155|20260812074915|947.48
1786492160|20260812074920|947.48
1786492165|20260812074925|947.55
1786492205|20260812075005|947.57
1786492210|20260812075010|947.54
1786492215|20260812075015|947.55
1786492220|20260812075020|947.57
1786492225|20260812075025|947.54
1786492235|20260812075035|947.59
1786492240|20260812075040|947.62
1786492245|20260812075045|947.58
1786492250|20260812075050|947.56
1786492255|20260812075055|947.56
1786492260|20260812075100|947.59
1786492265|20260812075105|947.57
1786492270|20260812075110|947.56
1786492275|20260812075115|947.52
1786492280|20260812075120|947.54
1786492285|20260812075125|947.52
1786492300|20260812075140|947.52
1786492305|20260812075145|947.57
1786492315|20260812075155|947.60
1786492320|20260812075200|947.63
1786492330|20260812075210|947.60
1786492335|20260812075215|947.61
1786492340|20260812075220|947.60
1786492345|20260812075225|947.58
1786492355|20260812075235|947.60
1786492360|20260812075240|947.59
1786492365|20260812075245|947.52
1786492370|20260812075250|947.52
1786492375|20260812075255|947.45
1786492385|20260812075305|947.48
1786492390|20260812075310|947.47
1786492395|20260812075315|947.54
1786492405|20260812075325|947.52
1786492415|20260812075335|947.55
1786492420|20260812075340|947.57
1786492425|20260812075345|947.56
1786492435|20260812075355|947.62
1786492445|20260812075405|947.58
1786492450|20260812075410|947.60
1786492455|20260812075415|947.62
1786492460|20260812075420|947.57
1786492465|20260812075425|947.63
1786492500|20260812075500|947.77
1786492505|20260812075505|947.75
1786492510|20260812075510|947.72
1786492515|20260812075515|947.80
1786492520|20260812075520|947.77
1786492535|20260812075535|947.72
1786492540|20260812075540|947.75
1786492550|20260812075550|947.85
1786492555|20260812075555|947.81
1786492560|20260812075600|947.82
1786492565|20260812075605|947.84
1786492570|20260812075610|947.91
1786492575|20260812075615|947.95
1786492600|20260812075640|948.05
1786492605|20260812075645|948.00
1786492610|20260812075650|947.95
1786492615|20260812075655|948.00
1786492620|20260812075700|948.00
1786492625|20260812075705|948.05
1786492630|20260812075710|948.00
1786492640|20260812075720|947.90
1786492645|20260812075725|947.90
1786492655|20260812075735|947.89
1786492660|20260812075740|947.89
1786492665|20260812075745|947.89
1786492670|20260812075750|947.87
1786492685|20260812075805|947.89
1786492690|20260812075810|947.90
1786492695|20260812075815|947.92
1786492700|20260812075820|947.98
1786492705|20260812075825|948.00
1786492715|20260812075835|947.99
1786492720|20260812075840|948.03
1786492730|20260812075850|948.07
1786492750|20260812075910|948.05
1786492755|20260812075915|948.08
1786492760|20260812075920|948.02
1786492765|20260812075925|947.99
1786492790|20260812075950|948.07
1786492800|20260812080000|948.10
1786492815|20260812080015|947.73
1786492820|20260812080020|947.63
1786492825|20260812080025|947.71
1786492840|20260812080040|947.81
1786492850|20260812080050|947.68
1786492860|20260812080100|947.47
1786492865|20260812080105|947.50
1786492870|20260812080110|947.37
1786492875|20260812080115|947.50
1786492880|20260812080120|947.52
1786492885|20260812080125|947.39
1786492895|20260812080135|947.50
1786492900|20260812080140|947.41
1786492905|20260812080145|947.13
1786492910|20260812080150|947.18
1786492920|20260812080200|947.22
1786492925|20260812080205|947.30
1786492930|20260812080210|947.18
1786492935|20260812080215|947.22
1786492940|20260812080220|947.29
1786492945|20260812080225|947.22
1786492960|20260812080240|947.53
1786492965|20260812080245|947.42
1786492970|20260812080250|947.50
1786492975|20260812080255|947.43
1786492980|20260812080300|947.49
1786492985|20260812080305|947.65
1786492990|20260812080310|947.77
1786492995|20260812080315|947.74
1786493015|20260812080335|947.52
1786493020|20260812080340|947.55
1786493025|20260812080345|947.62
1786493030|20260812080350|947.58
1786493035|20260812080355|947.57
1786493045|20260812080405|947.87
1786493050|20260812080410|947.81
1786493055|20260812080415|947.82
1786493060|20260812080420|947.83
1786493065|20260812080425|947.82
1786493100|20260812080500|947.53
1786493105|20260812080505|947.54
1786493115|20260812080515|947.62
1786493120|20260812080520|947.67
1786493125|20260812080525|947.73
1786493135|20260812080535|947.69
1786493140|20260812080540|947.72
1786493145|20260812080545|947.88
1786493150|20260812080550|947.77
1786493160|20260812080600|947.71
1786493165|20260812080605|947.68
1786493170|20260812080610|947.65
1786493175|20260812080615|947.63
1786493180|20260812080620|947.60
1786493185|20260812080625|947.61
1786493195|20260812080635|947.58
1786493200|20260812080640|947.70
1786493205|20260812080645|947.74
1786493215|20260812080655|947.71
1786493220|20260812080700|947.70
1786493225|20260812080705|947.70
1786493230|20260812080710|947.76
1786493235|20260812080715|947.67
1786493240|20260812080720|947.52
1786493245|20260812080725|947.42
1786493255|20260812080735|947.56
1786493260|20260812080740|947.77
1786493265|20260812080745|947.75
1786493270|20260812080750|947.61
1786493275|20260812080755|947.68
1786493280|20260812080800|947.59
1786493285|20260812080805|947.65
1786493290|20260812080810|947.65
1786493295|20260812080815|947.83
1786493300|20260812080820|947.83
1786493305|20260812080825|947.77
1786493315|20260812080835|947.93
1786493320|20260812080840|947.98
1786493325|20260812080845|947.94
1786493330|20260812080850|947.92
1786493335|20260812080855|947.84
1786493345|20260812080905|947.81
1786493350|20260812080910|947.89
1786493360|20260812080920|947.97
1786493365|20260812080925|947.93
1786493405|20260812081005|947.94
1786493410|20260812081010|947.90
1786493415|20260812081015|947.88
1786493420|20260812081020|947.88
1786493435|20260812081035|948.00
1786493440|20260812081040|948.06
1786493445|20260812081045|947.98
1786493450|20260812081050|947.99
1786493455|20260812081055|947.99
1786493465|20260812081105|947.98
1786493470|20260812081110|947.91
1786493475|20260812081115|948.02
1786493480|20260812081120|948.04
1786493485|20260812081125|948.00
1786493495|20260812081135|947.92
1786493505|20260812081145|947.92
1786493510|20260812081150|947.90
1786493515|20260812081155|947.92
1786493525|20260812081205|947.89
1786493530|20260812081210|947.91
1786493535|20260812081215|947.88
1786493540|20260812081220|948.34
1786493545|20260812081225|948.49
1786493555|20260812081235|948.61
1786493560|20260812081240|948.68
1786493570|20260812081250|948.74
1786493575|20260812081255|948.77
1786493580|20260812081300|948.77
1786493585|20260812081305|948.72
1786493590|20260812081310|948.75
1786493595|20260812081315|948.86
1786493600|20260812081320|948.89
1786493605|20260812081325|948.95
1786493615|20260812081335|949.11
1786493620|20260812081340|949.06
1786493625|20260812081345|949.08
1786493630|20260812081350|949.26
1786493645|20260812081405|949.22
1786493650|20260812081410|949.16
1786493655|20260812081415|949.22
1786493660|20260812081420|949.24
1786493665|20260812081425|949.26
1786493715|20260812081515|949.44
1786493735|20260812081535|949.14
1786493740|20260812081540|948.86
1786493745|20260812081545|948.78
1786493750|20260812081550|948.90
1786493755|20260812081555|948.87
1786493765|20260812081605|948.85
1786493770|20260812081610|948.74
1786493775|20260812081615|948.87
1786493780|20260812081620|948.83
1786493785|20260812081625|948.89
1786493795|20260812081635|949.02
1786493805|20260812081645|948.91
1786493810|20260812081650|948.90
1786493815|20260812081655|948.82
1786493825|20260812081705|948.88
1786493835|20260812081715|949.12
1786493840|20260812081720|949.05
1786493845|20260812081725|948.94
1786493855|20260812081735|948.86
1786493865|20260812081745|949.08
1786493875|20260812081755|949.11
1786493885|20260812081805|949.06
1786493895|20260812081815|949.11
1786493905|20260812081825|949.25
1786493915|20260812081835|949.25
1786493920|20260812081840|949.29
1786493925|20260812081845|949.19
1786493930|20260812081850|949.34
1786493935|20260812081855|949.28
1786493945|20260812081905|949.25
1786493950|20260812081910|949.43
1786493960|20260812081920|949.71
1786493965|20260812081925|949.62
1786494000|20260812082000|949.86
1786494005|20260812082005|949.93
1786494010|20260812082010|949.94
1786494015|20260812082015|949.90
1786494020|20260812082020|949.99
1786494035|20260812082035|949.92
1786494040|20260812082040|949.97
1786494045|20260812082045|949.85
1786494050|20260812082050|949.81
1786494065|20260812082105|949.72
1786494070|20260812082110|949.65
1786494075|20260812082115|949.66
1786494080|20260812082120|949.67
1786494085|20260812082125|949.72
1786494095|20260812082135|949.71
1786494100|20260812082140|949.73
1786494105|20260812082145|949.78
1786494110|20260812082150|949.80
1786494115|20260812082155|949.81
1786494120|20260812082200|949.81
1786494125|20260812082205|949.76
1786494130|20260812082210|949.81
1786494140|20260812082220|949.79
1786494145|20260812082225|949.83
1786494155|20260812082235|949.79
1786494160|20260812082240|949.70
1786494165|20260812082245|949.66
1786494170|20260812082250|949.58
1786494175|20260812082255|949.48
1786494185|20260812082305|949.57
1786494190|20260812082310|949.47
1786494195|20260812082315|949.47
1786494200|20260812082320|949.49
1786494205|20260812082325|949.58
1786494215|20260812082335|949.62
1786494220|20260812082340|949.62
1786494225|20260812082345|949.63
1786494230|20260812082350|949.67
1786494235|20260812082355|949.66
1786494240|20260812082400|949.69
1786494245|20260812082405|949.67
1786494250|20260812082410|949.67
1786494255|20260812082415|949.69
1786494260|20260812082420|949.70
1786494265|20260812082425|949.69
1786494305|20260812082505|949.62
1786494310|20260812082510|949.61
1786494315|20260812082515|949.67
1786494320|20260812082520|949.68
1786494325|20260812082525|949.70
1786494335|20260812082535|949.60
1786494340|20260812082540|949.68
1786494345|20260812082545|949.66
1786494350|20260812082550|949.69
1786494355|20260812082555|949.62
1786494360|20260812082600|949.67
1786494365|20260812082605|949.67
1786494370|20260812082610|949.61
1786494375|20260812082615|949.72
1786494380|20260812082620|949.72
1786494385|20260812082625|949.69
1786494395|20260812082635|949.70
1786494400|20260812082640|949.65
1786494405|20260812082645|949.70
1786494410|20260812082650|949.57
1786494415|20260812082655|949.55
1786494425|20260812082705|949.54
1786494430|20260812082710|949.53
1786494435|20260812082715|949.51
1786494440|20260812082720|949.57
1786494445|20260812082725|949.49
1786494455|20260812082735|949.60
1786494460|20260812082740|949.60
1786494465|20260812082745|949.66
1786494470|20260812082750|949.69
1786494475|20260812082755|949.70
1786494485|20260812082805|949.82
1786494490|20260812082810|949.80
1786494495|20260812082815|949.82
1786494500|20260812082820|949.84
1786494505|20260812082825|949.89
1786494515|20260812082835|949.89
1786494520|20260812082840|949.83
1786494525|20260812082845|949.76
1786494530|20260812082850|949.71
1786494540|20260812082900|949.95
1786494545|20260812082905|949.81
1786494560|20260812082920|949.87
1786494565|20260812082925|949.87
1786494590|20260812082950|949.98
1786494600|20260812083000|949.99
1786494605|20260812083005|950.17
1786494610|20260812083010|950.30
1786494615|20260812083015|950.34
1786494625|20260812083025|950.33
1786494635|20260812083035|950.25
1786494640|20260812083040|950.19
1786494645|20260812083045|950.25
1786494675|20260812083115|949.98
1786494680|20260812083120|949.96
1786494685|20260812083125|950.04
1786494695|20260812083135|950.04
1786494700|20260812083140|950.18
1786494705|20260812083145|950.04
1786494715|20260812083155|950.14
1786494725|20260812083205|950.16
1786494730|20260812083210|950.18
1786494735|20260812083215|950.20
1786494740|20260812083220|950.22
1786494745|20260812083225|950.29
1786494755|20260812083235|950.38
1786494770|20260812083250|950.45
1786494775|20260812083255|950.48
1786494785|20260812083305|950.49
1786494790|20260812083310|950.37
1786494800|20260812083320|950.35
1786494805|20260812083325|950.32
1786494820|20260812083340|950.29
1786494825|20260812083345|950.24
1786494830|20260812083350|950.29
1786494835|20260812083355|950.28
1786494845|20260812083405|950.27
1786494850|20260812083410|950.28
1786494855|20260812083415|950.24
1786494860|20260812083420|950.27
1786494910|20260812083510|950.25
1786494915|20260812083515|950.29
1786494925|20260812083525|950.34
1786494935|20260812083535|950.38
1786494940|20260812083540|950.32
1786494945|20260812083545|950.25
1786494965|20260812083605|950.31
1786494970|20260812083610|950.33
1786494975|20260812083615|950.45
1786494980|20260812083620|950.47
1786494985|20260812083625|950.38
1786494995|20260812083635|950.51
1786495000|20260812083640|950.47
1786495005|20260812083645|950.61
1786495010|20260812083650|950.67
1786495015|20260812083655|950.53
1786495025|20260812083705|950.58
1786495035|20260812083715|950.54
1786495040|20260812083720|950.56
1786495045|20260812083725|950.52
1786495055|20260812083735|950.52
1786495065|20260812083745|950.46
1786495070|20260812083750|950.49
1786495075|20260812083755|950.51
1786495085|20260812083805|950.34
1786495090|20260812083810|950.30
1786495095|20260812083815|950.27
1786495105|20260812083825|950.27
1786495115|20260812083835|950.29
1786495125|20260812083845|950.22
1786495135|20260812083855|950.23
1786495145|20260812083905|950.20
1786495150|20260812083910|950.45
1786495155|20260812083915|950.35
1786495160|20260812083920|950.40
1786495165|20260812083925|950.43
1786495195|20260812083955|950.17
1786495200|20260812084000|950.21
1786495205|20260812084005|950.37
1786495210|20260812084010|950.32
1786495220|20260812084020|950.35
1786495225|20260812084025|950.37
1786495235|20260812084035|950.55
1786495240|20260812084040|950.57
1786495245|20260812084045|950.58
1786495250|20260812084050|950.58
1786495255|20260812084055|950.56
1786495260|20260812084100|950.58
1786495270|20260812084110|950.51
1786495275|20260812084115|950.45
1786495280|20260812084120|950.40
1786495285|20260812084125|950.38
1786495295|20260812084135|950.45
1786495300|20260812084140|950.38
1786495305|20260812084145|950.31
1786495310|20260812084150|950.34
1786495315|20260812084155|950.39
1786495330|20260812084210|950.50
1786495335|20260812084215|950.50
1786495340|20260812084220|950.48
1786495345|20260812084225|950.38
1786495355|20260812084235|950.31
1786495360|20260812084240|950.36
1786495365|20260812084245|950.31
1786495370|20260812084250|950.43
1786495375|20260812084255|950.38
1786495385|20260812084305|950.35
1786495390|20260812084310|950.19
1786495395|20260812084315|950.32
1786495400|20260812084320|950.19
1786495405|20260812084325|950.19
1786495415|20260812084335|950.19
1786495420|20260812084340|950.22
1786495425|20260812084345|950.18
1786495430|20260812084350|950.23
1786495435|20260812084355|950.32
1786495445|20260812084405|950.37
1786495450|20260812084410|950.40
1786495455|20260812084415|950.32
1786495460|20260812084420|950.32
1786495465|20260812084425|950.35
1786495500|20260812084500|950.58
1786495520|20260812084520|950.60
1786495525|20260812084525|950.61
1786495535|20260812084535|950.54
1786495540|20260812084540|950.52
1786495545|20260812084545|950.47
1786495550|20260812084550|950.35
1786495555|20260812084555|950.24
1786495560|20260812084600|950.30
1786495565|20260812084605|950.28
1786495570|20260812084610|950.26
1786495575|20260812084615|950.21
1786495580|20260812084620|950.19
1786495585|20260812084625|950.20
1786495595|20260812084635|950.21
1786495600|20260812084640|950.31
1786495605|20260812084645|950.34
1786495610|20260812084650|950.32
1786495615|20260812084655|950.43
1786495620|20260812084700|950.39
1786495625|20260812084705|950.35
1786495635|20260812084715|950.34
1786495640|20260812084720|950.34
1786495655|20260812084735|950.41
1786495660|20260812084740|950.39
1786495670|20260812084750|950.33
1786495680|20260812084800|950.28
1786495685|20260812084805|950.24
1786495695|20260812084815|950.19
1786495700|20260812084820|950.22
1786495705|20260812084825|950.21
1786495720|20260812084840|950.35
1786495725|20260812084845|950.34
1786495730|20260812084850|950.35
1786495735|20260812084855|950.38
1786495740|20260812084900|950.32
1786495745|20260812084905|950.30
1786495755|20260812084915|950.30
1786495765|20260812084925|950.29
1786495805|20260812085005|950.36
1786495815|20260812085015|950.28
1786495825|20260812085025|950.15
1786495835|20260812085035|950.16
1786495840|20260812085040|950.14
1786495845|20260812085045|950.15
1786495850|20260812085050|950.15
1786495855|20260812085055|950.15
1786495860|20260812085100|950.11
1786495865|20260812085105|950.01
1786495870|20260812085110|950.01
1786495875|20260812085115|949.94
1786495880|20260812085120|949.92
1786495885|20260812085125|950.04
1786495895|20260812085135|949.99
1786495900|20260812085140|950.03
1786495910|20260812085150|950.02
1786495915|20260812085155|950.02
1786495920|20260812085200|950.02
1786495925|20260812085205|950.02
1786495930|20260812085210|950.01
1786495935|20260812085215|950.12
1786495940|20260812085220|950.10
1786495960|20260812085240|950.09
1786495965|20260812085245|950.11
1786495970|20260812085250|950.06
1786495985|20260812085305|949.96
1786495995|20260812085315|950.02
1786496000|20260812085320|950.02
1786496005|20260812085325|950.02
1786496015|20260812085335|950.00
1786496020|20260812085340|950.02
1786496030|20260812085350|949.89
1786496035|20260812085355|949.93
1786496045|20260812085405|949.92
1786496050|20260812085410|949.88
1786496055|20260812085415|949.76
1786496060|20260812085420|949.71
1786496065|20260812085425|949.74
1786496080|20260812085440|949.55
1786496105|20260812085505|949.58
1786496110|20260812085510|949.60
1786496115|20260812085515|949.68
1786496120|20260812085520|949.66
1786496125|20260812085525|949.65
1786496135|20260812085535|949.68
1786496140|20260812085540|949.66
1786496145|20260812085545|949.62
1786496150|20260812085550|949.62
1786496155|20260812085555|949.60
1786496165|20260812085605|949.56
1786496170|20260812085610|949.60
1786496175|20260812085615|949.53
1786496180|20260812085620|949.44
1786496195|20260812085635|949.60
1786496200|20260812085640|949.56
1786496205|20260812085645|949.57
1786496210|20260812085650|949.70
1786496215|20260812085655|949.73
1786496220|20260812085700|949.74
1786496235|20260812085715|949.73
1786496240|20260812085720|949.87
1786496245|20260812085725|949.82
1786496255|20260812085735|949.87
1786496260|20260812085740|949.82
1786496265|20260812085745|949.84
1786496270|20260812085750|949.84
1786496275|20260812085755|949.92
1786496285|20260812085805|949.98
1786496290|20260812085810|949.94
1786496295|20260812085815|949.95
1786496305|20260812085825|949.95
1786496315|20260812085835|950.05
1786496320|20260812085840|950.02
1786496325|20260812085845|950.04
1786496330|20260812085850|950.00
1786496335|20260812085855|950.02
1786496345|20260812085905|949.89
1786496350|20260812085910|950.08
1786496355|20260812085915|950.06
1786496360|20260812085920|950.11
1786496365|20260812085925|950.23
1786496380|20260812085940|950.01
1786496400|20260812090000|950.05
1786496405|20260812090005|950.55
1786496410|20260812090010|949.92
1786496415|20260812090015|949.99
1786496425|20260812090025|950.04
1786496435|20260812090035|950.06
1786496440|20260812090040|949.87
1786496450|20260812090050|949.95
1786496455|20260812090055|949.94
1786496465|20260812090105|949.88
1786496470|20260812090110|949.97
1786496475|20260812090115|949.99
1786496495|20260812090135|949.92
1786496500|20260812090140|950.22
1786496525|20260812090205|950.02
1786496530|20260812090210|949.82
1786496535|20260812090215|949.84
1786496540|20260812090220|949.75
1786496545|20260812090225|949.69
1786496555|20260812090235|950.06
1786496560|20260812090240|949.88
1786496565|20260812090245|950.01
1786496570|20260812090250|950.44
1786496575|20260812090255|950.58
1786496585|20260812090305|950.14
1786496595|20260812090315|950.09
1786496600|20260812090320|950.25
1786496605|20260812090325|950.26
1786496615|20260812090335|950.55
1786496620|20260812090340|950.50
1786496630|20260812090350|951.00
1786496635|20260812090355|950.84
1786496645|20260812090405|950.85
1786496650|20260812090410|950.61
1786496655|20260812090415|950.53
1786496660|20260812090420|950.65
1786496665|20260812090425|950.70
1786496705|20260812090505|950.99
1786496710|20260812090510|950.77
1786496715|20260812090515|950.89
1786496720|20260812090520|950.76
1786496725|20260812090525|950.57
1786496740|20260812090540|950.76
1786496745|20260812090545|950.87
1786496750|20260812090550|951.01
1786496765|20260812090605|951.47
1786496770|20260812090610|951.43
1786496775|20260812090615|951.30
1786496780|20260812090620|951.28
1786496785|20260812090625|951.28
1786496805|20260812090645|951.36
1786496810|20260812090650|951.43
1786496815|20260812090655|951.32
1786496825|20260812090705|951.47
1786496830|20260812090710|951.38
1786496835|20260812090715|951.22
1786496840|20260812090720|951.09
1786496845|20260812090725|950.88
1786496855|20260812090735|951.23
1786496860|20260812090740|951.16
1786496865|20260812090745|951.08
1786496870|20260812090750|951.09
1786496875|20260812090755|951.05
1786496885|20260812090805|951.04
1786496890|20260812090810|951.15
1786496895|20260812090815|951.24
1786496900|20260812090820|951.37
1786496905|20260812090825|951.31
1786496915|20260812090835|951.47
1786496920|20260812090840|951.37
1786496925|20260812090845|951.23
1786496945|20260812090905|951.18
1786496950|20260812090910|951.20
1786496955|20260812090915|951.22
1786496960|20260812090920|951.21
1786496965|20260812090925|951.33
1786497000|20260812091000|951.53
1786497005|20260812091005|951.79
1786497010|20260812091010|951.85
1786497015|20260812091015|951.60
1786497020|20260812091020|951.58
1786497025|20260812091025|951.83
1786497035|20260812091035|951.95
1786497040|20260812091040|951.65
1786497045|20260812091045|951.68
1786497050|20260812091050|951.82
1786497060|20260812091100|951.76
1786497065|20260812091105|951.77
1786497070|20260812091110|951.72
1786497075|20260812091115|951.68
1786497080|20260812091120|951.65
1786497085|20260812091125|951.66
1786497095|20260812091135|951.75
1786497100|20260812091140|951.72
1786497105|20260812091145|951.92
1786497115|20260812091155|951.92
1786497120|20260812091200|952.02
1786497125|20260812091205|952.15
1786497130|20260812091210|952.09
1786497135|20260812091215|952.08
1786497140|20260812091220|952.15
1786497145|20260812091225|952.14
1786497155|20260812091235|952.10
1786497160|20260812091240|952.04
1786497165|20260812091245|952.14
1786497170|20260812091250|952.15
1786497185|20260812091305|952.15
1786497190|20260812091310|952.22
1786497195|20260812091315|952.20
1786497200|20260812091320|952.01
1786497205|20260812091325|952.03
1786497215|20260812091335|952.14
1786497220|20260812091340|952.08
1786497225|20260812091345|952.15
1786497230|20260812091350|952.12
1786497240|20260812091400|952.03
1786497245|20260812091405|952.07
1786497260|20260812091420|952.13
1786497265|20260812091425|952.14
1786497295|20260812091455|952.22
1786497300|20260812091500|952.13
1786497305|20260812091505|952.15
1786497310|20260812091510|952.06
1786497315|20260812091515|952.05
1786497320|20260812091520|951.97
1786497325|20260812091525|951.94
1786497335|20260812091535|951.85
1786497340|20260812091540|951.74
1786497345|20260812091545|951.75
1786497350|20260812091550|951.68
1786497355|20260812091555|951.58
1786497360|20260812091600|951.62
1786497370|20260812091610|951.81
1786497375|20260812091615|951.82
1786497380|20260812091620|951.83
1786497385|20260812091625|951.76
1786497395|20260812091635|952.01
1786497405|20260812091645|951.87
1786497410|20260812091650|951.80
1786497415|20260812091655|951.92
1786497420|20260812091700|951.98
1786497425|20260812091705|951.94
1786497430|20260812091710|952.08
1786497435|20260812091715|952.33
1786497440|20260812091720|952.37
1786497445|20260812091725|952.39
1786497460|20260812091740|952.31
1786497465|20260812091745|952.24
1786497470|20260812091750|952.24
1786497475|20260812091755|952.14
1786497480|20260812091800|952.08
1786497485|20260812091805|951.96
1786497490|20260812091810|952.08
1786497495|20260812091815|952.08
1786497500|20260812091820|952.05
1786497505|20260812091825|952.02
1786497515|20260812091835|951.94
1786497525|20260812091845|951.90
1786497530|20260812091850|951.91
1786497535|20260812091855|951.72
1786497545|20260812091905|951.78
1786497550|20260812091910|951.72
1786497555|20260812091915|951.91
1786497560|20260812091920|951.91
1786497605|20260812092005|952.41
1786497610|20260812092010|952.46
1786497615|20260812092015|952.44
1786497620|20260812092020|952.51
1786497625|20260812092025|952.64
1786497635|20260812092035|952.78
1786497640|20260812092040|952.78
1786497645|20260812092045|952.86
1786497655|20260812092055|952.90
1786497660|20260812092100|952.91
1786497665|20260812092105|952.89
1786497670|20260812092110|952.90
1786497680|20260812092120|952.78
1786497685|20260812092125|952.56
1786497705|20260812092145|952.26
1786497710|20260812092150|952.34
1786497725|20260812092205|952.36
1786497730|20260812092210|952.39
1786497735|20260812092215|952.33
1786497740|20260812092220|952.27
1786497745|20260812092225|952.26
1786497755|20260812092235|952.20
1786497765|20260812092245|952.27
1786497775|20260812092255|952.18
1786497785|20260812092305|952.04
1786497790|20260812092310|952.04
1786497795|20260812092315|952.02
1786497800|20260812092320|952.04
1786497815|20260812092335|952.25
1786497820|20260812092340|952.28
1786497835|20260812092355|952.19
1786497850|20260812092410|952.10
1786497855|20260812092415|952.08
1786497860|20260812092420|952.18
1786497865|20260812092425|952.10
1786497905|20260812092505|952.28
1786497910|20260812092510|952.23
1786497915|20260812092515|952.21
1786497920|20260812092520|952.21
1786497925|20260812092525|952.27
1786497935|20260812092535|952.25
1786497940|20260812092540|952.23
1786497945|20260812092545|952.28
1786497950|20260812092550|952.26
1786497970|20260812092610|952.20
1786497975|20260812092615|952.22
1786497980|20260812092620|952.22
1786497985|20260812092625|952.22
1786497995|20260812092635|952.08
1786498000|20260812092640|952.07
1786498005|20260812092645|952.12
1786498015|20260812092655|952.16
1786498025|20260812092705|952.23
1786498030|20260812092710|952.21
1786498040|20260812092720|952.35
1786498045|20260812092725|952.37
1786498055|20260812092735|952.35
1786498060|20260812092740|952.37
1786498065|20260812092745|952.46
1786498070|20260812092750|952.47
1786498075|20260812092755|952.40
1786498085|20260812092805|952.40
1786498090|20260812092810|952.39
1786498095|20260812092815|952.35
1786498100|20260812092820|952.33
1786498105|20260812092825|952.36
1786498115|20260812092835|952.34
1786498120|20260812092840|952.28
1786498125|20260812092845|952.38
1786498130|20260812092850|952.26
1786498135|20260812092855|952.18
1786498140|20260812092900|952.21
1786498145|20260812092905|952.19
1786498150|20260812092910|952.16
1786498155|20260812092915|952.19
1786498165|20260812092925|952.16
1786498200|20260812093000|952.20
1786498205|20260812093005|952.23
1786498210|20260812093010|952.25
1786498215|20260812093015|952.22
1786498220|20260812093020|952.18
1786498225|20260812093025|952.37
1786498235|20260812093035|952.33
1786498240|20260812093040|952.29
1786498245|20260812093045|952.20
1786498250|20260812093050|952.34
1786498255|20260812093055|952.35
1786498265|20260812093105|952.17
1786498270|20260812093110|952.19
1786498275|20260812093115|952.11
1786498280|20260812093120|952.14
1786498285|20260812093125|952.15
1786498295|20260812093135|952.16
1786498300|20260812093140|952.14
1786498305|20260812093145|952.32
1786498325|20260812093205|952.10
1786498330|20260812093210|952.00
1786498335|20260812093215|951.97
1786498340|20260812093220|951.96
1786498345|20260812093225|951.87
1786498355|20260812093235|951.89
1786498360|20260812093240|951.84
1786498365|20260812093245|951.80
1786498375|20260812093255|951.83
1786498385|20260812093305|951.79
1786498390|20260812093310|951.68
1786498395|20260812093315|951.54
1786498400|20260812093320|951.63
1786498405|20260812093325|951.53
1786498415|20260812093335|951.74
1786498420|20260812093340|951.71
1786498425|20260812093345|951.62
1786498430|20260812093350|951.55
1786498435|20260812093355|951.64
1786498450|20260812093410|951.59
1786498455|20260812093415|951.56
1786498465|20260812093425|951.58
1786498500|20260812093500|951.56
1786498505|20260812093505|951.57
1786498510|20260812093510|951.58
1786498515|20260812093515|951.30
1786498520|20260812093520|951.30
1786498525|20260812093525|951.31
1786498535|20260812093535|951.30
1786498540|20260812093540|951.13
1786498545|20260812093545|951.14
1786498550|20260812093550|951.15
1786498555|20260812093555|951.26
1786498560|20260812093600|951.19
1786498565|20260812093605|951.24
1786498575|20260812093615|951.49
1786498580|20260812093620|951.51
1786498585|20260812093625|951.63
1786498595|20260812093635|951.85
1786498600|20260812093640|951.75
1786498605|20260812093645|951.69
1786498610|20260812093650|951.75
1786498615|20260812093655|951.79
1786498625|20260812093705|952.22
1786498635|20260812093715|952.10
1786498640|20260812093720|952.06
1786498645|20260812093725|951.99
1786498655|20260812093735|951.93
1786498660|20260812093740|951.93
1786498665|20260812093745|951.94
1786498670|20260812093750|951.58
1786498675|20260812093755|951.64
1786498680|20260812093800|951.37
1786498685|20260812093805|951.40
1786498690|20260812093810|951.41
1786498695|20260812093815|951.45
1786498700|20260812093820|951.32
1786498715|20260812093835|951.31
1786498720|20260812093840|951.27
1786498740|20260812093900|951.35
1786498745|20260812093905|951.46
1786498750|20260812093910|951.34
1786498755|20260812093915|951.43
1786498760|20260812093920|951.41
1786498765|20260812093925|951.49
1786498810|20260812094010|951.56
1786498815|20260812094015|951.59
1786498820|20260812094020|951.55
1786498825|20260812094025|951.56
1786498835|20260812094035|951.66
1786498840|20260812094040|951.69
1786498845|20260812094045|951.67
1786498850|20260812094050|951.62
1786498855|20260812094055|951.60
1786498860|20260812094100|951.63
1786498865|20260812094105|951.69
1786498870|20260812094110|951.86
1786498880|20260812094120|951.93
1786498885|20260812094125|952.03
1786498895|20260812094135|951.59
1786498900|20260812094140|951.59
1786498905|20260812094145|951.67
1786498915|20260812094155|951.66
1786498920|20260812094200|951.77
1786498925|20260812094205|951.84
1786498930|20260812094210|951.80
1786498935|20260812094215|951.83
1786498945|20260812094225|951.95
1786498955|20260812094235|952.12
1786498960|20260812094240|952.14
1786498965|20260812094245|952.22
1786498985|20260812094305|952.22
1786498990|20260812094310|952.19
1786498995|20260812094315|952.09
1786499000|20260812094320|952.11
1786499005|20260812094325|952.13
1786499020|20260812094340|952.16
1786499025|20260812094345|952.12
1786499035|20260812094355|952.21
1786499045|20260812094405|952.61
1786499050|20260812094410|952.57
1786499055|20260812094415|952.54
1786499060|20260812094420|952.65
1786499100|20260812094500|952.80
1786499110|20260812094510|952.77
1786499115|20260812094515|952.82
1786499120|20260812094520|952.80
1786499125|20260812094525|952.73
1786499135|20260812094535|952.75
1786499145|20260812094545|952.67
1786499155|20260812094555|952.73
1786499160|20260812094600|952.57
1786499165|20260812094605|952.52
1786499170|20260812094610|952.56
1786499180|20260812094620|952.48
1786499185|20260812094625|952.46
1786499200|20260812094640|952.51
1786499205|20260812094645|952.49
1786499210|20260812094650|952.51
1786499215|20260812094655|952.55
1786499220|20260812094700|952.57
1786499225|20260812094705|952.56
1786499230|20260812094710|952.60
1786499240|20260812094720|952.74
1786499245|20260812094725|952.57
1786499260|20260812094740|952.65
1786499265|20260812094745|952.71
1786499270|20260812094750|952.99
1786499280|20260812094800|952.97
1786499285|20260812094805|953.16
1786499290|20260812094810|953.11
1786499295|20260812094815|953.15
1786499300|20260812094820|953.26
1786499305|20260812094825|953.29
1786499315|20260812094835|953.34
1786499320|20260812094840|953.35
1786499325|20260812094845|953.36
1786499330|20260812094850|953.38
1786499340|20260812094900|953.23
1786499345|20260812094905|953.29
1786499350|20260812094910|953.32
1786499355|20260812094915|953.24
1786499360|20260812094920|953.26
1786499365|20260812094925|953.22
1786499415|20260812095015|953.50
1786499420|20260812095020|953.57
1786499425|20260812095025|953.52
1786499435|20260812095035|953.52
1786499440|20260812095040|953.52
1786499445|20260812095045|953.55
1786499450|20260812095050|953.58
1786499455|20260812095055|953.55
1786499460|20260812095100|953.54
1786499465|20260812095105|953.58
1786499470|20260812095110|953.61
1786499475|20260812095115|953.59
1786499480|20260812095120|953.65
1786499495|20260812095135|953.59
1786499500|20260812095140|953.63
1786499505|20260812095145|953.56
1786499520|20260812095200|953.29
1786499525|20260812095205|953.26
1786499530|20260812095210|953.34
1786499535|20260812095215|953.47
1786499540|20260812095220|953.51
1786499545|20260812095225|953.45
1786499555|20260812095235|953.50
1786499560|20260812095240|953.45
1786499565|20260812095245|953.49
1786499575|20260812095255|953.48
1786499580|20260812095300|953.50
1786499585|20260812095305|953.51
1786499595|20260812095315|953.53
1786499600|20260812095320|953.62
1786499605|20260812095325|953.56
1786499620|20260812095340|953.40
1786499625|20260812095345|953.29
1786499630|20260812095350|953.33
1786499635|20260812095355|953.27
1786499645|20260812095405|953.30
1786499650|20260812095410|953.28
1786499655|20260812095415|953.40
1786499660|20260812095420|953.37
1786499710|20260812095510|953.15
1786499715|20260812095515|953.16
1786499720|20260812095520|953.14
1786499725|20260812095525|953.19
1786499735|20260812095535|953.11
1786499740|20260812095540|953.14
1786499745|20260812095545|953.16
1786499750|20260812095550|953.16
1786499755|20260812095555|953.01
1786499765|20260812095605|953.07
1786499770|20260812095610|953.03
1786499775|20260812095615|953.05
1786499780|20260812095620|953.04
1786499785|20260812095625|953.14
1786499795|20260812095635|953.18
1786499810|20260812095650|953.09
1786499815|20260812095655|953.07
1786499825|20260812095705|952.93
1786499835|20260812095715|953.02
1786499840|20260812095720|953.09
1786499845|20260812095725|953.20
1786499855|20260812095735|953.25
1786499860|20260812095740|953.31
1786499865|20260812095745|953.29
1786499870|20260812095750|953.29
1786499885|20260812095805|953.24
1786499890|20260812095810|953.27
1786499895|20260812095815|953.36
1786499900|20260812095820|953.28
1786499915|20260812095835|953.26
1786499920|20260812095840|953.25
1786499925|20260812095845|953.23
1786499930|20260812095850|953.22
1786499935|20260812095855|953.27
1786499945|20260812095905|953.27
1786499950|20260812095910|953.25
1786499960|20260812095920|953.33
1786499965|20260812095925|953.51
1786500000|20260812100000|953.51
1786500005|20260812100005|953.54
1786500010|20260812100010|953.56
1786500015|20260812100015|953.43
1786500020|20260812100020|953.41
1786500025|20260812100025|953.31
1786500035|20260812100035|953.15
1786500040|20260812100040|953.14
1786500045|20260812100045|953.07
1786500050|20260812100050|953.12
1786500055|20260812100055|953.11
1786500065|20260812100105|953.30
1786500070|20260812100110|953.23
1786500075|20260812100115|953.35
1786500080|20260812100120|953.38
1786500085|20260812100125|953.20
1786500095|20260812100135|953.22
1786500100|20260812100140|953.42
1786500105|20260812100145|953.42
1786500110|20260812100150|953.50
1786500115|20260812100155|953.51
1786500135|20260812100215|953.50
1786500140|20260812100220|953.51
1786500145|20260812100225|953.54
1786500155|20260812100235|953.55
1786500160|20260812100240|953.55
1786500165|20260812100245|953.53
1786500185|20260812100305|953.52
1786500190|20260812100310|953.35
1786500195|20260812100315|953.27
1786500200|20260812100320|953.28
1786500205|20260812100325|953.27
1786500220|20260812100340|953.24
1786500225|20260812100345|953.14
1786500230|20260812100350|953.06
1786500245|20260812100405|953.11
1786500255|20260812100415|953.10
1786500265|20260812100425|953.12
1786500300|20260812100500|953.51
1786500305|20260812100505|953.52
1786500310|20260812100510|953.52
1786500315|20260812100515|953.46
1786500320|20260812100520|953.46
1786500325|20260812100525|953.47
1786500335|20260812100535|953.48
1786500340|20260812100540|953.51
1786500345|20260812100545|953.52
1786500350|20260812100550|953.48
1786500355|20260812100555|953.53
1786500360|20260812100600|953.51
1786500365|20260812100605|953.44
1786500370|20260812100610|953.39
1786500375|20260812100615|953.47
1786500380|20260812100620|953.45
1786500385|20260812100625|953.43
1786500395|20260812100635|953.45
1786500400|20260812100640|953.41
1786500405|20260812100645|953.59
1786500415|20260812100655|953.51
1786500420|20260812100700|953.53
1786500425|20260812100705|953.56
1786500435|20260812100715|953.62
1786500440|20260812100720|953.53
1786500445|20260812100725|953.41
1786500455|20260812100735|953.32
1786500460|20260812100740|953.30
1786500465|20260812100745|953.36
1786500470|20260812100750|953.40
1786500475|20260812100755|953.36
1786500480|20260812100800|953.37
1786500485|20260812100805|953.36
1786500490|20260812100810|953.36
1786500495|20260812100815|953.38
1786500500|20260812100820|953.42
1786500520|20260812100840|953.54
1786500525|20260812100845|953.55
1786500530|20260812100850|953.55
1786500535|20260812100855|953.58
1786500545|20260812100905|953.60
1786500550|20260812100910|953.67
1786500560|20260812100920|953.68
1786500610|20260812101010|953.78
1786500615|20260812101015|953.85
1786500620|20260812101020|953.87
1786500625|20260812101025|954.22
1786500635|20260812101035|954.22
1786500640|20260812101040|954.22
1786500645|20260812101045|954.17
1786500650|20260812101050|954.14
1786500655|20260812101055|954.08
1786500660|20260812101100|954.10
1786500665|20260812101105|954.07
1786500675|20260812101115|953.93
1786500680|20260812101120|953.95
1786500685|20260812101125|954.00
1786500695|20260812101135|954.01
1786500700|20260812101140|954.02
1786500705|20260812101145|954.02
1786500715|20260812101155|954.00
1786500725|20260812101205|954.07
1786500740|20260812101220|954.00
1786500745|20260812101225|953.86
1786500760|20260812101240|954.18
1786500765|20260812101245|954.33
1786500775|20260812101255|954.13
1786500785|20260812101305|954.45
1786500790|20260812101310|954.41
1786500795|20260812101315|954.27
1786500800|20260812101320|954.23
1786500825|20260812101345|954.47
1786500830|20260812101350|954.50
1786500835|20260812101355|954.52
1786500855|20260812101415|954.88
1786500860|20260812101420|955.11
1786500905|20260812101505|954.67
1786500910|20260812101510|954.47
1786500935|20260812101535|954.46
1786500940|20260812101540|954.43
1786500945|20260812101545|954.31
1786500950|20260812101550|954.20
1786500955|20260812101555|954.27
1786500985|20260812101625|954.30
1786500995|20260812101635|954.32
1786501000|20260812101640|954.34
1786501005|20260812101645|954.56
1786501010|20260812101650|954.60
1786501015|20260812101655|954.52
1786501025|20260812101705|954.62
1786501030|20260812101710|954.63
1786501035|20260812101715|954.94
1786501040|20260812101720|954.86
1786501045|20260812101725|954.84
1786501055|20260812101735|954.92
1786501060|20260812101740|954.84
1786501065|20260812101745|954.66
1786501070|20260812101750|954.71
1786501075|20260812101755|954.69
1786501085|20260812101805|954.69
1786501090|20260812101810|954.66
1786501095|20260812101815|954.65
1786501100|20260812101820|954.67
1786501105|20260812101825|954.67
1786501115|20260812101835|954.77
1786501120|20260812101840|954.73
1786501125|20260812101845|954.73
1786501130|20260812101850|954.71
1786501145|20260812101905|954.49
1786501150|20260812101910|954.49
1786501155|20260812101915|954.58
1786501160|20260812101920|954.57
1786501165|20260812101925|954.54
1786501200|20260812102000|954.67
1786501205|20260812102005|954.57
1786501210|20260812102010|954.54
1786501215|20260812102015|954.67
1786501220|20260812102020|954.73
1786501225|20260812102025|954.71
1786501235|20260812102035|954.72
1786501240|20260812102040|954.82
1786501245|20260812102045|954.85
1786501250|20260812102050|954.84
1786501255|20260812102055|954.80
1786501265|20260812102105|954.68
1786501275|20260812102115|954.70
1786501280|20260812102120|954.65
1786501285|20260812102125|954.65
1786501295|20260812102135|954.68
1786501300|20260812102140|954.69
1786501305|20260812102145|954.67
1786501310|20260812102150|954.67
1786501315|20260812102155|954.74
1786501325|20260812102205|954.74
1786501330|20260812102210|954.67
1786501340|20260812102220|954.76
1786501345|20260812102225|954.79
1786501355|20260812102235|954.83
1786501360|20260812102240|954.86
1786501365|20260812102245|954.90
1786501370|20260812102250|955.04
1786501375|20260812102255|955.02
1786501385|20260812102305|955.03
1786501390|20260812102310|955.03
1786501395|20260812102315|955.06
1786501400|20260812102320|954.94
1786501405|20260812102325|954.97
1786501415|20260812102335|954.60
1786501420|20260812102340|954.62
1786501425|20260812102345|954.68
1786501430|20260812102350|954.72
1786501435|20260812102355|955.01
1786501445|20260812102405|955.01
1786501450|20260812102410|955.04
1786501455|20260812102415|955.00
1786501460|20260812102420|955.05
1786501465|20260812102425|955.03
1786501505|20260812102505|954.93
1786501510|20260812102510|955.00
1786501515|20260812102515|955.00
1786501520|20260812102520|954.91
1786501525|20260812102525|954.82
1786501535|20260812102535|954.87
1786501540|20260812102540|954.93
1786501545|20260812102545|954.93
1786501550|20260812102550|954.83
1786501555|20260812102555|954.81
1786501565|20260812102605|954.83
1786501570|20260812102610|954.83
1786501575|20260812102615|954.83
1786501580|20260812102620|954.87
1786501585|20260812102625|954.89
1786501600|20260812102640|954.91
1786501605|20260812102645|954.91
1786501615|20260812102655|954.84
1786501625|20260812102705|954.74
1786501630|20260812102710|954.79
1786501635|20260812102715|954.82
1786501640|20260812102720|954.83
1786501645|20260812102725|954.95
1786501660|20260812102740|954.82
1786501665|20260812102745|954.83
1786501670|20260812102750|954.81
1786501680|20260812102800|954.82
1786501685|20260812102805|954.88
1786501690|20260812102810|954.88
1786501695|20260812102815|954.85
1786501700|20260812102820|954.85
1786501705|20260812102825|954.83
1786501715|20260812102835|954.81
1786501720|20260812102840|954.82
1786501725|20260812102845|954.84
1786501730|20260812102850|954.81
1786501735|20260812102855|954.82
1786501745|20260812102905|954.90
1786501750|20260812102910|954.75
1786501755|20260812102915|954.77
1786501765|20260812102925|954.65
1786501800|20260812103000|954.79
1786501805|20260812103005|954.83
1786501810|20260812103010|954.68
1786501815|20260812103015|954.60
1786501820|20260812103020|954.52
1786501840|20260812103040|954.57
1786501845|20260812103045|954.57
1786501850|20260812103050|954.66
1786501855|20260812103055|954.67
1786501865|20260812103105|954.55
1786501880|20260812103120|954.34
1786501885|20260812103125|954.48
1786501900|20260812103140|954.52
1786501905|20260812103145|954.47
1786501910|20260812103150|954.40
1786501915|20260812103155|954.38
1786501925|20260812103205|954.35
1786501930|20260812103210|954.27
1786501945|20260812103225|954.07
1786501955|20260812103235|954.04
1786501965|20260812103245|954.13
1786501970|20260812103250|954.14
1786501975|20260812103255|954.08
1786501985|20260812103305|954.12
1786501995|20260812103315|954.08
1786502005|20260812103325|954.09
1786502015|20260812103335|954.23
1786502020|20260812103340|954.23
1786502025|20260812103345|954.14
1786502045|20260812103405|954.07
1786502050|20260812103410|953.96
1786502055|20260812103415|954.04
1786502065|20260812103425|954.10
1786502105|20260812103505|954.04
1786502110|20260812103510|954.02
1786502120|20260812103520|954.02
1786502125|20260812103525|953.96
1786502135|20260812103535|954.03
1786502140|20260812103540|954.00
1786502145|20260812103545|954.03
1786502150|20260812103550|953.99
1786502170|20260812103610|954.15
1786502175|20260812103615|954.12
1786502180|20260812103620|954.11
1786502185|20260812103625|954.09
1786502195|20260812103635|953.98
1786502200|20260812103640|953.96
1786502205|20260812103645|953.95
1786502210|20260812103650|953.95
1786502215|20260812103655|953.96
1786502225|20260812103705|953.97
1786502235|20260812103715|953.91
1786502240|20260812103720|953.98
1786502245|20260812103725|953.89
1786502255|20260812103735|953.89
1786502260|20260812103740|953.92
1786502265|20260812103745|953.90
1786502270|20260812103750|953.91
1786502285|20260812103805|953.98
1786502290|20260812103810|953.98
1786502295|20260812103815|954.15
1786502300|20260812103820|954.17
1786502305|20260812103825|954.09
1786502315|20260812103835|954.06
1786502320|20260812103840|954.07
1786502325|20260812103845|954.22
1786502330|20260812103850|954.31
1786502335|20260812103855|954.24
1786502350|20260812103910|954.27
1786502355|20260812103915|954.20
1786502360|20260812103920|954.11
1786502365|20260812103925|954.11
1786502390|20260812103950|954.18
1786502400|20260812104000|954.22
1786502405|20260812104005|954.22
1786502410|20260812104010|954.36
1786502415|20260812104015|954.60
1786502420|20260812104020|954.50
1786502425|20260812104025|954.48
1786502435|20260812104035|954.70
1786502440|20260812104040|954.68
1786502445|20260812104045|954.67
1786502450|20260812104050|954.74
1786502455|20260812104055|954.72
1786502460|20260812104100|954.67
1786502465|20260812104105|954.67
1786502475|20260812104115|954.65
1786502480|20260812104120|955.03
1786502485|20260812104125|955.07
1786502495|20260812104135|955.02
1786502500|20260812104140|954.86
1786502505|20260812104145|954.86
1786502510|20260812104150|955.06
1786502515|20260812104155|955.04
1786502525|20260812104205|954.97
1786502530|20260812104210|954.99
1786502535|20260812104215|954.97
1786502540|20260812104220|954.99
1786502545|20260812104225|955.10
1786502555|20260812104235|955.22
1786502560|20260812104240|955.23
1786502565|20260812104245|955.51
1786502570|20260812104250|955.42
1786502590|20260812104310|956.07
1786502595|20260812104315|956.09
1786502600|20260812104320|955.92
1786502605|20260812104325|955.84
1786502615|20260812104335|955.81
1786502625|20260812104345|955.66
1786502630|20260812104350|955.66
1786502635|20260812104355|955.52
1786502640|20260812104400|955.57
1786502645|20260812104405|955.59
1786502650|20260812104410|955.57
1786502655|20260812104415|955.57
1786502660|20260812104420|955.58
1786502665|20260812104425|955.58
1786502700|20260812104500|955.54
1786502705|20260812104505|955.57
1786502710|20260812104510|955.62
1786502715|20260812104515|955.72
1786502720|20260812104520|955.71
1786502725|20260812104525|955.78
1786502735|20260812104535|956.01
1786502740|20260812104540|955.99
1786502745|20260812104545|956.00
1786502755|20260812104555|956.14
1786502760|20260812104600|956.12
1786502765|20260812104605|956.11
1786502770|20260812104610|956.30
1786502775|20260812104615|956.19
1786502780|20260812104620|956.15
1786502785|20260812104625|956.16
1786502795|20260812104635|956.19
1786502800|20260812104640|956.17
1786502805|20260812104645|956.19
1786502830|20260812104710|956.23
1786502835|20260812104715|956.25
1786502840|20260812104720|956.29
1786502855|20260812104735|956.54
1786502860|20260812104740|956.66
1786502870|20260812104750|956.66
1786502875|20260812104755|956.74
1786502890|20260812104810|956.49
1786502895|20260812104815|956.56
1786502905|20260812104825|956.53
1786502915|20260812104835|956.60
1786502920|20260812104840|956.44
1786502925|20260812104845|956.40
1786502930|20260812104850|956.39
1786502935|20260812104855|956.37
1786502945|20260812104905|956.39
1786502950|20260812104910|956.39
1786502955|20260812104915|956.36
1786502960|20260812104920|956.36
1786503005|20260812105005|956.53
1786503010|20260812105010|956.73
1786503020|20260812105020|956.74
1786503025|20260812105025|956.80
1786503035|20260812105035|956.79
1786503040|20260812105040|956.96
1786503045|20260812105045|957.00
1786503050|20260812105050|956.91
1786503055|20260812105055|956.94
1786503060|20260812105100|957.16
1786503070|20260812105110|957.23
1786503075|20260812105115|957.28
1786503080|20260812105120|957.24
1786503085|20260812105125|957.21
1786503095|20260812105135|957.15
1786503100|20260812105140|957.21
1786503105|20260812105145|957.22
1786503110|20260812105150|957.08
1786503115|20260812105155|957.03
1786503120|20260812105200|957.04
1786503125|20260812105205|957.09
1786503130|20260812105210|957.17
1786503135|20260812105215|957.15
1786503140|20260812105220|957.20
1786503155|20260812105235|957.13
1786503160|20260812105240|957.13
1786503165|20260812105245|957.07
1786503170|20260812105250|957.19
1786503175|20260812105255|957.23
1786503180|20260812105300|957.23
1786503185|20260812105305|957.25
1786503190|20260812105310|957.19
1786503195|20260812105315|957.27
1786503200|20260812105320|957.25
1786503225|20260812105345|957.37
1786503235|20260812105355|957.39
1786503245|20260812105405|957.52
1786503250|20260812105410|957.53
1786503255|20260812105415|957.55
1786503260|20260812105420|957.54
1786503265|20260812105425|957.52
1786503310|20260812105510|957.38
1786503315|20260812105515|957.36
1786503320|20260812105520|957.36
1786503325|20260812105525|957.33
1786503335|20260812105535|957.30
1786503340|20260812105540|957.26
1786503345|20260812105545|957.27
1786503350|20260812105550|957.28
1786503355|20260812105555|957.28
1786503365|20260812105605|957.07
1786503370|20260812105610|957.06
1786503375|20260812105615|957.11
1786503385|20260812105625|957.11
1786503395|20260812105635|957.02
1786503400|20260812105640|957.01
1786503405|20260812105645|956.96
1786503410|20260812105650|956.96
1786503425|20260812105705|957.05
1786503430|20260812105710|957.06
1786503440|20260812105720|957.00
1786503445|20260812105725|957.01
1786503460|20260812105740|957.08
1786503465|20260812105745|957.05
1786503475|20260812105755|956.94
1786503490|20260812105810|956.93
1786503505|20260812105825|957.11
1786503515|20260812105835|957.15
1786503520|20260812105840|957.10
1786503530|20260812105850|957.08
1786503535|20260812105855|956.94
1786503550|20260812105910|956.92
1786503555|20260812105915|956.91
1786503560|20260812105920|956.95
1786503565|20260812105925|957.05
1786503595|20260812105955|956.85
1786503600|20260812110000|956.91
1786503605|20260812110005|956.88
1786503610|20260812110010|956.87
1786503615|20260812110015|956.91
1786503620|20260812110020|956.92
1786503625|20260812110025|957.02
1786503635|20260812110035|957.01
1786503640|20260812110040|957.09
1786503645|20260812110045|957.00
1786503650|20260812110050|957.02
1786503655|20260812110055|957.02
1786503665|20260812110105|957.02
1786503670|20260812110110|957.07
1786503675|20260812110115|957.23
1786503680|20260812110120|957.23
1786503685|20260812110125|957.21
1786503700|20260812110140|957.33
1786503705|20260812110145|957.25
1786503725|20260812110205|957.09
1786503730|20260812110210|957.23
1786503735|20260812110215|957.28
1786503740|20260812110220|957.30
1786503745|20260812110225|957.35
1786503755|20260812110235|957.47
1786503765|20260812110245|957.28
1786503770|20260812110250|957.20
1786503775|20260812110255|957.14
1786503795|20260812110315|956.86
1786503800|20260812110320|956.83
1786503820|20260812110340|956.84
1786503825|20260812110345|956.84
1786503835|20260812110355|956.69
1786503840|20260812110400|956.63
1786503845|20260812110405|956.59
1786503850|20260812110410|956.58
1786503855|20260812110415|956.61
1786503860|20260812110420|956.60
1786503865|20260812110425|956.61
1786503900|20260812110500|956.35
1786503910|20260812110510|956.35
1786503915|20260812110515|956.29
1786503920|20260812110520|956.27
1786503925|20260812110525|956.29
1786503935|20260812110535|956.35
1786503940|20260812110540|956.37
1786503945|20260812110545|956.46
1786503950|20260812110550|956.43
1786503955|20260812110555|956.41
1786503960|20260812110600|956.45
1786503980|20260812110620|956.65
1786504000|20260812110640|956.61
1786504005|20260812110645|956.57
1786504010|20260812110650|956.56
1786504015|20260812110655|956.61
1786504020|20260812110700|956.62
1786504025|20260812110705|956.62
1786504030|20260812110710|956.65
1786504035|20260812110715|956.66
1786504040|20260812110720|956.89
1786504055|20260812110735|957.12
1786504060|20260812110740|957.17
1786504065|20260812110745|957.17
1786504075|20260812110755|957.22
1786504085|20260812110805|957.48
1786504090|20260812110810|957.67
1786504095|20260812110815|957.60
1786504100|20260812110820|957.52
1786504115|20260812110835|957.36
1786504120|20260812110840|957.36
1786504125|20260812110845|957.26
1786504130|20260812110850|957.29
1786504135|20260812110855|957.30
1786504140|20260812110900|957.29
1786504150|20260812110910|957.34
1786504155|20260812110915|957.26
1786504160|20260812110920|957.15
1786504165|20260812110925|957.12
1786504205|20260812111005|957.41
1786504210|20260812111010|957.39
1786504220|20260812111020|957.42
1786504235|20260812111035|957.42
1786504240|20260812111040|957.43
1786504250|20260812111050|957.36
1786504255|20260812111055|957.39
1786504260|20260812111100|957.36
1786504270|20260812111110|957.46
1786504295|20260812111135|957.55
1786504300|20260812111140|957.53
1786504305|20260812111145|957.51
1786504310|20260812111150|957.49
1786504315|20260812111155|957.50
1786504325|20260812111205|957.47
1786504330|20260812111210|957.49
1786504335|20260812111215|957.52
1786504340|20260812111220|957.54
1786504345|20260812111225|957.53
1786504360|20260812111240|957.43
1786504365|20260812111245|957.56
1786504370|20260812111250|957.49
1786504375|20260812111255|957.48
1786504385|20260812111305|957.41
1786504390|20260812111310|957.44
1786504395|20260812111315|957.45
1786504400|20260812111320|957.44
1786504405|20260812111325|957.46
1786504415|20260812111335|957.33
1786504420|20260812111340|957.45
1786504425|20260812111345|957.40
1786504430|20260812111350|957.41
1786504440|20260812111400|957.39
1786504445|20260812111405|957.35
1786504450|20260812111410|957.28
1786504455|20260812111415|957.25
1786504460|20260812111420|957.33
1786504500|20260812111500|956.71
1786504505|20260812111505|956.74
1786504510|20260812111510|956.72
1786504515|20260812111515|956.70
1786504520|20260812111520|956.67
1786504525|20260812111525|956.64
1786504535|20260812111535|956.61
1786504540|20260812111540|956.66
1786504545|20260812111545|956.56
1786504550|20260812111550|956.50
1786504565|20260812111605|956.53
1786504570|20260812111610|956.52
1786504575|20260812111615|956.43
1786504580|20260812111620|956.45
1786504585|20260812111625|956.42
1786504600|20260812111640|956.44
1786504605|20260812111645|956.39
1786504610|20260812111650|956.38
1786504615|20260812111655|956.26
1786504620|20260812111700|956.10
1786504625|20260812111705|956.12
1786504640|20260812111720|956.04
1786504645|20260812111725|955.99
1786504655|20260812111735|956.01
1786504660|20260812111740|956.02
1786504665|20260812111745|956.02
1786504670|20260812111750|955.86
1786504675|20260812111755|955.87
1786504685|20260812111805|955.91
1786504690|20260812111810|955.88
1786504695|20260812111815|955.88
1786504715|20260812111835|955.89
1786504720|20260812111840|955.94
1786504725|20260812111845|956.04
1786504730|20260812111850|956.03
1786504735|20260812111855|955.97
1786504740|20260812111900|955.86
1786504745|20260812111905|955.93
1786504750|20260812111910|955.92
1786504755|20260812111915|955.91
1786504760|20260812111920|955.90
1786504765|20260812111925|955.91
1786504780|20260812111940|955.90
1786504805|20260812112005|955.93
1786504810|20260812112010|955.93
1786504820|20260812112020|955.85
1786504825|20260812112025|955.84
1786504840|20260812112040|955.76
1786504845|20260812112045|955.74
1786504850|20260812112050|955.73
1786504855|20260812112055|955.71
1786504860|20260812112100|955.73
1786504865|20260812112105|955.71
1786504875|20260812112115|955.68
1786504880|20260812112120|955.71
1786504885|20260812112125|955.73
1786504895|20260812112135|955.77
1786504910|20260812112150|955.82
1786504915|20260812112155|955.82
1786504920|20260812112200|955.78
1786504930|20260812112210|955.66
1786504935|20260812112215|955.61
1786504955|20260812112235|955.63
1786504970|20260812112250|955.62
1786504975|20260812112255|955.64
1786504980|20260812112300|955.56
1786504985|20260812112305|955.40
1786504990|20260812112310|955.43
1786504995|20260812112315|955.60
1786505000|20260812112320|955.65
1786505005|20260812112325|955.87
1786505015|20260812112335|955.92
1786505020|20260812112340|955.94
1786505025|20260812112345|955.90
1786505030|20260812112350|955.95
1786505035|20260812112355|955.86
1786505045|20260812112405|955.87
1786505050|20260812112410|956.03
1786505055|20260812112415|955.90
1786505060|20260812112420|955.86
1786505065|20260812112425|955.83
1786505105|20260812112505|955.74
1786505110|20260812112510|955.77
1786505115|20260812112515|955.81
1786505120|20260812112520|955.87
1786505125|20260812112525|955.90
1786505140|20260812112540|955.99
1786505145|20260812112545|955.98
1786505150|20260812112550|956.00
1786505155|20260812112555|955.93
1786505165|20260812112605|955.75
1786505170|20260812112610|955.91
1786505175|20260812112615|955.89
1786505180|20260812112620|955.91
1786505185|20260812112625|955.95
1786505195|20260812112635|956.03
1786505200|20260812112640|955.97
1786505210|20260812112650|956.00
1786505215|20260812112655|955.95
1786505225|20260812112705|956.00
1786505245|20260812112725|955.84
1786505255|20260812112735|955.80
1786505260|20260812112740|955.73
1786505265|20260812112745|955.81
1786505275|20260812112755|955.92
1786505285|20260812112805|955.91
1786505290|20260812112810|955.88
1786505295|20260812112815|955.92
1786505300|20260812112820|955.92
1786505320|20260812112840|956.00
1786505325|20260812112845|956.02
1786505330|20260812112850|956.02
1786505335|20260812112855|955.99
1786505345|20260812112905|956.05
1786505350|20260812112910|956.05
1786505355|20260812112915|956.04
1786505365|20260812112925|956.07
1786505400|20260812113000|955.91
1786505405|20260812113005|955.97
1786505410|20260812113010|956.00
1786505415|20260812113015|956.26
1786505420|20260812113020|956.29
1786505425|20260812113025|956.11
1786505440|20260812113040|955.88
1786505445|20260812113045|955.97
1786505450|20260812113050|955.92
1786505455|20260812113055|956.10
1786505465|20260812113105|956.03
1786505470|20260812113110|956.06
1786505480|20260812113120|956.07
1786505485|20260812113125|956.06
1786505495|20260812113135|956.01
1786505500|20260812113140|956.00
1786505505|20260812113145|955.97
1786505510|20260812113150|955.91
1786505515|20260812113155|955.86
1786505525|20260812113205|955.96
1786505530|20260812113210|955.93
1786505535|20260812113215|955.92
1786505555|20260812113235|955.85
1786505560|20260812113240|955.86
1786505565|20260812113245|955.75
1786505575|20260812113255|955.71
1786505590|20260812113310|955.63
1786505605|20260812113325|955.67
1786505615|20260812113335|955.63
1786505620|20260812113340|955.71
1786505630|20260812113350|955.81
1786505645|20260812113405|955.73
1786505655|20260812113415|955.66
1786505660|20260812113420|955.59
1786505665|20260812113425|955.63
1786505705|20260812113505|955.48
1786505710|20260812113510|955.55
1786505715|20260812113515|955.56
1786505720|20260812113520|955.57
1786505725|20260812113525|955.51
1786505735|20260812113535|955.57
1786505740|20260812113540|955.57
1786505745|20260812113545|955.61
1786505770|20260812113610|955.58
1786505775|20260812113615|955.57
1786505780|20260812113620|955.53
1786505785|20260812113625|955.56
1786505795|20260812113635|955.64
1786505800|20260812113640|955.72
1786505805|20260812113645|955.74
1786505810|20260812113650|955.75
1786505815|20260812113655|955.70
1786505825|20260812113705|955.68
1786505830|20260812113710|955.76
1786505835|20260812113715|955.63
1786505840|20260812113720|955.49
1786505845|20260812113725|955.44
1786505855|20260812113735|955.40
1786505860|20260812113740|955.36
1786505865|20260812113745|955.37
1786505870|20260812113750|955.32
1786505885|20260812113805|955.45
1786505890|20260812113810|955.44
1786505895|20260812113815|955.45
1786505905|20260812113825|955.45
1786505915|20260812113835|955.36
1786505925|20260812113845|955.29
1786505930|20260812113850|955.31
1786505935|20260812113855|955.29
1786505945|20260812113905|955.33
1786505950|20260812113910|955.31
1786505960|20260812113920|955.37
1786505965|20260812113925|955.32
1786506000|20260812114000|955.19
1786506005|20260812114005|955.24
1786506010|20260812114010|955.22
1786506015|20260812114015|955.23
1786506020|20260812114020|955.24
1786506025|20260812114025|955.22
1786506035|20260812114035|955.25
1786506040|20260812114040|955.22
1786506045|20260812114045|955.21
1786506050|20260812114050|955.21
1786506055|20260812114055|955.19
1786506065|20260812114105|955.19
1786506070|20260812114110|955.20
1786506075|20260812114115|955.21
1786506080|20260812114120|955.23
1786506085|20260812114125|955.17
1786506100|20260812114140|955.14
1786506105|20260812114145|955.13
1786506110|20260812114150|955.14
1786506120|20260812114200|955.10
1786506125|20260812114205|955.14
1786506130|20260812114210|955.15
1786506140|20260812114220|955.17
1786506145|20260812114225|955.17
1786506160|20260812114240|955.20
1786506165|20260812114245|955.25
1786506175|20260812114255|955.10
1786506180|20260812114300|955.08
1786506185|20260812114305|955.09
1786506190|20260812114310|955.09
1786506200|20260812114320|954.92
1786506205|20260812114325|954.93
1786506215|20260812114335|954.87
1786506220|20260812114340|954.73
1786506230|20260812114350|954.72
1786506235|20260812114355|954.84
1786506240|20260812114400|955.04
1786506245|20260812114405|955.07
1786506250|20260812114410|955.14
1786506255|20260812114415|955.03
1786506260|20260812114420|954.95
1786506265|20260812114425|954.97
1786506300|20260812114500|954.70
1786506305|20260812114505|954.77
1786506310|20260812114510|954.72
1786506320|20260812114520|954.83
1786506325|20260812114525|954.82
1786506335|20260812114535|954.89
1786506340|20260812114540|954.84
1786506345|20260812114545|954.87
1786506350|20260812114550|954.85
1786506355|20260812114555|954.83
1786506360|20260812114600|954.81
1786506365|20260812114605|954.81
1786506370|20260812114610|954.87
1786506375|20260812114615|954.90
1786506380|20260812114620|954.92
1786506385|20260812114625|954.91
1786506400|20260812114640|955.00
1786506410|20260812114650|954.94
1786506425|20260812114705|954.88
1786506430|20260812114710|954.88
1786506440|20260812114720|954.92
1786506445|20260812114725|954.89
1786506455|20260812114735|955.00
1786506460|20260812114740|954.96
1786506465|20260812114745|954.97
1786506470|20260812114750|954.96
1786506475|20260812114755|954.95
1786506485|20260812114805|954.96
1786506495|20260812114815|954.95
1786506500|20260812114820|954.92
1786506505|20260812114825|954.92
1786506515|20260812114835|954.82
1786506520|20260812114840|954.96
1786506525|20260812114845|955.01
1786506530|20260812114850|954.97
1786506535|20260812114855|954.97
1786506540|20260812114900|955.00
1786506545|20260812114905|955.01
1786506550|20260812114910|954.99
1786506555|20260812114915|954.92
1786506560|20260812114920|954.94
1786506565|20260812114925|954.93
1786506605|20260812115005|954.97
1786506615|20260812115015|954.98
1786506620|20260812115020|954.86
1786506625|20260812115025|954.91
1786506635|20260812115035|954.93
1786506640|20260812115040|954.94
1786506645|20260812115045|954.94
1786506650|20260812115050|954.96
1786506665|20260812115105|954.93
1786506670|20260812115110|954.94
1786506675|20260812115115|954.91
1786506680|20260812115120|954.89
1786506695|20260812115135|954.93
1786506700|20260812115140|954.94
1786506705|20260812115145|955.02
1786506710|20260812115150|955.06
1786506715|20260812115155|955.06
1786506720|20260812115200|955.08
1786506725|20260812115205|955.09
1786506730|20260812115210|955.05
1786506735|20260812115215|955.09
1786506740|20260812115220|955.09
1786506745|20260812115225|955.09
1786506755|20260812115235|954.98
1786506760|20260812115240|954.96
1786506765|20260812115245|954.98
1786506770|20260812115250|955.04
1786506775|20260812115255|955.04
1786506785|20260812115305|955.07
1786506790|20260812115310|955.04
1786506795|20260812115315|955.01
1786506800|20260812115320|954.97
1786506805|20260812115325|954.97
1786506815|20260812115335|954.95
1786506820|20260812115340|954.95
1786506825|20260812115345|954.88
1786506830|20260812115350|954.90
1786506835|20260812115355|954.89
1786506840|20260812115400|954.94
1786506845|20260812115405|954.96
1786506850|20260812115410|954.99
1786506855|20260812115415|954.89
1786506865|20260812115425|954.85
1786506900|20260812115500|954.86
1786506905|20260812115505|954.71
1786506910|20260812115510|954.69
1786506915|20260812115515|954.91
1786506920|20260812115520|954.94
1786506925|20260812115525|954.92
1786506935|20260812115535|955.02
1786506940|20260812115540|954.95
1786506945|20260812115545|954.97
1786506950|20260812115550|954.81
1786506955|20260812115555|954.81
1786506960|20260812115600|954.79
1786506965|20260812115605|954.80
1786506970|20260812115610|954.77
1786506975|20260812115615|954.80
1786506980|20260812115620|954.79
1786506995|20260812115635|954.73
1786507000|20260812115640|954.71
1786507010|20260812115650|954.73
1786507015|20260812115655|954.71
1786507025|20260812115705|954.72
1786507030|20260812115710|954.71
1786507035|20260812115715|954.72
1786507040|20260812115720|954.72
1786507045|20260812115725|954.74
1786507055|20260812115735|954.88
1786507065|20260812115745|954.90
1786507070|20260812115750|954.89
1786507075|20260812115755|954.88
1786507080|20260812115800|954.84
1786507085|20260812115805|954.89
1786507090|20260812115810|954.88
1786507100|20260812115820|954.86
1786507125|20260812115845|954.80
1786507140|20260812115900|954.86
1786507145|20260812115905|954.82
1786507155|20260812115915|954.81
1786507160|20260812115920|954.82
1786507165|20260812115925|954.87
1786507200|20260812120000|954.91
1786507205|20260812120005|954.90
1786507210|20260812120010|954.91
1786507215|20260812120015|954.94
1786507220|20260812120020|954.95
1786507225|20260812120025|954.89
1786507240|20260812120040|954.96
1786507245|20260812120045|955.00
1786507250|20260812120050|955.00
1786507255|20260812120055|954.95
1786507270|20260812120110|954.83
1786507275|20260812120115|954.85
1786507280|20260812120120|954.79
1786507285|20260812120125|954.80
1786507295|20260812120135|954.86
1786507305|20260812120145|954.84
1786507310|20260812120150|954.84
1786507330|20260812120210|954.84
1786507335|20260812120215|954.83
1786507340|20260812120220|954.83
1786507345|20260812120225|954.83
1786507355|20260812120235|954.81
1786507360|20260812120240|954.81
1786507365|20260812120245|954.81
1786507370|20260812120250|954.82
1786507385|20260812120305|954.84
1786507390|20260812120310|954.82
1786507395|20260812120315|954.81
1786507400|20260812120320|954.82
1786507405|20260812120325|954.81
1786507415|20260812120335|954.81
1786507420|20260812120340|954.80
1786507425|20260812120345|954.79
1786507430|20260812120350|954.79
1786507435|20260812120355|954.80
1786507445|20260812120405|954.90
1786507450|20260812120410|954.99
1786507460|20260812120420|954.95
1786507465|20260812120425|954.95
1786507505|20260812120505|955.05
1786507510|20260812120510|955.02
1786507515|20260812120515|955.05
1786507520|20260812120520|955.04
1786507525|20260812120525|954.89
1786507535|20260812120535|954.90
1786507540|20260812120540|954.84
1786507545|20260812120545|954.81
1786507550|20260812120550|954.79
1786507555|20260812120555|954.82
1786507565|20260812120605|954.82
1786507570|20260812120610|954.80
1786507575|20260812120615|954.81
1786507580|20260812120620|954.82
1786507585|20260812120625|954.75
1786507595|20260812120635|954.72
1786507600|20260812120640|954.69
1786507605|20260812120645|954.70
1786507610|20260812120650|954.70
1786507615|20260812120655|954.71
1786507630|20260812120710|954.70
1786507635|20260812120715|954.67
1786507640|20260812120720|954.69
1786507645|20260812120725|954.68
1786507655|20260812120735|954.67
1786507660|20260812120740|954.68
1786507665|20260812120745|954.68
1786507670|20260812120750|954.68
1786507675|20260812120755|954.68
1786507685|20260812120805|954.67
1786507690|20260812120810|954.68
1786507695|20260812120815|954.67
1786507700|20260812120820|954.70
1786507705|20260812120825|954.70
1786507715|20260812120835|954.74
1786507720|20260812120840|954.65
1786507725|20260812120845|954.65
1786507730|20260812120850|954.64
1786507735|20260812120855|954.57
1786507745|20260812120905|954.59
1786507750|20260812120910|954.55
1786507755|20260812120915|954.54
1786507760|20260812120920|954.41
1786507780|20260812120940|954.38
1786507800|20260812121000|954.34
1786507805|20260812121005|954.43
1786507810|20260812121010|954.41
1786507815|20260812121015|954.36
1786507820|20260812121020|954.35
1786507825|20260812121025|954.27
1786507835|20260812121035|954.32
1786507840|20260812121040|954.27
1786507845|20260812121045|954.30
1786507855|20260812121055|954.29
1786507865|20260812121105|954.01
1786507880|20260812121120|954.02
1786507885|20260812121125|954.07
1786507895|20260812121135|954.14
1786507900|20260812121140|954.14
1786507905|20260812121145|954.16
1786507915|20260812121155|954.13
1786507925|20260812121205|954.10
1786507940|20260812121220|954.01
1786507945|20260812121225|954.02
1786507955|20260812121235|953.95
1786507960|20260812121240|953.87
1786507965|20260812121245|953.81
1786507970|20260812121250|953.73
1786507975|20260812121255|953.77
1786507985|20260812121305|953.73
1786507990|20260812121310|953.66
1786507995|20260812121315|953.82
1786508000|20260812121320|953.78
1786508005|20260812121325|953.81
1786508015|20260812121335|953.80
1786508020|20260812121340|953.79
1786508025|20260812121345|953.71
1786508030|20260812121350|953.76
1786508035|20260812121355|953.71
1786508045|20260812121405|953.68
1786508050|20260812121410|953.69
1786508055|20260812121415|953.68
1786508060|20260812121420|953.70
1786508105|20260812121505|953.67
1786508110|20260812121510|953.69
1786508120|20260812121520|953.71
1786508125|20260812121525|953.71
1786508135|20260812121535|953.69
1786508140|20260812121540|953.54
1786508145|20260812121545|953.47
1786508155|20260812121555|953.52
1786508165|20260812121605|953.53
1786508170|20260812121610|953.46
1786508175|20260812121615|953.47
1786508180|20260812121620|953.50
1786508185|20260812121625|953.43
1786508195|20260812121635|953.46
1786508200|20260812121640|953.43
1786508205|20260812121645|953.45
1786508210|20260812121650|953.53
1786508215|20260812121655|953.63
1786508225|20260812121705|953.64
1786508235|20260812121715|953.69
1786508245|20260812121725|953.73
1786508255|20260812121735|953.66
1786508260|20260812121740|953.60
1786508265|20260812121745|953.59
1786508270|20260812121750|953.58
1786508285|20260812121805|953.67
1786508295|20260812121815|953.60
1786508305|20260812121825|953.70
1786508315|20260812121835|953.72
1786508320|20260812121840|953.74
1786508325|20260812121845|953.68
1786508330|20260812121850|953.67
1786508335|20260812121855|953.63
1786508350|20260812121910|953.59
1786508360|20260812121920|953.58
1786508365|20260812121925|953.61
1786508400|20260812122000|953.62
1786508410|20260812122010|953.63
1786508415|20260812122015|953.66
1786508420|20260812122020|953.68
1786508425|20260812122025|953.71
1786508435|20260812122035|953.72
1786508440|20260812122040|953.71
1786508445|20260812122045|953.79
1786508450|20260812122050|953.80
1786508455|20260812122055|953.80
1786508465|20260812122105|953.90
1786508470|20260812122110|953.92
1786508475|20260812122115|954.00
1786508480|20260812122120|953.92
1786508485|20260812122125|953.96
1786508495|20260812122135|954.00
1786508500|20260812122140|954.04
1786508505|20260812122145|954.04
1786508510|20260812122150|954.04
1786508515|20260812122155|953.95
1786508525|20260812122205|953.84
1786508530|20260812122210|953.88
1786508535|20260812122215|953.97
1786508540|20260812122220|953.96
1786508545|20260812122225|953.97
1786508555|20260812122235|953.92
1786508560|20260812122240|953.92
1786508565|20260812122245|953.88
1786508570|20260812122250|953.89
1786508575|20260812122255|953.89
1786508585|20260812122305|953.87
1786508590|20260812122310|953.90
1786508605|20260812122325|953.87
1786508615|20260812122335|953.87
1786508625|20260812122345|953.89
1786508630|20260812122350|953.86
1786508635|20260812122355|953.84
1786508650|20260812122410|953.81
1786508655|20260812122415|953.81
1786508665|20260812122425|953.76
1786508695|20260812122455|953.86
1786508700|20260812122500|953.88
1786508705|20260812122505|953.91
1786508710|20260812122510|953.88
1786508715|20260812122515|953.91
1786508720|20260812122520|953.89
1786508725|20260812122525|953.92
1786508735|20260812122535|953.87
1786508740|20260812122540|953.93
1786508745|20260812122545|953.93
1786508760|20260812122600|953.94
1786508770|20260812122610|954.01
1786508775|20260812122615|954.00
1786508785|20260812122625|954.03
1786508795|20260812122635|954.02
1786508800|20260812122640|953.92
1786508805|20260812122645|953.94
1786508810|20260812122650|953.96
1786508815|20260812122655|953.95
1786508825|20260812122705|954.07
1786508830|20260812122710|954.09
1786508835|20260812122715|954.09
1786508840|20260812122720|954.08
1786508845|20260812122725|954.08
1786508855|20260812122735|954.05
1786508860|20260812122740|954.03
1786508865|20260812122745|953.98
1786508870|20260812122750|953.99
1786508875|20260812122755|954.01
1786508880|20260812122800|954.01
1786508885|20260812122805|953.96
1786508890|20260812122810|953.95
1786508905|20260812122825|954.00
1786508915|20260812122835|953.99
1786508920|20260812122840|954.03
1786508930|20260812122850|954.00
1786508935|20260812122855|954.01
1786508940|20260812122900|954.02
1786508945|20260812122905|954.07
1786508950|20260812122910|954.08
1786508955|20260812122915|954.10
1786508960|20260812122920|954.10
1786509010|20260812123010|954.20
1786509015|20260812123015|954.16
1786509020|20260812123020|954.20
1786509040|20260812123040|953.93
1786509045|20260812123045|953.96
1786509050|20260812123050|953.94
1786509055|20260812123055|953.95
1786509060|20260812123100|953.94
1786509065|20260812123105|953.97
1786509070|20260812123110|953.82
1786509075|20260812123115|953.83
1786509085|20260812123125|953.86
1786509095|20260812123135|953.97
1786509100|20260812123140|953.95
1786509105|20260812123145|953.92
1786509110|20260812123150|953.93
1786509135|20260812123215|953.96
1786509140|20260812123220|953.92
1786509155|20260812123235|953.93
1786509160|20260812123240|953.89
1786509165|20260812123245|953.92
1786509170|20260812123250|953.92
1786509190|20260812123310|953.93
1786509195|20260812123315|953.90
1786509200|20260812123320|953.91
1786509205|20260812123325|953.91
1786509220|20260812123340|953.99
1786509225|20260812123345|953.94
1786509230|20260812123350|953.95
1786509235|20260812123355|953.95
1786509245|20260812123405|953.94
1786509250|20260812123410|953.94
1786509255|20260812123415|953.93
1786509260|20260812123420|953.95
1786509300|20260812123500|954.25
1786509305|20260812123505|954.13
1786509310|20260812123510|954.14
1786509315|20260812123515|954.27
1786509320|20260812123520|954.25
1786509325|20260812123525|954.24
1786509335|20260812123535|954.06
1786509340|20260812123540|954.06
1786509345|20260812123545|954.16
1786509370|20260812123610|954.11
1786509375|20260812123615|954.12
1786509380|20260812123620|954.08
1786509395|20260812123635|953.90
1786509400|20260812123640|953.98
1786509405|20260812123645|953.98
1786509410|20260812123650|953.97
1786509415|20260812123655|954.12
1786509430|20260812123710|954.19
1786509435|20260812123715|954.20
1786509440|20260812123720|954.17
1786509475|20260812123755|954.34
1786509485|20260812123805|954.34
1786509490|20260812123810|954.23
1786509495|20260812123815|954.26
1786509500|20260812123820|954.24
1786509520|20260812123840|954.16
1786509525|20260812123845|954.18
1786509535|20260812123855|954.23
1786509550|20260812123910|954.22
1786509555|20260812123915|954.23
1786509560|20260812123920|954.25
1786509595|20260812123955|954.17
1786509600|20260812124000|954.18
1786509615|20260812124015|953.81
1786509620|20260812124020|953.77
1786509625|20260812124025|953.73
1786509635|20260812124035|953.60
1786509640|20260812124040|953.57
1786509645|20260812124045|953.67
1786509670|20260812124110|953.60
1786509675|20260812124115|953.59
1786509685|20260812124125|953.72
1786509695|20260812124135|953.69
1786509700|20260812124140|953.81
1786509705|20260812124145|953.82
1786509710|20260812124150|953.82
1786509715|20260812124155|953.82
1786509720|20260812124200|953.85
1786509725|20260812124205|953.85
1786509730|20260812124210|953.91
1786509735|20260812124215|953.88
1786509740|20260812124220|953.85
1786509755|20260812124235|953.96
1786509760|20260812124240|953.93
1786509765|20260812124245|953.92
1786509770|20260812124250|953.93
1786509775|20260812124255|953.89
1786509785|20260812124305|953.89
1786509790|20260812124310|953.85
1786509795|20260812124315|953.94
1786509800|20260812124320|953.95
1786509805|20260812124325|954.02
1786509815|20260812124335|954.05
1786509820|20260812124340|954.21
1786509825|20260812124345|954.24
1786509830|20260812124350|954.22
1786509835|20260812124355|954.21
1786509840|20260812124400|954.25
1786509850|20260812124410|954.28
1786509855|20260812124415|954.30
1786509860|20260812124420|954.33
1786509865|20260812124425|954.31
1786509900|20260812124500|954.38
1786509910|20260812124510|954.37
1786509920|20260812124520|954.38
1786509925|20260812124525|954.39
1786509935|20260812124535|954.39
1786509940|20260812124540|954.44
1786509945|20260812124545|954.36
1786509955|20260812124555|954.42
1786509965|20260812124605|954.34
1786509980|20260812124620|954.36
1786509995|20260812124635|954.46
1786510000|20260812124640|954.47
1786510005|20260812124645|954.50
1786510010|20260812124650|954.51
1786510015|20260812124655|954.47
1786510020|20260812124700|954.51
1786510030|20260812124710|954.56
1786510035|20260812124715|954.55
1786510040|20260812124720|954.54
1786510045|20260812124725|954.54
1786510055|20260812124735|954.59
1786510065|20260812124745|954.66
1786510070|20260812124750|954.64
1786510075|20260812124755|954.58
1786510080|20260812124800|954.63
1786510085|20260812124805|954.68
1786510090|20260812124810|954.74
1786510095|20260812124815|954.75
1786510100|20260812124820|954.73
1786510105|20260812124825|954.68
1786510115|20260812124835|954.55
1786510120|20260812124840|954.55
1786510125|20260812124845|954.57
1786510130|20260812124850|954.59
1786510135|20260812124855|954.58
1786510140|20260812124900|954.69
1786510145|20260812124905|954.69
1786510150|20260812124910|954.68
1786510155|20260812124915|954.69
1786510165|20260812124925|954.74
1786510210|20260812125010|954.71
1786510215|20260812125015|954.71
1786510220|20260812125020|954.69
1786510240|20260812125040|954.75
1786510250|20260812125050|954.73
1786510260|20260812125100|954.74
1786510265|20260812125105|954.68
1786510270|20260812125110|954.61
1786510275|20260812125115|954.60
1786510280|20260812125120|954.59
1786510285|20260812125125|954.62
1786510295|20260812125135|954.62
1786510305|20260812125145|954.71
1786510310|20260812125150|954.67
1786510315|20260812125155|954.70
1786510325|20260812125205|954.73
1786510330|20260812125210|954.68
1786510335|20260812125215|954.72
1786510340|20260812125220|954.71
1786510345|20260812125225|954.71
1786510355|20260812125235|954.70
1786510360|20260812125240|954.70
1786510365|20260812125245|954.65
1786510370|20260812125250|954.65
1786510385|20260812125305|954.53
1786510390|20260812125310|954.53
1786510395|20260812125315|954.52
1786510400|20260812125320|954.53
1786510405|20260812125325|954.51
1786510415|20260812125335|954.51
1786510425|20260812125345|954.51
1786510430|20260812125350|954.50
1786510435|20260812125355|954.50
1786510445|20260812125405|954.48
1786510455|20260812125415|954.42
1786510465|20260812125425|954.35
1786510500|20260812125500|954.34
1786510520|20260812125520|954.40
1786510525|20260812125525|954.37
1786510535|20260812125535|954.41
1786510540|20260812125540|954.41
1786510545|20260812125545|954.35
1786510555|20260812125555|954.30
1786510560|20260812125600|954.30
1786510565|20260812125605|954.29
1786510570|20260812125610|954.35
1786510575|20260812125615|954.29
1786510580|20260812125620|954.31
1786510585|20260812125625|954.28
1786510595|20260812125635|954.28
1786510600|20260812125640|954.26
1786510605|20260812125645|954.27
1786510610|20260812125650|954.30
1786510615|20260812125655|954.37
1786510620|20260812125700|954.37
1786510625|20260812125705|954.37
1786510630|20260812125710|954.45
1786510635|20260812125715|954.37
1786510640|20260812125720|954.43
1786510655|20260812125735|954.47
1786510660|20260812125740|954.43
1786510665|20260812125745|954.53
1786510675|20260812125755|954.51
1786510680|20260812125800|954.52
1786510685|20260812125805|954.55
1786510690|20260812125810|954.53
1786510695|20260812125815|954.56
1786510700|20260812125820|954.57
1786510705|20260812125825|954.57
1786510720|20260812125840|954.58
1786510725|20260812125845|954.57
1786510730|20260812125850|954.52
1786510735|20260812125855|954.53
1786510740|20260812125900|954.55
1786510750|20260812125910|954.60
1786510755|20260812125915|954.56
1786510760|20260812125920|954.56
1786510765|20260812125925|954.52
1786510805|20260812130005|954.66
1786510810|20260812130010|954.63
1786510815|20260812130015|954.63
1786510835|20260812130035|954.69
1786510840|20260812130040|954.65
1786510845|20260812130045|954.62
1786510855|20260812130055|954.72
1786510865|20260812130105|954.66
1786510875|20260812130115|954.69
1786510885|20260812130125|954.70
1786510895|20260812130135|954.70
1786510900|20260812130140|954.70
1786510910|20260812130150|954.70
1786510935|20260812130215|954.65
1786510940|20260812130220|954.57
1786510945|20260812130225|954.59
1786510955|20260812130235|954.59
1786510960|20260812130240|954.60
1786510965|20260812130245|954.57
1786510970|20260812130250|954.74
1786510975|20260812130255|954.78
1786510980|20260812130300|954.60
1786510985|20260812130305|954.58
1786510990|20260812130310|954.65
1786510995|20260812130315|954.63
1786511000|20260812130320|954.63
1786511005|20260812130325|954.63
1786511015|20260812130335|954.47
1786511020|20260812130340|954.50
1786511025|20260812130345|954.53
1786511030|20260812130350|954.53
1786511035|20260812130355|954.61
1786511050|20260812130410|954.62
1786511060|20260812130420|954.66
1786511065|20260812130425|954.75
1786511105|20260812130505|954.74
1786511115|20260812130515|954.79
1786511125|20260812130525|954.90
1786511140|20260812130540|955.04
1786511145|20260812130545|955.03
1786511150|20260812130550|955.04
1786511160|20260812130600|955.02
1786511165|20260812130605|954.95
1786511195|20260812130635|954.90
1786511205|20260812130645|954.92
1786511210|20260812130650|954.96
1786511225|20260812130705|954.84
1786511255|20260812130735|954.87
1786511260|20260812130740|954.89
1786511265|20260812130745|954.89
1786511270|20260812130750|954.89
1786511285|20260812130805|955.04
1786511290|20260812130810|955.15
1786511315|20260812130835|955.15
1786511320|20260812130840|955.18
1786511325|20260812130845|955.17
1786511335|20260812130855|955.19
1786511345|20260812130905|955.17
1786511355|20260812130915|955.14
1786511365|20260812130925|955.09
1786511400|20260812131000|955.28
1786511410|20260812131010|955.39
1786511415|20260812131015|955.31
1786511420|20260812131020|955.30
1786511425|20260812131025|955.30
1786511435|20260812131035|955.31
1786511440|20260812131040|955.31
1786511445|20260812131045|955.23
1786511450|20260812131050|955.28
1786511455|20260812131055|955.28
1786511465|20260812131105|955.30
1786511470|20260812131110|955.29
1786511475|20260812131115|955.36
1786511480|20260812131120|955.43
1786511485|20260812131125|955.43
1786511495|20260812131135|955.39
1786511500|20260812131140|955.39
1786511505|20260812131145|955.40
1786511510|20260812131150|955.36
1786511515|20260812131155|955.31
1786511525|20260812131205|955.34
1786511535|20260812131215|955.38
1786511540|20260812131220|955.37
1786511545|20260812131225|955.39
1786511555|20260812131235|955.45
1786511560|20260812131240|955.46
1786511565|20260812131245|955.44
1786511570|20260812131250|955.41
1786511575|20260812131255|955.36
1786511580|20260812131300|955.37
1786511585|20260812131305|955.30
1786511590|20260812131310|955.32
1786511595|20260812131315|955.21
1786511600|20260812131320|955.23
1786511615|20260812131335|955.08
1786511620|20260812131340|955.05
1786511625|20260812131345|955.05
1786511630|20260812131350|954.96
1786511635|20260812131355|954.90
1786511645|20260812131405|954.82
1786511650|20260812131410|954.83
1786511655|20260812131415|954.81
1786511660|20260812131420|954.75
1786511665|20260812131425|954.74
1786511675|20260812131435|954.89
1786511705|20260812131505|954.54
1786511710|20260812131510|954.58
1786511715|20260812131515|954.54
1786511720|20260812131520|954.45
1786511725|20260812131525|954.43
1786511735|20260812131535|954.40
1786511740|20260812131540|954.44
1786511745|20260812131545|954.41
1786511750|20260812131550|954.38
1786511755|20260812131555|954.38
1786511760|20260812131600|954.28
1786511765|20260812131605|954.28
1786511770|20260812131610|954.28
1786511775|20260812131615|954.20
1786511780|20260812131620|954.18
1786511785|20260812131625|954.13
1786511795|20260812131635|954.13
1786511800|20260812131640|954.09
1786511805|20260812131645|954.13
1786511810|20260812131650|954.12
1786511815|20260812131655|954.06
1786511825|20260812131705|954.08
1786511830|20260812131710|954.09
1786511835|20260812131715|954.05
1786511840|20260812131720|954.06
1786511845|20260812131725|954.03
1786511855|20260812131735|954.04
1786511860|20260812131740|954.06
1786511865|20260812131745|954.11
1786511870|20260812131750|954.06
1786511875|20260812131755|954.10
1786511880|20260812131800|954.01
1786511885|20260812131805|954.07
1786511890|20260812131810|954.04
1786511895|20260812131815|954.03
1786511905|20260812131825|954.01
1786511915|20260812131835|953.86
1786511920|20260812131840|953.83
1786511930|20260812131850|953.85
1786511935|20260812131855|953.88
1786511940|20260812131900|953.92
1786511950|20260812131910|953.97
1786511955|20260812131915|953.97
1786511960|20260812131920|953.97
1786511965|20260812131925|954.00
1786512000|20260812132000|954.14
1786512005|20260812132005|954.12
1786512010|20260812132010|954.07
1786512015|20260812132015|954.03
1786512020|20260812132020|953.86
1786512025|20260812132025|953.82
1786512035|20260812132035|953.83
1786512040|20260812132040|953.55
1786512050|20260812132050|953.56
1786512055|20260812132055|953.57
1786512065|20260812132105|953.62
1786512070|20260812132110|953.55
1786512075|20260812132115|953.56
1786512080|20260812132120|953.55
1786512095|20260812132135|953.53
1786512100|20260812132140|953.62
1786512105|20260812132145|953.66
1786512110|20260812132150|953.60
1786512115|20260812132155|953.51
1786512125|20260812132205|953.48
1786512130|20260812132210|953.44
1786512135|20260812132215|953.43
1786512140|20260812132220|953.46
1786512145|20260812132225|953.45
1786512155|20260812132235|953.33
1786512160|20260812132240|953.23
1786512165|20260812132245|953.27
1786512170|20260812132250|953.28
1786512175|20260812132255|953.25
1786512185|20260812132305|952.90
1786512190|20260812132310|952.90
1786512200|20260812132320|952.89
1786512205|20260812132325|952.99
1786512215|20260812132335|953.10
1786512220|20260812132340|953.00
1786512225|20260812132345|953.06
1786512230|20260812132350|953.01
1786512235|20260812132355|952.96
1786512240|20260812132400|952.97
1786512245|20260812132405|953.08
1786512250|20260812132410|953.13
1786512260|20260812132420|953.05
1786512265|20260812132425|953.09
1786512300|20260812132500|953.15
1786512315|20260812132515|953.15
1786512325|20260812132525|953.27
1786512335|20260812132535|953.36
1786512345|20260812132545|953.31
1786512350|20260812132550|953.33
1786512355|20260812132555|953.37
1786512370|20260812132610|953.34
1786512380|20260812132620|953.31
1786512395|20260812132635|953.33
1786512400|20260812132640|953.40
1786512415|20260812132655|953.43
1786512425|20260812132705|953.44
1786512430|20260812132710|953.45
1786512435|20260812132715|953.45
1786512440|20260812132720|953.45
1786512445|20260812132725|953.39
1786512460|20260812132740|953.40
1786512465|20260812132745|953.36
1786512470|20260812132750|953.34
1786512475|20260812132755|953.32
1786512480|20260812132800|953.33
1786512485|20260812132805|953.35
1786512495|20260812132815|953.31
1786512500|20260812132820|953.34
1786512505|20260812132825|953.32
1786512515|20260812132835|953.18
1786512520|20260812132840|953.06
1786512530|20260812132850|953.08
1786512540|20260812132900|953.05
1786512545|20260812132905|952.99
1786512560|20260812132920|953.10
1786512565|20260812132925|953.04
1786512605|20260812133005|952.21
1786512610|20260812133010|952.47
1786512615|20260812133015|952.47
1786512625|20260812133025|952.29
1786512635|20260812133035|952.47
1786512640|20260812133040|952.49
1786512645|20260812133045|952.71
1786512650|20260812133050|952.76
1786512655|20260812133055|952.75
1786512665|20260812133105|952.83
1786512670|20260812133110|953.17
1786512675|20260812133115|953.24
1786512680|20260812133120|953.25
1786512685|20260812133125|953.27
1786512695|20260812133135|953.38
1786512700|20260812133140|953.34
1786512705|20260812133145|953.69
1786512710|20260812133150|953.57
1786512715|20260812133155|953.64
1786512720|20260812133200|953.58
1786512725|20260812133205|953.37
1786512730|20260812133210|953.46
1786512735|20260812133215|953.60
1786512740|20260812133220|953.61
1786512755|20260812133235|953.31
1786512760|20260812133240|953.09
1786512765|20260812133245|953.09
1786512770|20260812133250|953.02
1786512775|20260812133255|953.18
1786512785|20260812133305|953.19
1786512790|20260812133310|953.24
1786512795|20260812133315|952.84
1786512800|20260812133320|953.06
1786512810|20260812133330|953.07
1786512815|20260812133335|953.14
1786512820|20260812133340|953.16
1786512830|20260812133350|953.08
1786512840|20260812133400|952.94
1786512845|20260812133405|952.93
1786512850|20260812133410|952.95
1786512855|20260812133415|953.04
1786512865|20260812133425|953.01
1786512900|20260812133500|952.72
1786512915|20260812133515|952.65
1786512935|20260812133535|952.79
1786512945|20260812133545|952.57
1786512950|20260812133550|952.72
1786512960|20260812133600|952.76
1786512965|20260812133605|952.81
1786512970|20260812133610|952.75
1786512975|20260812133615|952.74
1786512980|20260812133620|953.03
1786513000|20260812133640|953.14
1786513005|20260812133645|953.13
1786513025|20260812133705|952.99
1786513040|20260812133720|953.02
1786513045|20260812133725|953.10
1786513055|20260812133735|952.85
1786513060|20260812133740|952.95
1786513070|20260812133750|952.90
1786513075|20260812133755|952.83
1786513085|20260812133805|952.86
1786513090|20260812133810|952.93
1786513095|20260812133815|952.90
1786513100|20260812133820|952.88
1786513105|20260812133825|952.84
1786513115|20260812133835|952.81
1786513125|20260812133845|953.10
1786513130|20260812133850|953.16
1786513135|20260812133855|953.33
1786513140|20260812133900|953.25
1786513150|20260812133910|953.15
1786513155|20260812133915|953.14
1786513160|20260812133920|953.21
1786513165|20260812133925|953.11
1786513210|20260812134010|953.02
1786513215|20260812134015|953.07
1786513220|20260812134020|953.05
1786513235|20260812134035|953.07
1786513240|20260812134040|953.06
1786513250|20260812134050|952.96
1786513280|20260812134120|952.97
1786513285|20260812134125|952.75
1786513295|20260812134135|952.76
1786513300|20260812134140|952.76
1786513310|20260812134150|952.54
1786513315|20260812134155|952.52
1786513320|20260812134200|952.52
1786513325|20260812134205|952.49
1786513330|20260812134210|952.40
1786513335|20260812134215|952.52
1786513340|20260812134220|952.37
1786513345|20260812134225|952.37
1786513355|20260812134235|952.25
1786513360|20260812134240|952.24
1786513370|20260812134250|952.24
1786513375|20260812134255|952.19
1786513380|20260812134300|952.09
1786513385|20260812134305|952.12
1786513395|20260812134315|952.11
1786513400|20260812134320|952.11
1786513405|20260812134325|952.18
1786513415|20260812134335|952.24
1786513430|20260812134350|952.28
1786513435|20260812134355|952.36
1786513440|20260812134400|952.34
1786513445|20260812134405|952.27
1786513450|20260812134410|952.29
1786513455|20260812134415|952.24
1786513500|20260812134500|951.86
1786513505|20260812134505|951.79
1786513540|20260812134540|951.33
1786513550|20260812134550|951.57
1786513565|20260812134605|951.63
1786513570|20260812134610|951.58
1786513575|20260812134615|951.64
1786513585|20260812134625|951.53
1786513595|20260812134635|951.67
1786513600|20260812134640|951.64
1786513605|20260812134645|951.78
1786513610|20260812134650|951.76
1786513615|20260812134655|951.85
1786513620|20260812134700|951.79
1786513625|20260812134705|951.85
1786513630|20260812134710|951.86
1786513635|20260812134715|951.91
1786513640|20260812134720|951.91
1786513655|20260812134735|951.69
1786513665|20260812134745|951.73
1786513670|20260812134750|951.68
1786513675|20260812134755|951.54
1786513680|20260812134800|951.50
1786513685|20260812134805|951.54
1786513690|20260812134810|951.50
1786513700|20260812134820|951.46
1786513705|20260812134825|951.46
1786513720|20260812134840|951.38
1786513725|20260812134845|951.35
1786513730|20260812134850|951.34
1786513735|20260812134855|951.41
1786513740|20260812134900|951.37
1786513745|20260812134905|951.24
1786513750|20260812134910|951.36
1786513755|20260812134915|951.44
1786513760|20260812134920|951.48
1786513765|20260812134925|951.49
1786513805|20260812135005|951.24
1786513810|20260812135010|951.19
1786513820|20260812135020|951.37
1786513825|20260812135025|951.40
1786513865|20260812135105|951.23
1786513870|20260812135110|951.27
1786513905|20260812135145|951.37
1786513910|20260812135150|951.31
1786513915|20260812135155|951.29
1786513925|20260812135205|951.25
1786513930|20260812135210|951.23
1786513935|20260812135215|951.25
1786513940|20260812135220|951.28
1786513945|20260812135225|951.33
1786513955|20260812135235|951.20
1786513960|20260812135240|951.24
1786513965|20260812135245|951.26
1786513975|20260812135255|951.04
1786513990|20260812135310|951.15
1786513995|20260812135315|951.20
1786514000|20260812135320|951.25
1786514015|20260812135335|951.37
1786514030|20260812135350|951.55
1786514035|20260812135355|951.52
1786514040|20260812135400|951.52
1786514050|20260812135410|951.61
1786514055|20260812135415|951.67
1786514060|20260812135420|951.68
1786514065|20260812135425|951.62
1786514100|20260812135500|951.96
1786514105|20260812135505|952.06
1786514110|20260812135510|952.06
1786514115|20260812135515|952.07
1786514120|20260812135520|952.07
1786514125|20260812135525|952.16
1786514135|20260812135535|951.99
1786514140|20260812135540|951.98
1786514145|20260812135545|952.25
1786514155|20260812135555|952.28
1786514160|20260812135600|952.38
1786514165|20260812135605|952.37
1786514170|20260812135610|952.31
1786514175|20260812135615|952.13
1786514180|20260812135620|952.01
1786514185|20260812135625|952.09
1786514195|20260812135635|952.14
1786514200|20260812135640|952.15
1786514210|20260812135650|952.20
1786514215|20260812135655|952.34
1786514220|20260812135700|952.31
1786514225|20260812135705|952.32
1786514230|20260812135710|952.42
1786514235|20260812135715|952.48
1786514240|20260812135720|952.59
1786514255|20260812135735|952.59
1786514260|20260812135740|952.58
1786514265|20260812135745|952.65
1786514270|20260812135750|952.69
1786514275|20260812135755|952.87
1786514280|20260812135800|952.92
1786514285|20260812135805|952.93
1786514290|20260812135810|952.92
1786514300|20260812135820|953.06
1786514315|20260812135835|952.74
1786514320|20260812135840|952.75
1786514340|20260812135900|952.64
1786514345|20260812135905|952.58
1786514350|20260812135910|952.54
1786514355|20260812135915|952.56
1786514365|20260812135925|952.56
1786514395|20260812135955|952.49
1786514400|20260812140000|952.58
1786514405|20260812140005|952.54
1786514410|20260812140010|952.57
1786514415|20260812140015|952.52
1786514420|20260812140020|952.63
1786514440|20260812140040|952.45
1786514445|20260812140045|952.47
1786514460|20260812140100|952.81
1786514475|20260812140115|952.71
1786514480|20260812140120|952.53
1786514485|20260812140125|952.39
1786514495|20260812140135|952.66
1786514500|20260812140140|952.67
1786514505|20260812140145|952.64
1786514525|20260812140205|952.51
1786514540|20260812140220|952.14
1786514545|20260812140225|952.18
1786514555|20260812140235|952.17
1786514560|20260812140240|952.18
1786514565|20260812140245|952.13
1786514570|20260812140250|952.09
1786514575|20260812140255|952.14
1786514580|20260812140300|951.96
1786514585|20260812140305|951.98
1786514590|20260812140310|951.91
1786514595|20260812140315|951.91
1786514600|20260812140320|951.82
1786514605|20260812140325|951.74
1786514615|20260812140335|951.77
1786514620|20260812140340|951.80
1786514630|20260812140350|951.69
1786514650|20260812140410|951.81
1786514660|20260812140420|951.89
1786514710|20260812140510|951.65
1786514715|20260812140515|951.75
1786514720|20260812140520|951.74
1786514735|20260812140535|951.59
1786514740|20260812140540|951.59
1786514745|20260812140545|951.50
1786514750|20260812140550|951.51
1786514780|20260812140620|951.61
1786514785|20260812140625|951.51
1786514805|20260812140645|951.62
1786514815|20260812140655|951.65
1786514830|20260812140710|951.62
1786514835|20260812140715|951.61
1786514845|20260812140725|951.68
1786514855|20260812140735|951.71
1786514860|20260812140740|951.62
1786514865|20260812140745|951.62
1786514870|20260812140750|951.65
1786514885|20260812140805|951.49
1786514890|20260812140810|951.41
1786514895|20260812140815|951.41
1786514900|20260812140820|951.28
1786514905|20260812140825|951.30
1786514915|20260812140835|951.28
1786514920|20260812140840|951.28
1786514935|20260812140855|951.30
1786514945|20260812140905|951.31
1786514950|20260812140910|951.26
1786514955|20260812140915|951.25
1786514965|20260812140925|951.27
1786515000|20260812141000|951.47
1786515005|20260812141005|951.47
1786515010|20260812141010|951.59
1786515015|20260812141015|951.63
1786515025|20260812141025|951.60
1786515035|20260812141035|951.48
1786515040|20260812141040|951.49
1786515045|20260812141045|951.50
1786515050|20260812141050|951.45
1786515055|20260812141055|951.30
1786515060|20260812141100|951.19
1786515065|20260812141105|951.20
1786515070|20260812141110|951.22
1786515075|20260812141115|951.30
1786515080|20260812141120|951.33
1786515085|20260812141125|951.39
1786515095|20260812141135|951.42
1786515100|20260812141140|951.58
1786515105|20260812141145|951.58
1786515110|20260812141150|951.61
1786515115|20260812141155|951.59
1786515125|20260812141205|951.54
1786515130|20260812141210|951.52
1786515135|20260812141215|951.62
1786515140|20260812141220|951.59
1786515145|20260812141225|951.34
1786515155|20260812141235|951.39
1786515160|20260812141240|951.42
1786515165|20260812141245|951.44
1786515175|20260812141255|951.46
1786515185|20260812141305|951.47
1786515190|20260812141310|951.45
1786515195|20260812141315|951.49
1786515200|20260812141320|951.55
1786515205|20260812141325|951.55
1786515215|20260812141335|951.53
1786515220|20260812141340|951.61
1786515225|20260812141345|951.56
1786515230|20260812141350|951.58
1786515235|20260812141355|951.66
1786515255|20260812141415|951.69
1786515260|20260812141420|951.61
1786515265|20260812141425|951.61
1786515300|20260812141500|951.72
1786515305|20260812141505|951.58
1786515310|20260812141510|951.34
1786515315|20260812141515|951.39
1786515320|20260812141520|951.41
1786515325|20260812141525|951.39
1786515340|20260812141540|951.40
1786515345|20260812141545|951.45
1786515350|20260812141550|951.46
1786515355|20260812141555|951.72
1786515360|20260812141600|951.75
1786515365|20260812141605|951.71
1786515380|20260812141620|951.78
1786515385|20260812141625|951.78
1786515395|20260812141635|951.64
1786515400|20260812141640|951.72
1786515415|20260812141655|951.80
1786515420|20260812141700|951.81
1786515425|20260812141705|951.81
1786515430|20260812141710|951.92
1786515445|20260812141725|952.08
1786515455|20260812141735|952.17
1786515460|20260812141740|952.12
1786515465|20260812141745|952.13
1786515470|20260812141750|952.03
1786515475|20260812141755|952.14
1786515480|20260812141800|952.18
1786515490|20260812141810|952.28
1786515495|20260812141815|952.25
1786515500|20260812141820|952.24
1786515505|20260812141825|952.11
1786515515|20260812141835|952.19
1786515520|20260812141840|952.20
1786515525|20260812141845|952.21
1786515550|20260812141910|952.24
1786515565|20260812141925|952.03
1786515580|20260812141940|952.07
1786515605|20260812142005|952.03
1786515610|20260812142010|952.04
1786515615|20260812142015|951.94
1786515620|20260812142020|951.96
1786515625|20260812142025|952.01
1786515635|20260812142035|951.93
1786515640|20260812142040|951.94
1786515650|20260812142050|951.94
1786515660|20260812142100|951.97
1786515670|20260812142110|952.00
1786515680|20260812142120|952.03
1786515695|20260812142135|952.24
1786515700|20260812142140|952.19
1786515705|20260812142145|951.88
1786515715|20260812142155|951.85
1786515720|20260812142200|951.97
1786515725|20260812142205|952.24
1786515730|20260812142210|952.24
1786515735|20260812142215|952.32
1786515740|20260812142220|952.32
1786515745|20260812142225|952.29
1786515755|20260812142235|952.21
1786515760|20260812142240|952.11
1786515765|20260812142245|952.18
1786515770|20260812142250|952.19
1786515775|20260812142255|951.82
1786515790|20260812142310|951.76
1786515795|20260812142315|951.78
1786515800|20260812142320|951.83
1786515805|20260812142325|951.82
1786515815|20260812142335|951.88
1786515820|20260812142340|951.86
1786515825|20260812142345|951.89
1786515835|20260812142355|951.85
1786515865|20260812142425|951.84
1786515905|20260812142505|952.10
1786515915|20260812142515|952.07
1786515920|20260812142520|952.07
1786515925|20260812142525|952.03
1786515935|20260812142535|952.06
1786515940|20260812142540|952.11
1786515945|20260812142545|952.15
1786515955|20260812142555|952.12
1786515965|20260812142605|952.15
1786515975|20260812142615|952.09
1786515985|20260812142625|952.12
1786515995|20260812142635|952.08
1786516005|20260812142645|952.07
1786516015|20260812142655|952.07
1786516025|20260812142705|951.80
1786516030|20260812142710|951.65
1786516035|20260812142715|951.79
1786516040|20260812142720|951.79
1786516045|20260812142725|951.81
1786516055|20260812142735|951.90
1786516060|20260812142740|951.85
1786516065|20260812142745|951.92
1786516070|20260812142750|951.94
1786516075|20260812142755|951.87
1786516085|20260812142805|951.88
1786516090|20260812142810|951.93
1786516095|20260812142815|951.91
1786516100|20260812142820|951.90
1786516105|20260812142825|951.87
1786516135|20260812142855|952.10
1786516145|20260812142905|952.12
1786516155|20260812142915|952.17
1786516160|20260812142920|952.15
1786516165|20260812142925|952.17
1786516205|20260812143005|952.19
1786516220|20260812143020|952.12
1786516225|20260812143025|952.07
1786516235|20260812143035|952.13
1786516245|20260812143045|952.16
1786516250|20260812143050|952.12
1786516255|20260812143055|952.12
1786516265|20260812143105|952.19
1786516270|20260812143110|951.99
1786516280|20260812143120|951.98
1786516285|20260812143125|952.01
1786516295|20260812143135|952.05
1786516300|20260812143140|952.07
1786516310|20260812143150|952.11
1786516315|20260812143155|952.09
1786516335|20260812143215|951.95
1786516345|20260812143225|952.07
1786516355|20260812143235|952.02
1786516360|20260812143240|952.02
1786516365|20260812143245|952.04
1786516370|20260812143250|952.05
1786516395|20260812143315|952.11
1786516400|20260812143320|952.05
1786516415|20260812143335|951.88
1786516425|20260812143345|952.00
1786516430|20260812143350|952.10
1786516435|20260812143355|952.11
1786516445|20260812143405|952.11
1786516460|20260812143420|952.18
1786516505|20260812143505|952.15
1786516510|20260812143510|952.15
1786516515|20260812143515|952.16
1786516520|20260812143520|952.26
1786516525|20260812143525|952.12
1786516545|20260812143545|951.99
1786516550|20260812143550|952.13
1786516555|20260812143555|952.11
1786516565|20260812143605|951.98
1786516570|20260812143610|952.05
1786516575|20260812143615|952.08
1786516580|20260812143620|952.09
1786516585|20260812143625|952.12
1786516595|20260812143635|952.07
1786516600|20260812143640|952.03
1786516610|20260812143650|952.20
1786516625|20260812143705|952.50
1786516630|20260812143710|952.60
1786516640|20260812143720|952.64
1786516655|20260812143735|952.75
1786516660|20260812143740|952.71
1786516665|20260812143745|952.76
1786516670|20260812143750|952.65
1786516675|20260812143755|952.76
1786516685|20260812143805|952.78
1786516690|20260812143810|953.01
1786516695|20260812143815|952.69
1786516700|20260812143820|952.79
1786516705|20260812143825|952.76
1786516715|20260812143835|952.96
1786516720|20260812143840|952.97
1786516725|20260812143845|953.00
1786516730|20260812143850|952.95
1786516745|20260812143905|953.00
1786516750|20260812143910|953.00
1786516755|20260812143915|953.19
1786516800|20260812144000|953.08
1786516805|20260812144005|953.10
1786516810|20260812144010|953.04
1786516815|20260812144015|953.12
1786516820|20260812144020|953.11
1786516825|20260812144025|953.10
1786516835|20260812144035|953.16
1786516840|20260812144040|953.16
1786516845|20260812144045|953.40
1786516850|20260812144050|953.55
1786516855|20260812144055|953.59
1786516865|20260812144105|953.68
1786516870|20260812144110|953.68
1786516875|20260812144115|953.77
1786516880|20260812144120|953.74
1786516885|20260812144125|953.58
1786516895|20260812144135|953.59
1786516900|20260812144140|953.64
1786516905|20260812144145|953.64
1786516910|20260812144150|953.61
1786516915|20260812144155|953.60
1786516920|20260812144200|953.58
1786516925|20260812144205|953.62
1786516930|20260812144210|953.62
1786516935|20260812144215|953.63
1786516940|20260812144220|953.62
1786516945|20260812144225|953.60
1786516955|20260812144235|953.60
1786516960|20260812144240|953.56
1786516965|20260812144245|953.60
1786516970|20260812144250|953.56
1786516980|20260812144300|953.54
1786516985|20260812144305|953.52
1786516990|20260812144310|953.50
1786516995|20260812144315|953.47
1786517000|20260812144320|953.65
1786517005|20260812144325|953.63
1786517015|20260812144335|953.50
1786517020|20260812144340|953.57
1786517025|20260812144345|953.55
1786517030|20260812144350|953.60
1786517035|20260812144355|953.54
1786517040|20260812144400|953.68
1786517045|20260812144405|953.59
1786517050|20260812144410|953.50
1786517055|20260812144415|953.49
1786517060|20260812144420|953.43
1786517065|20260812144425|953.46
1786517100|20260812144500|953.14
1786517105|20260812144505|953.37
1786517110|20260812144510|953.72
1786517115|20260812144515|953.72
1786517120|20260812144520|953.82
1786517125|20260812144525|953.86
1786517135|20260812144535|953.92
1786517140|20260812144540|953.97
1786517145|20260812144545|953.97
1786517150|20260812144550|953.98
1786517155|20260812144555|953.97
1786517160|20260812144600|953.97
1786517165|20260812144605|953.97
1786517175|20260812144615|954.02
1786517200|20260812144640|954.07
1786517210|20260812144650|953.96
1786517220|20260812144700|953.84
1786517225|20260812144705|953.83
1786517230|20260812144710|953.86
1786517235|20260812144715|953.86
1786517240|20260812144720|953.93
1786517245|20260812144725|953.87
1786517255|20260812144735|953.78
1786517265|20260812144745|953.93
1786517270|20260812144750|953.89
1786517285|20260812144805|953.95
1786517290|20260812144810|954.00
1786517295|20260812144815|953.93
1786517300|20260812144820|953.97
1786517305|20260812144825|953.96
1786517315|20260812144835|954.24
1786517320|20260812144840|954.23
1786517325|20260812144845|954.27
1786517330|20260812144850|954.22
1786517335|20260812144855|954.24
1786517350|20260812144910|954.22
1786517360|20260812144920|954.39
1786517365|20260812144925|954.35
1786517415|20260812145015|954.53
1786517420|20260812145020|954.49
1786517440|20260812145040|954.57
1786517445|20260812145045|954.58
1786517455|20260812145055|954.64
1786517475|20260812145115|954.55
1786517480|20260812145120|954.58
1786517495|20260812145135|954.77
1786517500|20260812145140|954.68
1786517505|20260812145145|954.75
1786517510|20260812145150|954.75
1786517515|20260812145155|954.91
1786517520|20260812145200|954.98
1786517525|20260812145205|954.94
1786517535|20260812145215|954.94
1786517540|20260812145220|954.94
1786517545|20260812145225|955.04
1786517555|20260812145235|954.98
1786517560|20260812145240|954.98
1786517565|20260812145245|954.94
1786517570|20260812145250|954.90
1786517575|20260812145255|954.88
1786517580|20260812145300|954.93
1786517585|20260812145305|954.73
1786517590|20260812145310|954.82
1786517595|20260812145315|954.82
1786517600|20260812145320|954.78
1786517605|20260812145325|954.70
1786517615|20260812145335|954.61
1786517620|20260812145340|954.61
1786517625|20260812145345|954.62
1786517630|20260812145350|954.54
1786517635|20260812145355|954.56
1786517645|20260812145405|954.66
1786517650|20260812145410|954.58
1786517655|20260812145415|954.74
1786517660|20260812145420|954.69
1786517705|20260812145505|954.68
1786517710|20260812145510|954.68
1786517715|20260812145515|954.62
1786517720|20260812145520|954.68
1786517725|20260812145525|954.72
1786517735|20260812145535|954.75
1786517740|20260812145540|955.19
1786517745|20260812145545|955.22
1786517750|20260812145550|955.32
1786517765|20260812145605|955.30
1786517770|20260812145610|955.29
1786517775|20260812145615|955.29
1786517780|20260812145620|955.24
1786517785|20260812145625|955.27
1786517800|20260812145640|955.41
1786517805|20260812145645|955.61
1786517810|20260812145650|955.70
1786517815|20260812145655|955.60
1786517825|20260812145705|955.70
1786517835|20260812145715|955.59
1786517840|20260812145720|955.58
1786517845|20260812145725|955.54
1786517855|20260812145735|955.56
1786517860|20260812145740|955.48
1786517870|20260812145750|955.49
1786517885|20260812145805|955.29
1786517890|20260812145810|955.25
1786517895|20260812145815|955.25
1786517900|20260812145820|955.28
1786517905|20260812145825|955.30
1786517915|20260812145835|955.27
1786517920|20260812145840|955.28
1786517925|20260812145845|955.21
1786517930|20260812145850|955.09
1786517935|20260812145855|955.12
1786517945|20260812145905|955.06
1786517950|20260812145910|955.15
1786517955|20260812145915|955.15
1786517960|20260812145920|955.15
1786517965|20260812145925|955.15
1786518000|20260812150000|955.11
1786518005|20260812150005|955.13
1786518010|20260812150010|955.31
1786518015|20260812150015|955.09
1786518020|20260812150020|955.09
1786518025|20260812150025|955.33
1786518035|20260812150035|955.45
1786518040|20260812150040|955.58
1786518045|20260812150045|955.58
1786518050|20260812150050|955.40
1786518055|20260812150055|955.55
1786518065|20260812150105|955.51
1786518075|20260812150115|955.38
1786518085|20260812150125|955.26
1786518095|20260812150135|955.30
1786518100|20260812150140|955.19
1786518110|20260812150150|955.09
1786518115|20260812150155|954.94
1786518125|20260812150205|954.82
1786518130|20260812150210|954.91
1786518135|20260812150215|954.99
1786518140|20260812150220|955.01
1786518145|20260812150225|955.02
1786518155|20260812150235|954.84
1786518160|20260812150240|955.00
1786518170|20260812150250|955.00
1786518175|20260812150255|955.01
1786518185|20260812150305|955.22
1786518190|20260812150310|955.19
1786518195|20260812150315|955.23
1786518215|20260812150335|955.01
1786518220|20260812150340|955.10
1786518225|20260812150345|955.10
1786518230|20260812150350|955.02
1786518235|20260812150355|955.03
1786518245|20260812150405|954.97
1786518255|20260812150415|954.94
1786518260|20260812150420|954.94
1786518265|20260812150425|954.85
1786518300|20260812150500|954.78
1786518305|20260812150505|954.66
1786518310|20260812150510|954.68
1786518315|20260812150515|954.59
1786518320|20260812150520|954.70
1786518325|20260812150525|954.69
1786518335|20260812150535|954.66
1786518340|20260812150540|954.70
1786518345|20260812150545|954.64
1786518350|20260812150550|954.62
1786518355|20260812150555|954.66
1786518360|20260812150600|954.69
1786518365|20260812150605|954.69
1786518370|20260812150610|954.74
1786518375|20260812150615|954.74
1786518380|20260812150620|954.76
1786518385|20260812150625|954.73
1786518400|20260812150640|954.78
1786518405|20260812150645|954.87
1786518410|20260812150650|954.80
1786518415|20260812150655|954.79
1786518420|20260812150700|954.79
1786518425|20260812150705|954.72
1786518430|20260812150710|954.77
1786518435|20260812150715|954.81
1786518440|20260812150720|954.82
1786518445|20260812150725|954.85
1786518455|20260812150735|954.94
1786518460|20260812150740|954.93
1786518465|20260812150745|954.94
1786518475|20260812150755|954.92
1786518480|20260812150800|954.88
1786518485|20260812150805|954.94
1786518495|20260812150815|954.80
1786518500|20260812150820|954.80
1786518505|20260812150825|954.85
1786518520|20260812150840|954.82
1786518525|20260812150845|954.69
1786518540|20260812150900|954.70
1786518545|20260812150905|954.65
1786518550|20260812150910|954.61
1786518555|20260812150915|954.68
1786518560|20260812150920|954.58
1786518565|20260812150925|954.65
1786518605|20260812151005|954.89
1786518620|20260812151020|954.91
1786518635|20260812151035|954.93
1786518640|20260812151040|954.97
1786518645|20260812151045|954.96
1786518650|20260812151050|954.94
1786518655|20260812151055|955.08
1786518670|20260812151110|955.26
1786518675|20260812151115|955.26
1786518680|20260812151120|955.19
1786518685|20260812151125|955.23
1786518695|20260812151135|955.29
1786518700|20260812151140|955.28
1786518710|20260812151150|955.24
1786518715|20260812151155|955.24
1786518720|20260812151200|955.33
1786518725|20260812151205|955.26
1786518730|20260812151210|955.27
1786518735|20260812151215|955.37
1786518740|20260812151220|955.45
1786518745|20260812151225|955.46
1786518755|20260812151235|955.33
1786518760|20260812151240|955.35
1786518765|20260812151245|955.27
1786518775|20260812151255|955.44
1786518785|20260812151305|955.47
1786518790|20260812151310|955.42
1786518795|20260812151315|955.49
1786518800|20260812151320|955.51
1786518815|20260812151335|955.59
1786518820|20260812151340|955.53
1786518825|20260812151345|955.51
1786518830|20260812151350|955.50
1786518835|20260812151355|955.47
1786518845|20260812151405|955.39
1786518850|20260812151410|955.36
1786518855|20260812151415|955.41
1786518865|20260812151425|955.41
1786518900|20260812151500|954.67
1786518905|20260812151505|954.61
1786518915|20260812151515|954.61
1786518920|20260812151520|954.50
1786518925|20260812151525|954.50
1786518940|20260812151540|954.50
1786518945|20260812151545|954.51
1786518950|20260812151550|954.51
1786518955|20260812151555|954.51
1786518960|20260812151600|954.46
1786518965|20260812151605|954.49
1786518970|20260812151610|954.50
1786518975|20260812151615|954.40
1786518980|20260812151620|954.39
1786518985|20260812151625|954.42
1786518995|20260812151635|954.43
1786519000|20260812151640|954.43
1786519005|20260812151645|954.37
1786519010|20260812151650|954.41
1786519015|20260812151655|954.33
1786519020|20260812151700|954.31
1786519030|20260812151710|954.28
1786519035|20260812151715|954.19
1786519040|20260812151720|954.24
1786519045|20260812151725|954.23
1786519055|20260812151735|954.22
1786519065|20260812151745|954.24
1786519070|20260812151750|954.14
1786519075|20260812151755|954.19
1786519080|20260812151800|954.19
1786519085|20260812151805|954.18
1786519090|20260812151810|954.19
1786519095|20260812151815|954.18
1786519100|20260812151820|954.08
1786519105|20260812151825|954.11
1786519120|20260812151840|954.03
1786519130|20260812151850|954.05
1786519135|20260812151855|954.15
1786519145|20260812151905|954.25
1786519150|20260812151910|954.25
1786519155|20260812151915|954.23
1786519160|20260812151920|954.06
1786519165|20260812151925|954.09
1786519215|20260812152015|954.14
1786519220|20260812152020|954.14
1786519225|20260812152025|954.11
1786519235|20260812152035|953.92
1786519240|20260812152040|953.98
1786519245|20260812152045|954.08
1786519250|20260812152050|954.12
1786519255|20260812152055|954.09
1786519260|20260812152100|954.04
1786519265|20260812152105|954.05
1786519270|20260812152110|954.05
1786519275|20260812152115|954.06
1786519280|20260812152120|954.06
1786519285|20260812152125|954.07
1786519295|20260812152135|954.04
1786519300|20260812152140|954.17
1786519305|20260812152145|954.15
1786519310|20260812152150|954.11
1786519315|20260812152155|954.08
1786519320|20260812152200|954.09
1786519325|20260812152205|954.13
1786519330|20260812152210|954.15
1786519340|20260812152220|954.14
1786519345|20260812152225|954.23
1786519355|20260812152235|954.20
1786519365|20260812152245|954.19
1786519370|20260812152250|954.20
1786519375|20260812152255|954.20
1786519380|20260812152300|954.20
1786519385|20260812152305|954.18
1786519390|20260812152310|954.19
1786519395|20260812152315|954.16
1786519400|20260812152320|954.20
1786519405|20260812152325|954.17
1786519420|20260812152340|954.19
1786519425|20260812152345|954.19
1786519445|20260812152405|954.21
1786519450|20260812152410|954.27
1786519455|20260812152415|954.33
1786519460|20260812152420|954.31
1786519465|20260812152425|954.31
1786519505|20260812152505|954.33
1786519510|20260812152510|954.25
1786519515|20260812152515|954.29
1786519520|20260812152520|954.34
1786519525|20260812152525|954.41
1786519535|20260812152535|954.44
1786519540|20260812152540|954.37
1786519545|20260812152545|954.36
1786519550|20260812152550|954.35
1786519555|20260812152555|954.34
1786519565|20260812152605|954.42
1786519570|20260812152610|954.42
1786519575|20260812152615|954.43
1786519580|20260812152620|954.42
1786519595|20260812152635|954.46
1786519600|20260812152640|954.48
1786519610|20260812152650|954.46
1786519615|20260812152655|954.43
1786519625|20260812152705|954.40
1786519630|20260812152710|954.40
1786519635|20260812152715|954.42
1786519640|20260812152720|954.47
1786519645|20260812152725|954.49
1786519655|20260812152735|954.53
1786519660|20260812152740|954.57
1786519665|20260812152745|954.74
1786519670|20260812152750|954.74
1786519675|20260812152755|954.83
1786519685|20260812152805|954.81
1786519695|20260812152815|954.82
1786519700|20260812152820|954.84
1786519705|20260812152825|954.76
1786519715|20260812152835|954.77
1786519725|20260812152845|954.75
1786519735|20260812152855|954.74
1786519745|20260812152905|954.75
1786519750|20260812152910|954.88
1786519755|20260812152915|954.90
1786519760|20260812152920|954.86
1786519765|20260812152925|954.90
1786519800|20260812153000|954.84
1786519805|20260812153005|954.82
1786519810|20260812153010|954.88
1786519815|20260812153015|954.88
1786519820|20260812153020|954.95
1786519825|20260812153025|954.96
1786519840|20260812153040|954.77
1786519855|20260812153055|954.80
1786519865|20260812153105|954.82
1786519870|20260812153110|954.82
1786519875|20260812153115|954.70
1786519900|20260812153140|954.69
1786519905|20260812153145|954.68
1786519910|20260812153150|954.71
1786519915|20260812153155|954.71
1786519925|20260812153205|954.63
1786519930|20260812153210|954.69
1786519935|20260812153215|954.67
1786519940|20260812153220|954.67
1786519945|20260812153225|954.66
1786519955|20260812153235|954.86
1786519960|20260812153240|954.85
1786519965|20260812153245|954.81
1786519970|20260812153250|955.04
1786519975|20260812153255|955.05
1786519985|20260812153305|955.16
1786519990|20260812153310|955.15
1786519995|20260812153315|955.13
1786520000|20260812153320|955.09
1786520020|20260812153340|955.09
1786520025|20260812153345|955.15
1786520030|20260812153350|955.19
1786520035|20260812153355|955.18
1786520045|20260812153405|955.19
1786520050|20260812153410|955.32
1786520055|20260812153415|955.53
1786520065|20260812153425|955.25
1786520090|20260812153450|955.26
1786520105|20260812153505|955.18
1786520110|20260812153510|955.20
1786520115|20260812153515|955.20
1786520120|20260812153520|955.23
1786520125|20260812153525|955.22
1786520135|20260812153535|955.15
1786520140|20260812153540|955.22
1786520145|20260812153545|955.27
1786520150|20260812153550|955.33
1786520155|20260812153555|955.36
1786520165|20260812153605|955.35
1786520170|20260812153610|955.38
1786520180|20260812153620|955.43
1786520185|20260812153625|955.54
1786520195|20260812153635|955.55
1786520200|20260812153640|955.58
1786520205|20260812153645|955.56
1786520210|20260812153650|955.61
1786520225|20260812153705|955.39
1786520230|20260812153710|955.41
1786520240|20260812153720|955.39
1786520245|20260812153725|955.43
1786520255|20260812153735|955.44
1786520260|20260812153740|955.46
1786520265|20260812153745|955.44
1786520270|20260812153750|955.43
1786520275|20260812153755|955.49
1786520285|20260812153805|955.39
1786520290|20260812153810|955.41
1786520295|20260812153815|955.41
1786520300|20260812153820|955.40
1786520305|20260812153825|955.42
1786520315|20260812153835|955.45
1786520320|20260812153840|955.52
1786520325|20260812153845|955.52
1786520330|20260812153850|955.57
1786520335|20260812153855|955.55
1786520350|20260812153910|955.94
1786520360|20260812153920|955.92
1786520365|20260812153925|955.83
1786520400|20260812154000|955.91
1786520405|20260812154005|955.83
1786520410|20260812154010|955.92
1786520415|20260812154015|955.86
1786520420|20260812154020|955.78
1786520425|20260812154025|955.71
1786520440|20260812154040|955.67
1786520445|20260812154045|955.66
1786520450|20260812154050|955.62
1786520455|20260812154055|955.62
1786520465|20260812154105|955.64
1786520470|20260812154110|955.63
1786520475|20260812154115|955.62
1786520480|20260812154120|955.67
1786520505|20260812154145|955.75
1786520510|20260812154150|955.77
1786520515|20260812154155|955.81
1786520525|20260812154205|955.76
1786520530|20260812154210|955.80
1786520535|20260812154215|955.84
1786520540|20260812154220|955.86
1786520545|20260812154225|955.89
1786520555|20260812154235|955.92
1786520565|20260812154245|955.92
1786520570|20260812154250|956.07
1786520575|20260812154255|956.13
1786520580|20260812154300|956.14
1786520585|20260812154305|956.17
1786520590|20260812154310|956.05
1786520595|20260812154315|956.04
1786520600|20260812154320|956.08
1786520605|20260812154325|956.07
1786520615|20260812154335|956.08
1786520620|20260812154340|956.10
1786520630|20260812154350|956.16
1786520635|20260812154355|956.14
1786520650|20260812154410|955.96
1786520655|20260812154415|955.92
1786520660|20260812154420|955.94
1786520665|20260812154425|955.90
1786520700|20260812154500|956.02
1786520705|20260812154505|956.04
1786520710|20260812154510|956.09
1786520715|20260812154515|956.13
1786520720|20260812154520|956.04
1786520725|20260812154525|956.11
1786520735|20260812154535|955.96
1786520740|20260812154540|955.87
1786520745|20260812154545|955.86
1786520750|20260812154550|955.86
1786520755|20260812154555|955.84
1786520760|20260812154600|955.73
1786520765|20260812154605|955.73
1786520770|20260812154610|955.73
1786520775|20260812154615|955.66
1786520780|20260812154620|955.64
1786520785|20260812154625|955.65
1786520795|20260812154635|955.80
1786520800|20260812154640|955.79
1786520805|20260812154645|955.83
1786520810|20260812154650|955.95
1786520825|20260812154705|955.93
1786520830|20260812154710|955.91
1786520835|20260812154715|955.95
1786520840|20260812154720|955.95
1786520845|20260812154725|955.96
1786520855|20260812154735|955.94
1786520860|20260812154740|955.95
1786520865|20260812154745|955.80
1786520875|20260812154755|955.82
1786520880|20260812154800|955.91
1786520890|20260812154810|955.93
1786520895|20260812154815|955.93
1786520915|20260812154835|955.93
1786520925|20260812154845|955.95
1786520935|20260812154855|956.29
1786520940|20260812154900|956.31
1786520945|20260812154905|956.37
1786520950|20260812154910|956.37
1786520960|20260812154920|956.36
1786521005|20260812155005|956.21
1786521010|20260812155010|956.28
1786521015|20260812155015|956.26
1786521020|20260812155020|956.26
1786521025|20260812155025|956.19
1786521035|20260812155035|956.09
1786521040|20260812155040|956.08
1786521045|20260812155045|956.09
1786521050|20260812155050|956.07
1786521060|20260812155100|956.06
1786521065|20260812155105|956.07
1786521080|20260812155120|956.27
1786521085|20260812155125|956.28
1786521100|20260812155140|956.30
1786521105|20260812155145|956.21
1786521110|20260812155150|956.20
1786521115|20260812155155|956.10
1786521125|20260812155205|956.19
1786521130|20260812155210|956.19
1786521135|20260812155215|956.23
1786521140|20260812155220|956.35
1786521145|20260812155225|956.24
1786521155|20260812155235|956.22
1786521165|20260812155245|956.30
1786521170|20260812155250|956.35
1786521180|20260812155300|956.39
1786521185|20260812155305|956.44
1786521195|20260812155315|956.45
1786521200|20260812155320|956.36
1786521205|20260812155325|956.39
1786521215|20260812155335|956.30
1786521220|20260812155340|956.33
1786521225|20260812155345|956.20
1786521230|20260812155350|956.20
1786521235|20260812155355|956.21
1786521240|20260812155400|956.15
1786521245|20260812155405|956.14
1786521250|20260812155410|956.16
1786521255|20260812155415|956.14
1786521260|20260812155420|956.15
1786521265|20260812155425|956.18
1786521285|20260812155445|956.23
1786521300|20260812155500|956.19
1786521310|20260812155510|956.15
1786521320|20260812155520|955.98
1786521325|20260812155525|955.94
1786521335|20260812155535|955.89
1786521340|20260812155540|955.90
1786521345|20260812155545|955.89
1786521355|20260812155555|955.84
1786521360|20260812155600|955.85
1786521365|20260812155605|955.82
1786521370|20260812155610|955.80
1786521385|20260812155625|955.82
1786521395|20260812155635|955.79
1786521400|20260812155640|955.63
1786521405|20260812155645|955.68
1786521410|20260812155650|955.67
1786521415|20260812155655|955.50
1786521425|20260812155705|955.52
1786521430|20260812155710|955.51
1786521435|20260812155715|955.46
1786521440|20260812155720|955.46
1786521445|20260812155725|955.46
1786521455|20260812155735|955.50
1786521460|20260812155740|955.50
1786521465|20260812155745|955.50
1786521475|20260812155755|955.50
1786521485|20260812155805|955.47
1786521490|20260812155810|955.48
1786521495|20260812155815|955.53
1786521500|20260812155820|955.54
1786521505|20260812155825|955.62
1786521515|20260812155835|955.47
1786521520|20260812155840|955.39
1786521525|20260812155845|955.41
1786521530|20260812155850|955.40
1786521535|20260812155855|955.41
1786521540|20260812155900|955.40
1786521545|20260812155905|955.40
1786521550|20260812155910|955.47
1786521560|20260812155920|955.50
1786521565|20260812155925|955.53
1786521575|20260812155935|955.60
1786521600|20260812160000|955.67
1786521605|20260812160005|955.67
1786521610|20260812160010|955.69
1786521615|20260812160015|955.73
1786521620|20260812160020|955.80
1786521625|20260812160025|955.76
1786521635|20260812160035|955.79
1786521640|20260812160040|955.78
1786521645|20260812160045|955.90
1786521650|20260812160050|955.88
1786521660|20260812160100|955.81
1786521665|20260812160105|955.80
1786521670|20260812160110|955.89
1786521675|20260812160115|955.86
1786521685|20260812160125|955.81
1786521695|20260812160135|955.68
1786521700|20260812160140|955.71
1786521710|20260812160150|955.73
1786521715|20260812160155|955.90
1786521720|20260812160200|956.11
1786521725|20260812160205|956.15
1786521730|20260812160210|956.10
1786521735|20260812160215|956.10
1786521740|20260812160220|956.11
1786521745|20260812160225|956.20
1786521755|20260812160235|956.18
1786521760|20260812160240|956.16
1786521770|20260812160250|956.15
1786521775|20260812160255|956.32
1786521785|20260812160305|956.28
1786521790|20260812160310|956.29
1786521805|20260812160325|956.24
1786521815|20260812160335|956.24
1786521820|20260812160340|956.21
1786521825|20260812160345|956.24
1786521830|20260812160350|956.30
1786521845|20260812160405|956.54
1786521850|20260812160410|956.24
1786521855|20260812160415|956.24
1786521860|20260812160420|956.13
1786521905|20260812160505|956.20
1786521920|20260812160520|956.19
1786521925|20260812160525|956.23
1786521935|20260812160535|956.24
1786521950|20260812160550|956.27
1786521955|20260812160555|956.31
1786521965|20260812160605|956.38
1786521970|20260812160610|956.35
1786521975|20260812160615|956.39
1786521980|20260812160620|956.37
1786521995|20260812160635|956.45
1786522000|20260812160640|956.44
1786522005|20260812160645|956.36
1786522010|20260812160650|956.37
1786522015|20260812160655|956.45
1786522025|20260812160705|956.54
1786522030|20260812160710|956.40
1786522040|20260812160720|956.33
1786522055|20260812160735|956.30
1786522060|20260812160740|956.30
1786522065|20260812160745|956.11
1786522070|20260812160750|956.11
1786522085|20260812160805|956.22
1786522090|20260812160810|956.11
1786522095|20260812160815|956.14
1786522100|20260812160820|956.20
1786522105|20260812160825|956.17
1786522115|20260812160835|956.16
1786522120|20260812160840|956.08
1786522125|20260812160845|956.11
1786522135|20260812160855|956.07
1786522150|20260812160910|956.08
1786522160|20260812160920|956.06
1786522165|20260812160925|956.08
1786522200|20260812161000|955.95
1786522205|20260812161005|955.89
1786522210|20260812161010|955.98
1786522215|20260812161015|956.00
1786522220|20260812161020|956.27
1786522225|20260812161025|956.31
1786522235|20260812161035|956.20
1786522240|20260812161040|956.20
1786522245|20260812161045|956.22
1786522250|20260812161050|956.23
1786522255|20260812161055|956.21
1786522260|20260812161100|956.10
1786522265|20260812161105|956.11
1786522270|20260812161110|956.10
1786522275|20260812161115|956.09
1786522280|20260812161120|956.10
1786522285|20260812161125|956.11
1786522295|20260812161135|956.16
1786522300|20260812161140|956.15
1786522305|20260812161145|956.13
1786522310|20260812161150|956.21
1786522315|20260812161155|956.18
1786522325|20260812161205|956.11
1786522335|20260812161215|956.11
1786522340|20260812161220|956.09
1786522345|20260812161225|956.15
1786522355|20260812161235|956.18
1786522360|20260812161240|956.18
1786522365|20260812161245|956.19
1786522370|20260812161250|956.17
1786522375|20260812161255|956.10
1786522385|20260812161305|956.19
1786522390|20260812161310|956.17
1786522395|20260812161315|956.27
1786522400|20260812161320|956.25
1786522405|20260812161325|956.21
1786522415|20260812161335|956.14
1786522420|20260812161340|956.04
1786522425|20260812161345|956.13
1786522430|20260812161350|956.15
1786522435|20260812161355|956.15
1786522445|20260812161405|956.16
1786522450|20260812161410|956.13
1786522455|20260812161415|956.13
1786522460|20260812161420|956.11
1786522465|20260812161425|956.11
1786522480|20260812161440|956.14
1786522505|20260812161505|956.12
1786522510|20260812161510|956.12
1786522515|20260812161515|956.05
1786522520|20260812161520|955.86
1786522525|20260812161525|955.85
1786522540|20260812161540|955.74
1786522545|20260812161545|955.74
1786522550|20260812161550|955.77
1786522565|20260812161605|955.75
1786522570|20260812161610|955.72
1786522575|20260812161615|955.76
1786522580|20260812161620|955.73
1786522585|20260812161625|955.73
1786522595|20260812161635|955.79
1786522600|20260812161640|955.79
1786522605|20260812161645|955.82
1786522610|20260812161650|955.83
1786522615|20260812161655|955.79
1786522625|20260812161705|955.74
1786522630|20260812161710|955.76
1786522635|20260812161715|955.77
1786522640|20260812161720|955.74
1786522645|20260812161725|955.77
1786522655|20260812161735|955.74
1786522660|20260812161740|955.76
1786522665|20260812161745|955.80
1786522670|20260812161750|955.80
1786522675|20260812161755|955.73
1786522685|20260812161805|955.77
1786522690|20260812161810|955.78
1786522695|20260812161815|955.85
1786522700|20260812161820|955.84
1786522720|20260812161840|955.83
1786522725|20260812161845|955.87
1786522730|20260812161850|955.89
1786522735|20260812161855|955.89
1786522745|20260812161905|955.90
1786522750|20260812161910|955.98
1786522755|20260812161915|956.03
1786522760|20260812161920|956.01
1786522765|20260812161925|956.03
1786522800|20260812162000|955.81
1786522805|20260812162005|955.84
1786522810|20260812162010|955.84
1786522815|20260812162015|955.90
1786522820|20260812162020|955.90
1786522825|20260812162025|955.90
1786522835|20260812162035|956.15
1786522840|20260812162040|956.14
1786522845|20260812162045|956.11
1786522850|20260812162050|956.11
1786522855|20260812162055|956.13
1786522870|20260812162110|956.18
1786522875|20260812162115|956.13
1786522880|20260812162120|956.16
1786522885|20260812162125|956.10
1786522900|20260812162140|956.04
1786522905|20260812162145|956.04
1786522910|20260812162150|955.98
1786522915|20260812162155|956.01
1786522925|20260812162205|956.01
1786522930|20260812162210|955.99
1786522935|20260812162215|956.00
1786522940|20260812162220|956.03
1786522945|20260812162225|956.03
1786522955|20260812162235|956.17
1786522960|20260812162240|956.13
1786522965|20260812162245|956.17
1786522970|20260812162250|956.18
1786522975|20260812162255|956.25
1786522985|20260812162305|956.16
1786522990|20260812162310|956.18
1786522995|20260812162315|956.13
1786523000|20260812162320|956.14
1786523005|20260812162325|956.07
1786523015|20260812162335|956.25
1786523020|20260812162340|956.24
1786523025|20260812162345|956.22
1786523030|20260812162350|956.17
1786523035|20260812162355|956.24
1786523045|20260812162405|956.18
1786523050|20260812162410|956.07
1786523055|20260812162415|956.09
1786523060|20260812162420|956.06
1786523065|20260812162425|956.05
1786523100|20260812162500|956.03
1786523105|20260812162505|956.01
1786523110|20260812162510|956.00
1786523115|20260812162515|956.06
1786523120|20260812162520|956.06
1786523125|20260812162525|956.05
1786523135|20260812162535|955.94
1786523140|20260812162540|955.99
1786523145|20260812162545|955.99
1786523150|20260812162550|956.00
1786523155|20260812162555|955.97
1786523160|20260812162600|955.97
1786523165|20260812162605|955.94
1786523170|20260812162610|955.82
1786523175|20260812162615|955.86
1786523180|20260812162620|955.85
1786523185|20260812162625|955.82
1786523195|20260812162635|955.76
1786523200|20260812162640|955.75
1786523205|20260812162645|955.73
1786523210|20260812162650|955.73
1786523215|20260812162655|955.64
1786523220|20260812162700|955.66
1786523225|20260812162705|955.67
1786523235|20260812162715|955.67
1786523245|20260812162725|955.68
1786523260|20260812162740|955.75
1786523265|20260812162745|955.65
1786523270|20260812162750|955.55
1786523275|20260812162755|955.55
1786523295|20260812162815|955.68
1786523300|20260812162820|955.68
1786523305|20260812162825|955.66
1786523315|20260812162835|955.53
1786523320|20260812162840|955.48
1786523325|20260812162845|955.41
1786523335|20260812162855|955.58
1786523345|20260812162905|955.49
1786523350|20260812162910|955.46
1786523355|20260812162915|955.50
1786523360|20260812162920|955.52
1786523380|20260812162940|955.69
1786523395|20260812162955|955.84
1786523405|20260812163005|955.71
1786523410|20260812163010|955.71
1786523415|20260812163015|955.77
1786523420|20260812163020|955.81
1786523425|20260812163025|955.85
1786523435|20260812163035|955.67
1786523440|20260812163040|955.68
1786523445|20260812163045|955.67
1786523450|20260812163050|955.66
1786523455|20260812163055|955.74
1786523460|20260812163100|955.70
1786523465|20260812163105|955.71
1786523470|20260812163110|955.71
1786523475|20260812163115|955.69
1786523480|20260812163120|955.69
1786523485|20260812163125|955.72
1786523500|20260812163140|955.70
1786523505|20260812163145|955.62
1786523515|20260812163155|955.71
1786523520|20260812163200|955.71
1786523525|20260812163205|955.69
1786523530|20260812163210|955.72
1786523535|20260812163215|955.70
1786523540|20260812163220|955.71
1786523545|20260812163225|955.63
1786523555|20260812163235|955.65
1786523560|20260812163240|955.51
1786523565|20260812163245|955.48
1786523570|20260812163250|955.51
1786523575|20260812163255|955.51
1786523580|20260812163300|955.51
1786523585|20260812163305|955.54
1786523590|20260812163310|955.65
1786523595|20260812163315|955.73
1786523605|20260812163325|955.58
1786523615|20260812163335|955.54
1786523620|20260812163340|955.55
1786523625|20260812163345|955.52
1786523635|20260812163355|955.49
1786523645|20260812163405|955.40
1786523650|20260812163410|955.37
1786523655|20260812163415|955.38
1786523660|20260812163420|955.42
1786523700|20260812163500|955.43
1786523705|20260812163505|955.44
1786523715|20260812163515|955.44
1786523720|20260812163520|955.38
1786523725|20260812163525|955.39
1786523735|20260812163535|955.45
1786523740|20260812163540|955.39
1786523750|20260812163550|955.37
1786523755|20260812163555|955.38
1786523760|20260812163600|955.38
1786523765|20260812163605|955.31
1786523770|20260812163610|955.34
1786523780|20260812163620|955.29
1786523785|20260812163625|955.35
1786523795|20260812163635|955.38
1786523800|20260812163640|955.38
1786523805|20260812163645|955.32
1786523810|20260812163650|955.38
1786523815|20260812163655|955.39
1786523820|20260812163700|955.40
1786523825|20260812163705|955.53
1786523830|20260812163710|955.51
1786523835|20260812163715|955.54
1786523840|20260812163720|955.54
1786523845|20260812163725|955.57
1786523855|20260812163735|955.54
1786523865|20260812163745|955.59
1786523870|20260812163750|955.50
1786523875|20260812163755|955.51
1786523880|20260812163800|955.52
1786523885|20260812163805|955.48
1786523890|20260812163810|955.53
1786523895|20260812163815|955.58
1786523905|20260812163825|955.40
1786523915|20260812163835|955.31
1786523925|20260812163845|955.38
1786523935|20260812163855|955.37
1786523945|20260812163905|955.56
1786523950|20260812163910|955.55
1786523955|20260812163915|955.52
1786523960|20260812163920|955.52
1786523965|20260812163925|955.51
1786523980|20260812163940|955.52
1786524005|20260812164005|955.46
1786524010|20260812164010|955.43
1786524015|20260812164015|955.42
1786524040|20260812164040|955.37
1786524045|20260812164045|955.27
1786524050|20260812164050|955.31
1786524055|20260812164055|955.25
1786524065|20260812164105|955.31
1786524070|20260812164110|955.28
1786524075|20260812164115|955.26
1786524080|20260812164120|955.23
1786524085|20260812164125|955.36
1786524095|20260812164135|955.36
1786524100|20260812164140|955.35
1786524105|20260812164145|955.33
1786524110|20260812164150|955.27
1786524115|20260812164155|955.25
1786524120|20260812164200|955.28
1786524125|20260812164205|955.30
1786524135|20260812164215|955.33
1786524140|20260812164220|955.38
1786524145|20260812164225|955.48
1786524155|20260812164235|955.49
1786524160|20260812164240|955.47
1786524165|20260812164245|955.36
1786524170|20260812164250|955.37
1786524175|20260812164255|955.37
1786524190|20260812164310|955.49
1786524195|20260812164315|955.44
1786524200|20260812164320|955.35
1786524205|20260812164325|955.32
1786524220|20260812164340|955.32
1786524225|20260812164345|955.31
1786524230|20260812164350|955.31
1786524235|20260812164355|955.28
1786524245|20260812164405|955.29
1786524250|20260812164410|955.29
1786524255|20260812164415|955.32
1786524260|20260812164420|955.34
1786524290|20260812164450|955.38
1786524305|20260812164505|955.42
1786524310|20260812164510|955.25
1786524320|20260812164520|955.33
1786524335|20260812164535|955.20
1786524340|20260812164540|955.19
1786524345|20260812164545|955.21
1786524355|20260812164555|955.22
1786524365|20260812164605|955.20
1786524370|20260812164610|955.19
1786524375|20260812164615|955.17
1786524380|20260812164620|955.18
1786524385|20260812164625|955.16
1786524400|20260812164640|955.15
1786524405|20260812164645|955.15
1786524415|20260812164655|955.25
1786524425|20260812164705|955.28
1786524430|20260812164710|955.18
1786524435|20260812164715|955.16
1786524440|20260812164720|955.16
1786524445|20260812164725|955.03
1786524455|20260812164735|954.97
1786524460|20260812164740|955.04
1786524465|20260812164745|954.98
1786524470|20260812164750|954.89
1786524475|20260812164755|954.74
1786524485|20260812164805|954.73
1786524490|20260812164810|954.77
1786524505|20260812164825|954.92
1786524515|20260812164835|954.85
1786524520|20260812164840|954.86
1786524525|20260812164845|954.93
1786524530|20260812164850|954.96
1786524535|20260812164855|954.97
1786524545|20260812164905|954.98
1786524550|20260812164910|954.99
1786524555|20260812164915|954.96
1786524565|20260812164925|954.97
1786524575|20260812164935|955.01
1786524580|20260812164940|955.02
1786524600|20260812165000|955.04
1786524605|20260812165005|955.04
1786524615|20260812165015|955.10
1786524620|20260812165020|955.10
1786524625|20260812165025|955.09
1786524635|20260812165035|955.13
1786524640|20260812165040|955.10
1786524645|20260812165045|955.12
1786524650|20260812165050|955.12
1786524655|20260812165055|955.13
1786524665|20260812165105|955.12
1786524670|20260812165110|955.15
1786524675|20260812165115|955.15
1786524680|20260812165120|955.12
1786524685|20260812165125|955.12
1786524695|20260812165135|955.11
1786524710|20260812165150|954.87
1786524725|20260812165205|954.92
1786524735|20260812165215|954.92
1786524740|20260812165220|954.95
1786524745|20260812165225|954.94
1786524755|20260812165235|954.92
1786524760|20260812165240|954.95
1786524765|20260812165245|954.95
1786524770|20260812165250|954.94
1786524775|20260812165255|954.94
1786524785|20260812165305|954.87
1786524795|20260812165315|954.94
1786524800|20260812165320|954.93
1786524805|20260812165325|954.95
1786524815|20260812165335|954.95
1786524820|20260812165340|954.94
1786524825|20260812165345|954.96
1786524835|20260812165355|954.95
1786524850|20260812165410|955.00
1786524855|20260812165415|954.98
1786524860|20260812165420|954.98
1786524865|20260812165425|954.98
1786524895|20260812165455|954.87
1786524905|20260812165505|954.80
1786524910|20260812165510|954.79
1786524915|20260812165515|954.87
1786524920|20260812165520|954.85
1786524925|20260812165525|954.85
1786524955|20260812165555|954.74
1786524965|20260812165605|954.75
1786524970|20260812165610|954.77
1786524985|20260812165625|954.75
1786524995|20260812165635|954.71
1786525005|20260812165645|954.74
1786525010|20260812165650|954.75
1786525030|20260812165710|954.79
1786525035|20260812165715|954.76
1786525040|20260812165720|954.66
1786525045|20260812165725|954.60
1786525055|20260812165735|954.53
1786525065|20260812165745|954.62
1786525070|20260812165750|954.60
1786525075|20260812165755|954.57
1786525085|20260812165805|954.55
1786525095|20260812165815|954.50
1786525105|20260812165825|954.51
1786525115|20260812165835|954.53
1786525120|20260812165840|954.59
1786525125|20260812165845|954.67
1786525130|20260812165850|954.71
1786525135|20260812165855|954.66
1786525145|20260812165905|954.68
1786525155|20260812165915|954.66
1786525160|20260812165920|954.66
1786525165|20260812165925|954.66
1786525200|20260812170000|954.54
1786525205|20260812170005|954.52
1786525210|20260812170010|954.59
1786525220|20260812170020|954.62
1786525225|20260812170025|954.74
1786525235|20260812170035|954.70
1786525240|20260812170040|954.67
1786525245|20260812170045|954.70
1786525250|20260812170050|954.70
1786525255|20260812170055|954.74
1786525260|20260812170100|954.66
1786525265|20260812170105|954.71
1786525270|20260812170110|954.67
1786525280|20260812170120|954.65
1786525285|20260812170125|954.64
1786525295|20260812170135|954.73
1786525300|20260812170140|954.77
1786525305|20260812170145|954.82
1786525310|20260812170150|954.87
1786525315|20260812170155|954.86
1786525320|20260812170200|954.84
1786525325|20260812170205|954.85
1786525330|20260812170210|954.87
1786525335|20260812170215|954.92
1786525340|20260812170220|954.91
1786525345|20260812170225|954.94
1786525355|20260812170235|955.11
1786525360|20260812170240|955.09
1786525365|20260812170245|955.22
1786525375|20260812170255|955.22
1786525385|20260812170305|955.16
1786525390|20260812170310|955.12
1786525395|20260812170315|955.16
1786525400|20260812170320|955.21
1786525405|20260812170325|955.21
1786525415|20260812170335|955.37
1786525420|20260812170340|955.40
1786525425|20260812170345|955.56
1786525430|20260812170350|955.70
1786525445|20260812170405|955.69
1786525450|20260812170410|955.65
1786525455|20260812170415|955.66
1786525460|20260812170420|955.61
1786525465|20260812170425|955.64
1786525500|20260812170500|955.67
1786525505|20260812170505|955.65
1786525515|20260812170515|955.65
1786525520|20260812170520|955.63
1786525525|20260812170525|955.58
1786525535|20260812170535|955.59
1786525540|20260812170540|955.55
1786525545|20260812170545|955.54
1786525550|20260812170550|955.55
1786525555|20260812170555|955.52
1786525560|20260812170600|955.56
1786525565|20260812170605|955.59
1786525570|20260812170610|955.59
1786525575|20260812170615|955.58
1786525580|20260812170620|955.57
1786525585|20260812170625|955.55
1786525595|20260812170635|955.74
1786525600|20260812170640|955.76
1786525605|20260812170645|955.67
1786525615|20260812170655|955.74
1786525620|20260812170700|955.62
1786525625|20260812170705|955.60
1786525630|20260812170710|955.63
1786525635|20260812170715|955.53
1786525640|20260812170720|955.61
1786525645|20260812170725|955.55
1786525655|20260812170735|955.73
1786525665|20260812170745|955.75
1786525670|20260812170750|955.79
1786525675|20260812170755|955.80
1786525680|20260812170800|955.77
1786525685|20260812170805|955.78
1786525690|20260812170810|955.76
1786525700|20260812170820|955.83
1786525705|20260812170825|955.83
1786525715|20260812170835|955.85
1786525720|20260812170840|955.93
1786525725|20260812170845|955.84
1786525730|20260812170850|955.82
1786525735|20260812170855|955.82
1786525745|20260812170905|955.66
1786525750|20260812170910|955.69
1786525755|20260812170915|955.77
1786525760|20260812170920|955.83
1786525765|20260812170925|955.79
1786525805|20260812171005|955.94
1786525815|20260812171015|955.92
1786525825|20260812171025|956.12
1786525835|20260812171035|956.25
1786525840|20260812171040|956.52
1786525845|20260812171045|956.38
1786525850|20260812171050|956.37
1786525855|20260812171055|956.22
1786525865|20260812171105|956.27
1786525870|20260812171110|956.40
1786525875|20260812171115|956.36
1786525880|20260812171120|956.42
1786525895|20260812171135|956.43
1786525905|20260812171145|956.47
1786525910|20260812171150|956.48
1786525915|20260812171155|956.49
1786525920|20260812171200|956.51
1786525925|20260812171205|956.51
1786525930|20260812171210|956.60
1786525935|20260812171215|956.57
1786525960|20260812171240|956.53
1786525965|20260812171245|956.49
1786525970|20260812171250|956.47
1786525975|20260812171255|956.48
1786525985|20260812171305|956.46
1786525990|20260812171310|956.49
1786525995|20260812171315|956.48
1786526000|20260812171320|956.45
1786526015|20260812171335|956.41
1786526025|20260812171345|956.53
1786526030|20260812171350|956.59
1786526045|20260812171405|956.76
1786526050|20260812171410|956.82
1786526055|20260812171415|956.75
1786526060|20260812171420|956.63
1786526065|20260812171425|956.67
1786526100|20260812171500|956.90
1786526105|20260812171505|956.91
1786526110|20260812171510|956.91
1786526120|20260812171520|956.80
1786526125|20260812171525|956.86
1786526140|20260812171540|956.93
1786526145|20260812171545|956.95
1786526150|20260812171550|956.91
1786526155|20260812171555|957.44
1786526160|20260812171600|957.47
1786526165|20260812171605|957.86
1786526170|20260812171610|957.64
1786526175|20260812171615|957.33
1786526180|20260812171620|957.33
1786526185|20260812171625|957.48
1786526195|20260812171635|957.60
1786526205|20260812171645|957.50
1786526210|20260812171650|957.49
1786526215|20260812171655|957.48
1786526220|20260812171700|957.53
1786526225|20260812171705|957.52
1786526230|20260812171710|957.25
1786526235|20260812171715|957.32
1786526240|20260812171720|957.33
1786526245|20260812171725|957.35
1786526255|20260812171735|957.41
1786526260|20260812171740|957.46
1786526265|20260812171745|957.53
1786526275|20260812171755|957.43
1786526280|20260812171800|957.44
1786526285|20260812171805|957.45
1786526290|20260812171810|957.35
1786526295|20260812171815|957.29
1786526300|20260812171820|957.32
1786526305|20260812171825|957.29
1786526315|20260812171835|957.33
1786526320|20260812171840|957.30
1786526325|20260812171845|957.28
1786526330|20260812171850|957.28
1786526340|20260812171900|957.36
1786526345|20260812171905|957.39
1786526350|20260812171910|957.31
1786526355|20260812171915|957.29
1786526360|20260812171920|957.26
1786526365|20260812171925|957.34
1786526405|20260812172005|957.44
1786526410|20260812172010|957.45
1786526415|20260812172015|957.33
1786526420|20260812172020|957.34
1786526425|20260812172025|957.42
1786526435|20260812172035|957.19
1786526440|20260812172040|957.21
1786526445|20260812172045|957.12
1786526450|20260812172050|957.13
1786526455|20260812172055|957.06
1786526470|20260812172110|957.08
1786526475|20260812172115|957.08
1786526485|20260812172125|957.07
1786526495|20260812172135|957.01
1786526500|20260812172140|957.00
1786526510|20260812172150|957.03
1786526520|20260812172200|957.02
1786526525|20260812172205|957.02
1786526530|20260812172210|957.06
1786526545|20260812172225|956.98
1786526555|20260812172235|956.98
1786526560|20260812172240|957.03
1786526565|20260812172245|957.13
1786526575|20260812172255|957.43
1786526585|20260812172305|957.93
1786526590|20260812172310|957.92
1786526595|20260812172315|957.96
1786526605|20260812172325|957.93
1786526615|20260812172335|958.04
1786526620|20260812172340|958.38
1786526625|20260812172345|958.69
1786526630|20260812172350|958.39
1786526635|20260812172355|958.50
1786526645|20260812172405|958.39
1786526655|20260812172415|958.85
1786526660|20260812172420|958.94
1786526665|20260812172425|959.11
1786526695|20260812172455|958.47
1786526705|20260812172505|958.74
1786526710|20260812172510|958.44
1786526715|20260812172515|958.38
1786526720|20260812172520|958.38
1786526725|20260812172525|958.20
1786526740|20260812172540|958.12
1786526750|20260812172550|958.22
1786526755|20260812172555|958.31
1786526765|20260812172605|958.30
1786526770|20260812172610|958.10
1786526775|20260812172615|958.07
1786526780|20260812172620|958.20
1786526785|20260812172625|958.07
1786526795|20260812172635|958.13
1786526800|20260812172640|958.04
1786526805|20260812172645|957.96
1786526825|20260812172705|957.75
1786526845|20260812172725|957.61
1786526860|20260812172740|957.49
1786526865|20260812172745|957.32
1786526870|20260812172750|957.30
1786526875|20260812172755|957.33
1786526890|20260812172810|957.32
1786526905|20260812172825|957.31
1786526915|20260812172835|957.35
1786526925|20260812172845|957.31
1786526945|20260812172905|957.24
1786526950|20260812172910|957.24
1786526955|20260812172915|957.33
1786526960|20260812172920|957.28
1786526965|20260812172925|957.33
1786527000|20260812173000|956.83
1786527005|20260812173005|957.07
1786527010|20260812173010|956.95
1786527015|20260812173015|956.88
1786527020|20260812173020|956.94
1786527025|20260812173025|956.84
1786527035|20260812173035|956.79
1786527040|20260812173040|956.81
1786527045|20260812173045|956.83
1786527050|20260812173050|956.85
1786527055|20260812173055|956.83
1786527065|20260812173105|956.84
1786527075|20260812173115|956.81
1786527080|20260812173120|956.81
1786527085|20260812173125|956.69
1786527095|20260812173135|956.70
1786527100|20260812173140|956.70
1786527105|20260812173145|956.67
1786527110|20260812173150|956.82
1786527115|20260812173155|956.79
1786527125|20260812173205|956.68
1786527130|20260812173210|956.53
1786527135|20260812173215|956.61
1786527140|20260812173220|956.99
1786527145|20260812173225|957.17
1786527155|20260812173235|957.19
1786527160|20260812173240|957.31
1786527170|20260812173250|957.18
1786527175|20260812173255|957.15
1786527185|20260812173305|957.17
1786527190|20260812173310|957.18
1786527195|20260812173315|957.24
1786527200|20260812173320|957.21
1786527215|20260812173335|957.04
1786527220|20260812173340|957.05
1786527225|20260812173345|957.06
1786527230|20260812173350|957.04
1786527245|20260812173405|956.92
1786527260|20260812173420|956.96
1786527305|20260812173505|957.02
1786527310|20260812173510|956.98
1786527315|20260812173515|956.99
1786527320|20260812173520|956.74
1786527325|20260812173525|956.75
1786527335|20260812173535|956.81
1786527350|20260812173550|956.85
1786527355|20260812173555|956.84
1786527365|20260812173605|956.78
1786527370|20260812173610|956.80
1786527375|20260812173615|956.89
1786527380|20260812173620|956.86
1786527395|20260812173635|956.83
1786527400|20260812173640|956.85
1786527405|20260812173645|956.83
1786527410|20260812173650|956.89
1786527415|20260812173655|956.88
1786527425|20260812173705|956.94
1786527430|20260812173710|956.91
1786527435|20260812173715|957.16
1786527445|20260812173725|957.28
1786527455|20260812173735|957.28
1786527460|20260812173740|957.25
1786527465|20260812173745|957.27
1786527470|20260812173750|957.38
1786527475|20260812173755|957.38
1786527485|20260812173805|957.40
1786527490|20260812173810|957.34
1786527495|20260812173815|957.36
1786527505|20260812173825|957.40
1786527515|20260812173835|957.40
1786527520|20260812173840|957.34
1786527525|20260812173845|957.35
1786527530|20260812173850|957.33
1786527535|20260812173855|957.40
1786527545|20260812173905|957.28
1786527550|20260812173910|957.36
1786527555|20260812173915|957.38
1786527560|20260812173920|957.41
1786527565|20260812173925|957.46
1786527600|20260812174000|957.40
1786527605|20260812174005|957.47
1786527610|20260812174010|957.53
1786527615|20260812174015|957.62
1786527620|20260812174020|957.60
1786527625|20260812174025|957.66
1786527635|20260812174035|957.58
1786527640|20260812174040|957.58
1786527645|20260812174045|957.52
1786527650|20260812174050|957.58
1786527655|20260812174055|957.55
1786527660|20260812174100|957.45
1786527665|20260812174105|957.46
1786527670|20260812174110|957.40
1786527675|20260812174115|957.41
1786527680|20260812174120|957.36
1786527685|20260812174125|957.34
1786527695|20260812174135|957.24
1786527700|20260812174140|957.31
1786527705|20260812174145|957.35
1786527710|20260812174150|957.33
1786527715|20260812174155|957.53
1786527725|20260812174205|957.40
1786527730|20260812174210|957.41
1786527735|20260812174215|957.45
1786527740|20260812174220|957.46
1786527760|20260812174240|957.39
1786527765|20260812174245|957.33
1786527770|20260812174250|957.31
1786527775|20260812174255|957.33
1786527785|20260812174305|957.33
1786527790|20260812174310|957.39
1786527795|20260812174315|957.38
1786527800|20260812174320|957.28
1786527805|20260812174325|957.18
1786527815|20260812174335|957.19
1786527820|20260812174340|957.08
1786527825|20260812174345|956.99
1786527830|20260812174350|956.99
1786527835|20260812174355|957.04
1786527845|20260812174405|957.12
1786527850|20260812174410|957.12
1786527855|20260812174415|957.03
1786527860|20260812174420|957.05
1786527865|20260812174425|957.06
1786527880|20260812174440|956.99
1786527900|20260812174500|956.88
1786527905|20260812174505|956.88
1786527920|20260812174520|956.76
1786527925|20260812174525|956.76
1786527935|20260812174535|956.65
1786527940|20260812174540|956.62
1786527945|20260812174545|956.65
1786527950|20260812174550|956.75
1786527955|20260812174555|956.73
1786527960|20260812174600|956.74
1786527965|20260812174605|956.76
1786527970|20260812174610|956.81
1786527975|20260812174615|956.75
1786527980|20260812174620|956.68
1786527985|20260812174625|956.68
1786527995|20260812174635|956.75
1786528005|20260812174645|956.77
1786528020|20260812174700|956.85
1786528025|20260812174705|956.86
1786528030|20260812174710|956.91
1786528035|20260812174715|956.82
1786528040|20260812174720|956.80
1786528045|20260812174725|956.83
1786528060|20260812174740|956.79
1786528065|20260812174745|956.82
1786528080|20260812174800|956.80
1786528095|20260812174815|956.88
1786528100|20260812174820|956.90
1786528105|20260812174825|956.93
1786528115|20260812174835|956.96
1786528125|20260812174845|956.91
1786528130|20260812174850|956.86
1786528135|20260812174855|956.69
1786528140|20260812174900|956.81
1786528145|20260812174905|956.80
1786528155|20260812174915|956.83
1786528160|20260812174920|956.78
1786528210|20260812175010|957.32
1786528215|20260812175015|957.32
1786528225|20260812175025|957.31
1786528240|20260812175040|957.33
1786528250|20260812175050|957.38
1786528255|20260812175055|957.36
1786528260|20260812175100|957.41
1786528270|20260812175110|957.34
1786528275|20260812175115|957.28
1786528280|20260812175120|957.30
1786528285|20260812175125|957.16
1786528295|20260812175135|956.80
1786528300|20260812175140|956.80
1786528305|20260812175145|956.87
1786528310|20260812175150|956.84
1786528315|20260812175155|956.83
1786528325|20260812175205|956.73
1786528340|20260812175220|956.58
1786528345|20260812175225|956.62
1786528355|20260812175235|956.56
1786528360|20260812175240|956.45
1786528365|20260812175245|956.44
1786528380|20260812175300|956.42
1786528390|20260812175310|956.46
1786528395|20260812175315|956.42
1786528415|20260812175335|956.41
1786528420|20260812175340|956.46
1786528425|20260812175345|956.45
1786528430|20260812175350|956.42
1786528435|20260812175355|956.37
1786528440|20260812175400|956.41
1786528445|20260812175405|956.43
1786528455|20260812175415|956.44
1786528460|20260812175420|956.44
1786528465|20260812175425|956.33
1786528500|20260812175500|956.48
1786528510|20260812175510|956.50
1786528515|20260812175515|956.46
1786528520|20260812175520|956.64
1786528525|20260812175525|956.68
1786528535|20260812175535|956.64
1786528540|20260812175540|956.75
1786528545|20260812175545|956.71
1786528550|20260812175550|956.49
1786528565|20260812175605|956.55
1786528570|20260812175610|956.55
1786528575|20260812175615|956.54
1786528580|20260812175620|956.53
1786528585|20260812175625|956.52
1786528595|20260812175635|956.55
1786528600|20260812175640|956.57
1786528615|20260812175655|956.53
1786528620|20260812175700|956.63
1786528625|20260812175705|956.66
1786528630|20260812175710|956.68
1786528640|20260812175720|956.74
1786528645|20260812175725|956.75
1786528660|20260812175740|956.89
1786528665|20260812175745|956.82
1786528670|20260812175750|956.84
1786528675|20260812175755|956.86
1786528680|20260812175800|956.88
1786528685|20260812175805|957.24
1786528690|20260812175810|957.12
1786528695|20260812175815|957.13
1786528700|20260812175820|957.19
1786528705|20260812175825|957.26
1786528715|20260812175835|957.23
1786528720|20260812175840|957.17
1786528725|20260812175845|957.17
1786528735|20260812175855|957.16
1786528740|20260812175900|957.17
1786528745|20260812175905|957.21
1786528750|20260812175910|957.25
1786528755|20260812175915|957.22
1786528760|20260812175920|957.24
1786528805|20260812180005|957.35
1786528810|20260812180010|957.36
1786528815|20260812180015|957.36
1786528820|20260812180020|957.36
1786528825|20260812180025|957.36
1786528835|20260812180035|957.23
1786528840|20260812180040|957.22
1786528845|20260812180045|957.25
1786528850|20260812180050|957.29
1786528855|20260812180055|957.34
1786528860|20260812180100|957.33
1786528865|20260812180105|957.32
1786528875|20260812180115|957.29
1786528880|20260812180120|957.32
1786528895|20260812180135|957.26
1786528910|20260812180150|957.20
1786528915|20260812180155|957.14
1786528930|20260812180210|957.14
1786528935|20260812180215|957.15
1786528940|20260812180220|957.14
1786528945|20260812180225|957.16
1786528955|20260812180235|957.19
1786528960|20260812180240|957.33
1786528980|20260812180300|957.12
1786528985|20260812180305|957.04
1786528990|20260812180310|957.05
1786528995|20260812180315|957.28
1786529000|20260812180320|957.30
1786529005|20260812180325|957.26
1786529015|20260812180335|957.28
1786529035|20260812180355|957.31
1786529045|20260812180405|957.31
1786529050|20260812180410|957.32
1786529055|20260812180415|957.23
1786529060|20260812180420|957.16
1786529065|20260812180425|957.19
1786529105|20260812180505|957.19
1786529110|20260812180510|957.21
1786529115|20260812180515|957.32
1786529120|20260812180520|957.41
1786529125|20260812180525|957.48
1786529135|20260812180535|957.49
1786529140|20260812180540|957.52
1786529145|20260812180545|957.47
1786529150|20260812180550|957.37
1786529155|20260812180555|957.49
1786529170|20260812180610|957.46
1786529180|20260812180620|957.63
1786529185|20260812180625|957.58
1786529200|20260812180640|957.55
1786529205|20260812180645|957.55
1786529210|20260812180650|957.64
1786529215|20260812180655|957.61
1786529230|20260812180710|957.58
1786529235|20260812180715|957.54
1786529240|20260812180720|957.54
1786529245|20260812180725|957.41
1786529255|20260812180735|957.42
1786529260|20260812180740|957.33
1786529265|20260812180745|957.41
1786529270|20260812180750|957.42
1786529275|20260812180755|957.42
1786529290|20260812180810|957.48
1786529295|20260812180815|957.48
1786529305|20260812180825|957.40
1786529320|20260812180840|957.30
1786529330|20260812180850|957.29
1786529335|20260812180855|957.28
1786529345|20260812180905|957.27
1786529360|20260812180920|957.25
1786529400|20260812181000|957.84
1786529405|20260812181005|957.80
1786529410|20260812181010|957.80
1786529420|20260812181020|957.84
1786529425|20260812181025|957.80
1786529440|20260812181040|957.88
1786529445|20260812181045|957.87
1786529455|20260812181055|957.92
1786529470|20260812181110|957.75
1786529480|20260812181120|957.75
1786529485|20260812181125|957.70
1786529495|20260812181135|957.78
1786529505|20260812181145|957.73
1786529510|20260812181150|957.88
1786529515|20260812181155|957.88
1786529530|20260812181210|957.92
1786529535|20260812181215|957.88
1786529555|20260812181235|957.71
1786529560|20260812181240|957.76
1786529565|20260812181245|957.77
1786529570|20260812181250|957.98
1786529575|20260812181255|957.98
1786529585|20260812181305|958.02
1786529590|20260812181310|957.92
1786529595|20260812181315|957.83
1786529600|20260812181320|957.87
1786529620|20260812181340|957.96
1786529625|20260812181345|957.99
1786529630|20260812181350|958.02
1786529645|20260812181405|958.05
1786529650|20260812181410|957.99
1786529655|20260812181415|957.84
1786529660|20260812181420|957.73
1786529665|20260812181425|957.66
1786529715|20260812181515|957.74
1786529725|20260812181525|957.97
1786529740|20260812181540|958.02
1786529765|20260812181605|958.02
1786529770|20260812181610|958.02
1786529780|20260812181620|957.98
1786529785|20260812181625|957.92
1786529795|20260812181635|957.72
1786529800|20260812181640|957.82
1786529805|20260812181645|957.73
1786529815|20260812181655|957.77
1786529825|20260812181705|957.78
1786529830|20260812181710|957.83
1786529835|20260812181715|957.97
1786529840|20260812181720|957.84
1786529845|20260812181725|957.92
1786529855|20260812181735|957.85
1786529860|20260812181740|957.90
1786529870|20260812181750|957.92
1786529885|20260812181805|957.87
1786529905|20260812181825|957.88
1786529920|20260812181840|957.85
1786529925|20260812181845|957.95
1786529930|20260812181850|957.90
1786529945|20260812181905|957.97
1786529950|20260812181910|958.06
1786529960|20260812181920|958.03
1786529965|20260812181925|957.98
1786530000|20260812182000|958.14
1786530005|20260812182005|958.16
1786530010|20260812182010|958.17
1786530015|20260812182015|958.20
1786530020|20260812182020|958.19
1786530025|20260812182025|958.24
1786530035|20260812182035|958.20
1786530040|20260812182040|958.15
1786530045|20260812182045|958.12
1786530050|20260812182050|958.12
1786530055|20260812182055|958.11
1786530065|20260812182105|958.24
1786530070|20260812182110|958.26
1786530075|20260812182115|958.26
1786530080|20260812182120|958.26
1786530085|20260812182125|958.26
1786530095|20260812182135|958.10
1786530100|20260812182140|958.07
1786530110|20260812182150|958.08
1786530115|20260812182155|958.05
1786530125|20260812182205|958.04
1786530130|20260812182210|958.12
1786530135|20260812182215|958.14
1786530140|20260812182220|958.12
1786530145|20260812182225|958.19
1786530155|20260812182235|958.20
1786530165|20260812182245|958.19
1786530170|20260812182250|958.22
1786530175|20260812182255|958.22
1786530190|20260812182310|958.16
1786530200|20260812182320|958.11
1786530205|20260812182325|958.18
1786530215|20260812182335|958.17
1786530220|20260812182340|958.16
1786530225|20260812182345|958.18
1786530230|20260812182350|958.19
1786530235|20260812182355|958.20
1786530240|20260812182400|958.18
1786530245|20260812182405|958.18
1786530250|20260812182410|958.10
1786530255|20260812182415|958.01
1786530260|20260812182420|957.98
1786530265|20260812182425|958.05
1786530300|20260812182500|958.04
1786530305|20260812182505|958.09
1786530310|20260812182510|958.09
1786530325|20260812182525|958.06
1786530335|20260812182535|957.89
1786530340|20260812182540|957.92
1786530345|20260812182545|957.90
1786530355|20260812182555|957.83
1786530365|20260812182605|958.02
1786530375|20260812182615|957.97
1786530380|20260812182620|957.97
1786530385|20260812182625|958.00
1786530395|20260812182635|958.14
1786530400|20260812182640|958.14
1786530405|20260812182645|958.22
1786530415|20260812182655|958.13
1786530420|20260812182700|958.14
1786530425|20260812182705|958.15
1786530435|20260812182715|958.14
1786530440|20260812182720|958.14
1786530445|20260812182725|958.16
1786530460|20260812182740|958.35
1786530465|20260812182745|958.36
1786530470|20260812182750|958.25
1786530475|20260812182755|958.24
1786530480|20260812182800|958.33
1786530485|20260812182805|958.36
1786530490|20260812182810|958.41
1786530495|20260812182815|958.44
1786530500|20260812182820|958.40
1786530505|20260812182825|958.34
1786530515|20260812182835|958.33
1786530520|20260812182840|958.27
1786530530|20260812182850|958.25
1786530545|20260812182905|958.31
1786530550|20260812182910|958.30
1786530560|20260812182920|958.30
1786530565|20260812182925|958.32
1786530605|20260812183005|958.16
1786530610|20260812183010|958.15
1786530615|20260812183015|958.10
1786530620|20260812183020|958.04
1786530625|20260812183025|958.06
1786530640|20260812183040|957.90
1786530655|20260812183055|957.91
1786530660|20260812183100|957.91
1786530665|20260812183105|957.89
1786530670|20260812183110|957.90
1786530680|20260812183120|957.79
1786530700|20260812183140|958.00
1786530705|20260812183145|958.01
1786530715|20260812183155|958.01
1786530725|20260812183205|958.13
1786530730|20260812183210|957.93
1786530735|20260812183215|957.95
1786530740|20260812183220|957.94
1786530745|20260812183225|958.05
1786530755|20260812183235|957.86
1786530760|20260812183240|957.70
1786530765|20260812183245|957.74
1786530775|20260812183255|957.84
1786530785|20260812183305|957.84
1786530790|20260812183310|957.75
1786530825|20260812183345|957.68
1786530860|20260812183420|957.66
1786530865|20260812183425|957.66
1786530905|20260812183505|957.57
1786530910|20260812183510|957.48
1786530915|20260812183515|957.45
1786530925|20260812183525|957.43
1786530950|20260812183550|957.36
1786530955|20260812183555|957.36
1786530965|20260812183605|957.38
1786530970|20260812183610|957.39
1786530985|20260812183625|957.41
1786531000|20260812183640|957.41
1786531005|20260812183645|957.41
1786531010|20260812183650|957.40
1786531015|20260812183655|957.42
1786531020|20260812183700|957.48
1786531025|20260812183705|957.39
1786531030|20260812183710|957.44
1786531040|20260812183720|957.42
1786531055|20260812183735|957.34
1786531060|20260812183740|957.34
1786531065|20260812183745|957.31
1786531070|20260812183750|957.37
1786531085|20260812183805|957.37
1786531090|20260812183810|957.30
1786531095|20260812183815|957.25
1786531100|20260812183820|957.23
1786531105|20260812183825|957.20
1786531115|20260812183835|957.16
1786531120|20260812183840|957.16
1786531125|20260812183845|957.03
1786531130|20260812183850|957.02
1786531135|20260812183855|957.04
1786531150|20260812183910|956.87
1786531155|20260812183915|956.80
1786531160|20260812183920|956.85
1786531165|20260812183925|956.86
1786531200|20260812184000|957.00
1786531205|20260812184005|957.02
1786531210|20260812184010|957.04
1786531215|20260812184015|956.99
1786531220|20260812184020|956.92
1786531225|20260812184025|957.00
1786531235|20260812184035|957.15
1786531240|20260812184040|957.13
1786531245|20260812184045|957.18
1786531250|20260812184050|957.16
1786531255|20260812184055|957.13
1786531260|20260812184100|957.12
1786531265|20260812184105|957.13
1786531270|20260812184110|957.11
1786531275|20260812184115|957.11
1786531280|20260812184120|957.00
1786531285|20260812184125|957.02
1786531295|20260812184135|957.00
1786531300|20260812184140|957.03
1786531310|20260812184150|956.98
1786531315|20260812184155|956.93
1786531325|20260812184205|957.06
1786531330|20260812184210|957.03
1786531335|20260812184215|957.05
1786531340|20260812184220|956.99
1786531345|20260812184225|956.89
1786531355|20260812184235|956.95
1786531360|20260812184240|956.91
1786531365|20260812184245|956.95
1786531370|20260812184250|956.95
1786531375|20260812184255|956.94
1786531385|20260812184305|956.89
1786531390|20260812184310|956.99
1786531395|20260812184315|957.00
1786531400|20260812184320|956.99
1786531405|20260812184325|957.00
1786531415|20260812184335|957.01
1786531425|20260812184345|956.99
1786531430|20260812184350|956.99
1786531435|20260812184355|957.00
1786531445|20260812184405|957.00
1786531450|20260812184410|957.01
1786531455|20260812184415|957.07
1786531460|20260812184420|957.06
1786531465|20260812184425|957.03
1786531500|20260812184500|957.16
1786531505|20260812184505|957.16
1786531510|20260812184510|957.01
1786531515|20260812184515|957.02
1786531520|20260812184520|957.02
1786531525|20260812184525|957.03
1786531535|20260812184535|957.13
1786531540|20260812184540|957.29
1786531545|20260812184545|957.25
1786531550|20260812184550|957.27
1786531555|20260812184555|957.27
1786531560|20260812184600|957.27
1786531565|20260812184605|957.37
1786531575|20260812184615|957.31
1786531600|20260812184640|957.33
1786531605|20260812184645|957.33
1786531625|20260812184705|957.33
1786531630|20260812184710|957.35
1786531635|20260812184715|957.35
1786531640|20260812184720|957.08
1786531670|20260812184750|956.99
1786531675|20260812184755|957.06
1786531690|20260812184810|957.04
1786531695|20260812184815|957.01
1786531700|20260812184820|957.00
1786531705|20260812184825|956.99
1786531730|20260812184850|957.09
1786531735|20260812184855|957.11
1786531740|20260812184900|957.05
1786531745|20260812184905|955.61
1786531750|20260812184910|956.36
1786531805|20260812185005|955.88
1786531810|20260812185010|956.06
1786531820|20260812185020|956.14
1786531840|20260812185040|955.94
1786531845|20260812185045|955.88
1786531850|20260812185050|956.06
1786531855|20260812185055|956.14
1786531860|20260812185100|955.99
1786531865|20260812185105|955.99
1786531875|20260812185115|956.18
1786531880|20260812185120|956.02
1786531885|20260812185125|956.07
1786531895|20260812185135|956.09
1786531900|20260812185140|956.12
1786531910|20260812185150|956.17
1786531920|20260812185200|956.16
1786531925|20260812185205|956.15
1786531930|20260812185210|956.12
1786531940|20260812185220|956.22
1786531945|20260812185225|956.23
1786531960|20260812185240|956.29
1786531975|20260812185255|956.12
1786531990|20260812185310|956.15
1786531995|20260812185315|956.19
1786532005|20260812185325|956.31
1786532025|20260812185345|956.30
1786532030|20260812185350|956.26
1786532035|20260812185355|956.30
1786532050|20260812185410|956.30
1786532055|20260812185415|956.30
1786532060|20260812185420|956.31
1786532065|20260812185425|956.29
1786532105|20260812185505|956.28
1786532115|20260812185515|956.19
1786532120|20260812185520|956.14
1786532135|20260812185535|956.60
1786532145|20260812185545|956.25
1786532150|20260812185550|956.25
1786532165|20260812185605|956.23
1786532175|20260812185615|956.23
1786532180|20260812185620|956.24
1786532200|20260812185640|956.35
1786532205|20260812185645|956.43
1786532210|20260812185650|956.47
1786532215|20260812185655|956.44
1786532225|20260812185705|956.44
1786532230|20260812185710|956.43
1786532235|20260812185715|956.44
1786532240|20260812185720|956.43
1786532245|20260812185725|956.37
1786532265|20260812185745|956.33
1786532270|20260812185750|956.28
1786532275|20260812185755|956.36
1786532285|20260812185805|956.34
1786532290|20260812185810|956.41
1786532295|20260812185815|956.41
1786532300|20260812185820|956.38
1786532305|20260812185825|956.46
1786532315|20260812185835|956.45
1786532320|20260812185840|957.06
1786532325|20260812185845|956.59
1786532330|20260812185850|956.58
1786532350|20260812185910|956.60
1786532355|20260812185915|956.55
1786532360|20260812185920|956.62
1786532365|20260812185925|956.62
1786532400|20260812190000|956.71
1786532405|20260812190005|956.76
1786532410|20260812190010|956.73
1786532415|20260812190015|956.72
1786532420|20260812190020|957.02
1786532425|20260812190025|956.74
1786532435|20260812190035|957.02
1786532440|20260812190040|957.17
1786532445|20260812190045|957.09
1786532450|20260812190050|957.03
1786532455|20260812190055|956.98
1786532460|20260812190100|957.04
1786532465|20260812190105|957.14
1786532470|20260812190110|957.11
1786532475|20260812190115|957.16
1786532480|20260812190120|957.15
1786532495|20260812190135|956.99
1786532500|20260812190140|956.97
1786532505|20260812190145|956.94
1786532515|20260812190155|956.86
1786532525|20260812190205|956.83
1786532530|20260812190210|956.85
1786532535|20260812190215|956.86
1786532540|20260812190220|956.84
1786532545|20260812190225|956.94
1786532555|20260812190235|956.95
1786532560|20260812190240|956.90
1786532565|20260812190245|956.86
1786532570|20260812190250|956.79
1786532575|20260812190255|956.82
1786532585|20260812190305|956.80
1786532590|20260812190310|956.83
1786532595|20260812190315|956.73
1786532600|20260812190320|956.64
1786532615|20260812190335|956.73
1786532620|20260812190340|956.74
1786532625|20260812190345|956.73
1786532630|20260812190350|956.70
1786532635|20260812190355|956.69
1786532645|20260812190405|956.68
1786532650|20260812190410|956.59
1786532655|20260812190415|956.53
1786532660|20260812190420|956.42
1786532665|20260812190425|956.48
1786532700|20260812190500|956.40
1786532705|20260812190505|956.40
1786532710|20260812190510|956.29
1786532715|20260812190515|956.31
1786532720|20260812190520|956.09
1786532725|20260812190525|956.06
1786532735|20260812190535|956.06
1786532740|20260812190540|956.25
1786532745|20260812190545|956.24
1786532750|20260812190550|956.26
1786532755|20260812190555|956.23
1786532760|20260812190600|956.24
1786532765|20260812190605|956.21
1786532770|20260812190610|956.25
1786532805|20260812190645|956.05
1786532810|20260812190650|956.08
1786532815|20260812190655|956.13
1786532820|20260812190700|956.15
1786532825|20260812190705|956.27
1786532830|20260812190710|956.25
1786532840|20260812190720|956.26
1786532845|20260812190725|956.20
1786532855|20260812190735|956.30
1786532865|20260812190745|956.29
1786532870|20260812190750|956.13
1786532875|20260812190755|956.13
1786532880|20260812190800|956.14
1786532885|20260812190805|956.17
1786532890|20260812190810|956.27
1786532895|20260812190815|956.28
1786532900|20260812190820|956.35
1786532905|20260812190825|956.33
1786532920|20260812190840|956.44
1786532925|20260812190845|956.44
1786532935|20260812190855|956.46
1786532940|20260812190900|956.44
1786532945|20260812190905|956.41
1786532950|20260812190910|956.42
1786532960|20260812190920|956.41
1786532965|20260812190925|956.47
1786533005|20260812191005|956.35
1786533015|20260812191015|956.29
1786533035|20260812191035|956.31
1786533040|20260812191040|956.34
1786533050|20260812191050|956.29
1786533055|20260812191055|956.28
1786533060|20260812191100|956.23
1786533070|20260812191110|956.20
1786533075|20260812191115|956.08
1786533080|20260812191120|956.15
1786533085|20260812191125|956.13
1786533095|20260812191135|956.10
1786533100|20260812191140|956.16
1786533105|20260812191145|956.15
1786533125|20260812191205|956.22
1786533135|20260812191215|956.20
1786533140|20260812191220|956.19
1786533145|20260812191225|956.22
1786533155|20260812191235|956.20
1786533160|20260812191240|956.19
1786533165|20260812191245|956.17
1786533170|20260812191250|956.18
1786533180|20260812191300|956.17
1786533185|20260812191305|956.15
1786533190|20260812191310|956.17
1786533195|20260812191315|956.18
1786533200|20260812191320|956.32
1786533205|20260812191325|956.31
1786533215|20260812191335|956.32
1786533220|20260812191340|956.27
1786533225|20260812191345|956.27
1786533230|20260812191350|956.30
1786533235|20260812191355|955.75
1786533245|20260812191405|955.77
1786533250|20260812191410|955.90
1786533255|20260812191415|955.95
1786533265|20260812191425|955.84
1786533300|20260812191500|955.73
1786533305|20260812191505|955.71
1786533325|20260812191525|955.78
1786533335|20260812191535|955.71
1786533340|20260812191540|955.76
1786533355|20260812191555|955.82
1786533360|20260812191600|955.80
1786533365|20260812191605|955.82
1786533370|20260812191610|955.94
1786533380|20260812191620|955.94
1786533385|20260812191625|955.94
1786533395|20260812191635|956.00
1786533400|20260812191640|955.99
1786533405|20260812191645|956.02
1786533415|20260812191655|956.09
1786533420|20260812191700|956.03
1786533425|20260812191705|956.10
1786533430|20260812191710|955.93
1786533435|20260812191715|955.93
1786533445|20260812191725|955.95
1786533455|20260812191735|955.94
1786533460|20260812191740|955.96
1786533465|20260812191745|955.96
1786533470|20260812191750|956.01
1786533475|20260812191755|956.01
1786533480|20260812191800|956.02
1786533485|20260812191805|955.96
1786533490|20260812191810|956.11
1786533500|20260812191820|956.09
1786533505|20260812191825|956.14
1786533515|20260812191835|956.17
1786533520|20260812191840|956.11
1786533525|20260812191845|956.12
1786533530|20260812191850|956.14
1786533540|20260812191900|956.21
1786533545|20260812191905|956.22
1786533555|20260812191915|956.13
1786533565|20260812191925|955.98
1786533580|20260812191940|956.08
1786533625|20260812192025|956.28
1786533635|20260812192035|956.26
1786533645|20260812192045|956.26
1786533660|20260812192100|956.28
1786533670|20260812192110|956.29
1786533675|20260812192115|956.30
1786533680|20260812192120|956.27
1786533685|20260812192125|956.28
1786533705|20260812192145|956.32
1786533710|20260812192150|956.27
1786533720|20260812192200|956.33
1786533740|20260812192220|956.31
1786533760|20260812192240|956.20
1786533765|20260812192245|956.25
1786533770|20260812192250|956.24
1786533775|20260812192255|956.21
1786533785|20260812192305|956.17
1786533790|20260812192310|956.20
1786533795|20260812192315|956.30
1786533815|20260812192335|956.33
1786533820|20260812192340|956.35
1786533860|20260812192420|956.49
1786533865|20260812192425|956.45
1786533880|20260812192440|956.42
1786533900|20260812192500|956.40
1786533905|20260812192505|956.38
1786533910|20260812192510|956.28
1786533915|20260812192515|956.40
1786533920|20260812192520|956.43
1786533925|20260812192525|956.46
1786533935|20260812192535|956.52
1786533940|20260812192540|956.52
1786533945|20260812192545|956.52
1786533950|20260812192550|956.56
1786533955|20260812192555|956.58
1786533965|20260812192605|956.33
1786533970|20260812192610|956.33
1786533975|20260812192615|956.33
1786533985|20260812192625|956.33
1786533995|20260812192635|956.32
1786534010|20260812192650|956.43
1786534015|20260812192655|956.55
1786534020|20260812192700|956.58
1786534025|20260812192705|956.56
1786534030|20260812192710|956.58
1786534035|20260812192715|956.56
1786534040|20260812192720|956.67
1786534045|20260812192725|956.60
1786534055|20260812192735|956.55
1786534060|20260812192740|956.56
1786534065|20260812192745|956.59
1786534070|20260812192750|956.72
1786534075|20260812192755|956.75
1786534080|20260812192800|956.80
1786534085|20260812192805|956.75
1786534090|20260812192810|956.75
1786534095|20260812192815|956.80
1786534100|20260812192820|956.84
1786534105|20260812192825|956.77
1786534115|20260812192835|956.90
1786534120|20260812192840|956.91
1786534130|20260812192850|956.75
1786534135|20260812192855|956.77
1786534140|20260812192900|956.79
1786534145|20260812192905|956.80
1786534150|20260812192910|956.81
1786534165|20260812192925|957.55
1786534205|20260812193005|957.28
1786534210|20260812193010|957.27
1786534215|20260812193015|957.44
1786534220|20260812193020|957.41
1786534225|20260812193025|957.23
1786534235|20260812193035|957.28
1786534250|20260812193050|957.17
1786534260|20260812193100|957.21
1786534265|20260812193105|957.26
1786534270|20260812193110|957.26
1786534275|20260812193115|957.32
1786534280|20260812193120|957.34
1786534285|20260812193125|957.30
1786534295|20260812193135|957.24
1786534300|20260812193140|957.24
1786534305|20260812193145|957.21
1786534310|20260812193150|957.21
1786534320|20260812193200|957.31
1786534325|20260812193205|957.30
1786534335|20260812193215|957.15
1786534345|20260812193225|957.17
1786534360|20260812193240|957.19
1786534370|20260812193250|957.23
1786534380|20260812193300|957.28
1786534395|20260812193315|957.29
1786534405|20260812193325|957.18
1786534415|20260812193335|957.15
1786534420|20260812193340|957.12
1786534425|20260812193345|957.16
1786534445|20260812193405|957.12
1786534455|20260812193415|957.13
1786534460|20260812193420|957.14
1786534465|20260812193425|957.17
1786534495|20260812193455|956.91
1786534500|20260812193500|956.89
1786534505|20260812193505|956.89
1786534510|20260812193510|956.92
1786534515|20260812193515|956.89
1786534520|20260812193520|956.94
1786534525|20260812193525|956.96
1786534535|20260812193535|956.96
1786534540|20260812193540|956.97
1786534545|20260812193545|956.92
1786534550|20260812193550|956.92
1786534555|20260812193555|956.87
1786534560|20260812193600|956.88
1786534565|20260812193605|956.93
1786534575|20260812193615|956.93
1786534615|20260812193655|956.59
1786534620|20260812193700|956.65
1786534625|20260812193705|956.61
1786534635|20260812193715|956.51
1786534645|20260812193725|956.48
1786534655|20260812193735|956.48
1786534660|20260812193740|956.46
1786534670|20260812193750|956.36
1786534680|20260812193800|956.38
1786534685|20260812193805|956.37
1786534690|20260812193810|956.33
1786534695|20260812193815|956.27
1786534700|20260812193820|956.28
1786534705|20260812193825|956.33
1786534715|20260812193835|956.36
1786534720|20260812193840|956.34
1786534730|20260812193850|956.37
1786534735|20260812193855|956.43
1786534740|20260812193900|956.55
1786534745|20260812193905|956.53
1786534750|20260812193910|956.46
1786534755|20260812193915|956.45
1786534760|20260812193920|956.47
1786534780|20260812193940|956.47
1786534805|20260812194005|956.55
1786534810|20260812194010|956.52
1786534815|20260812194015|956.57
1786534820|20260812194020|956.59
1786534825|20260812194025|956.64
1786534835|20260812194035|956.87
1786534840|20260812194040|956.86
1786534855|20260812194055|956.90
1786534860|20260812194100|956.85
1786534870|20260812194110|956.79
1786534875|20260812194115|956.80
1786534880|20260812194120|956.84
1786534910|20260812194150|956.89
1786534915|20260812194155|956.91
1786534920|20260812194200|956.93
1786534930|20260812194210|956.88
1786534935|20260812194215|956.89
1786534955|20260812194235|956.79
1786534965|20260812194245|956.76
1786534970|20260812194250|956.78
1786534980|20260812194300|956.71
1786534985|20260812194305|956.70
1786534990|20260812194310|956.66
1786535000|20260812194320|956.71
1786535015|20260812194335|956.73
1786535020|20260812194340|956.70
1786535025|20260812194345|956.76
1786535030|20260812194350|956.69
1786535040|20260812194400|956.80
1786535045|20260812194405|956.74
1786535055|20260812194415|956.91
1786535060|20260812194420|956.86
1786535115|20260812194515|956.96
1786535120|20260812194520|956.97
1786535125|20260812194525|957.00
1786535135|20260812194535|956.95
1786535150|20260812194550|956.79
1786535155|20260812194555|956.92
1786535180|20260812194620|956.99
1786535185|20260812194625|957.02
1786535200|20260812194640|956.98
1786535205|20260812194645|957.02
1786535210|20260812194650|956.95
1786535215|20260812194655|956.95
1786535230|20260812194710|957.02
1786535235|20260812194715|957.03
1786535240|20260812194720|957.02
1786535245|20260812194725|957.05
1786535255|20260812194735|957.03
1786535260|20260812194740|957.03
1786535265|20260812194745|957.02
1786535275|20260812194755|957.06
1786535285|20260812194805|957.01
1786535290|20260812194810|956.97
1786535300|20260812194820|956.82
1786535305|20260812194825|956.87
1786535315|20260812194835|956.81
1786535320|20260812194840|956.82
1786535330|20260812194850|956.82
1786535350|20260812194910|956.79
1786535355|20260812194915|956.79
1786535360|20260812194920|956.78
1786535400|20260812195000|956.89
1786535405|20260812195005|956.89
1786535410|20260812195010|956.93
1786535415|20260812195015|957.01
1786535420|20260812195020|956.92
1786535425|20260812195025|956.90
1786535440|20260812195040|956.86
1786535445|20260812195045|956.86
1786535465|20260812195105|956.87
1786535470|20260812195110|956.84
1786535475|20260812195115|956.84
1786535485|20260812195125|956.89
1786535495|20260812195135|956.95
1786535500|20260812195140|956.97
1786535505|20260812195145|957.05
1786535515|20260812195155|957.05
1786535525|20260812195205|956.98
1786535530|20260812195210|956.89
1786535535|20260812195215|956.92
1786535540|20260812195220|956.92
1786535545|20260812195225|956.92
1786535555|20260812195235|956.82
1786535560|20260812195240|956.84
1786535565|20260812195245|956.87
1786535570|20260812195250|956.89
1786535575|20260812195255|956.97
1786535585|20260812195305|956.95
1786535590|20260812195310|957.03
1786535600|20260812195320|957.09
1786535605|20260812195325|957.01
1786535615|20260812195335|957.05
1786535620|20260812195340|956.99
1786535625|20260812195345|957.00
1786535630|20260812195350|957.02
1786535640|20260812195400|957.04
1786535645|20260812195405|957.01
1786535650|20260812195410|956.93
1786535655|20260812195415|956.99
1786535660|20260812195420|957.02
1786535665|20260812195425|957.01
1786535705|20260812195505|957.11
1786535715|20260812195515|957.10
1786535720|20260812195520|957.04
1786535725|20260812195525|957.04
1786535735|20260812195535|957.12
1786535740|20260812195540|957.08
1786535745|20260812195545|957.10
1786535755|20260812195555|957.06
1786535765|20260812195605|957.12
1786535770|20260812195610|957.14
1786535775|20260812195615|957.15
1786535780|20260812195620|957.26
1786535785|20260812195625|957.25
1786535795|20260812195635|957.27
1786535800|20260812195640|957.14
1786535805|20260812195645|957.11
1786535810|20260812195650|957.03
1786535815|20260812195655|957.07
1786535825|20260812195705|957.06
1786535830|20260812195710|957.04
1786535835|20260812195715|956.84
1786535840|20260812195720|956.77
1786535845|20260812195725|956.84
1786535855|20260812195735|956.80
1786535860|20260812195740|956.81
1786535865|20260812195745|956.82
1786535870|20260812195750|956.82
1786535875|20260812195755|956.82
1786535885|20260812195805|956.81
1786535890|20260812195810|956.88
1786535895|20260812195815|956.84
1786535900|20260812195820|956.85
1786535905|20260812195825|956.83
1786535915|20260812195835|956.84
1786535920|20260812195840|956.84
1786535925|20260812195845|956.86
1786535930|20260812195850|956.87
1786535935|20260812195855|956.91
1786535945|20260812195905|956.96
1786535950|20260812195910|956.96
1786535955|20260812195915|956.99
1786535960|20260812195920|956.99
1786535965|20260812195925|956.92
1786536000|20260812200000|956.73
1786536005|20260812200005|956.68
1786536010|20260812200010|956.65
1786536065|20260812200105|956.74
1786536070|20260812200110|956.69
1786536080|20260812200120|956.62
1786536085|20260812200125|956.53
1786536095|20260812200135|956.62
1786536100|20260812200140|956.61
1786536105|20260812200145|956.54
1786536110|20260812200150|956.49
1786536125|20260812200205|956.45
1786536130|20260812200210|956.39
1786536135|20260812200215|956.56
1786536170|20260812200250|956.28
1786536185|20260812200305|956.34
1786536195|20260812200315|956.31
1786536205|20260812200325|956.20
1786536220|20260812200340|956.00
1786536235|20260812200355|955.93
1786536245|20260812200405|955.84
1786536250|20260812200410|955.87
1786536255|20260812200415|955.80
1786536260|20260812200420|955.80
1786536300|20260812200500|955.78
1786536305|20260812200505|955.77
1786536310|20260812200510|955.68
1786536315|20260812200515|955.65
1786536320|20260812200520|955.70
1786536325|20260812200525|955.74
1786536335|20260812200535|955.61
1786536340|20260812200540|955.61
1786536345|20260812200545|955.66
1786536350|20260812200550|955.57
1786536355|20260812200555|955.64
1786536360|20260812200600|955.58
1786536365|20260812200605|955.58
1786536370|20260812200610|955.58
1786536375|20260812200615|955.51
1786536380|20260812200620|955.50
1786536385|20260812200625|955.47
1786536395|20260812200635|955.60
1786536405|20260812200645|955.70
1786536410|20260812200650|955.72
1786536415|20260812200655|955.66
1786536420|20260812200700|955.69
1786536430|20260812200710|955.71
1786536465|20260812200745|955.80
1786536480|20260812200800|955.86
1786536485|20260812200805|955.88
1786536490|20260812200810|955.88
1786536495|20260812200815|955.88
1786536500|20260812200820|955.64
1786536515|20260812200835|955.78
1786536520|20260812200840|955.91
1786536525|20260812200845|955.89
1786536530|20260812200850|955.79
1786536535|20260812200855|955.77
1786536545|20260812200905|955.80
1786536550|20260812200910|955.84
1786536555|20260812200915|955.67
1786536560|20260812200920|955.68
1786536565|20260812200925|955.53
1786536605|20260812201005|955.56
1786536610|20260812201010|955.59
1786536615|20260812201015|955.59
1786536620|20260812201020|955.55
1786536625|20260812201025|955.79
1786536635|20260812201035|955.82
1786536640|20260812201040|955.84
1786536645|20260812201045|955.69
1786536650|20260812201050|955.60
1786536655|20260812201055|955.58
1786536660|20260812201100|955.56
1786536665|20260812201105|955.52
1786536670|20260812201110|955.44
1786536680|20260812201120|955.48
1786536695|20260812201135|955.46
1786536700|20260812201140|955.41
1786536710|20260812201150|955.51
1786536715|20260812201155|955.46
1786536720|20260812201200|955.91
1786536725|20260812201205|955.88
1786536730|20260812201210|955.95
1786536735|20260812201215|955.81
1786536740|20260812201220|955.84
1786536745|20260812201225|955.80
1786536760|20260812201240|955.75
1786536765|20260812201245|955.73
1786536770|20260812201250|955.75
1786536780|20260812201300|955.73
1786536800|20260812201320|955.58
1786536805|20260812201325|955.56
1786536815|20260812201335|955.71
1786536825|20260812201345|955.76
1786536830|20260812201350|955.75
1786536835|20260812201355|955.73
1786536840|20260812201400|955.73
1786536850|20260812201410|955.73
1786536860|20260812201420|955.83
1786536865|20260812201425|955.78
1786536900|20260812201500|955.66
1786536905|20260812201505|955.71
1786536910|20260812201510|955.68
1786536915|20260812201515|955.73
1786536920|20260812201520|955.60
1786536925|20260812201525|955.58
1786536940|20260812201540|955.67
1786536945|20260812201545|955.64
1786536955|20260812201555|955.71
1786536960|20260812201600|955.68
1786536965|20260812201605|955.63
1786536975|20260812201615|955.65
1786536980|20260812201620|955.74
1786536995|20260812201635|955.72
1786537000|20260812201640|955.65
1786537020|20260812201700|955.43
1786537025|20260812201705|955.47
1786537030|20260812201710|955.50
1786537040|20260812201720|955.49
1786537045|20260812201725|955.46
1786537055|20260812201735|955.51
1786537065|20260812201745|955.56
1786537070|20260812201750|955.67
1786537080|20260812201800|955.68
1786537090|20260812201810|955.63
1786537095|20260812201815|955.66
1786537105|20260812201825|955.56
1786537115|20260812201835|955.61
1786537120|20260812201840|955.62
1786537140|20260812201900|955.72
1786537150|20260812201910|955.76
1786537155|20260812201915|955.61
1786537160|20260812201920|955.61
1786537165|20260812201925|955.60
1786537205|20260812202005|956.08
1786537210|20260812202010|955.81
1786537215|20260812202015|955.95
1786537220|20260812202020|955.71
1786537225|20260812202025|955.78
1786537250|20260812202050|955.75
1786537260|20260812202100|955.71
1786537270|20260812202110|955.75
1786537280|20260812202120|955.92
1786537285|20260812202125|955.95
1786537295|20260812202135|955.95
1786537305|20260812202145|955.99
1786537310|20260812202150|956.09
1786537320|20260812202200|955.62
1786537330|20260812202210|955.65
1786537335|20260812202215|955.57
1786537340|20260812202220|955.56
1786537345|20260812202225|955.75
1786537355|20260812202235|955.50
1786537365|20260812202245|955.16
1786537375|20260812202255|955.64
1786537380|20260812202300|955.45
1786537385|20260812202305|955.56
1786537395|20260812202315|955.73
1786537400|20260812202320|955.73
1786537420|20260812202340|955.70
1786537425|20260812202345|955.61
1786537430|20260812202350|955.64
1786537435|20260812202355|955.76
1786537440|20260812202400|955.86
1786537445|20260812202405|955.82
1786537450|20260812202410|955.68
1786537460|20260812202420|955.53
1786537465|20260812202425|955.50
1786537505|20260812202505|955.39
1786537510|20260812202510|955.29
1786537520|20260812202520|955.25
1786537525|20260812202525|955.27
1786537535|20260812202535|955.18
1786537540|20260812202540|955.13
1786537545|20260812202545|955.13
1786537565|20260812202605|955.33
1786537570|20260812202610|955.37
1786537575|20260812202615|955.53
1786537580|20260812202620|955.55
1786537585|20260812202625|955.55
1786537595|20260812202635|955.67
1786537600|20260812202640|955.82
1786537605|20260812202645|955.91
1786537635|20260812202715|955.90
1786537640|20260812202720|956.20
1786537655|20260812202735|956.39
1786537660|20260812202740|956.54
1786537670|20260812202750|956.53
1786537675|20260812202755|956.79
1786537690|20260812202810|956.56
1786537695|20260812202815|956.50
1786537700|20260812202820|956.99
1786537705|20260812202825|956.95
1786537715|20260812202835|956.65
1786537720|20260812202840|957.16
1786537725|20260812202845|957.20
1786537730|20260812202850|957.18
1786537735|20260812202855|957.22
1786537745|20260812202905|957.67
1786537755|20260812202915|957.28
1786537760|20260812202920|957.24
1786537765|20260812202925|957.58
1786537800|20260812203000|959.12
1786537805|20260812203005|959.11
1786537810|20260812203010|959.10
1786537820|20260812203020|955.03
1786537825|20260812203025|952.52
1786537835|20260812203035|953.53
1786537840|20260812203040|953.01
1786537845|20260812203045|952.99
1786537850|20260812203050|953.57
1786537855|20260812203055|952.97
1786537870|20260812203110|952.19
1786537875|20260812203115|951.76
1786537880|20260812203120|951.88
1786537885|20260812203125|951.85
1786537895|20260812203135|953.04
1786537900|20260812203140|953.77
1786537905|20260812203145|954.81
1786537910|20260812203150|954.70
1786537915|20260812203155|956.05
1786537920|20260812203200|955.86
1786537925|20260812203205|956.19
1786537935|20260812203215|956.82
1786537940|20260812203220|956.64
1786537945|20260812203225|956.82
1786537955|20260812203235|956.86
1786537960|20260812203240|956.53
1786537965|20260812203245|956.55
1786537970|20260812203250|956.75
1786537975|20260812203255|957.40
1786537985|20260812203305|957.63
1786537990|20260812203310|957.94
1786537995|20260812203315|958.06
1786538000|20260812203320|958.22
1786538005|20260812203325|957.87
1786538015|20260812203335|958.01
1786538020|20260812203340|958.07
1786538025|20260812203345|958.20
1786538030|20260812203350|957.90
1786538035|20260812203355|958.64
1786538040|20260812203400|958.74
1786538045|20260812203405|958.81
1786538050|20260812203410|959.31
1786538055|20260812203415|959.22
1786538060|20260812203420|959.29
1786538105|20260812203505|959.40
1786538110|20260812203510|958.51
1786538115|20260812203515|958.58
1786538120|20260812203520|958.63
1786538125|20260812203525|958.33
1786538135|20260812203535|957.81
1786538140|20260812203540|957.77
1786538150|20260812203550|957.66
1786538155|20260812203555|957.41
1786538160|20260812203600|957.40
1786538165|20260812203605|957.75
1786538170|20260812203610|958.31
1786538175|20260812203615|958.60
1786538180|20260812203620|958.60
1786538185|20260812203625|958.72
1786538195|20260812203635|958.59
1786538200|20260812203640|958.29
1786538205|20260812203645|958.28
1786538210|20260812203650|957.60
1786538215|20260812203655|957.57
1786538225|20260812203705|958.83
1786538230|20260812203710|958.41
1786538235|20260812203715|958.45
1786538240|20260812203720|958.45
1786538245|20260812203725|958.73
1786538255|20260812203735|958.56
1786538260|20260812203740|958.92
1786538265|20260812203745|959.09
1786538270|20260812203750|959.19
1786538275|20260812203755|958.65
1786538285|20260812203805|959.51
1786538290|20260812203810|959.17
1786538295|20260812203815|958.73
1786538300|20260812203820|958.65
1786538305|20260812203825|958.97
1786538315|20260812203835|958.68
1786538320|20260812203840|958.75
1786538325|20260812203845|958.68
1786538330|20260812203850|958.74
1786538335|20260812203855|958.83
1786538345|20260812203905|959.04
1786538350|20260812203910|959.09
1786538355|20260812203915|959.18
1786538360|20260812203920|959.15
1786538365|20260812203925|958.84
1786538395|20260812203955|960.18
1786538400|20260812204000|960.31
1786538405|20260812204005|960.17
1786538410|20260812204010|960.02
1786538415|20260812204015|959.78
1786538420|20260812204020|959.80
1786538425|20260812204025|959.97
1786538435|20260812204035|959.50
1786538440|20260812204040|959.50
1786538450|20260812204050|959.40
1786538455|20260812204055|959.54
1786538465|20260812204105|960.22
1786538470|20260812204110|960.05
1786538475|20260812204115|960.05
1786538480|20260812204120|959.81
1786538485|20260812204125|959.85
1786538495|20260812204135|959.73
1786538500|20260812204140|959.31
1786538505|20260812204145|959.29
1786538510|20260812204150|959.26
1786538515|20260812204155|959.26
1786538520|20260812204200|959.89
1786538525|20260812204205|960.08
1786538530|20260812204210|959.94
1786538535|20260812204215|960.13
1786538540|20260812204220|959.97
1786538545|20260812204225|960.04
1786538560|20260812204240|959.78
1786538570|20260812204250|960.61
1786538585|20260812204305|961.23
1786538590|20260812204310|961.89
1786538595|20260812204315|961.09
1786538600|20260812204320|961.60
1786538615|20260812204335|961.63
1786538620|20260812204340|961.83
1786538630|20260812204350|962.05
1786538635|20260812204355|961.93
1786538645|20260812204405|961.46
1786538650|20260812204410|961.23
1786538655|20260812204415|961.03
1786538660|20260812204420|961.07
1786538665|20260812204425|961.10
1786538705|20260812204505|959.42
1786538710|20260812204510|959.28
1786538715|20260812204515|959.17
1786538720|20260812204520|959.22
1786538725|20260812204525|959.04
1786538735|20260812204535|959.08
1786538740|20260812204540|959.10
1786538745|20260812204545|959.13
1786538750|20260812204550|958.97
1786538765|20260812204605|958.53
1786538770|20260812204610|958.31
1786538775|20260812204615|958.40
1786538780|20260812204620|958.28
1786538785|20260812204625|958.49
1786538800|20260812204640|958.48
1786538805|20260812204645|958.22
1786538815|20260812204655|958.41
1786538825|20260812204705|958.31
1786538835|20260812204715|958.09
1786538840|20260812204720|958.08
1786538855|20260812204735|957.81
1786538860|20260812204740|957.87
1786538865|20260812204745|958.20
1786538870|20260812204750|958.17
1786538875|20260812204755|958.12
1786538880|20260812204800|958.15
1786538885|20260812204805|958.36
1786538895|20260812204815|958.41
1786538905|20260812204825|958.49
1786538915|20260812204835|958.59
1786538920|20260812204840|958.98
1786538930|20260812204850|958.89
1786538935|20260812204855|958.93
1786538940|20260812204900|958.95
1786538945|20260812204905|958.82
1786538950|20260812204910|958.80
1786538955|20260812204915|958.63
1786538960|20260812204920|958.78
1786538990|20260812204950|958.57
1786539005|20260812205005|958.69
1786539015|20260812205015|958.50
1786539020|20260812205020|958.52
1786539035|20260812205035|958.89
1786539040|20260812205040|959.13
1786539045|20260812205045|959.35
1786539050|20260812205050|959.59
1786539060|20260812205100|959.42
1786539065|20260812205105|959.21
1786539070|20260812205110|959.23
1786539075|20260812205115|959.21
1786539080|20260812205120|959.13
1786539085|20260812205125|959.14
1786539095|20260812205135|959.30
1786539100|20260812205140|959.34
1786539105|20260812205145|959.35
1786539110|20260812205150|959.36
1786539115|20260812205155|959.48
1786539120|20260812205200|959.40
1786539125|20260812205205|959.45
1786539130|20260812205210|959.42
1786539135|20260812205215|959.33
1786539140|20260812205220|959.24
1786539145|20260812205225|958.70
1786539160|20260812205240|959.18
1786539165|20260812205245|959.23
1786539170|20260812205250|959.29
1786539185|20260812205305|959.01
1786539190|20260812205310|958.94
1786539195|20260812205315|958.96
1786539205|20260812205325|958.98
1786539215|20260812205335|959.17
1786539220|20260812205340|959.60
1786539230|20260812205350|959.81
1786539245|20260812205405|959.71
1786539250|20260812205410|959.74
1786539255|20260812205415|959.77
1786539260|20260812205420|959.86
1786539265|20260812205425|959.87
1786539275|20260812205435|959.76
1786539300|20260812205500|959.86
1786539305|20260812205505|959.79
1786539310|20260812205510|959.72
1786539315|20260812205515|959.82
1786539320|20260812205520|959.81
1786539325|20260812205525|959.84
1786539335|20260812205535|959.78
1786539340|20260812205540|959.78
1786539345|20260812205545|959.74
1786539350|20260812205550|959.75
1786539355|20260812205555|959.85
1786539360|20260812205600|960.19
1786539365|20260812205605|960.05
1786539370|20260812205610|960.04
1786539375|20260812205615|960.03
1786539380|20260812205620|959.56
1786539395|20260812205635|959.77
1786539400|20260812205640|959.99
1786539410|20260812205650|960.00
1786539415|20260812205655|959.84
1786539420|20260812205700|959.81
1786539425|20260812205705|960.33
1786539430|20260812205710|960.27
1786539435|20260812205715|960.25
1786539460|20260812205740|960.88
1786539465|20260812205745|961.04
1786539470|20260812205750|961.09
1786539475|20260812205755|960.38
1786539485|20260812205805|960.27
1786539490|20260812205810|961.10
1786539495|20260812205815|961.11
1786539500|20260812205820|961.28
1786539515|20260812205835|961.63
1786539520|20260812205840|961.69
1786539525|20260812205845|961.52
1786539530|20260812205850|961.55
1786539535|20260812205855|961.42
1786539540|20260812205900|961.35
1786539545|20260812205905|961.15
1786539550|20260812205910|961.30
1786539555|20260812205915|961.26
1786539600|20260812210000|961.52
1786539605|20260812210005|961.91
1786539610|20260812210010|961.81
1786539615|20260812210015|962.42
1786539620|20260812210020|962.42
1786539645|20260812210045|961.52
1786539650|20260812210050|960.59
1786539665|20260812210105|960.86
1786539670|20260812210110|960.58
1786539675|20260812210115|960.10
1786539695|20260812210135|960.49
1786539700|20260812210140|960.18
1786539705|20260812210145|960.24
1786539710|20260812210150|960.30
1786539715|20260812210155|959.65
1786539720|20260812210200|960.01
1786539735|20260812210215|960.46
1786539755|20260812210235|961.02
1786539765|20260812210245|960.88
1786539770|20260812210250|961.08
1786539815|20260812210335|961.02
1786539820|20260812210340|960.98
1786539825|20260812210345|960.57
1786539830|20260812210350|960.69
1786539835|20260812210355|960.65
1786539840|20260812210400|960.57
1786539845|20260812210405|960.40
1786539850|20260812210410|960.33
1786539855|20260812210415|960.39
1786539860|20260812210420|960.38
1786539865|20260812210425|960.53
1786539900|20260812210500|960.76
1786539905|20260812210505|960.81
1786539910|20260812210510|961.03
1786539915|20260812210515|961.00
1786539920|20260812210520|960.94
1786539925|20260812210525|961.02
1786539935|20260812210535|960.80
1786539940|20260812210540|960.58
1786539945|20260812210545|960.39
1786539950|20260812210550|960.38
1786539955|20260812210555|960.31
1786539960|20260812210600|960.47
1786539975|20260812210615|960.71
1786539980|20260812210620|960.33
1786540005|20260812210645|960.83
1786540010|20260812210650|960.75
1786540015|20260812210655|960.56
1786540020|20260812210700|960.65
1786540025|20260812210705|961.01
1786540030|20260812210710|960.89
1786540035|20260812210715|960.88
1786540060|20260812210740|960.05
1786540065|20260812210745|960.05
1786540080|20260812210800|960.09
1786540085|20260812210805|960.22
1786540095|20260812210815|960.19
1786540120|20260812210840|960.63
1786540125|20260812210845|960.57
1786540130|20260812210850|960.58
1786540145|20260812210905|960.41
1786540150|20260812210910|960.42
1786540155|20260812210915|960.43
1786540165|20260812210925|960.18
1786540205|20260812211005|960.34
1786540215|20260812211015|960.05
1786540220|20260812211020|959.81
1786540235|20260812211035|960.25
1786540245|20260812211045|960.18
1786540250|20260812211050|960.10
1786540265|20260812211105|960.06
1786540270|20260812211110|960.05
1786540275|20260812211115|959.91
1786540280|20260812211120|960.08
1786540285|20260812211125|960.07
1786540310|20260812211150|960.32
1786540315|20260812211155|959.75
1786540320|20260812211200|959.80
1786540335|20260812211215|960.00
1786540340|20260812211220|959.85
1786540345|20260812211225|959.90
1786540355|20260812211235|959.89
1786540360|20260812211240|959.57
1786540370|20260812211250|959.50
1786540375|20260812211255|959.50
1786540385|20260812211305|959.29
1786540390|20260812211310|959.27
1786540400|20260812211320|959.12
1786540405|20260812211325|958.96
1786540415|20260812211335|958.79
1786540420|20260812211340|958.83
1786540425|20260812211345|958.95
1786540430|20260812211350|958.93
1786540435|20260812211355|959.03
1786540440|20260812211400|959.13
1786540460|20260812211420|959.09
1786540465|20260812211425|958.91
1786540500|20260812211500|958.50
1786540505|20260812211505|958.48
1786540515|20260812211515|958.37
1786540520|20260812211520|958.64
1786540525|20260812211525|958.58
1786540535|20260812211535|958.62
1786540540|20260812211540|958.52
1786540545|20260812211545|958.72
1786540550|20260812211550|958.87
1786540555|20260812211555|959.02
1786540560|20260812211600|959.02
1786540565|20260812211605|959.08
1786540575|20260812211615|959.01
1786540580|20260812211620|959.03
1786540585|20260812211625|959.06
1786540595|20260812211635|959.08
1786540600|20260812211640|959.08
1786540605|20260812211645|959.10
1786540610|20260812211650|959.02
1786540615|20260812211655|959.06
1786540620|20260812211700|959.11
1786540625|20260812211705|959.04
1786540630|20260812211710|959.17
1786540635|20260812211715|959.05
1786540655|20260812211735|959.48
1786540660|20260812211740|959.49
1786540665|20260812211745|959.61
1786540670|20260812211750|959.56
1786540695|20260812211815|959.66
1786540705|20260812211825|959.58
1786540725|20260812211845|959.53
1786540805|20260812212005|959.05
1786540820|20260812212020|958.77
1786540825|20260812212025|958.79
1786540840|20260812212040|959.08
1786540845|20260812212045|959.41
1786540850|20260812212050|959.70
1786540855|20260812212055|959.56
1786540865|20260812212105|959.21
1786540870|20260812212110|959.25
1786540880|20260812212120|959.08
1786540885|20260812212125|959.05
1786540895|20260812212135|958.64
1786540900|20260812212140|958.58
1786540905|20260812212145|958.62
1786540915|20260812212155|958.60
1786540920|20260812212200|958.38
1786540925|20260812212205|958.24
1786540930|20260812212210|958.34
1786540945|20260812212225|958.50
1786540955|20260812212235|958.30
1786540960|20260812212240|958.30
1786540965|20260812212245|958.21
1786540975|20260812212255|958.16
1786540985|20260812212305|958.10
1786540990|20260812212310|958.07
1786540995|20260812212315|957.95
1786541000|20260812212320|958.10
1786541005|20260812212325|958.10
1786541015|20260812212335|957.73
1786541020|20260812212340|957.68
1786541025|20260812212345|957.84
1786541030|20260812212350|957.78
1786541035|20260812212355|957.85
1786541045|20260812212405|957.94
1786541050|20260812212410|958.10
1786541055|20260812212415|958.06
1786541060|20260812212420|957.95
1786541065|20260812212425|958.03
1786541100|20260812212500|957.72
1786541105|20260812212505|957.64
1786541110|20260812212510|957.46
1786541115|20260812212515|957.33
1786541120|20260812212520|957.52
1786541125|20260812212525|957.44
1786541135|20260812212535|957.30
1786541140|20260812212540|957.28
1786541145|20260812212545|957.05
1786541150|20260812212550|957.04
1786541155|20260812212555|957.20
1786541165|20260812212605|956.97
1786541170|20260812212610|957.07
1786541175|20260812212615|957.13
1786541180|20260812212620|957.12
1786541185|20260812212625|957.35
1786541195|20260812212635|957.49
1786541200|20260812212640|957.52
1786541205|20260812212645|957.66
1786541210|20260812212650|957.73
1786541220|20260812212700|957.76
1786541240|20260812212720|957.93
1786541245|20260812212725|957.62
1786541255|20260812212735|957.75
1786541260|20260812212740|957.75
1786541270|20260812212750|957.75
1786541275|20260812212755|957.65
1786541280|20260812212800|957.65
1786541285|20260812212805|957.66
1786541295|20260812212815|957.51
1786541300|20260812212820|957.31
1786541305|20260812212825|957.41
1786541320|20260812212840|957.52
1786541325|20260812212845|957.69
1786541335|20260812212855|957.53
1786541340|20260812212900|957.50
1786541345|20260812212905|957.75
1786541350|20260812212910|957.80
1786541355|20260812212915|957.71
1786541360|20260812212920|957.62
1786541365|20260812212925|957.48
1786541405|20260812213005|957.97
1786541410|20260812213010|957.85
1786541415|20260812213015|957.68
1786541420|20260812213020|957.56
1786541425|20260812213025|957.55
1786541435|20260812213035|958.11
1786541440|20260812213040|958.26
1786541450|20260812213050|958.22
1786541460|20260812213100|957.82
1786541465|20260812213105|958.18
1786541470|20260812213110|957.89
1786541475|20260812213115|957.56
1786541500|20260812213140|957.10
1786541505|20260812213145|957.08
1786541510|20260812213150|957.09
1786541515|20260812213155|957.13
1786541525|20260812213205|956.95
1786541530|20260812213210|957.33
1786541535|20260812213215|956.90
1786541570|20260812213250|957.53
1786541580|20260812213300|957.36
1786541590|20260812213310|957.25
1786541595|20260812213315|957.36
1786541630|20260812213350|957.67
1786541635|20260812213355|957.45
1786541645|20260812213405|957.41
1786541650|20260812213410|957.16
1786541655|20260812213415|957.26
1786541660|20260812213420|956.95
1786541665|20260812213425|956.65
1786541700|20260812213500|956.76
1786541705|20260812213505|956.76
1786541710|20260812213510|956.64
1786541715|20260812213515|957.32
1786541720|20260812213520|957.21
1786541735|20260812213535|956.96
1786541740|20260812213540|956.92
1786541745|20260812213545|957.05
1786541750|20260812213550|957.05
1786541755|20260812213555|957.08
1786541760|20260812213600|957.14
1786541765|20260812213605|956.81
1786541795|20260812213635|957.85
1786541800|20260812213640|957.93
1786541805|20260812213645|957.91
1786541815|20260812213655|957.49
1786541835|20260812213715|957.47
1786541855|20260812213735|957.23
1786541860|20260812213740|957.07
1786541870|20260812213750|957.10
1786541875|20260812213755|957.32
1786541880|20260812213800|956.96
1786541885|20260812213805|956.94
1786541895|20260812213815|957.25
1786541900|20260812213820|957.54
1786541905|20260812213825|957.74
1786541915|20260812213835|957.15
1786541920|20260812213840|957.35
1786541925|20260812213845|957.07
1786541935|20260812213855|957.24
1786541945|20260812213905|957.17
1786541950|20260812213910|957.00
1786541955|20260812213915|957.28
1786541965|20260812213925|956.97
1786542005|20260812214005|956.35
1786542010|20260812214010|955.77
1786542015|20260812214015|955.68
1786542020|20260812214020|955.67
1786542025|20260812214025|955.81
1786542035|20260812214035|956.05
1786542040|20260812214040|956.11
1786542045|20260812214045|956.37
1786542050|20260812214050|956.32
1786542055|20260812214055|956.25
1786542060|20260812214100|956.21
1786542085|20260812214125|956.42
1786542110|20260812214150|956.44
1786542120|20260812214200|956.32
1786542125|20260812214205|956.38
1786542130|20260812214210|956.30
1786542135|20260812214215|956.34
1786542140|20260812214220|956.01
1786542145|20260812214225|956.11
1786542155|20260812214235|956.57
1786542160|20260812214240|956.86
1786542170|20260812214250|956.44
1786542175|20260812214255|957.01
1786542180|20260812214300|957.06
1786542195|20260812214315|956.94
1786542200|20260812214320|956.95
1786542205|20260812214325|957.36
1786542215|20260812214335|957.70
1786542220|20260812214340|957.87
1786542225|20260812214345|957.79
1786542230|20260812214350|957.73
1786542235|20260812214355|957.77
1786542250|20260812214410|957.91
1786542255|20260812214415|957.65
1786542300|20260812214500|957.18
1786542305|20260812214505|957.47
1786542310|20260812214510|957.45
1786542315|20260812214515|957.40
1786542320|20260812214520|957.23
1786542325|20260812214525|957.54
1786542335|20260812214535|957.53
1786542340|20260812214540|957.57
1786542345|20260812214545|957.65
1786542350|20260812214550|957.63
1786542355|20260812214555|957.85
1786542375|20260812214615|958.18
1786542380|20260812214620|958.34
1786542385|20260812214625|958.25
1786542395|20260812214635|958.16
1786542400|20260812214640|958.12
1786542410|20260812214650|957.96
1786542415|20260812214655|958.13
1786542420|20260812214700|957.91
1786542425|20260812214705|958.40
1786542430|20260812214710|958.69
1786542435|20260812214715|958.80
1786542440|20260812214720|958.91
1786542445|20260812214725|958.81
1786542460|20260812214740|959.20
1786542475|20260812214755|959.35
1786542485|20260812214805|959.01
1786542490|20260812214810|959.15
1786542495|20260812214815|959.11
1786542500|20260812214820|959.28
1786542505|20260812214825|959.24
1786542515|20260812214835|959.34
1786542520|20260812214840|959.34
1786542525|20260812214845|959.57
1786542535|20260812214855|959.60
1786542540|20260812214900|959.64
1786542545|20260812214905|959.62
1786542550|20260812214910|959.59
1786542560|20260812214920|959.60
1786542565|20260812214925|959.51
1786542605|20260812215005|959.79
1786542615|20260812215015|959.88
1786542625|20260812215025|960.11
1786542635|20260812215035|959.78
1786542640|20260812215040|959.61
1786542645|20260812215045|959.59
1786542655|20260812215055|959.65
1786542670|20260812215110|959.81
1786542680|20260812215120|960.03
1786542700|20260812215140|960.27
1786542705|20260812215145|960.34
1786542720|20260812215200|960.29
1786542725|20260812215205|960.35
1786542735|20260812215215|960.48
1786542740|20260812215220|960.17
1786542745|20260812215225|960.24
1786542755|20260812215235|960.22
1786542770|20260812215250|959.96
1786542775|20260812215255|959.95
1786542785|20260812215305|959.84
1786542790|20260812215310|959.68
1786542795|20260812215315|959.87
1786542800|20260812215320|959.72
1786542805|20260812215325|959.83
1786542815|20260812215335|960.15
1786542820|20260812215340|960.32
1786542825|20260812215345|960.52
1786542830|20260812215350|960.62
1786542835|20260812215355|960.86
1786542840|20260812215400|960.87
1786542845|20260812215405|961.00
1786542850|20260812215410|961.11
1786542855|20260812215415|961.13
1786542860|20260812215420|961.13
1786542865|20260812215425|960.94
1786542875|20260812215435|960.73
1786542905|20260812215505|960.83
1786542915|20260812215515|960.73
1786542920|20260812215520|960.73
1786542925|20260812215525|960.67
1786542935|20260812215535|960.52
1786542940|20260812215540|960.67
1786542950|20260812215550|960.60
1786542955|20260812215555|960.44
1786542965|20260812215605|960.44
1786542970|20260812215610|960.46
1786542975|20260812215615|960.76
1786542980|20260812215620|960.79
1786542985|20260812215625|960.38
1786543005|20260812215645|960.21
1786543010|20260812215650|960.07
1786543015|20260812215655|960.07
1786543025|20260812215705|960.19
1786543035|20260812215715|960.31
1786543040|20260812215720|960.34
1786543045|20260812215725|960.11
1786543055|20260812215735|960.22
1786543060|20260812215740|960.38
1786543065|20260812215745|960.43
1786543075|20260812215755|960.45
1786543085|20260812215805|960.45
1786543095|20260812215815|960.47
1786543100|20260812215820|960.39
1786543105|20260812215825|960.36
1786543115|20260812215835|960.39
1786543120|20260812215840|960.44
1786543130|20260812215850|960.47
1786543135|20260812215855|960.55
1786543145|20260812215905|960.75
1786543150|20260812215910|960.48
1786543165|20260812215925|960.43
1786543200|20260812220000|959.86
1786543205|20260812220005|959.85
1786543215|20260812220015|959.83
1786543225|20260812220025|959.51
1786543235|20260812220035|959.08
1786543240|20260812220040|959.46
1786543250|20260812220050|959.48
1786543255|20260812220055|959.53
1786543265|20260812220105|959.57
1786543275|20260812220115|959.57
1786543280|20260812220120|959.41
1786543285|20260812220125|959.40
1786543295|20260812220135|959.73
1786543300|20260812220140|959.67
1786543305|20260812220145|959.19
1786543310|20260812220150|959.44
1786543325|20260812220205|959.35
1786543330|20260812220210|959.23
1786543340|20260812220220|959.26
1786543345|20260812220225|958.95
1786543355|20260812220235|958.92
1786543360|20260812220240|958.93
1786543365|20260812220245|958.55
1786543370|20260812220250|958.60
1786543390|20260812220310|958.68
1786543395|20260812220315|958.73
1786543400|20260812220320|958.82
1786543420|20260812220340|958.94
1786543430|20260812220350|959.08
1786543435|20260812220355|959.15
1786543445|20260812220405|959.27
1786543450|20260812220410|959.21
1786543455|20260812220415|959.09
1786543460|20260812220420|959.09
1786543465|20260812220425|958.87
1786543475|20260812220435|958.98
1786543490|20260812220450|959.49
1786543500|20260812220500|959.59
1786543505|20260812220505|959.59
1786543510|20260812220510|959.69
1786543515|20260812220515|959.71
1786543520|20260812220520|959.59
1786543525|20260812220525|959.59
1786543535|20260812220535|959.76
1786543540|20260812220540|959.72
1786543550|20260812220550|959.56
1786543555|20260812220555|959.89
1786543560|20260812220600|959.80
1786543565|20260812220605|959.84
1786543570|20260812220610|959.63
1786543575|20260812220615|959.63
1786543580|20260812220620|959.69
1786543585|20260812220625|959.78
1786543600|20260812220640|959.80
1786543605|20260812220645|959.88
1786543610|20260812220650|959.95
1786543615|20260812220655|959.91
1786543625|20260812220705|960.04
1786543630|20260812220710|960.03
1786543635|20260812220715|960.25
1786543640|20260812220720|960.22
1786543645|20260812220725|960.24
1786543660|20260812220740|959.77
1786543665|20260812220745|959.85
1786543670|20260812220750|959.88
1786543675|20260812220755|959.94
1786543685|20260812220805|959.90
1786543690|20260812220810|959.96
1786543700|20260812220820|959.90
1786543705|20260812220825|959.97
1786543720|20260812220840|960.00
1786543730|20260812220850|959.97
1786543735|20260812220855|959.97
1786543745|20260812220905|959.94
1786543750|20260812220910|959.84
1786543755|20260812220915|959.89
1786543765|20260812220925|959.89
1786543795|20260812220955|959.89
1786543800|20260812221000|960.04
1786543805|20260812221005|960.31
1786543810|20260812221010|960.33
1786543815|20260812221015|960.47
1786543820|20260812221020|960.46
1786543825|20260812221025|960.45
1786543835|20260812221035|960.24
1786543840|20260812221040|960.38
1786543845|20260812221045|960.50
1786543850|20260812221050|960.50
1786543855|20260812221055|960.29
1786543860|20260812221100|960.44
1786543865|20260812221105|960.40
1786543870|20260812221110|960.70
1786543875|20260812221115|960.80
1786543880|20260812221120|960.82
1786543885|20260812221125|960.85
1786543895|20260812221135|961.06
1786543900|20260812221140|961.06
1786543905|20260812221145|960.97
1786543910|20260812221150|961.12
1786543915|20260812221155|961.12
1786543920|20260812221200|961.19
1786543930|20260812221210|961.29
1786543940|20260812221220|961.20
1786543945|20260812221225|961.15
1786543955|20260812221235|961.12
1786543960|20260812221240|961.12
1786543965|20260812221245|961.07
1786543970|20260812221250|961.02
1786543975|20260812221255|961.28
1786543980|20260812221300|961.31
1786543985|20260812221305|961.27
1786543990|20260812221310|961.28
1786543995|20260812221315|961.16
1786544000|20260812221320|961.17
1786544005|20260812221325|961.22
1786544020|20260812221340|961.14
1786544025|20260812221345|960.99
1786544030|20260812221350|961.00
1786544035|20260812221355|960.98
1786544045|20260812221405|961.07
1786544050|20260812221410|961.04
1786544055|20260812221415|960.84
1786544060|20260812221420|960.88
1786544065|20260812221425|960.80
1786544100|20260812221500|960.74
1786544105|20260812221505|960.69
1786544115|20260812221515|960.59
1786544120|20260812221520|960.66
1786544125|20260812221525|960.59
1786544135|20260812221535|960.57
1786544140|20260812221540|960.68
1786544145|20260812221545|961.05
1786544150|20260812221550|960.94
1786544155|20260812221555|961.05
1786544165|20260812221605|961.06
1786544175|20260812221615|961.12
1786544180|20260812221620|961.16
1786544185|20260812221625|961.17
1786544195|20260812221635|961.43
1786544200|20260812221640|961.38
1786544205|20260812221645|961.49
1786544210|20260812221650|961.62
1786544215|20260812221655|961.69
1786544220|20260812221700|961.59
1786544235|20260812221715|961.62
1786544240|20260812221720|961.29
1786544245|20260812221725|961.09
1786544255|20260812221735|961.06
1786544270|20260812221750|961.07
1786544280|20260812221800|961.32
1786544290|20260812221810|961.56
1786544295|20260812221815|961.50
1786544300|20260812221820|961.40
1786544305|20260812221825|961.33
1786544315|20260812221835|961.35
1786544320|20260812221840|961.36
1786544325|20260812221845|961.45
1786544330|20260812221850|961.64
1786544335|20260812221855|961.65
1786544340|20260812221900|961.85
1786544345|20260812221905|961.86
1786544350|20260812221910|961.84
1786544355|20260812221915|961.84
1786544360|20260812221920|961.71
1786544365|20260812221925|961.68
1786544405|20260812222005|961.65
1786544410|20260812222010|961.63
1786544415|20260812222015|961.61
1786544440|20260812222040|961.29
1786544445|20260812222045|961.28
1786544450|20260812222050|961.24
1786544455|20260812222055|961.29
1786544460|20260812222100|961.40
1786544470|20260812222110|962.11
1786544480|20260812222120|962.19
1786544485|20260812222125|962.12
1786544495|20260812222135|961.98
1786544500|20260812222140|961.87
1786544505|20260812222145|961.79
1786544515|20260812222155|961.80
1786544525|20260812222205|961.82
1786544530|20260812222210|961.86
1786544535|20260812222215|961.87
1786544540|20260812222220|961.91
1786544545|20260812222225|961.91
1786544555|20260812222235|961.91
1786544560|20260812222240|961.64
1786544565|20260812222245|961.62
1786544575|20260812222255|961.62
1786544585|20260812222305|961.63
1786544590|20260812222310|961.62
1786544595|20260812222315|961.50
1786544600|20260812222320|961.42
1786544605|20260812222325|961.48
1786544615|20260812222335|961.62
1786544620|20260812222340|961.53
1786544625|20260812222345|961.50
1786544635|20260812222355|961.47
1786544640|20260812222400|961.49
1786544650|20260812222410|961.62
1786544655|20260812222415|961.61
1786544660|20260812222420|961.61
1786544665|20260812222425|961.70
1786544675|20260812222435|961.80
1786544705|20260812222505|961.68
1786544715|20260812222515|961.67
1786544735|20260812222535|961.61
1786544740|20260812222540|961.59
1786544745|20260812222545|961.57
1786544750|20260812222550|961.45
1786544755|20260812222555|961.28
1786544765|20260812222605|961.07
1786544770|20260812222610|961.07
1786544775|20260812222615|960.67
1786544780|20260812222620|960.54
1786544785|20260812222625|960.84
1786544795|20260812222635|960.86
1786544800|20260812222640|960.85
1786544805|20260812222645|960.89
1786544810|20260812222650|961.00
1786544815|20260812222655|961.08
1786544825|20260812222705|961.18
1786544830|20260812222710|961.16
1786544835|20260812222715|961.26
1786544840|20260812222720|961.26
1786544845|20260812222725|961.09
1786544855|20260812222735|961.24
1786544860|20260812222740|961.22
1786544870|20260812222750|961.33
1786544875|20260812222755|961.34
1786544895|20260812222815|961.59
1786544900|20260812222820|961.54
1786544915|20260812222835|961.60
1786544920|20260812222840|961.56
1786544925|20260812222845|961.64
1786544930|20260812222850|961.60
1786544935|20260812222855|961.43
1786544945|20260812222905|961.21
1786544950|20260812222910|961.10
1786544955|20260812222915|961.21
1786544960|20260812222920|961.18
1786545000|20260812223000|960.49
1786545010|20260812223010|961.18
1786545015|20260812223015|961.56
1786545020|20260812223020|961.28
1786545025|20260812223025|961.51
1786545035|20260812223035|961.25
1786545040|20260812223040|961.18
1786545045|20260812223045|960.81
1786545050|20260812223050|960.71
1786545055|20260812223055|960.88
1786545060|20260812223100|960.97
1786545065|20260812223105|960.60
1786545075|20260812223115|960.48
1786545080|20260812223120|958.87
1786545085|20260812223125|959.17
1786545095|20260812223135|959.11
1786545100|20260812223140|959.35
1786545105|20260812223145|959.50
1786545115|20260812223155|959.73
1786545125|20260812223205|959.51
1786545130|20260812223210|959.66
1786545135|20260812223215|959.57
1786545140|20260812223220|959.66
1786545145|20260812223225|959.55
1786545155|20260812223235|959.61
1786545160|20260812223240|959.56
1786545165|20260812223245|959.44
1786545170|20260812223250|959.66
1786545185|20260812223305|959.80
1786545190|20260812223310|959.91
1786545195|20260812223315|959.96
1786545205|20260812223325|959.87
1786545215|20260812223335|959.96
1786545220|20260812223340|959.92
1786545225|20260812223345|960.00
1786545230|20260812223350|960.01
1786545235|20260812223355|959.80
1786545240|20260812223400|959.80
1786545245|20260812223405|959.75
1786545255|20260812223415|959.28
1786545260|20260812223420|959.52
1786545265|20260812223425|958.95
1786545300|20260812223500|958.48
1786545305|20260812223505|958.26
1786545310|20260812223510|958.14
1786545315|20260812223515|957.46
1786545320|20260812223520|957.60
1786545325|20260812223525|957.67
1786545335|20260812223535|957.49
1786545340|20260812223540|957.75
1786545345|20260812223545|957.83
1786545350|20260812223550|957.80
1786545355|20260812223555|957.76
1786545360|20260812223600|957.84
1786545370|20260812223610|958.06
1786545375|20260812223615|958.06
1786545380|20260812223620|958.06
1786545385|20260812223625|958.04
1786545395|20260812223635|958.17
1786545400|20260812223640|958.13
1786545405|20260812223645|958.13
1786545410|20260812223650|958.46
1786545415|20260812223655|958.66
1786545420|20260812223700|958.78
1786545430|20260812223710|958.23
1786545435|20260812223715|958.20
1786545440|20260812223720|958.22
1786545455|20260812223735|958.43
1786545465|20260812223745|958.36
1786545470|20260812223750|958.50
1786545480|20260812223800|958.50
1786545485|20260812223805|958.35
1786545490|20260812223810|958.13
1786545495|20260812223815|958.15
1786545500|20260812223820|958.11
1786545505|20260812223825|958.05
1786545515|20260812223835|957.87
1786545520|20260812223840|957.88
1786545525|20260812223845|957.91
1786545530|20260812223850|957.89
1786545535|20260812223855|957.99
1786545545|20260812223905|957.91
1786545555|20260812223915|957.59
1786545560|20260812223920|957.78
1786545565|20260812223925|957.81
1786545605|20260812224005|957.79
1786545610|20260812224010|957.74
1786545615|20260812224015|957.81
1786545620|20260812224020|957.87
1786545625|20260812224025|957.87
1786545635|20260812224035|957.96
1786545640|20260812224040|958.04
1786545645|20260812224045|957.96
1786545650|20260812224050|957.81
1786545655|20260812224055|958.04
1786545660|20260812224100|958.14
1786545680|20260812224120|958.46
1786545685|20260812224125|958.22
1786545695|20260812224135|958.23
1786545700|20260812224140|958.28
1786545705|20260812224145|958.05
1786545710|20260812224150|957.92
1786545720|20260812224200|957.83
1786545755|20260812224235|957.90
1786545765|20260812224245|957.89
1786545780|20260812224300|958.07
1786545785|20260812224305|958.09
1786545795|20260812224315|958.31
1786545805|20260812224325|958.36
1786545815|20260812224335|958.30
1786545820|20260812224340|958.36
1786545825|20260812224345|958.35
1786545835|20260812224355|958.40
1786545845|20260812224405|958.77
1786545850|20260812224410|958.85
1786545855|20260812224415|958.98
1786545860|20260812224420|958.96
1786545865|20260812224425|958.96
1786545905|20260812224505|959.20
1786545910|20260812224510|959.06
1786545915|20260812224515|959.12
1786545920|20260812224520|959.03
1786545925|20260812224525|958.87
1786545935|20260812224535|959.57
1786545945|20260812224545|959.68
1786545950|20260812224550|959.66
1786545970|20260812224610|960.19
1786545975|20260812224615|960.18
1786545995|20260812224635|960.83
1786546000|20260812224640|960.72
1786546005|20260812224645|960.73
1786546010|20260812224650|960.73
1786546025|20260812224705|959.84
1786546030|20260812224710|959.57
1786546035|20260812224715|959.52
1786546040|20260812224720|959.64
1786546045|20260812224725|959.60
1786546055|20260812224735|959.42
1786546060|20260812224740|959.26
1786546075|20260812224755|958.93
1786546085|20260812224805|958.78
1786546090|20260812224810|958.50
1786546100|20260812224820|958.35
1786546105|20260812224825|958.35
1786546115|20260812224835|958.47
1786546120|20260812224840|958.53
1786546130|20260812224850|958.58
1786546135|20260812224855|958.65
1786546165|20260812224925|958.66
1786546200|20260812225000|958.72
1786546205|20260812225005|958.60
1786546210|20260812225010|958.55
1786546215|20260812225015|958.63
1786546220|20260812225020|958.63
1786546225|20260812225025|958.70
1786546235|20260812225035|958.79
1786546240|20260812225040|958.53
1786546245|20260812225045|958.70
1786546250|20260812225050|958.67
1786546255|20260812225055|958.68
1786546270|20260812225110|958.12
1786546275|20260812225115|958.04
1786546280|20260812225120|958.01
1786546285|20260812225125|957.74
1786546295|20260812225135|957.70
1786546300|20260812225140|957.46
1786546305|20260812225145|957.54
1786546310|20260812225150|957.53
1786546315|20260812225155|957.49
1786546325|20260812225205|957.79
1786546330|20260812225210|957.72
1786546340|20260812225220|957.84
1786546345|20260812225225|957.85
1786546355|20260812225235|957.67
1786546360|20260812225240|957.60
1786546370|20260812225250|957.67
1786546375|20260812225255|957.77
1786546390|20260812225310|957.76
1786546395|20260812225315|957.87
1786546400|20260812225320|957.47
1786546405|20260812225325|957.47
1786546420|20260812225340|957.93
1786546425|20260812225345|957.90
1786546430|20260812225350|957.94
1786546450|20260812225410|958.55
1786546455|20260812225415|958.62
1786546460|20260812225420|958.57
1786546465|20260812225425|958.46
1786546480|20260812225440|958.26
1786546500|20260812225500|958.62
1786546505|20260812225505|958.52
1786546510|20260812225510|958.53
1786546515|20260812225515|958.76
1786546520|20260812225520|958.35
1786546525|20260812225525|958.42
1786546540|20260812225540|958.43
1786546545|20260812225545|958.35
1786546555|20260812225555|958.54
1786546560|20260812225600|958.54
1786546565|20260812225605|958.36
1786546570|20260812225610|958.31
1786546575|20260812225615|958.32
1786546580|20260812225620|958.25
1786546585|20260812225625|958.14
1786546600|20260812225640|958.17
1786546605|20260812225645|958.08
1786546610|20260812225650|957.95
1786546615|20260812225655|957.98
1786546620|20260812225700|958.14
1786546625|20260812225705|958.20
1786546630|20260812225710|958.19
1786546640|20260812225720|958.32
1786546655|20260812225735|958.27
1786546660|20260812225740|958.34
1786546670|20260812225750|958.29
1786546680|20260812225800|958.26
1786546685|20260812225805|958.28
1786546690|20260812225810|958.22
1786546700|20260812225820|958.19
1786546705|20260812225825|958.28
1786546715|20260812225835|958.30
1786546725|20260812225845|958.34
1786546730|20260812225850|958.44
1786546735|20260812225855|958.47
1786546740|20260812225900|958.48
1786546760|20260812225920|958.40
1786546765|20260812225925|958.39
1786546795|20260812225955|958.74
1786546800|20260812230000|958.64
1786546805|20260812230005|958.67
1786546810|20260812230010|958.34
1786546815|20260812230015|958.13
1786546825|20260812230025|958.67
1786546835|20260812230035|958.12
1786546845|20260812230045|958.10
1786546850|20260812230050|958.11
1786546855|20260812230055|958.18
1786546870|20260812230110|958.26
1786546880|20260812230120|958.43
1786546885|20260812230125|958.66
1786546895|20260812230135|958.69
1786546900|20260812230140|958.83
1786546905|20260812230145|958.77
1786546910|20260812230150|958.82
1786546920|20260812230200|958.73
1786546925|20260812230205|958.63
1786546930|20260812230210|958.75
1786546935|20260812230215|958.70
1786546940|20260812230220|958.61
1786546945|20260812230225|958.63
1786546955|20260812230235|958.33
1786546960|20260812230240|958.07
1786546965|20260812230245|958.12
1786546975|20260812230255|958.28
1786546980|20260812230300|958.36
1786546985|20260812230305|958.31
1786546990|20260812230310|958.26
1786546995|20260812230315|958.30
1786547000|20260812230320|958.70
1786547005|20260812230325|958.42
1786547015|20260812230335|958.29
1786547025|20260812230345|958.38
1786547040|20260812230400|958.15
1786547045|20260812230405|957.97
1786547055|20260812230415|957.57
1786547060|20260812230420|957.28
1786547100|20260812230500|957.36
1786547110|20260812230510|957.20
1786547115|20260812230515|957.29
1786547120|20260812230520|957.09
1786547125|20260812230525|957.20
1786547135|20260812230535|957.32
1786547140|20260812230540|957.40
1786547150|20260812230550|957.33
1786547155|20260812230555|957.37
1786547160|20260812230600|957.38
1786547165|20260812230605|957.41
1786547180|20260812230620|957.40
1786547195|20260812230635|957.42
1786547200|20260812230640|957.42
1786547205|20260812230645|957.48
1786547210|20260812230650|957.54
1786547215|20260812230655|957.84
1786547225|20260812230705|957.85
1786547230|20260812230710|957.86
1786547235|20260812230715|957.87
1786547240|20260812230720|957.71
1786547245|20260812230725|957.76
1786547255|20260812230735|957.93
1786547260|20260812230740|957.93
1786547270|20260812230750|957.83
1786547280|20260812230800|957.78
1786547285|20260812230805|958.25
1786547295|20260812230815|958.17
1786547300|20260812230820|958.30
1786547305|20260812230825|958.23
1786547315|20260812230835|958.61
1786547325|20260812230845|958.82
1786547330|20260812230850|958.86
1786547345|20260812230905|958.52
1786547350|20260812230910|958.61
1786547355|20260812230915|958.73
1786547360|20260812230920|958.68
1786547365|20260812230925|958.62
1786547415|20260812231015|958.57
1786547420|20260812231020|958.60
1786547425|20260812231025|958.77
1786547435|20260812231035|958.65
1786547445|20260812231045|958.49
1786547450|20260812231050|958.57
1786547455|20260812231055|958.51
1786547460|20260812231100|958.58
1786547465|20260812231105|958.58
1786547470|20260812231110|958.65
1786547480|20260812231120|958.65
1786547485|20260812231125|958.61
1786547500|20260812231140|958.62
1786547505|20260812231145|958.60
1786547510|20260812231150|958.55
1786547515|20260812231155|958.68
1786547520|20260812231200|958.71
1786547525|20260812231205|959.08
1786547530|20260812231210|959.20
1786547545|20260812231225|959.40
1786547555|20260812231235|959.61
1786547565|20260812231245|959.80
1786547575|20260812231255|959.85
1786547580|20260812231300|959.96
1786547585|20260812231305|959.92
1786547600|20260812231320|959.83
1786547605|20260812231325|959.78
1786547615|20260812231335|959.85
1786547620|20260812231340|959.88
1786547625|20260812231345|959.86
1786547630|20260812231350|959.89
1786547635|20260812231355|959.93
1786547640|20260812231400|959.97
1786547645|20260812231405|960.01
1786547650|20260812231410|960.08
1786547660|20260812231420|960.26
1786547700|20260812231500|959.67
1786547705|20260812231505|959.44
1786547710|20260812231510|959.40
1786547715|20260812231515|959.37
1786547720|20260812231520|959.21
1786547725|20260812231525|959.31
1786547735|20260812231535|959.11
1786547740|20260812231540|959.16
1786547745|20260812231545|959.11
1786547755|20260812231555|959.00
1786547760|20260812231600|958.98
1786547765|20260812231605|959.06
1786547770|20260812231610|959.26
1786547775|20260812231615|959.29
1786547780|20260812231620|959.34
1786547785|20260812231625|959.34
1786547800|20260812231640|959.41
1786547805|20260812231645|959.37
1786547830|20260812231710|959.66
1786547835|20260812231715|959.69
1786547840|20260812231720|959.63
1786547855|20260812231735|959.56
1786547860|20260812231740|959.36
1786547870|20260812231750|959.16
1786547875|20260812231755|959.15
1786547880|20260812231800|959.10
1786547885|20260812231805|959.00
1786547890|20260812231810|959.01
1786547895|20260812231815|958.98
1786547900|20260812231820|958.96
1786547905|20260812231825|958.92
1786547915|20260812231835|958.92
1786547920|20260812231840|958.89
1786547930|20260812231850|958.78
1786547935|20260812231855|958.84
1786547940|20260812231900|958.85
1786547945|20260812231905|958.78
1786547950|20260812231910|958.81
1786547955|20260812231915|958.74
1786547960|20260812231920|958.79
1786547965|20260812231925|958.82
1786547990|20260812231950|959.16
1786548005|20260812232005|959.14
1786548010|20260812232010|959.15
1786548015|20260812232015|959.22
1786548020|20260812232020|959.29
1786548025|20260812232025|959.33
1786548035|20260812232035|959.50
1786548040|20260812232040|959.34
1786548045|20260812232045|959.28
1786548050|20260812232050|959.28
1786548055|20260812232055|959.25
1786548060|20260812232100|959.39
1786548065|20260812232105|959.39
1786548070|20260812232110|959.43
1786548075|20260812232115|959.42
1786548085|20260812232125|959.56
1786548095|20260812232135|959.60
1786548100|20260812232140|959.60
1786548105|20260812232145|959.59
1786548115|20260812232155|959.51
1786548120|20260812232200|959.56
1786548125|20260812232205|959.51
1786548130|20260812232210|959.47
1786548135|20260812232215|959.50
1786548140|20260812232220|959.85
1786548145|20260812232225|959.77
1786548155|20260812232235|959.75
1786548160|20260812232240|959.62
1786548165|20260812232245|959.71
1786548170|20260812232250|959.73
1786548180|20260812232300|959.63
1786548185|20260812232305|959.56
1786548195|20260812232315|959.48
1786548200|20260812232320|959.34
1786548205|20260812232325|959.36
1786548215|20260812232335|959.45
1786548220|20260812232340|959.50
1786548225|20260812232345|959.58
1786548230|20260812232350|959.65
1786548235|20260812232355|959.66
1786548255|20260812232415|959.51
1786548260|20260812232420|959.63
1786548300|20260812232500|959.63
1786548315|20260812232515|959.63
1786548320|20260812232520|959.59
1786548325|20260812232525|959.49
1786548335|20260812232535|959.45
1786548340|20260812232540|959.34
1786548345|20260812232545|959.22
1786548355|20260812232555|959.12
1786548360|20260812232600|959.22
1786548370|20260812232610|959.26
1786548375|20260812232615|959.23
1786548380|20260812232620|959.16
1786548395|20260812232635|959.23
1786548410|20260812232650|959.26
1786548420|20260812232700|959.24
1786548435|20260812232715|959.12
1786548440|20260812232720|959.19
1786548445|20260812232725|959.26
1786548455|20260812232735|959.19
1786548460|20260812232740|959.25
1786548465|20260812232745|959.14
1786548470|20260812232750|958.90
1786548475|20260812232755|958.87
1786548480|20260812232800|958.90
1786548485|20260812232805|958.90
1786548490|20260812232810|958.94
1786548495|20260812232815|958.90
1786548505|20260812232825|958.87
1786548515|20260812232835|958.88
1786548520|20260812232840|958.92
1786548525|20260812232845|958.86
1786548530|20260812232850|958.68
1786548535|20260812232855|958.65
1786548545|20260812232905|958.69
1786548550|20260812232910|958.65
1786548555|20260812232915|958.50
1786548560|20260812232920|958.25
1786548565|20260812232925|958.41
1786548605|20260812233005|958.63
1786548610|20260812233010|958.80
1786548625|20260812233025|958.70
1786548635|20260812233035|958.76
1786548640|20260812233040|958.74
1786548645|20260812233045|958.76
1786548650|20260812233050|958.84
1786548660|20260812233100|959.26
1786548675|20260812233115|959.37
1786548680|20260812233120|959.37
1786548700|20260812233140|959.06
1786548705|20260812233145|958.96
1786548710|20260812233150|958.98
1786548715|20260812233155|958.94
1786548720|20260812233200|959.04
1786548725|20260812233205|958.94
1786548730|20260812233210|958.89
1786548735|20260812233215|958.93
1786548740|20260812233220|958.98
1786548760|20260812233240|958.92
1786548765|20260812233245|958.93
1786548770|20260812233250|958.87
1786548775|20260812233255|958.78
1786548780|20260812233300|958.78
1786548785|20260812233305|959.01
1786548795|20260812233315|958.96
1786548800|20260812233320|958.76
1786548815|20260812233335|958.70
1786548820|20260812233340|958.66
1786548825|20260812233345|958.77
1786548830|20260812233350|958.53
1786548835|20260812233355|958.33
1786548840|20260812233400|958.32
1786548845|20260812233405|958.24
1786548855|20260812233415|958.32
1786548860|20260812233420|958.16
1786548865|20260812233425|958.07
1786548905|20260812233505|958.18
1786548920|20260812233520|958.26
1786548925|20260812233525|958.07
1786548935|20260812233535|958.06
1786548940|20260812233540|958.05
1786548945|20260812233545|958.06
1786548950|20260812233550|958.14
1786548955|20260812233555|958.18
1786548965|20260812233605|958.13
1786548970|20260812233610|957.95
1786548975|20260812233615|958.04
1786548980|20260812233620|958.02
1786548985|20260812233625|958.04
1786548995|20260812233635|957.97
1786549005|20260812233645|957.73
1786549010|20260812233650|958.08
1786549015|20260812233655|958.21
1786549020|20260812233700|958.16
1786549025|20260812233705|958.16
1786549030|20260812233710|958.36
1786549035|20260812233715|958.41
1786549040|20260812233720|958.38
1786549045|20260812233725|958.50
1786549055|20260812233735|958.59
1786549060|20260812233740|958.52
1786549065|20260812233745|958.45
1786549070|20260812233750|958.27
1786549075|20260812233755|958.25
1786549080|20260812233800|958.25
1786549085|20260812233805|958.35
1786549090|20260812233810|958.36
1786549100|20260812233820|958.28
1786549105|20260812233825|958.35
1786549120|20260812233840|958.50
1786549125|20260812233845|958.47
1786549130|20260812233850|958.45
1786549135|20260812233855|958.49
1786549140|20260812233900|958.52
1786549145|20260812233905|958.56
1786549205|20260812234005|958.56
