1788739200|20260907080000|954.44
1788739205|20260907080005|954.77
1788739210|20260907080010|954.71
1788739215|20260907080015|954.38
1788739220|20260907080020|954.49
1788739225|20260907080025|954.49
1788739235|20260907080035|954.46
1788739240|20260907080040|954.42
1788739245|20260907080045|954.53
1788739250|20260907080050|954.86
1788739255|20260907080055|954.57
1788739260|20260907080100|954.48
1788739265|20260907080105|954.63
1788739270|20260907080110|954.98
1788739280|20260907080120|954.87
1788739285|20260907080125|954.95
1788739295|20260907080135|954.96
1788739300|20260907080140|954.92
1788739305|20260907080145|954.97
1788739310|20260907080150|955.04
1788739315|20260907080155|955.11
1788739320|20260907080200|955.09
1788739325|20260907080205|954.99
1788739330|20260907080210|955.14
1788739335|20260907080215|955.07
1788739340|20260907080220|954.85
1788739345|20260907080225|954.99
1788739355|20260907080235|954.98
1788739360|20260907080240|954.97
1788739365|20260907080245|955.03
1788739370|20260907080250|954.91
1788739375|20260907080255|954.51
1788739385|20260907080305|954.60
1788739390|20260907080310|954.50
1788739395|20260907080315|954.59
1788739405|20260907080325|954.35
1788739415|20260907080335|954.27
1788739420|20260907080340|954.26
1788739425|20260907080345|954.28
1788739430|20260907080350|954.24
1788739435|20260907080355|954.43
1788739445|20260907080405|954.36
1788739450|20260907080410|954.42
1788739460|20260907080420|954.34
1788739465|20260907080425|954.55
1788739505|20260907080505|954.45
1788739510|20260907080510|954.43
1788739515|20260907080515|954.16
1788739520|20260907080520|954.19
1788739525|20260907080525|954.34
1788739535|20260907080535|954.51
1788739540|20260907080540|954.52
1788739545|20260907080545|954.53
1788739550|20260907080550|954.56
1788739555|20260907080555|954.65
1788739560|20260907080600|954.64
1788739565|20260907080605|954.63
1788739570|20260907080610|954.69
1788739575|20260907080615|954.71
1788739580|20260907080620|954.69
1788739585|20260907080625|954.74
1788739595|20260907080635|954.76
1788739600|20260907080640|954.76
1788739605|20260907080645|954.61
1788739610|20260907080650|954.53
1788739615|20260907080655|954.58
1788739620|20260907080700|954.63
1788739625|20260907080705|954.72
1788739630|20260907080710|954.69
1788739635|20260907080715|954.70
1788739640|20260907080720|954.69
1788739645|20260907080725|954.75
1788739660|20260907080740|954.75
1788739665|20260907080745|954.65
1788739670|20260907080750|954.41
1788739675|20260907080755|954.43
1788739680|20260907080800|954.35
1788739685|20260907080805|954.32
1788739690|20260907080810|954.21
1788739695|20260907080815|954.13
1788739720|20260907080840|954.03
1788739725|20260907080845|954.05
1788739730|20260907080850|954.03
1788739735|20260907080855|954.11
1788739740|20260907080900|954.22
1788739745|20260907080905|954.22
1788739750|20260907080910|954.28
1788739755|20260907080915|954.21
1788739765|20260907080925|954.11
1788739805|20260907081005|954.07
1788739810|20260907081010|954.13
1788739815|20260907081015|954.05
1788739820|20260907081020|954.08
1788739835|20260907081035|954.00
1788739840|20260907081040|954.01
1788739850|20260907081050|954.42
1788739865|20260907081105|954.52
1788739870|20260907081110|954.53
1788739875|20260907081115|954.60
1788739880|20260907081120|954.75
1788739885|20260907081125|954.73
1788739895|20260907081135|954.88
1788739900|20260907081140|954.95
1788739905|20260907081145|954.97
1788739910|20260907081150|954.96
1788739915|20260907081155|954.99
1788739920|20260907081200|955.23
1788739925|20260907081205|955.31
1788739930|20260907081210|955.30
1788739935|20260907081215|955.28
1788739940|20260907081220|955.19
1788739945|20260907081225|955.08
1788739955|20260907081235|954.92
1788739965|20260907081245|954.99
1788739970|20260907081250|955.01
1788739975|20260907081255|954.96
1788739985|20260907081305|954.91
1788739990|20260907081310|954.77
1788739995|20260907081315|954.87
1788740000|20260907081320|954.88
1788740005|20260907081325|954.87
1788740015|20260907081335|955.04
1788740025|20260907081345|955.05
1788740030|20260907081350|955.01
1788740035|20260907081355|955.00
1788740040|20260907081400|954.78
1788740045|20260907081405|954.77
1788740050|20260907081410|954.53
1788740055|20260907081415|954.70
1788740060|20260907081420|954.58
1788740100|20260907081500|954.75
1788740105|20260907081505|954.57
1788740110|20260907081510|954.67
1788740115|20260907081515|954.80
1788740120|20260907081520|954.81
1788740125|20260907081525|954.75
1788740145|20260907081545|954.96
1788740150|20260907081550|955.37
1788740160|20260907081600|955.24
1788740165|20260907081605|955.20
1788740175|20260907081615|955.26
1788740180|20260907081620|955.09
1788740185|20260907081625|955.21
1788740205|20260907081645|955.04
1788740210|20260907081650|955.02
1788740215|20260907081655|954.92
1788740220|20260907081700|954.86
1788740225|20260907081705|955.08
1788740230|20260907081710|955.16
1788740235|20260907081715|955.04
1788740240|20260907081720|955.27
1788740245|20260907081725|955.25
1788740255|20260907081735|955.41
1788740260|20260907081740|955.39
1788740265|20260907081745|955.38
1788740270|20260907081750|955.53
1788740275|20260907081755|955.48
1788740280|20260907081800|955.36
1788740285|20260907081805|955.33
1788740290|20260907081810|955.33
1788740295|20260907081815|955.22
1788740300|20260907081820|955.30
1788740310|20260907081830|955.16
1788740320|20260907081840|955.13
1788740325|20260907081845|955.09
1788740330|20260907081850|955.14
1788740335|20260907081855|955.12
1788740340|20260907081900|955.05
1788740345|20260907081905|954.81
1788740355|20260907081915|954.82
1788740400|20260907082000|954.98
1788740405|20260907082005|955.18
1788740410|20260907082010|955.21
1788740415|20260907082015|955.24
1788740420|20260907082020|955.10
1788740425|20260907082025|955.24
1788740435|20260907082035|955.20
1788740440|20260907082040|955.25
1788740445|20260907082045|955.26
1788740450|20260907082050|955.21
1788740465|20260907082105|955.22
1788740470|20260907082110|955.17
1788740475|20260907082115|955.24
1788740485|20260907082125|955.24
1788740495|20260907082135|955.27
1788740500|20260907082140|955.23
1788740505|20260907082145|955.22
1788740510|20260907082150|955.13
1788740515|20260907082155|954.94
1788740520|20260907082200|954.91
1788740530|20260907082210|954.93
1788740535|20260907082215|954.84
1788740540|20260907082220|954.90
1788740545|20260907082225|954.87
1788740570|20260907082250|954.94
1788740575|20260907082255|955.08
1788740580|20260907082300|955.11
1788740585|20260907082305|955.05
1788740590|20260907082310|955.10
1788740595|20260907082315|955.00
1788740605|20260907082325|955.01
1788740620|20260907082340|954.97
1788740625|20260907082345|954.95
1788740630|20260907082350|954.97
1788740635|20260907082355|954.89
1788740640|20260907082400|954.88
1788740655|20260907082415|955.04
1788740660|20260907082420|954.99
1788740665|20260907082425|955.04
1788740690|20260907082450|955.08
1788740700|20260907082500|955.11
1788740705|20260907082505|954.83
1788740710|20260907082510|954.77
1788740715|20260907082515|954.85
1788740720|20260907082520|954.87
1788740725|20260907082525|954.90
1788740740|20260907082540|954.93
1788740745|20260907082545|954.94
1788740755|20260907082555|954.97
1788740765|20260907082605|954.87
1788740770|20260907082610|954.86
1788740775|20260907082615|954.86
1788740780|20260907082620|954.72
1788740785|20260907082625|954.78
1788740795|20260907082635|954.92
1788740800|20260907082640|954.99
1788740805|20260907082645|954.96
1788740810|20260907082650|954.92
1788740815|20260907082655|954.93
1788740825|20260907082705|954.97
1788740830|20260907082710|955.07
1788740835|20260907082715|955.14
1788740840|20260907082720|955.16
1788740845|20260907082725|955.14
1788740855|20260907082735|955.06
1788740860|20260907082740|955.19
1788740865|20260907082745|955.17
1788740875|20260907082755|955.10
1788740885|20260907082805|954.96
1788740890|20260907082810|954.79
1788740895|20260907082815|954.82
1788740900|20260907082820|954.96
1788740905|20260907082825|954.80
1788740920|20260907082840|954.54
1788740925|20260907082845|954.48
1788740930|20260907082850|954.52
1788740935|20260907082855|954.54
1788740945|20260907082905|954.60
1788740955|20260907082915|954.58
1788740960|20260907082920|954.60
1788740965|20260907082925|954.36
1788741000|20260907083000|954.25
1788741005|20260907083005|954.18
1788741010|20260907083010|954.30
1788741015|20260907083015|954.28
1788741020|20260907083020|953.85
1788741025|20260907083025|953.82
1788741035|20260907083035|953.55
1788741040|20260907083040|953.66
1788741045|20260907083045|953.72
1788741050|20260907083050|953.80
1788741055|20260907083055|954.02
1788741060|20260907083100|954.00
1788741065|20260907083105|953.99
1788741070|20260907083110|954.01
1788741075|20260907083115|954.03
1788741080|20260907083120|953.95
1788741085|20260907083125|954.06
1788741095|20260907083135|954.01
1788741100|20260907083140|953.96
1788741110|20260907083150|953.93
1788741115|20260907083155|953.93
1788741120|20260907083200|953.68
1788741125|20260907083205|953.75
1788741130|20260907083210|953.75
1788741135|20260907083215|953.69
1788741140|20260907083220|953.91
1788741145|20260907083225|953.99
1788741155|20260907083235|953.96
1788741160|20260907083240|953.87
1788741165|20260907083245|953.64
1788741170|20260907083250|953.66
1788741180|20260907083300|953.65
1788741185|20260907083305|953.60
1788741195|20260907083315|953.50
1788741205|20260907083325|953.49
1788741210|20260907083330|953.51
1788741220|20260907083340|953.69
1788741225|20260907083345|953.66
1788741235|20260907083355|954.14
1788741240|20260907083400|954.13
1788741245|20260907083405|954.12
1788741250|20260907083410|953.90
1788741255|20260907083415|953.85
1788741260|20260907083420|953.81
1788741265|20260907083425|953.74
1788741275|20260907083435|953.68
1788741305|20260907083505|953.52
1788741315|20260907083515|953.58
1788741325|20260907083525|953.63
1788741335|20260907083535|953.60
1788741340|20260907083540|953.79
1788741345|20260907083545|953.76
1788741350|20260907083550|953.70
1788741355|20260907083555|953.68
1788741360|20260907083600|953.67
1788741365|20260907083605|953.76
1788741370|20260907083610|953.76
1788741375|20260907083615|953.78
1788741380|20260907083620|953.70
1788741385|20260907083625|953.73
1788741395|20260907083635|953.60
1788741400|20260907083640|953.69
1788741405|20260907083645|953.68
1788741410|20260907083650|953.63
1788741415|20260907083655|953.60
1788741420|20260907083700|953.51
1788741425|20260907083705|953.46
1788741430|20260907083710|953.55
1788741435|20260907083715|953.55
1788741460|20260907083740|953.56
1788741465|20260907083745|953.58
1788741470|20260907083750|953.69
1788741475|20260907083755|953.59
1788741480|20260907083800|953.57
1788741485|20260907083805|953.56
1788741490|20260907083810|953.60
1788741495|20260907083815|953.61
1788741500|20260907083820|953.61
1788741505|20260907083825|953.61
1788741515|20260907083835|953.46
1788741520|20260907083840|953.52
1788741525|20260907083845|953.52
1788741545|20260907083905|954.03
1788741555|20260907083915|954.02
1788741560|20260907083920|953.97
1788741565|20260907083925|954.09
1788741600|20260907084000|954.26
1788741605|20260907084005|953.98
1788741610|20260907084010|954.21
1788741615|20260907084015|954.17
1788741620|20260907084020|954.16
1788741625|20260907084025|954.15
1788741635|20260907084035|954.17
1788741645|20260907084045|954.28
1788741650|20260907084050|954.30
1788741655|20260907084055|954.23
1788741660|20260907084100|954.25
1788741665|20260907084105|954.26
1788741685|20260907084125|954.22
1788741695|20260907084135|954.24
1788741700|20260907084140|954.28
1788741715|20260907084155|954.21
1788741720|20260907084200|954.36
1788741725|20260907084205|954.52
1788741730|20260907084210|954.39
1788741735|20260907084215|954.38
1788741740|20260907084220|954.40
1788741745|20260907084225|954.30
1788741755|20260907084235|954.60
1788741760|20260907084240|954.57
1788741765|20260907084245|954.59
1788741770|20260907084250|954.81
1788741785|20260907084305|954.42
1788741790|20260907084310|954.37
1788741805|20260907084325|954.49
1788741815|20260907084335|954.63
1788741820|20260907084340|954.67
1788741825|20260907084345|954.67
1788741830|20260907084350|954.74
1788741835|20260907084355|954.78
1788741845|20260907084405|954.67
1788741850|20260907084410|954.53
1788741860|20260907084420|954.67
1788741865|20260907084425|954.74
1788741875|20260907084435|954.52
1788741900|20260907084500|954.58
1788741905|20260907084505|955.08
1788741915|20260907084515|954.97
1788741920|20260907084520|955.11
1788741925|20260907084525|954.90
1788741935|20260907084535|954.95
1788741940|20260907084540|954.84
1788741945|20260907084545|954.82
1788741950|20260907084550|954.79
1788741955|20260907084555|954.85
1788741960|20260907084600|954.78
1788741965|20260907084605|954.79
1788741970|20260907084610|954.79
1788741975|20260907084615|954.80
1788741980|20260907084620|954.81
1788741985|20260907084625|954.85
1788741995|20260907084635|954.89
1788742000|20260907084640|954.82
1788742005|20260907084645|954.96
1788742010|20260907084650|955.02
1788742015|20260907084655|955.01
1788742025|20260907084705|955.04
1788742030|20260907084710|954.98
1788742035|20260907084715|955.00
1788742040|20260907084720|955.01
1788742045|20260907084725|955.07
1788742055|20260907084735|955.04
1788742060|20260907084740|955.14
1788742065|20260907084745|955.08
1788742070|20260907084750|955.01
1788742075|20260907084755|955.10
1788742080|20260907084800|955.19
1788742085|20260907084805|955.07
1788742090|20260907084810|955.19
1788742095|20260907084815|955.18
1788742100|20260907084820|955.36
1788742105|20260907084825|955.36
1788742115|20260907084835|955.62
1788742120|20260907084840|955.63
1788742125|20260907084845|955.63
1788742130|20260907084850|955.63
1788742150|20260907084910|955.46
1788742155|20260907084915|955.44
1788742160|20260907084920|955.38
1788742165|20260907084925|955.32
1788742180|20260907084940|955.29
1788742205|20260907085005|955.30
1788742210|20260907085010|955.13
1788742215|20260907085015|954.75
1788742220|20260907085020|954.60
1788742225|20260907085025|954.31
1788742240|20260907085040|954.63
1788742245|20260907085045|954.72
1788742250|20260907085050|954.49
1788742255|20260907085055|954.49
1788742270|20260907085110|954.54
1788742275|20260907085115|954.45
1788742280|20260907085120|954.47
1788742285|20260907085125|954.56
1788742300|20260907085140|954.57
1788742305|20260907085145|954.66
1788742310|20260907085150|954.73
1788742315|20260907085155|954.74
1788742325|20260907085205|954.81
1788742330|20260907085210|954.70
1788742335|20260907085215|954.72
1788742340|20260907085220|954.70
1788742345|20260907085225|954.62
1788742355|20260907085235|954.59
1788742360|20260907085240|954.66
1788742365|20260907085245|954.59
1788742370|20260907085250|954.64
1788742375|20260907085255|954.74
1788742385|20260907085305|954.64
1788742390|20260907085310|954.59
1788742395|20260907085315|954.53
1788742400|20260907085320|954.52
1788742405|20260907085325|954.53
1788742415|20260907085335|954.51
1788742425|20260907085345|954.55
1788742430|20260907085350|954.47
1788742435|20260907085355|954.40
1788742440|20260907085400|954.41
1788742445|20260907085405|954.39
1788742450|20260907085410|954.46
1788742455|20260907085415|954.36
1788742460|20260907085420|954.40
1788742465|20260907085425|954.25
1788742500|20260907085500|954.29
1788742510|20260907085510|954.21
1788742515|20260907085515|954.02
1788742525|20260907085525|954.07
1788742540|20260907085540|954.17
1788742545|20260907085545|954.09
1788742555|20260907085555|954.12
1788742565|20260907085605|953.91
1788742570|20260907085610|953.73
1788742575|20260907085615|953.77
1788742580|20260907085620|953.64
1788742585|20260907085625|953.62
1788742595|20260907085635|953.43
1788742600|20260907085640|953.60
1788742605|20260907085645|953.57
1788742610|20260907085650|953.27
1788742615|20260907085655|953.16
1788742625|20260907085705|952.68
1788742630|20260907085710|952.61
1788742635|20260907085715|952.39
1788742640|20260907085720|952.42
1788742645|20260907085725|952.39
1788742655|20260907085735|952.39
1788742660|20260907085740|952.42
1788742665|20260907085745|952.71
1788742670|20260907085750|952.69
1788742675|20260907085755|952.48
1788742685|20260907085805|951.99
1788742690|20260907085810|952.18
1788742695|20260907085815|952.35
1788742700|20260907085820|952.30
1788742705|20260907085825|952.13
1788742715|20260907085835|952.12
1788742720|20260907085840|952.16
1788742725|20260907085845|952.26
1788742730|20260907085850|952.13
1788742735|20260907085855|952.19
1788742745|20260907085905|952.15
1788742750|20260907085910|952.40
1788742755|20260907085915|952.49
1788742760|20260907085920|952.70
1788742765|20260907085925|952.61
1788742800|20260907090000|952.14
1788742805|20260907090005|951.08
1788742810|20260907090010|951.52
1788742820|20260907090020|951.58
1788742840|20260907090040|952.08
1788742845|20260907090045|951.98
1788742850|20260907090050|951.81
1788742865|20260907090105|951.77
1788742870|20260907090110|951.94
1788742875|20260907090115|951.66
1788742880|20260907090120|951.87
1788742885|20260907090125|951.80
1788742895|20260907090135|951.97
1788742900|20260907090140|952.37
1788742905|20260907090145|952.15
1788742910|20260907090150|952.03
1788742915|20260907090155|952.32
1788742930|20260907090210|952.35
1788742940|20260907090220|952.42
1788742945|20260907090225|952.69
1788742955|20260907090235|952.42
1788742960|20260907090240|952.73
1788742965|20260907090245|952.72
1788742985|20260907090305|952.52
1788742990|20260907090310|952.54
1788742995|20260907090315|952.18
1788743000|20260907090320|951.79
1788743005|20260907090325|951.70
1788743015|20260907090335|951.60
1788743020|20260907090340|951.72
1788743025|20260907090345|951.65
1788743035|20260907090355|951.50
1788743045|20260907090405|951.98
1788743050|20260907090410|951.93
1788743055|20260907090415|952.09
1788743060|20260907090420|951.70
1788743065|20260907090425|951.59
1788743105|20260907090505|951.85
1788743110|20260907090510|951.91
1788743115|20260907090515|951.96
1788743120|20260907090520|952.25
1788743125|20260907090525|952.09
1788743135|20260907090535|951.96
1788743140|20260907090540|951.98
1788743145|20260907090545|951.91
1788743165|20260907090605|951.66
1788743175|20260907090615|951.40
1788743180|20260907090620|951.03
1788743185|20260907090625|950.88
1788743195|20260907090635|951.24
1788743200|20260907090640|951.10
1788743205|20260907090645|951.05
1788743210|20260907090650|951.06
1788743215|20260907090655|950.94
1788743220|20260907090700|950.93
1788743225|20260907090705|951.00
1788743230|20260907090710|950.94
1788743240|20260907090720|950.57
1788743245|20260907090725|950.47
1788743260|20260907090740|950.48
1788743275|20260907090755|950.93
1788743280|20260907090800|950.86
1788743295|20260907090815|950.72
1788743300|20260907090820|950.59
1788743305|20260907090825|950.73
1788743320|20260907090840|950.95
1788743325|20260907090845|950.67
1788743330|20260907090850|950.63
1788743335|20260907090855|950.65
1788743340|20260907090900|950.47
1788743345|20260907090905|950.43
1788743350|20260907090910|950.20
1788743355|20260907090915|950.09
1788743365|20260907090925|949.98
1788743405|20260907091005|950.11
1788743410|20260907091010|950.02
1788743415|20260907091015|950.12
1788743420|20260907091020|950.05
1788743440|20260907091040|950.48
1788743445|20260907091045|950.70
1788743450|20260907091050|950.64
1788743465|20260907091105|950.90
1788743475|20260907091115|950.53
1788743480|20260907091120|950.63
1788743485|20260907091125|950.78
1788743495|20260907091135|950.31
1788743500|20260907091140|950.42
1788743505|20260907091145|950.24
1788743510|20260907091150|950.19
1788743520|20260907091200|949.96
1788743525|20260907091205|949.76
1788743530|20260907091210|949.59
1788743535|20260907091215|949.56
1788743540|20260907091220|949.50
1788743545|20260907091225|949.41
1788743555|20260907091235|949.47
1788743560|20260907091240|949.47
1788743565|20260907091245|949.51
1788743570|20260907091250|949.39
1788743575|20260907091255|949.36
1788743580|20260907091300|949.36
1788743585|20260907091305|949.04
1788743590|20260907091310|949.17
1788743595|20260907091315|949.18
1788743620|20260907091340|948.55
1788743625|20260907091345|948.63
1788743630|20260907091350|948.56
1788743645|20260907091405|948.51
1788743650|20260907091410|948.62
1788743655|20260907091415|948.47
1788743660|20260907091420|948.59
1788743665|20260907091425|948.75
1788743700|20260907091500|949.37
1788743705|20260907091505|949.31
1788743710|20260907091510|949.06
1788743715|20260907091515|949.13
1788743720|20260907091520|949.35
1788743725|20260907091525|949.14
1788743735|20260907091535|949.16
1788743740|20260907091540|949.07
1788743750|20260907091550|948.75
1788743755|20260907091555|948.66
1788743760|20260907091600|948.79
1788743765|20260907091605|948.76
1788743770|20260907091610|948.68
1788743775|20260907091615|948.68
1788743780|20260907091620|948.81
1788743795|20260907091635|948.86
1788743800|20260907091640|948.85
1788743810|20260907091650|948.67
1788743815|20260907091655|948.83
1788743820|20260907091700|948.49
1788743825|20260907091705|948.67
1788743830|20260907091710|948.70
1788743835|20260907091715|948.66
1788743840|20260907091720|948.57
1788743855|20260907091735|948.59
1788743860|20260907091740|948.51
1788743865|20260907091745|948.42
1788743870|20260907091750|948.43
1788743875|20260907091755|948.27
1788743885|20260907091805|948.36
1788743890|20260907091810|948.28
1788743895|20260907091815|948.26
1788743900|20260907091820|948.18
1788743905|20260907091825|948.07
1788743920|20260907091840|947.96
1788743925|20260907091845|947.70
1788743930|20260907091850|947.72
1788743935|20260907091855|947.61
1788743950|20260907091910|947.71
1788743960|20260907091920|948.05
1788743965|20260907091925|948.24
1788743980|20260907091940|947.99
1788744005|20260907092005|948.09
1788744010|20260907092010|947.93
1788744015|20260907092015|947.80
1788744020|20260907092020|947.82
1788744025|20260907092025|947.85
1788744035|20260907092035|948.02
1788744040|20260907092040|948.05
1788744045|20260907092045|948.09
1788744050|20260907092050|948.00
1788744055|20260907092055|947.91
1788744060|20260907092100|947.79
1788744065|20260907092105|947.63
1788744075|20260907092115|947.37
1788744085|20260907092125|947.48
1788744095|20260907092135|947.76
1788744100|20260907092140|947.81
1788744105|20260907092145|948.00
1788744120|20260907092200|947.90
1788744135|20260907092215|947.68
1788744140|20260907092220|947.87
1788744145|20260907092225|947.83
1788744165|20260907092245|948.08
1788744170|20260907092250|948.03
1788744185|20260907092305|948.34
1788744190|20260907092310|948.45
1788744195|20260907092315|948.46
1788744200|20260907092320|948.61
1788744205|20260907092325|948.41
1788744215|20260907092335|948.31
1788744220|20260907092340|948.36
1788744225|20260907092345|948.40
1788744230|20260907092350|948.34
1788744235|20260907092355|948.35
1788744250|20260907092410|948.14
1788744255|20260907092415|948.18
1788744260|20260907092420|948.37
1788744300|20260907092500|948.60
1788744305|20260907092505|948.51
1788744310|20260907092510|948.61
1788744315|20260907092515|948.74
1788744320|20260907092520|948.79
1788744325|20260907092525|948.73
1788744335|20260907092535|948.56
1788744340|20260907092540|948.27
1788744345|20260907092545|948.30
1788744350|20260907092550|948.24
1788744365|20260907092605|948.30
1788744370|20260907092610|948.30
1788744375|20260907092615|948.37
1788744380|20260907092620|948.55
1788744385|20260907092625|948.64
1788744395|20260907092635|948.60
1788744400|20260907092640|948.72
1788744405|20260907092645|948.89
1788744410|20260907092650|949.08
1788744415|20260907092655|949.18
1788744420|20260907092700|949.23
1788744425|20260907092705|949.22
1788744435|20260907092715|949.32
1788744440|20260907092720|949.41
1788744445|20260907092725|949.41
1788744455|20260907092735|949.64
1788744465|20260907092745|949.70
1788744470|20260907092750|949.78
1788744475|20260907092755|949.82
1788744480|20260907092800|949.91
1788744485|20260907092805|949.91
1788744490|20260907092810|949.94
1788744495|20260907092815|950.05
1788744500|20260907092820|950.08
1788744505|20260907092825|950.05
1788744525|20260907092845|949.96
1788744530|20260907092850|950.00
1788744535|20260907092855|949.98
1788744540|20260907092900|949.90
1788744545|20260907092905|949.97
1788744550|20260907092910|949.94
1788744555|20260907092915|949.92
1788744560|20260907092920|949.91
1788744565|20260907092925|950.00
1788744605|20260907093005|950.21
1788744610|20260907093010|950.20
1788744615|20260907093015|950.16
1788744620|20260907093020|950.28
1788744625|20260907093025|950.22
1788744635|20260907093035|949.89
1788744640|20260907093040|949.99
1788744645|20260907093045|949.90
1788744650|20260907093050|949.92
1788744655|20260907093055|950.11
1788744660|20260907093100|950.17
1788744665|20260907093105|950.22
1788744680|20260907093120|950.27
1788744685|20260907093125|950.52
1788744695|20260907093135|950.69
1788744715|20260907093155|950.68
1788744720|20260907093200|950.46
1788744725|20260907093205|950.55
1788744730|20260907093210|950.41
1788744735|20260907093215|950.48
1788744740|20260907093220|950.49
1788744745|20260907093225|950.43
1788744755|20260907093235|950.65
1788744765|20260907093245|950.79
1788744770|20260907093250|950.90
1788744780|20260907093300|951.21
1788744785|20260907093305|951.39
1788744790|20260907093310|951.40
1788744795|20260907093315|951.31
1788744800|20260907093320|951.55
1788744805|20260907093325|951.57
1788744815|20260907093335|951.75
1788744820|20260907093340|951.81
1788744825|20260907093345|951.73
1788744830|20260907093350|951.69
1788744840|20260907093400|951.16
1788744845|20260907093405|951.17
1788744855|20260907093415|951.42
1788744860|20260907093420|951.39
1788744895|20260907093455|951.35
1788744900|20260907093500|951.26
1788744905|20260907093505|951.37
1788744910|20260907093510|951.21
1788744920|20260907093520|951.03
1788744945|20260907093545|951.17
1788744950|20260907093550|951.13
1788744965|20260907093605|951.10
1788744970|20260907093610|950.94
1788744980|20260907093620|951.07
1788744995|20260907093635|951.07
1788745000|20260907093640|950.93
1788745005|20260907093645|951.05
1788745010|20260907093650|951.20
1788745025|20260907093705|951.14
1788745030|20260907093710|951.18
1788745040|20260907093720|951.33
1788745045|20260907093725|951.33
1788745055|20260907093735|951.29
1788745060|20260907093740|951.37
1788745065|20260907093745|951.42
1788745070|20260907093750|951.34
1788745085|20260907093805|951.38
1788745090|20260907093810|951.49
1788745100|20260907093820|951.77
1788745105|20260907093825|951.79
1788745130|20260907093850|951.83
1788745135|20260907093855|951.80
1788745145|20260907093905|951.92
1788745150|20260907093910|951.99
1788745155|20260907093915|952.04
1788745160|20260907093920|951.95
1788745165|20260907093925|952.05
1788745180|20260907093940|952.17
1788745205|20260907094005|952.16
1788745210|20260907094010|952.10
1788745215|20260907094015|952.07
1788745220|20260907094020|952.05
1788745225|20260907094025|951.86
1788745235|20260907094035|951.70
1788745240|20260907094040|951.67
1788745245|20260907094045|951.60
1788745250|20260907094050|951.65
1788745255|20260907094055|951.59
1788745265|20260907094105|951.56
1788745270|20260907094110|951.61
1788745275|20260907094115|951.56
1788745280|20260907094120|951.69
1788745285|20260907094125|951.66
1788745295|20260907094135|951.71
1788745310|20260907094150|951.42
1788745315|20260907094155|951.38
1788745325|20260907094205|951.41
1788745330|20260907094210|951.42
1788745335|20260907094215|951.48
1788745340|20260907094220|951.53
1788745345|20260907094225|951.53
1788745355|20260907094235|951.48
1788745360|20260907094240|951.45
1788745365|20260907094245|951.55
1788745370|20260907094250|951.50
1788745375|20260907094255|951.75
1788745385|20260907094305|951.71
1788745400|20260907094320|951.61
1788745405|20260907094325|951.45
1788745415|20260907094335|951.66
1788745425|20260907094345|951.67
1788745430|20260907094350|951.51
1788745435|20260907094355|951.58
1788745445|20260907094405|951.48
1788745455|20260907094415|951.44
1788745460|20260907094420|951.32
1788745465|20260907094425|951.31
1788745480|20260907094440|951.49
1788745505|20260907094505|951.57
1788745510|20260907094510|951.67
1788745520|20260907094520|951.57
1788745525|20260907094525|951.59
1788745535|20260907094535|951.62
1788745540|20260907094540|951.59
1788745545|20260907094545|951.58
1788745555|20260907094555|951.66
1788745565|20260907094605|951.62
1788745570|20260907094610|951.60
1788745575|20260907094615|951.62
1788745580|20260907094620|951.66
1788745595|20260907094635|951.67
1788745605|20260907094645|951.68
1788745610|20260907094650|951.81
1788745625|20260907094705|952.22
1788745630|20260907094710|952.02
1788745640|20260907094720|951.93
1788745655|20260907094735|951.99
1788745660|20260907094740|951.99
1788745665|20260907094745|951.95
1788745675|20260907094755|951.96
1788745690|20260907094810|951.88
1788745695|20260907094815|951.86
1788745700|20260907094820|951.81
1788745705|20260907094825|951.64
1788745715|20260907094835|951.67
1788745725|20260907094845|951.76
1788745735|20260907094855|951.93
1788745745|20260907094905|951.89
1788745750|20260907094910|951.82
1788745755|20260907094915|951.84
1788745760|20260907094920|951.79
1788745765|20260907094925|951.85
1788745810|20260907095010|951.62
1788745815|20260907095015|951.73
1788745820|20260907095020|951.78
1788745835|20260907095035|951.54
1788745840|20260907095040|951.46
1788745845|20260907095045|951.52
1788745850|20260907095050|951.58
1788745865|20260907095105|951.63
1788745870|20260907095110|951.70
1788745880|20260907095120|951.60
1788745885|20260907095125|951.59
1788745900|20260907095140|951.84
1788745910|20260907095150|951.64
1788745915|20260907095155|951.79
1788745925|20260907095205|952.13
1788745935|20260907095215|952.47
1788745940|20260907095220|952.56
1788745960|20260907095240|952.46
1788745970|20260907095250|952.61
1788745975|20260907095255|952.65
1788745985|20260907095305|952.63
1788745995|20260907095315|952.63
1788746000|20260907095320|952.67
1788746005|20260907095325|952.66
1788746015|20260907095335|952.38
1788746020|20260907095340|952.30
1788746025|20260907095345|952.67
1788746030|20260907095350|952.82
1788746045|20260907095405|952.88
1788746060|20260907095420|952.84
1788746065|20260907095425|952.84
1788746105|20260907095505|952.42
1788746115|20260907095515|952.43
1788746120|20260907095520|952.49
1788746125|20260907095525|952.41
1788746135|20260907095535|952.53
1788746140|20260907095540|952.59
1788746145|20260907095545|952.52
1788746150|20260907095550|952.51
1788746155|20260907095555|952.46
1788746165|20260907095605|952.45
1788746175|20260907095615|952.38
1788746180|20260907095620|952.28
1788746185|20260907095625|952.17
1788746195|20260907095635|952.14
1788746200|20260907095640|952.11
1788746210|20260907095650|952.00
1788746215|20260907095655|951.96
1788746225|20260907095705|952.04
1788746230|20260907095710|951.99
1788746235|20260907095715|951.98
1788746240|20260907095720|952.04
1788746245|20260907095725|951.98
1788746255|20260907095735|951.99
1788746260|20260907095740|952.12
1788746270|20260907095750|952.09
1788746275|20260907095755|952.20
1788746285|20260907095805|952.15
1788746290|20260907095810|952.15
1788746295|20260907095815|952.17
1788746300|20260907095820|952.16
1788746315|20260907095835|951.85
1788746320|20260907095840|951.76
1788746325|20260907095845|951.66
1788746330|20260907095850|951.76
1788746335|20260907095855|951.79
1788746345|20260907095905|951.80
1788746350|20260907095910|951.70
1788746355|20260907095915|951.68
1788746365|20260907095925|951.61
1788746380|20260907095940|951.71
1788746400|20260907100000|951.49
1788746405|20260907100005|951.65
1788746410|20260907100010|951.66
1788746415|20260907100015|951.77
1788746420|20260907100020|951.73
1788746425|20260907100025|951.66
1788746430|20260907100030|951.54
1788746435|20260907100035|951.48
1788746440|20260907100040|951.39
1788746445|20260907100045|951.46
1788746450|20260907100050|951.40
1788746455|20260907100055|951.39
1788746465|20260907100105|951.36
1788746470|20260907100110|951.44
1788746480|20260907100120|951.39
1788746485|20260907100125|951.41
1788746490|20260907100130|951.45
1788746495|20260907100135|951.42
1788746500|20260907100140|951.02
1788746505|20260907100145|951.10
1788746510|20260907100150|950.89
1788746515|20260907100155|950.78
1788746525|20260907100205|950.83
1788746530|20260907100210|950.87
1788746535|20260907100215|950.90
1788746545|20260907100225|950.92
1788746555|20260907100235|951.08
1788746560|20260907100240|950.96
1788746565|20260907100245|951.06
1788746570|20260907100250|951.01
1788746575|20260907100255|951.03
1788746590|20260907100310|950.90
1788746595|20260907100315|950.80
1788746600|20260907100320|950.83
1788746615|20260907100335|950.80
1788746620|20260907100340|950.80
1788746625|20260907100345|951.00
1788746635|20260907100355|951.18
1788746645|20260907100405|951.07
1788746650|20260907100410|951.22
1788746655|20260907100415|951.23
1788746660|20260907100420|951.22
1788746665|20260907100425|951.18
1788746705|20260907100505|951.18
1788746710|20260907100510|951.16
1788746715|20260907100515|951.03
1788746720|20260907100520|950.94
1788746725|20260907100525|950.81
1788746735|20260907100535|951.01
1788746740|20260907100540|950.98
1788746745|20260907100545|951.12
1788746750|20260907100550|951.17
1788746755|20260907100555|951.13
1788746765|20260907100605|951.17
1788746770|20260907100610|951.08
1788746775|20260907100615|951.15
1788746785|20260907100625|950.82
1788746790|20260907100630|950.79
1788746795|20260907100635|950.77
1788746800|20260907100640|950.79
1788746815|20260907100655|950.87
1788746820|20260907100700|950.82
1788746825|20260907100705|950.85
1788746830|20260907100710|950.89
1788746835|20260907100715|950.82
1788746840|20260907100720|950.79
1788746845|20260907100725|950.76
1788746850|20260907100730|950.71
1788746855|20260907100735|950.78
1788746860|20260907100740|950.71
1788746865|20260907100745|950.72
1788746870|20260907100750|950.73
1788746875|20260907100755|950.75
1788746880|20260907100800|950.73
1788746885|20260907100805|950.73
1788746890|20260907100810|950.71
1788746900|20260907100820|950.57
1788746905|20260907100825|950.69
1788746915|20260907100835|950.69
1788746920|20260907100840|950.62
1788746925|20260907100845|950.61
1788746935|20260907100855|950.68
1788746945|20260907100905|950.60
1788746955|20260907100915|950.50
1788746965|20260907100925|950.37
1788746995|20260907100955|950.61
1788747000|20260907101000|950.69
1788747005|20260907101005|950.58
1788747010|20260907101010|950.58
1788747015|20260907101015|950.49
1788747020|20260907101020|950.36
1788747025|20260907101025|950.49
1788747035|20260907101035|950.59
1788747040|20260907101040|950.59
1788747045|20260907101045|950.49
1788747050|20260907101050|950.51
1788747055|20260907101055|950.56
1788747065|20260907101105|950.66
1788747070|20260907101110|950.79
1788747075|20260907101115|950.75
1788747080|20260907101120|950.81
1788747085|20260907101125|950.83
1788747095|20260907101135|950.87
1788747100|20260907101140|950.89
1788747105|20260907101145|950.91
1788747110|20260907101150|950.87
1788747115|20260907101155|950.91
1788747125|20260907101205|950.77
1788747130|20260907101210|950.82
1788747135|20260907101215|950.76
1788747140|20260907101220|950.78
1788747145|20260907101225|950.77
1788747155|20260907101235|950.67
1788747160|20260907101240|950.71
1788747165|20260907101245|950.79
1788747170|20260907101250|950.76
1788747175|20260907101255|950.86
1788747185|20260907101305|950.66
1788747190|20260907101310|950.72
1788747195|20260907101315|950.72
1788747200|20260907101320|950.70
1788747205|20260907101325|950.78
1788747220|20260907101340|950.60
1788747225|20260907101345|950.51
1788747230|20260907101350|950.50
1788747235|20260907101355|950.41
1788747245|20260907101405|950.44
1788747250|20260907101410|950.47
1788747255|20260907101415|950.47
1788747260|20260907101420|950.55
1788747265|20260907101425|950.50
1788747295|20260907101455|950.37
1788747305|20260907101505|950.50
1788747315|20260907101515|950.54
1788747320|20260907101520|950.47
1788747325|20260907101525|950.47
1788747335|20260907101535|950.46
1788747340|20260907101540|950.37
1788747345|20260907101545|950.44
1788747350|20260907101550|950.42
1788747355|20260907101555|950.43
1788747365|20260907101605|950.44
1788747375|20260907101615|950.47
1788747380|20260907101620|950.51
1788747385|20260907101625|950.40
1788747395|20260907101635|950.50
1788747400|20260907101640|950.50
1788747405|20260907101645|950.59
1788747410|20260907101650|950.63
1788747415|20260907101655|950.66
1788747425|20260907101705|950.68
1788747430|20260907101710|950.64
1788747435|20260907101715|950.65
1788747445|20260907101725|950.59
1788747460|20260907101740|950.80
1788747465|20260907101745|950.85
1788747470|20260907101750|950.89
1788747475|20260907101755|950.89
1788747485|20260907101805|950.96
1788747490|20260907101810|950.93
1788747495|20260907101815|951.01
1788747500|20260907101820|950.92
1788747505|20260907101825|951.01
1788747515|20260907101835|950.94
1788747520|20260907101840|950.96
1788747530|20260907101850|950.97
1788747535|20260907101855|950.98
1788747545|20260907101905|951.03
1788747560|20260907101920|950.98
1788747565|20260907101925|950.94
1788747605|20260907102005|951.10
1788747615|20260907102015|951.34
1788747620|20260907102020|951.31
1788747625|20260907102025|951.25
1788747635|20260907102035|951.36
1788747640|20260907102040|951.37
1788747645|20260907102045|951.39
1788747650|20260907102050|951.29
1788747655|20260907102055|951.35
1788747660|20260907102100|951.28
1788747665|20260907102105|951.24
1788747670|20260907102110|951.23
1788747675|20260907102115|951.19
1788747680|20260907102120|951.19
1788747685|20260907102125|951.22
1788747695|20260907102135|951.05
1788747700|20260907102140|951.13
1788747705|20260907102145|951.08
1788747710|20260907102150|951.12
1788747715|20260907102155|951.10
1788747720|20260907102200|951.13
1788747725|20260907102205|951.10
1788747730|20260907102210|951.11
1788747735|20260907102215|951.14
1788747740|20260907102220|951.07
1788747745|20260907102225|951.07
1788747755|20260907102235|951.17
1788747760|20260907102240|951.36
1788747765|20260907102245|951.36
1788747770|20260907102250|951.46
1788747775|20260907102255|951.46
1788747785|20260907102305|951.40
1788747795|20260907102315|951.39
1788747800|20260907102320|951.34
1788747805|20260907102325|951.34
1788747815|20260907102335|951.40
1788747825|20260907102345|951.49
1788747830|20260907102350|951.45
1788747845|20260907102405|951.51
1788747850|20260907102410|951.55
1788747855|20260907102415|951.58
1788747860|20260907102420|951.54
1788747865|20260907102425|951.52
1788747905|20260907102505|951.53
1788747910|20260907102510|951.57
1788747915|20260907102515|951.45
1788747920|20260907102520|951.44
1788747925|20260907102525|951.39
1788747935|20260907102535|951.40
1788747950|20260907102550|951.42
1788747955|20260907102555|951.41
1788747960|20260907102600|951.41
1788747965|20260907102605|951.41
1788747970|20260907102610|951.40
1788747980|20260907102620|951.43
1788747985|20260907102625|951.50
1788747995|20260907102635|951.48
1788748000|20260907102640|951.53
1788748005|20260907102645|951.59
1788748015|20260907102655|951.45
1788748020|20260907102700|951.47
1788748025|20260907102705|951.33
1788748030|20260907102710|951.30
1788748045|20260907102725|951.34
1788748060|20260907102740|951.36
1788748065|20260907102745|951.31
1788748070|20260907102750|951.31
1788748075|20260907102755|951.27
1788748080|20260907102800|951.30
1788748090|20260907102810|951.25
1788748095|20260907102815|951.27
1788748100|20260907102820|951.45
1788748120|20260907102840|951.36
1788748140|20260907102900|951.47
1788748145|20260907102905|951.39
1788748150|20260907102910|951.38
1788748160|20260907102920|951.36
1788748165|20260907102925|951.20
1788748205|20260907103005|951.50
1788748210|20260907103010|951.19
1788748220|20260907103020|951.52
1788748240|20260907103040|951.49
1788748245|20260907103045|951.78
1788748250|20260907103050|951.82
1788748255|20260907103055|952.21
1788748265|20260907103105|952.09
1788748270|20260907103110|952.03
1788748275|20260907103115|952.07
1788748280|20260907103120|952.12
1788748285|20260907103125|952.28
1788748295|20260907103135|952.36
1788748305|20260907103145|952.42
1788748325|20260907103205|952.42
1788748330|20260907103210|952.23
1788748335|20260907103215|952.19
1788748340|20260907103220|952.13
1788748345|20260907103225|952.05
1788748355|20260907103235|952.03
1788748360|20260907103240|951.98
1788748365|20260907103245|951.96
1788748370|20260907103250|952.03
1788748375|20260907103255|952.01
1788748380|20260907103300|952.02
1788748385|20260907103305|952.04
1788748390|20260907103310|952.38
1788748395|20260907103315|952.55
1788748405|20260907103325|952.45
1788748420|20260907103340|952.18
1788748430|20260907103350|952.05
1788748440|20260907103400|952.58
1788748445|20260907103405|952.68
1788748450|20260907103410|952.67
1788748455|20260907103415|952.65
1788748460|20260907103420|952.48
1788748500|20260907103500|952.65
1788748505|20260907103505|952.76
1788748510|20260907103510|952.86
1788748520|20260907103520|952.85
1788748525|20260907103525|952.93
1788748535|20260907103535|952.71
1788748540|20260907103540|952.63
1788748545|20260907103545|952.62
1788748550|20260907103550|952.80
1788748555|20260907103555|952.75
1788748560|20260907103600|952.72
1788748565|20260907103605|952.68
1788748570|20260907103610|952.66
1788748575|20260907103615|952.61
1788748580|20260907103620|952.52
1788748585|20260907103625|952.44
1788748605|20260907103645|952.47
1788748610|20260907103650|952.42
1788748615|20260907103655|952.40
1788748625|20260907103705|952.62
1788748630|20260907103710|952.56
1788748635|20260907103715|952.63
1788748645|20260907103725|952.66
1788748655|20260907103735|952.81
1788748660|20260907103740|952.81
1788748665|20260907103745|952.94
1788748670|20260907103750|952.94
1788748685|20260907103805|953.27
1788748690|20260907103810|953.25
1788748695|20260907103815|953.24
1788748700|20260907103820|953.13
1788748705|20260907103825|953.21
1788748715|20260907103835|953.24
1788748720|20260907103840|953.09
1788748725|20260907103845|953.12
1788748730|20260907103850|953.02
1788748735|20260907103855|953.11
1788748740|20260907103900|953.16
1788748745|20260907103905|953.12
1788748750|20260907103910|953.10
1788748755|20260907103915|953.14
1788748765|20260907103925|953.15
1788748805|20260907104005|953.48
1788748810|20260907104010|953.51
1788748815|20260907104015|953.37
1788748820|20260907104020|953.36
1788748825|20260907104025|953.22
1788748835|20260907104035|953.24
1788748840|20260907104040|953.19
1788748845|20260907104045|953.26
1788748850|20260907104050|953.28
1788748855|20260907104055|953.29
1788748865|20260907104105|953.37
1788748870|20260907104110|953.31
1788748875|20260907104115|953.45
1788748880|20260907104120|953.48
1788748900|20260907104140|953.47
1788748905|20260907104145|953.45
1788748910|20260907104150|953.48
1788748915|20260907104155|953.33
1788748920|20260907104200|953.40
1788748925|20260907104205|953.40
1788748930|20260907104210|953.43
1788748935|20260907104215|953.41
1788748940|20260907104220|953.45
1788748945|20260907104225|953.28
1788748955|20260907104235|953.00
1788748960|20260907104240|952.97
1788748965|20260907104245|952.92
1788748970|20260907104250|952.81
1788748975|20260907104255|952.87
1788748980|20260907104300|952.83
1788748985|20260907104305|952.89
1788748990|20260907104310|952.93
1788748995|20260907104315|952.76
1788749000|20260907104320|952.76
1788749005|20260907104325|952.71
1788749015|20260907104335|952.76
1788749035|20260907104355|952.76
1788749045|20260907104405|952.80
1788749050|20260907104410|952.76
1788749055|20260907104415|953.01
1788749060|20260907104420|952.94
1788749065|20260907104425|952.95
1788749100|20260907104500|952.89
1788749105|20260907104505|952.87
1788749110|20260907104510|952.61
1788749120|20260907104520|952.73
1788749125|20260907104525|952.65
1788749130|20260907104530|952.67
1788749140|20260907104540|952.88
1788749145|20260907104545|952.87
1788749150|20260907104550|952.95
1788749155|20260907104555|952.92
1788749165|20260907104605|952.89
1788749170|20260907104610|952.94
1788749175|20260907104615|953.06
1788749180|20260907104620|952.99
1788749185|20260907104625|952.94
1788749195|20260907104635|953.12
1788749200|20260907104640|953.14
1788749205|20260907104645|953.10
1788749210|20260907104650|953.13
1788749220|20260907104700|953.21
1788749230|20260907104710|953.37
1788749235|20260907104715|953.43
1788749240|20260907104720|953.51
1788749245|20260907104725|953.27
1788749260|20260907104740|953.51
1788749265|20260907104745|953.61
1788749270|20260907104750|953.59
1788749275|20260907104755|953.59
1788749280|20260907104800|953.73
1788749285|20260907104805|953.62
1788749290|20260907104810|953.56
1788749295|20260907104815|953.47
1788749300|20260907104820|953.56
1788749305|20260907104825|953.46
1788749315|20260907104835|953.37
1788749325|20260907104845|953.32
1788749330|20260907104850|953.30
1788749335|20260907104855|953.36
1788749345|20260907104905|953.22
1788749350|20260907104910|953.00
1788749355|20260907104915|953.02
1788749360|20260907104920|953.15
1788749365|20260907104925|953.16
1788749385|20260907104945|953.33
1788749405|20260907105005|953.31
1788749410|20260907105010|953.33
1788749415|20260907105015|953.39
1788749420|20260907105020|953.34
1788749425|20260907105025|953.27
1788749440|20260907105040|953.27
1788749445|20260907105045|953.34
1788749450|20260907105050|953.39
1788749455|20260907105055|953.33
1788749465|20260907105105|953.31
1788749470|20260907105110|953.34
1788749475|20260907105115|953.34
1788749480|20260907105120|953.36
1788749485|20260907105125|953.30
1788749495|20260907105135|953.20
1788749500|20260907105140|953.10
1788749505|20260907105145|952.79
1788749510|20260907105150|952.78
1788749525|20260907105205|952.92
1788749530|20260907105210|952.98
1788749535|20260907105215|953.02
1788749540|20260907105220|952.98
1788749545|20260907105225|952.99
1788749555|20260907105235|953.03
1788749560|20260907105240|953.03
1788749565|20260907105245|953.10
1788749570|20260907105250|953.12
1788749575|20260907105255|952.99
1788749585|20260907105305|952.94
1788749590|20260907105310|953.02
1788749600|20260907105320|952.82
1788749605|20260907105325|952.82
1788749615|20260907105335|952.83
1788749620|20260907105340|952.80
1788749625|20260907105345|952.71
1788749630|20260907105350|952.74
1788749635|20260907105355|952.65
1788749640|20260907105400|952.72
1788749645|20260907105405|952.59
1788749650|20260907105410|952.54
1788749655|20260907105415|952.63
1788749660|20260907105420|952.67
1788749665|20260907105425|952.70
1788749705|20260907105505|952.64
1788749710|20260907105510|952.72
1788749715|20260907105515|952.70
1788749720|20260907105520|952.61
1788749725|20260907105525|952.56
1788749735|20260907105535|952.58
1788749740|20260907105540|952.57
1788749745|20260907105545|952.54
1788749750|20260907105550|952.42
1788749755|20260907105555|952.45
1788749765|20260907105605|952.51
1788749770|20260907105610|952.51
1788749775|20260907105615|952.48
1788749780|20260907105620|952.29
1788749785|20260907105625|952.28
1788749795|20260907105635|952.12
1788749800|20260907105640|952.17
1788749805|20260907105645|952.17
1788749810|20260907105650|952.17
1788749815|20260907105655|952.09
1788749820|20260907105700|951.93
1788749825|20260907105705|951.85
1788749830|20260907105710|952.03
1788749835|20260907105715|952.13
1788749840|20260907105720|952.04
1788749845|20260907105725|951.93
1788749855|20260907105735|952.04
1788749860|20260907105740|952.06
1788749870|20260907105750|951.86
1788749875|20260907105755|951.88
1788749885|20260907105805|951.88
1788749890|20260907105810|951.27
1788749895|20260907105815|951.51
1788749900|20260907105820|951.59
1788749905|20260907105825|951.65
1788749915|20260907105835|951.79
1788749920|20260907105840|951.76
1788749925|20260907105845|951.67
1788749930|20260907105850|951.73
1788749935|20260907105855|951.69
1788749945|20260907105905|951.62
1788749950|20260907105910|951.67
1788749955|20260907105915|951.74
1788749960|20260907105920|951.73
1788749965|20260907105925|951.77
1788749995|20260907105955|951.58
1788750005|20260907110005|951.46
1788750010|20260907110010|951.35
1788750015|20260907110015|951.32
1788750020|20260907110020|951.31
1788750035|20260907110035|951.41
1788750040|20260907110040|951.48
1788750045|20260907110045|951.54
1788750050|20260907110050|951.56
1788750055|20260907110055|951.63
1788750065|20260907110105|951.40
1788750070|20260907110110|951.31
1788750075|20260907110115|951.34
1788750080|20260907110120|951.26
1788750085|20260907110125|951.30
1788750095|20260907110135|951.27
1788750100|20260907110140|951.25
1788750105|20260907110145|951.29
1788750110|20260907110150|951.34
1788750115|20260907110155|951.26
1788750125|20260907110205|951.31
1788750130|20260907110210|951.33
1788750135|20260907110215|951.29
1788750140|20260907110220|951.27
1788750145|20260907110225|951.33
1788750155|20260907110235|951.29
1788750160|20260907110240|951.32
1788750165|20260907110245|951.37
1788750170|20260907110250|951.50
1788750175|20260907110255|951.45
1788750185|20260907110305|951.21
1788750190|20260907110310|951.31
1788750195|20260907110315|951.39
1788750200|20260907110320|951.38
1788750205|20260907110325|951.41
1788750215|20260907110335|951.45
1788750220|20260907110340|951.41
1788750225|20260907110345|951.36
1788750230|20260907110350|951.55
1788750235|20260907110355|951.55
1788750245|20260907110405|951.52
1788750250|20260907110410|951.40
1788750255|20260907110415|951.40
1788750260|20260907110420|951.30
1788750265|20260907110425|951.31
1788750305|20260907110505|951.53
1788750310|20260907110510|951.46
1788750315|20260907110515|951.53
1788750320|20260907110520|951.58
1788750325|20260907110525|951.55
1788750335|20260907110535|951.38
1788750340|20260907110540|951.48
1788750345|20260907110545|951.52
1788750350|20260907110550|951.48
1788750365|20260907110605|951.43
1788750370|20260907110610|951.36
1788750375|20260907110615|951.37
1788750380|20260907110620|951.44
1788750385|20260907110625|951.46
1788750395|20260907110635|951.34
1788750400|20260907110640|951.16
1788750405|20260907110645|951.11
1788750415|20260907110655|951.02
1788750425|20260907110705|950.91
1788750430|20260907110710|950.91
1788750435|20260907110715|950.94
1788750440|20260907110720|950.86
1788750445|20260907110725|950.90
1788750455|20260907110735|950.98
1788750460|20260907110740|951.09
1788750465|20260907110745|951.06
1788750470|20260907110750|951.01
1788750475|20260907110755|951.04
1788750485|20260907110805|950.96
1788750490|20260907110810|951.06
1788750495|20260907110815|951.00
1788750500|20260907110820|950.95
1788750505|20260907110825|950.96
1788750515|20260907110835|950.84
1788750520|20260907110840|950.79
1788750525|20260907110845|950.77
1788750530|20260907110850|950.84
1788750545|20260907110905|950.97
1788750550|20260907110910|950.97
1788750555|20260907110915|950.87
1788750560|20260907110920|950.85
1788750565|20260907110925|950.86
1788750580|20260907110940|950.90
1788750600|20260907111000|950.97
1788750605|20260907111005|950.88
1788750610|20260907111010|950.90
1788750615|20260907111015|950.91
1788750620|20260907111020|950.94
1788750625|20260907111025|951.00
1788750630|20260907111030|950.98
1788750640|20260907111040|950.90
1788750645|20260907111045|950.82
1788750650|20260907111050|950.79
1788750655|20260907111055|950.85
1788750665|20260907111105|951.03
1788750670|20260907111110|951.01
1788750675|20260907111115|950.97
1788750680|20260907111120|950.99
1788750685|20260907111125|951.06
1788750695|20260907111135|951.06
1788750700|20260907111140|950.99
1788750705|20260907111145|950.99
1788750710|20260907111150|950.94
1788750715|20260907111155|951.02
1788750730|20260907111210|951.18
1788750735|20260907111215|951.22
1788750740|20260907111220|951.23
1788750745|20260907111225|951.23
1788750750|20260907111230|951.22
1788750760|20260907111240|951.19
1788750765|20260907111245|951.20
1788750770|20260907111250|951.21
1788750775|20260907111255|951.15
1788750780|20260907111300|951.10
1788750785|20260907111305|951.08
1788750790|20260907111310|951.09
1788750795|20260907111315|951.17
1788750805|20260907111325|951.33
1788750815|20260907111335|951.32
1788750825|20260907111345|951.23
1788750830|20260907111350|951.24
1788750835|20260907111355|951.23
1788750840|20260907111400|951.24
1788750845|20260907111405|951.22
1788750850|20260907111410|951.32
1788750855|20260907111415|951.38
1788750865|20260907111425|951.38
1788750875|20260907111435|951.30
1788750880|20260907111440|951.34
1788750895|20260907111455|951.15
1788750900|20260907111500|951.20
1788750915|20260907111515|951.17
1788750920|20260907111520|951.26
1788750935|20260907111535|951.27
1788750940|20260907111540|951.23
1788750945|20260907111545|951.20
1788750950|20260907111550|951.24
1788750955|20260907111555|951.28
1788750960|20260907111600|951.15
1788750965|20260907111605|951.06
1788750970|20260907111610|951.14
1788750980|20260907111620|951.18
1788750985|20260907111625|951.19
1788750995|20260907111635|951.16
1788751000|20260907111640|951.15
1788751005|20260907111645|951.13
1788751010|20260907111650|951.10
1788751025|20260907111705|951.08
1788751030|20260907111710|951.08
1788751035|20260907111715|951.02
1788751040|20260907111720|951.00
1788751045|20260907111725|951.16
1788751055|20260907111735|951.15
1788751060|20260907111740|951.07
1788751065|20260907111745|951.00
1788751070|20260907111750|951.05
1788751080|20260907111800|950.99
1788751085|20260907111805|950.73
1788751090|20260907111810|950.72
1788751095|20260907111815|950.72
1788751100|20260907111820|950.70
1788751105|20260907111825|950.69
1788751115|20260907111835|950.50
1788751120|20260907111840|950.52
1788751125|20260907111845|950.64
1788751130|20260907111850|950.54
1788751135|20260907111855|950.61
1788751140|20260907111900|950.88
1788751145|20260907111905|951.06
1788751160|20260907111920|951.13
1788751180|20260907111940|951.00
1788751210|20260907112010|950.92
1788751220|20260907112020|950.98
1788751225|20260907112025|951.03
1788751235|20260907112035|951.18
1788751245|20260907112045|951.20
1788751255|20260907112055|951.29
1788751260|20260907112100|951.28
1788751275|20260907112115|951.30
1788751280|20260907112120|951.32
1788751295|20260907112135|951.30
1788751300|20260907112140|951.32
1788751305|20260907112145|951.38
1788751310|20260907112150|951.37
1788751315|20260907112155|951.59
1788751325|20260907112205|951.52
1788751335|20260907112215|951.38
1788751340|20260907112220|951.46
1788751345|20260907112225|951.49
1788751355|20260907112235|951.37
1788751360|20260907112240|951.34
1788751365|20260907112245|951.29
1788751370|20260907112250|951.35
1788751375|20260907112255|951.37
1788751385|20260907112305|951.47
1788751390|20260907112310|951.47
1788751395|20260907112315|951.44
1788751400|20260907112320|951.45
1788751405|20260907112325|951.44
1788751415|20260907112335|951.40
1788751420|20260907112340|951.36
1788751430|20260907112350|951.41
1788751435|20260907112355|951.42
1788751445|20260907112405|951.56
1788751455|20260907112415|951.53
1788751465|20260907112425|951.33
1788751490|20260907112450|951.33
1788751500|20260907112500|951.40
1788751505|20260907112505|951.47
1788751510|20260907112510|951.51
1788751515|20260907112515|951.52
1788751520|20260907112520|951.54
1788751525|20260907112525|951.36
1788751535|20260907112535|951.40
1788751540|20260907112540|951.39
1788751545|20260907112545|951.39
1788751550|20260907112550|951.39
1788751555|20260907112555|951.48
1788751565|20260907112605|951.54
1788751570|20260907112610|951.52
1788751575|20260907112615|951.54
1788751580|20260907112620|951.52
1788751585|20260907112625|951.52
1788751595|20260907112635|951.49
1788751600|20260907112640|951.49
1788751605|20260907112645|951.48
1788751610|20260907112650|951.46
1788751615|20260907112655|951.49
1788751625|20260907112705|951.53
1788751630|20260907112710|951.54
1788751635|20260907112715|951.49
1788751640|20260907112720|951.51
1788751645|20260907112725|951.50
1788751660|20260907112740|951.48
1788751665|20260907112745|951.47
1788751670|20260907112750|951.49
1788751675|20260907112755|951.48
1788751685|20260907112805|951.49
1788751695|20260907112815|951.49
1788751700|20260907112820|951.46
1788751705|20260907112825|951.37
1788751715|20260907112835|951.40
1788751720|20260907112840|951.45
1788751725|20260907112845|951.45
1788751730|20260907112850|951.43
1788751735|20260907112855|951.43
1788751745|20260907112905|951.46
1788751755|20260907112915|951.41
1788751760|20260907112920|951.40
1788751765|20260907112925|951.46
1788751795|20260907112955|951.41
1788751810|20260907113010|951.23
1788751815|20260907113015|951.23
1788751820|20260907113020|951.09
1788751825|20260907113025|951.05
1788751835|20260907113035|951.09
1788751840|20260907113040|951.08
1788751845|20260907113045|951.09
1788751850|20260907113050|951.39
1788751855|20260907113055|951.37
1788751865|20260907113105|951.27
1788751870|20260907113110|951.20
1788751880|20260907113120|951.20
1788751885|20260907113125|951.18
1788751895|20260907113135|951.14
1788751900|20260907113140|951.16
1788751905|20260907113145|951.03
1788751915|20260907113155|950.85
1788751925|20260907113205|950.97
1788751935|20260907113215|951.16
1788751940|20260907113220|951.16
1788751960|20260907113240|951.13
1788751965|20260907113245|951.10
1788751970|20260907113250|951.15
1788751975|20260907113255|951.24
1788751990|20260907113310|951.31
1788751995|20260907113315|951.17
1788752000|20260907113320|951.17
1788752005|20260907113325|951.13
1788752015|20260907113335|951.18
1788752020|20260907113340|951.14
1788752025|20260907113345|951.11
1788752030|20260907113350|951.11
1788752035|20260907113355|951.13
1788752045|20260907113405|951.03
1788752050|20260907113410|951.04
1788752055|20260907113415|951.08
1788752060|20260907113420|951.19
1788752065|20260907113425|951.21
1788752080|20260907113440|951.14
1788752105|20260907113505|951.19
1788752110|20260907113510|951.21
1788752115|20260907113515|951.31
1788752120|20260907113520|951.25
1788752125|20260907113525|951.22
1788752135|20260907113535|951.15
1788752140|20260907113540|951.13
1788752145|20260907113545|951.13
1788752150|20260907113550|951.18
1788752170|20260907113610|951.21
1788752175|20260907113615|951.02
1788752180|20260907113620|951.00
1788752185|20260907113625|950.93
1788752195|20260907113635|951.05
1788752200|20260907113640|951.08
1788752205|20260907113645|951.07
1788752235|20260907113715|951.14
1788752240|20260907113720|951.10
1788752245|20260907113725|951.03
1788752255|20260907113735|950.87
1788752260|20260907113740|950.87
1788752265|20260907113745|950.83
1788752270|20260907113750|950.87
1788752275|20260907113755|950.77
1788752285|20260907113805|950.60
1788752290|20260907113810|950.65
1788752300|20260907113820|950.57
1788752305|20260907113825|950.60
1788752315|20260907113835|950.60
1788752320|20260907113840|950.59
1788752325|20260907113845|950.64
1788752330|20260907113850|950.60
1788752350|20260907113910|950.63
1788752355|20260907113915|950.67
1788752360|20260907113920|950.64
1788752365|20260907113925|950.64
1788752400|20260907114000|950.61
1788752405|20260907114005|950.65
1788752410|20260907114010|950.63
1788752415|20260907114015|950.61
1788752420|20260907114020|950.67
1788752435|20260907114035|950.73
1788752440|20260907114040|950.68
1788752445|20260907114045|950.69
1788752450|20260907114050|950.71
1788752455|20260907114055|950.72
1788752465|20260907114105|950.73
1788752470|20260907114110|950.63
1788752485|20260907114125|950.58
1788752495|20260907114135|950.64
1788752505|20260907114145|950.59
1788752510|20260907114150|950.58
1788752515|20260907114155|950.60
1788752525|20260907114205|950.58
1788752535|20260907114215|950.52
1788752540|20260907114220|950.47
1788752545|20260907114225|950.29
1788752555|20260907114235|950.24
1788752565|20260907114245|950.23
1788752570|20260907114250|950.21
1788752575|20260907114255|950.16
1788752585|20260907114305|950.10
1788752590|20260907114310|950.12
1788752595|20260907114315|950.12
1788752605|20260907114325|950.07
1788752620|20260907114340|950.11
1788752625|20260907114345|950.11
1788752630|20260907114350|950.08
1788752635|20260907114355|950.03
1788752645|20260907114405|950.21
1788752655|20260907114415|950.20
1788752660|20260907114420|950.24
1788752665|20260907114425|950.20
1788752705|20260907114505|950.04
1788752715|20260907114515|950.04
1788752720|20260907114520|950.02
1788752725|20260907114525|949.97
1788752735|20260907114535|950.01
1788752740|20260907114540|949.95
1788752745|20260907114545|950.02
1788752750|20260907114550|950.06
1788752755|20260907114555|950.03
1788752760|20260907114600|950.06
1788752765|20260907114605|950.05
1788752775|20260907114615|950.08
1788752780|20260907114620|950.09
1788752785|20260907114625|950.16
1788752795|20260907114635|950.34
1788752800|20260907114640|950.42
1788752805|20260907114645|950.35
1788752810|20260907114650|950.39
1788752815|20260907114655|950.37
1788752825|20260907114705|950.34
1788752830|20260907114710|950.44
1788752835|20260907114715|950.40
1788752845|20260907114725|950.39
1788752855|20260907114735|950.37
1788752870|20260907114750|950.41
1788752885|20260907114805|950.47
1788752890|20260907114810|950.56
1788752895|20260907114815|950.56
1788752900|20260907114820|950.57
1788752905|20260907114825|950.53
1788752915|20260907114835|950.47
1788752920|20260907114840|950.42
1788752930|20260907114850|950.36
1788752945|20260907114905|950.33
1788752950|20260907114910|950.34
1788752955|20260907114915|950.29
1788752960|20260907114920|950.26
1788752965|20260907114925|950.31
1788753000|20260907115000|950.20
1788753005|20260907115005|950.22
1788753010|20260907115010|950.23
1788753015|20260907115015|950.18
1788753020|20260907115020|950.18
1788753025|20260907115025|950.15
1788753035|20260907115035|950.17
1788753040|20260907115040|950.16
1788753045|20260907115045|950.24
1788753055|20260907115055|950.26
1788753065|20260907115105|950.24
1788753075|20260907115115|950.20
1788753080|20260907115120|950.09
1788753085|20260907115125|950.12
1788753095|20260907115135|950.12
1788753100|20260907115140|950.05
1788753105|20260907115145|949.99
1788753110|20260907115150|950.09
1788753115|20260907115155|950.06
1788753130|20260907115210|950.01
1788753135|20260907115215|950.01
1788753145|20260907115225|950.09
1788753155|20260907115235|950.10
1788753160|20260907115240|950.20
1788753170|20260907115250|950.13
1788753175|20260907115255|950.10
1788753185|20260907115305|950.06
1788753190|20260907115310|949.94
1788753200|20260907115320|949.91
1788753205|20260907115325|949.94
1788753215|20260907115335|949.92
1788753225|20260907115345|949.92
1788753230|20260907115350|949.87
1788753235|20260907115355|949.86
1788753245|20260907115405|949.97
1788753250|20260907115410|949.93
1788753255|20260907115415|950.00
1788753260|20260907115420|949.93
1788753265|20260907115425|949.96
1788753295|20260907115455|950.02
1788753305|20260907115505|950.04
1788753310|20260907115510|950.05
1788753315|20260907115515|950.07
1788753320|20260907115520|950.07
1788753325|20260907115525|950.08
1788753335|20260907115535|949.92
1788753340|20260907115540|949.92
1788753345|20260907115545|949.97
1788753360|20260907115600|950.09
1788753365|20260907115605|950.03
1788753370|20260907115610|950.00
1788753375|20260907115615|950.04
1788753380|20260907115620|949.90
1788753395|20260907115635|949.90
1788753400|20260907115640|949.97
1788753405|20260907115645|949.95
1788753415|20260907115655|950.01
1788753425|20260907115705|950.05
1788753430|20260907115710|950.02
1788753440|20260907115720|950.04
1788753445|20260907115725|950.01
1788753455|20260907115735|950.12
1788753465|20260907115745|950.04
1788753470|20260907115750|950.09
1788753475|20260907115755|950.10
1788753490|20260907115810|950.06
1788753495|20260907115815|950.04
1788753500|20260907115820|950.06
1788753505|20260907115825|950.09
1788753515|20260907115835|950.13
1788753520|20260907115840|950.14
1788753530|20260907115850|950.15
1788753535|20260907115855|950.13
1788753545|20260907115905|950.14
1788753550|20260907115910|950.17
1788753560|20260907115920|950.21
1788753565|20260907115925|950.24
1788753600|20260907120000|950.39
1788753605|20260907120005|950.37
1788753610|20260907120010|950.48
1788753620|20260907120020|950.50
1788753625|20260907120025|950.44
1788753635|20260907120035|950.56
1788753640|20260907120040|950.53
1788753650|20260907120050|950.58
1788753655|20260907120055|950.52
1788753660|20260907120100|950.53
1788753665|20260907120105|950.48
1788753670|20260907120110|950.45
1788753675|20260907120115|950.30
1788753680|20260907120120|950.28
1788753685|20260907120125|950.11
1788753695|20260907120135|950.00
1788753700|20260907120140|950.08
1788753705|20260907120145|950.19
1788753710|20260907120150|950.18
1788753715|20260907120155|950.12
1788753725|20260907120205|949.99
1788753730|20260907120210|950.05
1788753735|20260907120215|950.02
1788753740|20260907120220|950.30
1788753745|20260907120225|950.30
1788753755|20260907120235|950.26
1788753760|20260907120240|950.37
1788753765|20260907120245|950.34
1788753770|20260907120250|950.36
1788753775|20260907120255|950.37
1788753780|20260907120300|950.41
1788753785|20260907120305|950.47
1788753790|20260907120310|950.46
1788753795|20260907120315|950.49
1788753800|20260907120320|950.23
1788753805|20260907120325|950.31
1788753815|20260907120335|950.24
1788753820|20260907120340|950.29
1788753825|20260907120345|950.04
1788753830|20260907120350|950.04
1788753835|20260907120355|949.97
1788753840|20260907120400|950.01
1788753850|20260907120410|950.08
1788753855|20260907120415|950.09
1788753860|20260907120420|950.25
1788753865|20260907120425|950.22
1788753900|20260907120500|949.82
1788753905|20260907120505|949.76
1788753910|20260907120510|949.89
1788753915|20260907120515|949.82
1788753920|20260907120520|949.90
1788753925|20260907120525|949.95
1788753935|20260907120535|949.92
1788753940|20260907120540|950.07
1788753945|20260907120545|950.10
1788753955|20260907120555|950.14
1788753965|20260907120605|950.18
1788753970|20260907120610|950.20
1788753975|20260907120615|950.17
1788753980|20260907120620|950.19
1788753985|20260907120625|950.22
1788754000|20260907120640|950.26
1788754005|20260907120645|950.28
1788754010|20260907120650|950.26
1788754015|20260907120655|950.24
1788754030|20260907120710|950.16
1788754035|20260907120715|950.00
1788754045|20260907120725|949.97
1788754055|20260907120735|950.11
1788754065|20260907120745|950.24
1788754070|20260907120750|950.17
1788754075|20260907120755|950.15
1788754090|20260907120810|950.14
1788754095|20260907120815|950.13
1788754100|20260907120820|950.16
1788754105|20260907120825|950.20
1788754115|20260907120835|950.26
1788754120|20260907120840|950.26
1788754125|20260907120845|950.24
1788754130|20260907120850|950.25
1788754135|20260907120855|950.27
1788754145|20260907120905|950.34
1788754150|20260907120910|950.47
1788754155|20260907120915|950.49
1788754160|20260907120920|950.49
1788754165|20260907120925|950.52
1788754210|20260907121010|950.57
1788754215|20260907121015|950.62
1788754220|20260907121020|950.62
1788754225|20260907121025|950.68
1788754235|20260907121035|950.58
1788754240|20260907121040|950.66
1788754245|20260907121045|950.64
1788754250|20260907121050|950.59
1788754265|20260907121105|950.59
1788754270|20260907121110|950.57
1788754275|20260907121115|950.66
1788754280|20260907121120|950.61
1788754285|20260907121125|950.66
1788754295|20260907121135|950.73
1788754300|20260907121140|950.70
1788754310|20260907121150|950.75
1788754315|20260907121155|950.75
1788754320|20260907121200|950.75
1788754325|20260907121205|950.89
1788754330|20260907121210|950.92
1788754335|20260907121215|951.02
1788754340|20260907121220|950.83
1788754345|20260907121225|950.82
1788754355|20260907121235|950.74
1788754360|20260907121240|950.76
1788754370|20260907121250|950.96
1788754375|20260907121255|950.95
1788754385|20260907121305|950.86
1788754405|20260907121325|950.82
1788754420|20260907121340|950.85
1788754425|20260907121345|950.80
1788754430|20260907121350|950.73
1788754445|20260907121405|950.78
1788754450|20260907121410|950.74
1788754455|20260907121415|950.79
1788754460|20260907121420|950.73
1788754465|20260907121425|950.73
1788754505|20260907121505|950.92
1788754510|20260907121510|950.92
1788754515|20260907121515|950.91
1788754520|20260907121520|950.88
1788754525|20260907121525|950.89
1788754535|20260907121535|950.73
1788754540|20260907121540|950.78
1788754545|20260907121545|950.73
1788754555|20260907121555|950.82
1788754560|20260907121600|950.78
1788754565|20260907121605|950.75
1788754570|20260907121610|950.76
1788754580|20260907121620|950.55
1788754595|20260907121635|950.47
1788754600|20260907121640|950.46
1788754605|20260907121645|950.50
1788754620|20260907121700|950.48
1788754630|20260907121710|950.40
1788754635|20260907121715|950.27
1788754640|20260907121720|950.21
1788754655|20260907121735|950.30
1788754660|20260907121740|950.36
1788754665|20260907121745|950.26
1788754670|20260907121750|950.26
1788754685|20260907121805|950.16
1788754690|20260907121810|950.18
1788754695|20260907121815|950.13
1788754700|20260907121820|950.17
1788754705|20260907121825|950.18
1788754715|20260907121835|950.25
1788754725|20260907121845|950.15
1788754730|20260907121850|950.18
1788754735|20260907121855|950.19
1788754740|20260907121900|950.17
1788754745|20260907121905|950.17
1788754750|20260907121910|950.19
1788754755|20260907121915|950.23
1788754780|20260907121940|950.26
1788754805|20260907122005|950.13
1788754810|20260907122010|950.15
1788754820|20260907122020|950.16
1788754825|20260907122025|949.99
1788754835|20260907122035|950.07
1788754840|20260907122040|949.83
1788754845|20260907122045|949.98
1788754850|20260907122050|949.98
1788754855|20260907122055|949.95
1788754860|20260907122100|949.90
1788754865|20260907122105|949.86
1788754870|20260907122110|949.86
1788754875|20260907122115|949.76
1788754880|20260907122120|949.73
1788754885|20260907122125|949.68
1788754895|20260907122135|949.81
1788754905|20260907122145|949.84
1788754910|20260907122150|949.85
1788754915|20260907122155|949.80
1788754920|20260907122200|949.83
1788754925|20260907122205|949.83
1788754930|20260907122210|949.85
1788754935|20260907122215|949.87
1788754940|20260907122220|949.85
1788754945|20260907122225|949.85
1788754950|20260907122230|949.85
1788754955|20260907122235|949.89
1788754960|20260907122240|949.82
1788754970|20260907122250|949.84
1788754975|20260907122255|949.82
1788754980|20260907122300|949.80
1788754990|20260907122310|949.83
1788755015|20260907122335|949.91
1788755020|20260907122340|949.78
1788755025|20260907122345|949.84
1788755030|20260907122350|949.84
1788755040|20260907122400|949.69
1788755045|20260907122405|949.66
1788755050|20260907122410|949.70
1788755055|20260907122415|949.71
1788755060|20260907122420|949.66
1788755100|20260907122500|949.66
1788755105|20260907122505|949.67
1788755110|20260907122510|949.76
1788755115|20260907122515|949.73
1788755120|20260907122520|949.73
1788755125|20260907122525|949.75
1788755135|20260907122535|949.83
1788755140|20260907122540|949.82
1788755145|20260907122545|949.87
1788755155|20260907122555|949.90
1788755160|20260907122600|949.84
1788755165|20260907122605|949.84
1788755170|20260907122610|949.63
1788755175|20260907122615|949.71
1788755180|20260907122620|949.66
1788755185|20260907122625|949.64
1788755195|20260907122635|949.76
1788755200|20260907122640|949.71
1788755210|20260907122650|949.72
1788755215|20260907122655|949.77
1788755220|20260907122700|949.69
1788755225|20260907122705|949.65
1788755235|20260907122715|949.68
1788755240|20260907122720|949.68
1788755245|20260907122725|949.73
1788755255|20260907122735|949.78
1788755270|20260907122750|949.94
1788755275|20260907122755|949.92
1788755280|20260907122800|949.92
1788755290|20260907122810|949.89
1788755295|20260907122815|949.82
1788755305|20260907122825|949.84
1788755315|20260907122835|949.84
1788755320|20260907122840|949.93
1788755325|20260907122845|949.94
1788755330|20260907122850|949.99
1788755335|20260907122855|949.93
1788755340|20260907122900|949.95
1788755345|20260907122905|949.95
1788755350|20260907122910|949.95
1788755355|20260907122915|949.93
1788755360|20260907122920|949.93
1788755365|20260907122925|949.91
1788755380|20260907122940|949.95
1788755405|20260907123005|949.99
1788755410|20260907123010|950.05
1788755415|20260907123015|949.99
1788755420|20260907123020|950.02
1788755425|20260907123025|949.84
1788755440|20260907123040|949.76
1788755445|20260907123045|949.78
1788755460|20260907123100|949.76
1788755465|20260907123105|949.73
1788755470|20260907123110|949.76
1788755475|20260907123115|949.78
1788755480|20260907123120|949.78
1788755485|20260907123125|949.81
1788755495|20260907123135|949.73
1788755505|20260907123145|949.76
1788755510|20260907123150|949.77
1788755530|20260907123210|949.46
1788755535|20260907123215|949.37
1788755540|20260907123220|949.62
1788755555|20260907123235|949.60
1788755560|20260907123240|949.54
1788755565|20260907123245|949.55
1788755570|20260907123250|949.60
1788755575|20260907123255|949.56
1788755580|20260907123300|949.52
1788755590|20260907123310|949.54
1788755595|20260907123315|949.59
1788755600|20260907123320|949.56
1788755620|20260907123340|949.52
1788755625|20260907123345|949.49
1788755630|20260907123350|949.46
1788755635|20260907123355|949.47
1788755645|20260907123405|949.31
1788755650|20260907123410|949.15
1788755655|20260907123415|949.15
1788755700|20260907123500|948.95
1788755705|20260907123505|949.12
1788755710|20260907123510|949.10
1788755720|20260907123520|949.01
1788755725|20260907123525|949.02
1788755735|20260907123535|948.97
1788755740|20260907123540|948.88
1788755745|20260907123545|948.88
1788755750|20260907123550|949.00
1788755755|20260907123555|949.00
1788755760|20260907123600|948.97
1788755765|20260907123605|948.90
1788755770|20260907123610|948.87
1788755775|20260907123615|948.86
1788755780|20260907123620|948.86
1788755785|20260907123625|948.78
1788755795|20260907123635|948.75
1788755800|20260907123640|948.74
1788755805|20260907123645|948.69
1788755810|20260907123650|948.67
1788755825|20260907123705|948.68
1788755830|20260907123710|948.68
1788755835|20260907123715|948.57
1788755840|20260907123720|948.59
1788755845|20260907123725|948.58
1788755855|20260907123735|948.55
1788755860|20260907123740|948.57
1788755865|20260907123745|948.52
1788755870|20260907123750|948.59
1788755875|20260907123755|948.57
1788755880|20260907123800|948.50
1788755885|20260907123805|948.61
1788755890|20260907123810|948.62
1788755895|20260907123815|948.59
1788755900|20260907123820|948.65
1788755905|20260907123825|948.63
1788755915|20260907123835|948.87
1788755920|20260907123840|948.85
1788755925|20260907123845|948.83
1788755930|20260907123850|948.82
1788755945|20260907123905|948.71
1788755950|20260907123910|948.50
1788755955|20260907123915|948.34
1788755960|20260907123920|948.38
1788755965|20260907123925|948.40
1788755975|20260907123935|948.42
1788756005|20260907124005|948.43
1788756015|20260907124015|948.38
1788756020|20260907124020|948.43
1788756025|20260907124025|948.40
1788756035|20260907124035|948.47
1788756040|20260907124040|948.48
1788756045|20260907124045|948.66
1788756050|20260907124050|948.67
1788756055|20260907124055|948.71
1788756065|20260907124105|948.71
1788756075|20260907124115|948.76
1788756080|20260907124120|948.72
1788756085|20260907124125|948.75
1788756095|20260907124135|948.78
1788756100|20260907124140|948.77
1788756105|20260907124145|948.77
1788756110|20260907124150|948.77
1788756115|20260907124155|948.71
1788756125|20260907124205|948.68
1788756130|20260907124210|948.76
1788756135|20260907124215|948.76
1788756140|20260907124220|948.77
1788756145|20260907124225|948.77
1788756155|20260907124235|948.77
1788756165|20260907124245|948.78
1788756170|20260907124250|948.76
1788756175|20260907124255|948.76
1788756185|20260907124305|948.83
1788756190|20260907124310|948.88
1788756195|20260907124315|948.86
1788756200|20260907124320|948.83
1788756205|20260907124325|948.90
1788756220|20260907124340|948.89
1788756225|20260907124345|948.91
1788756230|20260907124350|948.84
1788756235|20260907124355|948.86
1788756250|20260907124410|948.75
1788756260|20260907124420|948.70
1788756265|20260907124425|948.76
1788756290|20260907124450|948.82
1788756310|20260907124510|948.72
1788756315|20260907124515|948.83
1788756320|20260907124520|948.78
1788756325|20260907124525|948.87
1788756335|20260907124535|948.86
1788756340|20260907124540|948.80
1788756345|20260907124545|948.82
1788756360|20260907124600|948.85
1788756365|20260907124605|948.75
1788756370|20260907124610|948.77
1788756375|20260907124615|948.83
1788756380|20260907124620|948.84
1788756385|20260907124625|948.77
1788756395|20260907124635|948.74
1788756405|20260907124645|948.75
1788756410|20260907124650|948.77
1788756415|20260907124655|948.79
1788756425|20260907124705|948.87
1788756430|20260907124710|948.97
1788756440|20260907124720|948.86
1788756445|20260907124725|948.87
1788756455|20260907124735|948.81
1788756465|20260907124745|948.87
1788756470|20260907124750|948.74
1788756475|20260907124755|948.68
1788756480|20260907124800|948.69
1788756490|20260907124810|948.72
1788756495|20260907124815|948.80
1788756505|20260907124825|948.93
1788756515|20260907124835|948.96
1788756520|20260907124840|948.70
1788756525|20260907124845|948.74
1788756530|20260907124850|948.77
1788756535|20260907124855|948.63
1788756540|20260907124900|948.67
1788756545|20260907124905|948.61
1788756555|20260907124915|948.58
1788756560|20260907124920|948.56
1788756565|20260907124925|948.65
1788756605|20260907125005|948.71
1788756615|20260907125015|948.69
1788756620|20260907125020|948.75
1788756625|20260907125025|948.66
1788756635|20260907125035|948.82
1788756640|20260907125040|948.81
1788756645|20260907125045|948.88
1788756655|20260907125055|948.89
1788756660|20260907125100|948.89
1788756665|20260907125105|949.02
1788756675|20260907125115|948.99
1788756680|20260907125120|948.96
1788756685|20260907125125|948.94
1788756690|20260907125130|948.97
1788756695|20260907125135|948.92
1788756700|20260907125140|948.87
1788756705|20260907125145|948.90
1788756715|20260907125155|948.93
1788756725|20260907125205|948.91
1788756730|20260907125210|948.91
1788756740|20260907125220|948.81
1788756745|20260907125225|948.81
1788756755|20260907125235|948.84
1788756760|20260907125240|948.93
1788756765|20260907125245|948.75
1788756770|20260907125250|948.77
1788756775|20260907125255|948.80
1788756780|20260907125300|948.77
1788756785|20260907125305|948.87
1788756790|20260907125310|948.87
1788756795|20260907125315|948.83
1788756800|20260907125320|948.83
1788756805|20260907125325|948.80
1788756815|20260907125335|948.69
1788756820|20260907125340|948.75
1788756825|20260907125345|948.75
1788756835|20260907125355|948.70
1788756845|20260907125405|948.60
1788756850|20260907125410|948.59
1788756855|20260907125415|948.55
1788756860|20260907125420|948.57
1788756865|20260907125425|948.61
1788756900|20260907125500|948.69
1788756910|20260907125510|948.60
1788756915|20260907125515|948.60
1788756935|20260907125535|948.64
1788756945|20260907125545|948.75
1788756970|20260907125610|948.71
1788756975|20260907125615|948.73
1788756980|20260907125620|948.68
1788756985|20260907125625|948.77
1788756995|20260907125635|948.76
1788757005|20260907125645|948.93
1788757010|20260907125650|948.98
1788757015|20260907125655|948.96
1788757025|20260907125705|948.99
1788757035|20260907125715|948.96
1788757040|20260907125720|948.98
1788757060|20260907125740|949.00
1788757065|20260907125745|949.02
1788757070|20260907125750|949.00
1788757075|20260907125755|949.26
1788757085|20260907125805|949.10
1788757100|20260907125820|949.10
1788757125|20260907125845|949.18
1788757130|20260907125850|949.19
1788757135|20260907125855|949.24
1788757145|20260907125905|949.19
1788757150|20260907125910|949.21
1788757155|20260907125915|949.22
1788757160|20260907125920|949.27
1788757205|20260907130005|948.97
1788757210|20260907130010|949.04
1788757220|20260907130020|949.07
1788757225|20260907130025|948.99
1788757235|20260907130035|949.02
1788757240|20260907130040|948.96
1788757245|20260907130045|948.96
1788757265|20260907130105|948.95
1788757280|20260907130120|949.15
1788757285|20260907130125|949.23
1788757295|20260907130135|949.31
1788757300|20260907130140|949.44
1788757305|20260907130145|949.45
1788757310|20260907130150|949.57
1788757325|20260907130205|949.56
1788757330|20260907130210|949.49
1788757335|20260907130215|949.38
1788757340|20260907130220|949.42
1788757345|20260907130225|949.34
1788757360|20260907130240|949.19
1788757365|20260907130245|949.24
1788757370|20260907130250|949.14
1788757375|20260907130255|949.16
1788757385|20260907130305|949.18
1788757390|20260907130310|949.15
1788757395|20260907130315|949.02
1788757400|20260907130320|949.24
1788757405|20260907130325|949.28
1788757415|20260907130335|949.37
1788757420|20260907130340|949.37
1788757425|20260907130345|949.36
1788757430|20260907130350|949.38
1788757435|20260907130355|949.37
1788757445|20260907130405|949.44
1788757450|20260907130410|949.40
1788757455|20260907130415|949.38
1788757460|20260907130420|949.38
1788757510|20260907130510|950.01
1788757515|20260907130515|949.96
1788757520|20260907130520|949.90
1788757525|20260907130525|949.92
1788757535|20260907130535|950.01
1788757540|20260907130540|950.11
1788757545|20260907130545|950.05
1788757555|20260907130555|950.08
1788757565|20260907130605|950.18
1788757570|20260907130610|950.16
1788757575|20260907130615|950.18
1788757580|20260907130620|950.20
1788757585|20260907130625|950.26
1788757595|20260907130635|950.26
1788757605|20260907130645|950.28
1788757610|20260907130650|950.22
1788757615|20260907130655|950.31
1788757625|20260907130705|950.29
1788757635|20260907130715|950.21
1788757640|20260907130720|950.18
1788757645|20260907130725|950.09
1788757655|20260907130735|950.15
1788757660|20260907130740|950.14
1788757665|20260907130745|950.13
1788757670|20260907130750|950.11
1788757675|20260907130755|950.10
1788757695|20260907130815|949.89
1788757700|20260907130820|949.84
1788757715|20260907130835|949.82
1788757725|20260907130845|949.74
1788757745|20260907130905|949.78
1788757755|20260907130915|949.60
1788757760|20260907130920|949.62
1788757765|20260907130925|949.64
1788757805|20260907131005|949.73
1788757810|20260907131010|949.70
1788757815|20260907131015|949.93
1788757820|20260907131020|949.93
1788757835|20260907131035|949.94
1788757845|20260907131045|949.92
1788757865|20260907131105|949.74
1788757870|20260907131110|949.66
1788757875|20260907131115|949.65
1788757880|20260907131120|949.49
1788757885|20260907131125|949.40
1788757895|20260907131135|949.30
1788757900|20260907131140|949.30
1788757910|20260907131150|949.19
1788757935|20260907131215|949.29
1788757945|20260907131225|949.23
1788757955|20260907131235|949.17
1788757960|20260907131240|949.18
1788757965|20260907131245|949.25
1788757975|20260907131255|949.41
1788757985|20260907131305|949.56
1788757990|20260907131310|949.58
1788757995|20260907131315|949.57
1788758000|20260907131320|949.61
1788758005|20260907131325|949.63
1788758015|20260907131335|949.68
1788758020|20260907131340|949.65
1788758025|20260907131345|949.75
1788758030|20260907131350|949.64
1788758035|20260907131355|949.70
1788758045|20260907131405|949.81
1788758060|20260907131420|949.76
1788758065|20260907131425|949.84
1788758120|20260907131520|950.06
1788758135|20260907131535|950.13
1788758150|20260907131550|950.20
1788758170|20260907131610|950.15
1788758180|20260907131620|950.15
1788758185|20260907131625|950.21
1788758195|20260907131635|950.12
1788758215|20260907131655|950.15
1788758220|20260907131700|950.09
1788758225|20260907131705|950.18
1788758230|20260907131710|950.21
1788758235|20260907131715|950.28
1788758245|20260907131725|950.26
1788758255|20260907131735|950.25
1788758260|20260907131740|950.20
1788758265|20260907131745|950.19
1788758270|20260907131750|950.20
1788758275|20260907131755|950.16
1788758285|20260907131805|950.29
1788758295|20260907131815|950.28
1788758300|20260907131820|950.42
1788758305|20260907131825|950.47
1788758315|20260907131835|950.55
1788758320|20260907131840|950.53
1788758330|20260907131850|950.54
1788758335|20260907131855|950.62
1788758345|20260907131905|950.62
1788758350|20260907131910|950.69
1788758355|20260907131915|950.64
1788758360|20260907131920|950.50
1788758365|20260907131925|950.52
1788758400|20260907132000|950.50
1788758405|20260907132005|950.56
1788758410|20260907132010|950.53
1788758420|20260907132020|950.52
1788758425|20260907132025|950.56
1788758435|20260907132035|950.57
1788758440|20260907132040|950.53
1788758445|20260907132045|950.55
1788758450|20260907132050|950.53
1788758455|20260907132055|950.53
1788758460|20260907132100|950.34
1788758465|20260907132105|950.34
1788758470|20260907132110|950.34
1788758475|20260907132115|950.31
1788758480|20260907132120|950.17
1788758485|20260907132125|950.14
1788758495|20260907132135|950.01
1788758500|20260907132140|950.05
1788758505|20260907132145|950.01
1788758520|20260907132200|950.06
1788758525|20260907132205|950.13
1788758530|20260907132210|950.17
1788758535|20260907132215|950.10
1788758545|20260907132225|950.12
1788758555|20260907132235|950.18
1788758560|20260907132240|950.17
1788758575|20260907132255|950.14
1788758585|20260907132305|950.15
1788758590|20260907132310|950.17
1788758595|20260907132315|950.07
1788758600|20260907132320|950.10
1788758605|20260907132325|950.13
1788758620|20260907132340|950.10
1788758625|20260907132345|950.10
1788758630|20260907132350|950.11
1788758635|20260907132355|950.08
1788758645|20260907132405|950.11
1788758650|20260907132410|950.11
1788758660|20260907132420|950.22
1788758665|20260907132425|950.19
1788758700|20260907132500|950.59
1788758710|20260907132510|950.47
1788758715|20260907132515|950.54
1788758720|20260907132520|950.60
1788758725|20260907132525|950.66
1788758735|20260907132535|950.75
1788758740|20260907132540|950.92
1788758750|20260907132550|950.86
1788758755|20260907132555|950.75
1788758765|20260907132605|950.78
1788758770|20260907132610|950.78
1788758775|20260907132615|950.78
1788758780|20260907132620|950.83
1788758785|20260907132625|950.80
1788758795|20260907132635|950.85
1788758800|20260907132640|950.85
1788758805|20260907132645|950.89
1788758810|20260907132650|950.81
1788758815|20260907132655|950.83
1788758825|20260907132705|950.89
1788758835|20260907132715|950.88
1788758840|20260907132720|950.89
1788758845|20260907132725|950.87
1788758855|20260907132735|950.92
1788758860|20260907132740|951.06
1788758865|20260907132745|951.11
1788758875|20260907132755|951.25
1788758885|20260907132805|951.41
1788758890|20260907132810|951.55
1788758895|20260907132815|951.44
1788758900|20260907132820|951.41
1788758905|20260907132825|951.23
1788758915|20260907132835|951.40
1788758920|20260907132840|951.44
1788758925|20260907132845|951.54
1788758930|20260907132850|951.53
1788758935|20260907132855|951.44
1788758940|20260907132900|951.47
1788758955|20260907132915|951.72
1788758960|20260907132920|951.72
1788758975|20260907132935|951.95
1788758990|20260907132950|951.83
1788759000|20260907133000|951.90
1788759005|20260907133005|951.69
1788759015|20260907133015|951.23
1788759020|20260907133020|951.04
1788759025|20260907133025|951.09
1788759045|20260907133045|951.33
1788759050|20260907133050|951.67
1788759055|20260907133055|951.62
1788759065|20260907133105|951.85
1788759075|20260907133115|952.32
1788759080|20260907133120|952.30
1788759085|20260907133125|952.12
1788759095|20260907133135|951.92
1788759100|20260907133140|951.91
1788759105|20260907133145|951.93
1788759125|20260907133205|951.68
1788759130|20260907133210|951.63
1788759135|20260907133215|951.56
1788759140|20260907133220|951.69
1788759145|20260907133225|951.60
1788759155|20260907133235|951.25
1788759160|20260907133240|951.20
1788759165|20260907133245|951.34
1788759170|20260907133250|951.47
1788759180|20260907133300|951.27
1788759185|20260907133305|951.12
1788759195|20260907133315|950.96
1788759200|20260907133320|951.09
1788759225|20260907133345|950.77
1788759230|20260907133350|950.59
1788759235|20260907133355|950.61
1788759245|20260907133405|950.83
1788759250|20260907133410|950.88
1788759255|20260907133415|950.81
1788759260|20260907133420|950.79
1788759265|20260907133425|950.85
1788759305|20260907133505|951.21
1788759320|20260907133520|951.59
1788759325|20260907133525|951.45
1788759335|20260907133535|951.43
1788759340|20260907133540|951.47
1788759345|20260907133545|951.53
1788759355|20260907133555|951.49
1788759360|20260907133600|951.60
1788759365|20260907133605|951.62
1788759380|20260907133620|951.26
1788759385|20260907133625|951.25
1788759395|20260907133635|951.45
1788759400|20260907133640|951.36
1788759410|20260907133650|951.24
1788759420|20260907133700|951.36
1788759425|20260907133705|951.30
1788759430|20260907133710|951.18
1788759435|20260907133715|951.17
1788759440|20260907133720|951.16
1788759455|20260907133735|951.33
1788759460|20260907133740|951.30
1788759465|20260907133745|951.26
1788759470|20260907133750|951.17
1788759480|20260907133800|950.88
1788759485|20260907133805|950.85
1788759490|20260907133810|950.80
1788759495|20260907133815|950.78
1788759505|20260907133825|950.89
1788759510|20260907133830|950.80
1788759520|20260907133840|950.95
1788759525|20260907133845|950.90
1788759530|20260907133850|950.97
1788759535|20260907133855|950.91
1788759540|20260907133900|951.02
1788759550|20260907133910|950.96
1788759555|20260907133915|950.86
1788759565|20260907133925|950.76
1788759605|20260907134005|950.55
1788759610|20260907134010|950.54
1788759615|20260907134015|950.19
1788759620|20260907134020|950.19
1788759625|20260907134025|950.13
1788759635|20260907134035|950.13
1788759640|20260907134040|950.07
1788759650|20260907134050|949.92
1788759655|20260907134055|949.92
1788759660|20260907134100|950.01
1788759665|20260907134105|949.91
1788759675|20260907134115|949.76
1788759680|20260907134120|949.79
1788759685|20260907134125|949.87
1788759695|20260907134135|950.04
1788759700|20260907134140|950.08
1788759710|20260907134150|950.09
1788759715|20260907134155|950.01
1788759720|20260907134200|950.01
1788759730|20260907134210|950.30
1788759735|20260907134215|950.29
1788759740|20260907134220|950.33
1788759745|20260907134225|950.21
1788759755|20260907134235|950.36
1788759760|20260907134240|950.33
1788759765|20260907134245|950.31
1788759770|20260907134250|950.27
1788759785|20260907134305|950.32
1788759790|20260907134310|950.26
1788759795|20260907134315|950.27
1788759800|20260907134320|950.31
1788759805|20260907134325|950.35
1788759815|20260907134335|950.40
1788759825|20260907134345|950.52
1788759830|20260907134350|950.53
1788759835|20260907134355|950.51
1788759845|20260907134405|950.50
1788759850|20260907134410|950.51
1788759855|20260907134415|950.51
1788759860|20260907134420|950.48
1788759865|20260907134425|950.45
1788759875|20260907134435|950.43
1788759900|20260907134500|950.25
1788759905|20260907134505|950.17
1788759910|20260907134510|950.18
1788759915|20260907134515|950.25
1788759925|20260907134525|950.35
1788759935|20260907134535|950.42
1788759940|20260907134540|950.70
1788759945|20260907134545|950.70
1788759950|20260907134550|950.84
1788759955|20260907134555|950.72
1788759960|20260907134600|950.69
1788759965|20260907134605|950.67
1788759975|20260907134615|950.40
1788759980|20260907134620|950.41
1788759985|20260907134625|950.46
1788759995|20260907134635|950.37
1788760000|20260907134640|950.27
1788760005|20260907134645|950.21
1788760010|20260907134650|950.22
1788760015|20260907134655|950.08
1788760020|20260907134700|950.06
1788760025|20260907134705|949.99
1788760030|20260907134710|950.09
1788760035|20260907134715|950.20
1788760040|20260907134720|950.24
1788760045|20260907134725|950.23
1788760055|20260907134735|950.19
1788760060|20260907134740|950.12
1788760070|20260907134750|950.05
1788760075|20260907134755|950.14
1788760080|20260907134800|950.25
1788760085|20260907134805|950.28
1788760090|20260907134810|950.20
1788760095|20260907134815|950.29
1788760100|20260907134820|950.27
1788760105|20260907134825|950.26
1788760125|20260907134845|950.08
1788760130|20260907134850|949.99
1788760135|20260907134855|950.04
1788760145|20260907134905|950.02
1788760150|20260907134910|949.97
1788760155|20260907134915|950.03
1788760160|20260907134920|950.02
1788760165|20260907134925|950.05
1788760205|20260907135005|950.04
1788760215|20260907135015|949.96
1788760220|20260907135020|949.82
1788760225|20260907135025|949.79
1788760235|20260907135035|949.24
1788760240|20260907135040|949.19
1788760255|20260907135055|949.21
1788760265|20260907135105|949.22
1788760270|20260907135110|949.36
1788760275|20260907135115|949.24
1788760280|20260907135120|949.13
1788760285|20260907135125|949.43
1788760295|20260907135135|949.41
1788760305|20260907135145|949.29
1788760315|20260907135155|949.07
1788760320|20260907135200|949.17
1788760325|20260907135205|949.06
1788760330|20260907135210|949.09
1788760335|20260907135215|949.22
1788760340|20260907135220|949.18
1788760345|20260907135225|949.21
1788760360|20260907135240|949.32
1788760365|20260907135245|949.42
1788760370|20260907135250|949.17
1788760375|20260907135255|949.14
1788760385|20260907135305|949.03
1788760390|20260907135310|949.08
1788760395|20260907135315|949.10
1788760400|20260907135320|949.10
1788760405|20260907135325|949.07
1788760425|20260907135345|948.81
1788760430|20260907135350|948.73
1788760435|20260907135355|948.67
1788760445|20260907135405|948.92
1788760455|20260907135415|948.78
1788760460|20260907135420|948.85
1788760465|20260907135425|948.70
1788760500|20260907135500|948.59
1788760505|20260907135505|948.52
1788760510|20260907135510|948.50
1788760515|20260907135515|948.57
1788760520|20260907135520|948.58
1788760525|20260907135525|948.65
1788760535|20260907135535|948.75
1788760540|20260907135540|948.89
1788760545|20260907135545|948.81
1788760565|20260907135605|948.45
1788760570|20260907135610|948.37
1788760575|20260907135615|948.20
1788760580|20260907135620|948.40
1788760585|20260907135625|948.47
1788760595|20260907135635|948.47
1788760605|20260907135645|948.46
1788760610|20260907135650|948.46
1788760615|20260907135655|948.30
1788760620|20260907135700|948.40
1788760625|20260907135705|948.40
1788760630|20260907135710|948.45
1788760635|20260907135715|948.46
1788760645|20260907135725|948.59
1788760655|20260907135735|948.79
1788760680|20260907135800|948.62
1788760690|20260907135810|948.81
1788760695|20260907135815|948.77
1788760700|20260907135820|948.82
1788760715|20260907135835|948.82
1788760720|20260907135840|948.82
1788760725|20260907135845|948.82
1788760730|20260907135850|948.89
1788760735|20260907135855|948.89
1788760740|20260907135900|948.87
1788760745|20260907135905|948.86
1788760750|20260907135910|948.64
1788760755|20260907135915|948.62
1788760760|20260907135920|948.57
1788760800|20260907140000|948.10
1788760805|20260907140005|948.18
1788760815|20260907140015|948.04
1788760820|20260907140020|948.04
1788760825|20260907140025|948.13
1788760835|20260907140035|948.24
1788760845|20260907140045|948.12
1788760850|20260907140050|948.12
1788760855|20260907140055|948.11
1788760865|20260907140105|947.74
1788760870|20260907140110|947.43
1788760875|20260907140115|947.26
1788760880|20260907140120|947.31
1788760885|20260907140125|947.45
1788760895|20260907140135|947.42
1788760900|20260907140140|947.40
1788760905|20260907140145|947.39
1788760915|20260907140155|947.62
1788760920|20260907140200|947.36
1788760925|20260907140205|947.23
1788760930|20260907140210|947.30
1788760935|20260907140215|947.41
1788760955|20260907140235|947.33
1788760960|20260907140240|947.30
1788760965|20260907140245|947.38
1788760970|20260907140250|947.62
1788760980|20260907140300|947.74
1788760985|20260907140305|947.83
1788760990|20260907140310|947.78
1788760995|20260907140315|947.60
1788761020|20260907140340|947.75
1788761025|20260907140345|947.78
1788761030|20260907140350|947.67
1788761035|20260907140355|947.39
1788761045|20260907140405|946.94
1788761050|20260907140410|946.79
1788761055|20260907140415|946.85
1788761060|20260907140420|946.64
1788761065|20260907140425|946.39
1788761080|20260907140440|946.65
1788761100|20260907140500|946.74
1788761105|20260907140505|946.68
1788761110|20260907140510|946.66
1788761115|20260907140515|946.87
1788761120|20260907140520|946.89
1788761135|20260907140535|946.78
1788761140|20260907140540|946.68
1788761145|20260907140545|946.86
1788761150|20260907140550|946.88
1788761155|20260907140555|946.83
1788761165|20260907140605|947.11
1788761170|20260907140610|947.12
1788761175|20260907140615|947.20
1788761185|20260907140625|947.23
1788761200|20260907140640|946.79
1788761205|20260907140645|946.77
1788761210|20260907140650|946.78
1788761225|20260907140705|946.61
1788761230|20260907140710|946.43
1788761235|20260907140715|946.29
1788761240|20260907140720|946.31
1788761245|20260907140725|946.32
1788761255|20260907140735|946.69
1788761260|20260907140740|946.71
1788761265|20260907140745|946.71
1788761270|20260907140750|946.81
1788761275|20260907140755|946.85
1788761285|20260907140805|946.65
1788761290|20260907140810|946.67
1788761300|20260907140820|946.70
1788761305|20260907140825|946.71
1788761315|20260907140835|946.47
1788761320|20260907140840|946.50
1788761325|20260907140845|946.47
1788761330|20260907140850|946.46
1788761335|20260907140855|946.50
1788761350|20260907140910|946.73
1788761355|20260907140915|946.96
1788761360|20260907140920|946.91
1788761365|20260907140925|946.98
1788761380|20260907140940|947.01
1788761400|20260907141000|947.15
1788761405|20260907141005|947.08
1788761410|20260907141010|947.00
1788761415|20260907141015|947.06
1788761420|20260907141020|947.04
1788761425|20260907141025|947.04
1788761440|20260907141040|946.86
1788761445|20260907141045|947.06
1788761485|20260907141125|946.78
1788761495|20260907141135|947.08
1788761500|20260907141140|947.13
1788761505|20260907141145|947.29
1788761510|20260907141150|947.27
1788761515|20260907141155|947.26
1788761525|20260907141205|947.66
1788761530|20260907141210|947.63
1788761540|20260907141220|947.79
1788761555|20260907141235|947.80
1788761570|20260907141250|947.87
1788761575|20260907141255|947.91
1788761590|20260907141310|947.87
1788761600|20260907141320|947.87
1788761605|20260907141325|947.94
1788761615|20260907141335|947.76
1788761620|20260907141340|947.76
1788761625|20260907141345|947.69
1788761630|20260907141350|947.91
1788761635|20260907141355|947.89
1788761650|20260907141410|948.04
1788761655|20260907141415|948.03
1788761660|20260907141420|947.90
1788761665|20260907141425|947.75
1788761705|20260907141505|947.81
1788761710|20260907141510|947.87
1788761715|20260907141515|947.85
1788761725|20260907141525|947.86
1788761735|20260907141535|947.67
1788761740|20260907141540|947.93
1788761745|20260907141545|947.86
1788761750|20260907141550|948.09
1788761765|20260907141605|947.97
1788761770|20260907141610|947.97
1788761775|20260907141615|947.92
1788761780|20260907141620|948.04
1788761785|20260907141625|948.14
1788761800|20260907141640|948.01
1788761805|20260907141645|948.01
1788761810|20260907141650|947.95
1788761820|20260907141700|948.01
1788761830|20260907141710|948.03
1788761835|20260907141715|948.00
1788761840|20260907141720|948.18
1788761845|20260907141725|948.14
1788761860|20260907141740|947.93
1788761865|20260907141745|947.99
1788761875|20260907141755|948.13
1788761880|20260907141800|948.11
1788761895|20260907141815|948.30
1788761900|20260907141820|948.30
1788761915|20260907141835|948.37
1788761920|20260907141840|948.39
1788761925|20260907141845|948.33
1788761930|20260907141850|948.43
1788761935|20260907141855|948.38
1788761940|20260907141900|948.40
1788761945|20260907141905|948.43
1788761950|20260907141910|948.47
1788761955|20260907141915|948.42
1788761960|20260907141920|948.37
1788761965|20260907141925|948.28
1788761990|20260907141950|948.25
1788762000|20260907142000|948.36
1788762005|20260907142005|948.22
1788762010|20260907142010|948.08
1788762015|20260907142015|947.91
1788762020|20260907142020|947.84
1788762035|20260907142035|947.76
1788762040|20260907142040|947.76
1788762045|20260907142045|947.80
1788762055|20260907142055|948.04
1788762060|20260907142100|948.10
1788762075|20260907142115|947.82
1788762080|20260907142120|947.69
1788762085|20260907142125|947.65
1788762095|20260907142135|947.49
1788762100|20260907142140|947.36
1788762105|20260907142145|947.24
1788762110|20260907142150|947.33
1788762115|20260907142155|947.41
1788762125|20260907142205|947.82
1788762130|20260907142210|947.95
1788762140|20260907142220|947.95
1788762145|20260907142225|947.95
1788762160|20260907142240|947.91
1788762170|20260907142250|947.85
1788762180|20260907142300|947.87
1788762185|20260907142305|947.88
1788762190|20260907142310|947.88
1788762195|20260907142315|947.81
1788762200|20260907142320|947.97
1788762205|20260907142325|948.02
1788762225|20260907142345|948.08
1788762230|20260907142350|948.08
1788762245|20260907142405|948.25
1788762250|20260907142410|948.33
1788762260|20260907142420|948.39
1788762265|20260907142425|948.43
1788762280|20260907142440|948.48
1788762300|20260907142500|948.82
1788762305|20260907142505|948.91
1788762310|20260907142510|948.82
1788762315|20260907142515|948.71
1788762320|20260907142520|948.64
1788762325|20260907142525|948.62
1788762340|20260907142540|948.53
1788762345|20260907142545|948.53
1788762350|20260907142550|948.52
1788762365|20260907142605|948.72
1788762370|20260907142610|948.66
1788762375|20260907142615|948.74
1788762380|20260907142620|948.74
1788762395|20260907142635|948.76
1788762400|20260907142640|948.89
1788762405|20260907142645|948.68
1788762410|20260907142650|948.65
1788762415|20260907142655|948.66
1788762420|20260907142700|948.67
1788762425|20260907142705|948.67
1788762430|20260907142710|948.65
1788762435|20260907142715|948.61
1788762440|20260907142720|948.66
1788762445|20260907142725|948.66
1788762455|20260907142735|948.73
1788762460|20260907142740|948.62
1788762465|20260907142745|948.58
1788762470|20260907142750|948.59
1788762475|20260907142755|948.56
1788762485|20260907142805|948.65
1788762490|20260907142810|948.64
1788762495|20260907142815|948.43
1788762500|20260907142820|948.41
1788762505|20260907142825|948.45
1788762515|20260907142835|948.02
1788762520|20260907142840|948.06
1788762525|20260907142845|948.11
1788762530|20260907142850|948.14
1788762535|20260907142855|948.12
1788762545|20260907142905|948.12
1788762550|20260907142910|948.19
1788762555|20260907142915|948.15
1788762560|20260907142920|948.17
1788762565|20260907142925|948.21
1788762600|20260907143000|948.12
1788762605|20260907143005|948.13
1788762610|20260907143010|948.16
1788762615|20260907143015|948.16
1788762620|20260907143020|948.06
1788762625|20260907143025|948.02
1788762630|20260907143030|948.11
1788762635|20260907143035|948.09
1788762640|20260907143040|948.12
1788762645|20260907143045|948.09
1788762650|20260907143050|948.21
1788762655|20260907143055|948.15
1788762665|20260907143105|948.19
1788762670|20260907143110|948.21
1788762675|20260907143115|948.22
1788762680|20260907143120|948.24
1788762685|20260907143125|948.25
1788762695|20260907143135|948.05
1788762700|20260907143140|948.04
1788762705|20260907143145|948.16
1788762710|20260907143150|948.09
1788762715|20260907143155|948.10
1788762725|20260907143205|948.12
1788762730|20260907143210|948.34
1788762740|20260907143220|948.25
1788762745|20260907143225|948.19
1788762755|20260907143235|948.27
1788762760|20260907143240|948.37
1788762765|20260907143245|948.35
1788762770|20260907143250|948.27
1788762775|20260907143255|948.33
1788762785|20260907143305|948.36
1788762795|20260907143315|948.53
1788762800|20260907143320|948.50
1788762810|20260907143330|948.58
1788762815|20260907143335|948.56
1788762820|20260907143340|948.52
1788762825|20260907143345|948.52
1788762845|20260907143405|948.68
1788762850|20260907143410|948.66
1788762855|20260907143415|948.68
1788762860|20260907143420|948.78
1788762865|20260907143425|948.84
1788762870|20260907143430|948.79
1788762885|20260907143445|948.84
1788762890|20260907143450|948.92
1788762895|20260907143455|948.84
1788762900|20260907143500|948.89
1788762905|20260907143505|948.81
1788762910|20260907143510|948.76
1788762920|20260907143520|948.73
1788762925|20260907143525|948.73
1788762930|20260907143530|948.78
1788762935|20260907143535|948.81
1788762945|20260907143545|949.01
1788762950|20260907143550|948.79
1788762960|20260907143600|948.67
1788762965|20260907143605|948.73
1788762970|20260907143610|948.78
1788762975|20260907143615|948.73
1788762980|20260907143620|948.77
1788762985|20260907143625|948.78
1788762990|20260907143630|948.71
1788762995|20260907143635|948.71
1788763000|20260907143640|948.67
1788763005|20260907143645|948.49
1788763015|20260907143655|948.51
1788763020|20260907143700|948.53
1788763030|20260907143710|948.52
1788763035|20260907143715|948.44
1788763045|20260907143725|948.38
1788763055|20260907143735|948.41
1788763060|20260907143740|948.23
1788763065|20260907143745|948.23
1788763075|20260907143755|948.19
1788763080|20260907143800|948.17
1788763085|20260907143805|948.29
1788763095|20260907143815|948.24
1788763100|20260907143820|948.25
1788763105|20260907143825|948.19
1788763115|20260907143835|948.05
1788763120|20260907143840|948.09
1788763125|20260907143845|948.04
1788763130|20260907143850|948.09
1788763135|20260907143855|948.13
1788763140|20260907143900|948.16
1788763145|20260907143905|948.22
1788763150|20260907143910|948.24
1788763155|20260907143915|948.51
1788763160|20260907143920|948.54
1788763165|20260907143925|948.42
1788763175|20260907143935|948.40
1788763180|20260907143940|948.42
1788763195|20260907143955|948.53
1788763200|20260907144000|948.74
1788763210|20260907144010|948.79
1788763215|20260907144015|948.82
1788763220|20260907144020|948.88
1788763225|20260907144025|948.82
1788763235|20260907144035|949.02
1788763240|20260907144040|948.98
1788763245|20260907144045|948.90
1788763250|20260907144050|948.92
1788763255|20260907144055|948.80
1788763260|20260907144100|948.89
1788763270|20260907144110|948.90
1788763275|20260907144115|948.95
1788763280|20260907144120|948.96
1788763285|20260907144125|948.94
1788763295|20260907144135|948.99
1788763300|20260907144140|948.96
1788763305|20260907144145|949.03
1788763315|20260907144155|949.07
1788763325|20260907144205|949.07
1788763330|20260907144210|949.00
1788763335|20260907144215|949.03
1788763340|20260907144220|949.02
1788763345|20260907144225|948.99
1788763360|20260907144240|949.24
1788763365|20260907144245|949.14
1788763370|20260907144250|949.11
1788763385|20260907144305|948.98
1788763390|20260907144310|948.85
1788763395|20260907144315|948.82
1788763400|20260907144320|948.75
1788763405|20260907144325|948.71
1788763420|20260907144340|948.60
1788763425|20260907144345|948.61
1788763430|20260907144350|948.58
1788763435|20260907144355|948.59
1788763450|20260907144410|948.76
1788763455|20260907144415|948.76
1788763460|20260907144420|948.76
1788763465|20260907144425|948.72
1788763470|20260907144430|948.71
1788763505|20260907144505|948.65
1788763510|20260907144510|948.65
1788763515|20260907144515|948.75
1788763520|20260907144520|948.81
1788763525|20260907144525|948.80
1788763530|20260907144530|948.76
1788763535|20260907144535|948.83
1788763540|20260907144540|948.63
1788763545|20260907144545|948.69
1788763550|20260907144550|948.75
1788763555|20260907144555|948.71
1788763560|20260907144600|948.70
1788763565|20260907144605|948.75
1788763575|20260907144615|948.68
1788763580|20260907144620|948.72
1788763585|20260907144625|948.76
1788763595|20260907144635|948.77
1788763600|20260907144640|948.82
1788763605|20260907144645|948.76
1788763610|20260907144650|948.65
1788763615|20260907144655|948.79
1788763620|20260907144700|948.66
1788763625|20260907144705|948.75
1788763630|20260907144710|948.87
1788763635|20260907144715|948.85
1788763640|20260907144720|948.98
1788763645|20260907144725|949.04
1788763655|20260907144735|949.17
1788763660|20260907144740|949.06
1788763665|20260907144745|949.07
1788763670|20260907144750|949.06
1788763675|20260907144755|949.06
1788763680|20260907144800|948.96
1788763685|20260907144805|948.89
1788763690|20260907144810|949.02
1788763695|20260907144815|948.89
1788763700|20260907144820|948.92
1788763705|20260907144825|948.96
1788763720|20260907144840|949.03
1788763725|20260907144845|949.02
1788763730|20260907144850|949.07
1788763735|20260907144855|949.05
1788763745|20260907144905|949.03
1788763755|20260907144915|948.90
1788763760|20260907144920|948.97
1788763765|20260907144925|948.93
1788763780|20260907144940|948.75
1788763805|20260907145005|948.78
1788763810|20260907145010|948.74
1788763820|20260907145020|948.66
1788763825|20260907145025|948.67
1788763835|20260907145035|948.67
1788763840|20260907145040|948.66
1788763850|20260907145050|948.69
1788763865|20260907145105|948.63
1788763870|20260907145110|948.65
1788763875|20260907145115|948.61
1788763880|20260907145120|948.56
1788763885|20260907145125|948.70
1788763900|20260907145140|948.58
1788763905|20260907145145|948.58
1788763910|20260907145150|948.64
1788763915|20260907145155|948.73
1788763920|20260907145200|948.73
1788763925|20260907145205|948.77
1788763930|20260907145210|948.77
1788763935|20260907145215|948.73
1788763940|20260907145220|948.72
1788763945|20260907145225|948.77
1788763955|20260907145235|948.71
1788763960|20260907145240|948.74
1788763965|20260907145245|948.75
1788763970|20260907145250|948.69
1788763975|20260907145255|948.71
1788763980|20260907145300|948.71
1788763985|20260907145305|948.71
1788763990|20260907145310|948.72
1788764005|20260907145325|948.80
1788764020|20260907145340|948.70
1788764025|20260907145345|948.71
1788764030|20260907145350|948.70
1788764040|20260907145400|948.89
1788764045|20260907145405|948.90
1788764055|20260907145415|948.95
1788764060|20260907145420|948.95
1788764080|20260907145440|948.65
1788764100|20260907145500|948.34
1788764105|20260907145505|948.36
1788764110|20260907145510|948.51
1788764120|20260907145520|948.31
1788764125|20260907145525|948.33
1788764135|20260907145535|948.25
1788764140|20260907145540|948.11
1788764145|20260907145545|948.08
1788764150|20260907145550|948.06
1788764155|20260907145555|948.04
1788764160|20260907145600|948.04
1788764165|20260907145605|948.07
1788764170|20260907145610|948.13
1788764175|20260907145615|948.10
1788764185|20260907145625|948.14
1788764205|20260907145645|948.03
1788764215|20260907145655|948.03
1788764230|20260907145710|947.95
1788764240|20260907145720|948.06
1788764245|20260907145725|947.98
1788764255|20260907145735|947.91
1788764265|20260907145745|947.78
1788764270|20260907145750|947.79
1788764280|20260907145800|947.78
1788764290|20260907145810|947.52
1788764305|20260907145825|947.60
1788764315|20260907145835|947.66
1788764320|20260907145840|947.65
1788764330|20260907145850|947.74
1788764335|20260907145855|947.82
1788764340|20260907145900|947.76
1788764345|20260907145905|947.80
1788764355|20260907145915|947.68
1788764360|20260907145920|947.79
1788764400|20260907150000|947.81
1788764410|20260907150010|948.01
1788764415|20260907150015|948.03
1788764420|20260907150020|948.03
1788764425|20260907150025|948.00
1788764435|20260907150035|947.89
1788764440|20260907150040|948.08
1788764445|20260907150045|948.06
1788764450|20260907150050|948.15
1788764460|20260907150100|948.30
1788764465|20260907150105|948.21
1788764475|20260907150115|948.11
1788764480|20260907150120|948.12
1788764485|20260907150125|947.87
1788764495|20260907150135|948.10
1788764500|20260907150140|947.95
1788764510|20260907150150|948.01
1788764530|20260907150210|947.91
1788764535|20260907150215|948.12
1788764540|20260907150220|948.00
1788764545|20260907150225|948.08
1788764560|20260907150240|948.31
1788764565|20260907150245|948.30
1788764575|20260907150255|948.46
1788764580|20260907150300|948.58
1788764585|20260907150305|948.74
1788764590|20260907150310|948.85
1788764600|20260907150320|948.89
1788764605|20260907150325|948.76
1788764615|20260907150335|948.83
1788764625|20260907150345|948.96
1788764630|20260907150350|948.93
1788764635|20260907150355|948.95
1788764650|20260907150410|948.93
1788764660|20260907150420|948.92
1788764680|20260907150440|949.26
1788764700|20260907150500|949.33
1788764705|20260907150505|949.58
1788764715|20260907150515|949.60
1788764720|20260907150520|949.52
1788764725|20260907150525|949.52
1788764735|20260907150535|949.42
1788764740|20260907150540|949.34
1788764745|20260907150545|949.30
1788764750|20260907150550|949.26
1788764755|20260907150555|949.29
1788764760|20260907150600|949.29
1788764775|20260907150615|949.37
1788764795|20260907150635|949.54
1788764800|20260907150640|949.63
1788764805|20260907150645|949.56
1788764835|20260907150715|949.38
1788764840|20260907150720|949.55
1788764860|20260907150740|949.64
1788764865|20260907150745|949.67
1788764870|20260907150750|949.67
1788764895|20260907150815|949.19
1788764900|20260907150820|949.15
1788764930|20260907150850|949.39
1788764955|20260907150915|949.67
1788764960|20260907150920|949.66
1788764965|20260907150925|949.63
1788765010|20260907151010|949.37
1788765015|20260907151015|949.33
1788765020|20260907151020|949.03
1788765035|20260907151035|948.89
1788765040|20260907151040|948.91
1788765045|20260907151045|948.98
1788765050|20260907151050|948.93
1788765055|20260907151055|948.87
1788765060|20260907151100|949.10
1788765065|20260907151105|949.15
1788765075|20260907151115|949.13
1788765080|20260907151120|949.16
1788765100|20260907151140|948.87
1788765105|20260907151145|948.90
1788765110|20260907151150|948.86
1788765115|20260907151155|948.81
1788765125|20260907151205|948.75
1788765130|20260907151210|948.60
1788765135|20260907151215|948.70
1788765140|20260907151220|948.53
1788765155|20260907151235|948.65
1788765160|20260907151240|948.61
1788765165|20260907151245|948.87
1788765170|20260907151250|948.89
1788765175|20260907151255|948.92
1788765195|20260907151315|949.02
1788765200|20260907151320|949.07
1788765205|20260907151325|949.01
1788765225|20260907151345|949.26
1788765230|20260907151350|949.59
1788765235|20260907151355|949.56
1788765240|20260907151400|949.49
1788765245|20260907151405|949.52
1788765250|20260907151410|949.45
1788765255|20260907151415|949.46
1788765265|20260907151425|949.54
1788765300|20260907151500|949.74
1788765315|20260907151515|949.71
1788765320|20260907151520|949.60
1788765335|20260907151535|949.32
1788765340|20260907151540|949.54
1788765350|20260907151550|949.38
1788765360|20260907151600|949.36
1788765365|20260907151605|949.35
1788765370|20260907151610|949.30
1788765375|20260907151615|949.38
1788765380|20260907151620|949.30
1788765385|20260907151625|949.22
1788765395|20260907151635|949.09
1788765400|20260907151640|949.00
1788765405|20260907151645|949.04
1788765415|20260907151655|949.13
1788765420|20260907151700|949.12
1788765425|20260907151705|949.08
1788765440|20260907151720|949.07
1788765445|20260907151725|949.05
1788765455|20260907151735|949.04
1788765460|20260907151740|949.17
1788765465|20260907151745|949.15
1788765475|20260907151755|949.15
1788765485|20260907151805|949.16
1788765490|20260907151810|949.20
1788765495|20260907151815|949.17
1788765500|20260907151820|949.04
1788765505|20260907151825|949.04
1788765515|20260907151835|949.03
1788765520|20260907151840|949.06
1788765525|20260907151845|949.07
1788765540|20260907151900|948.94
1788765545|20260907151905|949.01
1788765560|20260907151920|948.85
1788765565|20260907151925|948.84
1788765580|20260907151940|949.03
1788765605|20260907152005|948.94
1788765610|20260907152010|948.97
1788765615|20260907152015|948.99
1788765620|20260907152020|949.03
1788765625|20260907152025|949.02
1788765635|20260907152035|948.96
1788765640|20260907152040|949.05
1788765650|20260907152050|949.14
1788765655|20260907152055|949.36
1788765660|20260907152100|949.36
1788765665|20260907152105|949.47
1788765670|20260907152110|949.43
1788765675|20260907152115|949.46
1788765680|20260907152120|949.55
1788765685|20260907152125|949.48
1788765695|20260907152135|949.30
1788765700|20260907152140|949.30
1788765705|20260907152145|949.28
1788765710|20260907152150|949.26
1788765715|20260907152155|949.04
1788765720|20260907152200|949.03
1788765725|20260907152205|948.92
1788765730|20260907152210|948.96
1788765735|20260907152215|948.89
1788765740|20260907152220|948.87
1788765745|20260907152225|948.91
1788765755|20260907152235|948.80
1788765760|20260907152240|948.79
1788765765|20260907152245|948.68
1788765770|20260907152250|948.63
1788765775|20260907152255|948.58
1788765780|20260907152300|948.61
1788765785|20260907152305|948.50
1788765790|20260907152310|948.54
1788765795|20260907152315|948.53
1788765800|20260907152320|948.69
1788765805|20260907152325|948.79
1788765815|20260907152335|948.76
1788765820|20260907152340|948.77
1788765825|20260907152345|948.75
1788765830|20260907152350|948.76
1788765840|20260907152400|948.81
1788765845|20260907152405|948.82
1788765850|20260907152410|948.83
1788765855|20260907152415|948.83
1788765860|20260907152420|948.86
1788765865|20260907152425|948.87
1788765900|20260907152500|948.98
1788765905|20260907152505|948.99
1788765910|20260907152510|948.99
1788765920|20260907152520|949.00
1788765925|20260907152525|949.12
1788765935|20260907152535|949.09
1788765940|20260907152540|949.00
1788765945|20260907152545|949.07
1788765955|20260907152555|949.08
1788765965|20260907152605|949.13
1788765970|20260907152610|949.08
1788765975|20260907152615|949.15
1788765980|20260907152620|949.11
1788765985|20260907152625|949.19
1788765995|20260907152635|949.06
1788766010|20260907152650|949.07
1788766025|20260907152705|949.12
1788766030|20260907152710|949.18
1788766035|20260907152715|949.17
1788766040|20260907152720|949.11
1788766045|20260907152725|949.15
1788766055|20260907152735|949.04
1788766065|20260907152745|949.05
1788766070|20260907152750|949.02
1788766075|20260907152755|948.93
1788766085|20260907152805|948.92
1788766095|20260907152815|948.93
1788766100|20260907152820|948.93
1788766105|20260907152825|948.67
1788766115|20260907152835|948.71
1788766120|20260907152840|948.67
1788766125|20260907152845|948.72
1788766145|20260907152905|948.64
1788766150|20260907152910|948.55
1788766155|20260907152915|948.51
1788766165|20260907152925|948.53
1788766200|20260907153000|948.24
1788766210|20260907153010|948.45
1788766215|20260907153015|948.35
1788766220|20260907153020|948.38
1788766225|20260907153025|948.41
1788766240|20260907153040|948.52
1788766245|20260907153045|948.51
1788766250|20260907153050|948.51
1788766265|20260907153105|948.55
1788766270|20260907153110|948.54
1788766275|20260907153115|948.55
1788766285|20260907153125|948.39
1788766300|20260907153140|948.29
1788766305|20260907153145|948.26
1788766310|20260907153150|948.29
1788766325|20260907153205|948.32
1788766330|20260907153210|948.47
1788766335|20260907153215|948.43
1788766345|20260907153225|948.57
1788766355|20260907153235|948.54
1788766360|20260907153240|948.54
1788766365|20260907153245|948.46
1788766370|20260907153250|948.63
1788766385|20260907153305|948.60
1788766390|20260907153310|948.66
1788766400|20260907153320|948.57
1788766405|20260907153325|948.51
1788766415|20260907153335|948.27
1788766420|20260907153340|948.10
1788766425|20260907153345|948.04
1788766430|20260907153350|947.97
1788766450|20260907153410|948.11
1788766455|20260907153415|948.21
1788766465|20260907153425|948.40
1788766505|20260907153505|948.42
1788766510|20260907153510|948.43
1788766515|20260907153515|948.53
1788766525|20260907153525|948.59
1788766535|20260907153535|948.67
1788766540|20260907153540|948.77
1788766545|20260907153545|948.77
1788766550|20260907153550|948.66
1788766555|20260907153555|948.71
1788766560|20260907153600|948.85
1788766565|20260907153605|948.82
1788766570|20260907153610|948.87
1788766575|20260907153615|948.95
1788766580|20260907153620|949.00
1788766585|20260907153625|949.04
1788766595|20260907153635|948.86
1788766600|20260907153640|948.85
1788766605|20260907153645|948.93
1788766610|20260907153650|949.07
1788766615|20260907153655|949.11
1788766625|20260907153705|949.07
1788766635|20260907153715|948.89
1788766640|20260907153720|948.98
1788766665|20260907153745|948.50
1788766670|20260907153750|948.73
1788766675|20260907153755|948.71
1788766680|20260907153800|948.70
1788766685|20260907153805|948.68
1788766695|20260907153815|948.65
1788766700|20260907153820|948.62
1788766715|20260907153835|948.60
1788766720|20260907153840|948.60
1788766725|20260907153845|948.60
1788766730|20260907153850|948.60
1788766735|20260907153855|948.61
1788766740|20260907153900|948.61
1788766760|20260907153920|948.53
1788766765|20260907153925|948.60
1788766780|20260907153940|948.55
1788766800|20260907154000|948.26
1788766805|20260907154005|948.55
1788766810|20260907154010|948.45
1788766815|20260907154015|948.50
1788766820|20260907154020|948.52
1788766825|20260907154025|948.52
1788766835|20260907154035|948.49
1788766840|20260907154040|948.51
1788766850|20260907154050|948.33
1788766855|20260907154055|948.34
1788766860|20260907154100|948.33
1788766865|20260907154105|948.40
1788766870|20260907154110|948.33
1788766880|20260907154120|948.20
1788766885|20260907154125|948.09
1788766895|20260907154135|948.09
1788766900|20260907154140|948.04
1788766905|20260907154145|948.16
1788766910|20260907154150|948.12
1788766915|20260907154155|947.90
1788766925|20260907154205|948.00
1788766930|20260907154210|947.97
1788766935|20260907154215|948.01
1788766940|20260907154220|947.92
1788766945|20260907154225|947.73
1788766955|20260907154235|947.74
1788766960|20260907154240|947.74
1788766965|20260907154245|947.76
1788766970|20260907154250|947.75
1788766975|20260907154255|947.73
1788766980|20260907154300|947.75
1788766985|20260907154305|947.76
1788766990|20260907154310|947.77
1788766995|20260907154315|947.79
1788767000|20260907154320|947.83
1788767005|20260907154325|947.79
1788767015|20260907154335|947.86
1788767020|20260907154340|947.74
1788767040|20260907154400|948.02
1788767050|20260907154410|948.07
1788767055|20260907154415|948.08
1788767060|20260907154420|947.95
1788767080|20260907154440|948.25
1788767100|20260907154500|948.45
1788767105|20260907154505|948.31
1788767110|20260907154510|948.25
1788767115|20260907154515|948.31
1788767120|20260907154520|948.30
1788767125|20260907154525|948.30
1788767135|20260907154535|948.51
1788767145|20260907154545|948.68
1788767150|20260907154550|948.57
1788767155|20260907154555|948.45
1788767160|20260907154600|948.48
1788767165|20260907154605|948.35
1788767170|20260907154610|948.46
1788767175|20260907154615|948.51
1788767180|20260907154620|948.54
1788767185|20260907154625|948.52
1788767195|20260907154635|948.52
1788767205|20260907154645|948.61
1788767215|20260907154655|948.47
1788767225|20260907154705|948.58
1788767230|20260907154710|948.68
1788767235|20260907154715|948.68
1788767240|20260907154720|948.67
1788767245|20260907154725|948.68
1788767255|20260907154735|948.79
1788767260|20260907154740|948.84
1788767265|20260907154745|948.63
1788767270|20260907154750|948.54
1788767275|20260907154755|948.50
1788767285|20260907154805|948.48
1788767290|20260907154810|948.51
1788767295|20260907154815|948.51
1788767305|20260907154825|948.57
1788767320|20260907154840|948.57
1788767325|20260907154845|948.59
1788767330|20260907154850|948.51
1788767335|20260907154855|948.64
1788767345|20260907154905|948.72
1788767350|20260907154910|948.83
1788767355|20260907154915|948.93
1788767360|20260907154920|948.88
1788767365|20260907154925|948.93
1788767370|20260907154930|949.05
1788767390|20260907154950|949.17
1788767400|20260907155000|949.18
1788767405|20260907155005|949.11
1788767410|20260907155010|949.03
1788767415|20260907155015|949.08
1788767420|20260907155020|948.99
1788767425|20260907155025|949.05
1788767430|20260907155030|949.09
1788767435|20260907155035|949.09
1788767440|20260907155040|949.16
1788767445|20260907155045|949.11
1788767450|20260907155050|949.08
1788767455|20260907155055|949.02
1788767465|20260907155105|949.04
1788767470|20260907155110|949.08
1788767480|20260907155120|949.15
1788767485|20260907155125|949.11
1788767495|20260907155135|949.23
1788767500|20260907155140|949.13
1788767535|20260907155215|949.52
1788767540|20260907155220|949.57
1788767545|20260907155225|949.69
1788767555|20260907155235|949.57
1788767565|20260907155245|949.74
1788767570|20260907155250|949.76
1788767590|20260907155310|949.78
1788767595|20260907155315|949.76
1788767600|20260907155320|949.66
1788767605|20260907155325|949.69
1788767615|20260907155335|949.64
1788767620|20260907155340|949.57
1788767625|20260907155345|949.64
1788767630|20260907155350|949.66
1788767635|20260907155355|949.74
1788767640|20260907155400|949.64
1788767645|20260907155405|949.78
1788767655|20260907155415|949.53
1788767660|20260907155420|949.47
1788767665|20260907155425|949.28
1788767700|20260907155500|949.52
1788767705|20260907155505|949.62
1788767710|20260907155510|949.67
1788767715|20260907155515|949.59
1788767720|20260907155520|949.52
1788767725|20260907155525|949.51
1788767735|20260907155535|949.69
1788767740|20260907155540|949.79
1788767745|20260907155545|949.72
1788767750|20260907155550|950.25
1788767755|20260907155555|950.29
1788767760|20260907155600|950.54
1788767775|20260907155615|950.25
1788767780|20260907155620|950.39
1788767785|20260907155625|950.40
1788767795|20260907155635|950.49
1788767800|20260907155640|950.41
1788767805|20260907155645|950.34
1788767810|20260907155650|950.23
1788767815|20260907155655|950.09
1788767820|20260907155700|950.00
1788767825|20260907155705|949.87
1788767830|20260907155710|950.05
1788767835|20260907155715|950.02
1788767845|20260907155725|949.94
1788767855|20260907155735|949.80
1788767860|20260907155740|949.80
1788767865|20260907155745|949.80
1788767875|20260907155755|950.08
1788767880|20260907155800|950.06
1788767885|20260907155805|950.07
1788767890|20260907155810|950.02
1788767895|20260907155815|950.20
1788767900|20260907155820|950.24
1788767905|20260907155825|950.41
1788767915|20260907155835|950.44
1788767930|20260907155850|950.51
1788767940|20260907155900|950.41
1788767950|20260907155910|950.51
1788767955|20260907155915|950.63
1788767965|20260907155925|950.51
1788768000|20260907160000|950.69
1788768005|20260907160005|950.55
1788768010|20260907160010|950.47
1788768015|20260907160015|950.58
1788768020|20260907160020|950.70
1788768035|20260907160035|950.59
1788768045|20260907160045|950.91
1788768050|20260907160050|950.92
1788768055|20260907160055|950.88
1788768065|20260907160105|950.94
1788768085|20260907160125|951.06
1788768095|20260907160135|951.48
1788768100|20260907160140|951.57
1788768105|20260907160145|951.54
1788768110|20260907160150|951.57
1788768115|20260907160155|951.62
1788768120|20260907160200|951.74
1788768125|20260907160205|951.84
1788768130|20260907160210|951.90
1788768135|20260907160215|951.88
1788768140|20260907160220|951.80
1788768145|20260907160225|951.71
1788768155|20260907160235|951.95
1788768160|20260907160240|952.11
1788768180|20260907160300|952.30
1788768185|20260907160305|952.35
1788768190|20260907160310|952.54
1788768195|20260907160315|952.69
1788768200|20260907160320|952.70
1788768215|20260907160335|952.39
1788768220|20260907160340|952.47
1788768225|20260907160345|952.52
1788768230|20260907160350|952.45
1788768240|20260907160400|952.81
1788768250|20260907160410|952.90
1788768255|20260907160415|952.71
1788768260|20260907160420|952.59
1788768265|20260907160425|952.29
1788768295|20260907160455|951.91
1788768300|20260907160500|952.02
1788768305|20260907160505|951.93
1788768310|20260907160510|951.98
1788768320|20260907160520|952.03
1788768325|20260907160525|952.01
1788768335|20260907160535|952.01
1788768340|20260907160540|952.01
1788768345|20260907160545|951.94
1788768350|20260907160550|951.98
1788768355|20260907160555|951.93
1788768360|20260907160600|951.91
1788768370|20260907160610|952.05
1788768375|20260907160615|952.01
1788768380|20260907160620|952.24
1788768385|20260907160625|952.18
1788768395|20260907160635|952.02
1788768400|20260907160640|951.90
1788768405|20260907160645|951.93
1788768410|20260907160650|951.99
1788768415|20260907160655|951.99
1788768425|20260907160705|951.86
1788768435|20260907160715|951.83
1788768440|20260907160720|951.65
1788768445|20260907160725|951.46
1788768460|20260907160740|951.97
1788768465|20260907160745|952.20
1788768470|20260907160750|952.16
1788768475|20260907160755|952.03
1788768485|20260907160805|951.93
1788768490|20260907160810|952.06
1788768500|20260907160820|952.04
1788768505|20260907160825|952.04
1788768515|20260907160835|952.06
1788768530|20260907160850|951.95
1788768535|20260907160855|951.89
1788768540|20260907160900|951.76
1788768545|20260907160905|951.85
1788768550|20260907160910|951.72
1788768560|20260907160920|952.02
1788768565|20260907160925|952.36
1788768615|20260907161015|952.46
1788768635|20260907161035|952.35
1788768640|20260907161040|952.48
1788768645|20260907161045|952.33
1788768650|20260907161050|952.15
1788768655|20260907161055|952.33
1788768660|20260907161100|952.20
1788768665|20260907161105|952.30
1788768670|20260907161110|952.43
1788768680|20260907161120|952.34
1788768685|20260907161125|952.38
1788768695|20260907161135|952.32
1788768700|20260907161140|952.29
1788768710|20260907161150|952.18
1788768725|20260907161205|952.49
1788768735|20260907161215|952.77
1788768745|20260907161225|952.20
1788768760|20260907161240|952.44
1788768770|20260907161250|952.48
1788768775|20260907161255|952.44
1788768780|20260907161300|952.45
1788768785|20260907161305|952.57
1788768790|20260907161310|952.59
1788768795|20260907161315|952.56
1788768805|20260907161325|952.69
1788768815|20260907161335|953.07
1788768820|20260907161340|953.02
1788768825|20260907161345|952.96
1788768830|20260907161350|952.93
1788768840|20260907161400|952.92
1788768850|20260907161410|952.86
1788768855|20260907161415|952.93
1788768860|20260907161420|953.04
1788768865|20260907161425|953.00
1788768905|20260907161505|953.09
1788768910|20260907161510|953.22
1788768915|20260907161515|953.27
1788768925|20260907161525|953.23
1788768935|20260907161535|953.00
1788768940|20260907161540|953.05
1788768945|20260907161545|953.28
1788768950|20260907161550|953.31
1788768965|20260907161605|953.48
1788768970|20260907161610|953.48
1788768975|20260907161615|953.46
1788768980|20260907161620|953.49
1788768985|20260907161625|953.60
1788768995|20260907161635|953.65
1788769000|20260907161640|953.56
1788769010|20260907161650|953.55
1788769015|20260907161655|953.57
1788769025|20260907161705|953.60
1788769030|20260907161710|953.61
1788769035|20260907161715|953.63
1788769040|20260907161720|953.66
1788769045|20260907161725|953.57
1788769055|20260907161735|953.64
1788769060|20260907161740|953.60
1788769065|20260907161745|953.58
1788769070|20260907161750|953.59
1788769075|20260907161755|953.68
1788769085|20260907161805|953.63
1788769090|20260907161810|953.65
1788769095|20260907161815|953.66
1788769100|20260907161820|953.66
1788769105|20260907161825|953.67
1788769115|20260907161835|953.62
1788769120|20260907161840|953.72
1788769125|20260907161845|953.75
1788769130|20260907161850|953.81
1788769150|20260907161910|954.01
1788769155|20260907161915|954.05
1788769200|20260907162000|953.95
1788769210|20260907162010|953.98
1788769215|20260907162015|954.03
1788769220|20260907162020|954.11
1788769225|20260907162025|954.27
1788769235|20260907162035|953.97
1788769240|20260907162040|954.15
1788769245|20260907162045|954.08
1788769250|20260907162050|954.10
1788769255|20260907162055|954.16
1788769260|20260907162100|954.17
1788769265|20260907162105|954.03
1788769270|20260907162110|954.13
1788769275|20260907162115|954.14
1788769285|20260907162125|954.00
1788769295|20260907162135|954.16
1788769305|20260907162145|953.94
1788769310|20260907162150|953.93
1788769315|20260907162155|953.82
1788769320|20260907162200|953.75
1788769325|20260907162205|953.63
1788769330|20260907162210|953.45
1788769335|20260907162215|953.47
1788769340|20260907162220|953.46
1788769345|20260907162225|953.44
1788769355|20260907162235|953.44
1788769365|20260907162245|953.38
1788769375|20260907162255|953.66
1788769385|20260907162305|953.83
1788769390|20260907162310|953.78
1788769395|20260907162315|953.84
1788769405|20260907162325|953.58
1788769415|20260907162335|953.67
1788769420|20260907162340|953.63
1788769425|20260907162345|953.33
1788769435|20260907162355|953.38
1788769440|20260907162400|953.45
1788769445|20260907162405|953.32
1788769450|20260907162410|953.37
1788769455|20260907162415|953.40
1788769460|20260907162420|953.47
1788769465|20260907162425|953.59
1788769480|20260907162440|953.43
1788769500|20260907162500|953.18
1788769510|20260907162510|953.08
1788769520|20260907162520|953.01
1788769525|20260907162525|952.90
1788769535|20260907162535|953.06
1788769540|20260907162540|953.04
1788769545|20260907162545|952.91
1788769550|20260907162550|952.91
1788769560|20260907162600|952.98
1788769575|20260907162615|952.97
1788769580|20260907162620|953.02
1788769595|20260907162635|952.92
1788769600|20260907162640|952.95
1788769605|20260907162645|952.93
1788769610|20260907162650|952.97
1788769615|20260907162655|953.08
1788769620|20260907162700|953.05
1788769625|20260907162705|952.98
1788769630|20260907162710|953.10
1788769635|20260907162715|953.27
1788769640|20260907162720|953.21
1788769655|20260907162735|953.16
1788769660|20260907162740|953.14
1788769665|20260907162745|953.10
1788769670|20260907162750|953.11
1788769675|20260907162755|953.15
1788769680|20260907162800|953.29
1788769685|20260907162805|953.26
1788769695|20260907162815|953.24
1788769700|20260907162820|953.31
1788769705|20260907162825|953.37
1788769720|20260907162840|953.55
1788769725|20260907162845|953.58
1788769730|20260907162850|953.58
1788769740|20260907162900|953.50
1788769745|20260907162905|953.53
1788769750|20260907162910|953.48
1788769755|20260907162915|953.32
1788769760|20260907162920|953.36
1788769765|20260907162925|953.35
1788769770|20260907162930|953.32
1788769775|20260907162935|953.36
1788769790|20260907162950|953.54
1788769800|20260907163000|953.59
1788769805|20260907163005|953.28
1788769810|20260907163010|953.44
1788769815|20260907163015|953.44
1788769820|20260907163020|953.45
1788769825|20260907163025|953.83
1788769835|20260907163035|954.08
1788769840|20260907163040|954.08
1788769845|20260907163045|954.01
1788769860|20260907163100|953.79
1788769865|20260907163105|953.87
1788769870|20260907163110|953.79
1788769875|20260907163115|953.91
1788769880|20260907163120|954.01
1788769885|20260907163125|954.02
1788769900|20260907163140|953.95
1788769905|20260907163145|953.98
1788769910|20260907163150|954.07
1788769920|20260907163200|953.90
1788769925|20260907163205|953.92
1788769930|20260907163210|953.82
1788769935|20260907163215|953.96
1788769940|20260907163220|953.96
1788769945|20260907163225|954.07
1788769965|20260907163245|954.01
1788769970|20260907163250|954.11
1788769975|20260907163255|954.19
1788769980|20260907163300|954.42
1788769985|20260907163305|954.42
1788769990|20260907163310|954.37
1788769995|20260907163315|954.29
1788770000|20260907163320|954.21
1788770005|20260907163325|953.94
1788770015|20260907163335|953.87
1788770020|20260907163340|953.84
1788770025|20260907163345|953.90
1788770030|20260907163350|954.02
1788770035|20260907163355|953.87
1788770045|20260907163405|954.02
1788770050|20260907163410|953.99
1788770055|20260907163415|953.90
1788770060|20260907163420|953.91
1788770065|20260907163425|953.82
1788770100|20260907163500|953.82
1788770105|20260907163505|953.86
1788770110|20260907163510|953.77
1788770115|20260907163515|953.86
1788770120|20260907163520|953.88
1788770125|20260907163525|954.00
1788770140|20260907163540|953.85
1788770145|20260907163545|953.78
1788770150|20260907163550|953.69
1788770155|20260907163555|953.62
1788770165|20260907163605|953.43
1788770170|20260907163610|953.35
1788770180|20260907163620|953.47
1788770185|20260907163625|953.63
1788770195|20260907163635|953.64
1788770200|20260907163640|953.57
1788770205|20260907163645|953.58
1788770210|20260907163650|953.64
1788770215|20260907163655|953.54
1788770225|20260907163705|953.52
1788770230|20260907163710|953.52
1788770235|20260907163715|953.59
1788770240|20260907163720|953.35
1788770245|20260907163725|953.35
1788770260|20260907163740|953.34
1788770270|20260907163750|953.33
1788770275|20260907163755|953.42
1788770290|20260907163810|953.35
1788770295|20260907163815|953.41
1788770305|20260907163825|953.40
1788770315|20260907163835|953.41
1788770320|20260907163840|953.33
1788770325|20260907163845|953.38
1788770330|20260907163850|953.35
1788770335|20260907163855|953.26
1788770345|20260907163905|953.23
1788770350|20260907163910|953.20
1788770355|20260907163915|953.09
1788770360|20260907163920|953.17
1788770365|20260907163925|953.17
1788770405|20260907164005|952.62
1788770420|20260907164020|952.63
1788770435|20260907164035|952.54
1788770445|20260907164045|952.50
1788770450|20260907164050|952.47
1788770465|20260907164105|952.44
1788770470|20260907164110|952.46
1788770475|20260907164115|952.47
1788770495|20260907164135|952.32
1788770500|20260907164140|952.35
1788770505|20260907164145|952.36
1788770510|20260907164150|952.44
1788770525|20260907164205|952.51
1788770530|20260907164210|952.50
1788770535|20260907164215|952.54
1788770540|20260907164220|952.69
1788770545|20260907164225|952.65
1788770555|20260907164235|952.78
1788770560|20260907164240|952.76
1788770565|20260907164245|952.74
1788770570|20260907164250|952.74
1788770575|20260907164255|952.74
1788770585|20260907164305|952.69
1788770590|20260907164310|952.69
1788770595|20260907164315|952.60
1788770600|20260907164320|952.59
1788770605|20260907164325|952.58
1788770630|20260907164350|952.62
1788770635|20260907164355|952.62
1788770645|20260907164405|952.84
1788770650|20260907164410|952.71
1788770660|20260907164420|952.71
1788770680|20260907164440|952.66
1788770705|20260907164505|952.54
1788770710|20260907164510|952.58
1788770715|20260907164515|952.55
1788770720|20260907164520|952.57
1788770740|20260907164540|952.57
1788770745|20260907164545|952.54
1788770750|20260907164550|952.52
1788770760|20260907164600|952.32
1788770765|20260907164605|952.40
1788770770|20260907164610|952.38
1788770775|20260907164615|952.36
1788770780|20260907164620|952.34
1788770795|20260907164635|952.43
1788770800|20260907164640|952.47
1788770805|20260907164645|952.40
1788770810|20260907164650|952.39
1788770815|20260907164655|952.37
1788770820|20260907164700|952.46
1788770825|20260907164705|952.58
1788770835|20260907164715|952.43
1788770840|20260907164720|952.30
1788770845|20260907164725|952.36
1788770855|20260907164735|952.24
1788770860|20260907164740|952.33
1788770865|20260907164745|952.52
1788770870|20260907164750|952.55
1788770875|20260907164755|952.51
1788770890|20260907164810|952.60
1788770895|20260907164815|952.59
1788770905|20260907164825|952.55
1788770915|20260907164835|952.58
1788770920|20260907164840|952.55
1788770930|20260907164850|952.65
1788770940|20260907164900|952.58
1788770945|20260907164905|952.48
1788770950|20260907164910|952.41
1788770960|20260907164920|952.49
1788770965|20260907164925|952.47
1788771005|20260907165005|952.30
1788771010|20260907165010|952.33
1788771015|20260907165015|952.33
1788771025|20260907165025|952.36
1788771040|20260907165040|952.20
1788771045|20260907165045|952.28
1788771050|20260907165050|952.26
1788771065|20260907165105|952.15
1788771070|20260907165110|952.17
1788771080|20260907165120|952.17
1788771085|20260907165125|952.16
1788771095|20260907165135|952.11
1788771100|20260907165140|952.07
1788771105|20260907165145|951.79
1788771110|20260907165150|951.98
1788771115|20260907165155|951.98
1788771120|20260907165200|951.75
1788771130|20260907165210|951.71
1788771135|20260907165215|951.77
1788771140|20260907165220|951.88
1788771145|20260907165225|951.84
1788771155|20260907165235|951.71
1788771160|20260907165240|951.76
1788771165|20260907165245|951.83
1788771170|20260907165250|951.83
1788771185|20260907165305|951.83
1788771190|20260907165310|951.74
1788771195|20260907165315|951.84
1788771200|20260907165320|951.85
1788771215|20260907165335|951.97
1788771220|20260907165340|951.89
1788771225|20260907165345|951.97
1788771230|20260907165350|951.92
1788771235|20260907165355|951.93
1788771240|20260907165400|952.00
1788771245|20260907165405|951.95
1788771250|20260907165410|952.00
1788771260|20260907165420|952.09
1788771265|20260907165425|952.07
1788771300|20260907165500|951.88
1788771305|20260907165505|951.86
1788771310|20260907165510|951.87
1788771315|20260907165515|951.89
1788771320|20260907165520|951.85
1788771325|20260907165525|951.81
1788771335|20260907165535|951.83
1788771345|20260907165545|951.66
1788771350|20260907165550|951.70
1788771355|20260907165555|951.72
1788771365|20260907165605|951.67
1788771380|20260907165620|951.56
1788771385|20260907165625|951.59
1788771395|20260907165635|951.69
1788771400|20260907165640|951.68
1788771405|20260907165645|951.67
1788771410|20260907165650|951.76
1788771415|20260907165655|951.71
1788771425|20260907165705|951.57
1788771430|20260907165710|951.56
1788771435|20260907165715|951.53
1788771440|20260907165720|951.66
1788771445|20260907165725|951.65
1788771455|20260907165735|951.60
1788771465|20260907165745|951.59
1788771470|20260907165750|951.59
1788771475|20260907165755|951.58
1788771485|20260907165805|951.51
1788771490|20260907165810|951.51
1788771495|20260907165815|951.61
1788771500|20260907165820|951.58
1788771505|20260907165825|951.67
1788771515|20260907165835|951.59
1788771520|20260907165840|951.58
1788771525|20260907165845|951.59
1788771530|20260907165850|951.67
1788771545|20260907165905|951.71
1788771550|20260907165910|951.69
1788771555|20260907165915|951.72
1788771565|20260907165925|951.78
1788771605|20260907170005|951.79
1788771610|20260907170010|951.80
1788771615|20260907170015|952.00
1788771620|20260907170020|951.97
1788771625|20260907170025|952.05
1788771635|20260907170035|952.06
1788771640|20260907170040|951.99
1788771645|20260907170045|952.04
1788771650|20260907170050|952.04
1788771655|20260907170055|951.98
1788771665|20260907170105|951.87
1788771670|20260907170110|952.04
1788771675|20260907170115|952.02
1788771680|20260907170120|952.14
1788771685|20260907170125|952.14
1788771695|20260907170135|952.12
1788771700|20260907170140|952.12
1788771705|20260907170145|952.14
1788771710|20260907170150|952.26
1788771715|20260907170155|952.26
1788771725|20260907170205|952.36
1788771730|20260907170210|952.23
1788771735|20260907170215|952.22
1788771745|20260907170225|952.26
1788771755|20260907170235|952.08
1788771760|20260907170240|952.06
1788771765|20260907170245|951.91
1788771770|20260907170250|951.91
1788771775|20260907170255|951.98
1788771780|20260907170300|951.94
1788771785|20260907170305|952.04
1788771795|20260907170315|952.11
1788771800|20260907170320|952.11
1788771805|20260907170325|952.08
1788771815|20260907170335|952.19
1788771820|20260907170340|952.11
1788771830|20260907170350|952.14
1788771835|20260907170355|952.14
1788771845|20260907170405|952.20
1788771850|20260907170410|952.23
1788771855|20260907170415|952.16
1788771860|20260907170420|952.17
1788771905|20260907170505|952.02
1788771910|20260907170510|951.93
1788771915|20260907170515|952.01
1788771920|20260907170520|952.10
1788771935|20260907170535|952.03
1788771945|20260907170545|952.04
1788771950|20260907170550|952.00
1788771960|20260907170600|952.02
1788771965|20260907170605|951.92
1788771975|20260907170615|951.88
1788771980|20260907170620|952.01
1788771985|20260907170625|951.96
1788771990|20260907170630|951.96
1788771995|20260907170635|951.95
1788772005|20260907170645|952.02
1788772010|20260907170650|952.00
1788772015|20260907170655|951.90
1788772020|20260907170700|951.86
1788772040|20260907170720|951.90
1788772045|20260907170725|951.86
1788772055|20260907170735|952.07
1788772065|20260907170745|952.13
1788772070|20260907170750|952.12
1788772075|20260907170755|952.13
1788772080|20260907170800|952.08
1788772085|20260907170805|952.10
1788772090|20260907170810|952.07
1788772095|20260907170815|951.96
1788772100|20260907170820|951.87
1788772115|20260907170835|951.87
1788772120|20260907170840|951.90
1788772125|20260907170845|951.97
1788772130|20260907170850|952.01
1788772140|20260907170900|952.05
1788772145|20260907170905|952.02
1788772150|20260907170910|952.07
1788772155|20260907170915|952.16
1788772160|20260907170920|952.12
1788772205|20260907171005|952.17
1788772220|20260907171020|952.26
1788772225|20260907171025|952.22
1788772235|20260907171035|952.23
1788772240|20260907171040|952.25
1788772250|20260907171050|952.16
1788772255|20260907171055|952.17
1788772270|20260907171110|952.18
1788772275|20260907171115|952.26
1788772280|20260907171120|952.29
1788772285|20260907171125|952.30
1788772300|20260907171140|952.17
1788772305|20260907171145|952.13
1788772315|20260907171155|952.24
1788772320|20260907171200|952.26
1788772335|20260907171215|952.20
1788772340|20260907171220|952.10
1788772345|20260907171225|952.09
1788772355|20260907171235|951.89
1788772360|20260907171240|951.97
1788772365|20260907171245|951.78
1788772370|20260907171250|951.88
1788772390|20260907171310|952.06
1788772395|20260907171315|952.09
1788772400|20260907171320|952.06
1788772405|20260907171325|952.04
1788772415|20260907171335|951.86
1788772425|20260907171345|951.76
1788772430|20260907171350|951.81
1788772435|20260907171355|951.72
1788772440|20260907171400|951.82
1788772455|20260907171415|951.87
1788772460|20260907171420|951.82
1788772465|20260907171425|951.92
1788772500|20260907171500|951.78
1788772505|20260907171505|951.80
1788772510|20260907171510|951.82
1788772515|20260907171515|951.82
1788772520|20260907171520|951.83
1788772525|20260907171525|951.83
1788772535|20260907171535|951.81
1788772540|20260907171540|951.94
1788772550|20260907171550|951.95
1788772555|20260907171555|951.91
1788772565|20260907171605|951.88
1788772570|20260907171610|951.79
1788772575|20260907171615|951.63
1788772580|20260907171620|951.63
1788772585|20260907171625|951.57
1788772595|20260907171635|951.61
1788772600|20260907171640|951.57
1788772605|20260907171645|951.61
1788772610|20260907171650|951.62
1788772620|20260907171700|951.61
1788772625|20260907171705|951.61
1788772630|20260907171710|951.60
1788772635|20260907171715|951.56
1788772640|20260907171720|951.55
1788772645|20260907171725|951.55
1788772655|20260907171735|951.52
1788772665|20260907171745|951.46
1788772670|20260907171750|951.41
1788772675|20260907171755|951.50
1788772680|20260907171800|951.50
1788772685|20260907171805|951.37
1788772690|20260907171810|951.34
1788772695|20260907171815|951.27
1788772705|20260907171825|951.14
1788772720|20260907171840|951.01
1788772725|20260907171845|951.04
1788772730|20260907171850|951.06
1788772735|20260907171855|951.03
1788772740|20260907171900|951.01
1788772745|20260907171905|950.98
1788772755|20260907171915|951.04
1788772760|20260907171920|951.04
1788772765|20260907171925|950.99
1788772805|20260907172005|951.09
1788772815|20260907172015|951.05
1788772820|20260907172020|951.08
1788772825|20260907172025|951.08
1788772840|20260907172040|951.16
1788772845|20260907172045|951.09
1788772850|20260907172050|951.10
1788772855|20260907172055|951.07
1788772880|20260907172120|951.09
1788772885|20260907172125|951.09
1788772900|20260907172140|951.15
1788772905|20260907172145|951.07
1788772910|20260907172150|951.04
1788772915|20260907172155|951.22
1788772920|20260907172200|951.24
1788772925|20260907172205|951.22
1788772930|20260907172210|951.22
1788772935|20260907172215|951.20
1788772940|20260907172220|951.27
1788772945|20260907172225|951.32
1788772960|20260907172240|951.36
1788772965|20260907172245|951.22
1788772975|20260907172255|951.27
1788772980|20260907172300|951.31
1788772985|20260907172305|951.29
1788773000|20260907172320|951.24
1788773005|20260907172325|951.22
1788773020|20260907172340|951.16
1788773025|20260907172345|951.14
1788773040|20260907172400|951.17
1788773045|20260907172405|951.16
1788773050|20260907172410|951.22
1788773055|20260907172415|951.26
1788773060|20260907172420|951.21
1788773065|20260907172425|951.21
1788773080|20260907172440|951.16
1788773100|20260907172500|951.24
1788773105|20260907172505|951.22
1788773110|20260907172510|951.27
1788773115|20260907172515|951.33
1788773120|20260907172520|951.33
1788773125|20260907172525|951.30
1788773135|20260907172535|951.39
1788773140|20260907172540|951.42
1788773145|20260907172545|951.35
1788773150|20260907172550|951.26
1788773155|20260907172555|951.26
1788773160|20260907172600|951.32
1788773165|20260907172605|951.35
1788773170|20260907172610|951.29
1788773175|20260907172615|951.29
1788773185|20260907172625|951.24
1788773195|20260907172635|951.31
1788773200|20260907172640|951.31
1788773205|20260907172645|951.31
1788773210|20260907172650|951.26
1788773215|20260907172655|951.26
1788773220|20260907172700|951.26
1788773225|20260907172705|951.32
1788773230|20260907172710|951.30
1788773235|20260907172715|951.30
1788773240|20260907172720|951.32
1788773245|20260907172725|951.26
1788773255|20260907172735|951.26
1788773260|20260907172740|951.35
1788773265|20260907172745|951.32
1788773270|20260907172750|951.31
1788773275|20260907172755|951.31
1788773280|20260907172800|951.38
1788773285|20260907172805|951.32
1788773295|20260907172815|951.30
1788773300|20260907172820|951.33
1788773305|20260907172825|951.24
1788773335|20260907172855|951.05
1788773345|20260907172905|950.94
1788773350|20260907172910|950.68
1788773355|20260907172915|950.73
1788773360|20260907172920|950.75
1788773365|20260907172925|950.65
1788773410|20260907173010|950.67
1788773415|20260907173015|950.68
1788773420|20260907173020|950.71
1788773425|20260907173025|950.67
1788773435|20260907173035|950.37
1788773440|20260907173040|950.40
1788773445|20260907173045|950.38
1788773450|20260907173050|950.31
1788773455|20260907173055|950.26
1788773460|20260907173100|950.22
1788773470|20260907173110|950.28
1788773475|20260907173115|950.25
1788773480|20260907173120|950.30
1788773485|20260907173125|950.32
1788773495|20260907173135|950.41
1788773500|20260907173140|950.57
1788773505|20260907173145|950.64
1788773510|20260907173150|950.40
1788773515|20260907173155|950.29
1788773520|20260907173200|950.25
1788773525|20260907173205|950.38
1788773530|20260907173210|950.37
1788773535|20260907173215|950.20
1788773540|20260907173220|950.34
1788773555|20260907173235|950.44
1788773560|20260907173240|950.45
1788773570|20260907173250|950.40
1788773575|20260907173255|950.56
1788773580|20260907173300|950.56
1788773585|20260907173305|950.62
1788773590|20260907173310|950.60
1788773595|20260907173315|950.65
1788773600|20260907173320|950.62
1788773615|20260907173335|950.74
1788773620|20260907173340|950.68
1788773630|20260907173350|950.71
1788773635|20260907173355|950.51
1788773650|20260907173410|950.59
1788773660|20260907173420|950.43
1788773665|20260907173425|950.45
1788773690|20260907173450|950.54
1788773695|20260907173455|950.63
1788773700|20260907173500|950.59
1788773705|20260907173505|950.52
1788773710|20260907173510|950.55
1788773715|20260907173515|950.52
1788773720|20260907173520|950.38
1788773725|20260907173525|950.34
1788773735|20260907173535|950.44
1788773740|20260907173540|950.47
1788773745|20260907173545|950.51
1788773750|20260907173550|950.39
1788773755|20260907173555|950.45
1788773760|20260907173600|950.42
1788773765|20260907173605|950.50
1788773780|20260907173620|950.69
1788773795|20260907173635|950.77
1788773805|20260907173645|950.73
1788773810|20260907173650|950.71
1788773825|20260907173705|950.73
1788773830|20260907173710|950.64
1788773835|20260907173715|950.68
1788773840|20260907173720|950.72
1788773855|20260907173735|950.77
1788773865|20260907173745|950.77
1788773870|20260907173750|950.78
1788773875|20260907173755|950.78
1788773880|20260907173800|950.78
1788773885|20260907173805|950.75
1788773890|20260907173810|950.75
1788773900|20260907173820|950.77
1788773905|20260907173825|950.74
1788773920|20260907173840|950.89
1788773925|20260907173845|950.89
1788773935|20260907173855|950.91
1788773940|20260907173900|951.03
1788773945|20260907173905|951.03
1788773955|20260907173915|950.96
1788773960|20260907173920|951.07
1788773965|20260907173925|951.10
1788774005|20260907174005|951.37
1788774015|20260907174015|951.38
1788774020|20260907174020|951.43
1788774025|20260907174025|951.52
1788774035|20260907174035|951.43
1788774040|20260907174040|951.49
1788774045|20260907174045|951.51
1788774050|20260907174050|951.43
1788774055|20260907174055|951.48
1788774065|20260907174105|951.44
1788774070|20260907174110|951.36
1788774075|20260907174115|951.43
1788774085|20260907174125|951.42
1788774095|20260907174135|951.33
1788774100|20260907174140|951.38
1788774105|20260907174145|951.37
1788774110|20260907174150|951.41
1788774115|20260907174155|951.41
1788774125|20260907174205|951.24
1788774130|20260907174210|951.19
1788774135|20260907174215|951.21
1788774140|20260907174220|951.21
1788774145|20260907174225|951.21
1788774155|20260907174235|951.25
1788774160|20260907174240|951.17
1788774165|20260907174245|951.22
1788774170|20260907174250|951.22
1788774175|20260907174255|951.26
1788774180|20260907174300|951.26
1788774195|20260907174315|951.31
1788774200|20260907174320|951.34
1788774205|20260907174325|951.26
1788774215|20260907174335|951.26
1788774220|20260907174340|951.32
1788774225|20260907174345|951.29
1788774230|20260907174350|951.31
1788774235|20260907174355|951.28
1788774240|20260907174400|951.33
1788774245|20260907174405|951.36
1788774250|20260907174410|951.32
1788774255|20260907174415|951.34
1788774265|20260907174425|951.31
1788774300|20260907174500|951.44
1788774305|20260907174505|951.39
1788774310|20260907174510|951.43
1788774315|20260907174515|951.43
1788774320|20260907174520|951.45
1788774325|20260907174525|951.43
1788774335|20260907174535|951.43
1788774340|20260907174540|951.41
1788774345|20260907174545|951.35
1788774350|20260907174550|951.29
1788774360|20260907174600|951.40
1788774365|20260907174605|951.37
1788774370|20260907174610|951.32
1788774375|20260907174615|951.29
1788774380|20260907174620|951.29
1788774385|20260907174625|951.30
1788774395|20260907174635|951.36
1788774400|20260907174640|951.36
1788774405|20260907174645|951.34
1788774410|20260907174650|951.45
1788774415|20260907174655|951.46
1788774420|20260907174700|951.43
1788774425|20260907174705|951.37
1788774435|20260907174715|951.34
1788774440|20260907174720|951.32
1788774445|20260907174725|951.33
1788774460|20260907174740|951.39
1788774465|20260907174745|951.35
1788774475|20260907174755|951.36
1788774490|20260907174810|951.40
1788774495|20260907174815|951.46
1788774500|20260907174820|951.46
1788774505|20260907174825|951.42
1788774515|20260907174835|951.44
1788774520|20260907174840|951.43
1788774525|20260907174845|951.42
1788774530|20260907174850|951.42
1788774535|20260907174855|951.44
1788774545|20260907174905|951.45
1788774550|20260907174910|951.47
1788774560|20260907174920|951.54
1788774565|20260907174925|951.54
1788774580|20260907174940|951.49
1788774600|20260907175000|951.44
1788774605|20260907175005|951.48
1788774645|20260907175045|951.51
1788774650|20260907175050|951.46
1788774665|20260907175105|951.48
1788774670|20260907175110|951.47
1788774675|20260907175115|951.47
1788774685|20260907175125|951.46
1788774695|20260907175135|951.46
1788774700|20260907175140|951.51
1788774705|20260907175145|951.55
1788774710|20260907175150|951.55
1788774730|20260907175210|951.51
1788774740|20260907175220|951.49
1788774745|20260907175225|951.47
1788774755|20260907175235|951.42
1788774760|20260907175240|951.45
1788774765|20260907175245|951.45
1788774770|20260907175250|951.43
1788774785|20260907175305|951.36
1788774790|20260907175310|951.35
1788774795|20260907175315|951.27
1788774800|20260907175320|951.27
1788774805|20260907175325|951.28
1788774815|20260907175335|951.28
1788774825|20260907175345|951.25
1788774830|20260907175350|951.21
1788774835|20260907175355|951.20
1788774845|20260907175405|951.25
1788774850|20260907175410|951.22
1788774855|20260907175415|951.14
1788774865|20260907175425|950.97
1788774905|20260907175505|951.05
1788774910|20260907175510|951.10
1788774915|20260907175515|951.07
1788774920|20260907175520|951.05
1788774925|20260907175525|951.07
1788774935|20260907175535|951.00
1788774940|20260907175540|951.01
1788774950|20260907175550|951.08
1788774955|20260907175555|951.10
1788774965|20260907175605|951.08
1788774970|20260907175610|951.08
1788774975|20260907175615|951.09
1788774980|20260907175620|951.09
1788775005|20260907175645|951.04
1788775010|20260907175650|951.00
1788775015|20260907175655|950.97
1788775025|20260907175705|950.76
1788775035|20260907175715|950.71
1788775040|20260907175720|950.71
1788775045|20260907175725|950.63
1788775060|20260907175740|950.56
1788775075|20260907175755|950.55
1788775085|20260907175805|950.50
1788775095|20260907175815|950.56
1788775100|20260907175820|950.56
1788775105|20260907175825|950.51
1788775115|20260907175835|950.47
1788775125|20260907175845|950.48
1788775130|20260907175850|950.49
1788775135|20260907175855|950.49
1788775145|20260907175905|950.51
1788775200|20260907180000|950.59
1788775205|20260907180005|950.59
1788775210|20260907180010|950.62
1788775215|20260907180015|950.62
1788775220|20260907180020|950.58
1788775225|20260907180025|950.61
1788775235|20260907180035|950.61
1788775240|20260907180040|950.68
1788775245|20260907180045|950.62
1788775250|20260907180050|950.66
1788775255|20260907180055|950.58
1788775265|20260907180105|950.54
1788775270|20260907180110|950.58
1788775280|20260907180120|950.68
1788775285|20260907180125|950.67
1788775295|20260907180135|950.65
1788775300|20260907180140|950.66
1788775305|20260907180145|950.56
1788775310|20260907180150|950.61
1788775335|20260907180215|950.50
1788775340|20260907180220|950.53
1788775345|20260907180225|950.51
1788775355|20260907180235|950.52
1788775370|20260907180250|950.41
1788775375|20260907180255|950.41
1788775390|20260907180310|950.42
1788775395|20260907180315|950.40
1788775400|20260907180320|950.40
1788775405|20260907180325|950.42
1788775415|20260907180335|950.39
1788775420|20260907180340|950.40
1788775430|20260907180350|950.36
1788775435|20260907180355|950.37
1788775445|20260907180405|950.51
1788775455|20260907180415|950.43
1788775505|20260907180505|950.41
1788775510|20260907180510|950.46
1788775515|20260907180515|950.46
1788775525|20260907180525|950.45
1788775535|20260907180535|950.41
1788775540|20260907180540|950.46
1788775550|20260907180550|950.55
1788775555|20260907180555|950.48
1788775565|20260907180605|950.45
1788775570|20260907180610|950.45
1788775575|20260907180615|950.44
1788775595|20260907180635|950.37
1788775605|20260907180645|950.25
1788775610|20260907180650|950.25
1788775615|20260907180655|950.25
1788775625|20260907180705|950.22
1788775630|20260907180710|950.17
1788775635|20260907180715|950.08
1788775640|20260907180720|950.08
1788775645|20260907180725|950.02
1788775655|20260907180735|950.07
1788775660|20260907180740|949.97
1788775670|20260907180750|950.03
1788775675|20260907180755|950.04
1788775685|20260907180805|949.97
1788775695|20260907180815|950.04
1788775700|20260907180820|950.13
1788775705|20260907180825|950.13
1788775715|20260907180835|950.12
1788775720|20260907180840|950.13
1788775730|20260907180850|950.13
1788775735|20260907180855|950.07
1788775740|20260907180900|950.08
1788775745|20260907180905|950.08
1788775750|20260907180910|950.05
1788775755|20260907180915|950.13
1788775760|20260907180920|950.13
1788775765|20260907180925|950.17
1788775805|20260907181005|950.40
1788775810|20260907181010|950.26
1788775815|20260907181015|950.31
1788775825|20260907181025|950.28
1788775835|20260907181035|950.19
1788775845|20260907181045|950.18
1788775850|20260907181050|950.18
1788775865|20260907181105|950.26
1788775875|20260907181115|950.28
1788775880|20260907181120|950.32
1788775885|20260907181125|950.02
1788775895|20260907181135|949.99
1788775900|20260907181140|950.01
1788775905|20260907181145|950.01
1788775910|20260907181150|950.01
1788775915|20260907181155|950.02
1788775925|20260907181205|950.03
1788775930|20260907181210|949.98
1788775935|20260907181215|950.01
1788775940|20260907181220|949.97
1788775945|20260907181225|950.15
1788775955|20260907181235|950.04
1788775975|20260907181255|949.96
1788775985|20260907181305|949.98
1788775990|20260907181310|949.96
1788775995|20260907181315|949.97
1788776000|20260907181320|949.97
1788776005|20260907181325|949.99
1788776015|20260907181335|949.97
1788776020|20260907181340|949.96
1788776025|20260907181345|949.97
1788776035|20260907181355|949.95
1788776050|20260907181410|949.94
1788776055|20260907181415|949.87
1788776065|20260907181425|950.01
1788776075|20260907181435|950.13
1788776105|20260907181505|949.92
1788776110|20260907181510|949.93
1788776120|20260907181520|949.91
1788776125|20260907181525|949.91
1788776140|20260907181540|950.00
1788776150|20260907181550|950.05
1788776155|20260907181555|950.02
1788776160|20260907181600|950.03
1788776175|20260907181615|949.97
1788776180|20260907181620|950.02
1788776185|20260907181625|950.00
1788776195|20260907181635|950.01
1788776200|20260907181640|949.99
1788776205|20260907181645|950.00
1788776210|20260907181650|949.95
1788776215|20260907181655|949.95
1788776225|20260907181705|950.01
1788776230|20260907181710|949.99
1788776240|20260907181720|949.97
1788776245|20260907181725|949.95
1788776265|20260907181745|950.16
1788776290|20260907181810|950.15
1788776295|20260907181815|950.14
1788776300|20260907181820|950.11
1788776305|20260907181825|950.04
1788776315|20260907181835|950.11
1788776320|20260907181840|950.15
1788776325|20260907181845|950.19
1788776330|20260907181850|950.11
1788776335|20260907181855|950.13
1788776345|20260907181905|950.20
1788776350|20260907181910|950.20
1788776355|20260907181915|950.17
1788776360|20260907181920|950.17
1788776365|20260907181925|950.23
1788776375|20260907181935|950.26
1788776385|20260907181945|950.29
1788776395|20260907181955|950.26
1788776405|20260907182005|950.27
1788776410|20260907182010|950.26
1788776415|20260907182015|950.26
1788776425|20260907182025|950.27
1788776435|20260907182035|950.35
1788776450|20260907182050|950.19
1788776455|20260907182055|949.70
1788776475|20260907182115|949.40
1788776480|20260907182120|949.37
1788776485|20260907182125|949.30
1788776495|20260907182135|949.28
1788776500|20260907182140|949.34
1788776510|20260907182150|949.29
1788776515|20260907182155|949.44
1788776525|20260907182205|949.48
1788776530|20260907182210|949.30
1788776535|20260907182215|949.31
1788776540|20260907182220|949.32
1788776545|20260907182225|949.31
1788776555|20260907182235|949.27
1788776560|20260907182240|949.30
1788776565|20260907182245|949.30
1788776570|20260907182250|949.38
1788776575|20260907182255|949.40
1788776590|20260907182310|949.44
1788776595|20260907182315|949.37
1788776600|20260907182320|949.38
1788776605|20260907182325|949.21
1788776615|20260907182335|949.16
1788776620|20260907182340|949.20
1788776625|20260907182345|949.11
1788776630|20260907182350|949.21
1788776635|20260907182355|949.02
1788776640|20260907182400|948.98
1788776645|20260907182405|949.02
1788776650|20260907182410|949.06
1788776655|20260907182415|949.07
1788776660|20260907182420|949.10
1788776665|20260907182425|949.04
1788776700|20260907182500|949.01
1788776705|20260907182505|948.92
1788776710|20260907182510|948.96
1788776715|20260907182515|948.98
1788776720|20260907182520|949.13
1788776725|20260907182525|949.05
1788776735|20260907182535|949.12
1788776740|20260907182540|949.03
1788776745|20260907182545|949.06
1788776750|20260907182550|948.99
1788776755|20260907182555|949.04
1788776770|20260907182610|949.02
1788776775|20260907182615|948.92
1788776780|20260907182620|948.80
1788776785|20260907182625|948.90
1788776795|20260907182635|949.02
1788776800|20260907182640|949.02
1788776805|20260907182645|949.03
1788776810|20260907182650|949.01
1788776815|20260907182655|949.13
1788776825|20260907182705|949.08
1788776830|20260907182710|948.91
1788776835|20260907182715|948.94
1788776840|20260907182720|948.87
1788776845|20260907182725|948.90
1788776855|20260907182735|948.90
1788776860|20260907182740|948.98
1788776865|20260907182745|948.98
1788776870|20260907182750|948.81
1788776875|20260907182755|948.80
1788776885|20260907182805|948.54
1788776890|20260907182810|948.67
1788776895|20260907182815|948.72
1788776900|20260907182820|948.78
1788776905|20260907182825|948.81
1788776920|20260907182840|948.76
1788776925|20260907182845|948.86
1788776990|20260907182950|948.59
