1791475205|20261009000005|886.33
1791475210|20261009000010|886.41
1791475215|20261009000015|886.37
1791475220|20261009000020|886.18
1791475225|20261009000025|886.30
1791475235|20261009000035|886.31
1791475245|20261009000045|886.30
1791475250|20261009000050|886.25
1791475255|20261009000055|886.24
1791475265|20261009000105|886.11
1791475270|20261009000110|886.21
1791475275|20261009000115|886.20
1791475280|20261009000120|885.84
1791475285|20261009000125|886.18
1791475295|20261009000135|885.80
1791475300|20261009000140|885.52
1791475305|20261009000145|885.56
1791475315|20261009000155|885.44
1791475325|20261009000205|885.65
1791475330|20261009000210|885.66
1791475335|20261009000215|885.64
1791475340|20261009000220|885.83
1791475345|20261009000225|885.79
1791475355|20261009000235|885.96
1791475360|20261009000240|885.88
1791475365|20261009000245|885.97
1791475370|20261009000250|885.98
1791475375|20261009000255|885.82
1791475385|20261009000305|885.62
1791475390|20261009000310|885.54
1791475395|20261009000315|885.70
1791475400|20261009000320|885.70
1791475420|20261009000340|885.79
1791475425|20261009000345|885.70
1791475430|20261009000350|885.62
1791475435|20261009000355|885.58
1791475455|20261009000415|885.60
1791475460|20261009000420|885.61
1791475465|20261009000425|885.56
1791475505|20261009000505|885.60
1791475510|20261009000510|885.45
1791475515|20261009000515|885.27
1791475520|20261009000520|885.36
1791475525|20261009000525|885.30
1791475535|20261009000535|885.24
1791475545|20261009000545|885.20
1791475555|20261009000555|885.14
1791475565|20261009000605|885.28
1791475570|20261009000610|885.29
1791475575|20261009000615|885.28
1791475595|20261009000635|885.00
1791475605|20261009000645|885.03
1791475615|20261009000655|884.97
1791475625|20261009000705|885.07
1791475630|20261009000710|885.10
1791475640|20261009000720|885.12
1791475645|20261009000725|885.12
1791475655|20261009000735|885.19
1791475665|20261009000745|885.08
1791475670|20261009000750|885.05
1791475690|20261009000810|884.95
1791475695|20261009000815|885.13
1791475700|20261009000820|885.15
1791475720|20261009000840|885.22
1791475730|20261009000850|885.42
1791475745|20261009000905|885.73
1791475765|20261009000925|885.67
1791475800|20261009001000|885.86
1791475805|20261009001005|885.93
1791475810|20261009001010|885.98
1791475815|20261009001015|886.06
1791475820|20261009001020|886.04
1791475825|20261009001025|886.05
1791475840|20261009001040|885.96
1791475845|20261009001045|886.02
1791475850|20261009001050|885.99
1791475855|20261009001055|886.09
1791475865|20261009001105|886.04
1791475870|20261009001110|886.10
1791475885|20261009001125|886.22
1791475895|20261009001135|886.21
1791475915|20261009001155|886.18
1791475925|20261009001205|886.30
1791475930|20261009001210|886.39
1791475935|20261009001215|886.40
1791475955|20261009001235|886.42
1791475970|20261009001250|886.44
1791475975|20261009001255|886.52
1791475985|20261009001305|886.51
1791475990|20261009001310|886.51
1791475995|20261009001315|886.33
1791476000|20261009001320|886.38
1791476005|20261009001325|886.28
1791476015|20261009001335|886.23
1791476020|20261009001340|886.11
1791476030|20261009001350|886.21
1791476035|20261009001355|886.13
1791476045|20261009001405|886.17
1791476050|20261009001410|886.20
1791476055|20261009001415|886.06
1791476060|20261009001420|886.09
1791476095|20261009001455|886.20
1791476105|20261009001505|886.32
1791476110|20261009001510|886.28
1791476115|20261009001515|886.30
1791476120|20261009001520|886.33
1791476125|20261009001525|886.32
1791476140|20261009001540|886.10
1791476145|20261009001545|886.16
1791476150|20261009001550|886.17
1791476155|20261009001555|886.28
1791476165|20261009001605|886.23
1791476170|20261009001610|886.22
1791476175|20261009001615|886.22
1791476180|20261009001620|886.14
1791476185|20261009001625|885.94
1791476195|20261009001635|885.96
1791476200|20261009001640|885.95
1791476215|20261009001655|886.01
1791476225|20261009001705|885.88
1791476230|20261009001710|885.73
1791476240|20261009001720|888.69
1791476255|20261009001735|889.66
1791476260|20261009001740|890.38
1791476265|20261009001745|890.34
1791476270|20261009001750|890.51
1791476275|20261009001755|890.09
1791476285|20261009001805|889.70
1791476290|20261009001810|889.29
1791476295|20261009001815|888.95
1791476300|20261009001820|888.55
1791476305|20261009001825|888.35
1791476315|20261009001835|888.67
1791476325|20261009001845|888.47
1791476330|20261009001850|888.59
1791476335|20261009001855|888.71
1791476345|20261009001905|888.51
1791476350|20261009001910|888.53
1791476355|20261009001915|888.38
1791476360|20261009001920|888.84
1791476365|20261009001925|888.65
1791476405|20261009002005|888.14
1791476410|20261009002010|888.06
1791476415|20261009002015|888.10
1791476420|20261009002020|888.19
1791476425|20261009002025|888.07
1791476435|20261009002035|888.19
1791476440|20261009002040|888.12
1791476445|20261009002045|888.18
1791476455|20261009002055|888.09
1791476465|20261009002105|887.91
1791476470|20261009002110|887.75
1791476480|20261009002120|887.56
1791476485|20261009002125|887.56
1791476495|20261009002135|887.69
1791476500|20261009002140|887.60
1791476505|20261009002145|887.69
1791476510|20261009002150|887.68
1791476515|20261009002155|887.63
1791476525|20261009002205|887.97
1791476530|20261009002210|887.78
1791476535|20261009002215|887.99
1791476540|20261009002220|887.83
1791476545|20261009002225|887.85
1791476555|20261009002235|888.06
1791476560|20261009002240|887.99
1791476565|20261009002245|887.82
1791476575|20261009002255|887.72
1791476585|20261009002305|887.80
1791476590|20261009002310|887.96
1791476600|20261009002320|888.10
1791476605|20261009002325|888.33
1791476615|20261009002335|888.38
1791476620|20261009002340|888.28
1791476625|20261009002345|888.25
1791476645|20261009002405|888.19
1791476650|20261009002410|888.10
1791476665|20261009002425|888.48
1791476705|20261009002505|888.43
1791476710|20261009002510|888.56
1791476720|20261009002520|888.44
1791476725|20261009002525|888.44
1791476735|20261009002535|888.12
1791476740|20261009002540|888.29
1791476745|20261009002545|888.28
1791476750|20261009002550|888.25
1791476755|20261009002555|888.14
1791476765|20261009002605|888.10
1791476770|20261009002610|888.14
1791476775|20261009002615|888.17
1791476780|20261009002620|888.14
1791476785|20261009002625|888.23
1791476800|20261009002640|888.31
1791476805|20261009002645|888.27
1791476810|20261009002650|888.25
1791476815|20261009002655|888.13
1791476825|20261009002705|888.21
1791476830|20261009002710|887.93
1791476835|20261009002715|887.82
1791476840|20261009002720|887.80
1791476845|20261009002725|887.85
1791476855|20261009002735|888.00
1791476860|20261009002740|887.83
1791476870|20261009002750|887.80
1791476875|20261009002755|887.60
1791476890|20261009002810|887.57
1791476895|20261009002815|887.66
1791476900|20261009002820|887.67
1791476915|20261009002835|887.79
1791476935|20261009002855|887.90
1791476945|20261009002905|887.68
1791476950|20261009002910|887.71
1791476955|20261009002915|887.70
1791476960|20261009002920|887.69
1791476980|20261009002940|887.54
1791477000|20261009003000|887.58
1791477015|20261009003015|887.60
1791477020|20261009003020|887.64
1791477025|20261009003025|887.59
1791477035|20261009003035|887.91
1791477040|20261009003040|887.75
1791477045|20261009003045|887.84
1791477070|20261009003110|887.55
1791477075|20261009003115|887.46
1791477080|20261009003120|887.47
1791477095|20261009003135|887.47
1791477100|20261009003140|887.41
1791477105|20261009003145|887.45
1791477110|20261009003150|887.49
1791477125|20261009003205|887.57
1791477130|20261009003210|887.54
1791477135|20261009003215|887.69
1791477140|20261009003220|887.73
1791477145|20261009003225|887.68
1791477155|20261009003235|887.83
1791477160|20261009003240|887.88
1791477165|20261009003245|887.93
1791477175|20261009003255|888.01
1791477185|20261009003305|888.06
1791477190|20261009003310|888.02
1791477195|20261009003315|888.01
1791477200|20261009003320|887.93
1791477205|20261009003325|888.02
1791477235|20261009003355|887.79
1791477245|20261009003405|887.86
1791477250|20261009003410|887.85
1791477260|20261009003420|887.97
1791477265|20261009003425|887.98
1791477290|20261009003450|887.96
1791477305|20261009003505|887.92
1791477310|20261009003510|887.86
1791477315|20261009003515|887.87
1791477320|20261009003520|887.83
1791477325|20261009003525|887.77
1791477335|20261009003535|887.89
1791477355|20261009003555|887.82
1791477365|20261009003605|887.78
1791477370|20261009003610|887.90
1791477375|20261009003615|887.75
1791477380|20261009003620|887.59
1791477395|20261009003635|887.37
1791477400|20261009003640|887.40
1791477405|20261009003645|887.45
1791477410|20261009003650|887.44
1791477415|20261009003655|887.39
1791477425|20261009003705|887.30
1791477430|20261009003710|887.12
1791477435|20261009003715|887.09
1791477440|20261009003720|887.10
1791477445|20261009003725|887.57
1791477455|20261009003735|887.53
1791477460|20261009003740|887.40
1791477465|20261009003745|887.57
1791477470|20261009003750|887.50
1791477505|20261009003825|887.41
1791477520|20261009003840|887.39
1791477525|20261009003845|887.32
1791477530|20261009003850|887.29
1791477535|20261009003855|887.41
1791477545|20261009003905|887.33
1791477560|20261009003920|887.34
1791477565|20261009003925|887.37
1791477600|20261009004000|887.72
1791477605|20261009004005|887.74
1791477610|20261009004010|887.97
1791477615|20261009004015|888.01
1791477620|20261009004020|888.07
1791477635|20261009004035|888.55
1791477640|20261009004040|888.39
1791477645|20261009004045|888.35
1791477650|20261009004050|888.42
1791477665|20261009004105|888.29
1791477670|20261009004110|888.30
1791477675|20261009004115|888.20
1791477680|20261009004120|888.20
1791477685|20261009004125|888.09
1791477695|20261009004135|888.12
1791477705|20261009004145|888.09
1791477710|20261009004150|888.25
1791477725|20261009004205|888.24
1791477735|20261009004215|888.19
1791477740|20261009004220|888.22
1791477745|20261009004225|888.24
1791477755|20261009004235|888.22
1791477760|20261009004240|888.24
1791477770|20261009004250|888.42
1791477790|20261009004310|888.27
1791477795|20261009004315|888.18
1791477800|20261009004320|888.21
1791477805|20261009004325|888.12
1791477815|20261009004335|888.09
1791477820|20261009004340|887.85
1791477830|20261009004350|887.81
1791477835|20261009004355|887.91
1791477845|20261009004405|888.07
1791477865|20261009004425|888.00
1791477905|20261009004505|887.90
1791477910|20261009004510|887.87
1791477915|20261009004515|887.85
1791477920|20261009004520|887.77
1791477925|20261009004525|887.75
1791477945|20261009004545|888.03
1791477950|20261009004550|888.00
1791477955|20261009004555|888.00
1791477970|20261009004610|888.09
1791477975|20261009004615|888.12
1791477980|20261009004620|888.12
1791477985|20261009004625|888.25
1791478005|20261009004645|888.32
1791478010|20261009004650|888.34
1791478035|20261009004715|888.03
1791478040|20261009004720|888.03
1791478045|20261009004725|888.05
1791478055|20261009004735|887.93
1791478060|20261009004740|887.82
1791478065|20261009004745|887.83
1791478070|20261009004750|887.83
1791478075|20261009004755|887.85
1791478085|20261009004805|887.41
1791478090|20261009004810|887.37
1791478095|20261009004815|887.36
1791478115|20261009004835|887.53
1791478125|20261009004845|887.60
1791478130|20261009004850|887.61
1791478135|20261009004855|887.69
1791478145|20261009004905|887.73
1791478150|20261009004910|887.74
1791478160|20261009004920|888.13
1791478165|20261009004925|887.98
1791478205|20261009005005|888.22
1791478210|20261009005010|888.48
1791478215|20261009005015|888.54
1791478220|20261009005020|888.52
1791478225|20261009005025|888.59
1791478235|20261009005035|888.51
1791478240|20261009005040|888.40
1791478245|20261009005045|888.43
1791478250|20261009005050|888.46
1791478255|20261009005055|888.41
1791478265|20261009005105|888.30
1791478270|20261009005110|888.35
1791478275|20261009005115|888.35
1791478280|20261009005120|888.42
1791478285|20261009005125|888.37
1791478295|20261009005135|888.39
1791478305|20261009005145|888.37
1791478310|20261009005150|888.53
1791478325|20261009005205|888.67
1791478335|20261009005215|888.57
1791478340|20261009005220|888.60
1791478345|20261009005225|888.65
1791478355|20261009005235|888.57
1791478360|20261009005240|888.59
1791478365|20261009005245|888.64
1791478370|20261009005250|888.54
1791478385|20261009005305|888.49
1791478390|20261009005310|888.50
1791478395|20261009005315|888.35
1791478400|20261009005320|888.39
1791478405|20261009005325|888.33
1791478425|20261009005345|888.44
1791478430|20261009005350|888.47
1791478445|20261009005405|888.51
1791478455|20261009005415|888.54
1791478460|20261009005420|888.54
1791478465|20261009005425|888.58
1791478490|20261009005450|888.51
1791478535|20261009005535|888.42
1791478545|20261009005545|888.37
1791478555|20261009005555|888.74
1791478580|20261009005620|889.11
1791478585|20261009005625|889.05
1791478605|20261009005645|888.93
1791478625|20261009005705|888.62
1791478655|20261009005735|888.60
1791478660|20261009005740|889.43
1791478665|20261009005745|889.32
1791478670|20261009005750|888.78
1791478685|20261009005805|888.79
1791478690|20261009005810|888.81
1791478695|20261009005815|888.84
1791478700|20261009005820|888.84
1791478705|20261009005825|888.83
1791478715|20261009005835|889.04
1791478720|20261009005840|888.90
1791478725|20261009005845|889.00
1791478745|20261009005905|888.89
1791478750|20261009005910|888.93
1791478755|20261009005915|888.99
1791478760|20261009005920|888.99
1791478765|20261009005925|889.31
1791478800|20261009010000|888.84
1791478805|20261009010005|888.92
1791478810|20261009010010|888.81
1791478815|20261009010015|888.73
1791478820|20261009010020|888.73
1791478825|20261009010025|888.89
1791478835|20261009010035|888.94
1791478845|20261009010045|888.91
1791478850|20261009010050|888.97
1791478865|20261009010105|889.10
1791478880|20261009010120|889.24
1791478900|20261009010140|889.48
1791478910|20261009010150|889.46
1791478925|20261009010205|889.33
1791478930|20261009010210|889.37
1791478935|20261009010215|889.48
1791478940|20261009010220|889.72
1791478985|20261009010305|890.09
1791478995|20261009010315|889.69
1791479000|20261009010320|889.43
1791479005|20261009010325|889.54
1791479015|20261009010335|889.39
1791479025|20261009010345|889.36
1791479030|20261009010350|889.24
1791479045|20261009010405|889.22
1791479050|20261009010410|889.18
1791479065|20261009010425|889.16
1791479100|20261009010500|889.54
1791479110|20261009010510|890.02
1791479120|20261009010520|890.35
1791479125|20261009010525|890.35
1791479140|20261009010540|890.48
1791479145|20261009010545|890.80
1791479165|20261009010605|890.92
1791479175|20261009010615|891.14
1791479180|20261009010620|890.75
1791479185|20261009010625|890.61
1791479195|20261009010635|890.79
1791479205|20261009010645|890.80
1791479215|20261009010655|890.71
1791479225|20261009010705|890.83
1791479230|20261009010710|890.93
1791479235|20261009010715|890.73
1791479240|20261009010720|890.62
1791479245|20261009010725|890.74
1791479260|20261009010740|890.75
1791479270|20261009010750|891.05
1791479275|20261009010755|891.02
1791479285|20261009010805|890.84
1791479290|20261009010810|890.85
1791479295|20261009010815|890.82
1791479300|20261009010820|890.75
1791479305|20261009010825|890.60
1791479315|20261009010835|890.61
1791479320|20261009010840|890.65
1791479325|20261009010845|890.64
1791479335|20261009010855|890.79
1791479345|20261009010905|890.79
1791479350|20261009010910|890.50
1791479395|20261009010955|890.50
1791479405|20261009011005|890.50
1791479410|20261009011010|890.43
1791479415|20261009011015|890.56
1791479435|20261009011035|890.73
1791479440|20261009011040|890.61
1791479445|20261009011045|890.60
1791479450|20261009011050|890.60
1791479455|20261009011055|890.53
1791479465|20261009011105|890.85
1791479470|20261009011110|890.74
1791479480|20261009011120|890.90
1791479485|20261009011125|890.93
1791479500|20261009011140|890.76
1791479515|20261009011155|891.14
1791479530|20261009011210|891.25
1791479535|20261009011215|891.25
1791479540|20261009011220|891.40
1791479545|20261009011225|891.38
1791479555|20261009011235|891.22
1791479560|20261009011240|891.11
1791479565|20261009011245|891.08
1791479570|20261009011250|891.02
1791479575|20261009011255|891.28
1791479590|20261009011310|891.33
1791479595|20261009011315|891.28
1791479600|20261009011320|891.30
1791479615|20261009011335|891.18
1791479620|20261009011340|891.26
1791479625|20261009011345|891.26
1791479630|20261009011350|891.21
1791479645|20261009011405|891.12
1791479655|20261009011415|891.11
1791479660|20261009011420|891.14
1791479665|20261009011425|891.16
1791479695|20261009011455|890.60
1791479705|20261009011505|890.60
1791479710|20261009011510|890.55
1791479715|20261009011515|890.69
1791479720|20261009011520|890.65
1791479725|20261009011525|890.66
1791479735|20261009011535|890.93
1791479745|20261009011545|890.94
1791479765|20261009011605|891.15
1791479770|20261009011610|891.17
1791479780|20261009011620|891.35
1791479785|20261009011625|891.38
1791479795|20261009011635|891.35
1791479800|20261009011640|891.41
1791479805|20261009011645|891.36
1791479815|20261009011655|891.65
1791479825|20261009011705|891.79
1791479830|20261009011710|891.75
1791479835|20261009011715|891.69
1791479840|20261009011720|891.83
1791479845|20261009011725|891.87
1791479855|20261009011735|891.88
1791479860|20261009011740|891.74
1791479865|20261009011745|892.15
1791479870|20261009011750|892.16
1791479885|20261009011805|893.04
1791479890|20261009011810|893.19
1791479895|20261009011815|893.19
1791479900|20261009011820|893.14
1791479915|20261009011835|892.95
1791479935|20261009011855|893.13
1791479950|20261009011910|893.41
1791479960|20261009011920|893.53
1791479965|20261009011925|893.57
1791480000|20261009012000|892.97
1791480005|20261009012005|893.00
1791480010|20261009012010|892.80
1791480015|20261009012015|892.69
1791480020|20261009012020|892.78
1791480025|20261009012025|892.76
1791480035|20261009012035|892.46
1791480045|20261009012045|892.57
1791480050|20261009012050|892.36
1791480065|20261009012105|892.19
1791480095|20261009012135|892.10
1791480105|20261009012145|892.26
1791480125|20261009012205|891.84
1791480135|20261009012215|892.19
1791480145|20261009012225|892.35
1791480165|20261009012245|892.39
1791480170|20261009012250|892.55
1791480175|20261009012255|892.39
1791480185|20261009012305|892.51
1791480190|20261009012310|891.95
1791480195|20261009012315|892.02
1791480205|20261009012325|891.89
1791480220|20261009012340|891.89
1791480225|20261009012345|892.20
1791480245|20261009012405|892.33
1791480250|20261009012410|892.35
1791480255|20261009012415|892.26
1791480260|20261009012420|892.15
1791480265|20261009012425|892.22
1791480305|20261009012505|891.59
1791480310|20261009012510|891.64
1791480315|20261009012515|891.63
1791480320|20261009012520|891.63
1791480345|20261009012545|891.40
1791480350|20261009012550|891.42
1791480355|20261009012555|891.31
1791480365|20261009012605|891.11
1791480370|20261009012610|891.07
1791480375|20261009012615|891.11
1791480380|20261009012620|891.09
1791480385|20261009012625|891.32
1791480395|20261009012635|891.23
1791480400|20261009012640|891.26
1791480405|20261009012645|891.34
1791480410|20261009012650|891.31
1791480415|20261009012655|891.58
1791480425|20261009012705|891.60
1791480435|20261009012715|891.52
1791480440|20261009012720|891.25
1791480445|20261009012725|891.32
1791480460|20261009012740|891.42
1791480465|20261009012745|891.44
1791480475|20261009012755|891.47
1791480485|20261009012805|891.43
1791480495|20261009012815|891.12
1791480500|20261009012820|891.27
1791480520|20261009012840|891.29
1791480525|20261009012845|891.24
1791480530|20261009012850|891.43
1791480545|20261009012905|890.98
1791480555|20261009012915|890.86
1791480560|20261009012920|890.99
1791480575|20261009012935|890.76
1791480605|20261009013005|890.40
1791480615|20261009013015|890.26
1791480620|20261009013020|890.26
1791480625|20261009013025|890.43
1791480635|20261009013035|890.39
1791480640|20261009013040|890.31
1791480645|20261009013045|890.22
1791480655|20261009013055|890.27
1791480670|20261009013110|890.18
1791480675|20261009013115|890.15
1791480680|20261009013120|890.16
1791480685|20261009013125|890.23
1791480700|20261009013140|890.52
1791480705|20261009013145|890.55
1791480710|20261009013150|890.52
1791480715|20261009013155|890.47
1791480725|20261009013205|890.62
1791480730|20261009013210|890.58
1791480740|20261009013220|890.79
1791480745|20261009013225|890.54
1791480755|20261009013235|890.62
1791480760|20261009013240|890.68
1791480770|20261009013250|890.63
1791480785|20261009013305|890.50
1791480790|20261009013310|890.47
1791480795|20261009013315|890.46
1791480800|20261009013320|890.37
1791480805|20261009013325|890.45
1791480815|20261009013335|890.49
1791480820|20261009013340|890.53
1791480825|20261009013345|890.43
1791480830|20261009013350|890.41
1791480835|20261009013355|890.56
1791480845|20261009013405|890.61
1791480850|20261009013410|890.53
1791480855|20261009013415|890.42
1791480865|20261009013425|890.15
1791480890|20261009013450|890.27
1791480905|20261009013505|890.25
1791480910|20261009013510|890.34
1791480920|20261009013520|890.34
1791480925|20261009013525|890.45
1791480940|20261009013540|890.42
1791480950|20261009013550|890.43
1791480955|20261009013555|890.36
1791480965|20261009013605|890.43
1791480970|20261009013610|890.50
1791480975|20261009013615|890.54
1791480980|20261009013620|890.52
1791480985|20261009013625|890.54
1791480995|20261009013635|890.51
1791481000|20261009013640|890.55
1791481010|20261009013650|890.57
1791481015|20261009013655|890.66
1791481025|20261009013705|890.62
1791481030|20261009013710|890.46
1791481035|20261009013715|890.47
1791481040|20261009013720|890.61
1791481045|20261009013725|890.64
1791481065|20261009013745|890.54
1791481070|20261009013750|890.72
1791481085|20261009013805|890.54
1791481090|20261009013810|890.42
1791481100|20261009013820|890.49
1791481105|20261009013825|890.47
1791481115|20261009013835|890.28
1791481120|20261009013840|890.30
1791481125|20261009013845|890.34
1791481130|20261009013850|890.37
1791481135|20261009013855|890.45
1791481145|20261009013905|890.40
1791481150|20261009013910|890.41
1791481155|20261009013915|890.41
1791481160|20261009013920|890.36
1791481165|20261009013925|890.38
1791481195|20261009013955|890.57
1791481200|20261009014000|890.62
1791481205|20261009014005|890.60
1791481210|20261009014010|890.53
1791481220|20261009014020|890.47
1791481225|20261009014025|890.42
1791481240|20261009014040|890.26
1791481245|20261009014045|890.27
1791481270|20261009014110|890.32
1791481280|20261009014120|890.43
1791481285|20261009014125|890.48
1791481295|20261009014135|890.39
1791481305|20261009014145|890.37
1791481330|20261009014210|890.10
1791481335|20261009014215|890.14
1791481340|20261009014220|890.22
1791481345|20261009014225|890.29
1791481355|20261009014235|890.40
1791481360|20261009014240|890.40
1791481370|20261009014250|890.44
1791481375|20261009014255|890.20
1791481385|20261009014305|890.27
1791481390|20261009014310|890.35
1791481395|20261009014315|890.20
1791481400|20261009014320|890.28
1791481405|20261009014325|890.29
1791481415|20261009014335|890.39
1791481430|20261009014350|890.35
1791481435|20261009014355|890.37
1791481445|20261009014405|890.47
1791481450|20261009014410|890.42
1791481460|20261009014420|890.33
1791481495|20261009014455|890.35
1791481505|20261009014505|890.38
1791481510|20261009014510|890.23
1791481520|20261009014520|890.46
1791481540|20261009014540|890.51
1791481545|20261009014545|890.28
1791481565|20261009014605|890.37
1791481570|20261009014610|890.38
1791481580|20261009014620|890.71
1791481585|20261009014625|890.82
1791481595|20261009014635|890.81
1791481605|20261009014645|890.73
1791481610|20261009014650|890.72
1791481615|20261009014655|890.74
1791481625|20261009014705|890.54
1791481630|20261009014710|890.56
1791481635|20261009014715|890.51
1791481645|20261009014725|890.57
1791481655|20261009014735|890.59
1791481660|20261009014740|890.52
1791481665|20261009014745|890.49
1791481670|20261009014750|890.50
1791481675|20261009014755|890.32
1791481685|20261009014805|890.21
1791481690|20261009014810|890.27
1791481705|20261009014825|890.00
1791481715|20261009014835|890.02
1791481725|20261009014845|890.03
1791481730|20261009014850|890.05
1791481745|20261009014905|890.05
1791481755|20261009014915|890.06
1791481760|20261009014920|890.05
1791481765|20261009014925|890.05
1791481800|20261009015000|889.75
1791481805|20261009015005|889.73
1791481815|20261009015015|889.75
1791481820|20261009015020|889.72
1791481825|20261009015025|889.73
1791481835|20261009015035|889.73
1791481840|20261009015040|889.82
1791481850|20261009015050|889.84
1791481870|20261009015110|889.78
1791481880|20261009015120|889.60
1791481895|20261009015135|889.75
1791481905|20261009015145|889.77
1791481915|20261009015155|889.75
1791481935|20261009015215|889.69
1791481940|20261009015220|889.73
1791481945|20261009015225|889.79
1791481960|20261009015240|889.95
1791481970|20261009015250|889.96
1791481975|20261009015255|889.98
1791481990|20261009015310|890.04
1791482000|20261009015320|890.16
1791482005|20261009015325|890.12
1791482025|20261009015345|890.25
1791482045|20261009015405|890.48
1791482050|20261009015410|890.50
1791482055|20261009015415|890.53
1791482060|20261009015420|890.48
1791482065|20261009015425|890.49
1791482105|20261009015505|890.48
1791482115|20261009015515|890.42
1791482120|20261009015520|890.45
1791482125|20261009015525|890.55
1791482135|20261009015535|890.72
1791482165|20261009015605|890.70
1791482180|20261009015620|890.89
1791482185|20261009015625|890.86
1791482195|20261009015635|890.98
1791482205|20261009015645|890.86
1791482225|20261009015705|890.89
1791482230|20261009015710|890.85
1791482235|20261009015715|890.85
1791482240|20261009015720|890.85
1791482245|20261009015725|890.82
1791482255|20261009015735|890.73
1791482265|20261009015745|890.83
1791482270|20261009015750|890.82
1791482285|20261009015805|890.92
1791482290|20261009015810|890.93
1791482300|20261009015820|890.92
1791482305|20261009015825|890.93
1791482315|20261009015835|890.93
1791482325|20261009015845|890.94
1791482350|20261009015910|890.96
1791482355|20261009015915|890.95
1791482360|20261009015920|890.90
1791482400|20261009020000|890.83
1791482405|20261009020005|890.94
1791482415|20261009020015|891.03
1791482425|20261009020025|890.76
1791482435|20261009020035|890.75
1791482440|20261009020040|890.63
1791482445|20261009020045|890.66
1791482450|20261009020050|890.73
1791482455|20261009020055|890.73
1791482465|20261009020105|890.73
1791482470|20261009020110|890.77
1791482475|20261009020115|890.68
1791482480|20261009020120|890.71
1791482495|20261009020135|890.80
1791482500|20261009020140|890.78
1791482505|20261009020145|890.72
1791482510|20261009020150|890.74
1791482525|20261009020205|890.84
1791482530|20261009020210|890.84
1791482535|20261009020215|890.84
1791482545|20261009020225|890.80
1791482555|20261009020235|890.75
1791482560|20261009020240|890.72
1791482565|20261009020245|890.73
1791482570|20261009020250|890.74
1791482585|20261009020305|890.83
1791482590|20261009020310|890.69
1791482595|20261009020315|890.69
1791482605|20261009020325|890.68
1791482615|20261009020335|890.60
1791482625|20261009020345|890.59
1791482645|20261009020405|890.32
1791482650|20261009020410|890.39
1791482660|20261009020420|890.41
1791482700|20261009020500|890.16
1791482705|20261009020505|890.19
1791482710|20261009020510|890.08
1791482720|20261009020520|889.95
1791482725|20261009020525|889.96
1791482735|20261009020535|890.03
1791482740|20261009020540|889.93
1791482745|20261009020545|890.01
1791482755|20261009020555|890.06
1791482760|20261009020600|890.06
1791482765|20261009020605|890.00
1791482775|20261009020615|890.05
1791482780|20261009020620|890.04
1791482795|20261009020635|890.08
1791482805|20261009020645|890.11
1791482815|20261009020655|890.08
1791482825|20261009020705|890.26
1791482830|20261009020710|890.20
1791482835|20261009020715|890.21
1791482840|20261009020720|890.22
1791482845|20261009020725|890.21
1791482855|20261009020735|890.12
1791482860|20261009020740|890.22
1791482865|20261009020745|890.22
1791482870|20261009020750|890.24
1791482875|20261009020755|890.16
1791482890|20261009020810|890.25
1791482900|20261009020820|890.25
1791482905|20261009020825|890.25
1791482915|20261009020835|890.36
1791482925|20261009020845|890.33
1791482945|20261009020905|890.34
1791482950|20261009020910|890.28
1791482955|20261009020915|890.33
1791482960|20261009020920|890.32
1791482965|20261009020925|890.18
1791483000|20261009021000|889.96
1791483005|20261009021005|889.96
1791483010|20261009021010|889.83
1791483015|20261009021015|889.88
1791483020|20261009021020|889.90
1791483025|20261009021025|889.88
1791483035|20261009021035|889.81
1791483040|20261009021040|889.81
1791483045|20261009021045|889.84
1791483065|20261009021105|889.87
1791483070|20261009021110|889.87
1791483075|20261009021115|889.85
1791483080|20261009021120|889.86
1791483085|20261009021125|889.87
1791483100|20261009021140|889.69
1791483105|20261009021145|889.70
1791483110|20261009021150|889.56
1791483115|20261009021155|889.57
1791483130|20261009021210|889.52
1791483140|20261009021220|889.51
1791483145|20261009021225|889.59
1791483155|20261009021235|889.62
1791483160|20261009021240|889.60
1791483165|20261009021245|889.63
1791483170|20261009021250|889.62
1791483185|20261009021305|889.61
1791483195|20261009021315|889.67
1791483205|20261009021325|889.69
1791483220|20261009021340|889.70
1791483225|20261009021345|889.59
1791483250|20261009021410|889.60
1791483255|20261009021415|889.60
1791483260|20261009021420|889.60
1791483310|20261009021510|889.70
1791483315|20261009021515|889.75
1791483320|20261009021520|889.87
1791483325|20261009021525|889.85
1791483340|20261009021540|889.81
1791483345|20261009021545|889.85
1791483355|20261009021555|889.92
1791483370|20261009021610|889.87
1791483375|20261009021615|889.96
1791483380|20261009021620|889.93
1791483385|20261009021625|889.88
1791483400|20261009021640|889.72
1791483415|20261009021655|889.78
1791483425|20261009021705|889.78
1791483430|20261009021710|889.76
1791483435|20261009021715|889.73
1791483445|20261009021725|889.62
1791483460|20261009021740|889.61
1791483470|20261009021750|889.51
1791483485|20261009021805|889.51
1791483490|20261009021810|889.50
1791483500|20261009021820|889.55
1791483505|20261009021825|889.53
1791483520|20261009021840|889.54
1791483525|20261009021845|889.55
1791483530|20261009021850|889.53
1791483545|20261009021905|889.58
1791483550|20261009021910|889.50
1791483555|20261009021915|889.52
1791483565|20261009021925|889.53
1791483600|20261009022000|889.40
1791483605|20261009022005|889.39
1791483610|20261009022010|889.40
1791483615|20261009022015|889.40
1791483620|20261009022020|889.26
1791483625|20261009022025|889.19
1791483645|20261009022045|889.23
1791483650|20261009022050|889.21
1791483665|20261009022105|889.14
1791483670|20261009022110|889.14
1791483675|20261009022115|889.19
1791483680|20261009022120|889.16
1791483685|20261009022125|889.12
1791483705|20261009022145|889.08
1791483710|20261009022150|889.13
1791483715|20261009022155|889.06
1791483725|20261009022205|889.09
1791483735|20261009022215|889.02
1791483740|20261009022220|889.00
1791483745|20261009022225|888.93
1791483765|20261009022245|888.98
1791483775|20261009022255|889.03
1791483785|20261009022305|889.15
1791483790|20261009022310|889.10
1791483795|20261009022315|889.11
1791483805|20261009022325|889.14
1791483825|20261009022345|889.14
1791483830|20261009022350|889.16
1791483835|20261009022355|889.16
1791483850|20261009022410|889.36
1791483855|20261009022415|889.39
1791483860|20261009022420|889.39
1791483865|20261009022425|889.36
1791483905|20261009022505|889.53
1791483910|20261009022510|889.52
1791483925|20261009022525|889.65
1791483935|20261009022535|889.64
1791483955|20261009022555|889.54
1791483965|20261009022605|889.36
1791483970|20261009022610|889.28
1791483975|20261009022615|889.31
1791483980|20261009022620|889.48
1791483985|20261009022625|889.46
1791483995|20261009022635|889.43
1791484005|20261009022645|889.43
1791484010|20261009022650|889.44
1791484035|20261009022715|889.38
1791484055|20261009022735|889.18
1791484060|20261009022740|889.19
1791484065|20261009022745|889.22
1791484075|20261009022755|889.27
1791484095|20261009022815|889.36
1791484120|20261009022840|889.42
1791484125|20261009022845|889.55
1791484130|20261009022850|889.49
1791484135|20261009022855|889.52
1791484150|20261009022910|889.33
1791484155|20261009022915|889.38
1791484160|20261009022920|889.36
1791484165|20261009022925|889.32
1791484175|20261009022935|889.29
1791484200|20261009023000|889.26
1791484205|20261009023005|889.24
1791484210|20261009023010|889.24
1791484215|20261009023015|889.17
1791484220|20261009023020|888.98
1791484225|20261009023025|888.91
1791484235|20261009023035|888.99
1791484240|20261009023040|888.96
1791484245|20261009023045|888.87
1791484250|20261009023050|888.82
1791484265|20261009023105|888.71
1791484270|20261009023110|888.77
1791484275|20261009023115|888.78
1791484295|20261009023135|888.74
1791484300|20261009023140|888.74
1791484305|20261009023145|888.75
1791484310|20261009023150|888.72
1791484340|20261009023220|888.58
1791484345|20261009023225|888.61
1791484360|20261009023240|888.58
1791484365|20261009023245|888.63
1791484370|20261009023250|888.73
1791484375|20261009023255|888.84
1791484390|20261009023310|888.71
1791484395|20261009023315|888.72
1791484400|20261009023320|888.62
1791484405|20261009023325|888.60
1791484415|20261009023335|888.61
1791484420|20261009023340|888.59
1791484425|20261009023345|888.55
1791484430|20261009023350|888.50
1791484445|20261009023405|888.43
1791484450|20261009023410|888.44
1791484455|20261009023415|888.32
1791484505|20261009023505|888.51
1791484510|20261009023510|888.48
1791484515|20261009023515|888.54
1791484520|20261009023520|888.51
1791484525|20261009023525|888.62
1791484535|20261009023535|888.48
1791484540|20261009023540|888.43
1791484545|20261009023545|888.53
1791484550|20261009023550|888.54
1791484555|20261009023555|888.45
1791484570|20261009023610|888.40
1791484575|20261009023615|888.42
1791484580|20261009023620|888.44
1791484585|20261009023625|888.47
1791484595|20261009023635|888.53
1791484600|20261009023640|888.51
1791484605|20261009023645|888.53
1791484610|20261009023650|888.52
1791484625|20261009023705|888.51
1791484630|20261009023710|888.54
1791484640|20261009023720|888.52
1791484645|20261009023725|888.61
1791484660|20261009023740|888.66
1791484665|20261009023745|888.68
1791484670|20261009023750|888.67
1791484690|20261009023810|888.65
1791484700|20261009023820|888.64
1791484720|20261009023840|888.62
1791484725|20261009023845|888.63
1791484730|20261009023850|888.68
1791484750|20261009023910|888.62
1791484755|20261009023915|888.62
1791484760|20261009023920|888.68
1791484765|20261009023925|888.71
1791484805|20261009024005|888.91
1791484810|20261009024010|888.99
1791484815|20261009024015|889.03
1791484820|20261009024020|889.00
1791484835|20261009024035|888.97
1791484840|20261009024040|888.92
1791484845|20261009024045|888.91
1791484850|20261009024050|888.87
1791484855|20261009024055|888.77
1791484865|20261009024105|888.78
1791484870|20261009024110|888.83
1791484875|20261009024115|888.79
1791484880|20261009024120|888.79
1791484905|20261009024145|888.84
1791484915|20261009024155|888.81
1791484925|20261009024205|888.80
1791484930|20261009024210|888.81
1791484935|20261009024215|888.82
1791484945|20261009024225|888.70
1791484965|20261009024245|888.69
1791484970|20261009024250|888.71
1791484985|20261009024305|888.69
1791484990|20261009024310|888.66
1791484995|20261009024315|888.70
1791485005|20261009024325|888.77
1791485020|20261009024340|888.73
1791485025|20261009024345|888.72
1791485030|20261009024350|888.71
1791485045|20261009024405|888.83
1791485050|20261009024410|888.88
1791485060|20261009024420|888.85
1791485105|20261009024505|889.13
1791485110|20261009024510|889.14
1791485115|20261009024515|889.10
1791485125|20261009024525|889.14
1791485140|20261009024540|889.13
1791485145|20261009024545|889.19
1791485150|20261009024550|889.12
1791485155|20261009024555|889.04
1791485165|20261009024605|888.94
1791485170|20261009024610|888.95
1791485180|20261009024620|889.00
1791485185|20261009024625|889.00
1791485195|20261009024635|888.92
1791485210|20261009024650|889.05
1791485215|20261009024655|889.13
1791485225|20261009024705|889.17
1791485240|20261009024720|889.40
1791485245|20261009024725|889.38
1791485255|20261009024735|889.37
1791485260|20261009024740|889.33
1791485265|20261009024745|889.22
1791485275|20261009024755|889.12
1791485290|20261009024810|888.90
1791485295|20261009024815|889.05
1791485300|20261009024820|889.15
1791485305|20261009024825|889.14
1791485315|20261009024835|889.01
1791485320|20261009024840|889.03
1791485325|20261009024845|889.07
1791485335|20261009024855|889.09
1791485350|20261009024910|889.06
1791485355|20261009024915|889.01
1791485365|20261009024925|889.01
1791485405|20261009025005|889.14
1791485410|20261009025010|889.12
1791485415|20261009025015|889.18
1791485420|20261009025020|889.30
1791485425|20261009025025|889.37
1791485435|20261009025035|889.31
1791485445|20261009025045|889.31
1791485450|20261009025050|889.38
1791485455|20261009025055|889.36
1791485465|20261009025105|889.34
1791485470|20261009025110|889.35
1791485475|20261009025115|889.38
1791485495|20261009025135|889.37
1791485500|20261009025140|889.34
1791485505|20261009025145|889.35
1791485510|20261009025150|889.34
1791485515|20261009025155|889.35
1791485525|20261009025205|889.33
1791485530|20261009025210|889.30
1791485535|20261009025215|889.27
1791485540|20261009025220|889.32
1791485545|20261009025225|889.30
1791485555|20261009025235|889.34
1791485560|20261009025240|889.40
1791485565|20261009025245|889.43
1791485570|20261009025250|889.39
1791485575|20261009025255|889.38
1791485585|20261009025305|889.37
1791485590|20261009025310|889.34
1791485600|20261009025320|889.29
1791485605|20261009025325|889.31
1791485615|20261009025335|889.33
1791485620|20261009025340|889.31
1791485630|20261009025350|889.36
1791485635|20261009025355|889.35
1791485650|20261009025410|889.46
1791485660|20261009025420|889.46
1791485665|20261009025425|889.48
1791485700|20261009025500|889.55
1791485705|20261009025505|889.56
1791485715|20261009025515|889.57
1791485720|20261009025520|889.59
1791485740|20261009025540|889.57
1791485745|20261009025545|889.53
1791485750|20261009025550|889.55
1791485770|20261009025610|889.49
1791485775|20261009025615|889.50
1791485780|20261009025620|889.48
1791485785|20261009025625|889.59
1791485795|20261009025635|889.60
1791485800|20261009025640|889.59
1791485805|20261009025645|889.56
1791485810|20261009025650|889.55
1791485815|20261009025655|889.56
1791485825|20261009025705|889.53
1791485830|20261009025710|889.47
1791485835|20261009025715|889.48
1791485855|20261009025735|889.54
1791485860|20261009025740|889.62
1791485865|20261009025745|889.58
1791485870|20261009025750|889.60
1791485875|20261009025755|889.61
1791485885|20261009025805|889.64
1791485890|20261009025810|889.62
1791485895|20261009025815|889.57
1791485905|20261009025825|889.55
1791485920|20261009025840|889.51
1791485925|20261009025845|889.54
1791485930|20261009025850|889.66
1791485935|20261009025855|889.63
1791485945|20261009025905|889.66
1791485950|20261009025910|889.64
1791485955|20261009025915|889.56
1791485965|20261009025925|889.59
1791486000|20261009030000|889.49
1791486005|20261009030005|889.53
1791486010|20261009030010|889.48
1791486015|20261009030015|889.76
1791486020|20261009030020|889.79
1791486025|20261009030025|889.86
1791486035|20261009030035|889.70
1791486040|20261009030040|889.79
1791486045|20261009030045|889.76
1791486050|20261009030050|889.85
1791486055|20261009030055|889.83
1791486065|20261009030105|889.85
1791486070|20261009030110|889.84
1791486075|20261009030115|889.84
1791486080|20261009030120|889.82
1791486085|20261009030125|889.84
1791486095|20261009030135|889.88
1791486105|20261009030145|890.05
1791486110|20261009030150|890.03
1791486115|20261009030155|889.97
1791486125|20261009030205|890.00
1791486130|20261009030210|889.98
1791486135|20261009030215|889.97
1791486140|20261009030220|889.94
1791486155|20261009030235|889.74
1791486165|20261009030245|889.61
1791486185|20261009030305|889.59
1791486195|20261009030315|889.49
1791486200|20261009030320|889.49
1791486205|20261009030325|889.47
1791486215|20261009030335|889.51
1791486220|20261009030340|889.61
1791486230|20261009030350|889.62
1791486235|20261009030355|889.62
1791486250|20261009030410|889.62
1791486255|20261009030415|889.66
1791486260|20261009030420|889.69
1791486265|20261009030425|889.69
1791486305|20261009030505|889.83
1791486315|20261009030515|889.80
1791486320|20261009030520|889.80
1791486325|20261009030525|889.84
1791486335|20261009030535|889.80
1791486340|20261009030540|889.90
1791486345|20261009030545|889.90
1791486350|20261009030550|889.91
1791486365|20261009030605|890.06
1791486375|20261009030615|890.04
1791486380|20261009030620|890.08
1791486395|20261009030635|890.02
1791486400|20261009030640|890.01
1791486405|20261009030645|889.98
1791486410|20261009030650|890.00
1791486425|20261009030705|889.87
1791486430|20261009030710|889.83
1791486435|20261009030715|889.83
1791486440|20261009030720|889.74
1791486445|20261009030725|889.74
1791486455|20261009030735|889.75
1791486465|20261009030745|889.70
1791486470|20261009030750|889.70
1791486475|20261009030755|889.76
1791486485|20261009030805|889.78
1791486490|20261009030810|889.89
1791486495|20261009030815|889.90
1791486500|20261009030820|889.92
1791486505|20261009030825|889.92
1791486515|20261009030835|889.87
1791486520|20261009030840|889.91
1791486525|20261009030845|889.89
1791486545|20261009030905|889.96
1791486550|20261009030910|889.98
1791486555|20261009030915|889.97
1791486560|20261009030920|889.98
1791486565|20261009030925|889.99
1791486605|20261009031005|889.89
1791486610|20261009031010|889.90
1791486615|20261009031015|889.96
1791486625|20261009031025|889.99
1791486635|20261009031035|889.98
1791486640|20261009031040|889.97
1791486645|20261009031045|889.98
1791486650|20261009031050|889.93
1791486655|20261009031055|889.96
1791486665|20261009031105|889.92
1791486670|20261009031110|890.00
1791486675|20261009031115|890.01
1791486680|20261009031120|890.02
1791486685|20261009031125|889.96
1791486695|20261009031135|889.96
1791486700|20261009031140|889.93
1791486705|20261009031145|889.98
1791486710|20261009031150|889.93
1791486715|20261009031155|890.00
1791486725|20261009031205|889.97
1791486730|20261009031210|890.00
1791486735|20261009031215|890.07
1791486740|20261009031220|890.04
1791486745|20261009031225|890.00
1791486755|20261009031235|890.00
1791486770|20261009031250|890.04
1791486785|20261009031305|889.91
1791486790|20261009031310|889.94
1791486800|20261009031320|890.00
1791486805|20261009031325|890.06
1791486815|20261009031335|890.02
1791486820|20261009031340|890.03
1791486825|20261009031345|890.08
1791486830|20261009031350|890.17
1791486835|20261009031355|890.22
1791486845|20261009031405|890.24
1791486855|20261009031415|890.17
1791486860|20261009031420|890.16
1791486865|20261009031425|890.18
1791486905|20261009031505|890.15
1791486910|20261009031510|890.14
1791486915|20261009031515|890.14
1791486925|20261009031525|890.01
1791486940|20261009031540|889.88
1791486945|20261009031545|889.69
1791486950|20261009031550|889.67
1791486955|20261009031555|889.70
1791486975|20261009031615|889.84
1791486980|20261009031620|889.87
1791487005|20261009031645|889.72
1791487010|20261009031650|889.83
1791487015|20261009031655|889.82
1791487030|20261009031710|889.77
1791487035|20261009031715|889.81
1791487040|20261009031720|889.80
1791487045|20261009031725|889.82
1791487055|20261009031735|889.83
1791487060|20261009031740|889.85
1791487065|20261009031745|889.86
1791487070|20261009031750|889.82
1791487085|20261009031805|889.75
1791487090|20261009031810|889.72
1791487095|20261009031815|889.73
1791487100|20261009031820|889.76
1791487105|20261009031825|889.68
1791487115|20261009031835|889.66
1791487120|20261009031840|889.69
1791487135|20261009031855|889.78
1791487150|20261009031910|889.75
1791487155|20261009031915|889.70
1791487160|20261009031920|889.72
1791487165|20261009031925|889.75
1791487200|20261009032000|889.83
1791487205|20261009032005|889.90
1791487210|20261009032010|889.95
1791487215|20261009032015|889.93
1791487220|20261009032020|889.95
1791487225|20261009032025|889.85
1791487240|20261009032040|889.69
1791487245|20261009032045|889.69
1791487265|20261009032105|889.71
1791487270|20261009032110|889.80
1791487280|20261009032120|889.82
1791487295|20261009032135|889.87
1791487305|20261009032145|889.82
1791487325|20261009032205|889.73
1791487330|20261009032210|889.77
1791487335|20261009032215|889.73
1791487340|20261009032220|889.76
1791487345|20261009032225|889.75
1791487355|20261009032235|889.75
1791487365|20261009032245|889.78
1791487370|20261009032250|889.80
1791487385|20261009032305|889.93
1791487390|20261009032310|889.95
1791487395|20261009032315|889.96
1791487400|20261009032320|889.97
1791487405|20261009032325|890.07
1791487420|20261009032340|890.16
1791487425|20261009032345|890.16
1791487445|20261009032405|890.20
1791487450|20261009032410|890.25
1791487455|20261009032415|890.37
1791487460|20261009032420|890.37
1791487465|20261009032425|890.39
1791487505|20261009032505|890.23
1791487510|20261009032510|890.21
1791487515|20261009032515|890.26
1791487520|20261009032520|890.20
1791487535|20261009032535|890.20
1791487540|20261009032540|890.18
1791487545|20261009032545|890.15
1791487550|20261009032550|890.17
1791487565|20261009032605|890.23
1791487570|20261009032610|890.22
1791487575|20261009032615|890.23
1791487580|20261009032620|890.25
1791487585|20261009032625|890.30
1791487600|20261009032640|890.34
1791487605|20261009032645|890.34
1791487625|20261009032705|890.29
1791487635|20261009032715|890.56
1791487640|20261009032720|890.52
1791487645|20261009032725|890.53
1791487655|20261009032735|890.62
1791487660|20261009032740|890.64
1791487665|20261009032745|890.60
1791487675|20261009032755|890.44
1791487685|20261009032805|890.59
1791487690|20261009032810|890.57
1791487700|20261009032820|890.53
1791487715|20261009032835|890.60
1791487720|20261009032840|890.41
1791487725|20261009032845|890.48
1791487730|20261009032850|890.45
1791487745|20261009032905|890.55
1791487750|20261009032910|890.51
1791487755|20261009032915|890.53
1791487760|20261009032920|890.52
1791487765|20261009032925|890.49
1791487800|20261009033000|890.15
1791487805|20261009033005|890.16
1791487810|20261009033010|890.07
1791487815|20261009033015|890.07
1791487820|20261009033020|890.09
1791487825|20261009033025|890.08
1791487845|20261009033045|890.11
1791487855|20261009033055|890.02
1791487865|20261009033105|889.97
1791487870|20261009033110|890.19
1791487880|20261009033120|890.24
1791487885|20261009033125|890.17
1791487895|20261009033135|890.29
1791487900|20261009033140|890.36
1791487905|20261009033145|890.35
1791487915|20261009033155|890.26
1791487935|20261009033215|890.20
1791487940|20261009033220|890.17
1791487945|20261009033225|890.15
1791487955|20261009033235|890.11
1791487960|20261009033240|890.08
1791487970|20261009033250|890.16
1791487975|20261009033255|890.19
1791487990|20261009033310|890.11
1791487995|20261009033315|890.12
1791488000|20261009033320|890.19
1791488005|20261009033325|890.19
1791488020|20261009033340|890.26
1791488025|20261009033345|890.30
1791488030|20261009033350|890.28
1791488050|20261009033410|890.24
1791488055|20261009033415|890.30
1791488060|20261009033420|890.32
1791488065|20261009033425|890.27
1791488075|20261009033435|890.25
1791488110|20261009033510|890.22
1791488115|20261009033515|890.18
1791488120|20261009033520|890.14
1791488125|20261009033525|890.08
1791488145|20261009033545|890.14
1791488150|20261009033550|890.15
1791488155|20261009033555|890.16
1791488165|20261009033605|890.10
1791488170|20261009033610|890.11
1791488175|20261009033615|890.13
1791488180|20261009033620|890.13
1791488185|20261009033625|890.12
1791488195|20261009033635|890.07
1791488200|20261009033640|890.08
1791488230|20261009033710|890.01
1791488235|20261009033715|890.08
1791488240|20261009033720|890.08
1791488245|20261009033725|890.10
1791488265|20261009033745|890.23
1791488270|20261009033750|890.22
1791488275|20261009033755|890.20
1791488300|20261009033820|890.17
1791488320|20261009033840|890.45
1791488325|20261009033845|890.52
1791488365|20261009033925|890.79
1791488410|20261009034010|890.87
1791488415|20261009034015|890.82
1791488420|20261009034020|890.80
1791488435|20261009034035|890.69
1791488450|20261009034050|890.80
1791488455|20261009034055|890.81
1791488475|20261009034115|890.82
1791488480|20261009034120|890.90
1791488485|20261009034125|890.90
1791488495|20261009034135|890.86
1791488500|20261009034140|890.91
1791488505|20261009034145|891.00
1791488510|20261009034150|890.98
1791488515|20261009034155|891.01
1791488525|20261009034205|890.93
1791488530|20261009034210|890.95
1791488535|20261009034215|890.96
1791488540|20261009034220|890.88
1791488545|20261009034225|890.93
1791488560|20261009034240|890.90
1791488565|20261009034245|890.92
1791488575|20261009034255|890.94
1791488585|20261009034305|890.95
1791488590|20261009034310|890.85
1791488595|20261009034315|890.85
1791488600|20261009034320|890.79
1791488605|20261009034325|890.79
1791488615|20261009034335|890.64
1791488635|20261009034355|890.49
1791488645|20261009034405|890.44
1791488650|20261009034410|890.41
1791488655|20261009034415|890.32
1791488660|20261009034420|890.33
1791488665|20261009034425|890.32
1791488705|20261009034505|890.11
1791488715|20261009034515|890.17
1791488720|20261009034520|890.15
1791488725|20261009034525|890.16
1791488735|20261009034535|890.10
1791488740|20261009034540|890.09
1791488745|20261009034545|890.09
1791488750|20261009034550|890.11
1791488770|20261009034610|890.10
1791488780|20261009034620|890.15
1791488785|20261009034625|890.03
1791488795|20261009034635|889.99
1791488805|20261009034645|889.84
1791488815|20261009034655|889.76
1791488825|20261009034705|889.77
1791488830|20261009034710|889.78
1791488835|20261009034715|889.79
1791488845|20261009034725|889.81
1791488855|20261009034735|889.83
1791488865|20261009034745|889.88
1791488870|20261009034750|889.89
1791488875|20261009034755|889.87
1791488885|20261009034805|889.90
1791488895|20261009034815|889.85
1791488900|20261009034820|889.90
1791488905|20261009034825|889.88
1791488915|20261009034835|889.93
1791488920|20261009034840|889.91
1791488925|20261009034845|889.94
1791488930|20261009034850|889.92
1791488945|20261009034905|889.95
1791488950|20261009034910|889.98
1791488955|20261009034915|889.91
1791488960|20261009034920|889.86
1791488965|20261009034925|889.93
1791489005|20261009035005|889.93
1791489010|20261009035010|890.03
1791489015|20261009035015|889.95
1791489020|20261009035020|889.95
1791489025|20261009035025|890.04
1791489035|20261009035035|890.03
1791489045|20261009035045|890.02
1791489075|20261009035115|890.05
1791489085|20261009035125|890.02
1791489095|20261009035135|890.06
1791489100|20261009035140|889.95
1791489105|20261009035145|889.98
1791489110|20261009035150|889.96
1791489115|20261009035155|890.04
1791489125|20261009035205|890.24
1791489130|20261009035210|890.14
1791489135|20261009035215|890.14
1791489155|20261009035235|890.11
1791489165|20261009035245|890.19
1791489170|20261009035250|890.18
1791489175|20261009035255|890.20
1791489185|20261009035305|890.22
1791489195|20261009035315|890.13
1791489200|20261009035320|890.19
1791489205|20261009035325|890.15
1791489220|20261009035340|890.13
1791489225|20261009035345|890.17
1791489230|20261009035350|890.19
1791489250|20261009035410|890.15
1791489255|20261009035415|890.14
1791489265|20261009035425|890.09
1791489275|20261009035435|890.15
1791489305|20261009035505|890.30
1791489310|20261009035510|890.44
1791489320|20261009035520|890.40
1791489325|20261009035525|890.47
1791489335|20261009035535|890.48
1791489340|20261009035540|890.44
1791489345|20261009035545|890.43
1791489350|20261009035550|890.29
1791489365|20261009035605|890.30
1791489370|20261009035610|890.30
1791489375|20261009035615|890.33
1791489385|20261009035625|890.41
1791489395|20261009035635|890.44
1791489405|20261009035645|890.30
1791489425|20261009035705|890.34
1791489430|20261009035710|890.36
1791489435|20261009035715|890.35
1791489440|20261009035720|890.32
1791489445|20261009035725|890.28
1791489455|20261009035735|890.25
1791489460|20261009035740|890.28
1791489465|20261009035745|890.29
1791489470|20261009035750|890.37
1791489495|20261009035815|890.43
1791489500|20261009035820|890.44
1791489505|20261009035825|890.39
1791489515|20261009035835|890.49
1791489520|20261009035840|890.49
1791489525|20261009035845|890.53
1791489530|20261009035850|890.54
1791489535|20261009035855|890.55
1791489545|20261009035905|890.58
1791489555|20261009035915|890.56
1791489565|20261009035925|890.52
1791489600|20261009040000|890.77
1791489605|20261009040005|890.78
1791489610|20261009040010|890.83
1791489615|20261009040015|890.88
1791489620|20261009040020|890.82
1791489625|20261009040025|890.82
1791489665|20261009040105|890.66
1791489670|20261009040110|890.66
1791489675|20261009040115|890.71
1791489685|20261009040125|890.67
1791489695|20261009040135|890.76
1791489700|20261009040140|890.73
1791489705|20261009040145|890.72
1791489710|20261009040150|890.75
1791489715|20261009040155|890.74
1791489725|20261009040205|890.74
1791489730|20261009040210|890.66
1791489735|20261009040215|890.60
1791489740|20261009040220|890.58
1791489745|20261009040225|890.63
1791489755|20261009040235|890.60
1791489760|20261009040240|890.62
1791489765|20261009040245|890.71
1791489785|20261009040305|890.68
1791489800|20261009040320|890.74
1791489805|20261009040325|890.71
1791489815|20261009040335|890.76
1791489825|20261009040345|890.73
1791489850|20261009040410|890.81
1791489855|20261009040415|890.82
1791489860|20261009040420|890.82
1791489865|20261009040425|890.83
1791489905|20261009040505|890.94
1791489915|20261009040515|891.04
1791489920|20261009040520|891.13
1791489925|20261009040525|891.14
1791489945|20261009040545|891.13
1791489975|20261009040615|891.07
1791489980|20261009040620|891.04
1791489985|20261009040625|891.04
1791489995|20261009040635|891.07
1791490000|20261009040640|891.10
1791490005|20261009040645|891.14
1791490015|20261009040655|891.12
1791490035|20261009040715|891.05
1791490040|20261009040720|891.07
1791490045|20261009040725|891.02
1791490070|20261009040750|891.14
1791490075|20261009040755|891.10
1791490085|20261009040805|891.23
1791490095|20261009040815|891.20
1791490105|20261009040825|891.22
1791490115|20261009040835|891.26
1791490130|20261009040850|891.31
1791490135|20261009040855|891.28
1791490140|20261009040900|891.21
1791490145|20261009040905|891.00
1791490150|20261009040910|891.01
1791490155|20261009040915|891.00
1791490160|20261009040920|891.02
1791490165|20261009040925|891.07
1791490200|20261009041000|891.15
1791490205|20261009041005|891.13
1791490210|20261009041010|891.16
1791490215|20261009041015|891.17
1791490225|20261009041025|891.15
1791490245|20261009041045|891.14
1791490265|20261009041105|891.17
1791490270|20261009041110|891.16
1791490275|20261009041115|891.19
1791490280|20261009041120|891.21
1791490285|20261009041125|891.30
1791490295|20261009041135|891.30
1791490300|20261009041140|891.30
1791490305|20261009041145|891.24
1791490310|20261009041150|891.27
1791490315|20261009041155|891.24
1791490325|20261009041205|891.15
1791490330|20261009041210|891.15
1791490335|20261009041215|891.16
1791490345|20261009041225|891.13
1791490355|20261009041235|891.14
1791490365|20261009041245|891.16
1791490375|20261009041255|891.18
1791490385|20261009041305|891.19
1791490390|20261009041310|891.19
1791490395|20261009041315|891.18
1791490400|20261009041320|891.13
1791490405|20261009041325|891.09
1791490415|20261009041335|891.12
1791490420|20261009041340|891.15
1791490425|20261009041345|891.16
1791490430|20261009041350|891.17
1791490435|20261009041355|891.17
1791490445|20261009041405|891.14
1791490450|20261009041410|891.13
1791490455|20261009041415|891.06
1791490465|20261009041425|891.09
1791490515|20261009041515|891.12
1791490520|20261009041520|891.14
1791490525|20261009041525|891.12
1791490535|20261009041535|891.10
1791490540|20261009041540|891.14
1791490550|20261009041550|891.18
1791490555|20261009041555|891.18
1791490565|20261009041605|891.18
1791490575|20261009041615|891.22
1791490580|20261009041620|891.25
1791490585|20261009041625|891.27
1791490595|20261009041635|891.35
1791490605|20261009041645|891.33
1791490610|20261009041650|891.37
1791490615|20261009041655|891.32
1791490625|20261009041705|891.31
1791490630|20261009041710|891.28
1791490635|20261009041715|891.28
1791490640|20261009041720|891.28
1791490645|20261009041725|891.29
1791490655|20261009041735|891.27
1791490665|20261009041745|891.33
1791490670|20261009041750|891.33
1791490675|20261009041755|891.33
1791490690|20261009041810|891.38
1791490695|20261009041815|891.41
1791490700|20261009041820|891.46
1791490715|20261009041835|891.46
1791490720|20261009041840|891.47
1791490725|20261009041845|891.45
1791490730|20261009041850|891.48
1791490735|20261009041855|891.48
1791490745|20261009041905|891.44
1791490750|20261009041910|891.30
1791490755|20261009041915|891.40
1791490800|20261009042000|891.33
1791490815|20261009042015|891.37
1791490825|20261009042025|891.42
1791490835|20261009042035|891.43
1791490845|20261009042045|891.44
1791490855|20261009042055|891.42
1791490865|20261009042105|891.46
1791490870|20261009042110|891.47
1791490875|20261009042115|891.46
1791490880|20261009042120|891.46
1791490885|20261009042125|891.45
1791490895|20261009042135|891.47
1791490910|20261009042150|891.48
1791490925|20261009042205|891.44
1791490930|20261009042210|891.48
1791490935|20261009042215|891.49
1791490940|20261009042220|891.50
1791490945|20261009042225|891.43
1791490955|20261009042235|891.46
1791490960|20261009042240|891.45
1791490970|20261009042250|891.41
1791490975|20261009042255|891.41
1791490985|20261009042305|891.41
1791490990|20261009042310|891.42
1791490995|20261009042315|891.42
1791491000|20261009042320|891.29
1791491005|20261009042325|891.29
1791491015|20261009042335|891.34
1791491020|20261009042340|891.33
1791491025|20261009042345|891.36
1791491035|20261009042355|891.36
1791491045|20261009042405|891.32
1791491050|20261009042410|891.35
1791491055|20261009042415|891.27
1791491060|20261009042420|891.27
1791491065|20261009042425|891.27
1791491105|20261009042505|891.28
1791491110|20261009042510|891.29
1791491125|20261009042525|891.29
1791491135|20261009042535|891.26
1791491150|20261009042550|891.25
1791491155|20261009042555|891.27
1791491165|20261009042605|891.29
1791491180|20261009042620|891.22
1791491185|20261009042625|891.24
1791491195|20261009042635|891.21
1791491200|20261009042640|891.11
1791491205|20261009042645|891.13
1791491210|20261009042650|891.16
1791491230|20261009042710|891.19
1791491235|20261009042715|891.23
1791491240|20261009042720|891.20
1791491245|20261009042725|891.22
1791491255|20261009042735|891.21
1791491275|20261009042755|891.15
1791491285|20261009042805|891.30
1791491290|20261009042810|891.32
1791491295|20261009042815|891.29
1791491300|20261009042820|891.31
1791491305|20261009042825|891.30
1791491315|20261009042835|891.31
1791491320|20261009042840|891.32
1791491325|20261009042845|891.38
1791491345|20261009042905|891.18
1791491355|20261009042915|891.12
1791491365|20261009042925|891.12
1791491400|20261009043000|891.02
1791491405|20261009043005|891.05
1791491420|20261009043020|891.08
1791491440|20261009043040|891.08
1791491445|20261009043045|891.08
1791491465|20261009043105|891.11
1791491470|20261009043110|891.13
1791491475|20261009043115|891.16
1791491480|20261009043120|891.12
1791491505|20261009043145|891.13
1791491510|20261009043150|891.09
1791491525|20261009043205|891.06
1791491530|20261009043210|891.01
1791491535|20261009043215|891.05
1791491545|20261009043225|891.06
1791491575|20261009043255|891.10
1791491585|20261009043305|891.07
1791491590|20261009043310|891.05
1791491595|20261009043315|891.06
1791491600|20261009043320|891.05
1791491605|20261009043325|891.09
1791491615|20261009043335|891.08
1791491625|20261009043345|891.04
1791491630|20261009043350|891.07
1791491650|20261009043410|891.10
1791491655|20261009043415|890.99
1791491660|20261009043420|891.06
1791491665|20261009043425|891.05
1791491705|20261009043505|891.01
1791491710|20261009043510|891.02
1791491715|20261009043515|891.03
1791491720|20261009043520|891.02
1791491725|20261009043525|891.02
1791491755|20261009043555|891.02
1791491765|20261009043605|890.90
1791491770|20261009043610|890.78
1791491775|20261009043615|890.87
1791491785|20261009043625|891.06
1791491800|20261009043640|891.04
1791491805|20261009043645|891.06
1791491810|20261009043650|891.09
1791491815|20261009043655|891.06
1791491830|20261009043710|891.01
1791491835|20261009043715|891.03
1791491840|20261009043720|891.03
1791491845|20261009043725|891.03
1791491855|20261009043735|890.94
1791491885|20261009043805|890.96
1791491895|20261009043815|890.97
1791491900|20261009043820|891.03
1791491905|20261009043825|891.02
1791491915|20261009043835|891.06
1791491920|20261009043840|891.05
1791491925|20261009043845|891.09
1791491930|20261009043850|891.08
1791491935|20261009043855|891.09
1791491950|20261009043910|891.05
1791491955|20261009043915|891.05
1791491965|20261009043925|891.02
1791492000|20261009044000|890.96
1791492010|20261009044010|890.89
1791492015|20261009044015|890.94
1791492040|20261009044040|890.95
1791492055|20261009044055|891.01
1791492065|20261009044105|890.97
1791492075|20261009044115|890.94
1791492080|20261009044120|890.98
1791492085|20261009044125|890.93
1791492100|20261009044140|890.91
1791492105|20261009044145|890.92
1791492110|20261009044150|890.91
1791492125|20261009044205|890.92
1791492130|20261009044210|890.92
1791492135|20261009044215|890.93
1791492140|20261009044220|890.88
1791492145|20261009044225|890.89
1791492160|20261009044240|890.89
1791492175|20261009044255|890.78
1791492185|20261009044305|890.83
1791492190|20261009044310|890.85
1791492200|20261009044320|890.85
1791492205|20261009044325|890.83
1791492215|20261009044335|890.83
1791492220|20261009044340|890.83
1791492225|20261009044345|890.82
1791492230|20261009044350|890.82
1791492235|20261009044355|890.85
1791492240|20261009044400|890.85
1791492255|20261009044415|890.76
1791492260|20261009044420|890.76
1791492265|20261009044425|890.77
1791492300|20261009044500|890.85
1791492305|20261009044505|890.91
1791492310|20261009044510|890.96
1791492315|20261009044515|890.96
1791492320|20261009044520|890.92
1791492325|20261009044525|890.93
1791492340|20261009044540|890.91
1791492345|20261009044545|890.92
1791492355|20261009044555|890.93
1791492365|20261009044605|890.93
1791492370|20261009044610|890.92
1791492380|20261009044620|890.93
1791492385|20261009044625|890.93
1791492395|20261009044635|890.90
1791492400|20261009044640|890.93
1791492405|20261009044645|890.92
1791492410|20261009044650|890.92
1791492415|20261009044655|890.91
1791492425|20261009044705|890.85
1791492430|20261009044710|890.84
1791492435|20261009044715|890.82
1791492445|20261009044725|890.85
1791492455|20261009044735|890.84
1791492470|20261009044750|890.79
1791492475|20261009044755|890.79
1791492485|20261009044805|890.81
1791492490|20261009044810|890.76
1791492495|20261009044815|890.75
1791492500|20261009044820|890.78
1791492505|20261009044825|890.81
1791492520|20261009044840|890.79
1791492525|20261009044845|890.80
1791492530|20261009044850|890.84
1791492545|20261009044905|890.89
1791492550|20261009044910|890.80
1791492555|20261009044915|890.83
1791492560|20261009044920|890.83
1791492565|20261009044925|890.75
1791492605|20261009045005|890.76
1791492610|20261009045010|890.65
1791492615|20261009045015|890.67
1791492620|20261009045020|890.68
1791492635|20261009045035|890.69
1791492640|20261009045040|890.72
1791492645|20261009045045|890.77
1791492665|20261009045105|890.82
1791492685|20261009045125|890.80
1791492695|20261009045135|890.78
1791492705|20261009045145|890.69
1791492710|20261009045150|890.68
1791492730|20261009045210|890.82
1791492735|20261009045215|890.83
1791492740|20261009045220|890.86
1791492745|20261009045225|890.86
1791492755|20261009045235|890.99
1791492760|20261009045240|890.98
1791492770|20261009045250|890.93
1791492775|20261009045255|890.91
1791492785|20261009045305|890.94
1791492790|20261009045310|890.99
1791492795|20261009045315|890.97
1791492800|20261009045320|890.97
1791492815|20261009045335|890.91
1791492825|20261009045345|890.89
1791492830|20261009045350|890.92
1791492835|20261009045355|890.94
1791492845|20261009045405|890.85
1791492850|20261009045410|890.81
1791492855|20261009045415|890.82
1791492860|20261009045420|890.81
1791492865|20261009045425|890.84
1791492880|20261009045440|890.79
1791492905|20261009045505|890.78
1791492910|20261009045510|890.68
1791492915|20261009045515|890.67
1791492920|20261009045520|890.68
1791492925|20261009045525|890.68
1791492935|20261009045535|890.66
1791492940|20261009045540|890.62
1791492945|20261009045545|890.64
1791492965|20261009045605|890.68
1791492975|20261009045615|890.70
1791492980|20261009045620|890.68
1791492995|20261009045635|890.71
1791493000|20261009045640|890.70
1791493005|20261009045645|890.70
1791493010|20261009045650|890.71
1791493015|20261009045655|890.72
1791493025|20261009045705|890.97
1791493030|20261009045710|890.99
1791493035|20261009045715|891.01
1791493040|20261009045720|890.93
1791493045|20261009045725|890.92
1791493055|20261009045735|890.95
1791493060|20261009045740|890.94
1791493070|20261009045750|890.91
1791493075|20261009045755|890.89
1791493085|20261009045805|890.85
1791493095|20261009045815|890.93
1791493100|20261009045820|890.94
1791493105|20261009045825|890.91
1791493125|20261009045845|890.89
1791493130|20261009045850|890.90
1791493135|20261009045855|890.89
1791493145|20261009045905|890.91
1791493155|20261009045915|890.80
1791493160|20261009045920|890.85
1791496835|20261009060035|891.10
1791496840|20261009060040|891.10
1791496845|20261009060045|891.10
1791496895|20261009060135|891.17
1791496900|20261009060140|891.21
1791496905|20261009060145|891.20
1791496910|20261009060150|891.15
1791496915|20261009060155|891.21
1791496930|20261009060210|891.04
1791496935|20261009060215|890.89
1791496945|20261009060225|890.84
1791496955|20261009060235|890.67
1791496965|20261009060245|890.69
1791496970|20261009060250|890.65
1791496985|20261009060305|890.59
1791496990|20261009060310|890.59
1791496995|20261009060315|890.41
1791497000|20261009060320|890.35
1791497005|20261009060325|890.36
1791497015|20261009060335|890.38
1791497025|20261009060345|890.38
1791497030|20261009060350|890.35
1791497045|20261009060405|890.48
1791497050|20261009060410|890.43
1791497055|20261009060415|890.43
1791497060|20261009060420|890.52
1791497065|20261009060425|890.59
1791497100|20261009060500|890.60
1791497105|20261009060505|890.56
1791497110|20261009060510|890.61
1791497120|20261009060520|890.54
1791497135|20261009060535|890.54
1791497140|20261009060540|890.57
1791497145|20261009060545|890.67
1791497155|20261009060555|890.69
1791497165|20261009060605|890.77
1791497170|20261009060610|890.76
1791497175|20261009060615|890.73
1791497180|20261009060620|890.78
1791497185|20261009060625|890.76
1791497200|20261009060640|890.65
1791497205|20261009060645|890.63
1791497235|20261009060715|890.71
1791497240|20261009060720|890.70
1791497245|20261009060725|890.72
1791497260|20261009060740|890.87
1791497270|20261009060750|890.85
1791497285|20261009060805|890.84
1791497290|20261009060810|890.85
1791497295|20261009060815|890.85
1791497300|20261009060820|890.86
1791497305|20261009060825|890.87
1791497320|20261009060840|890.92
1791497325|20261009060845|890.94
1791497330|20261009060850|890.92
1791497335|20261009060855|890.90
1791497345|20261009060905|891.10
1791497350|20261009060910|891.20
1791497355|20261009060915|891.05
1791497360|20261009060920|891.05
1791497365|20261009060925|891.05
1791497405|20261009061005|891.15
1791497410|20261009061010|891.17
1791497415|20261009061015|891.21
1791497420|20261009061020|891.17
1791497425|20261009061025|891.20
1791497435|20261009061035|891.21
1791497445|20261009061045|891.19
1791497450|20261009061050|891.16
1791497455|20261009061055|891.09
1791497475|20261009061115|891.21
1791497480|20261009061120|891.23
1791497485|20261009061125|891.23
1791497495|20261009061135|891.24
1791497500|20261009061140|891.19
1791497505|20261009061145|891.26
1791497510|20261009061150|891.27
1791497515|20261009061155|891.31
1791497525|20261009061205|891.10
1791497530|20261009061210|891.11
1791497535|20261009061215|891.09
1791497545|20261009061225|891.18
1791497555|20261009061235|891.23
1791497560|20261009061240|891.28
1791497565|20261009061245|891.30
1791497575|20261009061255|891.25
1791497590|20261009061310|891.27
1791497595|20261009061315|891.32
1791497600|20261009061320|891.30
1791497615|20261009061335|891.29
1791497620|20261009061340|891.27
1791497625|20261009061345|891.28
1791497645|20261009061405|891.15
1791497660|20261009061420|891.08
1791497665|20261009061425|891.03
1791497675|20261009061435|890.97
1791497705|20261009061505|890.86
1791497710|20261009061510|890.91
1791497715|20261009061515|890.91
1791497725|20261009061525|891.06
1791497735|20261009061535|891.00
1791497740|20261009061540|891.00
1791497745|20261009061545|891.04
1791497760|20261009061600|890.98
1791497765|20261009061605|890.97
1791497770|20261009061610|890.97
1791497775|20261009061615|891.11
1791497780|20261009061620|891.11
1791497795|20261009061635|891.21
1791497805|20261009061645|891.22
1791497825|20261009061705|891.36
1791497830|20261009061710|891.37
1791497835|20261009061715|891.37
1791497840|20261009061720|891.48
1791497845|20261009061725|891.50
1791497865|20261009061745|891.55
1791497870|20261009061750|891.54
1791497875|20261009061755|891.51
1791497885|20261009061805|891.36
1791497895|20261009061815|891.39
1791497900|20261009061820|891.40
1791497905|20261009061825|891.40
1791497920|20261009061840|891.42
1791497925|20261009061845|891.43
1791497930|20261009061850|891.44
1791497935|20261009061855|891.44
1791497945|20261009061905|891.38
1791497950|20261009061910|891.45
1791497955|20261009061915|891.42
1791498000|20261009062000|891.31
1791498005|20261009062005|891.27
1791498010|20261009062010|891.27
1791498015|20261009062015|891.28
1791498020|20261009062020|891.28
1791498025|20261009062025|891.32
1791498035|20261009062035|891.41
1791498040|20261009062040|891.48
1791498045|20261009062045|891.49
1791498065|20261009062105|891.42
1791498075|20261009062115|891.36
1791498085|20261009062125|891.41
1791498095|20261009062135|891.38
1791498105|20261009062145|891.44
1791498110|20261009062150|891.44
1791498115|20261009062155|891.38
1791498125|20261009062205|891.37
1791498130|20261009062210|891.36
1791498140|20261009062220|891.37
1791498155|20261009062235|891.37
1791498160|20261009062240|891.39
1791498165|20261009062245|891.41
1791498170|20261009062250|891.41
1791498185|20261009062305|891.39
1791498190|20261009062310|891.47
1791498195|20261009062315|891.48
1791498200|20261009062320|891.45
1791498205|20261009062325|891.41
1791498215|20261009062335|891.53
1791498225|20261009062345|891.50
1791498230|20261009062350|891.50
1791498240|20261009062400|891.48
1791498245|20261009062405|891.51
1791498250|20261009062410|891.51
1791498255|20261009062415|891.52
1791498305|20261009062505|891.55
1791498310|20261009062510|891.61
1791498315|20261009062515|891.61
1791498320|20261009062520|891.61
1791498325|20261009062525|891.61
1791498335|20261009062535|891.61
1791498350|20261009062550|891.64
1791498355|20261009062555|891.64
1791498380|20261009062620|891.69
1791498385|20261009062625|891.62
1791498395|20261009062635|891.58
1791498405|20261009062645|891.62
1791498410|20261009062650|891.63
1791498425|20261009062705|891.66
1791498430|20261009062710|891.67
1791498435|20261009062715|891.67
1791498440|20261009062720|891.68
1791498445|20261009062725|891.67
1791498455|20261009062735|891.59
1791498485|20261009062805|891.57
1791498490|20261009062810|891.56
1791498495|20261009062815|891.56
1791498500|20261009062820|891.52
1791498505|20261009062825|891.54
1791498520|20261009062840|891.57
1791498525|20261009062845|891.57
1791498530|20261009062850|891.56
1791498550|20261009062910|891.56
1791498555|20261009062915|891.56
1791498560|20261009062920|891.58
1791498565|20261009062925|891.58
1791498595|20261009062955|891.61
1791498600|20261009063000|891.60
1791498610|20261009063010|891.58
1791498615|20261009063015|891.58
1791498645|20261009063045|891.52
1791498655|20261009063055|891.53
1791498665|20261009063105|891.55
1791498670|20261009063110|891.54
1791498675|20261009063115|891.53
1791498680|20261009063120|891.59
1791498685|20261009063125|891.58
1791498695|20261009063135|891.60
1791498715|20261009063155|891.55
1791498725|20261009063205|891.56
1791498730|20261009063210|891.55
1791498735|20261009063215|891.54
1791498740|20261009063220|891.56
1791498745|20261009063225|891.64
1791498775|20261009063255|891.59
1791498785|20261009063305|891.61
1791498790|20261009063310|891.62
1791498800|20261009063320|891.66
1791498805|20261009063325|891.66
1791498825|20261009063345|891.70
1791498830|20261009063350|891.66
1791498860|20261009063420|891.70
1791498865|20261009063425|891.69
1791498905|20261009063505|891.75
1791498925|20261009063525|891.86
1791498935|20261009063535|891.84
1791498940|20261009063540|891.82
1791498945|20261009063545|891.81
1791499094|20261009063814|891.95
1791499110|20261009063830|891.96
1791499115|20261009063835|891.98
1791499120|20261009063840|892.03
1791499160|20261009063920|891.92
1791499180|20261009063940|891.94
1791499205|20261009064005|891.99
1791499210|20261009064010|892.00
1791499215|20261009064015|892.02
1791499220|20261009064020|892.08
1791499225|20261009064025|892.06
1791499245|20261009064045|892.08
1791499250|20261009064050|892.08
1791499265|20261009064105|892.12
1791499270|20261009064110|892.08
1791499275|20261009064115|892.08
1791499280|20261009064120|892.08
1791499285|20261009064125|892.11
1791499295|20261009064135|892.18
1791499300|20261009064140|892.19
1791499305|20261009064145|892.20
1791499310|20261009064150|892.30
1791499325|20261009064205|892.26
1791499335|20261009064215|892.28
1791499345|20261009064225|892.25
1791499360|20261009064240|892.22
1791499370|20261009064250|892.16
1791499385|20261009064305|892.06
1791499395|20261009064315|892.13
1791499400|20261009064320|892.23
1791499405|20261009064325|892.30
1791499415|20261009064335|892.26
1791499445|20261009064405|892.21
1791499450|20261009064410|892.23
1791499460|20261009064420|892.19
1791499480|20261009064440|892.15
1791499515|20261009064515|892.23
1791499520|20261009064520|892.23
1791499525|20261009064525|892.24
1791499545|20261009064545|892.20
1791499550|20261009064550|892.21
1791499555|20261009064555|892.21
1791499565|20261009064605|892.28
1791499575|20261009064615|892.29
1791499580|20261009064620|892.28
1791499600|20261009064640|892.34
1791499630|20261009064710|892.36
1791499635|20261009064715|892.34
1791499645|20261009064725|892.44
1791499655|20261009064735|892.40
1791499660|20261009064740|892.40
1791499690|20261009064810|892.42
1791499695|20261009064815|892.42
1791499700|20261009064820|892.41
1791499715|20261009064835|892.38
1791499725|20261009064845|892.43
1791499730|20261009064850|892.42
1791499735|20261009064855|892.39
1791499750|20261009064910|892.30
1791499760|20261009064920|892.22
1791499765|20261009064925|892.23
1791499800|20261009065000|892.30
1791499805|20261009065005|892.31
1791499810|20261009065010|892.31
1791499815|20261009065015|892.31
1791499820|20261009065020|892.30
1791499835|20261009065035|892.30
1791499840|20261009065040|892.24
1791499845|20261009065045|892.23
1791499850|20261009065050|892.21
1791499855|20261009065055|892.24
1791499865|20261009065105|892.19
1791499875|20261009065115|892.27
1791499880|20261009065120|892.25
1791499885|20261009065125|892.25
1791499905|20261009065145|892.30
1791499925|20261009065205|892.22
1791499930|20261009065210|892.19
1791499935|20261009065215|892.10
1791499945|20261009065225|892.10
1791499955|20261009065235|892.08
1791499960|20261009065240|892.06
1791499965|20261009065245|891.99
1791499970|20261009065250|891.96
1791499985|20261009065305|891.98
1791499995|20261009065315|891.90
1791500000|20261009065320|891.92
1791500005|20261009065325|891.92
1791500025|20261009065345|891.87
1791500035|20261009065355|891.88
1791500045|20261009065405|891.86
1791500050|20261009065410|891.87
1791500060|20261009065420|891.88
1791500105|20261009065505|891.96
1791500110|20261009065510|891.93
1791500115|20261009065515|891.92
1791500120|20261009065520|891.92
1791500125|20261009065525|891.87
1791500135|20261009065535|892.01
1791500145|20261009065545|891.99
1791500155|20261009065555|892.05
1791500165|20261009065605|892.03
1791500170|20261009065610|891.98
1791500175|20261009065615|891.96
1791500180|20261009065620|891.99
1791500185|20261009065625|891.97
1791500195|20261009065635|892.00
1791500200|20261009065640|892.01
1791500205|20261009065645|892.00
1791500210|20261009065650|892.02
1791500215|20261009065655|892.01
1791500225|20261009065705|892.02
1791500230|20261009065710|892.03
1791500235|20261009065715|892.02
1791500240|20261009065720|892.03
1791500245|20261009065725|892.02
1791500260|20261009065740|892.04
1791500308|20261009065828|891.96
1791500367|20261009065927|891.86
1791500383|20261009065943|891.87
1791500388|20261009065948|891.88
1791500399|20261009065959|891.89
1791500490|20261009070130|891.43
1791500495|20261009070135|891.42
1791500535|20261009070215|891.52
1791500540|20261009070220|891.54
1791500560|20261009070240|891.51
1791500565|20261009070245|891.52
1791500570|20261009070250|891.53
1791500575|20261009070255|891.50
1791500585|20261009070305|891.50
1791500590|20261009070310|891.50
1791500595|20261009070315|891.54
1791500600|20261009070320|891.48
1791500605|20261009070325|891.50
1791500615|20261009070335|891.65
1791500645|20261009070405|891.77
1791500650|20261009070410|892.09
1791500655|20261009070415|892.22
1791500660|20261009070420|892.19
1791500665|20261009070425|892.19
1791500720|20261009070520|892.15
1791500725|20261009070525|892.16
1791500735|20261009070535|892.21
1791500740|20261009070540|892.23
1791500745|20261009070545|892.20
1791500750|20261009070550|892.21
1791500755|20261009070555|892.21
1791500765|20261009070605|892.23
1791500770|20261009070610|892.27
1791500775|20261009070615|892.21
1791500780|20261009070620|892.23
1791500785|20261009070625|892.27
1791500800|20261009070640|892.30
1791500805|20261009070645|892.32
1791500815|20261009070655|892.31
1791500830|20261009070710|892.28
1791500835|20261009070715|892.28
1791500840|20261009070720|892.29
1791500845|20261009070725|892.30
1791500865|20261009070745|892.24
1791500875|20261009070755|892.24
1791500880|20261009070800|892.25
1791500885|20261009070805|892.24
1791500890|20261009070810|892.23
1791500895|20261009070815|892.19
1791500900|20261009070820|892.19
1791500915|20261009070835|892.15
1791500920|20261009070840|892.19
1791500925|20261009070845|892.22
1791500930|20261009070850|892.16
1791500935|20261009070855|892.22
1791500950|20261009070910|892.66
1791500955|20261009070915|892.67
1791501000|20261009071000|892.65
1791501010|20261009071010|892.64
1791501015|20261009071015|892.64
1791501025|20261009071025|892.68
1791501045|20261009071045|892.58
1791501050|20261009071050|892.59
1791501070|20261009071110|892.54
1791501075|20261009071115|892.52
1791501085|20261009071125|892.52
1791501095|20261009071135|892.50
1791501105|20261009071145|892.50
1791501115|20261009071155|892.47
1791501125|20261009071205|892.50
1791501130|20261009071210|892.51
1791501135|20261009071215|892.50
1791501155|20261009071235|892.42
1791501160|20261009071240|892.42
1791501165|20261009071245|892.44
1791501170|20261009071250|892.46
1791501175|20261009071255|892.46
1791501185|20261009071305|892.34
1791501190|20261009071310|892.36
1791501195|20261009071315|892.33
1791501205|20261009071325|892.34
1791501215|20261009071335|892.34
1791501220|20261009071340|892.35
1791501225|20261009071345|892.31
1791501230|20261009071350|892.31
1791501245|20261009071405|892.31
1791501250|20261009071410|892.33
1791501255|20261009071415|892.33
1791501260|20261009071420|892.32
1791501265|20261009071425|892.34
1791501305|20261009071505|892.36
1791501320|20261009071520|892.39
1791501325|20261009071525|892.39
1791501340|20261009071540|892.39
1791501345|20261009071545|892.39
1791501350|20261009071550|892.39
1791501355|20261009071555|892.38
1791501375|20261009071615|892.36
1791501380|20261009071620|892.37
1791501385|20261009071625|892.37
1791501410|20261009071650|892.43
1791501425|20261009071705|892.33
1791501445|20261009071725|892.36
1791501455|20261009071735|892.46
1791501460|20261009071740|892.46
1791501465|20261009071745|892.44
1791501500|20261009071820|892.67
1791501505|20261009071825|892.65
1791501515|20261009071835|892.70
1791501525|20261009071845|892.76
1791501535|20261009071855|892.74
1791501545|20261009071905|892.81
1791501560|20261009071920|892.75
1791501600|20261009072000|892.72
1791501605|20261009072005|892.73
1791501610|20261009072010|892.72
1791501615|20261009072015|892.75
1791501620|20261009072020|892.74
1791501625|20261009072025|892.79
1791501635|20261009072035|892.82
1791501645|20261009072045|892.85
1791501650|20261009072050|893.00
1791501655|20261009072055|893.01
1791501665|20261009072105|893.01
1791501675|20261009072115|893.08
1791501680|20261009072120|893.00
1791501685|20261009072125|893.09
1791501695|20261009072135|893.15
1791501705|20261009072145|893.23
1791501710|20261009072150|893.22
1791501715|20261009072155|893.17
1791501730|20261009072210|893.17
1791501735|20261009072215|893.17
1791501740|20261009072220|893.18
1791501745|20261009072225|893.14
1791501765|20261009072245|893.03
1791501770|20261009072250|893.00
1791501785|20261009072305|892.93
1791501790|20261009072310|892.89
1791501800|20261009072320|892.90
1791501815|20261009072335|892.90
1791501825|20261009072345|892.91
1791501830|20261009072350|892.91
1791501845|20261009072405|892.88
1791501850|20261009072410|892.87
1791501855|20261009072415|892.84
1791501860|20261009072420|892.83
1791501865|20261009072425|892.84
1791501910|20261009072510|893.02
1791501920|20261009072520|893.02
1791501925|20261009072525|892.99
1791501935|20261009072535|892.90
1791501950|20261009072550|892.90
1791501970|20261009072610|892.91
1791501980|20261009072620|892.86
1791502000|20261009072640|892.85
1791502005|20261009072645|892.81
1791502025|20261009072705|892.73
1791502030|20261009072710|892.69
1791502035|20261009072715|892.63
1791502040|20261009072720|892.61
1791502055|20261009072735|892.55
1791502060|20261009072740|892.56
1791502070|20261009072750|892.53
1791502075|20261009072755|892.52
1791502085|20261009072805|892.62
1791502090|20261009072810|892.75
1791502105|20261009072825|892.78
1791502120|20261009072840|892.87
1791502135|20261009072855|892.84
1791502145|20261009072905|892.73
1791502189|20261009072949|892.56
1791502194|20261009072954|892.60
1791502205|20261009073005|892.62
1791502216|20261009073016|892.53
1791502227|20261009073027|892.62
1791502254|20261009073054|892.67
1791502265|20261009073105|893.05
1791502271|20261009073111|892.98
1791502276|20261009073116|892.99
1791502292|20261009073132|892.96
1791502325|20261009073205|892.72
1791502330|20261009073210|892.70
1791502340|20261009073220|892.79
1791502355|20261009073235|892.81
1791502360|20261009073240|892.83
1791502365|20261009073245|892.83
1791502370|20261009073250|892.83
1791502375|20261009073255|892.83
1791502385|20261009073305|892.81
1791502390|20261009073310|892.81
1791502395|20261009073315|892.80
1791502400|20261009073320|892.82
1791502420|20261009073340|892.87
1791502460|20261009073420|892.75
1791502465|20261009073425|892.76
1791502510|20261009073510|892.71
1791502515|20261009073515|892.71
1791502525|20261009073525|892.72
1791502535|20261009073535|892.83
1791502540|20261009073540|892.94
1791502545|20261009073545|892.92
1791502550|20261009073550|892.90
1791502575|20261009073615|892.82
1791502595|20261009073635|892.69
1791502600|20261009073640|892.64
1791502610|20261009073650|892.68
1791502615|20261009073655|892.68
1791502630|20261009073710|892.75
1791502635|20261009073715|892.76
1791502640|20261009073720|892.80
1791502645|20261009073725|892.81
1791502655|20261009073735|892.76
1791502660|20261009073740|892.74
1791502665|20261009073745|892.74
1791502670|20261009073750|892.75
1791502675|20261009073755|892.76
1791502685|20261009073805|892.76
1791502690|20261009073810|892.75
1791502695|20261009073815|892.77
1791502700|20261009073820|892.74
1791502705|20261009073825|892.74
1791502720|20261009073840|892.76
1791502725|20261009073845|892.80
1791502730|20261009073850|892.79
1791502735|20261009073855|892.79
1791502745|20261009073905|892.65
1791502750|20261009073910|892.70
1791502760|20261009073920|892.74
1791502800|20261009074000|892.73
1791502805|20261009074005|892.73
1791502810|20261009074010|892.73
1791502820|20261009074020|892.74
1791502825|20261009074025|892.76
1791502835|20261009074035|892.82
1791502865|20261009074105|892.83
1791502870|20261009074110|892.83
1791502895|20261009074135|892.77
1791502905|20261009074145|892.76
1791502915|20261009074155|892.75
1791502935|20261009074215|892.72
1791502940|20261009074220|892.73
1791502945|20261009074225|892.70
1791502960|20261009074240|892.66
1791502965|20261009074245|892.65
1791502975|20261009074255|892.66
1791502985|20261009074305|892.58
1791503000|20261009074320|892.59
1791503005|20261009074325|892.57
1791503015|20261009074335|892.47
1791503020|20261009074340|892.49
1791503025|20261009074345|892.50
1791503030|20261009074350|892.49
1791503035|20261009074355|892.49
1791503050|20261009074410|892.48
1791503055|20261009074415|892.49
1791503060|20261009074420|892.48
1791503065|20261009074425|892.47
1791503075|20261009074435|892.47
1791503100|20261009074500|892.50
1791503110|20261009074510|892.51
1791503115|20261009074515|892.47
1791503120|20261009074520|892.48
1791503125|20261009074525|892.47
1791503145|20261009074545|892.52
1791503150|20261009074550|892.48
1791503155|20261009074555|892.47
1791503170|20261009074610|892.47
1791503175|20261009074615|892.39
1791503180|20261009074620|892.46
1791503185|20261009074625|892.48
1791503200|20261009074640|892.40
1791503205|20261009074645|892.31
1791503210|20261009074650|892.28
1791503215|20261009074655|892.30
1791503225|20261009074705|892.30
1791503230|20261009074710|892.28
1791503235|20261009074715|892.29
1791503240|20261009074720|892.26
1791503255|20261009074735|892.32
1791503260|20261009074740|892.30
1791503265|20261009074745|892.30
1791503270|20261009074750|892.30
1791503285|20261009074805|892.31
1791503290|20261009074810|892.30
1791503295|20261009074815|892.36
1791503300|20261009074820|892.35
1791503305|20261009074825|892.36
1791503320|20261009074840|892.24
1791503325|20261009074845|892.25
1791503335|20261009074855|892.19
1791503345|20261009074905|892.25
1791503350|20261009074910|892.32
1791503355|20261009074915|892.29
1791503360|20261009074920|892.29
1791503365|20261009074925|892.32
1791503400|20261009075000|892.56
1791503410|20261009075010|892.58
1791503415|20261009075015|892.63
1791503420|20261009075020|892.62
1791503425|20261009075025|892.72
1791503435|20261009075035|892.73
1791503440|20261009075040|892.89
1791503445|20261009075045|892.84
1791503455|20261009075055|892.82
1791503465|20261009075105|892.82
1791503470|20261009075110|892.83
1791503475|20261009075115|892.83
1791503480|20261009075120|892.81
1791503485|20261009075125|892.78
1791503500|20261009075140|892.75
1791503505|20261009075145|892.77
1791503530|20261009075210|892.77
1791503535|20261009075215|892.77
1791503545|20261009075225|892.78
1791503555|20261009075235|892.94
1791503560|20261009075240|892.95
1791503565|20261009075245|892.93
1791503570|20261009075250|892.95
1791503590|20261009075310|893.18
1791503595|20261009075315|893.09
1791503600|20261009075320|892.96
1791503615|20261009075335|893.03
1791503620|20261009075340|893.09
1791503630|20261009075350|893.13
1791503645|20261009075405|893.08
1791503650|20261009075410|893.10
1791503655|20261009075415|893.08
1791503660|20261009075420|893.08
1791503665|20261009075425|893.08
1791503680|20261009075440|893.08
1791503705|20261009075505|893.10
1791503710|20261009075510|893.11
1791503715|20261009075515|893.17
1791503720|20261009075520|893.16
1791503725|20261009075525|893.32
1791503735|20261009075535|893.21
1791503765|20261009075605|893.16
1791503775|20261009075615|892.95
1791503785|20261009075625|892.96
1791503795|20261009075635|892.92
1791503800|20261009075640|892.92
1791503805|20261009075645|892.96
1791503810|20261009075650|892.99
1791503815|20261009075655|892.99
1791503880|20261009075800|893.14
1791503885|20261009075805|893.12
1791503891|20261009075811|893.14
1791503896|20261009075816|893.12
1791503907|20261009075827|893.14
1791503912|20261009075832|893.14
1791503945|20261009075905|893.18
1791503950|20261009075910|893.14
1791503975|20261009075935|893.26
1791504000|20261009080000|893.28
1791504010|20261009080010|893.69
1791504015|20261009080015|893.75
1791504045|20261009080045|894.20
1791504055|20261009080055|894.09
1791504099|20261009080139|894.02
1791504115|20261009080155|894.07
1791504120|20261009080200|894.14
1791504180|20261009080300|893.91
1791504185|20261009080305|893.96
1791504190|20261009080310|894.07
1791504195|20261009080315|894.07
1791504200|20261009080320|894.11
1791504205|20261009080325|894.14
1791504215|20261009080335|894.16
1791504220|20261009080340|894.12
1791504225|20261009080345|894.15
1791504230|20261009080350|894.16
1791504235|20261009080355|894.14
1791504245|20261009080405|894.11
1791504250|20261009080410|894.07
1791504260|20261009080420|894.08
1791504265|20261009080425|894.11
1791504300|20261009080500|894.04
1791504310|20261009080510|894.11
1791504315|20261009080515|894.19
1791504320|20261009080520|894.18
1791504325|20261009080525|894.21
1791504335|20261009080535|894.17
1791504340|20261009080540|894.15
1791504345|20261009080545|894.18
1791504350|20261009080550|894.18
1791504355|20261009080555|894.17
1791504365|20261009080605|894.21
1791504370|20261009080610|894.18
1791504375|20261009080615|894.22
1791504380|20261009080620|894.25
1791504385|20261009080625|894.07
1791504400|20261009080640|894.03
1791504405|20261009080645|893.98
1791504415|20261009080655|894.06
1791504425|20261009080705|894.10
1791504435|20261009080715|894.11
1791504440|20261009080720|894.19
1791504445|20261009080725|894.09
1791504465|20261009080745|894.31
1791504470|20261009080750|894.53
1791504485|20261009080805|894.32
1791504490|20261009080810|894.12
1791504495|20261009080815|894.06
1791504500|20261009080820|894.07
1791504505|20261009080825|894.08
1791504515|20261009080835|893.85
1791504535|20261009080855|893.67
1791504545|20261009080905|893.72
1791504555|20261009080915|893.58
1791504565|20261009080925|893.49
1791504600|20261009081000|893.10
1791504605|20261009081005|893.01
1791504610|20261009081010|893.22
1791504620|20261009081020|893.31
1791504625|20261009081025|893.27
1791504635|20261009081035|893.27
1791504645|20261009081045|893.22
1791504670|20261009081110|893.22
1791504675|20261009081115|893.12
1791504680|20261009081120|893.09
1791504685|20261009081125|893.22
1791504705|20261009081145|893.07
1791504710|20261009081150|893.12
1791504725|20261009081205|893.09
1791504730|20261009081210|893.10
1791504735|20261009081215|893.14
1791504740|20261009081220|893.12
1791504745|20261009081225|893.08
1791504755|20261009081235|893.58
1791504770|20261009081250|893.64
1791504775|20261009081255|893.64
1791504790|20261009081310|893.67
1791504795|20261009081315|893.72
1791504800|20261009081320|893.68
1791504805|20261009081325|893.70
1791504845|20261009081405|893.81
1791504850|20261009081410|893.89
1791504855|20261009081415|893.85
1791504865|20261009081425|893.92
1791504905|20261009081505|893.66
1791504915|20261009081515|893.66
1791504920|20261009081520|893.79
1791504935|20261009081535|893.90
1791504965|20261009081605|893.77
1791504975|20261009081615|893.82
1791504980|20261009081620|893.84
1791504985|20261009081625|893.82
1791504995|20261009081635|893.82
1791505000|20261009081640|893.89
1791505010|20261009081650|894.02
1791505015|20261009081655|894.02
1791505025|20261009081705|894.08
1791505030|20261009081710|894.01
1791505035|20261009081715|894.04
1791505040|20261009081720|894.08
1791505045|20261009081725|894.15
1791505055|20261009081735|894.21
1791505060|20261009081740|894.23
1791505065|20261009081745|894.15
1791505070|20261009081750|894.22
1791505075|20261009081755|894.10
1791505095|20261009081815|894.09
1791505105|20261009081825|894.14
1791505125|20261009081845|894.12
1791505135|20261009081855|894.03
1791505150|20261009081910|894.09
1791505160|20261009081920|894.11
1791505200|20261009082000|894.06
1791505205|20261009082005|894.02
1791505210|20261009082010|894.08
1791505215|20261009082015|894.06
1791505220|20261009082020|894.14
1791505225|20261009082025|894.16
1791505245|20261009082045|894.25
1791505255|20261009082055|894.09
1791505265|20261009082105|894.10
1791505275|20261009082115|893.89
1791505280|20261009082120|893.93
1791505295|20261009082135|893.82
1791505300|20261009082140|893.83
1791505325|20261009082205|893.87
1791505330|20261009082210|893.86
1791505335|20261009082215|893.88
1791505340|20261009082220|893.82
1791505345|20261009082225|893.82
1791505355|20261009082235|893.79
1791505360|20261009082240|893.81
1791505370|20261009082250|893.57
1791505375|20261009082255|893.54
1791505385|20261009082305|893.39
1791505390|20261009082310|893.27
1791505395|20261009082315|893.29
1791505405|20261009082325|893.16
1791505415|20261009082335|893.11
1791505420|20261009082340|893.10
1791505425|20261009082345|893.06
1791505430|20261009082350|893.06
1791505445|20261009082405|892.90
1791505450|20261009082410|892.91
1791505460|20261009082420|892.91
1791505465|20261009082425|892.97
1791505480|20261009082440|892.94
1791505540|20261009082540|892.93
1791505545|20261009082545|892.86
1791505550|20261009082550|892.86
1791505605|20261009082645|892.85
1791505610|20261009082650|892.88
1791505615|20261009082655|892.81
1791505630|20261009082710|892.73
1791505635|20261009082715|892.72
1791505640|20261009082720|892.71
1791505655|20261009082735|892.84
1791505675|20261009082755|892.70
1791505685|20261009082805|892.71
1791505690|20261009082810|892.68
1791505695|20261009082815|892.75
1791505700|20261009082820|892.74
1791505715|20261009082835|892.75
1791505720|20261009082840|892.76
1791505725|20261009082845|892.79
1791505730|20261009082850|892.78
1791505735|20261009082855|892.70
1791505745|20261009082905|892.70
1791505750|20261009082910|893.06
1791505755|20261009082915|892.99
1791505760|20261009082920|893.00
1791505765|20261009082925|893.07
1791505800|20261009083000|893.08
1791505805|20261009083005|893.07
1791505810|20261009083010|893.09
1791505815|20261009083015|893.32
1791505820|20261009083020|893.33
1791505825|20261009083025|893.16
1791505835|20261009083035|893.02
1791505845|20261009083045|893.08
1791505855|20261009083055|893.12
1791505865|20261009083105|893.34
1791505870|20261009083110|893.59
1791505875|20261009083115|893.59
1791505880|20261009083120|893.45
1791505895|20261009083135|893.58
1791505905|20261009083145|893.54
1791505910|20261009083150|893.55
1791505915|20261009083155|893.62
1791505925|20261009083205|893.58
1791505930|20261009083210|893.65
1791505935|20261009083215|893.59
1791505940|20261009083220|893.94
1791505945|20261009083225|893.91
1791505955|20261009083235|893.86
1791505960|20261009083240|893.81
1791505965|20261009083245|893.75
1791505985|20261009083305|893.81
1791505990|20261009083310|893.79
1791505995|20261009083315|893.84
1791506000|20261009083320|893.85
1791506005|20261009083325|893.83
1791506015|20261009083335|893.83
1791506020|20261009083340|893.84
1791506025|20261009083345|893.95
1791506030|20261009083350|893.96
1791506035|20261009083355|893.97
1791506045|20261009083405|894.02
1791506105|20261009083505|894.23
1791506120|20261009083520|894.19
1791506125|20261009083525|894.19
1791506135|20261009083535|894.21
1791506165|20261009083605|894.21
1791506170|20261009083610|894.06
1791506175|20261009083615|894.15
1791506180|20261009083620|894.12
1791506185|20261009083625|894.16
1791506195|20261009083635|894.11
1791506210|20261009083650|894.07
1791506215|20261009083655|894.13
1791506230|20261009083710|894.15
1791506235|20261009083715|894.11
1791506245|20261009083725|894.11
1791506255|20261009083735|894.06
1791506260|20261009083740|894.04
1791506265|20261009083745|894.09
1791506270|20261009083750|894.07
1791506275|20261009083755|894.05
1791506290|20261009083810|894.03
1791506295|20261009083815|894.03
1791506300|20261009083820|894.02
1791506305|20261009083825|894.07
1791506320|20261009083840|893.95
1791506325|20261009083845|893.99
1791506345|20261009083905|894.00
1791506360|20261009083920|893.97
1791506400|20261009084000|893.80
1791506405|20261009084005|893.76
1791506410|20261009084010|893.82
1791506415|20261009084015|893.90
1791506420|20261009084020|893.97
1791506425|20261009084025|893.93
1791506450|20261009084050|894.15
1791506470|20261009084110|894.23
1791506475|20261009084115|894.22
1791506480|20261009084120|894.26
1791506485|20261009084125|894.27
1791506495|20261009084135|894.25
1791506505|20261009084145|894.31
1791506510|20261009084150|894.29
1791506525|20261009084205|894.27
1791506530|20261009084210|894.32
1791506535|20261009084215|894.33
1791506540|20261009084220|894.32
1791506555|20261009084235|894.44
1791506560|20261009084240|894.30
1791506565|20261009084245|894.33
1791506570|20261009084250|894.38
1791506575|20261009084255|894.38
1791506585|20261009084305|894.36
1791506590|20261009084310|894.26
1791506595|20261009084315|894.26
1791506600|20261009084320|894.26
1791506625|20261009084345|894.06
1791506630|20261009084350|894.05
1791506645|20261009084405|893.96
1791506650|20261009084410|893.99
1791506660|20261009084420|893.99
1791506665|20261009084425|893.96
1791506705|20261009084505|894.09
1791506710|20261009084510|894.12
1791506720|20261009084520|894.10
1791506725|20261009084525|894.16
1791506740|20261009084540|894.12
1791506745|20261009084545|894.17
1791506750|20261009084550|894.09
1791506755|20261009084555|894.09
1791506765|20261009084605|894.05
1791506775|20261009084615|893.82
1791506780|20261009084620|893.89
1791506785|20261009084625|893.84
1791506795|20261009084635|893.69
1791506805|20261009084645|893.66
1791506815|20261009084655|893.70
1791506825|20261009084705|893.51
1791506830|20261009084710|893.55
1791506835|20261009084715|893.54
1791506855|20261009084735|893.54
1791506885|20261009084805|893.16
1791506890|20261009084810|893.15
1791506895|20261009084815|893.12
1791506900|20261009084820|893.16
1791506915|20261009084835|893.12
1791506920|20261009084840|893.10
1791506925|20261009084845|893.07
1791506955|20261009084915|893.17
1791506960|20261009084920|893.18
1791506965|20261009084925|893.18
1791507025|20261009085025|893.33
1791507035|20261009085035|893.32
1791507040|20261009085040|893.28
1791507045|20261009085045|893.26
1791507050|20261009085050|893.27
1791507065|20261009085105|893.21
1791507070|20261009085110|893.16
1791507075|20261009085115|893.15
1791507085|20261009085125|893.05
1791507095|20261009085135|892.98
1791507105|20261009085145|892.93
1791507130|20261009085210|892.87
1791507140|20261009085220|892.96
1791507145|20261009085225|893.00
1791507160|20261009085240|892.97
1791507165|20261009085245|893.00
1791507170|20261009085250|893.00
1791507175|20261009085255|893.11
1791507185|20261009085305|893.15
1791507190|20261009085310|893.17
1791507200|20261009085320|893.24
1791507220|20261009085340|893.12
1791507225|20261009085345|893.17
1791507230|20261009085350|893.15
1791507235|20261009085355|893.15
1791507245|20261009085405|893.13
1791507250|20261009085410|893.13
1791507260|20261009085420|893.19
1791507305|20261009085505|893.46
1791507310|20261009085510|893.55
1791507315|20261009085515|893.47
1791507325|20261009085525|893.46
1791507335|20261009085535|893.51
1791507340|20261009085540|893.51
1791507350|20261009085550|893.56
1791507380|20261009085620|893.58
1791507385|20261009085625|893.55
1791507395|20261009085635|893.55
1791507405|20261009085645|893.50
1791507415|20261009085655|893.58
1791507435|20261009085715|893.51
1791507445|20261009085725|893.30
1791507460|20261009085740|893.36
1791507465|20261009085745|893.29
1791507485|20261009085805|893.33
1791507490|20261009085810|893.32
1791507495|20261009085815|893.25
1791507505|20261009085825|893.27
1791507515|20261009085835|893.31
1791507525|20261009085845|893.30
1791507530|20261009085850|893.29
1791507545|20261009085905|893.22
1791507550|20261009085910|893.10
1791507555|20261009085915|893.14
1791507560|20261009085920|893.14
1791507600|20261009090000|893.03
1791507605|20261009090005|893.25
1791507610|20261009090010|893.19
1791507615|20261009090015|893.41
1791507620|20261009090020|893.42
1791507625|20261009090025|893.14
1791507635|20261009090035|893.48
1791507640|20261009090040|893.45
1791507645|20261009090045|893.40
1791507655|20261009090055|893.46
1791507670|20261009090110|893.67
1791507675|20261009090115|893.94
1791507680|20261009090120|893.96
1791507685|20261009090125|894.08
1791507695|20261009090135|893.82
1791507700|20261009090140|893.92
1791507705|20261009090145|893.80
1791507710|20261009090150|893.93
1791507715|20261009090155|893.90
1791507725|20261009090205|894.15
1791507730|20261009090210|894.16
1791507735|20261009090215|894.07
1791507740|20261009090220|893.98
1791507745|20261009090225|893.94
1791507755|20261009090235|893.93
1791507760|20261009090240|894.01
1791507765|20261009090245|894.20
1791507785|20261009090305|894.18
1791507795|20261009090315|894.30
1791507800|20261009090320|894.28
1791507820|20261009090340|893.85
1791507825|20261009090345|893.81
1791507845|20261009090405|894.22
1791507850|20261009090410|894.23
1791507855|20261009090415|894.14
1791507860|20261009090420|894.10
1791507865|20261009090425|893.98
1791507905|20261009090505|894.21
1791507910|20261009090510|894.37
1791507915|20261009090515|894.41
1791507935|20261009090535|894.50
1791507940|20261009090540|894.46
1791507945|20261009090545|894.40
1791507950|20261009090550|894.11
1791507955|20261009090555|894.20
1791507965|20261009090605|894.12
1791507975|20261009090615|893.91
1791507980|20261009090620|893.98
1791507985|20261009090625|894.14
1791508000|20261009090640|894.13
1791508005|20261009090645|894.08
1791508010|20261009090650|894.08
1791508015|20261009090655|894.05
1791508025|20261009090705|893.95
1791508030|20261009090710|893.97
1791508035|20261009090715|894.05
1791508045|20261009090725|894.03
1791508055|20261009090735|894.12
1791508065|20261009090745|894.12
1791508085|20261009090805|894.23
1791508090|20261009090810|894.22
1791508100|20261009090820|894.25
1791508115|20261009090835|894.61
1791508120|20261009090840|894.59
1791508125|20261009090845|894.39
1791508130|20261009090850|894.42
1791508135|20261009090855|894.33
1791508145|20261009090905|894.49
1791508150|20261009090910|894.60
1791508155|20261009090915|894.55
1791508160|20261009090920|894.59
1791508205|20261009091005|894.50
1791508210|20261009091010|894.64
1791508215|20261009091015|894.62
1791508220|20261009091020|894.61
1791508225|20261009091025|894.60
1791508235|20261009091035|894.66
1791508245|20261009091045|894.63
1791508255|20261009091055|894.53
1791508265|20261009091105|894.56
1791508275|20261009091115|894.86
1791508280|20261009091120|894.71
1791508285|20261009091125|894.49
1791508305|20261009091145|894.70
1791508335|20261009091215|895.01
1791508345|20261009091225|895.14
1791508360|20261009091240|895.05
1791508365|20261009091245|895.04
1791508370|20261009091250|895.10
1791508375|20261009091255|895.12
1791508385|20261009091305|895.05
1791508395|20261009091315|894.86
1791508400|20261009091320|894.83
1791508415|20261009091335|895.01
1791508420|20261009091340|895.00
1791508425|20261009091345|895.39
1791508430|20261009091350|895.48
1791508435|20261009091355|895.76
1791508445|20261009091405|895.79
1791508450|20261009091410|895.75
1791508455|20261009091415|895.61
1791508460|20261009091420|895.56
1791508465|20261009091425|895.51
1791508505|20261009091505|895.71
1791508510|20261009091510|895.79
1791508535|20261009091535|896.01
1791508540|20261009091540|896.14
1791508555|20261009091555|895.90
1791508565|20261009091605|895.89
1791508570|20261009091610|895.90
1791508580|20261009091620|895.83
1791508615|20261009091655|895.99
1791508625|20261009091705|896.06
1791508630|20261009091710|896.01
1791508635|20261009091715|896.03
1791508640|20261009091720|896.02
1791508645|20261009091725|895.98
1791508675|20261009091755|895.82
1791508685|20261009091805|895.82
1791508690|20261009091810|895.98
1791508695|20261009091815|895.77
1791508700|20261009091820|895.69
1791508705|20261009091825|895.70
1791508725|20261009091845|895.76
1791508735|20261009091855|895.87
1791508745|20261009091905|895.84
1791508750|20261009091910|895.86
1791508755|20261009091915|895.96
1791508760|20261009091920|895.91
1791508765|20261009091925|895.91
1791508805|20261009092005|895.82
1791508810|20261009092010|895.80
1791508815|20261009092015|895.75
1791508820|20261009092020|895.78
1791508825|20261009092025|895.79
1791508840|20261009092040|895.92
1791508850|20261009092050|895.84
1791508855|20261009092055|895.86
1791508865|20261009092105|895.88
1791508870|20261009092110|895.91
1791508875|20261009092115|895.94
1791508885|20261009092125|895.97
1791508895|20261009092135|895.91
1791508900|20261009092140|895.96
1791508905|20261009092145|895.98
1791508925|20261009092205|896.16
1791508930|20261009092210|896.11
1791508935|20261009092215|896.45
1791508945|20261009092225|896.39
1791508955|20261009092235|896.49
1791508960|20261009092240|896.57
1791508965|20261009092245|896.62
1791508970|20261009092250|896.55
1791508975|20261009092255|896.66
1791508985|20261009092305|896.73
1791508990|20261009092310|896.67
1791508995|20261009092315|896.69
1791509000|20261009092320|896.86
1791509005|20261009092325|896.93
1791509015|20261009092335|897.15
1791509020|20261009092340|897.14
1791509025|20261009092345|897.13
1791509030|20261009092350|897.15
1791509045|20261009092405|896.78
1791509055|20261009092415|896.73
1791509060|20261009092420|896.80
1791509105|20261009092505|896.89
1791509110|20261009092510|896.95
1791509115|20261009092515|896.95
1791509135|20261009092535|896.79
1791509140|20261009092540|896.91
1791509145|20261009092545|897.09
1791509150|20261009092550|897.19
1791509155|20261009092555|897.16
1791509165|20261009092605|897.14
1791509175|20261009092615|897.16
1791509180|20261009092620|897.12
1791509185|20261009092625|897.06
1791509195|20261009092635|896.87
1791509200|20261009092640|896.88
1791509205|20261009092645|897.05
1791509215|20261009092655|897.08
1791509225|20261009092705|897.13
1791509235|20261009092715|897.36
1791509255|20261009092735|897.17
1791509265|20261009092745|897.12
1791509270|20261009092750|896.88
1791509285|20261009092805|897.00
1791509300|20261009092820|897.08
1791509305|20261009092825|897.02
1791509315|20261009092835|897.03
1791509330|20261009092850|897.01
1791509350|20261009092910|897.31
1791509355|20261009092915|897.31
1791509360|20261009092920|897.24
1791509365|20261009092925|897.27
1791509400|20261009093000|896.92
1791509405|20261009093005|897.13
1791509410|20261009093010|896.98
1791509415|20261009093015|897.03
1791509425|20261009093025|897.16
1791509435|20261009093035|897.04
1791509440|20261009093040|896.77
1791509445|20261009093045|896.74
1791509450|20261009093050|896.74
1791509465|20261009093105|896.70
1791509475|20261009093115|896.85
1791509480|20261009093120|896.89
1791509485|20261009093125|896.97
1791509500|20261009093140|896.99
1791509510|20261009093150|896.99
1791509525|20261009093205|896.98
1791509530|20261009093210|897.13
1791509535|20261009093215|897.17
1791509540|20261009093220|897.20
1791509555|20261009093235|897.25
1791509585|20261009093305|897.29
1791509600|20261009093320|897.40
1791509620|20261009093340|897.35
1791509625|20261009093345|897.39
1791509630|20261009093350|897.26
1791509650|20261009093410|897.27
1791509655|20261009093415|897.31
1791509660|20261009093420|897.34
1791509665|20261009093425|897.32
1791509710|20261009093510|897.70
1791509715|20261009093515|897.61
1791509725|20261009093525|897.79
1791509735|20261009093535|897.94
1791509740|20261009093540|897.94
1791509745|20261009093545|897.93
1791509750|20261009093550|897.92
1791509755|20261009093555|898.03
1791509770|20261009093610|898.16
1791509785|20261009093625|898.13
1791509800|20261009093640|898.10
1791509805|20261009093645|898.13
1791509815|20261009093655|898.18
1791509825|20261009093705|898.10
1791509830|20261009093710|898.13
1791509835|20261009093715|898.16
1791509840|20261009093720|898.18
1791509870|20261009093750|898.13
1791509875|20261009093755|898.14
1791509890|20261009093810|898.30
1791509895|20261009093815|898.14
1791509920|20261009093840|897.96
1791509930|20261009093850|897.95
1791509950|20261009093910|897.90
1791509965|20261009093925|898.03
1791510000|20261009094000|898.02
1791510015|20261009094015|898.41
1791510020|20261009094020|898.35
1791510035|20261009094035|898.57
1791510050|20261009094050|898.71
1791510065|20261009094105|898.29
1791510095|20261009094135|898.45
1791510100|20261009094140|898.39
1791510105|20261009094145|898.50
1791510110|20261009094150|898.50
1791510125|20261009094205|899.03
1791510130|20261009094210|898.88
1791510135|20261009094215|898.77
1791510150|20261009094230|898.83
1791510160|20261009094240|898.85
1791510165|20261009094245|898.85
1791510170|20261009094250|898.87
1791510175|20261009094255|898.86
1791510190|20261009094310|898.52
1791510195|20261009094315|898.54
1791510235|20261009094355|898.59
1791510245|20261009094405|898.52
1791510255|20261009094415|898.30
1791510265|20261009094425|898.35
1791510285|20261009094445|898.31
1791510305|20261009094505|898.01
1791510315|20261009094515|898.10
1791510320|20261009094520|898.11
1791510325|20261009094525|898.11
1791510345|20261009094545|898.18
1791510350|20261009094550|898.19
1791510365|20261009094605|898.11
1791510370|20261009094610|898.23
1791510375|20261009094615|898.22
1791510380|20261009094620|898.20
1791510385|20261009094625|898.23
1791510400|20261009094640|898.29
1791510405|20261009094645|898.34
1791510410|20261009094650|898.24
1791510415|20261009094655|898.25
1791510425|20261009094705|898.36
1791510435|20261009094715|898.38
1791510440|20261009094720|898.42
1791510445|20261009094725|898.36
1791510455|20261009094735|898.77
1791510460|20261009094740|898.85
1791510465|20261009094745|898.85
1791510470|20261009094750|898.82
1791510475|20261009094755|898.86
1791510485|20261009094805|898.97
1791510490|20261009094810|898.95
1791510495|20261009094815|898.93
1791510500|20261009094820|899.03
1791510505|20261009094825|899.00
1791510515|20261009094835|899.05
1791510520|20261009094840|898.96
1791510525|20261009094845|899.01
1791510530|20261009094850|899.01
1791510545|20261009094905|898.87
1791510550|20261009094910|898.85
1791510555|20261009094915|898.89
1791510560|20261009094920|898.84
1791510565|20261009094925|898.88
1791510600|20261009095000|898.83
1791510605|20261009095005|898.88
1791510615|20261009095015|898.88
1791510620|20261009095020|898.84
1791510625|20261009095025|898.90
1791510635|20261009095035|898.92
1791510645|20261009095045|898.93
1791510650|20261009095050|898.98
1791510665|20261009095105|898.87
1791510670|20261009095110|898.85
1791510675|20261009095115|898.85
1791510685|20261009095125|898.93
1791510725|20261009095205|898.70
1791510730|20261009095210|898.70
1791510735|20261009095215|898.74
1791510745|20261009095225|898.79
1791510755|20261009095235|898.84
1791510765|20261009095245|898.91
1791510770|20261009095250|898.92
1791510775|20261009095255|898.97
1791510785|20261009095305|899.04
1791510805|20261009095325|898.98
1791510825|20261009095345|898.91
1791510835|20261009095355|898.90
1791510845|20261009095405|898.85
1791510855|20261009095415|898.78
1791510860|20261009095420|898.74
1791510865|20261009095425|898.67
1791510895|20261009095455|898.74
1791510910|20261009095510|898.54
1791510920|20261009095520|898.53
1791510925|20261009095525|898.62
1791510940|20261009095540|898.67
1791510945|20261009095545|898.63
1791510950|20261009095550|898.64
1791510955|20261009095555|898.61
1791510965|20261009095605|898.62
1791510970|20261009095610|898.53
1791510975|20261009095615|898.52
1791510995|20261009095635|898.55
1791511005|20261009095645|898.70
1791511010|20261009095650|898.69
1791511015|20261009095655|898.62
1791511025|20261009095705|898.52
1791511030|20261009095710|898.59
1791511040|20261009095720|898.56
1791511045|20261009095725|898.56
1791511055|20261009095735|898.64
1791511060|20261009095740|898.69
1791511065|20261009095745|898.80
1791511075|20261009095755|898.76
1791511085|20261009095805|898.91
1791511090|20261009095810|898.96
1791511095|20261009095815|899.02
1791511100|20261009095820|899.06
1791511105|20261009095825|899.06
1791511115|20261009095835|899.11
1791511125|20261009095845|899.05
1791511135|20261009095855|899.03
1791511155|20261009095915|899.10
1791511200|20261009100000|899.16
1791511205|20261009100005|899.19
1791511215|20261009100015|899.17
1791511220|20261009100020|899.05
1791511225|20261009100025|899.08
1791511240|20261009100040|899.06
1791511245|20261009100045|899.07
1791511265|20261009100105|899.05
1791511270|20261009100110|899.13
1791511275|20261009100115|899.12
1791511280|20261009100120|899.13
1791511285|20261009100125|899.09
1791511300|20261009100140|899.07
1791511310|20261009100150|899.19
1791511325|20261009100205|899.10
1791511335|20261009100215|899.17
1791511340|20261009100220|899.15
1791511355|20261009100235|899.12
1791511360|20261009100240|899.14
1791511370|20261009100250|898.97
1791511375|20261009100255|898.85
1791511385|20261009100305|898.82
1791511390|20261009100310|898.87
1791511395|20261009100315|898.83
1791511400|20261009100320|898.90
1791511405|20261009100325|898.89
1791511415|20261009100335|898.86
1791511420|20261009100340|898.93
1791511425|20261009100345|898.89
1791511445|20261009100405|899.29
1791511450|20261009100410|899.13
1791511455|20261009100415|899.07
1791511465|20261009100425|899.01
1791511500|20261009100500|898.62
1791511505|20261009100505|898.54
1791511510|20261009100510|898.54
1791511515|20261009100515|898.73
1791511520|20261009100520|898.56
1791511525|20261009100525|898.52
1791511540|20261009100540|898.49
1791511545|20261009100545|898.49
1791511550|20261009100550|898.48
1791511565|20261009100605|898.57
1791511575|20261009100615|898.51
1791511580|20261009100620|898.43
1791511585|20261009100625|898.43
1791511595|20261009100635|898.40
1791511600|20261009100640|898.37
1791511605|20261009100645|898.34
1791511610|20261009100650|898.28
1791511615|20261009100655|898.27
1791511625|20261009100705|898.25
1791511630|20261009100710|898.30
1791511635|20261009100715|898.32
1791511640|20261009100720|898.31
1791511645|20261009100725|898.51
1791511660|20261009100740|898.56
1791511665|20261009100745|898.54
1791511670|20261009100750|898.40
1791511675|20261009100755|898.46
1791511690|20261009100810|898.51
1791511695|20261009100815|898.49
1791511700|20261009100820|898.39
1791511705|20261009100825|898.39
1791511715|20261009100835|898.38
1791511720|20261009100840|898.42
1791511730|20261009100850|898.56
1791511745|20261009100905|898.71
1791511750|20261009100910|898.67
1791511755|20261009100915|898.68
1791511760|20261009100920|898.64
1791511765|20261009100925|898.65
1791511800|20261009101000|898.66
1791511805|20261009101005|898.69
1791511815|20261009101015|898.86
1791511820|20261009101020|898.92
1791511825|20261009101025|899.08
1791511835|20261009101035|899.10
1791511840|20261009101040|899.10
1791511845|20261009101045|898.87
1791511850|20261009101050|898.80
1791511865|20261009101105|898.74
1791511870|20261009101110|898.66
1791511875|20261009101115|898.63
1791511880|20261009101120|898.58
1791511885|20261009101125|898.62
1791511895|20261009101135|898.54
1791511900|20261009101140|898.54
1791511905|20261009101145|898.58
1791511910|20261009101150|898.57
1791511915|20261009101155|898.62
1791511920|20261009101200|898.63
1791511925|20261009101205|898.61
1791511935|20261009101215|898.58
1791511940|20261009101220|898.58
1791511945|20261009101225|898.58
1791511955|20261009101235|898.54
1791511960|20261009101240|898.55
1791511970|20261009101250|898.51
1791511975|20261009101255|898.51
1791511985|20261009101305|898.53
1791511990|20261009101310|898.53
1791511995|20261009101315|898.58
1791512000|20261009101320|898.44
1791512005|20261009101325|898.44
1791512015|20261009101335|898.59
1791512030|20261009101350|898.54
1791512035|20261009101355|898.53
1791512045|20261009101405|898.53
1791512050|20261009101410|898.43
1791512055|20261009101415|898.49
1791512060|20261009101420|898.51
1791512065|20261009101425|898.44
1791512080|20261009101440|898.45
1791512105|20261009101505|898.32
1791512115|20261009101515|898.34
1791512120|20261009101520|898.31
1791512125|20261009101525|898.19
1791512170|20261009101610|898.34
1791512175|20261009101615|898.27
1791512180|20261009101620|898.26
1791512195|20261009101635|898.31
1791512200|20261009101640|898.32
1791512205|20261009101645|898.33
1791512225|20261009101705|898.44
1791512230|20261009101710|898.43
1791512235|20261009101715|898.52
1791512240|20261009101720|898.50
1791512265|20261009101745|898.56
1791512285|20261009101805|898.65
1791512295|20261009101815|898.77
1791512300|20261009101820|898.72
1791512320|20261009101840|898.63
1791512325|20261009101845|898.52
1791512345|20261009101905|898.52
1791512350|20261009101910|898.43
1791512355|20261009101915|898.33
1791512360|20261009101920|898.33
1791512400|20261009102000|898.45
1791512405|20261009102005|898.44
1791512410|20261009102010|898.43
1791512420|20261009102020|898.42
1791512425|20261009102025|898.37
1791512440|20261009102040|898.37
1791512445|20261009102045|898.34
1791512450|20261009102050|898.35
1791512455|20261009102055|898.36
1791512470|20261009102110|898.37
1791512475|20261009102115|898.36
1791512485|20261009102125|898.36
1791512510|20261009102150|898.37
1791512515|20261009102155|898.34
1791512540|20261009102220|898.38
1791512545|20261009102225|898.38
1791512555|20261009102235|898.43
1791512560|20261009102240|898.47
1791512565|20261009102245|898.52
1791512575|20261009102255|898.51
1791512585|20261009102305|898.56
1791512625|20261009102345|898.53
1791512630|20261009102350|898.52
1791512645|20261009102405|898.48
1791512674|20261009102434|898.56
1791512933|20261009102853|898.50
1791512944|20261009102904|898.49
1791512950|20261009102910|898.40
1791512961|20261009102921|898.43
1791513123|20261009103203|898.16
1791513129|20261009103209|898.12
1791513140|20261009103220|898.12
1791513146|20261009103226|898.12
1791513163|20261009103243|898.21
1791513169|20261009103249|898.31
1791513174|20261009103254|898.23
1791513177|20261009103257|898.31
1791513180|20261009103300|898.40
1791513183|20261009103303|898.38
1791513186|20261009103306|898.56
1791513200|20261009103320|898.63
1791513205|20261009103325|898.63
1791513211|20261009103331|898.59
1791513217|20261009103337|898.62
1791513223|20261009103343|898.66
1791513228|20261009103348|898.62
1791513231|20261009103351|898.65
1791513240|20261009103400|898.66
1791513245|20261009103405|898.62
1791513250|20261009103410|898.58
1791513255|20261009103415|898.63
1791513260|20261009103420|898.63
1791513265|20261009103425|898.61
1791513305|20261009103505|898.48
1791513315|20261009103515|898.48
1791513320|20261009103520|898.49
1791513335|20261009103535|898.40
1791513340|20261009103540|898.48
1791513345|20261009103545|898.40
1791513350|20261009103550|898.51
1791513365|20261009103605|898.60
1791513370|20261009103610|898.62
1791513375|20261009103615|898.61
1791513380|20261009103620|898.58
1791513400|20261009103640|898.68
1791513410|20261009103650|898.79
1791513415|20261009103655|898.75
1791513425|20261009103705|898.74
1791513430|20261009103710|898.91
1791513435|20261009103715|898.92
1791513440|20261009103720|899.02
1791513455|20261009103735|899.03
1791513465|20261009103745|898.99
1791513475|20261009103755|899.06
1791513485|20261009103805|899.01
1791513495|20261009103815|899.00
1791513500|20261009103820|899.40
1791513515|20261009103835|899.49
1791513525|20261009103845|899.53
1791513535|20261009103855|899.60
1791513545|20261009103905|899.59
1791513550|20261009103910|899.56
1791513555|20261009103915|899.58
1791513560|20261009103920|899.68
1791513565|20261009103925|899.51
1791513600|20261009104000|899.50
1791513610|20261009104010|899.54
1791513615|20261009104015|899.57
1791513620|20261009104020|899.63
1791513625|20261009104025|899.65
1791513635|20261009104035|899.71
1791513640|20261009104040|899.60
1791513650|20261009104050|899.61
1791513665|20261009104105|899.36
1791513680|20261009104120|899.56
1791513685|20261009104125|899.59
1791513695|20261009104135|899.53
1791513705|20261009104145|899.57
1791513710|20261009104150|899.59
1791513725|20261009104205|899.68
1791513730|20261009104210|899.69
1791513735|20261009104215|899.69
1791513740|20261009104220|899.59
1791513745|20261009104225|899.62
1791513755|20261009104235|899.69
1791513760|20261009104240|899.69
1791513765|20261009104245|899.60
1791513770|20261009104250|899.62
1791513775|20261009104255|899.61
1791513785|20261009104305|899.43
1791513795|20261009104315|899.55
1791513805|20261009104325|899.55
1791513815|20261009104335|899.58
1791513825|20261009104345|899.53
1791513830|20261009104350|899.63
1791513845|20261009104405|899.58
1791513850|20261009104410|899.43
1791513855|20261009104415|899.44
1791513860|20261009104420|899.26
1791513865|20261009104425|899.22
1791513905|20261009104505|899.23
1791513910|20261009104510|899.13
1791513915|20261009104515|899.19
1791513920|20261009104520|899.26
1791513925|20261009104525|899.22
1791513940|20261009104540|899.68
1791513945|20261009104545|899.68
1791513950|20261009104550|899.66
1791513955|20261009104555|899.67
1791513965|20261009104605|899.68
1791513970|20261009104610|899.64
1791513975|20261009104615|899.61
1791513980|20261009104620|899.65
1791513985|20261009104625|899.62
1791513995|20261009104635|899.53
1791514000|20261009104640|899.46
1791514005|20261009104645|899.52
1791514010|20261009104650|899.53
1791514025|20261009104705|899.47
1791514030|20261009104710|899.36
1791514040|20261009104720|899.35
1791514045|20261009104725|899.29
1791514055|20261009104735|899.27
1791514070|20261009104750|899.22
1791514075|20261009104755|899.23
1791514085|20261009104805|899.26
1791514090|20261009104810|899.24
1791514100|20261009104820|899.24
1791514105|20261009104825|899.23
1791514115|20261009104835|899.20
1791514125|20261009104845|899.20
1791514135|20261009104855|899.06
1791514145|20261009104905|899.05
1791514150|20261009104910|899.01
1791514155|20261009104915|899.05
1791514160|20261009104920|899.07
1791514165|20261009104925|899.07
1791514200|20261009105000|899.18
1791514205|20261009105005|899.13
1791514210|20261009105010|899.06
1791514215|20261009105015|899.11
1791514245|20261009105045|899.21
1791514255|20261009105055|899.13
1791514265|20261009105105|899.20
1791514275|20261009105115|899.20
1791514285|20261009105125|899.29
1791514295|20261009105135|899.21
1791514300|20261009105140|899.17
1791514305|20261009105145|899.19
1791514310|20261009105150|899.27
1791514325|20261009105205|899.19
1791514330|20261009105210|899.23
1791514335|20261009105215|899.21
1791514340|20261009105220|899.20
1791514355|20261009105235|899.19
1791514360|20261009105240|899.19
1791514365|20261009105245|899.25
1791514390|20261009105310|899.33
1791514395|20261009105315|899.29
1791514400|20261009105320|899.29
1791514425|20261009105345|899.43
1791514435|20261009105355|899.51
1791514445|20261009105405|899.58
1791514455|20261009105415|899.63
1791514505|20261009105505|899.64
1791514510|20261009105510|899.66
1791514515|20261009105515|899.67
1791514520|20261009105520|899.68
1791514540|20261009105540|899.79
1791514545|20261009105545|899.80
1791514550|20261009105550|899.78
1791514570|20261009105610|899.88
1791514575|20261009105615|899.84
1791514580|20261009105620|899.78
1791514585|20261009105625|899.77
1791514595|20261009105635|899.83
1791514600|20261009105640|899.86
1791514605|20261009105645|899.85
1791514610|20261009105650|899.78
1791514615|20261009105655|899.76
1791514625|20261009105705|899.81
1791514635|20261009105715|899.93
1791514640|20261009105720|899.91
1791514645|20261009105725|899.93
1791514660|20261009105740|899.93
1791514665|20261009105745|899.92
1791514685|20261009105805|899.89
1791514695|20261009105815|899.83
1791514700|20261009105820|899.84
1791514705|20261009105825|899.98
1791514715|20261009105835|899.96
1791514720|20261009105840|899.99
1791514725|20261009105845|899.97
1791514730|20261009105850|899.98
1791514735|20261009105855|899.98
1791514745|20261009105905|899.89
1791514750|20261009105910|899.82
1791514755|20261009105915|899.79
1791514765|20261009105925|899.56
1791514795|20261009105955|899.59
1791514800|20261009110000|899.58
1791514805|20261009110005|899.60
1791514810|20261009110010|899.61
1791514815|20261009110015|899.59
1791514820|20261009110020|899.56
1791514825|20261009110025|899.62
1791514835|20261009110035|899.42
1791514840|20261009110040|899.44
1791514845|20261009110045|899.48
1791514850|20261009110050|899.45
1791514855|20261009110055|899.45
1791514870|20261009110110|899.41
1791514880|20261009110120|899.41
1791514885|20261009110125|899.41
1791514895|20261009110135|899.38
1791514905|20261009110145|899.32
1791514910|20261009110150|899.30
1791514940|20261009110220|899.18
1791514945|20261009110225|899.21
1791514955|20261009110235|899.20
1791514960|20261009110240|899.26
1791514965|20261009110245|899.24
1791514975|20261009110255|899.06
1791514985|20261009110305|898.97
1791514990|20261009110310|899.04
1791514995|20261009110315|898.95
1791515000|20261009110320|898.95
1791515005|20261009110325|898.97
1791515015|20261009110335|898.97
1791515020|20261009110340|898.95
1791515035|20261009110355|898.75
1791515045|20261009110405|898.80
1791515050|20261009110410|898.80
1791515055|20261009110415|898.80
1791515060|20261009110420|898.77
1791515065|20261009110425|898.72
1791515105|20261009110505|899.08
1791515110|20261009110510|899.09
1791515120|20261009110520|899.11
1791515135|20261009110535|899.08
1791515140|20261009110540|899.18
1791515145|20261009110545|899.12
1791515155|20261009110555|899.23
1791515175|20261009110615|899.15
1791515185|20261009110625|899.03
1791515195|20261009110635|898.97
1791515205|20261009110645|898.93
1791515225|20261009110705|898.93
1791515230|20261009110710|898.93
1791515235|20261009110715|898.86
1791515240|20261009110720|898.87
1791515255|20261009110735|898.83
1791515265|20261009110745|898.82
1791515270|20261009110750|898.80
1791515285|20261009110805|898.76
1791515295|20261009110815|898.74
1791515300|20261009110820|898.75
1791515305|20261009110825|898.74
1791515325|20261009110845|898.80
1791515330|20261009110850|898.78
1791515355|20261009110915|898.75
1791515360|20261009110920|898.77
1791515365|20261009110925|898.78
1791515400|20261009111000|898.84
1791515410|20261009111010|898.93
1791515415|20261009111015|899.03
1791515420|20261009111020|899.08
1791515425|20261009111025|899.07
1791515435|20261009111035|898.93
1791515440|20261009111040|898.93
1791515445|20261009111045|898.87
1791515450|20261009111050|898.89
1791515465|20261009111105|898.95
1791515470|20261009111110|898.99
1791515480|20261009111120|898.98
1791515495|20261009111135|899.03
1791515505|20261009111145|899.08
1791515530|20261009111210|899.24
1791515535|20261009111215|899.26
1791515540|20261009111220|899.26
1791515545|20261009111225|899.30
1791515555|20261009111235|899.26
1791515560|20261009111240|899.33
1791515570|20261009111250|899.34
1791515585|20261009111305|899.31
1791515590|20261009111310|899.35
1791515595|20261009111315|899.37
1791515600|20261009111320|899.33
1791515615|20261009111335|899.25
1791515620|20261009111340|899.23
1791515625|20261009111345|899.14
1791515635|20261009111355|899.13
1791515645|20261009111405|899.05
1791515650|20261009111410|899.05
1791515655|20261009111415|898.99
1791515660|20261009111420|899.01
1791515665|20261009111425|898.97
1791515705|20261009111505|899.05
1791515715|20261009111515|899.06
1791515720|20261009111520|899.04
1791515725|20261009111525|899.11
1791515740|20261009111540|899.13
1791515750|20261009111550|899.19
1791515755|20261009111555|899.18
1791515765|20261009111605|899.15
1791515780|20261009111620|899.11
1791515785|20261009111625|899.13
1791515795|20261009111635|899.19
1791515800|20261009111640|899.22
1791515805|20261009111645|899.22
1791515810|20261009111650|899.25
1791515815|20261009111655|899.17
1791515825|20261009111705|899.18
1791515835|20261009111715|899.07
1791515840|20261009111720|899.05
1791515845|20261009111725|898.93
1791515860|20261009111740|898.94
1791515865|20261009111745|898.96
1791515870|20261009111750|898.95
1791515875|20261009111755|898.96
1791515890|20261009111810|899.03
1791515895|20261009111815|899.04
1791515900|20261009111820|899.04
1791515905|20261009111825|899.07
1791515915|20261009111835|899.08
1791515920|20261009111840|899.06
1791515925|20261009111845|899.08
1791515930|20261009111850|899.07
1791515955|20261009111915|899.14
1791515960|20261009111920|899.14
1791516000|20261009112000|898.95
1791516005|20261009112005|898.88
1791516010|20261009112010|898.88
1791516015|20261009112015|898.83
1791516040|20261009112040|898.82
1791516045|20261009112045|898.76
1791516050|20261009112050|898.84
1791516070|20261009112110|898.89
1791516075|20261009112115|898.85
1791516080|20261009112120|898.88
1791516095|20261009112135|899.07
1791516100|20261009112140|899.14
1791516105|20261009112145|899.14
1791516110|20261009112150|899.08
1791516125|20261009112205|899.09
1791516130|20261009112210|899.11
1791516140|20261009112220|899.08
1791516145|20261009112225|898.98
1791516160|20261009112240|898.95
1791516165|20261009112245|898.95
1791516170|20261009112250|898.95
1791516175|20261009112255|898.97
1791516185|20261009112305|898.98
1791516190|20261009112310|898.97
1791516195|20261009112315|898.97
1791516200|20261009112320|898.80
1791516205|20261009112325|898.83
1791516215|20261009112335|898.82
1791516220|20261009112340|898.89
1791516225|20261009112345|898.86
1791516230|20261009112350|898.84
1791516269|20261009112429|898.91
1791516690|20261009113130|899.24
1791516745|20261009113225|899.13
1791516755|20261009113235|899.14
1791516765|20261009113245|899.14
1791516775|20261009113255|899.17
1791516785|20261009113305|899.07
1791516790|20261009113310|899.09
1791516795|20261009113315|899.10
1791516805|20261009113325|899.04
1791516815|20261009113335|899.07
1791516820|20261009113340|899.18
1791516830|20261009113350|899.14
1791516845|20261009113405|899.13
1791516855|20261009113415|899.17
1791516860|20261009113420|899.16
1791516905|20261009113505|899.09
1791516910|20261009113510|899.17
1791516915|20261009113515|899.17
1791516920|20261009113520|899.15
1791516940|20261009113540|899.13
1791516945|20261009113545|899.17
1791516950|20261009113550|899.14
1791516965|20261009113605|899.15
1791516970|20261009113610|899.16
1791516975|20261009113615|899.16
1791516980|20261009113620|899.21
1791516995|20261009113635|899.17
1791517010|20261009113650|899.19
1791517025|20261009113705|899.09
1791517030|20261009113710|899.09
1791517035|20261009113715|899.10
1791517040|20261009113720|899.02
1791517055|20261009113735|899.02
1791517060|20261009113740|899.01
1791517065|20261009113745|899.05
1791517070|20261009113750|899.07
1791517080|20261009113800|899.11
1791517085|20261009113805|899.09
1791517090|20261009113810|899.15
1791517095|20261009113815|899.24
1791517100|20261009113820|899.21
1791517105|20261009113825|899.22
1791517115|20261009113835|899.18
1791517120|20261009113840|899.12
1791517125|20261009113845|899.12
1791517130|20261009113850|899.14
1791517145|20261009113905|899.16
1791517150|20261009113910|899.15
1791517155|20261009113915|899.16
1791517165|20261009113925|899.19
1791517200|20261009114000|899.11
1791517205|20261009114005|899.11
1791517220|20261009114020|899.01
1791517225|20261009114025|899.02
1791517245|20261009114045|898.97
1791517250|20261009114050|899.04
1791517265|20261009114105|898.99
1791517270|20261009114110|898.99
1791517275|20261009114115|899.00
1791517280|20261009114120|899.01
1791517285|20261009114125|899.03
1791517300|20261009114140|899.00
1791517305|20261009114145|899.00
1791517310|20261009114150|899.00
1791517315|20261009114155|899.00
1791517325|20261009114205|898.98
1791517335|20261009114215|899.22
1791517340|20261009114220|899.23
1791517345|20261009114225|899.30
1791517355|20261009114235|899.30
1791517370|20261009114250|899.27
1791517375|20261009114255|899.27
1791517385|20261009114305|899.33
1791517390|20261009114310|899.29
1791517395|20261009114315|899.33
1791517400|20261009114320|899.34
1791517405|20261009114325|899.37
1791517415|20261009114335|899.40
1791517420|20261009114340|899.42
1791517425|20261009114345|899.39
1791517430|20261009114350|899.45
1791517435|20261009114355|899.44
1791517445|20261009114405|899.40
1791517455|20261009114415|899.36
1791517460|20261009114420|899.33
1791517505|20261009114505|898.96
1791517510|20261009114510|898.96
1791517515|20261009114515|898.97
1791517520|20261009114520|898.95
1791517525|20261009114525|898.98
1791517545|20261009114545|898.96
1791517550|20261009114550|898.95
1791517555|20261009114555|898.98
1791517565|20261009114605|898.98
1791517570|20261009114610|898.98
1791517575|20261009114615|898.98
1791517580|20261009114620|898.95
1791517600|20261009114640|899.03
1791517605|20261009114645|899.13
1791517610|20261009114650|899.08
1791517625|20261009114705|899.14
1791517630|20261009114710|899.19
1791517635|20261009114715|899.21
1791517640|20261009114720|899.24
1791517645|20261009114725|899.25
1791517675|20261009114755|899.26
1791517685|20261009114805|899.25
1791517690|20261009114810|899.30
1791517695|20261009114815|899.30
1791517705|20261009114825|899.36
1791517715|20261009114835|899.37
1791517720|20261009114840|899.36
1791517745|20261009114905|899.35
1791517750|20261009114910|899.29
1791517755|20261009114915|899.26
1791517760|20261009114920|899.32
1791517765|20261009114925|899.40
1791517795|20261009114955|899.41
1791517800|20261009115000|899.46
1791517805|20261009115005|899.49
1791517810|20261009115010|899.51
1791517815|20261009115015|899.44
1791517820|20261009115020|899.34
1791517840|20261009115040|899.30
1791517845|20261009115045|899.30
1791517865|20261009115105|899.27
1791517870|20261009115110|899.25
1791517875|20261009115115|899.36
1791517880|20261009115120|899.34
1791517895|20261009115135|899.39
1791517900|20261009115140|899.42
1791517925|20261009115205|899.39
1791517930|20261009115210|899.42
1791517940|20261009115220|899.34
1791517945|20261009115225|899.38
1791517955|20261009115235|899.37
1791517960|20261009115240|899.32
1791517965|20261009115245|899.48
1791517975|20261009115255|899.48
1791517985|20261009115305|899.53
1791517990|20261009115310|899.53
1791517995|20261009115315|899.56
1791518000|20261009115320|899.56
1791518020|20261009115340|899.62
1791518035|20261009115355|899.75
1791518050|20261009115410|899.72
1791518055|20261009115415|899.74
1791518060|20261009115420|899.71
1791518065|20261009115425|899.73
1791518110|20261009115510|899.71
1791518115|20261009115515|899.73
1791518145|20261009115545|899.79
1791518150|20261009115550|899.87
1791518155|20261009115555|899.86
1791518170|20261009115610|899.72
1791518175|20261009115615|899.75
1791518180|20261009115620|899.77
1791518185|20261009115625|899.79
1791518195|20261009115635|899.79
1791518205|20261009115645|899.91
1791518215|20261009115655|899.99
1791518225|20261009115705|900.05
1791518235|20261009115715|899.97
1791518245|20261009115725|899.95
1791518255|20261009115735|899.93
1791518260|20261009115740|899.93
1791518265|20261009115745|899.94
1791518270|20261009115750|899.83
1791518295|20261009115815|899.67
1791518300|20261009115820|899.64
1791518305|20261009115825|899.63
1791518320|20261009115840|899.64
1791518325|20261009115845|899.65
1791518350|20261009115910|899.57
1791518355|20261009115915|899.58
1791518360|20261009115920|899.60
1791518365|20261009115925|899.59
1791518400|20261009120000|899.54
1791518405|20261009120005|899.59
1791518415|20261009120015|899.67
1791518420|20261009120020|899.68
1791518435|20261009120035|899.57
1791518440|20261009120040|899.56
1791518445|20261009120045|899.57
1791518450|20261009120050|899.71
1791518465|20261009120105|899.71
1791518475|20261009120115|899.77
1791518495|20261009120135|899.78
1791518500|20261009120140|899.79
1791518505|20261009120145|899.80
1791518515|20261009120155|899.77
1791518525|20261009120205|899.80
1791518530|20261009120210|899.78
1791518535|20261009120215|899.77
1791518540|20261009120220|899.83
1791518545|20261009120225|899.85
1791518555|20261009120235|899.87
1791518560|20261009120240|899.89
1791518565|20261009120245|899.89
1791518585|20261009120305|899.79
1791518590|20261009120310|899.78
1791518595|20261009120315|899.78
1791518600|20261009120320|899.71
1791518605|20261009120325|899.72
1791518625|20261009120345|899.75
1791518635|20261009120355|899.62
1791518645|20261009120405|899.62
1791518650|20261009120410|899.64
1791518655|20261009120415|899.63
1791518660|20261009120420|899.71
1791518684|20261009120444|899.65
1791518790|20261009120630|899.74
1791518796|20261009120636|899.73
1791518802|20261009120642|899.69
1791518813|20261009120653|899.67
1791518819|20261009120659|899.75
1791518825|20261009120705|899.75
1791518831|20261009120711|899.74
1791518837|20261009120717|899.76
1791518879|20261009120759|899.81
1791518885|20261009120805|899.78
1791518891|20261009120811|899.87
1791518897|20261009120817|899.84
1791519076|20261009121116|899.68
1791519079|20261009121119|899.67
1791519082|20261009121122|899.68
1791519085|20261009121125|899.66
1791519090|20261009121130|899.70
1791519105|20261009121145|899.80
1791519110|20261009121150|899.84
1791519125|20261009121205|899.97
1791519145|20261009121225|899.99
1791519165|20261009121245|899.93
1791519170|20261009121250|899.94
1791519190|20261009121310|900.00
1791519195|20261009121315|900.06
1791519200|20261009121320|900.05
1791519205|20261009121325|900.06
1791519220|20261009121340|899.79
1791519225|20261009121345|899.84
1791519235|20261009121355|899.91
1791519245|20261009121405|899.91
1791519260|20261009121420|899.91
1791519305|20261009121505|899.93
1791519310|20261009121510|899.92
1791519315|20261009121515|899.90
1791519320|20261009121520|899.87
1791519325|20261009121525|899.83
1791519340|20261009121540|899.84
1791519345|20261009121545|899.83
1791519350|20261009121550|899.83
1791519365|20261009121605|899.82
1791519370|20261009121610|899.81
1791519375|20261009121615|899.82
1791519380|20261009121620|899.82
1791519385|20261009121625|899.85
1791519400|20261009121640|899.92
1791519405|20261009121645|900.02
1791519430|20261009121710|900.05
1791519435|20261009121715|900.05
1791519440|20261009121720|900.06
1791519445|20261009121725|900.05
1791519455|20261009121735|900.01
1791519475|20261009121755|899.87
1791519490|20261009121810|899.90
1791519495|20261009121815|899.92
1791519505|20261009121825|899.92
1791519515|20261009121835|899.92
1791519520|20261009121840|899.90
1791519525|20261009121845|899.90
1791519530|20261009121850|899.98
1791519545|20261009121905|900.01
1791519550|20261009121910|900.00
1791519555|20261009121915|900.01
1791519560|20261009121920|900.04
1791519565|20261009121925|900.01
1791519575|20261009121935|899.98
1791519590|20261009121950|900.01
1791519600|20261009122000|899.96
1791519605|20261009122005|899.97
1791519610|20261009122010|899.94
1791519615|20261009122015|899.98
1791519625|20261009122025|900.11
1791519635|20261009122035|900.12
1791519640|20261009122040|900.10
1791519650|20261009122050|900.26
1791519655|20261009122055|900.41
1791519665|20261009122105|900.51
1791519675|20261009122115|900.44
1791519680|20261009122120|900.41
1791519685|20261009122125|900.47
1791519700|20261009122140|900.55
1791519705|20261009122145|900.51
1791519710|20261009122150|900.56
1791519725|20261009122205|900.58
1791519735|20261009122215|900.59
1791519740|20261009122220|900.58
1791519760|20261009122240|900.54
1791519770|20261009122250|900.55
1791519775|20261009122255|900.58
1791519785|20261009122305|900.54
1791519790|20261009122310|900.53
1791519795|20261009122315|900.50
1791519800|20261009122320|900.54
1791519805|20261009122325|900.55
1791519825|20261009122345|900.59
1791519835|20261009122355|900.59
1791519845|20261009122405|900.58
1791519855|20261009122415|900.48
1791519860|20261009122420|900.53
1791519865|20261009122425|900.54
1791519910|20261009122510|900.56
1791519915|20261009122515|900.57
1791519925|20261009122525|900.66
1791519935|20261009122535|900.65
1791519940|20261009122540|900.70
1791519945|20261009122545|900.71
1791519955|20261009122555|900.68
1791519975|20261009122615|900.65
1791519985|20261009122625|900.66
1791520030|20261009122710|900.66
1791520440|20261009123400|900.97
1791520446|20261009123406|900.99
1791520452|20261009123412|900.96
1791520463|20261009123423|901.05
1791520469|20261009123429|901.05
1791520500|20261009123500|901.04
1791520503|20261009123503|901.03
1791520506|20261009123506|901.10
1791520515|20261009123515|901.10
1791520518|20261009123518|901.10
1791520535|20261009123535|901.15
1791520560|20261009123600|901.10
1791520575|20261009123615|901.02
1791520595|20261009123635|900.93
1791520615|20261009123655|900.97
1791520630|20261009123710|900.91
1791520635|20261009123715|900.91
1791520645|20261009123725|900.91
1791520665|20261009123745|900.98
1791520670|20261009123750|900.93
1791520690|20261009123810|900.94
1791520695|20261009123815|900.86
1791520700|20261009123820|900.88
1791520705|20261009123825|900.89
1791520725|20261009123845|900.83
1791520745|20261009123905|900.82
1791520750|20261009123910|900.88
1791520760|20261009123920|900.87
1791520765|20261009123925|900.87
1791520795|20261009123955|900.75
1791520800|20261009124000|900.75
1791520805|20261009124005|900.80
1791520810|20261009124010|900.79
1791520815|20261009124015|900.80
1791520820|20261009124020|900.75
1791520825|20261009124025|900.80
1791520845|20261009124045|900.82
1791520850|20261009124050|900.84
1791520855|20261009124055|900.83
1791520865|20261009124105|900.80
1791520870|20261009124110|900.79
1791520875|20261009124115|900.80
1791520885|20261009124125|900.77
1791520895|20261009124135|900.73
1791520905|20261009124145|900.78
1791520910|20261009124150|900.62
1791520925|20261009124205|900.65
1791520930|20261009124210|900.71
1791520935|20261009124215|900.71
1791520945|20261009124225|900.72
1791520955|20261009124235|900.75
1791520960|20261009124240|900.75
1791520970|20261009124250|900.70
1791520975|20261009124255|900.70
1791520985|20261009124305|900.67
1791520990|20261009124310|900.67
1791520995|20261009124315|900.69
1791521000|20261009124320|900.68
1791521005|20261009124325|900.67
1791521015|20261009124335|900.62
1791521025|20261009124345|900.64
1791521035|20261009124355|900.64
1791521045|20261009124405|900.64
1791521050|20261009124410|900.54
1791521055|20261009124415|900.48
1791521065|20261009124425|900.35
1791521094|20261009124454|900.41
1791521099|20261009124459|900.42
1791521105|20261009124505|900.30
1791521182|20261009124622|900.12
1791521250|20261009124730|899.84
1791521270|20261009124750|899.88
1791521285|20261009124805|899.77
1791521300|20261009124820|899.75
1791521305|20261009124825|899.76
1791521320|20261009124840|899.72
1791521325|20261009124845|899.72
1791521330|20261009124850|899.72
1791521335|20261009124855|899.72
1791521345|20261009124905|899.53
1791521355|20261009124915|899.52
1791521360|20261009124920|899.52
1791521400|20261009125000|899.55
1791521410|20261009125010|899.63
1791521415|20261009125015|899.68
1791521420|20261009125020|899.59
1791521425|20261009125025|899.56
1791521430|20261009125030|899.55
1791521470|20261009125110|899.52
1791521475|20261009125115|899.51
1791521480|20261009125120|899.48
1791521485|20261009125125|899.49
1791521495|20261009125135|899.50
1791521500|20261009125140|899.51
1791521505|20261009125145|899.62
1791521535|20261009125215|899.56
1791521540|20261009125220|899.54
1791521545|20261009125225|899.55
1791521555|20261009125235|899.48
1791521560|20261009125240|899.52
1791521565|20261009125245|899.51
1791521570|20261009125250|899.55
1791521575|20261009125255|899.52
1791521585|20261009125305|899.50
1791521590|20261009125310|899.50
1791521595|20261009125315|899.48
1791521600|20261009125320|899.44
1791521605|20261009125325|899.44
1791521615|20261009125335|899.50
1791521625|20261009125345|899.45
1791521630|20261009125350|899.46
1791521645|20261009125405|899.41
1791521655|20261009125415|899.56
1791521660|20261009125420|899.56
1791521665|20261009125425|899.62
1791521705|20261009125505|899.60
1791521710|20261009125510|899.65
1791521715|20261009125515|899.58
1791521725|20261009125525|899.55
1791521740|20261009125540|899.52
1791521745|20261009125545|899.58
1791521750|20261009125550|899.57
1791521770|20261009125610|899.62
1791521775|20261009125615|899.73
1791521780|20261009125620|899.76
1791521795|20261009125635|899.76
1791521800|20261009125640|899.75
1791521810|20261009125650|899.92
1791521825|20261009125705|899.88
1791521830|20261009125710|899.99
1791521835|20261009125715|899.95
1791521840|20261009125720|899.96
1791521845|20261009125725|899.95
1791521860|20261009125740|900.00
1791521870|20261009125750|900.11
1791521875|20261009125755|900.11
1791521885|20261009125805|900.30
1791521895|20261009125815|900.32
1791521905|20261009125825|900.33
1791521915|20261009125835|900.36
1791521920|20261009125840|900.38
1791521930|20261009125850|900.31
1791521945|20261009125905|900.38
1791521955|20261009125915|900.38
1791521960|20261009125920|900.25
1791521965|20261009125925|900.24
1791521970|20261009125930|900.29
1791521990|20261009125950|900.37
1791521995|20261009125955|900.36
1791522000|20261009130000|900.40
1791522005|20261009130005|900.42
1791522015|20261009130015|900.42
1791522020|20261009130020|900.69
1791522025|20261009130025|900.80
1791522045|20261009130045|900.77
1791522065|20261009130105|901.05
1791522070|20261009130110|901.04
1791522080|20261009130120|901.10
1791522085|20261009130125|901.10
1791522095|20261009130135|901.11
1791522100|20261009130140|901.10
1791522105|20261009130145|901.08
1791522110|20261009130150|901.14
1791522115|20261009130155|901.32
1791522125|20261009130205|901.27
1791522130|20261009130210|901.27
1791522135|20261009130215|901.39
1791522140|20261009130220|901.33
1791522160|20261009130240|901.38
1791522170|20261009130250|901.48
1791522185|20261009130305|901.63
1791522190|20261009130310|901.67
1791522195|20261009130315|901.67
1791522200|20261009130320|901.61
1791522205|20261009130325|901.57
1791522220|20261009130340|901.47
1791522225|20261009130345|901.42
1791522235|20261009130355|901.47
1791522245|20261009130405|901.51
1791522250|20261009130410|901.39
1791522255|20261009130415|901.41
1791522260|20261009130420|901.40
1791522265|20261009130425|901.42
1791522300|20261009130500|900.94
1791522305|20261009130505|900.96
1791522310|20261009130510|900.92
1791522315|20261009130515|900.76
1791522320|20261009130520|900.66
1791522325|20261009130525|900.66
1791522335|20261009130535|900.77
1791522340|20261009130540|900.81
1791522345|20261009130545|900.82
1791522350|20261009130550|900.81
1791522365|20261009130605|900.67
1791522375|20261009130615|900.72
1791522380|20261009130620|900.77
1791522385|20261009130625|900.83
1791522400|20261009130640|900.86
1791522405|20261009130645|900.84
1791522410|20261009130650|900.83
1791522415|20261009130655|900.95
1791522425|20261009130705|900.97
1791522430|20261009130710|900.96
1791522435|20261009130715|901.01
1791522440|20261009130720|900.98
1791522445|20261009130725|901.07
1791522455|20261009130735|901.06
1791522460|20261009130740|901.11
1791522465|20261009130745|901.16
1791522470|20261009130750|901.15
1791522480|20261009130800|901.26
1791522485|20261009130805|901.29
1791522500|20261009130820|901.47
1791522505|20261009130825|901.44
1791522520|20261009130840|901.56
1791522525|20261009130845|901.52
1791522530|20261009130850|901.48
1791522545|20261009130905|901.56
1791522550|20261009130910|901.61
1791522555|20261009130915|901.55
1791522560|20261009130920|901.54
1791522565|20261009130925|901.51
1791522600|20261009131000|901.59
1791522605|20261009131005|901.60
1791522610|20261009131010|901.61
1791522620|20261009131020|901.51
1791522625|20261009131025|901.51
1791522635|20261009131035|901.61
1791522645|20261009131045|901.58
1791522665|20261009131105|901.56
1791522670|20261009131110|901.57
1791522675|20261009131115|901.53
1791522680|20261009131120|901.52
1791522685|20261009131125|901.54
1791522695|20261009131135|901.47
1791522700|20261009131140|901.47
1791522705|20261009131145|901.46
1791522710|20261009131150|901.47
1791522725|20261009131205|901.43
1791522730|20261009131210|901.38
1791522745|20261009131225|901.30
1791522760|20261009131240|901.29
1791522770|20261009131250|901.32
1791522775|20261009131255|901.31
1791522795|20261009131315|901.40
1791522805|20261009131325|901.47
1791522820|20261009131340|901.50
1791522825|20261009131345|901.53
1791522835|20261009131355|901.50
1791522855|20261009131415|901.54
1791522860|20261009131420|901.57
1791522905|20261009131505|901.53
1791522910|20261009131510|901.53
1791522915|20261009131515|901.55
1791522920|20261009131520|901.62
1791522935|20261009131535|901.65
1791522940|20261009131540|901.64
1791522945|20261009131545|901.66
1791522950|20261009131550|901.69
1791522955|20261009131555|901.69
1791522970|20261009131610|901.80
1791522975|20261009131615|901.75
1791522980|20261009131620|901.77
1791522985|20261009131625|901.81
1791523005|20261009131645|901.78
1791523015|20261009131655|901.89
1791523025|20261009131705|901.84
1791523030|20261009131710|901.90
1791523035|20261009131715|901.90
1791523040|20261009131720|901.89
1791523045|20261009131725|901.89
1791523060|20261009131740|902.16
1791523065|20261009131745|902.15
1791523085|20261009131805|902.16
1791523090|20261009131810|902.14
1791523095|20261009131815|902.12
1791523105|20261009131825|902.05
1791523125|20261009131845|902.21
1791523145|20261009131905|902.31
1791523150|20261009131910|902.31
1791523155|20261009131915|902.31
1791523165|20261009131925|902.26
1791523200|20261009132000|902.26
1791523205|20261009132005|902.30
1791523210|20261009132010|902.30
1791523215|20261009132015|902.24
1791523220|20261009132020|902.27
1791523235|20261009132035|902.44
1791523245|20261009132045|902.39
1791523250|20261009132050|902.38
1791523255|20261009132055|902.24
1791523265|20261009132105|902.19
1791523270|20261009132110|901.98
1791523275|20261009132115|902.12
1791523280|20261009132120|902.26
1791523305|20261009132145|902.23
1791523310|20261009132150|902.24
1791523325|20261009132205|902.37
1791523330|20261009132210|902.37
1791523335|20261009132215|902.38
1791523340|20261009132220|902.24
1791523345|20261009132225|902.27
1791523355|20261009132235|902.12
1791523360|20261009132240|902.19
1791523370|20261009132250|902.18
1791523375|20261009132255|902.09
1791523385|20261009132305|902.16
1791523395|20261009132315|902.05
1791523400|20261009132320|902.10
1791523405|20261009132325|902.12
1791523435|20261009132355|902.24
1791523445|20261009132405|902.25
1791523455|20261009132415|902.28
1791523460|20261009132420|902.33
1791523465|20261009132425|902.27
1791523510|20261009132510|902.25
1791523515|20261009132515|902.28
1791523525|20261009132525|902.38
1791523535|20261009132535|902.32
1791523540|20261009132540|902.34
1791523545|20261009132545|902.36
1791523550|20261009132550|902.30
1791523555|20261009132555|902.26
1791523565|20261009132605|902.13
1791523575|20261009132615|902.11
1791523580|20261009132620|902.04
1791523585|20261009132625|902.02
1791523595|20261009132635|902.18
1791523600|20261009132640|902.20
1791523605|20261009132645|902.20
1791523625|20261009132705|902.23
1791523630|20261009132710|902.22
1791523635|20261009132715|902.22
1791523640|20261009132720|902.29
1791523655|20261009132735|902.28
1791523660|20261009132740|902.33
1791523665|20261009132745|902.33
1791523670|20261009132750|902.34
1791523690|20261009132810|902.57
1791523695|20261009132815|902.61
1791523700|20261009132820|902.61
1791523705|20261009132825|902.51
1791523715|20261009132835|902.56
1791523720|20261009132840|902.61
1791523725|20261009132845|902.54
1791523735|20261009132855|902.58
1791523745|20261009132905|902.53
1791523750|20261009132910|902.56
1791523755|20261009132915|902.46
1791523760|20261009132920|902.55
1791523765|20261009132925|902.55
1791523800|20261009133000|902.60
1791523805|20261009133005|902.62
1791523810|20261009133010|902.84
1791523815|20261009133015|902.85
1791523835|20261009133035|903.30
1791523845|20261009133045|903.28
1791523865|20261009133105|903.56
1791523875|20261009133115|903.54
1791523880|20261009133120|903.65
1791523885|20261009133125|903.71
1791523895|20261009133135|903.54
1791523900|20261009133140|903.55
1791523905|20261009133145|903.76
1791523910|20261009133150|903.79
1791523915|20261009133155|903.73
1791523925|20261009133205|903.69
1791523930|20261009133210|903.66
1791523935|20261009133215|903.65
1791523940|20261009133220|903.71
1791523945|20261009133225|903.74
1791523955|20261009133235|903.56
1791523965|20261009133245|903.50
1791523970|20261009133250|903.45
1791523975|20261009133255|903.38
1791523995|20261009133315|903.43
1791524005|20261009133325|903.35
1791524015|20261009133335|903.45
1791524025|20261009133345|903.59
1791524045|20261009133405|903.79
1791524050|20261009133410|903.79
1791524055|20261009133415|903.91
1791524060|20261009133420|903.96
1791524065|20261009133425|904.08
1791524099|20261009133459|904.32
1791524105|20261009133505|904.21
1791524115|20261009133515|904.26
1791524125|20261009133525|904.12
1791524135|20261009133535|904.20
1791524185|20261009133625|905.03
1791524215|20261009133655|905.36
1791524221|20261009133701|905.38
1791524227|20261009133707|905.43
1791524233|20261009133713|905.38
1791524245|20261009133725|905.23
1791524280|20261009133800|905.64
1791524290|20261009133810|905.63
1791524300|20261009133820|905.45
1791524305|20261009133825|905.39
1791524315|20261009133835|905.27
1791524320|20261009133840|905.24
1791524325|20261009133845|905.38
1791524345|20261009133905|905.10
1791524355|20261009133915|904.90
1791524360|20261009133920|904.79
1791524365|20261009133925|904.78
1791524400|20261009134000|904.57
1791524410|20261009134010|904.43
1791524415|20261009134015|904.39
1791524425|20261009134025|904.38
1791524435|20261009134035|904.21
1791524440|20261009134040|904.19
1791524445|20261009134045|904.22
1791524450|20261009134050|904.29
1791524465|20261009134105|904.27
1791524470|20261009134110|904.29
1791524475|20261009134115|904.26
1791524480|20261009134120|904.28
1791524485|20261009134125|904.21
1791524495|20261009134135|904.24
1791524515|20261009134155|904.44
1791524525|20261009134205|904.61
1791524530|20261009134210|904.62
1791524535|20261009134215|904.59
1791524540|20261009134220|904.53
1791524545|20261009134225|904.46
1791524555|20261009134235|904.32
1791524565|20261009134245|904.30
1791524570|20261009134250|904.48
1791524575|20261009134255|904.42
1791524585|20261009134305|904.50
1791524590|20261009134310|904.54
1791524595|20261009134315|904.42
1791524600|20261009134320|904.50
1791524615|20261009134335|904.74
1791524625|20261009134345|904.78
1791524630|20261009134350|904.80
1791524650|20261009134410|904.70
1791524655|20261009134415|904.74
1791524660|20261009134420|904.63
1791524665|20261009134425|904.65
1791524705|20261009134505|904.73
1791524710|20261009134510|904.82
1791524715|20261009134515|904.82
1791524720|20261009134520|904.60
1791524725|20261009134525|904.55
1791524740|20261009134540|904.48
1791524745|20261009134545|904.45
1791524750|20261009134550|904.33
1791524765|20261009134605|904.05
1791524770|20261009134610|903.97
1791524775|20261009134615|904.08
1791524780|20261009134620|904.09
1791524814|20261009134654|904.13
1791524819|20261009134659|904.10
1791524910|20261009134830|903.82
1791524920|20261009134840|903.96
1791524925|20261009134845|903.93
1791524930|20261009134850|903.93
1791524935|20261009134855|904.00
1791524955|20261009134915|903.98
1791524960|20261009134920|904.14
1791524965|20261009134925|904.25
1791525000|20261009135000|904.35
1791525005|20261009135005|904.27
1791525010|20261009135010|904.27
1791525015|20261009135015|904.12
1791525020|20261009135020|904.12
1791525025|20261009135025|904.12
1791525045|20261009135045|904.18
1791525050|20261009135050|904.25
1791525055|20261009135055|904.31
1791525065|20261009135105|904.23
1791525070|20261009135110|904.03
1791525075|20261009135115|903.99
1791525085|20261009135125|903.88
1791525095|20261009135135|903.97
1791525105|20261009135145|903.89
1791525110|20261009135150|903.77
1791525115|20261009135155|903.70
1791525125|20261009135205|903.85
1791525130|20261009135210|903.87
1791525135|20261009135215|903.87
1791525140|20261009135220|903.88
1791525145|20261009135225|903.86
1791525155|20261009135235|903.67
1791525160|20261009135240|903.61
1791525165|20261009135245|903.62
1791525185|20261009135305|903.47
1791525190|20261009135310|903.28
1791525195|20261009135315|903.27
1791525200|20261009135320|903.21
1791525205|20261009135325|903.27
1791525215|20261009135335|903.20
1791525225|20261009135345|903.09
1791525230|20261009135350|902.97
1791525235|20261009135355|902.92
1791525245|20261009135405|902.85
1791525255|20261009135415|902.88
1791525260|20261009135420|902.77
1791525305|20261009135505|902.71
1791525310|20261009135510|902.59
1791525315|20261009135515|902.72
1791525320|20261009135520|902.81
1791525325|20261009135525|902.82
1791525340|20261009135540|902.83
1791525365|20261009135605|902.90
1791525375|20261009135615|903.03
1791525385|20261009135625|903.15
1791525395|20261009135635|903.09
1791525415|20261009135655|903.29
1791525425|20261009135705|903.25
1791525430|20261009135710|903.20
1791525435|20261009135715|903.14
1791525440|20261009135720|903.13
1791525445|20261009135725|903.19
1791525460|20261009135740|903.20
1791525465|20261009135745|903.18
1791525470|20261009135750|903.08
1791525475|20261009135755|903.15
1791525485|20261009135805|903.17
1791525490|20261009135810|903.12
1791525495|20261009135815|903.18
1791525500|20261009135820|903.18
1791525505|20261009135825|903.18
1791525545|20261009135905|903.24
1791525555|20261009135915|903.22
1791525560|20261009135920|903.18
1791525565|20261009135925|903.15
1791525595|20261009135955|902.89
1791525600|20261009140000|902.86
1791525610|20261009140010|903.33
1791525615|20261009140015|902.89
1791525625|20261009140025|902.99
1791525635|20261009140035|903.08
1791525640|20261009140040|903.03
1791525645|20261009140045|902.77
1791525650|20261009140050|902.78
1791525670|20261009140110|902.96
1791525680|20261009140120|903.22
1791525695|20261009140135|903.14
1791525705|20261009140145|903.02
1791525715|20261009140155|903.07
1791525725|20261009140205|903.03
1791525730|20261009140210|903.11
1791525740|20261009140220|903.18
1791525755|20261009140235|903.03
1791525760|20261009140240|903.09
1791525765|20261009140245|902.95
1791525775|20261009140255|903.00
1791525785|20261009140305|903.06
1791525790|20261009140310|902.93
1791525795|20261009140315|902.86
1791525800|20261009140320|902.85
1791525805|20261009140325|902.83
1791525825|20261009140345|902.96
1791525835|20261009140355|903.19
1791525845|20261009140405|903.33
1791525850|20261009140410|903.51
1791525855|20261009140415|903.46
1791525860|20261009140420|903.52
1791525865|20261009140425|903.60
1791525905|20261009140505|903.80
1791525910|20261009140510|903.84
1791525915|20261009140515|903.92
1791525920|20261009140520|903.95
1791525925|20261009140525|903.97
1791525955|20261009140555|903.64
1791525965|20261009140605|903.47
1791525970|20261009140610|903.51
1791525980|20261009140620|903.59
1791525985|20261009140625|903.58
1791526005|20261009140645|903.40
1791526010|20261009140650|903.24
1791526025|20261009140705|903.10
1791526030|20261009140710|903.18
1791526035|20261009140715|903.35
1791526040|20261009140720|903.33
1791526045|20261009140725|903.13
1791526065|20261009140745|903.15
1791526070|20261009140750|903.29
1791526075|20261009140755|903.26
1791526085|20261009140805|903.51
1791526090|20261009140810|903.43
1791526095|20261009140815|903.43
1791526100|20261009140820|903.44
1791526120|20261009140840|903.37
1791526125|20261009140845|903.43
1791526130|20261009140850|903.38
1791526135|20261009140855|903.34
1791526145|20261009140905|903.37
1791526150|20261009140910|903.33
1791526155|20261009140915|903.47
1791526160|20261009140920|903.48
1791526165|20261009140925|903.48
1791526200|20261009141000|903.07
1791526210|20261009141010|902.90
1791526215|20261009141015|902.83
1791526220|20261009141020|902.85
1791526225|20261009141025|902.80
1791526240|20261009141040|902.73
1791526250|20261009141050|902.74
1791526255|20261009141055|902.76
1791526265|20261009141105|902.68
1791526270|20261009141110|902.63
1791526275|20261009141115|902.62
1791526280|20261009141120|902.61
1791526285|20261009141125|902.64
1791526295|20261009141135|902.62
1791526300|20261009141140|902.66
1791526305|20261009141145|902.71
1791526325|20261009141205|902.61
1791526330|20261009141210|902.54
1791526335|20261009141215|902.58
1791526340|20261009141220|902.53
1791526345|20261009141225|902.57
1791526365|20261009141245|902.42
1791526370|20261009141250|902.40
1791526385|20261009141305|902.44
1791526390|20261009141310|902.49
1791526400|20261009141320|902.50
1791526405|20261009141325|902.43
1791526415|20261009141335|902.30
1791526420|20261009141340|902.25
1791526425|20261009141345|902.29
1791526430|20261009141350|902.54
1791526445|20261009141405|902.57
1791526450|20261009141410|902.62
1791526460|20261009141420|902.56
1791526465|20261009141425|902.64
1791526505|20261009141505|902.68
1791526510|20261009141510|902.75
1791526515|20261009141515|902.69
1791526520|20261009141520|902.75
1791526525|20261009141525|902.82
1791526545|20261009141545|902.92
1791526550|20261009141550|902.90
1791526555|20261009141555|902.90
1791526570|20261009141610|903.14
1791526575|20261009141615|902.94
1791526580|20261009141620|902.91
1791526585|20261009141625|902.92
1791526595|20261009141635|902.89
1791526600|20261009141640|902.93
1791526605|20261009141645|902.97
1791526610|20261009141650|902.77
1791526625|20261009141705|902.79
1791526630|20261009141710|902.86
1791526635|20261009141715|902.96
1791526640|20261009141720|902.96
1791526645|20261009141725|902.96
1791526655|20261009141735|902.93
1791526665|20261009141745|902.89
1791526670|20261009141750|902.94
1791526675|20261009141755|902.94
1791526685|20261009141805|902.90
1791526690|20261009141810|902.89
1791526695|20261009141815|902.95
1791526700|20261009141820|902.91
1791526705|20261009141825|902.91
1791526715|20261009141835|902.98
1791526720|20261009141840|902.96
1791526725|20261009141845|902.99
1791526745|20261009141905|903.16
1791526755|20261009141915|903.16
1791526760|20261009141920|903.13
1791526765|20261009141925|903.11
1791526800|20261009142000|903.01
1791526805|20261009142005|903.03
1791526810|20261009142010|902.99
1791526815|20261009142015|903.10
1791526820|20261009142020|903.14
1791526825|20261009142025|903.13
1791526840|20261009142040|902.88
1791526855|20261009142055|902.97
1791526865|20261009142105|902.83
1791526870|20261009142110|902.80
1791526875|20261009142115|902.71
1791526880|20261009142120|902.81
1791526885|20261009142125|902.84
1791526895|20261009142135|902.81
1791526910|20261009142150|902.69
1791526920|20261009142200|902.60
1791526930|20261009142210|902.54
1791526935|20261009142215|902.56
1791526945|20261009142225|902.78
1791526965|20261009142245|902.59
1791526975|20261009142255|902.58
1791526985|20261009142305|902.51
1791526990|20261009142310|902.54
1791526995|20261009142315|902.42
1791527000|20261009142320|902.39
1791527005|20261009142325|902.39
1791527045|20261009142405|902.19
1791527050|20261009142410|902.18
1791527055|20261009142415|902.19
1791527065|20261009142425|902.24
1791527080|20261009142440|902.27
1791527105|20261009142505|902.40
1791527110|20261009142510|902.52
1791527115|20261009142515|902.62
1791527134|20261009142534|902.65
1791527140|20261009142540|902.64
1791527170|20261009142610|902.55
1791527182|20261009142622|902.60
1791527188|20261009142628|902.70
1791527194|20261009142634|902.82
1791527200|20261009142640|902.81
1791527206|20261009142646|902.83
1791527212|20261009142652|902.82
1791527260|20261009142740|902.81
1791527266|20261009142746|902.76
1791527272|20261009142752|902.76
1791527278|20261009142758|902.81
1791527284|20261009142804|902.84
1791527290|20261009142810|902.85
1791527296|20261009142816|902.76
1791527302|20261009142822|902.81
1791527315|20261009142835|902.67
1791527375|20261009142935|902.69
1791527417|20261009143017|902.17
1791527590|20261009143310|902.50
1791527600|20261009143320|902.51
1791527615|20261009143335|902.40
1791527620|20261009143340|902.45
1791527625|20261009143345|902.44
1791527630|20261009143350|902.54
1791527635|20261009143355|902.51
1791527650|20261009143410|902.64
1791527660|20261009143420|902.59
1791527665|20261009143425|902.59
1791527685|20261009143445|902.43
1791527705|20261009143505|902.26
1791527710|20261009143510|902.23
1791527720|20261009143520|902.15
1791527725|20261009143525|902.19
1791527735|20261009143535|902.18
1791527745|20261009143545|902.17
1791527755|20261009143555|902.23
1791527765|20261009143605|902.28
1791527770|20261009143610|902.26
1791527775|20261009143615|902.07
1791527780|20261009143620|902.15
1791527785|20261009143625|902.19
1791527795|20261009143635|902.35
1791527805|20261009143645|902.34
1791527810|20261009143650|902.36
1791527830|20261009143710|902.41
1791527835|20261009143715|902.40
1791527845|20261009143725|902.31
1791527855|20261009143735|902.32
1791527870|20261009143750|902.35
1791527885|20261009143805|902.26
1791527890|20261009143810|902.29
1791527895|20261009143815|902.30
1791527900|20261009143820|902.40
1791527905|20261009143825|902.33
1791527925|20261009143845|902.31
1791527930|20261009143850|902.34
1791527950|20261009143910|902.41
1791527955|20261009143915|902.54
1791527960|20261009143920|902.77
1791527980|20261009143940|902.92
1791528000|20261009144000|902.85
1791528010|20261009144010|902.59
1791528015|20261009144015|902.61
1791528020|20261009144020|902.59
1791528025|20261009144025|902.53
1791528035|20261009144035|902.47
1791528045|20261009144045|902.46
1791528050|20261009144050|902.52
1791528070|20261009144110|902.56
1791528075|20261009144115|902.67
1791528080|20261009144120|902.67
1791528110|20261009144150|902.82
1791528125|20261009144205|902.89
1791528135|20261009144215|902.77
1791528140|20261009144220|902.79
1791528145|20261009144225|902.78
1791528155|20261009144235|902.86
1791528160|20261009144240|902.81
1791528165|20261009144245|902.81
1791528170|20261009144250|902.80
1791528175|20261009144255|902.89
1791528185|20261009144305|902.86
1791528190|20261009144310|902.79
1791528195|20261009144315|902.80
1791528200|20261009144320|902.82
1791528205|20261009144325|902.83
1791528220|20261009144340|902.77
1791528230|20261009144350|902.58
1791528240|20261009144400|902.66
1791528245|20261009144405|902.57
1791528300|20261009144500|902.82
1791528305|20261009144505|902.79
1791528310|20261009144510|902.77
1791528315|20261009144515|902.81
1791528320|20261009144520|902.83
1791528325|20261009144525|902.83
1791528335|20261009144535|902.90
1791528345|20261009144545|902.89
1791528350|20261009144550|902.84
1791528365|20261009144605|902.83
1791528370|20261009144610|902.84
1791528380|20261009144620|902.87
1791528385|20261009144625|902.86
1791528395|20261009144635|902.91
1791528400|20261009144640|903.02
1791528405|20261009144645|903.06
1791528430|20261009144710|902.78
1791528435|20261009144715|902.72
1791528440|20261009144720|902.71
1791528445|20261009144725|902.69
1791528455|20261009144735|902.65
1791528460|20261009144740|902.63
1791528465|20261009144745|902.64
1791528475|20261009144755|902.59
1791528485|20261009144805|902.64
1791528490|20261009144810|902.64
1791528505|20261009144825|902.64
1791528535|20261009144855|902.65
1791528545|20261009144905|902.84
1791528550|20261009144910|902.71
1791528555|20261009144915|902.76
1791528560|20261009144920|902.78
1791528565|20261009144925|902.75
1791528590|20261009144950|902.73
1791528600|20261009145000|902.73
1791528610|20261009145010|902.74
1791528620|20261009145020|902.73
1791528635|20261009145035|902.85
1791528650|20261009145050|902.88
1791528655|20261009145055|902.92
1791528665|20261009145105|902.88
1791528670|20261009145110|902.94
1791528675|20261009145115|902.94
1791528680|20261009145120|902.87
1791528685|20261009145125|902.89
1791528695|20261009145135|902.83
1791528700|20261009145140|902.86
1791528725|20261009145205|902.98
1791528730|20261009145210|902.99
1791528735|20261009145215|902.98
1791528740|20261009145220|902.97
1791528745|20261009145225|902.98
1791528785|20261009145305|903.08
1791528790|20261009145310|903.08
1791528795|20261009145315|903.11
1791528800|20261009145320|903.10
1791528805|20261009145325|903.06
1791528830|20261009145350|903.19
1791528835|20261009145355|903.22
1791528845|20261009145405|903.19
1791528850|20261009145410|903.17
1791528855|20261009145415|903.30
1791528865|20261009145425|903.25
1791528895|20261009145455|903.22
1791528910|20261009145510|903.39
1791528915|20261009145515|903.44
1791528920|20261009145520|903.51
1791528925|20261009145525|903.56
1791528935|20261009145535|903.54
1791528940|20261009145540|903.53
1791528945|20261009145545|903.47
1791528950|20261009145550|903.47
1791528955|20261009145555|903.47
1791528965|20261009145605|903.45
1791528970|20261009145610|903.45
1791528975|20261009145615|903.41
1791528980|20261009145620|903.43
1791528985|20261009145625|903.40
1791528995|20261009145635|903.37
1791529005|20261009145645|903.34
1791529025|20261009145705|903.35
1791529035|20261009145715|903.34
1791529040|20261009145720|903.35
1791529045|20261009145725|903.40
1791529060|20261009145740|903.45
1791529065|20261009145745|903.43
1791529070|20261009145750|903.36
1791529075|20261009145755|903.45
1791529085|20261009145805|903.32
1791529095|20261009145815|903.23
1791529105|20261009145825|903.28
1791529120|20261009145840|903.30
1791529125|20261009145845|903.30
1791529145|20261009145905|903.27
1791529150|20261009145910|903.35
1791529155|20261009145915|903.39
1791529160|20261009145920|903.39
1791529165|20261009145925|903.42
1791529200|20261009150000|903.34
1791529205|20261009150005|903.38
1791529210|20261009150010|903.34
1791529225|20261009150025|903.55
1791529235|20261009150035|903.70
1791529240|20261009150040|903.60
1791529245|20261009150045|903.71
1791529265|20261009150105|903.37
1791529270|20261009150110|903.31
1791529280|20261009150120|903.13
1791529315|20261009150155|903.19
1791529330|20261009150210|903.41
1791529335|20261009150215|903.35
1791529340|20261009150220|903.36
1791529355|20261009150235|903.53
1791529365|20261009150245|903.39
1791529375|20261009150255|903.38
1791529385|20261009150305|903.48
1791529390|20261009150310|903.49
1791529395|20261009150315|903.46
1791529400|20261009150320|903.23
1791529405|20261009150325|903.23
1791529415|20261009150335|903.57
1791529425|20261009150345|903.64
1791529435|20261009150355|903.71
1791529445|20261009150405|903.62
1791529450|20261009150410|903.63
1791529455|20261009150415|903.62
1791529460|20261009150420|903.72
1791529465|20261009150425|903.73
1791529505|20261009150505|903.53
1791529510|20261009150510|903.57
1791529515|20261009150515|903.53
1791529520|20261009150520|903.57
1791529525|20261009150525|903.57
1791529535|20261009150535|903.46
1791529545|20261009150545|903.43
1791529550|20261009150550|903.41
1791529555|20261009150555|903.38
1791529575|20261009150615|903.35
1791529585|20261009150625|903.25
1791529595|20261009150635|903.21
1791529600|20261009150640|903.21
1791529605|20261009150645|903.24
1791529610|20261009150650|903.25
1791529615|20261009150655|903.19
1791529630|20261009150710|903.14
1791529640|20261009150720|903.21
1791529645|20261009150725|903.24
1791529660|20261009150740|903.03
1791529685|20261009150805|902.92
1791529690|20261009150810|902.91
1791529695|20261009150815|902.93
1791529700|20261009150820|902.97
1791529705|20261009150825|902.91
1791529725|20261009150845|902.92
1791529745|20261009150905|902.97
1791529750|20261009150910|903.02
1791529755|20261009150915|902.96
1791529780|20261009150940|903.04
1791529800|20261009151000|903.15
1791529810|20261009151010|902.99
1791529815|20261009151015|903.00
1791529825|20261009151025|902.88
1791529835|20261009151035|903.01
1791529840|20261009151040|903.02
1791529845|20261009151045|903.00
1791529850|20261009151050|903.02
1791529865|20261009151105|902.94
1791529875|20261009151115|902.94
1791529880|20261009151120|903.12
1791529885|20261009151125|903.08
1791529895|20261009151135|903.13
1791529900|20261009151140|903.12
1791529905|20261009151145|903.14
1791529910|20261009151150|903.11
1791529925|20261009151205|903.11
1791529930|20261009151210|903.23
1791529935|20261009151215|903.34
1791529945|20261009151225|903.26
1791529955|20261009151235|903.07
1791529960|20261009151240|903.14
1791529965|20261009151245|903.17
1791529970|20261009151250|903.21
1791529975|20261009151255|903.16
1791529995|20261009151315|903.23
1791530000|20261009151320|903.21
1791530005|20261009151325|903.17
1791530015|20261009151335|903.09
1791530020|20261009151340|903.13
1791530025|20261009151345|903.10
1791530045|20261009151405|902.76
1791530050|20261009151410|902.85
1791530060|20261009151420|902.85
1791530065|20261009151425|902.83
1791530105|20261009151505|902.77
1791530115|20261009151515|902.85
1791530120|20261009151520|902.89
1791530149|20261009151549|902.81
1791530191|20261009151631|902.55
1791530197|20261009151637|902.42
1791530203|20261009151643|902.41
1791530209|20261009151649|902.38
1791530312|20261009151832|902.62
1791530485|20261009152125|902.45
1791530530|20261009152210|902.57
1791530535|20261009152215|902.57
1791530540|20261009152220|902.55
1791530555|20261009152235|902.36
1791530565|20261009152245|902.40
1791530570|20261009152250|902.42
1791530575|20261009152255|902.34
1791530585|20261009152305|902.23
1791530595|20261009152315|902.24
1791530600|20261009152320|902.26
1791530605|20261009152325|902.27
1791530625|20261009152345|902.29
1791530645|20261009152405|902.24
1791530655|20261009152415|902.20
1791530665|20261009152425|902.21
1791530705|20261009152505|902.51
1791530715|20261009152515|902.42
1791530720|20261009152520|902.35
1791530750|20261009152550|902.30
1791530765|20261009152605|902.06
1791530770|20261009152610|902.02
1791530775|20261009152615|902.02
1791530780|20261009152620|901.98
1791530785|20261009152625|902.18
1791530800|20261009152640|902.42
1791530805|20261009152645|902.41
1791530810|20261009152650|902.34
1791530815|20261009152655|902.38
1791530825|20261009152705|902.28
1791530830|20261009152710|902.29
1791530835|20261009152715|902.26
1791530840|20261009152720|902.29
1791530845|20261009152725|902.36
1791530850|20261009152730|902.35
1791530865|20261009152745|902.20
1791530870|20261009152750|902.15
1791530875|20261009152755|902.21
1791530885|20261009152805|902.49
1791530890|20261009152810|902.44
1791530895|20261009152815|902.37
1791530900|20261009152820|902.39
1791530905|20261009152825|902.46
1791530925|20261009152845|902.46
1791530945|20261009152905|902.71
1791530950|20261009152910|902.56
1791530955|20261009152915|902.59
1791530960|20261009152920|902.64
1791530995|20261009152955|902.74
1791531000|20261009153000|902.70
1791531005|20261009153005|902.74
1791531010|20261009153010|902.87
1791531020|20261009153020|902.94
1791531025|20261009153025|902.90
1791531035|20261009153035|902.87
1791531065|20261009153105|902.86
1791531070|20261009153110|902.80
1791531075|20261009153115|902.82
1791531085|20261009153125|902.83
1791531100|20261009153140|902.88
1791531105|20261009153145|902.81
1791531115|20261009153155|902.83
1791531125|20261009153205|902.82
1791531130|20261009153210|902.86
1791531140|20261009153220|902.89
1791531155|20261009153235|902.90
1791531160|20261009153240|902.87
1791531175|20261009153255|902.84
1791531185|20261009153305|902.82
1791531195|20261009153315|902.67
1791531200|20261009153320|902.66
1791531205|20261009153325|902.67
1791531225|20261009153345|902.71
1791531230|20261009153350|902.72
1791531235|20261009153355|902.70
1791531245|20261009153405|902.78
1791531250|20261009153410|902.76
1791531260|20261009153420|902.78
1791531310|20261009153510|902.65
1791531325|20261009153525|902.73
1791531365|20261009153605|902.41
1791531370|20261009153610|902.47
1791531375|20261009153615|902.51
1791531385|20261009153625|902.45
1791531400|20261009153640|902.42
1791531430|20261009153710|902.36
1791531435|20261009153715|902.40
1791531440|20261009153720|902.46
1791531445|20261009153725|902.50
1791531455|20261009153735|902.48
1791531460|20261009153740|902.39
1791531465|20261009153745|902.31
1791531475|20261009153755|902.29
1791531485|20261009153805|902.38
1791531490|20261009153810|902.33
1791531495|20261009153815|902.32
1791531505|20261009153825|902.17
1791531525|20261009153845|901.77
1791531535|20261009153855|901.90
1791531545|20261009153905|901.97
1791531681|20261009154121|901.72
1791531688|20261009154128|901.74
1791531700|20261009154140|901.70
1791531900|20261009154500|902.03
1791531915|20261009154515|902.02
1791531930|20261009154530|902.01
1791531940|20261009154540|901.99
1791531955|20261009154555|902.01
1791531965|20261009154605|901.96
1791531970|20261009154610|901.98
1791531975|20261009154615|901.93
1791531980|20261009154620|902.11
1791532005|20261009154645|902.16
1791532020|20261009154700|902.36
1791532045|20261009154725|902.37
1791532065|20261009154745|902.39
1791532090|20261009154810|902.40
1791532095|20261009154815|902.42
1791532100|20261009154820|902.35
1791532115|20261009154835|902.20
1791532130|20261009154850|902.16
1791532135|20261009154855|902.09
1791532145|20261009154905|902.11
1791532150|20261009154910|902.11
1791532160|20261009154920|902.08
1791532165|20261009154925|902.10
1791532205|20261009155005|902.23
1791532215|20261009155015|902.36
1791532220|20261009155020|902.35
1791532235|20261009155035|902.42
1791532250|20261009155050|902.27
1791532255|20261009155055|902.18
1791532265|20261009155105|902.08
1791532270|20261009155110|901.98
1791532275|20261009155115|901.97
1791532280|20261009155120|901.79
1791532285|20261009155125|901.84
1791532300|20261009155140|901.93
1791532305|20261009155145|901.90
1791532310|20261009155150|901.92
1791532315|20261009155155|901.90
1791532325|20261009155205|901.93
1791532335|20261009155215|901.93
1791532355|20261009155235|901.96
1791532360|20261009155240|902.00
1791532365|20261009155245|902.02
1791532370|20261009155250|902.02
1791532385|20261009155305|902.07
1791532390|20261009155310|902.06
1791532395|20261009155315|902.19
1791532405|20261009155325|902.20
1791532415|20261009155335|902.28
1791532420|20261009155340|902.24
1791532425|20261009155345|902.24
1791532445|20261009155405|902.43
1791532455|20261009155415|902.48
1791532460|20261009155420|902.52
1791532465|20261009155425|902.48
1791532505|20261009155505|902.36
1791532510|20261009155510|902.36
1791532515|20261009155515|902.34
1791532545|20261009155545|902.39
1791532550|20261009155550|902.41
1791532565|20261009155605|902.26
1791532575|20261009155615|902.20
1791532580|20261009155620|902.14
1791532585|20261009155625|902.11
1791532600|20261009155640|902.25
1791532605|20261009155645|902.24
1791532630|20261009155710|902.21
1791532635|20261009155715|902.23
1791532675|20261009155755|902.29
1791532685|20261009155805|902.38
1791532690|20261009155810|902.36
1791532695|20261009155815|902.37
1791532700|20261009155820|902.47
1791532705|20261009155825|902.45
1791532715|20261009155835|902.45
1791532720|20261009155840|902.55
1791532725|20261009155845|902.55
1791532730|20261009155850|902.56
1791532750|20261009155910|902.55
1791532755|20261009155915|902.52
1791532760|20261009155920|902.60
1791532795|20261009155955|902.60
1791532800|20261009160000|902.64
1791532805|20261009160005|902.72
1791532810|20261009160010|902.70
1791532815|20261009160015|902.70
1791532820|20261009160020|902.68
1791532825|20261009160025|902.66
1791532840|20261009160040|902.71
1791532845|20261009160045|902.55
1791532850|20261009160050|902.62
1791532865|20261009160105|902.58
1791532870|20261009160110|902.59
1791532875|20261009160115|902.60
1791532880|20261009160120|902.67
1791532885|20261009160125|902.65
1791532895|20261009160135|902.77
1791532900|20261009160140|902.96
1791532905|20261009160145|902.86
1791532910|20261009160150|902.87
1791532915|20261009160155|902.96
1791532920|20261009160200|902.97
1791532925|20261009160205|902.97
1791532930|20261009160210|902.97
1791532935|20261009160215|902.86
1791532940|20261009160220|902.92
1791532955|20261009160235|902.74
1791532960|20261009160240|902.60
1791532965|20261009160245|902.55
1791532970|20261009160250|902.60
1791532985|20261009160305|902.77
1791532990|20261009160310|902.81
1791532995|20261009160315|902.89
1791533000|20261009160320|902.88
1791533005|20261009160325|902.90
1791533020|20261009160340|902.87
1791533025|20261009160345|902.89
1791533045|20261009160405|902.57
1791533050|20261009160410|902.60
1791533055|20261009160415|902.61
1791533060|20261009160420|902.47
1791533065|20261009160425|902.55
1791533105|20261009160505|902.95
1791533110|20261009160510|902.91
1791533120|20261009160520|902.73
1791533145|20261009160545|902.97
1791533150|20261009160550|902.95
1791533170|20261009160610|902.89
1791533175|20261009160615|902.88
1791533200|20261009160640|902.91
1791533205|20261009160645|902.90
1791533210|20261009160650|902.82
1791533225|20261009160705|902.88
1791533230|20261009160710|902.93
1791533235|20261009160715|902.88
1791533240|20261009160720|903.02
1791533245|20261009160725|903.06
1791533255|20261009160735|902.86
1791533260|20261009160740|902.92
1791533265|20261009160745|902.92
1791533285|20261009160805|902.87
1791533290|20261009160810|902.89
1791533300|20261009160820|902.90
1791533305|20261009160825|902.92
1791533320|20261009160840|902.76
1791533345|20261009160905|902.75
1791533350|20261009160910|902.92
1791533360|20261009160920|902.88
1791533400|20261009161000|903.11
1791533405|20261009161005|903.12
1791533410|20261009161010|903.07
1791533415|20261009161015|903.15
1791533420|20261009161020|903.13
1791533425|20261009161025|903.10
1791533435|20261009161035|903.08
1791533440|20261009161040|903.06
1791533445|20261009161045|903.05
1791533465|20261009161105|903.10
1791533470|20261009161110|903.04
1791533475|20261009161115|902.99
1791533495|20261009161135|903.00
1791533510|20261009161150|903.02
1791533525|20261009161205|903.08
1791533535|20261009161215|903.02
1791533545|20261009161225|903.04
1791533560|20261009161240|902.99
1791533590|20261009161310|902.95
1791533595|20261009161315|902.98
1791533600|20261009161320|902.98
1791533605|20261009161325|903.00
1791533620|20261009161340|903.14
1791533625|20261009161345|903.14
1791533630|20261009161350|903.11
1791533635|20261009161355|903.08
1791533655|20261009161415|903.20
1791533660|20261009161420|903.14
1791533665|20261009161425|903.25
1791533675|20261009161435|903.36
1791533690|20261009161450|903.27
1791533705|20261009161505|903.23
1791533710|20261009161510|903.27
1791533715|20261009161515|903.32
1791533720|20261009161520|903.26
1791533725|20261009161525|903.30
1791533735|20261009161535|903.28
1791533750|20261009161550|903.20
1791533765|20261009161605|903.32
1791533770|20261009161610|903.21
1791533775|20261009161615|903.24
1791533780|20261009161620|903.20
1791533795|20261009161635|903.35
1791533800|20261009161640|903.29
1791533805|20261009161645|903.30
1791533810|20261009161650|903.34
1791533815|20261009161655|903.34
1791533830|20261009161710|903.34
1791533835|20261009161715|903.33
1791533840|20261009161720|903.24
1791533845|20261009161725|903.30
1791533855|20261009161735|903.33
1791533865|20261009161745|903.49
1791533870|20261009161750|903.49
1791533875|20261009161755|903.37
1791533885|20261009161805|903.37
1791533890|20261009161810|903.38
1791533895|20261009161815|903.38
1791533905|20261009161825|903.43
1791533915|20261009161835|903.48
1791533925|20261009161845|903.50
1791533930|20261009161850|903.82
1791533950|20261009161910|903.69
1791533955|20261009161915|903.69
1791533985|20261009161945|903.65
1791533990|20261009161950|903.62
1791534000|20261009162000|903.63
1791534005|20261009162005|903.63
1791534010|20261009162010|903.66
1791534015|20261009162015|903.62
1791534020|20261009162020|903.62
1791534070|20261009162110|903.99
1791534075|20261009162115|903.96
1791534080|20261009162120|904.02
1791534085|20261009162125|904.08
1791534090|20261009162130|904.09
1791534095|20261009162135|903.89
1791534120|20261009162200|903.82
1791534125|20261009162205|903.94
1791534130|20261009162210|903.95
1791534135|20261009162215|903.74
1791534145|20261009162225|903.64
1791534155|20261009162235|903.59
1791534170|20261009162250|903.74
1791534190|20261009162310|903.69
1791534195|20261009162315|903.63
1791534200|20261009162320|903.63
1791534205|20261009162325|903.57
1791534215|20261009162335|903.50
1791534220|20261009162340|903.39
1791534225|20261009162345|903.39
1791534230|20261009162350|903.38
1791534235|20261009162355|903.26
1791534250|20261009162410|903.27
1791534255|20261009162415|903.16
1791534265|20261009162425|903.17
1791534305|20261009162505|903.05
1791534310|20261009162510|902.99
1791534315|20261009162515|902.93
1791534325|20261009162525|902.81
1791534345|20261009162545|903.10
1791534355|20261009162555|902.96
1791534365|20261009162605|902.98
1791534375|20261009162615|902.86
1791534380|20261009162620|902.86
1791534385|20261009162625|902.75
1791534400|20261009162640|902.67
1791534405|20261009162645|902.81
1791534415|20261009162655|902.71
1791534425|20261009162705|902.95
1791534430|20261009162710|902.92
1791534435|20261009162715|902.89
1791534445|20261009162725|902.87
1791534465|20261009162745|903.11
1791534495|20261009162815|903.23
1791534604|20261009163004|903.34
1791534610|20261009163010|903.36
1791534622|20261009163022|903.24
1791534628|20261009163028|903.25
1791534725|20261009163205|902.92
1791534855|20261009163415|902.61
1791534858|20261009163418|902.55
1791534861|20261009163421|902.53
1791534864|20261009163424|902.55
1791534867|20261009163427|902.67
1791534880|20261009163440|902.58
1791534905|20261009163505|902.47
1791534930|20261009163530|902.54
1791534935|20261009163535|902.54
1791534940|20261009163540|902.46
1791534945|20261009163545|902.46
1791534950|20261009163550|902.47
1791534955|20261009163555|902.53
1791534965|20261009163605|902.61
1791534970|20261009163610|902.80
1791534975|20261009163615|902.87
1791534980|20261009163620|902.81
1791534985|20261009163625|902.93
1791534995|20261009163635|902.76
1791535000|20261009163640|902.86
1791535005|20261009163645|902.87
1791535025|20261009163705|902.61
1791535035|20261009163715|902.62
1791535045|20261009163725|902.36
1791535055|20261009163735|902.55
1791535060|20261009163740|902.54
1791535065|20261009163745|902.53
1791535070|20261009163750|902.53
1791535075|20261009163755|902.52
1791535085|20261009163805|902.54
1791535095|20261009163815|902.61
1791535100|20261009163820|902.61
1791535105|20261009163825|902.61
1791535120|20261009163840|902.54
1791535125|20261009163845|902.52
1791535130|20261009163850|902.56
1791535135|20261009163855|902.43
1791535150|20261009163910|902.44
1791535155|20261009163915|902.49
1791535165|20261009163925|902.48
1791535195|20261009163955|902.30
1791535200|20261009164000|902.27
1791535205|20261009164005|902.14
1791535210|20261009164010|902.08
1791535215|20261009164015|902.05
1791535220|20261009164020|902.03
1791535225|20261009164025|902.12
1791535235|20261009164035|902.13
1791535240|20261009164040|902.13
1791535260|20261009164100|902.04
1791535265|20261009164105|902.04
1791535270|20261009164110|901.98
1791535275|20261009164115|901.89
1791535280|20261009164120|901.90
1791535285|20261009164125|901.85
1791535295|20261009164135|901.77
1791535300|20261009164140|901.76
1791535310|20261009164150|901.77
1791535315|20261009164155|901.78
1791535325|20261009164205|901.86
1791535330|20261009164210|901.83
1791535335|20261009164215|901.78
1791535340|20261009164220|901.84
1791535360|20261009164240|901.55
1791535365|20261009164245|901.58
1791535370|20261009164250|901.58
1791535375|20261009164255|901.62
1791535400|20261009164320|901.62
1791535415|20261009164335|901.63
1791535420|20261009164340|901.75
1791535425|20261009164345|901.74
1791535430|20261009164350|901.74
1791535435|20261009164355|901.81
1791535445|20261009164405|901.76
1791535450|20261009164410|901.87
1791535455|20261009164415|901.86
1791535465|20261009164425|901.83
1791535490|20261009164450|901.90
1791535505|20261009164505|901.78
1791535510|20261009164510|901.80
1791535515|20261009164515|901.76
1791535520|20261009164520|901.78
1791535525|20261009164525|901.72
1791535535|20261009164535|901.82
1791535545|20261009164545|901.82
1791535550|20261009164550|901.81
1791535555|20261009164555|901.73
1791535565|20261009164605|901.80
1791535570|20261009164610|901.82
1791535575|20261009164615|901.81
1791535580|20261009164620|901.82
1791535585|20261009164625|901.81
1791535600|20261009164640|901.84
1791535615|20261009164655|901.80
1791535630|20261009164710|901.72
1791535635|20261009164715|901.69
1791535645|20261009164725|901.60
1791535660|20261009164740|901.79
1791535665|20261009164745|901.76
1791535670|20261009164750|901.76
1791535675|20261009164755|901.74
1791535685|20261009164805|901.84
1791535690|20261009164810|901.86
1791535720|20261009164840|901.77
1791535725|20261009164845|901.79
1791535735|20261009164855|901.78
1791535745|20261009164905|901.71
1791535750|20261009164910|901.64
1791535755|20261009164915|901.63
1791535760|20261009164920|901.62
1791535765|20261009164925|901.66
1791535815|20261009165015|901.30
1791535820|20261009165020|901.31
1791535835|20261009165035|901.19
1791535840|20261009165040|900.96
1791535845|20261009165045|901.00
1791535855|20261009165055|901.00
1791535865|20261009165105|901.11
1791535870|20261009165110|901.11
1791535875|20261009165115|901.17
1791535880|20261009165120|901.15
1791535885|20261009165125|901.14
1791535910|20261009165150|901.08
1791535915|20261009165155|901.08
1791535925|20261009165205|901.11
1791535930|20261009165210|901.16
1791535935|20261009165215|901.18
1791535940|20261009165220|901.29
1791535945|20261009165225|901.29
1791535985|20261009165305|901.33
1791535990|20261009165310|901.27
1791535995|20261009165315|901.16
1791536000|20261009165320|901.20
1791536005|20261009165325|901.18
1791536015|20261009165335|901.12
1791536020|20261009165340|901.11
1791536035|20261009165355|901.15
1791536045|20261009165405|901.30
1791536060|20261009165420|901.27
1791536065|20261009165425|901.27
1791536075|20261009165435|901.24
1791536115|20261009165515|901.24
1791536120|20261009165520|901.30
1791536125|20261009165525|901.31
1791536135|20261009165535|901.22
1791536140|20261009165540|901.20
1791536150|20261009165550|901.21
1791536165|20261009165605|901.33
1791536175|20261009165615|901.31
1791536180|20261009165620|901.37
1791536205|20261009165645|901.25
1791536215|20261009165655|901.29
1791536225|20261009165705|901.09
1791536230|20261009165710|901.05
1791536235|20261009165715|901.04
1791536240|20261009165720|901.05
1791536255|20261009165735|901.17
1791536260|20261009165740|901.07
1791536265|20261009165745|901.17
1791536270|20261009165750|901.17
1791536275|20261009165755|901.19
1791536285|20261009165805|901.27
1791536290|20261009165810|901.29
1791536295|20261009165815|901.29
1791536300|20261009165820|901.30
1791536305|20261009165825|901.30
1791536315|20261009165835|901.29
1791536325|20261009165845|901.33
1791536335|20261009165855|901.35
1791536359|20261009165919|901.29
1791536365|20261009165925|901.26
1791536400|20261009170000|901.12
1791536425|20261009170025|901.00
1791536445|20261009170045|900.80
1791536450|20261009170050|900.81
1791536455|20261009170055|900.85
1791536465|20261009170105|900.82
1791536475|20261009170115|900.78
1791536480|20261009170120|900.79
1791536485|20261009170125|900.78
1791536500|20261009170140|900.78
1791536545|20261009170225|900.63
1791536555|20261009170235|900.60
1791536560|20261009170240|900.62
1791536565|20261009170245|900.78
1791536570|20261009170250|900.81
1791536590|20261009170310|900.69
1791536595|20261009170315|900.75
1791536600|20261009170320|900.69
1791536605|20261009170325|900.72
1791536615|20261009170335|900.72
1791536625|20261009170345|900.73
1791536630|20261009170350|900.71
1791536645|20261009170405|900.87
1791536650|20261009170410|900.85
1791536660|20261009170420|900.87
1791536700|20261009170500|900.66
1791536705|20261009170505|900.68
1791536715|20261009170515|900.76
1791536720|20261009170520|900.77
1791536725|20261009170525|900.77
1791536735|20261009170535|900.71
1791536745|20261009170545|900.79
1791536755|20261009170555|900.82
1791536760|20261009170600|900.81
1791536765|20261009170605|900.80
1791536770|20261009170610|900.80
1791536780|20261009170620|900.78
1791536785|20261009170625|900.80
1791536795|20261009170635|900.93
1791536805|20261009170645|900.90
1791536825|20261009170705|900.68
1791536830|20261009170710|900.80
1791536835|20261009170715|900.80
1791536840|20261009170720|900.75
1791536855|20261009170735|900.77
1791536860|20261009170740|900.78
1791536865|20261009170745|900.83
1791536870|20261009170750|900.87
1791536885|20261009170805|900.91
1791536890|20261009170810|900.87
1791536895|20261009170815|900.89
1791536900|20261009170820|900.92
1791536915|20261009170835|900.97
1791536920|20261009170840|900.95
1791536925|20261009170845|900.91
1791536930|20261009170850|900.83
1791536945|20261009170905|900.79
1791536955|20261009170915|900.74
1791536960|20261009170920|900.79
1791537010|20261009171010|900.66
1791537015|20261009171015|900.61
1791537020|20261009171020|900.63
1791537025|20261009171025|900.69
1791537040|20261009171040|900.75
1791537045|20261009171045|900.69
1791537050|20261009171050|900.63
1791537055|20261009171055|900.62
1791537065|20261009171105|900.56
1791537070|20261009171110|900.62
1791537075|20261009171115|900.58
1791537080|20261009171120|900.59
1791537085|20261009171125|900.58
1791537100|20261009171140|900.62
1791537105|20261009171145|900.58
1791537110|20261009171150|900.59
1791537115|20261009171155|900.62
1791537125|20261009171205|900.67
1791537130|20261009171210|900.68
1791537135|20261009171215|900.69
1791537140|20261009171220|900.68
1791537155|20261009171235|900.68
1791537165|20261009171245|900.70
1791537175|20261009171255|900.70
1791537185|20261009171305|900.74
1791537190|20261009171310|900.75
1791537195|20261009171315|900.73
1791537200|20261009171320|900.72
1791537205|20261009171325|900.69
1791537230|20261009171350|900.61
1791537265|20261009171425|900.59
1791537305|20261009171505|900.60
1791537310|20261009171510|900.58
1791537315|20261009171515|900.58
1791537320|20261009171520|900.58
1791537325|20261009171525|900.55
1791537340|20261009171540|900.62
1791537345|20261009171545|900.56
1791537350|20261009171550|900.57
1791537365|20261009171605|900.54
1791537370|20261009171610|900.50
1791537375|20261009171615|900.56
1791537380|20261009171620|900.65
1791537395|20261009171635|900.76
1791537400|20261009171640|900.65
1791537405|20261009171645|900.66
1791537410|20261009171650|900.64
1791537415|20261009171655|900.65
1791537425|20261009171705|900.56
1791537430|20261009171710|900.58
1791537435|20261009171715|900.58
1791537440|20261009171720|900.61
1791537500|20261009171820|900.61
