1788278400|20260902000000|944.91
1788278405|20260902000005|944.90
1788278410|20260902000010|944.86
1788278415|20260902000015|944.95
1788278420|20260902000020|944.93
1788278425|20260902000025|944.93
1788278435|20260902000035|945.04
1788278440|20260902000040|945.07
1788278450|20260902000050|945.19
1788278455|20260902000055|945.23
1788278460|20260902000100|945.07
1788278465|20260902000105|944.96
1788278475|20260902000115|944.79
1788278480|20260902000120|944.85
1788278485|20260902000125|944.92
1788278495|20260902000135|944.80
1788278500|20260902000140|944.83
1788278505|20260902000145|944.90
1788278510|20260902000150|944.99
1788278515|20260902000155|944.90
1788278525|20260902000205|944.75
1788278530|20260902000210|944.75
1788278535|20260902000215|944.65
1788278540|20260902000220|944.80
1788278545|20260902000225|944.82
1788278555|20260902000235|944.95
1788278560|20260902000240|944.94
1788278565|20260902000245|944.82
1788278570|20260902000250|944.64
1788278575|20260902000255|944.81
1788278585|20260902000305|944.77
1788278590|20260902000310|944.77
1788278595|20260902000315|944.79
1788278600|20260902000320|944.82
1788278605|20260902000325|944.99
1788278615|20260902000335|944.71
1788278620|20260902000340|944.70
1788278625|20260902000345|944.76
1788278630|20260902000350|944.83
1788278635|20260902000355|944.78
1788278645|20260902000405|944.66
1788278655|20260902000415|944.66
1788278660|20260902000420|944.67
1788278665|20260902000425|944.64
1788278700|20260902000500|944.69
1788278705|20260902000505|944.71
1788278710|20260902000510|944.81
1788278715|20260902000515|944.84
1788278720|20260902000520|944.85
1788278725|20260902000525|944.73
1788278735|20260902000535|944.98
1788278745|20260902000545|944.90
1788278750|20260902000550|944.77
1788278755|20260902000555|944.75
1788278765|20260902000605|944.77
1788278770|20260902000610|944.77
1788278775|20260902000615|944.81
1788278780|20260902000620|944.84
1788278785|20260902000625|944.80
1788278795|20260902000635|944.82
1788278800|20260902000640|944.46
1788278805|20260902000645|944.35
1788278810|20260902000650|944.38
1788278815|20260902000655|944.29
1788278830|20260902000710|944.27
1788278835|20260902000715|944.45
1788278840|20260902000720|944.42
1788278855|20260902000735|944.39
1788278860|20260902000740|944.37
1788278865|20260902000745|944.22
1788278875|20260902000755|944.26
1788278885|20260902000805|944.34
1788278890|20260902000810|944.35
1788278895|20260902000815|944.28
1788278900|20260902000820|944.35
1788278905|20260902000825|944.19
1788278915|20260902000835|944.18
1788278925|20260902000845|944.13
1788278930|20260902000850|944.05
1788278935|20260902000855|944.00
1788278945|20260902000905|944.22
1788278950|20260902000910|944.17
1788278955|20260902000915|944.16
1788278960|20260902000920|944.10
1788278965|20260902000925|944.11
1788279000|20260902001000|943.90
1788279005|20260902001005|943.85
1788279010|20260902001010|943.74
1788279015|20260902001015|943.62
1788279025|20260902001025|943.57
1788279035|20260902001035|943.84
1788279040|20260902001040|943.91
1788279045|20260902001045|943.90
1788279050|20260902001050|943.81
1788279055|20260902001055|943.92
1788279065|20260902001105|943.88
1788279070|20260902001110|943.76
1788279075|20260902001115|943.85
1788279080|20260902001120|943.81
1788279085|20260902001125|943.82
1788279095|20260902001135|943.67
1788279100|20260902001140|943.56
1788279105|20260902001145|943.52
1788279110|20260902001150|943.35
1788279115|20260902001155|943.41
1788279125|20260902001205|943.27
1788279130|20260902001210|943.23
1788279135|20260902001215|943.20
1788279140|20260902001220|943.27
1788279145|20260902001225|943.25
1788279155|20260902001235|943.34
1788279160|20260902001240|943.45
1788279165|20260902001245|943.48
1788279170|20260902001250|943.43
1788279175|20260902001255|943.42
1788279185|20260902001305|943.25
1788279190|20260902001310|943.21
1788279195|20260902001315|943.42
1788279200|20260902001320|943.37
1788279205|20260902001325|943.39
1788279215|20260902001335|943.44
1788279220|20260902001340|943.43
1788279230|20260902001350|943.36
1788279235|20260902001355|943.36
1788279245|20260902001405|943.41
1788279255|20260902001415|943.21
1788279260|20260902001420|943.15
1788279265|20260902001425|943.05
1788279305|20260902001505|942.61
1788279310|20260902001510|942.71
1788279315|20260902001515|942.75
1788279320|20260902001520|942.90
1788279325|20260902001525|942.84
1788279335|20260902001535|942.87
1788279340|20260902001540|943.13
1788279345|20260902001545|943.16
1788279350|20260902001550|943.35
1788279355|20260902001555|943.19
1788279365|20260902001605|942.88
1788279370|20260902001610|942.93
1788279375|20260902001615|942.76
1788279380|20260902001620|942.76
1788279385|20260902001625|942.74
1788279395|20260902001635|942.79
1788279400|20260902001640|942.56
1788279405|20260902001645|942.71
1788279410|20260902001650|942.78
1788279415|20260902001655|942.88
1788279425|20260902001705|942.90
1788279430|20260902001710|942.91
1788279435|20260902001715|942.79
1788279440|20260902001720|942.85
1788279445|20260902001725|942.73
1788279455|20260902001735|942.44
1788279460|20260902001740|942.25
1788279465|20260902001745|942.28
1788279470|20260902001750|942.44
1788279475|20260902001755|942.49
1788279485|20260902001805|942.26
1788279490|20260902001810|942.13
1788279495|20260902001815|942.13
1788279515|20260902001835|942.07
1788279525|20260902001845|941.90
1788279530|20260902001850|942.12
1788279535|20260902001855|942.12
1788279540|20260902001900|942.04
1788279545|20260902001905|942.07
1788279550|20260902001910|942.13
1788279555|20260902001915|942.06
1788279560|20260902001920|941.98
1788279565|20260902001925|942.06
1788279605|20260902002005|941.65
1788279610|20260902002010|941.68
1788279615|20260902002015|941.43
1788279620|20260902002020|941.33
1788279625|20260902002025|941.35
1788279635|20260902002035|941.36
1788279640|20260902002040|941.50
1788279645|20260902002045|941.46
1788279650|20260902002050|941.46
1788279655|20260902002055|941.39
1788279665|20260902002105|941.46
1788279680|20260902002120|941.51
1788279685|20260902002125|941.31
1788279700|20260902002140|941.52
1788279705|20260902002145|941.52
1788279710|20260902002150|941.49
1788279715|20260902002155|941.48
1788279720|20260902002200|941.47
1788279725|20260902002205|941.51
1788279730|20260902002210|941.47
1788279735|20260902002215|941.38
1788279740|20260902002220|941.27
1788279755|20260902002235|941.45
1788279760|20260902002240|941.39
1788279765|20260902002245|941.47
1788279770|20260902002250|941.27
1788279775|20260902002255|941.39
1788279785|20260902002305|941.23
1788279795|20260902002315|941.46
1788279800|20260902002320|941.47
1788279805|20260902002325|941.52
1788279815|20260902002335|941.49
1788279820|20260902002340|941.69
1788279825|20260902002345|941.69
1788279830|20260902002350|941.56
1788279835|20260902002355|941.65
1788279845|20260902002405|941.59
1788279850|20260902002410|941.56
1788279855|20260902002415|941.37
1788279860|20260902002420|941.41
1788279865|20260902002425|941.46
1788279900|20260902002500|941.73
1788279905|20260902002505|941.77
1788279915|20260902002515|941.80
1788279920|20260902002520|941.76
1788279925|20260902002525|941.72
1788279935|20260902002535|941.48
1788279940|20260902002540|941.47
1788279950|20260902002550|941.57
1788279955|20260902002555|941.71
1788279960|20260902002600|941.67
1788279965|20260902002605|941.63
1788279970|20260902002610|941.56
1788279975|20260902002615|941.52
1788279980|20260902002620|941.48
1788279985|20260902002625|941.24
1788279995|20260902002635|941.31
1788280000|20260902002640|941.47
1788280005|20260902002645|941.51
1788280015|20260902002655|941.62
1788280025|20260902002705|941.04
1788280030|20260902002710|941.27
1788280035|20260902002715|940.88
1788280045|20260902002725|940.90
1788280055|20260902002735|940.84
1788280060|20260902002740|940.85
1788280065|20260902002745|940.84
1788280070|20260902002750|940.76
1788280075|20260902002755|940.79
1788280085|20260902002805|940.89
1788280095|20260902002815|940.71
1788280100|20260902002820|940.74
1788280115|20260902002835|940.78
1788280120|20260902002840|940.83
1788280125|20260902002845|940.98
1788280130|20260902002850|940.85
1788280135|20260902002855|940.80
1788280145|20260902002905|940.61
1788280150|20260902002910|940.60
1788280155|20260902002915|940.92
1788280160|20260902002920|940.82
1788280165|20260902002925|940.87
1788280190|20260902002950|940.54
1788280205|20260902003005|940.18
1788280210|20260902003010|940.20
1788280215|20260902003015|940.14
1788280220|20260902003020|940.09
1788280225|20260902003025|940.02
1788280235|20260902003035|940.43
1788280240|20260902003040|940.32
1788280245|20260902003045|940.37
1788280250|20260902003050|940.16
1788280255|20260902003055|940.12
1788280260|20260902003100|940.12
1788280270|20260902003110|939.97
1788280275|20260902003115|939.63
1788280305|20260902003145|939.80
1788280320|20260902003200|939.70
1788280325|20260902003205|939.69
1788280340|20260902003220|939.60
1788280345|20260902003225|939.73
1788280355|20260902003235|940.10
1788280360|20260902003240|939.99
1788280370|20260902003250|939.97
1788280375|20260902003255|939.91
1788280380|20260902003300|939.63
1788280385|20260902003305|939.49
1788280390|20260902003310|939.69
1788280395|20260902003315|940.03
1788280405|20260902003325|940.20
1788280415|20260902003335|940.01
1788280425|20260902003345|939.97
1788280430|20260902003350|939.98
1788280450|20260902003410|939.93
1788280455|20260902003415|940.09
1788280460|20260902003420|939.90
1788280465|20260902003425|939.70
1788280475|20260902003435|939.65
1788280480|20260902003440|939.68
1788280500|20260902003500|939.65
1788280505|20260902003505|939.66
1788280510|20260902003510|939.79
1788280515|20260902003515|939.79
1788280520|20260902003520|939.86
1788280525|20260902003525|939.85
1788280535|20260902003535|939.64
1788280540|20260902003540|939.72
1788280545|20260902003545|939.71
1788280550|20260902003550|939.74
1788280555|20260902003555|939.79
1788280560|20260902003600|939.95
1788280565|20260902003605|939.95
1788280575|20260902003615|939.70
1788280585|20260902003625|939.38
1788280595|20260902003635|940.11
1788280600|20260902003640|940.13
1788280610|20260902003650|940.18
1788280620|20260902003700|940.19
1788280625|20260902003705|940.15
1788280630|20260902003710|940.13
1788280635|20260902003715|940.27
1788280640|20260902003720|940.27
1788280645|20260902003725|940.20
1788280660|20260902003740|940.36
1788280670|20260902003750|940.35
1788280680|20260902003800|940.38
1788280685|20260902003805|940.53
1788280690|20260902003810|940.57
1788280695|20260902003815|940.71
1788280700|20260902003820|940.61
1788280705|20260902003825|940.73
1788280715|20260902003835|940.77
1788280720|20260902003840|940.75
1788280725|20260902003845|940.74
1788280730|20260902003850|940.88
1788280735|20260902003855|940.90
1788280740|20260902003900|940.88
1788280745|20260902003905|940.66
1788280750|20260902003910|940.68
1788280755|20260902003915|940.75
1788280760|20260902003920|940.74
1788280765|20260902003925|940.73
1788280810|20260902004010|941.21
1788280815|20260902004015|941.21
1788280820|20260902004020|941.03
1788280825|20260902004025|941.12
1788280835|20260902004035|941.17
1788280840|20260902004040|941.34
1788280845|20260902004045|941.30
1788280850|20260902004050|941.30
1788280855|20260902004055|941.26
1788280860|20260902004100|941.05
1788280880|20260902004120|941.14
1788280885|20260902004125|941.46
1788280895|20260902004135|941.52
1788280900|20260902004140|941.49
1788280905|20260902004145|941.58
1788280910|20260902004150|941.56
1788280915|20260902004155|941.53
1788280920|20260902004200|941.60
1788280930|20260902004210|941.54
1788280935|20260902004215|941.47
1788280940|20260902004220|941.44
1788280955|20260902004235|940.95
1788280960|20260902004240|940.89
1788280965|20260902004245|940.85
1788280975|20260902004255|940.65
1788280980|20260902004300|940.68
1788280985|20260902004305|940.54
1788280990|20260902004310|940.51
1788280995|20260902004315|940.51
1788281000|20260902004320|940.59
1788281005|20260902004325|940.67
1788281015|20260902004335|940.83
1788281020|20260902004340|941.05
1788281025|20260902004345|941.04
1788281030|20260902004350|941.00
1788281035|20260902004355|941.00
1788281040|20260902004400|941.06
1788281045|20260902004405|941.07
1788281050|20260902004410|941.12
1788281055|20260902004415|941.16
1788281060|20260902004420|941.12
1788281065|20260902004425|941.09
1788281100|20260902004500|940.83
1788281105|20260902004505|941.33
1788281120|20260902004520|941.28
1788281125|20260902004525|941.24
1788281135|20260902004535|941.25
1788281145|20260902004545|941.29
1788281150|20260902004550|941.34
1788281155|20260902004555|941.51
1788281160|20260902004600|941.51
1788281165|20260902004605|941.48
1788281170|20260902004610|941.37
1788281175|20260902004615|941.38
1788281180|20260902004620|941.44
1788281185|20260902004625|941.56
1788281195|20260902004635|941.48
1788281200|20260902004640|941.40
1788281205|20260902004645|941.39
1788281210|20260902004650|941.28
1788281215|20260902004655|941.35
1788281225|20260902004705|941.35
1788281230|20260902004710|941.36
1788281235|20260902004715|941.41
1788281240|20260902004720|941.50
1788281245|20260902004725|941.65
1788281255|20260902004735|941.74
1788281260|20260902004740|941.71
1788281265|20260902004745|941.37
1788281270|20260902004750|941.47
1788281275|20260902004755|941.44
1788281280|20260902004800|941.25
1788281285|20260902004805|941.30
1788281290|20260902004810|941.20
1788281300|20260902004820|941.33
1788281315|20260902004835|941.38
1788281320|20260902004840|941.32
1788281325|20260902004845|941.38
1788281330|20260902004850|941.37
1788281335|20260902004855|941.49
1788281345|20260902004905|941.48
1788281355|20260902004915|941.49
1788281360|20260902004920|941.49
1788281405|20260902005005|941.48
1788281410|20260902005010|941.42
1788281415|20260902005015|941.56
1788281420|20260902005020|941.56
1788281425|20260902005025|941.63
1788281435|20260902005035|941.55
1788281440|20260902005040|941.52
1788281445|20260902005045|941.57
1788281450|20260902005050|941.58
1788281455|20260902005055|941.56
1788281465|20260902005105|941.68
1788281470|20260902005110|941.67
1788281475|20260902005115|941.65
1788281480|20260902005120|941.68
1788281485|20260902005125|941.58
1788281495|20260902005135|941.55
1788281500|20260902005140|941.46
1788281505|20260902005145|941.33
1788281510|20260902005150|941.31
1788281515|20260902005155|941.21
1788281520|20260902005200|941.17
1788281525|20260902005205|941.18
1788281530|20260902005210|941.18
1788281535|20260902005215|941.28
1788281540|20260902005220|941.28
1788281555|20260902005235|941.02
1788281560|20260902005240|941.02
1788281570|20260902005250|941.16
1788281575|20260902005255|941.18
1788281580|20260902005300|941.16
1788281585|20260902005305|941.16
1788281590|20260902005310|941.15
1788281595|20260902005315|941.14
1788281600|20260902005320|941.14
1788281605|20260902005325|941.19
1788281620|20260902005340|940.79
1788281630|20260902005350|941.01
1788281635|20260902005355|940.94
1788281645|20260902005405|940.81
1788281650|20260902005410|940.86
1788281655|20260902005415|940.90
1788281660|20260902005420|940.90
1788281665|20260902005425|940.95
1788281675|20260902005435|941.00
1788281690|20260902005450|941.26
1788281695|20260902005455|941.11
1788281700|20260902005500|941.10
1788281705|20260902005505|941.09
1788281710|20260902005510|941.07
1788281715|20260902005515|941.11
1788281720|20260902005520|941.13
1788281725|20260902005525|941.21
1788281735|20260902005535|941.19
1788281740|20260902005540|941.17
1788281745|20260902005545|941.09
1788281755|20260902005555|941.09
1788281760|20260902005600|941.11
1788281765|20260902005605|940.90
1788281770|20260902005610|940.94
1788281775|20260902005615|940.99
1788281780|20260902005620|940.92
1788281785|20260902005625|940.88
1788281795|20260902005635|940.80
1788281800|20260902005640|940.82
1788281805|20260902005645|940.78
1788281810|20260902005650|940.82
1788281830|20260902005710|940.93
1788281840|20260902005720|940.97
1788281845|20260902005725|940.84
1788281855|20260902005735|940.85
1788281860|20260902005740|940.88
1788281865|20260902005745|940.91
1788281870|20260902005750|940.92
1788281875|20260902005755|940.91
1788281890|20260902005810|940.96
1788281895|20260902005815|941.09
1788281900|20260902005820|941.13
1788281915|20260902005835|941.00
1788281920|20260902005840|940.98
1788281925|20260902005845|940.97
1788281930|20260902005850|940.92
1788281945|20260902005905|940.91
1788281950|20260902005910|940.84
1788281965|20260902005925|940.51
1788282005|20260902010005|940.28
1788282010|20260902010010|940.34
1788282015|20260902010015|940.06
1788282020|20260902010020|939.98
1788282025|20260902010025|939.97
1788282040|20260902010040|940.22
1788282045|20260902010045|940.20
1788282050|20260902010050|940.25
1788282055|20260902010055|940.10
1788282060|20260902010100|940.07
1788282065|20260902010105|940.02
1788282070|20260902010110|940.04
1788282085|20260902010125|940.10
1788282095|20260902010135|939.74
1788282105|20260902010145|939.90
1788282110|20260902010150|940.04
1788282115|20260902010155|939.88
1788282130|20260902010210|939.68
1788282135|20260902010215|939.70
1788282140|20260902010220|939.70
1788282155|20260902010235|939.70
1788282160|20260902010240|939.55
1788282170|20260902010250|939.63
1788282185|20260902010305|939.73
1788282190|20260902010310|939.75
1788282195|20260902010315|939.73
1788282200|20260902010320|939.84
1788282205|20260902010325|939.85
1788282215|20260902010335|939.81
1788282220|20260902010340|939.62
1788282225|20260902010345|939.44
1788282230|20260902010350|939.43
1788282235|20260902010355|939.47
1788282245|20260902010405|939.47
1788282255|20260902010415|939.45
1788282260|20260902010420|939.43
1788282305|20260902010505|939.17
1788282315|20260902010515|939.26
1788282320|20260902010520|939.30
1788282335|20260902010535|939.12
1788282340|20260902010540|939.12
1788282345|20260902010545|939.25
1788282350|20260902010550|939.29
1788282355|20260902010555|939.37
1788282365|20260902010605|939.36
1788282370|20260902010610|939.33
1788282375|20260902010615|939.16
1788282385|20260902010625|939.23
1788282395|20260902010635|939.21
1788282400|20260902010640|939.20
1788282405|20260902010645|939.23
1788282410|20260902010650|939.21
1788282415|20260902010655|939.25
1788282425|20260902010705|939.20
1788282430|20260902010710|939.15
1788282435|20260902010715|939.07
1788282440|20260902010720|939.00
1788282455|20260902010735|939.08
1788282460|20260902010740|939.09
1788282465|20260902010745|939.05
1788282470|20260902010750|939.06
1788282475|20260902010755|939.06
1788282485|20260902010805|938.85
1788282490|20260902010810|938.83
1788282495|20260902010815|938.83
1788282500|20260902010820|938.83
1788282515|20260902010835|939.21
1788282520|20260902010840|939.18
1788282525|20260902010845|939.16
1788282530|20260902010850|939.18
1788282535|20260902010855|939.17
1788282545|20260902010905|939.04
1788282550|20260902010910|939.07
1788282555|20260902010915|939.15
1788282560|20260902010920|939.22
1788282600|20260902011000|939.10
1788282605|20260902011005|939.14
1788282610|20260902011010|939.20
1788282615|20260902011015|939.21
1788282620|20260902011020|939.17
1788282625|20260902011025|939.26
1788282640|20260902011040|939.13
1788282645|20260902011045|939.07
1788282650|20260902011050|938.97
1788282655|20260902011055|938.94
1788282665|20260902011105|938.98
1788282670|20260902011110|938.97
1788282675|20260902011115|938.88
1788282680|20260902011120|938.92
1788282685|20260902011125|938.98
1788282695|20260902011135|938.82
1788282700|20260902011140|938.73
1788282705|20260902011145|938.86
1788282715|20260902011155|938.94
1788282725|20260902011205|938.83
1788282730|20260902011210|938.87
1788282735|20260902011215|938.89
1788282740|20260902011220|938.90
1788282745|20260902011225|939.04
1788282760|20260902011240|939.12
1788282765|20260902011245|939.14
1788282770|20260902011250|939.15
1788282775|20260902011255|939.21
1788282785|20260902011305|939.21
1788282790|20260902011310|939.20
1788282795|20260902011315|939.22
1788282800|20260902011320|939.04
1788282805|20260902011325|939.13
1788282815|20260902011335|939.08
1788282820|20260902011340|939.08
1788282825|20260902011345|939.14
1788282830|20260902011350|939.16
1788282835|20260902011355|939.10
1788282845|20260902011405|939.03
1788282850|20260902011410|939.04
1788282855|20260902011415|939.03
1788282860|20260902011420|939.07
1788282865|20260902011425|939.05
1788282905|20260902011505|939.16
1788282910|20260902011510|939.16
1788282915|20260902011515|939.10
1788282920|20260902011520|939.16
1788282935|20260902011535|939.58
1788282940|20260902011540|939.57
1788282945|20260902011545|939.60
1788282950|20260902011550|939.61
1788282955|20260902011555|939.46
1788282965|20260902011605|939.40
1788282970|20260902011610|939.39
1788282975|20260902011615|939.40
1788282980|20260902011620|939.44
1788282995|20260902011635|939.31
1788283000|20260902011640|938.98
1788283010|20260902011650|939.10
1788283015|20260902011655|939.09
1788283025|20260902011705|938.91
1788283030|20260902011710|938.95
1788283035|20260902011715|938.92
1788283040|20260902011720|938.86
1788283045|20260902011725|938.90
1788283055|20260902011735|938.98
1788283060|20260902011740|938.98
1788283065|20260902011745|939.06
1788283070|20260902011750|939.06
1788283075|20260902011755|939.05
1788283080|20260902011800|938.82
1788283085|20260902011805|938.83
1788283090|20260902011810|938.90
1788283095|20260902011815|938.88
1788283100|20260902011820|938.97
1788283105|20260902011825|939.10
1788283115|20260902011835|938.80
1788283120|20260902011840|938.73
1788283125|20260902011845|938.88
1788283130|20260902011850|938.99
1788283135|20260902011855|938.93
1788283145|20260902011905|938.83
1788283150|20260902011910|938.76
1788283155|20260902011915|938.77
1788283160|20260902011920|938.79
1788283165|20260902011925|938.76
1788283205|20260902012005|939.26
1788283210|20260902012010|939.21
1788283215|20260902012015|939.18
1788283220|20260902012020|939.20
1788283225|20260902012025|939.32
1788283235|20260902012035|939.41
1788283240|20260902012040|939.27
1788283250|20260902012050|939.39
1788283255|20260902012055|939.37
1788283265|20260902012105|939.11
1788283270|20260902012110|938.93
1788283275|20260902012115|938.97
1788283280|20260902012120|938.91
1788283295|20260902012135|938.92
1788283300|20260902012140|938.92
1788283305|20260902012145|939.01
1788283325|20260902012205|938.99
1788283330|20260902012210|939.01
1788283335|20260902012215|938.94
1788283340|20260902012220|938.93
1788283345|20260902012225|938.88
1788283355|20260902012235|939.04
1788283360|20260902012240|939.04
1788283370|20260902012250|939.09
1788283375|20260902012255|939.02
1788283385|20260902012305|939.06
1788283390|20260902012310|939.09
1788283395|20260902012315|939.09
1788283400|20260902012320|939.15
1788283405|20260902012325|939.07
1788283415|20260902012335|939.11
1788283425|20260902012345|938.95
1788283430|20260902012350|938.97
1788283435|20260902012355|939.05
1788283445|20260902012405|939.19
1788283450|20260902012410|939.20
1788283455|20260902012415|939.14
1788283460|20260902012420|939.14
1788283465|20260902012425|939.20
1788283505|20260902012505|939.27
1788283515|20260902012515|939.34
1788283520|20260902012520|939.31
1788283540|20260902012540|939.59
1788283545|20260902012545|939.55
1788283550|20260902012550|938.65
1788283555|20260902012555|938.78
1788283565|20260902012605|938.73
1788283570|20260902012610|938.98
1788283575|20260902012615|938.97
1788283580|20260902012620|938.77
1788283585|20260902012625|938.85
1788283595|20260902012635|938.89
1788283600|20260902012640|938.89
1788283605|20260902012645|939.06
1788283610|20260902012650|939.03
1788283615|20260902012655|938.76
1788283625|20260902012705|938.67
1788283630|20260902012710|938.72
1788283635|20260902012715|938.72
1788283640|20260902012720|938.99
1788283645|20260902012725|938.97
1788283660|20260902012740|938.98
1788283665|20260902012745|938.72
1788283670|20260902012750|938.89
1788283675|20260902012755|938.93
1788283685|20260902012805|939.05
1788283690|20260902012810|939.11
1788283695|20260902012815|939.00
1788283700|20260902012820|938.84
1788283705|20260902012825|938.85
1788283715|20260902012835|938.75
1788283720|20260902012840|938.82
1788283730|20260902012850|938.92
1788283735|20260902012855|939.05
1788283745|20260902012905|939.56
1788283750|20260902012910|939.44
1788283755|20260902012915|939.55
1788283760|20260902012920|939.53
1788283765|20260902012925|939.54
1788283780|20260902012940|939.49
1788283800|20260902013000|939.81
1788283805|20260902013005|940.04
1788283810|20260902013010|940.00
1788283815|20260902013015|939.85
1788283820|20260902013020|939.90
1788283825|20260902013025|939.88
1788283835|20260902013035|940.04
1788283840|20260902013040|940.15
1788283845|20260902013045|940.29
1788283855|20260902013055|940.06
1788283865|20260902013105|940.09
1788283870|20260902013110|940.16
1788283875|20260902013115|940.16
1788283880|20260902013120|940.17
1788283885|20260902013125|940.19
1788283895|20260902013135|940.17
1788283900|20260902013140|940.14
1788283905|20260902013145|940.19
1788283910|20260902013150|940.18
1788283935|20260902013215|940.13
1788283940|20260902013220|940.05
1788283945|20260902013225|940.14
1788283960|20260902013240|939.88
1788283970|20260902013250|939.95
1788283975|20260902013255|939.91
1788283985|20260902013305|939.84
1788283990|20260902013310|939.84
1788283995|20260902013315|939.77
1788284000|20260902013320|939.87
1788284005|20260902013325|939.96
1788284015|20260902013335|940.04
1788284020|20260902013340|939.97
1788284030|20260902013350|939.82
1788284035|20260902013355|939.70
1788284050|20260902013410|939.43
1788284055|20260902013415|939.55
1788284060|20260902013420|939.51
1788284065|20260902013425|939.62
1788284080|20260902013440|939.64
1788284100|20260902013500|939.47
1788284105|20260902013505|939.67
1788284110|20260902013510|939.81
1788284120|20260902013520|939.82
1788284125|20260902013525|939.87
1788284140|20260902013540|940.08
1788284155|20260902013555|939.85
1788284160|20260902013600|939.89
1788284165|20260902013605|939.88
1788284170|20260902013610|939.87
1788284175|20260902013615|939.83
1788284180|20260902013620|939.83
1788284185|20260902013625|939.63
1788284195|20260902013635|939.72
1788284200|20260902013640|939.70
1788284205|20260902013645|939.90
1788284215|20260902013655|939.85
1788284225|20260902013705|939.78
1788284230|20260902013710|939.81
1788284235|20260902013715|939.54
1788284240|20260902013720|939.45
1788284245|20260902013725|939.45
1788284255|20260902013735|939.59
1788284260|20260902013740|939.57
1788284265|20260902013745|939.42
1788284270|20260902013750|939.44
1788284275|20260902013755|939.49
1788284280|20260902013800|939.55
1788284285|20260902013805|939.51
1788284290|20260902013810|939.53
1788284295|20260902013815|939.54
1788284305|20260902013825|939.58
1788284315|20260902013835|939.53
1788284320|20260902013840|939.61
1788284325|20260902013845|939.63
1788284330|20260902013850|939.61
1788284335|20260902013855|939.63
1788284345|20260902013905|939.40
1788284355|20260902013915|939.43
1788284360|20260902013920|939.40
1788284415|20260902014015|939.21
1788284420|20260902014020|939.21
1788284425|20260902014025|939.21
1788284435|20260902014035|939.07
1788284440|20260902014040|938.95
1788284445|20260902014045|938.90
1788284450|20260902014050|938.66
1788284455|20260902014055|938.65
1788284460|20260902014100|938.66
1788284465|20260902014105|938.58
1788284470|20260902014110|938.56
1788284475|20260902014115|938.42
1788284485|20260902014125|938.62
1788284500|20260902014140|938.75
1788284505|20260902014145|938.88
1788284510|20260902014150|938.80
1788284515|20260902014155|938.68
1788284520|20260902014200|938.75
1788284525|20260902014205|938.75
1788284530|20260902014210|938.77
1788284535|20260902014215|938.69
1788284540|20260902014220|938.72
1788284545|20260902014225|938.73
1788284560|20260902014240|938.66
1788284565|20260902014245|938.81
1788284570|20260902014250|938.84
1788284585|20260902014305|938.81
1788284590|20260902014310|938.81
1788284595|20260902014315|938.73
1788284600|20260902014320|938.72
1788284620|20260902014340|938.55
1788284630|20260902014350|938.44
1788284635|20260902014355|938.47
1788284650|20260902014410|938.55
1788284655|20260902014415|938.52
1788284660|20260902014420|938.54
1788284665|20260902014425|938.60
1788284700|20260902014500|938.72
1788284705|20260902014505|938.67
1788284710|20260902014510|938.62
1788284715|20260902014515|938.70
1788284720|20260902014520|938.73
1788284725|20260902014525|938.51
1788284735|20260902014535|938.49
1788284740|20260902014540|938.52
1788284745|20260902014545|938.53
1788284750|20260902014550|938.56
1788284755|20260902014555|938.44
1788284760|20260902014600|938.52
1788284765|20260902014605|938.37
1788284770|20260902014610|938.35
1788284775|20260902014615|938.40
1788284780|20260902014620|938.41
1788284785|20260902014625|938.49
1788284795|20260902014635|938.48
1788284800|20260902014640|938.47
1788284805|20260902014645|938.41
1788284815|20260902014655|938.28
1788284820|20260902014700|938.27
1788284825|20260902014705|938.28
1788284830|20260902014710|938.24
1788284835|20260902014715|938.27
1788284840|20260902014720|938.28
1788284860|20260902014740|938.32
1788284875|20260902014755|938.43
1788284880|20260902014800|938.43
1788284885|20260902014805|938.41
1788284890|20260902014810|938.40
1788284900|20260902014820|938.34
1788284905|20260902014825|938.34
1788284915|20260902014835|938.36
1788284920|20260902014840|938.36
1788284925|20260902014845|938.36
1788284930|20260902014850|938.38
1788284935|20260902014855|938.38
1788284940|20260902014900|938.34
1788284945|20260902014905|938.34
1788284950|20260902014910|938.41
1788284955|20260902014915|938.40
1788284960|20260902014920|938.44
1788284965|20260902014925|938.40
1788285005|20260902015005|938.43
1788285010|20260902015010|938.41
1788285020|20260902015020|938.42
1788285025|20260902015025|938.49
1788285035|20260902015035|938.68
1788285040|20260902015040|938.66
1788285045|20260902015045|938.69
1788285050|20260902015050|938.69
1788285055|20260902015055|938.59
1788285060|20260902015100|938.61
1788285065|20260902015105|938.61
1788285070|20260902015110|938.64
1788285075|20260902015115|938.74
1788285080|20260902015120|938.70
1788285085|20260902015125|938.70
1788285095|20260902015135|938.65
1788285100|20260902015140|938.71
1788285105|20260902015145|938.72
1788285110|20260902015150|938.77
1788285125|20260902015205|938.61
1788285130|20260902015210|938.60
1788285135|20260902015215|938.56
1788285140|20260902015220|938.58
1788285145|20260902015225|938.55
1788285155|20260902015235|938.64
1788285160|20260902015240|938.58
1788285170|20260902015250|938.56
1788285185|20260902015305|938.50
1788285190|20260902015310|938.45
1788285195|20260902015315|938.53
1788285200|20260902015320|938.53
1788285205|20260902015325|938.54
1788285215|20260902015335|938.54
1788285225|20260902015345|938.31
1788285230|20260902015350|938.19
1788285235|20260902015355|938.13
1788285240|20260902015400|938.11
1788285245|20260902015405|938.10
1788285255|20260902015415|938.26
1788285260|20260902015420|938.34
1788285265|20260902015425|938.28
1788285280|20260902015440|938.40
1788285300|20260902015500|938.51
1788285305|20260902015505|938.60
1788285310|20260902015510|938.51
1788285315|20260902015515|938.51
1788285320|20260902015520|938.58
1788285325|20260902015525|938.56
1788285335|20260902015535|938.51
1788285340|20260902015540|938.49
1788285345|20260902015545|938.58
1788285350|20260902015550|938.55
1788285355|20260902015555|938.56
1788285365|20260902015605|938.58
1788285370|20260902015610|938.54
1788285375|20260902015615|938.45
1788285380|20260902015620|938.48
1788285385|20260902015625|938.38
1788285400|20260902015640|938.37
1788285405|20260902015645|938.32
1788285410|20260902015650|938.27
1788285415|20260902015655|938.37
1788285420|20260902015700|938.37
1788285425|20260902015705|938.46
1788285430|20260902015710|938.42
1788285435|20260902015715|938.30
1788285440|20260902015720|938.42
1788285445|20260902015725|938.43
1788285455|20260902015735|938.56
1788285460|20260902015740|938.52
1788285465|20260902015745|938.50
1788285470|20260902015750|938.43
1788285475|20260902015755|938.43
1788285480|20260902015800|938.40
1788285485|20260902015805|938.36
1788285490|20260902015810|938.33
1788285495|20260902015815|938.28
1788285500|20260902015820|938.31
1788285505|20260902015825|938.22
1788285515|20260902015835|938.23
1788285520|20260902015840|938.29
1788285525|20260902015845|938.32
1788285530|20260902015850|938.31
1788285535|20260902015855|938.32
1788285540|20260902015900|938.47
1788285545|20260902015905|938.61
1788285550|20260902015910|938.57
1788285555|20260902015915|938.60
1788285560|20260902015920|938.62
1788285570|20260902015930|938.57
1788285575|20260902015935|938.58
1788285580|20260902015940|938.58
1788285610|20260902020010|938.42
1788285615|20260902020015|938.49
1788285625|20260902020025|938.75
1788285640|20260902020040|938.47
1788285645|20260902020045|938.53
1788285655|20260902020055|938.45
1788285665|20260902020105|938.47
1788285675|20260902020115|938.47
1788285685|20260902020125|938.44
1788285705|20260902020145|938.47
1788285710|20260902020150|938.34
1788285715|20260902020155|938.38
1788285725|20260902020205|938.18
1788285730|20260902020210|938.23
1788285735|20260902020215|938.30
1788285740|20260902020220|938.37
1788285760|20260902020240|938.33
1788285765|20260902020245|938.38
1788285770|20260902020250|938.39
1788285775|20260902020255|938.51
1788285785|20260902020305|938.52
1788285790|20260902020310|938.48
1788285795|20260902020315|938.50
1788285800|20260902020320|938.64
1788285805|20260902020325|938.67
1788285815|20260902020335|938.57
1788285820|20260902020340|938.26
1788285825|20260902020345|938.27
1788285830|20260902020350|938.27
1788285835|20260902020355|938.36
1788285840|20260902020400|938.31
1788285845|20260902020405|937.88
1788285850|20260902020410|937.78
1788285855|20260902020415|937.76
1788285860|20260902020420|937.76
1788285865|20260902020425|937.81
1788285875|20260902020435|937.90
1788285900|20260902020500|937.54
1788285905|20260902020505|937.60
1788285910|20260902020510|937.71
1788285915|20260902020515|937.83
1788285920|20260902020520|937.87
1788285925|20260902020525|937.78
1788285935|20260902020535|937.79
1788285940|20260902020540|937.73
1788285945|20260902020545|937.69
1788285950|20260902020550|937.64
1788285955|20260902020555|937.61
1788285960|20260902020600|937.43
1788285965|20260902020605|937.51
1788285980|20260902020620|937.62
1788285985|20260902020625|937.68
1788285995|20260902020635|937.70
1788286000|20260902020640|937.67
1788286005|20260902020645|937.66
1788286010|20260902020650|937.50
1788286020|20260902020700|937.52
1788286025|20260902020705|937.53
1788286030|20260902020710|937.56
1788286035|20260902020715|937.61
1788286040|20260902020720|937.64
1788286045|20260902020725|937.68
1788286055|20260902020735|937.69
1788286060|20260902020740|937.65
1788286065|20260902020745|937.67
1788286070|20260902020750|937.68
1788286075|20260902020755|937.67
1788286085|20260902020805|937.66
1788286100|20260902020820|937.53
1788286105|20260902020825|937.48
1788286115|20260902020835|937.49
1788286120|20260902020840|937.47
1788286125|20260902020845|937.47
1788286130|20260902020850|937.49
1788286150|20260902020910|937.17
1788286160|20260902020920|937.24
1788286205|20260902021005|937.08
1788286210|20260902021010|937.08
1788286215|20260902021015|937.21
1788286220|20260902021020|937.21
1788286225|20260902021025|937.21
1788286240|20260902021040|937.08
1788286245|20260902021045|937.07
1788286250|20260902021050|937.08
1788286255|20260902021055|936.97
1788286260|20260902021100|936.88
1788286265|20260902021105|936.86
1788286275|20260902021115|936.92
1788286280|20260902021120|936.96
1788286295|20260902021135|937.05
1788286300|20260902021140|937.02
1788286305|20260902021145|937.02
1788286310|20260902021150|937.15
1788286315|20260902021155|937.15
1788286320|20260902021200|936.96
1788286330|20260902021210|936.86
1788286335|20260902021215|936.86
1788286340|20260902021220|936.78
1788286345|20260902021225|936.76
1788286350|20260902021230|936.79
1788286355|20260902021235|936.84
1788286360|20260902021240|936.83
1788286365|20260902021245|936.86
1788286370|20260902021250|936.96
1788286380|20260902021300|936.90
1788286390|20260902021310|936.89
1788286395|20260902021315|936.82
1788286400|20260902021320|936.71
1788286405|20260902021325|936.74
1788286415|20260902021335|936.93
1788286420|20260902021340|936.96
1788286425|20260902021345|937.06
1788286435|20260902021355|937.09
1788286440|20260902021400|937.05
1788286445|20260902021405|936.92
1788286450|20260902021410|936.94
1788286455|20260902021415|936.80
1788286500|20260902021500|937.02
1788286505|20260902021505|936.99
1788286510|20260902021510|936.93
1788286515|20260902021515|936.97
1788286520|20260902021520|936.86
1788286535|20260902021535|937.00
1788286540|20260902021540|937.08
1788286545|20260902021545|937.13
1788286550|20260902021550|937.08
1788286555|20260902021555|937.02
1788286560|20260902021600|937.05
1788286565|20260902021605|937.08
1788286575|20260902021615|937.20
1788286580|20260902021620|937.21
1788286585|20260902021625|937.21
1788286595|20260902021635|937.18
1788286600|20260902021640|937.23
1788286610|20260902021650|937.32
1788286615|20260902021655|937.17
1788286635|20260902021715|937.57
1788286640|20260902021720|937.56
1788286645|20260902021725|937.56
1788286655|20260902021735|937.71
1788286660|20260902021740|937.67
1788286665|20260902021745|937.67
1788286670|20260902021750|937.50
1788286675|20260902021755|937.63
1788286680|20260902021800|937.62
1788286685|20260902021805|937.67
1788286690|20260902021810|937.75
1788286700|20260902021820|937.79
1788286705|20260902021825|937.81
1788286725|20260902021845|937.81
1788286735|20260902021855|937.70
1788286740|20260902021900|937.74
1788286745|20260902021905|937.82
1788286750|20260902021910|937.78
1788286755|20260902021915|937.79
1788286760|20260902021920|937.70
1788286785|20260902021945|937.72
1788286805|20260902022005|937.95
1788286810|20260902022010|937.95
1788286815|20260902022015|938.12
1788286820|20260902022020|938.08
1788286825|20260902022025|938.07
1788286835|20260902022035|938.04
1788286840|20260902022040|937.99
1788286845|20260902022045|938.00
1788286855|20260902022055|938.06
1788286865|20260902022105|938.08
1788286870|20260902022110|937.97
1788286875|20260902022115|938.05
1788286880|20260902022120|938.11
1788286885|20260902022125|938.10
1788286890|20260902022130|938.02
1788286895|20260902022135|937.98
1788286905|20260902022145|937.95
1788286910|20260902022150|937.98
1788286915|20260902022155|937.98
1788286925|20260902022205|938.00
1788286930|20260902022210|938.04
1788286935|20260902022215|938.04
1788286940|20260902022220|937.89
1788286945|20260902022225|937.98
1788286950|20260902022230|937.87
1788286955|20260902022235|937.74
1788286960|20260902022240|937.81
1788286965|20260902022245|937.80
1788286970|20260902022250|937.81
1788286975|20260902022255|937.81
1788286980|20260902022300|937.84
1788286985|20260902022305|937.89
1788286990|20260902022310|937.84
1788286995|20260902022315|937.97
1788287000|20260902022320|937.91
1788287005|20260902022325|937.90
1788287015|20260902022335|937.91
1788287020|20260902022340|938.06
1788287030|20260902022350|937.93
1788287035|20260902022355|938.01
1788287045|20260902022405|937.93
1788287050|20260902022410|937.87
1788287060|20260902022420|937.92
1788287065|20260902022425|938.05
1788287100|20260902022500|938.09
1788287110|20260902022510|938.00
1788287115|20260902022515|937.91
1788287120|20260902022520|937.90
1788287125|20260902022525|937.94
1788287135|20260902022535|937.92
1788287140|20260902022540|937.99
1788287145|20260902022545|938.00
1788287150|20260902022550|937.99
1788287155|20260902022555|937.98
1788287160|20260902022600|937.95
1788287165|20260902022605|937.85
1788287170|20260902022610|937.85
1788287175|20260902022615|937.79
1788287180|20260902022620|937.79
1788287195|20260902022635|937.66
1788287200|20260902022640|937.69
1788287210|20260902022650|937.70
1788287215|20260902022655|937.64
1788287225|20260902022705|937.78
1788287230|20260902022710|937.78
1788287235|20260902022715|937.75
1788287240|20260902022720|937.72
1788287255|20260902022735|937.67
1788287260|20260902022740|937.63
1788287265|20260902022745|937.60
1788287270|20260902022750|937.59
1788287275|20260902022755|937.61
1788287280|20260902022800|937.62
1788287285|20260902022805|937.40
1788287290|20260902022810|937.36
1788287295|20260902022815|937.27
1788287300|20260902022820|937.30
1788287315|20260902022835|937.28
1788287335|20260902022855|937.31
1788287345|20260902022905|937.29
1788287350|20260902022910|937.27
1788287355|20260902022915|937.26
1788287360|20260902022920|937.26
1788287365|20260902022925|937.27
1788287405|20260902023005|937.26
1788287415|20260902023015|937.00
1788287420|20260902023020|937.03
1788287425|20260902023025|936.95
1788287440|20260902023040|936.96
1788287445|20260902023045|936.96
1788287455|20260902023055|936.88
1788287465|20260902023105|936.60
1788287470|20260902023110|936.55
1788287475|20260902023115|936.56
1788287480|20260902023120|936.57
1788287495|20260902023135|936.66
1788287500|20260902023140|936.59
1788287505|20260902023145|936.58
1788287515|20260902023155|936.54
1788287520|20260902023200|936.52
1788287525|20260902023205|936.49
1788287530|20260902023210|936.55
1788287535|20260902023215|936.67
1788287540|20260902023220|936.63
1788287555|20260902023235|936.52
1788287560|20260902023240|936.51
1788287570|20260902023250|936.57
1788287580|20260902023300|936.52
1788287585|20260902023305|936.48
1788287595|20260902023315|936.51
1788287600|20260902023320|936.54
1788287605|20260902023325|936.46
1788287615|20260902023335|936.59
1788287620|20260902023340|936.59
1788287625|20260902023345|936.57
1788287635|20260902023355|936.59
1788287640|20260902023400|936.60
1788287645|20260902023405|936.60
1788287650|20260902023410|936.58
1788287655|20260902023415|936.49
1788287660|20260902023420|936.55
1788287665|20260902023425|936.51
1788287690|20260902023450|936.45
1788287700|20260902023500|936.61
1788287705|20260902023505|936.60
1788287710|20260902023510|936.55
1788287715|20260902023515|936.38
1788287720|20260902023520|936.42
1788287725|20260902023525|936.37
1788287735|20260902023535|936.33
1788287740|20260902023540|936.32
1788287745|20260902023545|936.38
1788287750|20260902023550|936.46
1788287755|20260902023555|936.44
1788287760|20260902023600|936.42
1788287765|20260902023605|936.40
1788287770|20260902023610|936.43
1788287780|20260902023620|936.08
1788287785|20260902023625|936.19
1788287795|20260902023635|936.22
1788287800|20260902023640|936.21
1788287805|20260902023645|936.14
1788287810|20260902023650|936.18
1788287815|20260902023655|936.14
1788287830|20260902023710|935.93
1788287835|20260902023715|935.94
1788287840|20260902023720|935.82
1788287845|20260902023725|935.92
1788287855|20260902023735|935.97
1788287860|20260902023740|935.90
1788287865|20260902023745|936.05
1788287870|20260902023750|936.00
1788287875|20260902023755|936.06
1788287880|20260902023800|936.03
1788287885|20260902023805|936.04
1788287890|20260902023810|935.96
1788287895|20260902023815|935.82
1788287900|20260902023820|935.89
1788287905|20260902023825|935.86
1788287915|20260902023835|935.85
1788287920|20260902023840|935.84
1788287925|20260902023845|935.68
1788287930|20260902023850|935.65
1788287935|20260902023855|935.55
1788287940|20260902023900|935.49
1788287945|20260902023905|935.56
1788287955|20260902023915|935.49
1788287960|20260902023920|935.63
1788287965|20260902023925|935.63
1788287990|20260902023950|935.61
1788287995|20260902023955|935.60
1788288005|20260902024005|935.65
1788288015|20260902024015|935.61
1788288020|20260902024020|935.60
1788288025|20260902024025|935.58
1788288035|20260902024035|935.70
1788288040|20260902024040|935.71
1788288050|20260902024050|935.69
1788288065|20260902024105|935.62
1788288070|20260902024110|935.62
1788288075|20260902024115|935.67
1788288080|20260902024120|935.66
1788288085|20260902024125|935.68
1788288095|20260902024135|935.71
1788288100|20260902024140|935.72
1788288105|20260902024145|935.73
1788288110|20260902024150|935.70
1788288120|20260902024200|935.51
1788288125|20260902024205|935.54
1788288130|20260902024210|935.49
1788288140|20260902024220|935.47
1788288145|20260902024225|935.43
1788288155|20260902024235|935.54
1788288160|20260902024240|935.44
1788288170|20260902024250|935.47
1788288175|20260902024255|935.47
1788288180|20260902024300|935.37
1788288185|20260902024305|935.37
1788288190|20260902024310|935.37
1788288195|20260902024315|935.50
1788288200|20260902024320|935.54
1788288205|20260902024325|935.54
1788288215|20260902024335|935.39
1788288220|20260902024340|935.37
1788288225|20260902024345|935.37
1788288230|20260902024350|935.35
1788288240|20260902024400|935.33
1788288245|20260902024405|935.35
1788288250|20260902024410|935.48
1788288255|20260902024415|935.49
1788288260|20260902024420|935.44
1788288300|20260902024500|935.61
1788288305|20260902024505|935.54
1788288310|20260902024510|935.64
1788288315|20260902024515|935.64
1788288320|20260902024520|935.64
1788288325|20260902024525|935.66
1788288335|20260902024535|935.63
1788288340|20260902024540|935.69
1788288345|20260902024545|935.65
1788288350|20260902024550|935.65
1788288355|20260902024555|935.59
1788288365|20260902024605|935.63
1788288375|20260902024615|935.51
1788288380|20260902024620|935.56
1788288385|20260902024625|935.68
1788288400|20260902024640|935.56
1788288405|20260902024645|935.57
1788288410|20260902024650|935.54
1788288415|20260902024655|935.51
1788288420|20260902024700|935.56
1788288425|20260902024705|935.58
1788288430|20260902024710|935.53
1788288435|20260902024715|935.54
1788288440|20260902024720|935.55
1788288445|20260902024725|935.61
1788288455|20260902024735|935.70
1788288460|20260902024740|935.66
1788288465|20260902024745|935.45
1788288470|20260902024750|935.47
1788288475|20260902024755|935.47
1788288480|20260902024800|935.55
1788288485|20260902024805|935.60
1788288490|20260902024810|935.53
1788288505|20260902024825|935.44
1788288515|20260902024835|935.45
1788288520|20260902024840|935.42
1788288525|20260902024845|935.43
1788288530|20260902024850|935.40
1788288550|20260902024910|935.40
1788288555|20260902024915|935.54
1788288560|20260902024920|935.49
1788288565|20260902024925|935.60
1788288605|20260902025005|936.04
1788288610|20260902025010|936.02
1788288615|20260902025015|935.90
1788288620|20260902025020|935.92
1788288625|20260902025025|935.90
1788288635|20260902025035|935.92
1788288640|20260902025040|935.73
1788288645|20260902025045|935.86
1788288650|20260902025050|935.83
1788288655|20260902025055|935.75
1788288660|20260902025100|935.80
1788288665|20260902025105|935.84
1788288670|20260902025110|935.85
1788288675|20260902025115|935.85
1788288680|20260902025120|935.94
1788288695|20260902025135|936.09
1788288700|20260902025140|936.10
1788288705|20260902025145|936.02
1788288710|20260902025150|935.92
1788288715|20260902025155|935.92
1788288720|20260902025200|936.08
1788288725|20260902025205|936.04
1788288730|20260902025210|936.04
1788288740|20260902025220|936.25
1788288745|20260902025225|936.26
1788288755|20260902025235|936.21
1788288760|20260902025240|936.24
1788288765|20260902025245|936.18
1788288770|20260902025250|936.07
1788288775|20260902025255|936.41
1788288780|20260902025300|936.40
1788288790|20260902025310|936.22
1788288795|20260902025315|936.22
1788288800|20260902025320|936.30
1788288820|20260902025340|936.48
1788288825|20260902025345|936.42
1788288830|20260902025350|936.43
1788288845|20260902025405|936.37
1788288850|20260902025410|936.33
1788288855|20260902025415|936.31
1788288860|20260902025420|936.33
1788288900|20260902025500|935.49
1788288905|20260902025505|935.26
1788288910|20260902025510|935.43
1788288915|20260902025515|935.46
1788288920|20260902025520|935.59
1788288925|20260902025525|935.63
1788288935|20260902025535|935.71
1788288940|20260902025540|935.76
1788288945|20260902025545|935.68
1788288950|20260902025550|935.69
1788288955|20260902025555|935.77
1788288960|20260902025600|935.78
1788288965|20260902025605|935.75
1788288970|20260902025610|935.72
1788288980|20260902025620|935.74
1788288985|20260902025625|935.77
1788289000|20260902025640|935.96
1788289010|20260902025650|936.07
1788289015|20260902025655|936.01
1788289025|20260902025705|935.99
1788289030|20260902025710|935.97
1788289035|20260902025715|936.06
1788289040|20260902025720|935.99
1788289045|20260902025725|935.90
1788289055|20260902025735|936.18
1788289060|20260902025740|936.18
1788289065|20260902025745|936.27
1788289070|20260902025750|936.29
1788289075|20260902025755|936.28
1788289080|20260902025800|936.29
1788289085|20260902025805|936.31
1788289090|20260902025810|936.32
1788289095|20260902025815|936.32
1788289100|20260902025820|936.19
1788289105|20260902025825|936.22
1788289115|20260902025835|936.20
1788289120|20260902025840|936.16
1788289125|20260902025845|936.13
1788289130|20260902025850|936.15
1788289145|20260902025905|936.19
1788289150|20260902025910|936.34
1788289160|20260902025920|936.33
1788289165|20260902025925|936.24
1788289200|20260902030000|936.09
1788289205|20260902030005|935.90
1788289210|20260902030010|935.84
1788289215|20260902030015|935.74
1788289220|20260902030020|935.92
1788289225|20260902030025|935.98
1788289230|20260902030030|935.96
1788289235|20260902030035|935.88
1788289240|20260902030040|935.70
1788289245|20260902030045|935.83
1788289250|20260902030050|935.72
1788289255|20260902030055|935.80
1788289265|20260902030105|935.91
1788289270|20260902030110|935.91
1788289275|20260902030115|935.97
1788289280|20260902030120|935.82
1788289285|20260902030125|935.80
1788289295|20260902030135|935.92
1788289300|20260902030140|935.83
1788289305|20260902030145|935.84
1788289310|20260902030150|935.77
1788289315|20260902030155|935.75
1788289335|20260902030215|935.80
1788289340|20260902030220|935.66
1788289365|20260902030245|935.58
1788289370|20260902030250|935.54
1788289375|20260902030255|935.50
1788289380|20260902030300|935.44
1788289385|20260902030305|935.53
1788289390|20260902030310|935.54
1788289395|20260902030315|935.56
1788289400|20260902030320|935.55
1788289405|20260902030325|935.72
1788289415|20260902030335|935.71
1788289430|20260902030350|935.71
1788289435|20260902030355|935.77
1788289445|20260902030405|935.95
1788289450|20260902030410|936.00
1788289455|20260902030415|935.89
1788289460|20260902030420|935.94
1788289465|20260902030425|935.93
1788289500|20260902030500|936.02
1788289505|20260902030505|936.11
1788289515|20260902030515|936.05
1788289520|20260902030520|936.08
1788289525|20260902030525|936.33
1788289535|20260902030535|936.32
1788289540|20260902030540|936.40
1788289545|20260902030545|936.42
1788289550|20260902030550|936.09
1788289555|20260902030555|936.07
1788289560|20260902030600|935.84
1788289565|20260902030605|935.93
1788289575|20260902030615|935.80
1788289580|20260902030620|935.88
1788289585|20260902030625|935.91
1788289595|20260902030635|935.97
1788289600|20260902030640|935.89
1788289605|20260902030645|935.87
1788289610|20260902030650|936.05
1788289615|20260902030655|936.07
1788289620|20260902030700|936.02
1788289625|20260902030705|935.92
1788289630|20260902030710|935.93
1788289640|20260902030720|935.80
1788289645|20260902030725|935.79
1788289660|20260902030740|935.65
1788289665|20260902030745|935.64
1788289675|20260902030755|935.81
1788289680|20260902030800|935.79
1788289685|20260902030805|935.75
1788289690|20260902030810|935.76
1788289695|20260902030815|935.75
1788289700|20260902030820|935.69
1788289705|20260902030825|935.73
1788289715|20260902030835|935.76
1788289725|20260902030845|935.72
1788289730|20260902030850|935.87
1788289735|20260902030855|935.85
1788289745|20260902030905|935.95
1788289755|20260902030915|935.96
1788289765|20260902030925|936.02
1788289820|20260902031020|935.89
1788289825|20260902031025|935.85
1788289840|20260902031040|936.09
1788289845|20260902031045|936.07
1788289850|20260902031050|936.08
1788289855|20260902031055|936.08
1788289860|20260902031100|936.20
1788289865|20260902031105|936.29
1788289870|20260902031110|936.48
1788289875|20260902031115|936.47
1788289880|20260902031120|936.47
1788289885|20260902031125|936.59
1788289895|20260902031135|936.80
1788289900|20260902031140|936.78
1788289905|20260902031145|936.75
1788289910|20260902031150|936.75
1788289925|20260902031205|936.52
1788289930|20260902031210|936.63
1788289935|20260902031215|936.55
1788289940|20260902031220|936.55
1788289945|20260902031225|936.80
1788289955|20260902031235|936.88
1788289960|20260902031240|937.01
1788289965|20260902031245|936.99
1788289970|20260902031250|937.00
1788289975|20260902031255|936.98
1788289990|20260902031310|937.03
1788290000|20260902031320|936.96
1788290005|20260902031325|936.91
1788290015|20260902031335|936.91
1788290020|20260902031340|936.98
1788290025|20260902031345|936.97
1788290030|20260902031350|937.00
1788290035|20260902031355|936.94
1788290045|20260902031405|936.88
1788290050|20260902031410|936.89
1788290055|20260902031415|936.89
1788290060|20260902031420|936.84
1788290065|20260902031425|936.88
1788290100|20260902031500|937.11
1788290105|20260902031505|937.19
1788290110|20260902031510|937.27
1788290115|20260902031515|937.23
1788290120|20260902031520|937.26
1788290125|20260902031525|937.20
1788290135|20260902031535|937.00
1788290140|20260902031540|937.01
1788290145|20260902031545|936.88
1788290150|20260902031550|936.83
1788290155|20260902031555|936.93
1788290160|20260902031600|936.94
1788290170|20260902031610|937.00
1788290175|20260902031615|936.88
1788290180|20260902031620|936.88
1788290185|20260902031625|936.98
1788290195|20260902031635|936.93
1788290200|20260902031640|936.95
1788290205|20260902031645|936.92
1788290210|20260902031650|936.81
1788290215|20260902031655|936.84
1788290225|20260902031705|937.06
1788290230|20260902031710|937.05
1788290235|20260902031715|937.05
1788290240|20260902031720|937.08
1788290255|20260902031735|937.10
1788290260|20260902031740|937.01
1788290265|20260902031745|936.96
1788290270|20260902031750|936.95
1788290275|20260902031755|936.99
1788290280|20260902031800|937.04
1788290285|20260902031805|936.98
1788290290|20260902031810|937.03
1788290295|20260902031815|937.05
1788290300|20260902031820|936.93
1788290305|20260902031825|936.94
1788290315|20260902031835|936.96
1788290320|20260902031840|936.79
1788290325|20260902031845|936.71
1788290330|20260902031850|936.75
1788290335|20260902031855|936.69
1788290345|20260902031905|936.72
1788290355|20260902031915|936.75
1788290360|20260902031920|936.85
1788290365|20260902031925|936.80
1788290405|20260902032005|936.64
1788290410|20260902032010|936.67
1788290415|20260902032015|936.69
1788290420|20260902032020|936.72
1788290425|20260902032025|936.82
1788290435|20260902032035|936.80
1788290440|20260902032040|936.71
1788290445|20260902032045|936.72
1788290450|20260902032050|936.71
1788290455|20260902032055|936.64
1788290460|20260902032100|936.60
1788290465|20260902032105|936.56
1788290475|20260902032115|936.75
1788290480|20260902032120|936.61
1788290485|20260902032125|936.65
1788290495|20260902032135|936.61
1788290500|20260902032140|936.64
1788290510|20260902032150|936.64
1788290515|20260902032155|936.50
1788290520|20260902032200|936.51
1788290530|20260902032210|936.47
1788290535|20260902032215|936.45
1788290540|20260902032220|936.47
1788290545|20260902032225|936.47
1788290555|20260902032235|936.57
1788290560|20260902032240|936.54
1788290565|20260902032245|936.56
1788290570|20260902032250|936.60
1788290575|20260902032255|936.61
1788290580|20260902032300|936.67
1788290585|20260902032305|936.68
1788290595|20260902032315|936.46
1788290615|20260902032335|936.62
1788290620|20260902032340|936.57
1788290625|20260902032345|936.61
1788290630|20260902032350|936.61
1788290635|20260902032355|936.64
1788290640|20260902032400|936.56
1788290645|20260902032405|936.51
1788290650|20260902032410|936.51
1788290655|20260902032415|936.52
1788290660|20260902032420|936.51
1788290665|20260902032425|936.51
1788290680|20260902032440|936.45
1788290700|20260902032500|936.49
1788290705|20260902032505|936.49
1788290710|20260902032510|936.49
1788290715|20260902032515|936.60
1788290720|20260902032520|936.61
1788290725|20260902032525|936.68
1788290735|20260902032535|936.60
1788290740|20260902032540|936.77
1788290745|20260902032545|936.75
1788290750|20260902032550|936.56
1788290755|20260902032555|936.59
1788290770|20260902032610|936.78
1788290780|20260902032620|936.68
1788290785|20260902032625|936.68
1788290795|20260902032635|936.72
1788290800|20260902032640|936.73
1788290805|20260902032645|936.62
1788290810|20260902032650|936.64
1788290815|20260902032655|936.69
1788290820|20260902032700|936.69
1788290825|20260902032705|936.65
1788290830|20260902032710|936.67
1788290835|20260902032715|936.69
1788290840|20260902032720|936.71
1788290845|20260902032725|936.71
1788290855|20260902032735|936.71
1788290870|20260902032750|936.77
1788290875|20260902032755|936.78
1788290880|20260902032800|936.72
1788290885|20260902032805|936.77
1788290890|20260902032810|936.79
1788290895|20260902032815|936.73
1788290905|20260902032825|936.73
1788290915|20260902032835|936.74
1788290925|20260902032845|936.72
1788290930|20260902032850|936.72
1788290935|20260902032855|936.73
1788290945|20260902032905|936.70
1788290955|20260902032915|936.71
1788290960|20260902032920|936.74
1788290965|20260902032925|936.80
1788290995|20260902032955|936.67
1788291005|20260902033005|936.66
1788291010|20260902033010|936.49
1788291020|20260902033020|936.30
1788291025|20260902033025|936.29
1788291035|20260902033035|936.18
1788291040|20260902033040|936.14
1788291045|20260902033045|936.27
1788291055|20260902033055|936.22
1788291065|20260902033105|936.21
1788291070|20260902033110|936.20
1788291095|20260902033135|936.09
1788291100|20260902033140|936.08
1788291105|20260902033145|936.03
1788291110|20260902033150|935.84
1788291115|20260902033155|935.80
1788291125|20260902033205|935.82
1788291130|20260902033210|935.83
1788291135|20260902033215|935.83
1788291140|20260902033220|935.46
1788291145|20260902033225|935.52
1788291155|20260902033235|935.34
1788291160|20260902033240|935.33
1788291165|20260902033245|935.39
1788291170|20260902033250|935.54
1788291175|20260902033255|935.60
1788291185|20260902033305|935.55
1788291190|20260902033310|935.63
1788291195|20260902033315|935.63
1788291200|20260902033320|935.66
1788291205|20260902033325|935.68
1788291220|20260902033340|935.54
1788291225|20260902033345|935.56
1788291235|20260902033355|935.65
1788291245|20260902033405|935.61
1788291250|20260902033410|935.64
1788291255|20260902033415|935.58
1788291260|20260902033420|935.65
1788291265|20260902033425|935.67
1788291290|20260902033450|935.59
1788291305|20260902033505|935.48
1788291315|20260902033515|935.44
1788291320|20260902033520|935.36
1788291325|20260902033525|935.31
1788291335|20260902033535|935.42
1788291340|20260902033540|935.52
1788291345|20260902033545|935.63
1788291355|20260902033555|935.65
1788291365|20260902033605|935.70
1788291370|20260902033610|935.57
1788291375|20260902033615|935.54
1788291380|20260902033620|935.48
1788291385|20260902033625|935.51
1788291400|20260902033640|935.55
1788291405|20260902033645|935.57
1788291410|20260902033650|935.60
1788291415|20260902033655|935.56
1788291425|20260902033705|935.63
1788291430|20260902033710|935.63
1788291435|20260902033715|935.64
1788291440|20260902033720|935.63
1788291445|20260902033725|935.65
1788291455|20260902033735|935.71
1788291460|20260902033740|935.73
1788291465|20260902033745|935.72
1788291475|20260902033755|935.64
1788291485|20260902033805|935.35
1788291490|20260902033810|935.39
1788291500|20260902033820|935.30
1788291515|20260902033835|935.29
1788291525|20260902033845|935.41
1788291530|20260902033850|935.43
1788291535|20260902033855|935.44
1788291545|20260902033905|935.36
1788291550|20260902033910|935.35
1788291560|20260902033920|935.28
1788291605|20260902034005|934.84
1788291610|20260902034010|934.52
1788291615|20260902034015|934.49
1788291625|20260902034025|934.65
1788291635|20260902034035|934.72
1788291640|20260902034040|934.86
1788291645|20260902034045|934.93
1788291650|20260902034050|934.96
1788291655|20260902034055|935.01
1788291665|20260902034105|935.09
1788291670|20260902034110|935.11
1788291675|20260902034115|935.11
1788291695|20260902034135|935.07
1788291705|20260902034145|935.04
1788291710|20260902034150|935.15
1788291715|20260902034155|934.85
1788291740|20260902034220|935.03
1788291745|20260902034225|935.04
1788291755|20260902034235|934.98
1788291765|20260902034245|934.92
1788291770|20260902034250|934.93
1788291775|20260902034255|934.85
1788291785|20260902034305|934.62
1788291790|20260902034310|934.67
1788291795|20260902034315|934.62
1788291800|20260902034320|934.62
1788291815|20260902034335|934.62
1788291820|20260902034340|934.62
1788291825|20260902034345|934.66
1788291830|20260902034350|934.69
1788291835|20260902034355|934.71
1788291845|20260902034405|934.74
1788291850|20260902034410|934.88
1788291855|20260902034415|934.86
1788291905|20260902034505|934.81
1788291910|20260902034510|934.87
1788291915|20260902034515|934.97
1788291920|20260902034520|934.94
1788291935|20260902034535|934.90
1788291940|20260902034540|934.95
1788291945|20260902034545|934.90
1788291950|20260902034550|934.82
1788291955|20260902034555|934.73
1788291965|20260902034605|934.72
1788291970|20260902034610|934.59
1788291980|20260902034620|934.57
1788291985|20260902034625|934.35
1788291995|20260902034635|934.58
1788292005|20260902034645|934.64
1788292010|20260902034650|934.56
1788292015|20260902034655|934.54
1788292025|20260902034705|934.29
1788292030|20260902034710|934.26
1788292040|20260902034720|934.62
1788292045|20260902034725|934.69
1788292055|20260902034735|934.83
1788292060|20260902034740|934.93
1788292065|20260902034745|934.92
1788292070|20260902034750|935.09
1788292075|20260902034755|935.16
1788292085|20260902034805|935.02
1788292090|20260902034810|935.00
1788292105|20260902034825|935.40
1788292115|20260902034835|935.35
1788292120|20260902034840|935.15
1788292125|20260902034845|935.10
1788292155|20260902034915|935.04
1788292160|20260902034920|935.09
1788292205|20260902035005|934.98
1788292210|20260902035010|934.97
1788292215|20260902035015|934.95
1788292220|20260902035020|935.02
1788292225|20260902035025|935.09
1788292240|20260902035040|935.03
1788292245|20260902035045|935.05
1788292250|20260902035050|935.13
1788292255|20260902035055|935.25
1788292265|20260902035105|935.58
1788292275|20260902035115|935.59
1788292280|20260902035120|935.62
1788292285|20260902035125|935.69
1788292300|20260902035140|935.61
1788292305|20260902035145|935.59
1788292310|20260902035150|935.55
1788292315|20260902035155|935.49
1788292330|20260902035210|935.51
1788292345|20260902035225|935.48
1788292355|20260902035235|935.49
1788292360|20260902035240|935.34
1788292365|20260902035245|935.23
1788292370|20260902035250|935.12
1788292375|20260902035255|935.05
1788292380|20260902035300|935.05
1788292385|20260902035305|935.02
1788292390|20260902035310|934.98
1788292400|20260902035320|934.98
1788292405|20260902035325|934.88
1788292415|20260902035335|934.87
1788292420|20260902035340|934.86
1788292425|20260902035345|934.92
1788292430|20260902035350|934.92
1788292435|20260902035355|934.94
1788292445|20260902035405|935.04
1788292450|20260902035410|935.07
1788292455|20260902035415|935.12
1788292460|20260902035420|935.15
1788292465|20260902035425|935.11
1788292500|20260902035500|935.16
1788292505|20260902035505|935.20
1788292510|20260902035510|935.07
1788292515|20260902035515|935.27
1788292520|20260902035520|935.18
1788292525|20260902035525|935.18
1788292535|20260902035535|935.20
1788292550|20260902035550|935.50
1788292555|20260902035555|935.51
1788292560|20260902035600|935.48
1788292565|20260902035605|935.34
1788292570|20260902035610|935.31
1788292575|20260902035615|935.18
1788292580|20260902035620|935.05
1788292585|20260902035625|935.05
1788292595|20260902035635|935.06
1788292600|20260902035640|935.07
1788292610|20260902035650|935.16
1788292615|20260902035655|935.14
1788292620|20260902035700|935.03
1788292625|20260902035705|935.01
1788292630|20260902035710|934.92
1788292635|20260902035715|934.96
1788292640|20260902035720|935.03
1788292645|20260902035725|934.95
1788292655|20260902035735|934.94
1788292665|20260902035745|934.90
1788292670|20260902035750|934.90
1788292675|20260902035755|934.89
1788292685|20260902035805|934.85
1788292690|20260902035810|934.93
1788292700|20260902035820|934.98
1788292705|20260902035825|934.98
1788292720|20260902035840|934.76
1788292725|20260902035845|934.78
1788292735|20260902035855|934.63
1788292740|20260902035900|934.42
1788292745|20260902035905|934.43
1788292750|20260902035910|934.48
1788292755|20260902035915|934.49
1788292760|20260902035920|934.55
1788292765|20260902035925|934.56
1788292800|20260902040000|934.79
1788292805|20260902040005|934.95
1788292810|20260902040010|934.97
1788292815|20260902040015|934.91
1788292825|20260902040025|934.42
1788292840|20260902040040|934.50
1788292855|20260902040055|934.48
1788292865|20260902040105|934.47
1788292870|20260902040110|934.37
1788292875|20260902040115|934.39
1788292880|20260902040120|934.56
1788292885|20260902040125|934.64
1788292895|20260902040135|934.58
1788292900|20260902040140|934.59
1788292910|20260902040150|934.44
1788292915|20260902040155|934.45
1788292920|20260902040200|934.40
1788292930|20260902040210|934.59
1788292940|20260902040220|934.73
1788292955|20260902040235|934.64
1788292970|20260902040250|934.81
1788292975|20260902040255|934.78
1788292980|20260902040300|934.80
1788292985|20260902040305|934.82
1788292990|20260902040310|934.83
1788292995|20260902040315|934.88
1788293000|20260902040320|934.95
1788293005|20260902040325|934.95
1788293015|20260902040335|935.01
1788293020|20260902040340|935.12
1788293030|20260902040350|935.12
1788293035|20260902040355|935.14
1788293040|20260902040400|935.20
1788293045|20260902040405|935.17
1788293055|20260902040415|935.12
1788293060|20260902040420|935.48
1788293065|20260902040425|935.50
1788293100|20260902040500|935.29
1788293105|20260902040505|935.31
1788293115|20260902040515|935.21
1788293120|20260902040520|935.20
1788293135|20260902040535|935.25
1788293140|20260902040540|935.36
1788293145|20260902040545|935.36
1788293155|20260902040555|935.71
1788293160|20260902040600|935.70
1788293165|20260902040605|935.70
1788293170|20260902040610|935.55
1788293175|20260902040615|935.55
1788293180|20260902040620|935.55
1788293185|20260902040625|935.24
1788293195|20260902040635|935.21
1788293205|20260902040645|935.21
1788293210|20260902040650|935.22
1788293215|20260902040655|935.40
1788293230|20260902040710|935.27
1788293235|20260902040715|935.26
1788293240|20260902040720|935.34
1788293245|20260902040725|935.30
1788293255|20260902040735|935.36
1788293260|20260902040740|935.38
1788293265|20260902040745|935.38
1788293295|20260902040815|935.59
1788293300|20260902040820|935.62
1788293305|20260902040825|935.66
1788293315|20260902040835|935.64
1788293320|20260902040840|935.65
1788293325|20260902040845|935.64
1788293330|20260902040850|935.65
1788293335|20260902040855|935.63
1788293340|20260902040900|935.66
1788293345|20260902040905|935.65
1788293350|20260902040910|935.68
1788293355|20260902040915|935.67
1788293360|20260902040920|935.72
1788293405|20260902041005|935.38
1788293410|20260902041010|935.37
1788293415|20260902041015|935.37
1788293420|20260902041020|935.36
1788293425|20260902041025|935.39
1788293435|20260902041035|935.37
1788293440|20260902041040|935.38
1788293450|20260902041050|935.38
1788293455|20260902041055|935.39
1788293465|20260902041105|935.32
1788293470|20260902041110|935.32
1788293475|20260902041115|935.26
1788293480|20260902041120|935.25
1788293485|20260902041125|935.19
1788293495|20260902041135|935.22
1788293500|20260902041140|935.18
1788293505|20260902041145|935.22
1788293515|20260902041155|935.21
1788293525|20260902041205|935.19
1788293540|20260902041220|935.16
1788293545|20260902041225|935.11
1788293555|20260902041235|935.04
1788293560|20260902041240|935.03
1788293565|20260902041245|935.05
1788293570|20260902041250|935.07
1788293575|20260902041255|935.10
1788293585|20260902041305|935.09
1788293590|20260902041310|935.05
1788293595|20260902041315|935.06
1788293600|20260902041320|935.00
1788293615|20260902041335|935.07
1788293620|20260902041340|935.03
1788293625|20260902041345|935.07
1788293630|20260902041350|935.09
1788293635|20260902041355|935.02
1788293640|20260902041400|935.05
1788293645|20260902041405|935.08
1788293660|20260902041420|935.10
1788293665|20260902041425|935.03
1788293700|20260902041500|934.68
1788293705|20260902041505|934.70
1788293710|20260902041510|934.79
1788293715|20260902041515|934.79
1788293720|20260902041520|934.79
1788293725|20260902041525|934.77
1788293740|20260902041540|934.88
1788293745|20260902041545|934.86
1788293750|20260902041550|934.68
1788293755|20260902041555|934.71
1788293760|20260902041600|934.68
1788293765|20260902041605|934.69
1788293770|20260902041610|934.55
1788293775|20260902041615|934.55
1788293785|20260902041625|934.62
1788293795|20260902041635|934.63
1788293805|20260902041645|934.69
1788293810|20260902041650|934.68
1788293820|20260902041700|934.85
1788293825|20260902041705|934.96
1788293830|20260902041710|934.99
1788293835|20260902041715|934.98
1788293840|20260902041720|934.97
1788293855|20260902041735|934.86
1788293860|20260902041740|934.90
1788293865|20260902041745|934.90
1788293870|20260902041750|934.87
1788293875|20260902041755|934.86
1788293885|20260902041805|934.93
1788293890|20260902041810|935.18
1788293895|20260902041815|935.18
1788293900|20260902041820|935.13
1788293905|20260902041825|935.10
1788293915|20260902041835|935.07
1788293920|20260902041840|935.08
1788293925|20260902041845|935.16
1788293935|20260902041855|935.09
1788293940|20260902041900|935.09
1788293945|20260902041905|935.10
1788293950|20260902041910|935.09
1788293955|20260902041915|935.11
1788293960|20260902041920|935.11
1788293965|20260902041925|935.16
1788294010|20260902042010|935.18
1788294015|20260902042015|935.18
1788294020|20260902042020|935.30
1788294025|20260902042025|935.24
1788294035|20260902042035|935.15
1788294040|20260902042040|935.10
1788294045|20260902042045|935.14
1788294055|20260902042055|935.17
1788294060|20260902042100|935.10
1788294065|20260902042105|935.06
1788294075|20260902042115|935.06
1788294080|20260902042120|935.05
1788294085|20260902042125|935.03
1788294100|20260902042140|934.99
1788294110|20260902042150|935.12
1788294120|20260902042200|935.13
1788294125|20260902042205|935.14
1788294130|20260902042210|935.15
1788294135|20260902042215|935.17
1788294140|20260902042220|935.15
1788294145|20260902042225|935.07
1788294150|20260902042230|935.09
1788294160|20260902042240|935.17
1788294165|20260902042245|935.16
1788294170|20260902042250|935.18
1788294180|20260902042300|935.17
1788294190|20260902042310|935.14
1788294195|20260902042315|935.13
1788294200|20260902042320|935.14
1788294215|20260902042335|935.13
1788294220|20260902042340|935.06
1788294225|20260902042345|935.06
1788294235|20260902042355|935.17
1788294240|20260902042400|935.18
1788294245|20260902042405|935.14
1788294300|20260902042500|935.17
1788294305|20260902042505|935.17
1788294310|20260902042510|935.13
1788294315|20260902042515|935.10
1788294320|20260902042520|935.12
1788294325|20260902042525|935.13
1788294335|20260902042535|935.15
1788294340|20260902042540|935.12
1788294345|20260902042545|935.14
1788294355|20260902042555|935.12
1788294375|20260902042615|935.18
1788294380|20260902042620|935.10
1788294385|20260902042625|935.13
1788294395|20260902042635|935.09
1788294400|20260902042640|935.14
1788294405|20260902042645|935.17
1788294410|20260902042650|935.17
1788294415|20260902042655|935.23
1788294425|20260902042705|935.30
1788294430|20260902042710|935.38
1788294435|20260902042715|935.38
1788294440|20260902042720|935.32
1788294445|20260902042725|935.29
1788294455|20260902042735|935.25
1788294470|20260902042750|935.31
1788294475|20260902042755|935.32
1788294480|20260902042800|935.32
1788294485|20260902042805|935.27
1788294490|20260902042810|935.30
1788294495|20260902042815|935.29
1788294500|20260902042820|935.17
1788294505|20260902042825|935.16
1788294520|20260902042840|935.03
1788294525|20260902042845|935.03
1788294535|20260902042855|935.05
1788294540|20260902042900|935.05
1788294555|20260902042915|934.90
1788294560|20260902042920|934.86
1788294565|20260902042925|934.73
1788294605|20260902043005|934.78
1788294615|20260902043015|934.88
1788294620|20260902043020|934.85
1788294625|20260902043025|934.78
1788294640|20260902043040|934.92
1788294645|20260902043045|934.86
1788294650|20260902043050|934.84
1788294655|20260902043055|934.87
1788294660|20260902043100|934.88
1788294670|20260902043110|934.88
1788294675|20260902043115|934.90
1788294680|20260902043120|934.92
1788294685|20260902043125|934.91
1788294695|20260902043135|934.99
1788294700|20260902043140|934.99
1788294705|20260902043145|935.00
1788294710|20260902043150|934.97
1788294715|20260902043155|934.97
1788294720|20260902043200|934.99
1788294735|20260902043215|934.89
1788294745|20260902043225|934.81
1788294755|20260902043235|934.83
1788294760|20260902043240|934.95
1788294765|20260902043245|934.95
1788294770|20260902043250|934.95
1788294775|20260902043255|934.94
1788294780|20260902043300|935.00
1788294785|20260902043305|934.97
1788294790|20260902043310|934.99
1788294795|20260902043315|934.93
1788294800|20260902043320|934.90
1788294815|20260902043335|934.84
1788294820|20260902043340|934.81
1788294825|20260902043345|934.83
1788294830|20260902043350|934.82
1788294835|20260902043355|934.80
1788294840|20260902043400|934.81
1788294845|20260902043405|934.83
1788294850|20260902043410|934.84
1788294855|20260902043415|934.82
1788294860|20260902043420|934.71
1788294865|20260902043425|934.83
1788294870|20260902043430|934.84
1788294900|20260902043500|934.75
1788294905|20260902043505|934.76
1788294910|20260902043510|934.78
1788294915|20260902043515|934.71
1788294920|20260902043520|934.60
1788294925|20260902043525|934.65
1788294935|20260902043535|934.59
1788294940|20260902043540|934.64
1788294945|20260902043545|934.74
1788294950|20260902043550|934.75
1788294955|20260902043555|934.81
1788294960|20260902043600|934.84
1788294965|20260902043605|934.87
1788294975|20260902043615|934.80
1788294985|20260902043625|934.86
1788294995|20260902043635|934.88
1788295000|20260902043640|934.88
1788295005|20260902043645|934.88
1788295010|20260902043650|934.81
1788295015|20260902043655|934.83
1788295025|20260902043705|934.71
1788295030|20260902043710|934.72
1788295035|20260902043715|934.73
1788295040|20260902043720|934.74
1788295045|20260902043725|934.76
1788295055|20260902043735|934.77
1788295060|20260902043740|934.80
1788295065|20260902043745|934.80
1788295070|20260902043750|934.78
1788295080|20260902043800|934.78
1788295085|20260902043805|934.80
1788295090|20260902043810|934.76
1788295095|20260902043815|934.68
1788295100|20260902043820|934.66
1788295115|20260902043835|934.68
1788295120|20260902043840|934.69
1788295125|20260902043845|934.69
1788295130|20260902043850|934.81
1788295135|20260902043855|934.83
1788295140|20260902043900|934.84
1788295145|20260902043905|934.87
1788295150|20260902043910|934.86
1788295155|20260902043915|935.11
1788295160|20260902043920|935.16
1788295170|20260902043930|935.17
1788295175|20260902043935|935.17
1788295180|20260902043940|935.12
1788295205|20260902044005|935.07
1788295210|20260902044010|935.08
1788295215|20260902044015|935.15
1788295220|20260902044020|935.14
1788295225|20260902044025|935.15
1788295240|20260902044040|935.13
1788295245|20260902044045|935.11
1788295250|20260902044050|935.11
1788295255|20260902044055|935.14
1788295260|20260902044100|935.13
1788295265|20260902044105|935.16
1788295270|20260902044110|935.15
1788295275|20260902044115|935.16
1788295285|20260902044125|935.12
1788295295|20260902044135|935.16
1788295300|20260902044140|935.17
1788295305|20260902044145|935.17
1788295310|20260902044150|935.17
1788295315|20260902044155|935.17
1788295320|20260902044200|935.18
1788295325|20260902044205|935.18
1788295330|20260902044210|935.19
1788295335|20260902044215|935.20
1788295340|20260902044220|935.14
1788295345|20260902044225|935.17
1788295355|20260902044235|935.49
1788295360|20260902044240|935.51
1788295370|20260902044250|935.28
1788295375|20260902044255|935.46
1788295380|20260902044300|935.48
1788295385|20260902044305|935.41
1788295390|20260902044310|935.40
1788295395|20260902044315|935.30
1788295400|20260902044320|935.26
1788295405|20260902044325|935.21
1788295410|20260902044330|935.18
1788295415|20260902044335|935.09
1788295420|20260902044340|935.12
1788295425|20260902044345|935.11
1788295430|20260902044350|935.18
1788295440|20260902044400|935.08
1788295445|20260902044405|935.07
1788295455|20260902044415|935.07
1788295465|20260902044425|935.09
1788295500|20260902044500|935.11
1788295505|20260902044505|935.16
1788295510|20260902044510|935.17
1788295515|20260902044515|935.19
1788295520|20260902044520|935.24
1788295535|20260902044535|935.10
1788295545|20260902044545|935.09
1788295550|20260902044550|935.05
1788295555|20260902044555|935.05
1788295565|20260902044605|934.98
1788295570|20260902044610|934.95
1788295575|20260902044615|934.98
1788295580|20260902044620|935.03
1788295585|20260902044625|935.01
1788295595|20260902044635|935.00
1788295600|20260902044640|935.35
1788295605|20260902044645|935.32
1788295610|20260902044650|935.26
1788295615|20260902044655|935.27
1788295620|20260902044700|935.29
1788295625|20260902044705|935.39
1788295635|20260902044715|935.30
1788295640|20260902044720|935.32
1788295645|20260902044725|935.33
1788295655|20260902044735|935.31
1788295660|20260902044740|935.27
1788295665|20260902044745|935.28
1788295670|20260902044750|935.24
1788295675|20260902044755|935.21
1788295685|20260902044805|935.20
1788295690|20260902044810|935.24
1788295695|20260902044815|935.30
1788295700|20260902044820|935.27
1788295705|20260902044825|935.41
1788295715|20260902044835|935.57
1788295720|20260902044840|935.37
1788295725|20260902044845|935.22
1788295730|20260902044850|935.22
1788295735|20260902044855|935.20
1788295740|20260902044900|935.18
1788295745|20260902044905|935.19
1788295750|20260902044910|935.40
1788295755|20260902044915|935.38
1788295760|20260902044920|935.36
1788295765|20260902044925|935.36
1788295795|20260902044955|935.35
1788295805|20260902045005|935.26
1788295810|20260902045010|935.18
1788295815|20260902045015|935.16
1788295820|20260902045020|935.16
1788295825|20260902045025|935.28
1788295840|20260902045040|935.38
1788295845|20260902045045|935.40
1788295850|20260902045050|935.41
1788295855|20260902045055|935.34
1788295865|20260902045105|935.31
1788295875|20260902045115|935.34
1788295880|20260902045120|935.39
1788295885|20260902045125|935.45
1788295895|20260902045135|935.30
1788295900|20260902045140|935.27
1788295905|20260902045145|935.26
1788295910|20260902045150|935.27
1788295915|20260902045155|935.27
1788295920|20260902045200|935.16
1788295925|20260902045205|935.17
1788295935|20260902045215|935.19
1788295940|20260902045220|935.24
1788295945|20260902045225|935.23
1788295960|20260902045240|935.17
1788295965|20260902045245|935.17
1788295975|20260902045255|935.09
1788295985|20260902045305|935.23
1788295990|20260902045310|935.28
1788295995|20260902045315|935.25
1788296000|20260902045320|935.27
1788296005|20260902045325|935.32
1788296020|20260902045340|935.26
1788296025|20260902045345|935.28
1788296030|20260902045350|935.30
1788296035|20260902045355|935.31
1788296040|20260902045400|935.33
1788296045|20260902045405|935.38
1788296050|20260902045410|935.36
1788296055|20260902045415|935.29
1788296060|20260902045420|935.22
1788296065|20260902045425|935.22
1788296100|20260902045500|935.32
1788296105|20260902045505|935.42
1788296110|20260902045510|935.46
1788296115|20260902045515|935.40
1788296120|20260902045520|935.38
1788296125|20260902045525|935.37
1788296135|20260902045535|935.31
1788296140|20260902045540|935.31
1788296145|20260902045545|935.32
1788296165|20260902045605|935.30
1788296170|20260902045610|935.36
1788296175|20260902045615|935.36
1788296180|20260902045620|935.36
1788296185|20260902045625|935.36
1788296195|20260902045635|935.35
1788296200|20260902045640|935.38
1788296205|20260902045645|935.37
1788296210|20260902045650|935.32
1788296215|20260902045655|935.32
1788296225|20260902045705|935.29
1788296230|20260902045710|935.29
1788296235|20260902045715|935.33
1788296245|20260902045725|935.32
1788296260|20260902045740|935.38
1788296265|20260902045745|935.37
1788296270|20260902045750|935.37
1788296275|20260902045755|935.38
1788296285|20260902045805|935.30
1788296290|20260902045810|935.32
1788296295|20260902045815|935.35
1788296315|20260902045835|935.31
1788296320|20260902045840|935.32
1788296325|20260902045845|935.31
1788296330|20260902045850|935.28
1788296335|20260902045855|935.23
1788296340|20260902045900|935.23
1788296345|20260902045905|935.26
1788296350|20260902045910|935.24
1788296355|20260902045915|935.25
1788296360|20260902045920|935.22
1788300015|20260902060015|935.91
1788300020|20260902060020|936.04
1788300025|20260902060025|936.13
1788300035|20260902060035|936.32
1788300040|20260902060040|936.40
1788300045|20260902060045|936.43
1788300050|20260902060050|936.38
1788300060|20260902060100|936.57
1788300080|20260902060120|936.33
1788300085|20260902060125|936.27
1788300100|20260902060140|936.28
1788300105|20260902060145|936.27
1788300110|20260902060150|936.28
1788300125|20260902060205|936.09
1788300135|20260902060215|936.05
1788300140|20260902060220|936.06
1788300145|20260902060225|936.10
1788300155|20260902060235|936.10
1788300160|20260902060240|936.10
1788300175|20260902060255|936.17
1788300185|20260902060305|936.14
1788300190|20260902060310|936.11
1788300195|20260902060315|936.11
1788300205|20260902060325|936.21
1788300215|20260902060335|936.36
1788300220|20260902060340|936.33
1788300230|20260902060350|936.34
1788300235|20260902060355|936.32
1788300240|20260902060400|936.36
1788300245|20260902060405|936.43
1788300255|20260902060415|936.43
1788300260|20260902060420|936.37
1788300265|20260902060425|936.38
1788300300|20260902060500|935.91
1788300305|20260902060505|935.78
1788300310|20260902060510|935.76
1788300315|20260902060515|935.73
1788300320|20260902060520|935.62
1788300325|20260902060525|935.61
1788300335|20260902060535|935.45
1788300340|20260902060540|935.45
1788300345|20260902060545|935.50
1788300355|20260902060555|935.44
1788300360|20260902060600|935.43
1788300365|20260902060605|935.42
1788300370|20260902060610|935.43
1788300375|20260902060615|935.45
1788300380|20260902060620|935.43
1788300395|20260902060635|935.41
1788300400|20260902060640|935.43
1788300405|20260902060645|935.42
1788300410|20260902060650|935.45
1788300415|20260902060655|935.45
1788300420|20260902060700|935.45
1788300425|20260902060705|935.44
1788300430|20260902060710|935.46
1788300440|20260902060720|935.46
1788300445|20260902060725|935.45
1788300455|20260902060735|935.43
1788300460|20260902060740|935.42
1788300465|20260902060745|935.46
1788300475|20260902060755|935.53
1788300485|20260902060805|935.52
1788300490|20260902060810|935.49
1788300495|20260902060815|935.68
1788300500|20260902060820|935.58
1788300505|20260902060825|935.60
1788300525|20260902060845|935.60
1788300530|20260902060850|935.63
1788300535|20260902060855|935.63
1788300545|20260902060905|935.66
1788300550|20260902060910|935.69
1788300555|20260902060915|935.68
1788300560|20260902060920|935.67
1788300565|20260902060925|935.69
1788300605|20260902061005|935.65
1788300610|20260902061010|935.65
1788300615|20260902061015|935.68
1788300620|20260902061020|935.65
1788300625|20260902061025|935.61
1788300635|20260902061035|935.39
1788300640|20260902061040|935.35
1788300655|20260902061055|935.46
1788300660|20260902061100|935.46
1788300665|20260902061105|935.43
1788300675|20260902061115|935.52
1788300680|20260902061120|935.55
1788300685|20260902061125|935.52
1788300695|20260902061135|935.48
1788300700|20260902061140|935.42
1788300705|20260902061145|935.48
1788300710|20260902061150|935.49
1788300715|20260902061155|935.48
1788300720|20260902061200|935.45
1788300725|20260902061205|935.44
1788300735|20260902061215|935.43
1788300740|20260902061220|935.45
1788300745|20260902061225|935.45
1788300755|20260902061235|935.52
1788300760|20260902061240|935.50
1788300770|20260902061250|935.39
1788300780|20260902061300|935.39
1788300785|20260902061305|935.38
1788300790|20260902061310|935.43
1788300795|20260902061315|935.46
1788300800|20260902061320|935.50
1788300805|20260902061325|935.48
1788300815|20260902061335|935.50
1788300820|20260902061340|935.59
1788300825|20260902061345|935.54
1788300830|20260902061350|935.55
1788300835|20260902061355|935.53
1788300845|20260902061405|935.47
1788300850|20260902061410|935.48
1788300855|20260902061415|935.52
1788300860|20260902061420|935.50
1788300900|20260902061500|935.46
1788300905|20260902061505|935.45
1788300910|20260902061510|935.45
1788300920|20260902061520|935.38
1788300925|20260902061525|935.36
1788300935|20260902061535|935.36
1788300940|20260902061540|935.34
1788300960|20260902061600|935.39
1788300965|20260902061605|935.38
1788300970|20260902061610|935.38
1788300975|20260902061615|935.35
1788300980|20260902061620|935.37
1788300995|20260902061635|935.41
1788301000|20260902061640|935.41
1788301005|20260902061645|935.44
1788301010|20260902061650|935.45
1788301015|20260902061655|935.45
1788301020|20260902061700|935.41
1788301025|20260902061705|935.36
1788301030|20260902061710|935.38
1788301040|20260902061720|935.38
1788301045|20260902061725|935.41
1788301055|20260902061735|935.42
1788301060|20260902061740|935.45
1788301065|20260902061745|935.48
1788301075|20260902061755|935.18
1788301085|20260902061805|935.19
1788301090|20260902061810|935.20
1788301095|20260902061815|935.23
1788301100|20260902061820|935.23
1788301105|20260902061825|935.22
1788301120|20260902061840|935.23
1788301125|20260902061845|935.20
1788301130|20260902061850|935.18
1788301140|20260902061900|935.22
1788301145|20260902061905|935.11
1788301150|20260902061910|935.11
1788301160|20260902061920|935.12
1788301165|20260902061925|935.11
1788301205|20260902062005|935.18
1788301210|20260902062010|935.14
1788301220|20260902062020|935.14
1788301225|20260902062025|935.17
1788301240|20260902062040|935.18
1788301245|20260902062045|935.18
1788301250|20260902062050|935.19
1788301255|20260902062055|935.30
1788301260|20260902062100|935.28
1788301265|20260902062105|935.24
1788301270|20260902062110|935.26
1788301275|20260902062115|935.26
1788301280|20260902062120|935.21
1788301285|20260902062125|935.21
1788301295|20260902062135|935.25
1788301305|20260902062145|935.22
1788301315|20260902062155|935.19
1788301320|20260902062200|935.30
1788301325|20260902062205|935.30
1788301330|20260902062210|935.28
1788301340|20260902062220|935.30
1788301345|20260902062225|935.30
1788301355|20260902062235|935.20
1788301360|20260902062240|935.20
1788301365|20260902062245|935.19
1788301370|20260902062250|935.18
1788301375|20260902062255|935.12
1788301380|20260902062300|935.15
1788301385|20260902062305|935.18
1788301390|20260902062310|935.17
1788301395|20260902062315|935.15
1788301400|20260902062320|935.15
1788301405|20260902062325|935.16
1788301420|20260902062340|935.25
1788301425|20260902062345|935.24
1788301430|20260902062350|935.24
1788301435|20260902062355|935.27
1788301445|20260902062405|935.23
1788301450|20260902062410|935.24
1788301455|20260902062415|935.17
1788301460|20260902062420|935.15
1788301465|20260902062425|935.18
1788301500|20260902062500|935.21
1788301505|20260902062505|935.18
1788301510|20260902062510|935.21
1788301515|20260902062515|935.15
1788301520|20260902062520|935.19
1788301525|20260902062525|935.19
1788301540|20260902062540|935.06
1788301545|20260902062545|935.06
1788301550|20260902062550|935.10
1788301560|20260902062600|935.11
1788301565|20260902062605|935.06
1788301570|20260902062610|935.05
1788301580|20260902062620|935.15
1788301585|20260902062625|935.14
1788301595|20260902062635|935.13
1788301600|20260902062640|935.14
1788301605|20260902062645|935.14
1788301610|20260902062650|935.15
1788301620|20260902062700|935.17
1788301625|20260902062705|935.17
1788301630|20260902062710|935.19
1788301635|20260902062715|935.19
1788301640|20260902062720|935.24
1788301645|20260902062725|935.22
1788301660|20260902062740|935.24
1788301665|20260902062745|935.24
1788301670|20260902062750|935.17
1788301675|20260902062755|935.16
1788301680|20260902062800|935.15
1788301685|20260902062805|935.13
1788301690|20260902062810|935.13
1788301695|20260902062815|935.14
1788301705|20260902062825|935.14
1788301710|20260902062830|935.14
1788301715|20260902062835|935.17
1788301720|20260902062840|935.17
1788301725|20260902062845|935.16
1788301735|20260902062855|935.12
1788301745|20260902062905|935.12
1788301750|20260902062910|935.12
1788301755|20260902062915|935.12
1788301765|20260902062925|935.10
1788301770|20260902062930|935.17
1788301790|20260902062950|935.18
1788301805|20260902063005|935.15
1788301810|20260902063010|935.18
1788301820|20260902063020|935.18
1788301825|20260902063025|935.16
1788301840|20260902063040|935.17
1788301845|20260902063045|935.24
1788301855|20260902063055|935.19
1788301860|20260902063100|935.26
1788301865|20260902063105|935.30
1788301870|20260902063110|935.27
1788301880|20260902063120|935.28
1788301885|20260902063125|935.26
1788301895|20260902063135|935.24
1788301900|20260902063140|935.21
1788301905|20260902063145|935.21
1788301915|20260902063155|935.17
1788301920|20260902063200|935.14
1788301930|20260902063210|935.13
1788301935|20260902063215|935.09
1788301940|20260902063220|935.10
1788301945|20260902063225|935.10
1788301955|20260902063235|935.10
1788301960|20260902063240|935.03
1788301965|20260902063245|935.04
1788301970|20260902063250|935.04
1788301975|20260902063255|934.98
1788301980|20260902063300|934.96
1788301985|20260902063305|934.97
1788301990|20260902063310|935.02
1788301995|20260902063315|935.07
1788302000|20260902063320|935.06
1788302005|20260902063325|935.06
1788302015|20260902063335|935.03
1788302025|20260902063345|935.02
1788302030|20260902063350|935.01
1788302035|20260902063355|935.01
1788302040|20260902063400|935.03
1788302045|20260902063405|935.08
1788302050|20260902063410|935.08
1788302055|20260902063415|935.09
1788302060|20260902063420|935.09
1788302065|20260902063425|935.11
1788302100|20260902063500|935.08
1788302105|20260902063505|935.09
1788302110|20260902063510|935.05
1788302115|20260902063515|935.13
1788302120|20260902063520|935.11
1788302135|20260902063535|935.10
1788302140|20260902063540|935.22
1788302145|20260902063545|935.39
1788302150|20260902063550|935.43
1788302155|20260902063555|935.46
1788302160|20260902063600|935.45
1788302165|20260902063605|935.43
1788302175|20260902063615|935.39
1788302180|20260902063620|935.39
1788302185|20260902063625|935.40
1788302200|20260902063640|935.46
1788302205|20260902063645|935.47
1788302210|20260902063650|935.45
1788302215|20260902063655|935.45
1788302220|20260902063700|935.37
1788302230|20260902063710|935.23
1788302240|20260902063720|935.26
1788302245|20260902063725|935.24
1788302260|20260902063740|935.24
1788302275|20260902063755|935.25
1788302280|20260902063800|935.24
1788302285|20260902063805|935.24
1788302295|20260902063815|935.20
1788302300|20260902063820|935.12
1788302305|20260902063825|935.12
1788302315|20260902063835|935.11
1788302320|20260902063840|935.11
1788302325|20260902063845|935.11
1788302330|20260902063850|935.11
1788302340|20260902063900|935.11
1788302345|20260902063905|935.19
1788302355|20260902063915|935.15
1788302360|20260902063920|935.16
1788302365|20260902063925|935.11
1788302405|20260902064005|935.12
1788302410|20260902064010|935.10
1788302420|20260902064020|935.13
1788302425|20260902064025|935.12
1788302440|20260902064040|935.11
1788302445|20260902064045|935.02
1788302450|20260902064050|934.96
1788302455|20260902064055|934.98
1788302465|20260902064105|934.96
1788302475|20260902064115|934.91
1788302480|20260902064120|934.94
1788302485|20260902064125|934.96
1788302495|20260902064135|934.85
1788302500|20260902064140|934.85
1788302505|20260902064145|934.87
1788302510|20260902064150|934.87
1788302515|20260902064155|934.89
1788302520|20260902064200|934.88
1788302525|20260902064205|934.90
1788302530|20260902064210|934.91
1788302540|20260902064220|934.94
1788302545|20260902064225|934.95
1788302565|20260902064245|935.02
1788302575|20260902064255|934.98
1788302580|20260902064300|934.96
1788302585|20260902064305|935.00
1788302595|20260902064315|934.99
1788302600|20260902064320|935.07
1788302605|20260902064325|935.09
1788302615|20260902064335|935.13
1788302620|20260902064340|935.15
1788302625|20260902064345|935.15
1788302630|20260902064350|935.17
1788302635|20260902064355|935.19
1788302640|20260902064400|935.23
1788302645|20260902064405|935.27
1788302650|20260902064410|935.23
1788302655|20260902064415|935.17
1788302660|20260902064420|935.16
1788302665|20260902064425|935.17
1788302700|20260902064500|935.23
1788302705|20260902064505|935.25
1788302710|20260902064510|935.26
1788302715|20260902064515|935.23
1788302735|20260902064535|935.23
1788302740|20260902064540|935.25
1788302745|20260902064545|935.10
1788302750|20260902064550|935.26
1788302765|20260902064605|935.28
1788302775|20260902064615|935.20
1788302780|20260902064620|935.22
1788302785|20260902064625|935.17
1788302795|20260902064635|935.18
1788302805|20260902064645|935.16
1788302820|20260902064700|935.18
1788302830|20260902064710|935.13
1788302835|20260902064715|935.12
1788302855|20260902064735|935.12
1788302860|20260902064740|935.12
1788302865|20260902064745|935.15
1788302870|20260902064750|935.15
1788302880|20260902064800|935.19
1788302885|20260902064805|935.15
1788302895|20260902064815|935.17
1788302900|20260902064820|935.16
1788302905|20260902064825|935.17
1788302915|20260902064835|935.13
1788302920|20260902064840|935.15
1788302925|20260902064845|935.14
1788302930|20260902064850|935.17
1788302935|20260902064855|935.14
1788302945|20260902064905|935.18
1788302950|20260902064910|935.17
1788302955|20260902064915|935.16
1788302960|20260902064920|935.18
1788303005|20260902065005|935.24
1788303010|20260902065010|935.28
1788303020|20260902065020|935.27
1788303025|20260902065025|935.25
1788303035|20260902065035|935.19
1788303040|20260902065040|935.18
1788303065|20260902065105|935.53
1788303070|20260902065110|935.50
1788303080|20260902065120|935.58
1788303085|20260902065125|935.53
1788303095|20260902065135|935.58
1788303105|20260902065145|935.68
1788303110|20260902065150|935.74
1788303115|20260902065155|935.77
1788303120|20260902065200|935.82
1788303130|20260902065210|935.86
1788303135|20260902065215|935.82
1788303140|20260902065220|935.85
1788303145|20260902065225|935.83
1788303155|20260902065235|935.80
1788303160|20260902065240|935.77
1788303170|20260902065250|935.75
1788303175|20260902065255|935.70
1788303185|20260902065305|935.73
1788303190|20260902065310|935.70
1788303195|20260902065315|935.69
1788303200|20260902065320|935.68
1788303205|20260902065325|935.69
1788303215|20260902065335|935.57
1788303220|20260902065340|935.62
1788303225|20260902065345|935.64
1788303235|20260902065355|935.61
1788303245|20260902065405|935.56
1788303250|20260902065410|935.50
1788303255|20260902065415|935.51
1788303260|20260902065420|935.50
1788303265|20260902065425|935.50
1788303300|20260902065500|935.50
1788303305|20260902065505|935.50
1788303310|20260902065510|935.56
1788303315|20260902065515|935.55
1788303320|20260902065520|935.54
1788303325|20260902065525|935.60
1788303335|20260902065535|935.58
1788303340|20260902065540|935.58
1788303345|20260902065545|935.59
1788303350|20260902065550|935.61
1788303355|20260902065555|935.49
1788303360|20260902065600|935.49
1788303365|20260902065605|935.48
1788303370|20260902065610|935.48
1788303375|20260902065615|935.47
1788303380|20260902065620|935.49
1788303385|20260902065625|935.47
1788303395|20260902065635|935.44
1788303400|20260902065640|935.46
1788303405|20260902065645|935.54
1788303410|20260902065650|935.53
1788303415|20260902065655|935.52
1788303420|20260902065700|935.55
1788303425|20260902065705|935.55
1788303430|20260902065710|935.50
1788303435|20260902065715|935.52
1788303440|20260902065720|935.54
1788303445|20260902065725|935.63
1788303455|20260902065735|935.64
1788303460|20260902065740|935.63
1788303465|20260902065745|935.58
1788303470|20260902065750|935.60
1788303480|20260902065800|935.57
1788303485|20260902065805|935.61
1788303490|20260902065810|935.61
1788303495|20260902065815|935.60
1788303500|20260902065820|935.58
1788303505|20260902065825|935.59
1788303515|20260902065835|935.44
1788303520|20260902065840|935.49
1788303525|20260902065845|935.48
1788303530|20260902065850|935.48
1788303535|20260902065855|935.52
1788303545|20260902065905|935.48
1788303550|20260902065910|935.49
1788303555|20260902065915|935.50
1788303560|20260902065920|935.49
1788303565|20260902065925|935.50
1788303600|20260902070000|935.49
1788303605|20260902070005|935.50
1788303610|20260902070010|935.41
1788303615|20260902070015|935.39
1788303620|20260902070020|935.46
1788303625|20260902070025|935.37
1788303635|20260902070035|935.24
1788303640|20260902070040|935.16
1788303645|20260902070045|935.14
1788303650|20260902070050|935.10
1788303655|20260902070055|935.02
1788303660|20260902070100|935.07
1788303665|20260902070105|935.08
1788303670|20260902070110|935.19
1788303675|20260902070115|935.23
1788303680|20260902070120|935.21
1788303685|20260902070125|935.21
1788303695|20260902070135|935.20
1788303700|20260902070140|935.04
1788303705|20260902070145|935.02
1788303710|20260902070150|935.01
1788303715|20260902070155|935.11
1788303720|20260902070200|935.06
1788303725|20260902070205|935.21
1788303730|20260902070210|935.24
1788303735|20260902070215|935.25
1788303740|20260902070220|935.24
1788303745|20260902070225|935.25
1788303750|20260902070230|935.26
1788303755|20260902070235|935.28
1788303760|20260902070240|935.35
1788303765|20260902070245|935.33
1788303770|20260902070250|935.25
1788303775|20260902070255|935.18
1788303780|20260902070300|935.17
1788303785|20260902070305|935.26
1788303790|20260902070310|935.27
1788303795|20260902070315|935.35
1788303800|20260902070320|935.35
1788303805|20260902070325|935.26
1788303815|20260902070335|935.31
1788303825|20260902070345|935.29
1788303835|20260902070355|935.31
1788303845|20260902070405|935.48
1788303850|20260902070410|935.45
1788303855|20260902070415|935.45
1788303865|20260902070425|935.52
1788303900|20260902070500|935.51
1788303905|20260902070505|935.53
1788303915|20260902070515|935.50
1788303920|20260902070520|935.51
1788303925|20260902070525|935.40
1788303940|20260902070540|935.52
1788303945|20260902070545|935.54
1788303950|20260902070550|935.53
1788303960|20260902070600|935.56
1788303965|20260902070605|935.57
1788303970|20260902070610|935.59
1788303975|20260902070615|935.64
1788303980|20260902070620|935.64
1788303985|20260902070625|935.63
1788304000|20260902070640|935.56
1788304005|20260902070645|935.60
1788304015|20260902070655|935.60
1788304025|20260902070705|935.47
1788304030|20260902070710|935.35
1788304035|20260902070715|935.38
1788304040|20260902070720|935.32
1788304045|20260902070725|935.34
1788304055|20260902070735|935.36
1788304060|20260902070740|935.44
1788304065|20260902070745|935.45
1788304070|20260902070750|935.34
1788304075|20260902070755|935.31
1788304085|20260902070805|935.40
1788304090|20260902070810|935.65
1788304095|20260902070815|935.65
1788304100|20260902070820|935.65
1788304105|20260902070825|935.72
1788304120|20260902070840|935.69
1788304125|20260902070845|935.78
1788304130|20260902070850|935.79
1788304135|20260902070855|935.78
1788304140|20260902070900|935.77
1788304145|20260902070905|935.67
1788304150|20260902070910|935.65
1788304155|20260902070915|935.67
1788304165|20260902070925|935.68
1788304205|20260902071005|935.77
1788304210|20260902071010|935.77
1788304215|20260902071015|935.76
1788304220|20260902071020|935.78
1788304225|20260902071025|935.77
1788304235|20260902071035|935.78
1788304240|20260902071040|935.78
1788304245|20260902071045|935.84
1788304250|20260902071050|935.84
1788304255|20260902071055|935.82
1788304260|20260902071100|935.81
1788304265|20260902071105|935.77
1788304270|20260902071110|935.78
1788304280|20260902071120|935.76
1788304285|20260902071125|935.76
1788304295|20260902071135|935.78
1788304300|20260902071140|935.80
1788304310|20260902071150|935.79
1788304320|20260902071200|935.89
1788304325|20260902071205|935.90
1788304330|20260902071210|935.92
1788304340|20260902071220|935.81
1788304345|20260902071225|935.81
1788304355|20260902071235|935.81
1788304370|20260902071250|935.82
1788304380|20260902071300|935.79
1788304395|20260902071315|935.81
1788304400|20260902071320|935.84
1788304405|20260902071325|935.90
1788304415|20260902071335|936.12
1788304420|20260902071340|936.11
1788304425|20260902071345|936.15
1788304430|20260902071350|936.17
1788304435|20260902071355|936.08
1788304455|20260902071415|935.97
1788304460|20260902071420|935.95
1788304465|20260902071425|935.90
1788304500|20260902071500|935.74
1788304505|20260902071505|935.75
1788304510|20260902071510|935.74
1788304515|20260902071515|935.73
1788304525|20260902071525|935.74
1788304535|20260902071535|935.72
1788304540|20260902071540|935.72
1788304545|20260902071545|935.73
1788304550|20260902071550|935.74
1788304555|20260902071555|935.74
1788304565|20260902071605|935.85
1788304570|20260902071610|935.88
1788304575|20260902071615|935.90
1788304580|20260902071620|935.92
1788304585|20260902071625|935.93
1788304595|20260902071635|935.91
1788304600|20260902071640|935.92
1788304605|20260902071645|935.91
1788304610|20260902071650|935.94
1788304620|20260902071700|935.85
1788304625|20260902071705|935.82
1788304630|20260902071710|935.80
1788304635|20260902071715|935.80
1788304645|20260902071725|935.79
1788304655|20260902071735|935.76
1788304660|20260902071740|935.76
1788304670|20260902071750|935.78
1788304675|20260902071755|935.76
1788304680|20260902071800|935.75
1788304685|20260902071805|935.84
1788304690|20260902071810|935.86
1788304695|20260902071815|935.88
1788304715|20260902071835|935.91
1788304720|20260902071840|935.91
1788304725|20260902071845|935.81
1788304730|20260902071850|935.84
1788304745|20260902071905|935.71
1788304750|20260902071910|935.71
1788304755|20260902071915|935.74
1788304760|20260902071920|935.72
1788304810|20260902072010|935.70
1788304815|20260902072015|935.76
1788304825|20260902072025|935.75
1788304835|20260902072035|935.76
1788304840|20260902072040|935.75
1788304845|20260902072045|935.85
1788304855|20260902072055|935.82
1788304860|20260902072100|935.69
1788304870|20260902072110|935.69
1788304875|20260902072115|935.60
1788304895|20260902072135|935.40
1788304900|20260902072140|935.41
1788304905|20260902072145|935.42
1788304910|20260902072150|935.39
1788304915|20260902072155|935.34
1788304925|20260902072205|935.11
1788304930|20260902072210|934.91
1788304935|20260902072215|934.96
1788304940|20260902072220|934.92
1788304945|20260902072225|934.92
1788304955|20260902072235|935.09
1788304960|20260902072240|935.16
1788304965|20260902072245|935.15
1788304985|20260902072305|935.01
1788304990|20260902072310|935.07
1788304995|20260902072315|935.11
1788305000|20260902072320|935.11
1788305005|20260902072325|935.04
1788305015|20260902072335|935.03
1788305020|20260902072340|935.02
1788305035|20260902072355|935.04
1788305040|20260902072400|934.94
1788305045|20260902072405|934.94
1788305050|20260902072410|935.00
1788305055|20260902072415|934.98
1788305060|20260902072420|935.01
1788305065|20260902072425|935.05
1788305100|20260902072500|935.05
1788305105|20260902072505|935.01
1788305110|20260902072510|935.03
1788305115|20260902072515|935.02
1788305120|20260902072520|935.00
1788305125|20260902072525|934.95
1788305135|20260902072535|934.87
1788305140|20260902072540|934.95
1788305155|20260902072555|935.31
1788305170|20260902072610|935.50
1788305175|20260902072615|935.44
1788305180|20260902072620|935.42
1788305185|20260902072625|935.42
1788305195|20260902072635|935.47
1788305200|20260902072640|935.45
1788305205|20260902072645|935.37
1788305210|20260902072650|935.46
1788305215|20260902072655|935.49
1788305225|20260902072705|935.43
1788305230|20260902072710|935.41
1788305235|20260902072715|935.35
1788305240|20260902072720|935.33
1788305245|20260902072725|935.33
1788305255|20260902072735|935.33
1788305265|20260902072745|935.38
1788305270|20260902072750|935.38
1788305275|20260902072755|935.46
1788305280|20260902072800|935.50
1788305285|20260902072805|935.49
1788305290|20260902072810|935.48
1788305295|20260902072815|935.49
1788305300|20260902072820|935.53
1788305305|20260902072825|935.55
1788305315|20260902072835|935.51
1788305320|20260902072840|935.43
1788305325|20260902072845|935.42
1788305335|20260902072855|935.42
1788305345|20260902072905|935.35
1788305350|20260902072910|935.42
1788305355|20260902072915|935.42
1788305360|20260902072920|935.44
1788305365|20260902072925|935.44
1788305395|20260902072955|935.79
1788305405|20260902073005|935.81
1788305415|20260902073015|935.84
1788305425|20260902073025|935.85
1788305440|20260902073040|935.88
1788305445|20260902073045|935.98
1788305450|20260902073050|936.03
1788305455|20260902073055|936.03
1788305460|20260902073100|936.05
1788305465|20260902073105|935.99
1788305470|20260902073110|936.00
1788305475|20260902073115|935.97
1788305480|20260902073120|935.93
1788305485|20260902073125|935.91
1788305495|20260902073135|936.02
1788305500|20260902073140|936.14
1788305505|20260902073145|936.05
1788305510|20260902073150|936.08
1788305515|20260902073155|936.05
1788305520|20260902073200|936.03
1788305525|20260902073205|935.86
1788305530|20260902073210|935.84
1788305535|20260902073215|935.85
1788305540|20260902073220|935.91
1788305545|20260902073225|935.92
1788305555|20260902073235|935.95
1788305560|20260902073240|935.95
1788305565|20260902073245|935.93
1788305570|20260902073250|935.94
1788305585|20260902073305|935.96
1788305595|20260902073315|935.93
1788305600|20260902073320|935.93
1788305605|20260902073325|935.91
1788305615|20260902073335|935.89
1788305620|20260902073340|935.89
1788305625|20260902073345|935.85
1788305630|20260902073350|935.84
1788305635|20260902073355|935.90
1788305645|20260902073405|935.88
1788305650|20260902073410|935.85
1788305660|20260902073420|935.95
1788305665|20260902073425|936.02
1788305680|20260902073440|936.05
1788305700|20260902073500|936.30
1788305705|20260902073505|936.21
1788305710|20260902073510|936.26
1788305720|20260902073520|936.18
1788305725|20260902073525|936.15
1788305735|20260902073535|936.15
1788305740|20260902073540|936.14
1788305745|20260902073545|936.08
1788305755|20260902073555|936.08
1788305760|20260902073600|936.09
1788305765|20260902073605|936.09
1788305770|20260902073610|936.09
1788305775|20260902073615|936.08
1788305780|20260902073620|936.08
1788305785|20260902073625|936.07
1788305795|20260902073635|936.08
1788305800|20260902073640|936.15
1788305805|20260902073645|936.19
1788305810|20260902073650|936.17
1788305815|20260902073655|936.23
1788305820|20260902073700|936.21
1788305825|20260902073705|936.22
1788305830|20260902073710|936.31
1788305835|20260902073715|936.33
1788305840|20260902073720|936.34
1788305845|20260902073725|936.35
1788305855|20260902073735|936.40
1788305860|20260902073740|936.42
1788305875|20260902073755|936.43
1788305885|20260902073805|936.47
1788305890|20260902073810|936.43
1788305895|20260902073815|936.48
1788305900|20260902073820|936.48
1788305905|20260902073825|936.59
1788305915|20260902073835|936.79
1788305920|20260902073840|936.47
1788305925|20260902073845|936.56
1788305930|20260902073850|936.59
1788305935|20260902073855|936.60
1788305945|20260902073905|936.57
1788305950|20260902073910|936.56
1788305955|20260902073915|936.64
1788305960|20260902073920|936.63
1788305965|20260902073925|936.63
1788306005|20260902074005|936.67
1788306015|20260902074015|936.65
1788306020|20260902074020|936.60
1788306025|20260902074025|936.69
1788306035|20260902074035|936.72
1788306045|20260902074045|936.72
1788306050|20260902074050|936.73
1788306055|20260902074055|936.74
1788306060|20260902074100|936.70
1788306065|20260902074105|936.67
1788306070|20260902074110|936.77
1788306075|20260902074115|936.72
1788306080|20260902074120|936.78
1788306095|20260902074135|936.71
1788306100|20260902074140|936.64
1788306105|20260902074145|936.72
1788306115|20260902074155|936.68
1788306120|20260902074200|936.68
1788306125|20260902074205|936.67
1788306130|20260902074210|936.67
1788306135|20260902074215|936.55
1788306140|20260902074220|936.55
1788306145|20260902074225|936.50
1788306155|20260902074235|936.78
1788306160|20260902074240|936.67
1788306180|20260902074300|936.72
1788306185|20260902074305|936.70
1788306190|20260902074310|936.70
1788306195|20260902074315|936.70
1788306200|20260902074320|936.64
1788306205|20260902074325|936.73
1788306215|20260902074335|936.55
1788306220|20260902074340|936.56
1788306225|20260902074345|936.44
1788306240|20260902074400|936.46
1788306245|20260902074405|936.39
1788306250|20260902074410|936.37
1788306255|20260902074415|936.38
1788306260|20260902074420|936.36
1788306265|20260902074425|936.37
1788306275|20260902074435|936.41
1788306280|20260902074440|936.43
1788306290|20260902074450|936.39
1788306300|20260902074500|936.47
1788306305|20260902074505|936.37
1788306315|20260902074515|936.23
1788306320|20260902074520|936.11
1788306325|20260902074525|936.09
1788306335|20260902074535|936.00
1788306340|20260902074540|936.01
1788306345|20260902074545|936.03
1788306350|20260902074550|936.03
1788306355|20260902074555|936.06
1788306365|20260902074605|936.18
1788306370|20260902074610|936.20
1788306375|20260902074615|936.25
1788306385|20260902074625|936.11
1788306395|20260902074635|936.09
1788306400|20260902074640|936.03
1788306405|20260902074645|936.07
1788306410|20260902074650|936.10
1788306415|20260902074655|936.11
1788306420|20260902074700|936.15
1788306425|20260902074705|936.11
1788306435|20260902074715|936.09
1788306440|20260902074720|936.12
1788306445|20260902074725|936.07
1788306455|20260902074735|935.96
1788306460|20260902074740|935.94
1788306465|20260902074745|935.90
1788306470|20260902074750|935.93
1788306475|20260902074755|935.96
1788306485|20260902074805|936.16
1788306490|20260902074810|936.17
1788306495|20260902074815|936.16
1788306500|20260902074820|936.17
1788306505|20260902074825|936.16
1788306515|20260902074835|936.16
1788306520|20260902074840|936.09
1788306525|20260902074845|936.04
1788306530|20260902074850|936.04
1788306535|20260902074855|936.05
1788306545|20260902074905|936.23
1788306550|20260902074910|936.19
1788306555|20260902074915|936.19
1788306565|20260902074925|936.11
1788306605|20260902075005|935.99
1788306610|20260902075010|935.98
1788306620|20260902075020|936.05
1788306635|20260902075035|936.16
1788306640|20260902075040|936.15
1788306645|20260902075045|936.13
1788306660|20260902075100|936.10
1788306665|20260902075105|935.98
1788306670|20260902075110|935.86
1788306675|20260902075115|935.82
1788306680|20260902075120|935.80
1788306685|20260902075125|935.77
1788306695|20260902075135|935.81
1788306700|20260902075140|935.81
1788306705|20260902075145|935.81
1788306710|20260902075150|935.82
1788306715|20260902075155|935.76
1788306720|20260902075200|935.72
1788306725|20260902075205|935.81
1788306730|20260902075210|935.79
1788306735|20260902075215|935.83
1788306740|20260902075220|935.82
1788306745|20260902075225|935.83
1788306755|20260902075235|935.78
1788306760|20260902075240|935.80
1788306765|20260902075245|935.78
1788306770|20260902075250|935.79
1788306785|20260902075305|935.97
1788306790|20260902075310|935.92
1788306795|20260902075315|935.93
1788306800|20260902075320|935.92
1788306805|20260902075325|935.90
1788306815|20260902075335|936.00
1788306820|20260902075340|936.00
1788306825|20260902075345|936.03
1788306830|20260902075350|936.03
1788306835|20260902075355|935.99
1788306840|20260902075400|935.79
1788306845|20260902075405|935.64
1788306850|20260902075410|935.59
1788306855|20260902075415|935.61
1788306865|20260902075425|935.50
1788306900|20260902075500|935.43
1788306905|20260902075505|935.29
1788306915|20260902075515|935.16
1788306920|20260902075520|934.99
1788306925|20260902075525|935.02
1788306935|20260902075535|934.91
1788306940|20260902075540|934.99
1788306950|20260902075550|934.94
1788306955|20260902075555|934.95
1788306965|20260902075605|935.11
1788306970|20260902075610|935.14
1788306975|20260902075615|935.15
1788306980|20260902075620|935.15
1788306985|20260902075625|934.98
1788306995|20260902075635|935.06
1788307000|20260902075640|935.03
1788307005|20260902075645|935.14
1788307015|20260902075655|935.17
1788307025|20260902075705|935.28
1788307030|20260902075710|935.28
1788307040|20260902075720|935.34
1788307045|20260902075725|935.34
1788307055|20260902075735|935.30
1788307060|20260902075740|935.30
1788307065|20260902075745|935.33
1788307070|20260902075750|935.26
1788307075|20260902075755|935.25
1788307085|20260902075805|935.21
1788307090|20260902075810|935.23
1788307095|20260902075815|935.20
1788307100|20260902075820|935.07
1788307105|20260902075825|935.04
1788307120|20260902075840|935.34
1788307130|20260902075850|935.04
1788307135|20260902075855|935.34
1788307140|20260902075900|935.38
1788307145|20260902075905|935.21
1788307150|20260902075910|935.22
1788307155|20260902075915|935.31
1788307160|20260902075920|935.32
1788307165|20260902075925|935.31
1788307175|20260902075935|935.09
1788307205|20260902080005|934.32
1788307210|20260902080010|934.43
1788307215|20260902080015|934.32
1788307220|20260902080020|934.27
1788307225|20260902080025|934.29
1788307235|20260902080035|934.70
1788307240|20260902080040|934.70
1788307245|20260902080045|934.68
1788307255|20260902080055|934.75
1788307265|20260902080105|934.30
1788307270|20260902080110|934.21
1788307275|20260902080115|934.15
1788307280|20260902080120|934.01
1788307285|20260902080125|933.62
1788307295|20260902080135|934.00
1788307300|20260902080140|934.38
1788307305|20260902080145|934.21
1788307310|20260902080150|934.07
1788307315|20260902080155|934.27
1788307325|20260902080205|934.41
1788307330|20260902080210|934.36
1788307335|20260902080215|934.14
1788307340|20260902080220|934.24
1788307345|20260902080225|934.00
1788307355|20260902080235|933.62
1788307360|20260902080240|932.89
1788307370|20260902080250|933.33
1788307375|20260902080255|933.48
1788307380|20260902080300|933.78
1788307385|20260902080305|934.12
1788307390|20260902080310|934.36
1788307395|20260902080315|934.58
1788307400|20260902080320|934.58
1788307405|20260902080325|934.65
1788307415|20260902080335|934.52
1788307420|20260902080340|934.87
1788307425|20260902080345|934.74
1788307430|20260902080350|934.84
1788307435|20260902080355|935.17
1788307440|20260902080400|935.09
1788307445|20260902080405|935.26
1788307450|20260902080410|935.16
1788307455|20260902080415|935.19
1788307460|20260902080420|935.17
1788307465|20260902080425|935.12
1788307500|20260902080500|935.54
1788307505|20260902080505|935.58
1788307510|20260902080510|935.69
1788307515|20260902080515|935.27
1788307520|20260902080520|935.22
1788307525|20260902080525|935.19
1788307535|20260902080535|935.22
1788307540|20260902080540|935.33
1788307545|20260902080545|935.36
1788307550|20260902080550|935.32
1788307555|20260902080555|934.59
1788307560|20260902080600|934.69
1788307565|20260902080605|934.50
1788307575|20260902080615|934.05
1788307580|20260902080620|934.00
1788307585|20260902080625|934.00
1788307600|20260902080640|933.68
1788307605|20260902080645|933.53
1788307610|20260902080650|933.37
1788307615|20260902080655|933.48
1788307620|20260902080700|933.21
1788307625|20260902080705|933.71
1788307630|20260902080710|933.84
1788307635|20260902080715|933.70
1788307640|20260902080720|933.71
1788307655|20260902080735|933.72
1788307660|20260902080740|933.87
1788307670|20260902080750|933.76
1788307675|20260902080755|933.64
1788307685|20260902080805|933.76
1788307690|20260902080810|934.07
1788307695|20260902080815|934.06
1788307700|20260902080820|934.12
1788307705|20260902080825|934.08
1788307715|20260902080835|934.22
1788307720|20260902080840|934.28
1788307725|20260902080845|934.47
1788307730|20260902080850|934.59
1788307735|20260902080855|934.43
1788307740|20260902080900|934.12
1788307750|20260902080910|934.65
1788307755|20260902080915|934.79
1788307760|20260902080920|934.95
1788307765|20260902080925|935.02
1788307805|20260902081005|934.06
1788307810|20260902081010|934.10
1788307815|20260902081015|934.03
1788307820|20260902081020|933.92
1788307825|20260902081025|934.08
1788307840|20260902081040|933.97
1788307845|20260902081045|934.12
1788307850|20260902081050|934.20
1788307855|20260902081055|934.12
1788307865|20260902081105|933.72
1788307870|20260902081110|933.54
1788307875|20260902081115|933.55
1788307880|20260902081120|933.59
1788307885|20260902081125|933.82
1788307895|20260902081135|933.78
1788307900|20260902081140|933.86
1788307905|20260902081145|933.89
1788307935|20260902081215|933.34
1788307940|20260902081220|933.31
1788307945|20260902081225|933.49
1788307955|20260902081235|933.38
1788307960|20260902081240|933.41
1788307965|20260902081245|933.43
1788307970|20260902081250|933.63
1788307975|20260902081255|933.85
1788307980|20260902081300|933.89
1788307985|20260902081305|933.93
1788307990|20260902081310|933.86
1788307995|20260902081315|933.91
1788308015|20260902081335|934.25
1788308020|20260902081340|934.26
1788308025|20260902081345|934.18
1788308030|20260902081350|934.30
1788308035|20260902081355|934.36
1788308040|20260902081400|934.50
1788308045|20260902081405|934.64
1788308050|20260902081410|934.92
1788308055|20260902081415|934.96
1788308060|20260902081420|935.03
1788308065|20260902081425|935.06
1788308095|20260902081455|934.92
1788308100|20260902081500|935.22
1788308110|20260902081510|935.42
1788308120|20260902081520|935.46
1788308125|20260902081525|935.27
1788308135|20260902081535|935.28
1788308140|20260902081540|935.25
1788308145|20260902081545|935.64
1788308150|20260902081550|935.41
1788308155|20260902081555|935.46
1788308165|20260902081605|935.65
1788308170|20260902081610|935.57
1788308175|20260902081615|935.51
1788308180|20260902081620|935.51
1788308210|20260902081650|935.27
1788308215|20260902081655|935.29
1788308220|20260902081700|935.48
1788308225|20260902081705|935.56
1788308230|20260902081710|935.95
1788308235|20260902081715|935.98
1788308240|20260902081720|936.07
1788308245|20260902081725|936.03
1788308255|20260902081735|936.30
1788308260|20260902081740|936.49
1788308265|20260902081745|936.48
1788308270|20260902081750|936.47
1788308275|20260902081755|936.46
1788308280|20260902081800|936.30
1788308290|20260902081810|936.30
1788308295|20260902081815|936.47
1788308300|20260902081820|936.55
1788308315|20260902081835|936.34
1788308320|20260902081840|936.28
1788308325|20260902081845|936.04
1788308330|20260902081850|936.12
1788308335|20260902081855|936.15
1788308340|20260902081900|935.99
1788308345|20260902081905|935.61
1788308350|20260902081910|935.46
1788308355|20260902081915|935.69
1788308360|20260902081920|935.48
1788308365|20260902081925|935.49
1788308405|20260902082005|935.25
1788308415|20260902082015|935.20
1788308420|20260902082020|935.01
1788308425|20260902082025|934.87
1788308435|20260902082035|935.07
1788308440|20260902082040|934.85
1788308445|20260902082045|934.85
1788308450|20260902082050|934.87
1788308455|20260902082055|934.70
1788308460|20260902082100|934.59
1788308465|20260902082105|934.57
1788308470|20260902082110|934.61
1788308475|20260902082115|934.58
1788308485|20260902082125|934.64
1788308495|20260902082135|934.63
1788308500|20260902082140|934.70
1788308505|20260902082145|934.67
1788308515|20260902082155|934.94
1788308525|20260902082205|934.62
1788308530|20260902082210|934.60
1788308540|20260902082220|934.60
1788308545|20260902082225|934.52
1788308555|20260902082235|934.47
1788308565|20260902082245|935.17
1788308570|20260902082250|936.37
1788308575|20260902082255|935.78
1788308585|20260902082305|935.93
1788308590|20260902082310|935.71
1788308595|20260902082315|936.00
1788308600|20260902082320|935.96
1788308605|20260902082325|936.18
1788308615|20260902082335|935.77
1788308620|20260902082340|935.59
1788308625|20260902082345|935.71
1788308630|20260902082350|935.68
1788308635|20260902082355|935.61
1788308640|20260902082400|935.74
1788308645|20260902082405|935.70
1788308650|20260902082410|935.55
1788308655|20260902082415|935.87
1788308660|20260902082420|936.15
1788308665|20260902082425|935.80
1788308670|20260902082430|935.87
1788308680|20260902082440|935.54
1788308690|20260902082450|935.46
1788308695|20260902082455|935.50
1788308700|20260902082500|935.49
1788308705|20260902082505|935.46
1788308710|20260902082510|935.44
1788308715|20260902082515|935.37
1788308720|20260902082520|935.34
1788308725|20260902082525|935.44
1788308735|20260902082535|935.66
1788308745|20260902082545|935.59
1788308750|20260902082550|935.51
1788308755|20260902082555|935.37
1788308760|20260902082600|935.38
1788308765|20260902082605|935.51
1788308770|20260902082610|935.34
1788308775|20260902082615|935.29
1788308780|20260902082620|935.38
1788308795|20260902082635|935.23
1788308800|20260902082640|935.08
1788308805|20260902082645|935.08
1788308810|20260902082650|935.01
1788308815|20260902082655|935.00
1788308820|20260902082700|934.78
1788308825|20260902082705|934.71
1788308830|20260902082710|934.63
1788308840|20260902082720|934.57
1788308845|20260902082725|934.63
1788308855|20260902082735|934.61
1788308860|20260902082740|934.41
1788308865|20260902082745|934.42
1788308870|20260902082750|934.32
1788308875|20260902082755|934.20
1788308880|20260902082800|934.11
1788308885|20260902082805|934.16
1788308890|20260902082810|934.08
1788308895|20260902082815|934.35
1788308900|20260902082820|934.31
1788308905|20260902082825|934.54
1788308915|20260902082835|934.65
1788308920|20260902082840|934.75
1788308925|20260902082845|934.64
1788308930|20260902082850|934.65
1788308935|20260902082855|934.65
1788308945|20260902082905|934.54
1788308950|20260902082910|934.57
1788308955|20260902082915|934.38
1788308960|20260902082920|934.44
1788308965|20260902082925|934.40
1788309005|20260902083005|934.59
1788309010|20260902083010|934.46
1788309015|20260902083015|934.23
1788309020|20260902083020|934.30
1788309025|20260902083025|934.32
1788309035|20260902083035|934.42
1788309040|20260902083040|934.46
1788309050|20260902083050|934.39
1788309055|20260902083055|934.33
1788309065|20260902083105|934.11
1788309070|20260902083110|933.98
1788309075|20260902083115|933.92
1788309085|20260902083125|933.89
1788309095|20260902083135|933.87
1788309100|20260902083140|933.68
1788309105|20260902083145|933.99
1788309110|20260902083150|933.97
1788309125|20260902083205|934.10
1788309130|20260902083210|934.34
1788309135|20260902083215|934.31
1788309140|20260902083220|934.18
1788309145|20260902083225|934.22
1788309155|20260902083235|934.23
1788309160|20260902083240|934.41
1788309165|20260902083245|934.28
1788309170|20260902083250|934.39
1788309175|20260902083255|934.34
1788309185|20260902083305|934.14
1788309195|20260902083315|933.79
1788309200|20260902083320|933.71
1788309205|20260902083325|933.74
1788309215|20260902083335|933.65
1788309220|20260902083340|933.65
1788309230|20260902083350|933.68
1788309235|20260902083355|933.73
1788309240|20260902083400|933.67
1788309245|20260902083405|933.65
1788309250|20260902083410|933.69
1788309255|20260902083415|934.03
1788309260|20260902083420|933.97
1788309265|20260902083425|934.08
1788309300|20260902083500|934.16
1788309310|20260902083510|934.19
1788309315|20260902083515|934.25
1788309320|20260902083520|934.35
1788309325|20260902083525|934.34
1788309335|20260902083535|934.44
1788309340|20260902083540|934.61
1788309345|20260902083545|934.63
1788309350|20260902083550|934.73
1788309355|20260902083555|934.82
1788309360|20260902083600|935.04
1788309365|20260902083605|935.00
1788309370|20260902083610|934.97
1788309375|20260902083615|935.04
1788309380|20260902083620|935.14
1788309395|20260902083635|934.72
1788309400|20260902083640|934.74
1788309410|20260902083650|934.67
1788309415|20260902083655|934.53
1788309430|20260902083710|934.81
1788309435|20260902083715|934.83
1788309440|20260902083720|935.20
1788309445|20260902083725|935.15
1788309455|20260902083735|935.11
1788309460|20260902083740|935.21
1788309465|20260902083745|935.17
1788309470|20260902083750|935.36
1788309475|20260902083755|935.57
1788309485|20260902083805|935.53
1788309490|20260902083810|935.54
1788309495|20260902083815|935.27
1788309500|20260902083820|935.22
1788309505|20260902083825|934.85
1788309515|20260902083835|934.67
1788309520|20260902083840|934.44
1788309525|20260902083845|934.38
1788309530|20260902083850|934.55
1788309535|20260902083855|934.49
1788309545|20260902083905|935.11
1788309550|20260902083910|935.08
1788309555|20260902083915|934.96
1788309560|20260902083920|934.92
1788309565|20260902083925|934.98
1788309605|20260902084005|934.81
1788309610|20260902084010|934.78
1788309615|20260902084015|934.87
1788309620|20260902084020|934.84
1788309625|20260902084025|934.91
1788309635|20260902084035|934.71
1788309640|20260902084040|934.60
1788309645|20260902084045|934.63
1788309650|20260902084050|934.64
1788309655|20260902084055|934.54
1788309660|20260902084100|934.52
1788309665|20260902084105|934.34
1788309670|20260902084110|934.41
1788309675|20260902084115|934.34
1788309680|20260902084120|934.28
1788309685|20260902084125|934.48
1788309700|20260902084140|934.50
1788309705|20260902084145|934.28
1788309715|20260902084155|934.63
1788309720|20260902084200|934.50
1788309730|20260902084210|934.52
1788309735|20260902084215|934.59
1788309740|20260902084220|934.57
1788309745|20260902084225|934.60
1788309760|20260902084240|934.68
1788309765|20260902084245|934.67
1788309770|20260902084250|934.63
1788309775|20260902084255|934.69
1788309785|20260902084305|934.76
1788309790|20260902084310|934.99
1788309795|20260902084315|934.98
1788309800|20260902084320|934.87
1788309805|20260902084325|934.82
1788309815|20260902084335|934.96
1788309820|20260902084340|934.87
1788309825|20260902084345|935.09
1788309830|20260902084350|935.05
1788309835|20260902084355|934.96
1788309845|20260902084405|935.13
1788309850|20260902084410|935.23
1788309855|20260902084415|935.45
1788309865|20260902084425|935.51
1788309900|20260902084500|935.65
1788309905|20260902084505|935.61
1788309910|20260902084510|935.64
1788309915|20260902084515|935.70
1788309935|20260902084535|935.58
1788309940|20260902084540|935.66
1788309945|20260902084545|935.64
1788309955|20260902084555|935.75
1788309960|20260902084600|935.84
1788309965|20260902084605|935.73
1788309970|20260902084610|935.69
1788309975|20260902084615|935.80
1788309980|20260902084620|935.57
1788309995|20260902084635|935.73
1788310000|20260902084640|935.75
1788310005|20260902084645|935.73
1788310020|20260902084700|935.27
1788310025|20260902084705|935.17
1788310030|20260902084710|935.18
1788310035|20260902084715|935.09
1788310040|20260902084720|935.16
1788310045|20260902084725|935.19
1788310060|20260902084740|935.20
1788310065|20260902084745|935.24
1788310085|20260902084805|934.75
1788310090|20260902084810|934.57
1788310095|20260902084815|934.51
1788310100|20260902084820|934.49
1788310105|20260902084825|934.72
1788310115|20260902084835|934.63
1788310120|20260902084840|934.61
1788310130|20260902084850|934.50
1788310135|20260902084855|934.54
1788310145|20260902084905|934.26
1788310150|20260902084910|934.37
1788310155|20260902084915|934.34
1788310160|20260902084920|934.33
1788310165|20260902084925|934.20
1788310200|20260902085000|934.26
1788310205|20260902085005|934.11
1788310210|20260902085010|934.11
1788310215|20260902085015|933.92
1788310220|20260902085020|933.94
1788310235|20260902085035|933.77
1788310240|20260902085040|933.77
1788310245|20260902085045|933.76
1788310255|20260902085055|933.87
1788310260|20260902085100|933.85
1788310265|20260902085105|933.90
1788310270|20260902085110|933.85
1788310275|20260902085115|933.91
1788310280|20260902085120|933.89
1788310315|20260902085155|933.88
1788310325|20260902085205|933.92
1788310330|20260902085210|933.98
1788310335|20260902085215|933.91
1788310340|20260902085220|933.92
1788310355|20260902085235|933.85
1788310360|20260902085240|933.77
1788310365|20260902085245|933.88
1788310375|20260902085255|933.66
1788310390|20260902085310|933.82
1788310395|20260902085315|933.83
1788310400|20260902085320|933.63
1788310415|20260902085335|933.33
1788310420|20260902085340|933.39
1788310425|20260902085345|933.35
1788310430|20260902085350|933.42
1788310435|20260902085355|933.40
1788310445|20260902085405|933.44
1788310460|20260902085420|933.38
1788310510|20260902085510|932.82
1788310515|20260902085515|932.68
1788310520|20260902085520|932.46
1788310525|20260902085525|932.44
1788310535|20260902085535|932.57
1788310540|20260902085540|932.57
1788310550|20260902085550|932.48
1788310565|20260902085605|932.92
1788310570|20260902085610|933.04
1788310575|20260902085615|933.00
1788310580|20260902085620|932.99
1788310585|20260902085625|932.89
1788310600|20260902085640|932.97
1788310605|20260902085645|932.99
1788310610|20260902085650|932.75
1788310615|20260902085655|932.79
1788310625|20260902085705|932.92
1788310630|20260902085710|933.08
1788310635|20260902085715|933.03
1788310640|20260902085720|933.08
1788310645|20260902085725|932.83
1788310655|20260902085735|932.76
1788310665|20260902085745|932.85
1788310670|20260902085750|933.02
1788310675|20260902085755|933.12
1788310685|20260902085805|933.42
1788310690|20260902085810|933.42
1788310695|20260902085815|933.17
1788310700|20260902085820|933.29
1788310705|20260902085825|933.36
1788310715|20260902085835|933.27
1788310720|20260902085840|933.30
1788310725|20260902085845|933.13
1788310750|20260902085910|932.75
1788310760|20260902085920|932.87
1788310795|20260902085955|932.72
1788310800|20260902090000|932.59
1788310805|20260902090005|932.48
1788310815|20260902090015|933.25
1788310825|20260902090025|933.52
1788310835|20260902090035|933.60
1788310840|20260902090040|933.33
1788310845|20260902090045|933.19
1788310850|20260902090050|933.31
1788310865|20260902090105|932.90
1788310870|20260902090110|932.73
1788310875|20260902090115|933.28
1788310880|20260902090120|932.68
1788310895|20260902090135|932.69
1788310900|20260902090140|932.37
1788310910|20260902090150|932.70
1788310915|20260902090155|932.42
1788310925|20260902090205|932.34
1788310930|20260902090210|932.18
1788310935|20260902090215|931.49
1788310940|20260902090220|931.85
1788310945|20260902090225|932.51
1788310955|20260902090235|931.72
1788310960|20260902090240|931.95
1788310965|20260902090245|931.99
1788310970|20260902090250|932.22
1788310975|20260902090255|932.00
1788310985|20260902090305|931.67
1788310990|20260902090310|931.47
1788311000|20260902090320|932.00
1788311015|20260902090335|933.07
1788311025|20260902090345|933.12
1788311030|20260902090350|933.03
1788311035|20260902090355|932.88
1788311055|20260902090415|932.79
1788311060|20260902090420|933.22
1788311065|20260902090425|933.26
1788311105|20260902090505|931.18
1788311110|20260902090510|931.03
1788311120|20260902090520|931.05
1788311125|20260902090525|931.18
1788311135|20260902090535|930.98
1788311140|20260902090540|930.79
1788311145|20260902090545|930.74
1788311150|20260902090550|930.61
1788311155|20260902090555|930.61
1788311165|20260902090605|930.37
1788311175|20260902090615|930.63
1788311180|20260902090620|930.71
1788311185|20260902090625|930.86
1788311195|20260902090635|930.94
1788311215|20260902090655|931.20
1788311225|20260902090705|931.45
1788311230|20260902090710|931.39
1788311240|20260902090720|931.40
1788311245|20260902090725|931.39
1788311255|20260902090735|931.27
1788311260|20260902090740|931.43
1788311265|20260902090745|931.43
1788311270|20260902090750|931.40
1788311275|20260902090755|931.59
1788311285|20260902090805|931.34
1788311290|20260902090810|931.22
1788311295|20260902090815|931.01
1788311300|20260902090820|931.04
1788311305|20260902090825|931.02
1788311315|20260902090835|931.14
1788311325|20260902090845|931.66
1788311345|20260902090905|931.28
1788311350|20260902090910|931.63
1788311355|20260902090915|931.59
1788311360|20260902090920|931.39
1788311365|20260902090925|931.17
1788311400|20260902091000|931.01
1788311405|20260902091005|930.98
1788311410|20260902091010|931.07
1788311415|20260902091015|931.44
1788311420|20260902091020|931.47
1788311425|20260902091025|931.59
1788311440|20260902091040|931.98
1788311445|20260902091045|931.94
1788311465|20260902091105|932.43
1788311475|20260902091115|932.32
1788311480|20260902091120|932.46
1788311485|20260902091125|932.15
1788311495|20260902091135|932.23
1788311500|20260902091140|932.20
1788311505|20260902091145|932.34
1788311515|20260902091155|932.24
1788311525|20260902091205|932.44
1788311530|20260902091210|932.24
1788311535|20260902091215|932.41
1788311540|20260902091220|932.42
1788311545|20260902091225|932.67
1788311560|20260902091240|932.77
1788311565|20260902091245|932.94
1788311570|20260902091250|933.00
1788311575|20260902091255|933.19
1788311585|20260902091305|933.40
1788311590|20260902091310|933.58
1788311595|20260902091315|933.58
1788311600|20260902091320|933.06
1788311605|20260902091325|933.35
1788311615|20260902091335|933.09
1788311620|20260902091340|932.84
1788311625|20260902091345|932.68
1788311630|20260902091350|932.56
1788311635|20260902091355|932.96
1788311655|20260902091415|933.28
1788311705|20260902091505|932.92
1788311710|20260902091510|932.86
1788311720|20260902091520|933.19
1788311725|20260902091525|933.38
1788311735|20260902091535|933.66
1788311740|20260902091540|933.70
1788311745|20260902091545|933.82
1788311750|20260902091550|933.77
1788311755|20260902091555|934.33
1788311765|20260902091605|934.50
1788311770|20260902091610|934.40
1788311775|20260902091615|934.51
1788311785|20260902091625|934.73
1788311795|20260902091635|934.70
1788311800|20260902091640|934.79
1788311810|20260902091650|934.78
1788311815|20260902091655|934.58
1788311825|20260902091705|934.68
1788311830|20260902091710|934.67
1788311835|20260902091715|934.62
1788311840|20260902091720|934.72
1788311845|20260902091725|934.59
1788311855|20260902091735|934.73
1788311860|20260902091740|934.62
1788311865|20260902091745|934.69
1788311870|20260902091750|934.45
1788311885|20260902091805|934.24
1788311895|20260902091815|934.33
1788311900|20260902091820|934.41
1788311905|20260902091825|934.24
1788311915|20260902091835|934.68
1788311920|20260902091840|934.64
1788311925|20260902091845|934.85
1788311930|20260902091850|934.85
1788311935|20260902091855|934.62
1788311955|20260902091915|933.46
1788311965|20260902091925|933.23
1788312000|20260902092000|933.56
1788312005|20260902092005|933.56
1788312010|20260902092010|933.80
1788312015|20260902092015|933.63
1788312020|20260902092020|933.61
1788312025|20260902092025|933.76
1788312035|20260902092035|933.65
1788312040|20260902092040|933.69
1788312045|20260902092045|933.64
1788312050|20260902092050|933.71
1788312055|20260902092055|933.76
1788312065|20260902092105|933.86
1788312070|20260902092110|933.87
1788312085|20260902092125|933.68
1788312095|20260902092135|933.98
1788312100|20260902092140|934.01
1788312105|20260902092145|934.03
1788312110|20260902092150|933.93
1788312115|20260902092155|934.01
1788312130|20260902092210|933.77
1788312135|20260902092215|933.86
1788312140|20260902092220|933.87
1788312145|20260902092225|933.93
1788312170|20260902092250|933.59
1788312175|20260902092255|933.80
1788312185|20260902092305|933.44
1788312190|20260902092310|933.32
1788312195|20260902092315|933.31
1788312200|20260902092320|933.45
1788312205|20260902092325|933.33
1788312215|20260902092335|933.57
1788312220|20260902092340|933.48
1788312225|20260902092345|933.53
1788312230|20260902092350|933.55
1788312235|20260902092355|933.54
1788312245|20260902092405|933.82
1788312250|20260902092410|933.79
1788312255|20260902092415|933.79
1788312260|20260902092420|934.12
1788312265|20260902092425|934.09
1788312305|20260902092505|933.85
1788312310|20260902092510|933.69
1788312315|20260902092515|933.69
1788312320|20260902092520|933.43
1788312325|20260902092525|933.30
1788312335|20260902092535|933.34
1788312340|20260902092540|933.49
1788312345|20260902092545|933.47
1788312350|20260902092550|933.48
1788312355|20260902092555|933.55
1788312365|20260902092605|933.51
1788312375|20260902092615|933.72
1788312380|20260902092620|934.15
1788312385|20260902092625|934.22
1788312395|20260902092635|934.25
1788312400|20260902092640|934.18
1788312410|20260902092650|933.94
1788312425|20260902092705|933.47
1788312430|20260902092710|933.44
1788312435|20260902092715|933.43
1788312440|20260902092720|933.39
1788312445|20260902092725|933.44
1788312455|20260902092735|933.17
1788312465|20260902092745|933.10
1788312470|20260902092750|932.92
1788312475|20260902092755|932.94
1788312485|20260902092805|932.77
1788312490|20260902092810|932.65
1788312495|20260902092815|932.59
1788312500|20260902092820|932.67
1788312505|20260902092825|932.67
1788312530|20260902092850|932.76
1788312535|20260902092855|932.79
1788312545|20260902092905|932.76
1788312555|20260902092915|932.71
1788312565|20260902092925|932.76
1788312575|20260902092935|933.00
1788312600|20260902093000|932.90
1788312610|20260902093010|932.95
1788312615|20260902093015|932.83
1788312620|20260902093020|932.69
1788312625|20260902093025|933.04
1788312635|20260902093035|933.08
1788312645|20260902093045|932.94
1788312650|20260902093050|932.87
1788312655|20260902093055|932.96
1788312670|20260902093110|933.14
1788312675|20260902093115|933.21
1788312680|20260902093120|933.33
1788312695|20260902093135|933.49
1788312700|20260902093140|933.23
1788312705|20260902093145|933.31
1788312710|20260902093150|933.09
1788312715|20260902093155|933.17
1788312725|20260902093205|933.10
1788312730|20260902093210|933.05
1788312735|20260902093215|932.99
1788312740|20260902093220|932.76
1788312755|20260902093235|932.59
1788312760|20260902093240|932.27
1788312765|20260902093245|932.29
1788312770|20260902093250|932.38
1788312775|20260902093255|932.39
1788312785|20260902093305|932.37
1788312790|20260902093310|932.38
1788312795|20260902093315|932.50
1788312800|20260902093320|932.54
1788312805|20260902093325|932.29
1788312815|20260902093335|932.10
1788312820|20260902093340|932.12
1788312825|20260902093345|932.12
1788312830|20260902093350|932.15
1788312835|20260902093355|932.15
1788312845|20260902093405|931.72
1788312850|20260902093410|931.58
1788312855|20260902093415|931.58
1788312860|20260902093420|931.34
1788312880|20260902093440|931.08
1788312900|20260902093500|931.58
1788312905|20260902093505|931.62
1788312910|20260902093510|931.53
1788312915|20260902093515|931.53
1788312920|20260902093520|931.58
1788312925|20260902093525|931.63
1788312935|20260902093535|931.49
1788312940|20260902093540|931.58
1788312945|20260902093545|931.60
1788312950|20260902093550|931.55
1788312955|20260902093555|931.56
1788312960|20260902093600|931.63
1788312965|20260902093605|931.50
1788312970|20260902093610|931.48
1788312975|20260902093615|931.59
1788312980|20260902093620|931.57
1788312995|20260902093635|931.46
1788313000|20260902093640|931.74
1788313005|20260902093645|931.72
1788313010|20260902093650|931.57
1788313020|20260902093700|931.70
1788313025|20260902093705|931.65
1788313030|20260902093710|931.29
1788313035|20260902093715|931.25
1788313040|20260902093720|931.42
1788313045|20260902093725|931.41
1788313055|20260902093735|931.28
1788313060|20260902093740|931.38
1788313065|20260902093745|931.41
1788313070|20260902093750|931.43
1788313075|20260902093755|931.13
1788313085|20260902093805|931.30
1788313090|20260902093810|931.15
1788313100|20260902093820|930.98
1788313105|20260902093825|931.16
1788313115|20260902093835|931.06
1788313120|20260902093840|931.01
1788313125|20260902093845|931.09
1788313130|20260902093850|930.90
1788313135|20260902093855|931.05
1788313145|20260902093905|931.01
1788313150|20260902093910|930.90
1788313155|20260902093915|930.92
1788313160|20260902093920|930.92
1788313165|20260902093925|930.97
1788313205|20260902094005|931.30
1788313210|20260902094010|931.27
1788313220|20260902094020|931.29
1788313225|20260902094025|931.58
1788313235|20260902094035|931.68
1788313240|20260902094040|931.64
1788313245|20260902094045|931.58
1788313250|20260902094050|931.51
1788313255|20260902094055|931.55
1788313265|20260902094105|931.41
1788313275|20260902094115|931.51
1788313280|20260902094120|931.54
1788313285|20260902094125|931.53
1788313295|20260902094135|931.46
1788313300|20260902094140|931.52
1788313305|20260902094145|931.55
1788313310|20260902094150|931.53
1788313315|20260902094155|931.51
1788313325|20260902094205|931.59
1788313330|20260902094210|931.31
1788313340|20260902094220|931.64
1788313345|20260902094225|931.56
1788313355|20260902094235|931.59
1788313360|20260902094240|931.83
1788313370|20260902094250|931.66
1788313385|20260902094305|931.66
1788313390|20260902094310|931.66
1788313400|20260902094320|931.59
1788313405|20260902094325|931.65
1788313420|20260902094340|931.59
1788313425|20260902094345|931.92
1788313430|20260902094350|931.87
1788313435|20260902094355|931.74
1788313445|20260902094405|931.78
1788313450|20260902094410|931.38
1788313455|20260902094415|931.36
1788313460|20260902094420|931.14
1788313465|20260902094425|931.29
1788313520|20260902094520|931.67
1788313525|20260902094525|931.69
1788313535|20260902094535|931.54
1788313540|20260902094540|931.59
1788313545|20260902094545|931.70
1788313555|20260902094555|931.36
1788313565|20260902094605|931.37
1788313570|20260902094610|931.40
1788313575|20260902094615|931.42
1788313580|20260902094620|931.40
1788313585|20260902094625|931.31
1788313600|20260902094640|931.43
1788313605|20260902094645|931.17
1788313610|20260902094650|931.17
1788313615|20260902094655|931.26
1788313625|20260902094705|931.01
1788313630|20260902094710|930.78
1788313635|20260902094715|930.72
1788313640|20260902094720|930.58
1788313655|20260902094735|930.58
1788313660|20260902094740|930.58
1788313665|20260902094745|930.77
1788313670|20260902094750|930.65
1788313675|20260902094755|930.59
1788313680|20260902094800|930.64
1788313685|20260902094805|930.52
1788313690|20260902094810|930.56
1788313695|20260902094815|930.84
1788313700|20260902094820|931.06
1788313725|20260902094845|930.71
1788313735|20260902094855|930.82
1788313745|20260902094905|931.03
1788313750|20260902094910|931.15
1788313755|20260902094915|931.13
1788313805|20260902095005|930.81
1788313810|20260902095010|930.88
1788313815|20260902095015|930.63
1788313820|20260902095020|930.60
1788313825|20260902095025|930.61
1788313845|20260902095045|930.64
1788313865|20260902095105|930.57
1788313875|20260902095115|930.66
1788313880|20260902095120|929.86
1788313885|20260902095125|929.38
1788313895|20260902095135|929.34
1788313900|20260902095140|929.35
1788313905|20260902095145|929.23
1788313915|20260902095155|929.24
1788313920|20260902095200|929.04
1788313940|20260902095220|928.01
1788313945|20260902095225|928.04
1788313955|20260902095235|928.51
1788313960|20260902095240|928.49
1788313965|20260902095245|928.68
1788313975|20260902095255|928.87
1788313980|20260902095300|928.95
1788313990|20260902095310|928.73
1788313995|20260902095315|928.73
1788314005|20260902095325|928.71
1788314015|20260902095335|928.49
1788314025|20260902095345|928.39
1788314030|20260902095350|928.73
1788314035|20260902095355|928.57
1788314045|20260902095405|928.80
1788314050|20260902095410|928.79
1788314060|20260902095420|929.13
1788314065|20260902095425|929.14
1788314095|20260902095455|928.95
1788314100|20260902095500|928.91
1788314105|20260902095505|928.95
1788314115|20260902095515|929.13
1788314120|20260902095520|929.09
1788314135|20260902095535|929.40
1788314150|20260902095550|929.47
1788314155|20260902095555|929.40
1788314165|20260902095605|929.08
1788314170|20260902095610|929.14
1788314175|20260902095615|929.11
1788314180|20260902095620|929.06
1788314185|20260902095625|928.56
1788314195|20260902095635|928.43
1788314200|20260902095640|928.37
1788314205|20260902095645|928.21
1788314210|20260902095650|928.38
1788314215|20260902095655|928.32
1788314230|20260902095710|928.24
1788314235|20260902095715|928.19
1788314240|20260902095720|928.13
1788314245|20260902095725|928.20
1788314265|20260902095745|928.39
1788314270|20260902095750|928.13
1788314275|20260902095755|928.24
1788314285|20260902095805|928.05
1788314290|20260902095810|928.01
1788314295|20260902095815|927.84
1788314300|20260902095820|927.87
1788314325|20260902095845|927.05
1788314330|20260902095850|927.06
1788314335|20260902095855|927.04
1788314345|20260902095905|927.13
1788314350|20260902095910|927.25
1788314360|20260902095920|927.25
1788314365|20260902095925|927.50
1788314405|20260902100005|927.56
1788314415|20260902100015|927.40
1788314425|20260902100025|927.16
1788314435|20260902100035|927.23
1788314440|20260902100040|927.03
1788314445|20260902100045|926.93
1788314450|20260902100050|927.05
1788314455|20260902100055|926.92
1788314465|20260902100105|926.97
1788314470|20260902100110|926.95
1788314475|20260902100115|927.12
1788314480|20260902100120|927.45
1788314485|20260902100125|927.43
1788314495|20260902100135|927.70
1788314500|20260902100140|927.60
1788314505|20260902100145|927.65
1788314510|20260902100150|927.63
1788314515|20260902100155|927.68
1788314525|20260902100205|927.96
1788314530|20260902100210|927.93
1788314535|20260902100215|927.93
1788314540|20260902100220|927.96
1788314555|20260902100235|928.17
1788314565|20260902100245|928.27
1788314570|20260902100250|928.16
1788314575|20260902100255|928.19
1788314580|20260902100300|928.47
1788314585|20260902100305|928.36
1788314590|20260902100310|928.70
1788314595|20260902100315|928.44
1788314600|20260902100320|928.61
1788314605|20260902100325|928.54
1788314620|20260902100340|928.78
1788314630|20260902100350|928.68
1788314635|20260902100355|928.62
1788314640|20260902100400|928.71
1788314645|20260902100405|928.71
1788314650|20260902100410|928.64
1788314655|20260902100415|928.76
1788314660|20260902100420|928.66
1788314665|20260902100425|928.78
1788314700|20260902100500|928.65
1788314715|20260902100515|928.63
1788314720|20260902100520|928.65
1788314725|20260902100525|928.55
1788314740|20260902100540|928.60
1788314745|20260902100545|928.52
1788314750|20260902100550|928.52
1788314755|20260902100555|928.61
1788314760|20260902100600|928.64
1788314775|20260902100615|929.22
1788314780|20260902100620|929.25
1788314795|20260902100635|929.53
1788314805|20260902100645|929.39
1788314810|20260902100650|929.37
1788314815|20260902100655|929.40
1788314825|20260902100705|929.68
1788314840|20260902100720|929.63
1788314845|20260902100725|929.80
1788314860|20260902100740|929.79
1788314865|20260902100745|929.79
1788314870|20260902100750|929.81
1788314875|20260902100755|929.66
1788314885|20260902100805|929.59
1788314890|20260902100810|929.69
1788314900|20260902100820|929.64
1788314905|20260902100825|929.69
1788314915|20260902100835|929.58
1788314925|20260902100845|929.43
1788314930|20260902100850|929.22
1788314935|20260902100855|929.42
1788314940|20260902100900|929.32
1788314955|20260902100915|928.57
1788314960|20260902100920|928.59
1788314965|20260902100925|928.25
1788315005|20260902101005|927.99
1788315010|20260902101010|927.95
1788315015|20260902101015|927.97
1788315020|20260902101020|928.02
1788315040|20260902101040|927.89
1788315045|20260902101045|927.98
1788315050|20260902101050|927.99
1788315055|20260902101055|927.62
1788315065|20260902101105|927.43
1788315070|20260902101110|927.46
1788315075|20260902101115|927.42
1788315080|20260902101120|927.38
1788315085|20260902101125|927.31
1788315095|20260902101135|928.07
1788315105|20260902101145|927.86
1788315115|20260902101155|927.92
1788315120|20260902101200|927.90
1788315125|20260902101205|927.83
1788315130|20260902101210|927.70
1788315135|20260902101215|927.88
1788315140|20260902101220|927.77
1788315145|20260902101225|927.85
1788315155|20260902101235|928.00
1788315160|20260902101240|927.97
1788315165|20260902101245|927.98
1788315170|20260902101250|928.09
1788315175|20260902101255|928.01
1788315180|20260902101300|928.10
1788315185|20260902101305|928.06
1788315190|20260902101310|928.07
1788315200|20260902101320|928.13
1788315215|20260902101335|928.42
1788315230|20260902101350|928.31
1788315240|20260902101400|928.34
1788315245|20260902101405|928.29
1788315255|20260902101415|928.43
1788315260|20260902101420|928.64
1788315265|20260902101425|928.69
1788315300|20260902101500|928.60
1788315305|20260902101505|928.72
1788315310|20260902101510|928.71
1788315315|20260902101515|928.70
1788315320|20260902101520|928.78
1788315335|20260902101535|928.87
1788315340|20260902101540|928.93
1788315345|20260902101545|928.82
1788315350|20260902101550|928.91
1788315355|20260902101555|928.97
1788315360|20260902101600|928.94
1788315365|20260902101605|929.00
1788315370|20260902101610|928.97
1788315375|20260902101615|929.04
1788315380|20260902101620|928.95
1788315385|20260902101625|929.02
1788315415|20260902101655|929.43
1788315420|20260902101700|929.37
1788315425|20260902101705|929.57
1788315440|20260902101720|929.49
1788315445|20260902101725|929.44
1788315455|20260902101735|929.29
1788315460|20260902101740|929.35
1788315465|20260902101745|929.25
1788315470|20260902101750|929.26
1788315480|20260902101800|929.49
1788315490|20260902101810|929.42
1788315495|20260902101815|929.28
1788315500|20260902101820|929.37
1788315505|20260902101825|929.32
1788315515|20260902101835|929.37
1788315520|20260902101840|929.41
1788315525|20260902101845|929.61
1788315540|20260902101900|929.61
1788315545|20260902101905|929.61
1788315550|20260902101910|929.63
1788315565|20260902101925|929.51
1788315605|20260902102005|929.53
1788315615|20260902102015|929.53
1788315620|20260902102020|929.58
1788315625|20260902102025|929.60
1788315635|20260902102035|929.82
1788315640|20260902102040|929.87
1788315645|20260902102045|929.83
1788315650|20260902102050|930.08
1788315655|20260902102055|930.02
1788315670|20260902102110|930.80
1788315685|20260902102125|930.41
1788315695|20260902102135|930.30
1788315700|20260902102140|930.27
1788315705|20260902102145|930.32
1788315710|20260902102150|930.22
1788315715|20260902102155|930.25
1788315720|20260902102200|930.07
1788315725|20260902102205|930.14
1788315730|20260902102210|930.21
1788315735|20260902102215|930.24
1788315740|20260902102220|930.26
1788315745|20260902102225|930.27
1788315755|20260902102235|930.32
1788315760|20260902102240|930.08
1788315770|20260902102250|929.81
1788315775|20260902102255|929.76
1788315780|20260902102300|929.80
1788315790|20260902102310|930.07
1788315795|20260902102315|930.14
1788315800|20260902102320|930.25
1788315805|20260902102325|930.33
1788315810|20260902102330|930.48
1788315815|20260902102335|930.26
1788315825|20260902102345|930.20
1788315830|20260902102350|930.01
1788315840|20260902102400|930.28
1788315845|20260902102405|930.21
1788315850|20260902102410|930.27
1788315855|20260902102415|930.36
1788315860|20260902102420|930.31
1788315900|20260902102500|930.24
1788315905|20260902102505|930.30
1788315910|20260902102510|930.44
1788315915|20260902102515|930.54
1788315920|20260902102520|930.43
1788315930|20260902102530|930.50
1788315935|20260902102535|930.47
1788315940|20260902102540|930.39
1788315945|20260902102545|930.39
1788315950|20260902102550|930.41
1788315955|20260902102555|930.41
1788315960|20260902102600|930.35
1788315965|20260902102605|930.25
1788315970|20260902102610|929.99
1788315980|20260902102620|929.91
1788315995|20260902102635|930.05
1788316000|20260902102640|930.03
1788316005|20260902102645|930.01
1788316010|20260902102650|930.01
1788316015|20260902102655|930.04
1788316020|20260902102700|930.05
1788316025|20260902102705|930.05
1788316030|20260902102710|930.04
1788316035|20260902102715|930.18
1788316040|20260902102720|930.31
1788316045|20260902102725|930.33
1788316055|20260902102735|930.62
1788316060|20260902102740|930.46
1788316065|20260902102745|930.49
1788316070|20260902102750|930.41
1788316075|20260902102755|930.40
1788316080|20260902102800|930.40
1788316085|20260902102805|930.57
1788316090|20260902102810|930.58
1788316095|20260902102815|930.60
1788316100|20260902102820|930.65
1788316105|20260902102825|930.37
1788316115|20260902102835|930.42
1788316120|20260902102840|930.30
1788316130|20260902102850|930.21
1788316150|20260902102910|930.25
1788316155|20260902102915|930.27
1788316160|20260902102920|930.27
1788316165|20260902102925|930.22
1788316205|20260902103005|930.09
1788316210|20260902103010|930.13
1788316225|20260902103025|929.78
1788316235|20260902103035|929.58
1788316245|20260902103045|929.54
1788316255|20260902103055|929.69
1788316265|20260902103105|929.57
1788316270|20260902103110|929.64
1788316275|20260902103115|929.76
1788316280|20260902103120|929.77
1788316295|20260902103135|930.06
1788316305|20260902103145|929.97
1788316310|20260902103150|930.16
1788316325|20260902103205|930.67
1788316330|20260902103210|930.65
1788316335|20260902103215|930.45
1788316340|20260902103220|930.59
1788316345|20260902103225|930.46
1788316355|20260902103235|930.34
1788316360|20260902103240|930.33
1788316365|20260902103245|930.46
1788316370|20260902103250|930.49
1788316375|20260902103255|930.63
1788316380|20260902103300|930.66
1788316385|20260902103305|930.61
1788316390|20260902103310|930.52
1788316395|20260902103315|930.69
1788316400|20260902103320|930.68
1788316405|20260902103325|930.69
1788316415|20260902103335|930.68
1788316420|20260902103340|930.65
1788316430|20260902103350|930.60
1788316445|20260902103405|930.81
1788316450|20260902103410|930.81
1788316455|20260902103415|930.80
1788316460|20260902103420|930.81
1788316465|20260902103425|930.83
1788316500|20260902103500|931.00
1788316505|20260902103505|931.07
1788316510|20260902103510|931.21
1788316515|20260902103515|931.26
1788316520|20260902103520|931.25
1788316525|20260902103525|931.33
1788316530|20260902103530|931.35
1788316535|20260902103535|930.88
1788316540|20260902103540|930.98
1788316545|20260902103545|930.98
1788316550|20260902103550|931.07
1788316555|20260902103555|931.28
1788316560|20260902103600|931.33
1788316565|20260902103605|931.33
1788316570|20260902103610|931.39
1788316575|20260902103615|931.52
1788316580|20260902103620|931.43
1788316585|20260902103625|931.47
1788316595|20260902103635|931.49
1788316600|20260902103640|931.55
1788316605|20260902103645|931.50
1788316610|20260902103650|931.49
1788316615|20260902103655|931.32
1788316630|20260902103710|931.38
1788316655|20260902103735|931.56
1788316660|20260902103740|931.81
1788316665|20260902103745|931.92
1788316670|20260902103750|932.18
1788316675|20260902103755|932.12
1788316685|20260902103805|932.16
1788316690|20260902103810|932.43
1788316695|20260902103815|932.53
1788316705|20260902103825|932.25
1788316715|20260902103835|932.34
1788316720|20260902103840|932.50
1788316735|20260902103855|932.14
1788316745|20260902103905|932.04
1788316750|20260902103910|932.13
1788316755|20260902103915|932.13
1788316760|20260902103920|932.08
1788316765|20260902103925|932.16
1788316805|20260902104005|931.92
1788316810|20260902104010|931.87
1788316815|20260902104015|931.87
1788316825|20260902104025|931.87
1788316835|20260902104035|932.32
1788316845|20260902104045|932.34
1788316850|20260902104050|932.23
1788316855|20260902104055|932.24
1788316860|20260902104100|932.29
1788316865|20260902104105|932.15
1788316870|20260902104110|932.14
1788316880|20260902104120|931.98
1788316895|20260902104135|931.91
1788316900|20260902104140|931.96
1788316905|20260902104145|931.99
1788316915|20260902104155|932.07
1788316930|20260902104210|931.99
1788316935|20260902104215|931.97
1788316940|20260902104220|932.01
1788316945|20260902104225|931.99
1788316955|20260902104235|932.11
1788316970|20260902104250|932.05
1788316975|20260902104255|932.05
1788316985|20260902104305|931.93
1788316990|20260902104310|931.97
1788316995|20260902104315|931.92
1788317000|20260902104320|931.54
1788317005|20260902104325|931.63
1788317020|20260902104340|931.78
1788317025|20260902104345|931.78
1788317030|20260902104350|931.95
1788317035|20260902104355|932.04
1788317040|20260902104400|932.02
1788317045|20260902104405|932.21
1788317050|20260902104410|932.20
1788317055|20260902104415|931.99
1788317060|20260902104420|931.99
1788317065|20260902104425|932.06
1788317100|20260902104500|931.58
1788317105|20260902104505|931.44
1788317110|20260902104510|931.43
1788317125|20260902104525|931.36
1788317135|20260902104535|931.36
1788317145|20260902104545|931.45
1788317150|20260902104550|931.39
1788317160|20260902104600|931.57
1788317165|20260902104605|931.47
1788317170|20260902104610|931.55
1788317175|20260902104615|931.54
1788317180|20260902104620|931.63
1788317185|20260902104625|931.65
1788317195|20260902104635|931.77
1788317200|20260902104640|931.74
1788317210|20260902104650|931.57
1788317225|20260902104705|931.54
1788317230|20260902104710|931.48
1788317235|20260902104715|931.51
1788317240|20260902104720|931.56
1788317245|20260902104725|931.53
1788317255|20260902104735|931.48
1788317260|20260902104740|931.49
1788317270|20260902104750|931.50
1788317275|20260902104755|931.48
1788317290|20260902104810|931.44
1788317295|20260902104815|931.43
1788317300|20260902104820|931.48
1788317305|20260902104825|931.46
1788317315|20260902104835|931.56
1788317320|20260902104840|931.59
1788317325|20260902104845|931.72
1788317330|20260902104850|931.84
1788317335|20260902104855|931.75
1788317345|20260902104905|931.50
1788317350|20260902104910|931.59
1788317355|20260902104915|931.64
1788317360|20260902104920|931.62
1788317365|20260902104925|931.65
1788317375|20260902104935|931.64
1788317380|20260902104940|931.65
1788317385|20260902104945|931.65
1788317405|20260902105005|931.75
1788317420|20260902105020|931.52
1788317425|20260902105025|931.60
1788317430|20260902105030|931.43
1788317435|20260902105035|931.47
1788317440|20260902105040|931.34
1788317445|20260902105045|931.36
1788317450|20260902105050|931.36
1788317455|20260902105055|931.27
1788317460|20260902105100|931.31
1788317465|20260902105105|931.30
1788317470|20260902105110|931.21
1788317475|20260902105115|931.19
1788317480|20260902105120|930.99
1788317485|20260902105125|931.01
1788317495|20260902105135|930.90
1788317500|20260902105140|930.88
1788317505|20260902105145|930.91
1788317510|20260902105150|931.06
1788317515|20260902105155|931.17
1788317525|20260902105205|931.04
1788317530|20260902105210|931.13
1788317535|20260902105215|931.10
1788317545|20260902105225|931.18
1788317560|20260902105240|931.03
1788317565|20260902105245|931.03
1788317570|20260902105250|931.06
1788317575|20260902105255|931.08
1788317605|20260902105325|931.21
1788317615|20260902105335|931.20
1788317620|20260902105340|931.18
1788317625|20260902105345|931.13
1788317630|20260902105350|931.03
1788317645|20260902105405|931.17
1788317650|20260902105410|931.10
1788317655|20260902105415|930.78
1788317665|20260902105425|930.75
1788317670|20260902105430|930.78
1788317700|20260902105500|930.66
1788317705|20260902105505|930.56
1788317710|20260902105510|930.55
1788317715|20260902105515|930.56
1788317720|20260902105520|930.30
1788317725|20260902105525|930.35
1788317735|20260902105535|930.30
1788317745|20260902105545|930.20
1788317750|20260902105550|930.48
1788317755|20260902105555|930.49
1788317765|20260902105605|930.47
1788317770|20260902105610|930.47
1788317775|20260902105615|930.55
1788317780|20260902105620|930.62
1788317800|20260902105640|930.26
1788317805|20260902105645|930.32
1788317810|20260902105650|930.25
1788317815|20260902105655|930.25
1788317820|20260902105700|930.17
1788317825|20260902105705|930.22
1788317830|20260902105710|930.05
1788317835|20260902105715|929.94
1788317840|20260902105720|929.98
1788317860|20260902105740|930.04
1788317865|20260902105745|930.04
1788317870|20260902105750|929.94
1788317875|20260902105755|929.88
1788317880|20260902105800|929.76
1788317885|20260902105805|929.80
1788317890|20260902105810|929.75
1788317895|20260902105815|929.81
1788317900|20260902105820|929.58
1788317905|20260902105825|929.71
1788317915|20260902105835|929.66
1788317920|20260902105840|929.63
1788317925|20260902105845|929.57
1788317930|20260902105850|929.54
1788317935|20260902105855|929.58
1788317945|20260902105905|929.65
1788317950|20260902105910|929.69
1788317955|20260902105915|929.79
1788317960|20260902105920|929.96
1788317965|20260902105925|929.93
1788318005|20260902110005|930.00
1788318015|20260902110015|929.79
1788318020|20260902110020|929.73
1788318025|20260902110025|929.71
1788318040|20260902110040|929.85
1788318045|20260902110045|929.79
1788318050|20260902110050|929.81
1788318055|20260902110055|929.84
1788318060|20260902110100|929.83
1788318065|20260902110105|929.88
1788318070|20260902110110|929.96
1788318075|20260902110115|929.99
1788318080|20260902110120|930.11
1788318085|20260902110125|930.12
1788318095|20260902110135|930.21
1788318100|20260902110140|930.15
1788318105|20260902110145|930.15
1788318110|20260902110150|930.16
1788318115|20260902110155|930.25
1788318120|20260902110200|930.22
1788318125|20260902110205|930.02
1788318140|20260902110220|929.81
1788318155|20260902110235|929.58
1788318160|20260902110240|929.54
1788318165|20260902110245|929.37
1788318170|20260902110250|929.33
1788318175|20260902110255|929.40
1788318180|20260902110300|929.37
1788318185|20260902110305|929.51
1788318190|20260902110310|929.58
1788318195|20260902110315|929.49
1788318200|20260902110320|929.39
1788318205|20260902110325|929.59
1788318230|20260902110350|929.32
1788318235|20260902110355|929.42
1788318245|20260902110405|929.46
1788318255|20260902110415|929.59
1788318265|20260902110425|929.63
1788318275|20260902110435|929.74
1788318300|20260902110500|929.59
1788318305|20260902110505|929.41
1788318310|20260902110510|929.38
1788318315|20260902110515|929.34
1788318320|20260902110520|929.25
1788318325|20260902110525|929.22
1788318330|20260902110530|929.17
1788318335|20260902110535|929.21
1788318340|20260902110540|929.17
1788318345|20260902110545|929.08
1788318350|20260902110550|929.12
1788318355|20260902110555|929.11
1788318360|20260902110600|929.09
1788318365|20260902110605|929.05
1788318370|20260902110610|929.20
1788318380|20260902110620|929.18
1788318395|20260902110635|929.20
1788318405|20260902110645|929.23
1788318410|20260902110650|929.24
1788318415|20260902110655|929.01
1788318420|20260902110700|928.99
1788318435|20260902110715|928.86
1788318440|20260902110720|928.93
1788318445|20260902110725|928.88
1788318455|20260902110735|929.16
1788318460|20260902110740|929.14
1788318465|20260902110745|929.09
1788318470|20260902110750|929.16
1788318475|20260902110755|929.25
1788318480|20260902110800|929.26
1788318485|20260902110805|929.22
1788318495|20260902110815|929.36
1788318500|20260902110820|929.41
1788318505|20260902110825|929.53
1788318515|20260902110835|929.39
1788318520|20260902110840|929.40
1788318525|20260902110845|929.39
1788318530|20260902110850|929.40
1788318535|20260902110855|929.46
1788318545|20260902110905|929.40
1788318550|20260902110910|929.15
1788318555|20260902110915|929.12
1788318560|20260902110920|928.85
1788318565|20260902110925|928.94
1788318580|20260902110940|929.18
1788318605|20260902111005|929.24
1788318610|20260902111010|929.23
1788318615|20260902111015|929.21
1788318620|20260902111020|929.32
1788318625|20260902111025|929.28
1788318635|20260902111035|929.26
1788318640|20260902111040|929.39
1788318645|20260902111045|929.58
1788318650|20260902111050|929.55
1788318655|20260902111055|929.56
1788318660|20260902111100|929.56
1788318665|20260902111105|929.22
1788318670|20260902111110|929.29
1788318675|20260902111115|929.20
1788318680|20260902111120|929.26
1788318685|20260902111125|929.22
1788318700|20260902111140|929.26
1788318705|20260902111145|929.39
1788318710|20260902111150|929.55
1788318715|20260902111155|929.55
1788318730|20260902111210|929.51
1788318735|20260902111215|929.50
1788318740|20260902111220|929.38
1788318745|20260902111225|929.41
1788318755|20260902111235|929.36
1788318760|20260902111240|929.25
1788318765|20260902111245|929.35
1788318775|20260902111255|929.31
1788318780|20260902111300|929.10
1788318790|20260902111310|929.14
1788318795|20260902111315|929.18
1788318800|20260902111320|929.31
1788318805|20260902111325|929.40
1788318815|20260902111335|929.43
1788318825|20260902111345|929.40
1788318845|20260902111405|929.56
1788318850|20260902111410|929.53
1788318855|20260902111415|929.52
1788318860|20260902111420|929.61
1788318900|20260902111500|929.62
1788318905|20260902111505|929.63
1788318910|20260902111510|929.75
1788318915|20260902111515|929.85
1788318920|20260902111520|929.88
1788318935|20260902111535|929.47
1788318940|20260902111540|929.49
1788318945|20260902111545|929.69
1788318950|20260902111550|929.54
1788318955|20260902111555|929.58
1788318960|20260902111600|929.60
1788318965|20260902111605|929.57
1788318970|20260902111610|929.26
1788318975|20260902111615|929.31
1788318980|20260902111620|929.34
1788318985|20260902111625|929.42
1788318995|20260902111635|929.20
1788319000|20260902111640|929.11
1788319005|20260902111645|929.17
1788319010|20260902111650|929.10
1788319015|20260902111655|928.99
1788319025|20260902111705|928.92
1788319030|20260902111710|928.88
1788319035|20260902111715|929.24
1788319040|20260902111720|929.18
1788319045|20260902111725|929.14
1788319055|20260902111735|929.08
1788319060|20260902111740|928.88
1788319065|20260902111745|928.89
1788319070|20260902111750|928.84
1788319075|20260902111755|928.85
1788319080|20260902111800|929.00
1788319085|20260902111805|928.89
1788319090|20260902111810|929.02
1788319095|20260902111815|929.06
1788319105|20260902111825|929.23
1788319115|20260902111835|929.26
1788319120|20260902111840|929.21
1788319125|20260902111845|929.16
1788319130|20260902111850|929.17
1788319135|20260902111855|929.21
1788319140|20260902111900|929.17
1788319145|20260902111905|929.20
1788319150|20260902111910|929.18
1788319155|20260902111915|929.22
1788319160|20260902111920|929.13
1788319205|20260902112005|928.75
1788319220|20260902112020|928.53
1788319235|20260902112035|928.46
1788319245|20260902112045|928.43
1788319250|20260902112050|928.31
1788319255|20260902112055|928.12
1788319260|20260902112100|928.16
1788319265|20260902112105|927.90
1788319270|20260902112110|927.72
1788319280|20260902112120|927.79
1788319285|20260902112125|927.75
1788319295|20260902112135|927.71
1788319300|20260902112140|927.87
1788319305|20260902112145|927.83
1788319310|20260902112150|928.13
1788319315|20260902112155|927.98
1788319320|20260902112200|928.16
1788319325|20260902112205|928.13
1788319330|20260902112210|928.04
1788319335|20260902112215|928.04
1788319340|20260902112220|928.29
1788319345|20260902112225|928.26
1788319355|20260902112235|928.36
1788319360|20260902112240|928.00
1788319365|20260902112245|927.96
1788319375|20260902112255|928.11
1788319380|20260902112300|928.14
1788319390|20260902112310|928.07
1788319395|20260902112315|928.09
1788319400|20260902112320|928.04
1788319405|20260902112325|928.16
1788319415|20260902112335|928.12
1788319420|20260902112340|927.87
1788319425|20260902112345|927.79
1788319430|20260902112350|927.76
1788319450|20260902112410|927.21
1788319455|20260902112415|927.22
1788319460|20260902112420|927.24
1788319465|20260902112425|927.47
1788319500|20260902112500|928.06
1788319505|20260902112505|928.02
1788319510|20260902112510|927.96
1788319515|20260902112515|927.90
1788319520|20260902112520|928.50
1788319525|20260902112525|928.48
1788319540|20260902112540|928.45
1788319545|20260902112545|928.56
1788319550|20260902112550|928.73
1788319555|20260902112555|928.73
1788319560|20260902112600|928.73
1788319565|20260902112605|928.72
1788319575|20260902112615|928.85
1788319580|20260902112620|928.88
1788319585|20260902112625|928.87
1788319595|20260902112635|928.95
1788319600|20260902112640|929.01
1788319605|20260902112645|929.01
1788319610|20260902112650|929.04
1788319620|20260902112700|929.00
1788319625|20260902112705|928.87
1788319630|20260902112710|928.84
1788319635|20260902112715|928.87
1788319640|20260902112720|928.85
1788319645|20260902112725|929.01
1788319655|20260902112735|929.04
1788319660|20260902112740|929.06
1788319665|20260902112745|929.06
1788319670|20260902112750|929.12
1788319675|20260902112755|928.87
1788319680|20260902112800|928.88
1788319685|20260902112805|928.90
1788319690|20260902112810|928.78
1788319695|20260902112815|928.74
1788319700|20260902112820|928.43
1788319705|20260902112825|928.28
1788319715|20260902112835|928.28
1788319720|20260902112840|928.32
1788319725|20260902112845|928.14
1788319740|20260902112900|928.25
1788319745|20260902112905|928.12
1788319750|20260902112910|928.22
1788319755|20260902112915|928.12
1788319760|20260902112920|928.14
1788319765|20260902112925|928.15
1788319810|20260902113010|927.74
1788319815|20260902113015|927.72
1788319820|20260902113020|927.75
1788319825|20260902113025|927.63
1788319835|20260902113035|927.67
1788319845|20260902113045|927.75
1788319850|20260902113050|927.60
1788319855|20260902113055|927.60
1788319865|20260902113105|927.50
1788319870|20260902113110|927.45
1788319880|20260902113120|927.55
1788319885|20260902113125|927.42
1788319900|20260902113140|927.50
1788319905|20260902113145|927.53
1788319915|20260902113155|927.64
1788319925|20260902113205|927.59
1788319930|20260902113210|927.58
1788319935|20260902113215|927.62
1788319940|20260902113220|927.62
1788319945|20260902113225|927.62
1788319955|20260902113235|927.37
1788319960|20260902113240|927.43
1788319965|20260902113245|927.37
1788319970|20260902113250|927.29
1788319975|20260902113255|927.34
1788319980|20260902113300|927.33
1788319985|20260902113305|927.35
1788319990|20260902113310|927.32
1788319995|20260902113315|927.26
1788320000|20260902113320|927.16
1788320005|20260902113325|927.19
1788320015|20260902113335|927.24
1788320025|20260902113345|927.26
1788320030|20260902113350|927.16
1788320035|20260902113355|927.14
1788320045|20260902113405|927.16
1788320050|20260902113410|927.03
1788320055|20260902113415|926.31
1788320060|20260902113420|926.44
1788320065|20260902113425|926.36
1788320080|20260902113440|926.65
1788320105|20260902113505|926.18
1788320110|20260902113510|925.90
1788320115|20260902113515|925.89
1788320120|20260902113520|926.01
1788320125|20260902113525|925.96
1788320135|20260902113535|926.06
1788320140|20260902113540|926.08
1788320145|20260902113545|925.96
1788320150|20260902113550|925.97
1788320155|20260902113555|925.94
1788320160|20260902113600|925.97
1788320165|20260902113605|925.94
1788320170|20260902113610|925.85
1788320175|20260902113615|925.90
1788320180|20260902113620|926.07
1788320195|20260902113635|926.30
1788320200|20260902113640|926.20
1788320205|20260902113645|926.21
1788320210|20260902113650|925.98
1788320215|20260902113655|926.09
1788320220|20260902113700|926.09
1788320230|20260902113710|926.21
1788320235|20260902113715|926.06
1788320240|20260902113720|926.11
1788320245|20260902113725|926.15
1788320255|20260902113735|926.22
1788320265|20260902113745|926.27
1788320270|20260902113750|926.19
1788320275|20260902113755|926.35
1788320290|20260902113810|926.52
1788320300|20260902113820|926.75
1788320305|20260902113825|926.67
1788320320|20260902113840|927.00
1788320325|20260902113845|927.14
1788320330|20260902113850|927.16
1788320340|20260902113900|927.17
1788320345|20260902113905|927.51
1788320350|20260902113910|927.37
1788320355|20260902113915|927.30
1788320365|20260902113925|927.28
1788320405|20260902114005|927.51
1788320410|20260902114010|927.57
1788320415|20260902114015|927.51
1788320420|20260902114020|927.17
1788320435|20260902114035|927.23
1788320440|20260902114040|927.17
1788320445|20260902114045|927.15
1788320450|20260902114050|927.12
1788320455|20260902114055|927.00
1788320465|20260902114105|927.14
1788320470|20260902114110|927.22
1788320475|20260902114115|927.27
1788320480|20260902114120|926.90
1788320495|20260902114135|926.76
1788320500|20260902114140|926.66
1788320505|20260902114145|926.69
1788320515|20260902114155|926.62
1788320525|20260902114205|926.63
1788320530|20260902114210|926.61
1788320535|20260902114215|926.78
1788320540|20260902114220|926.71
1788320545|20260902114225|926.79
1788320555|20260902114235|926.74
1788320560|20260902114240|926.73
1788320565|20260902114245|926.74
1788320570|20260902114250|926.42
1788320575|20260902114255|926.52
1788320595|20260902114315|926.52
1788320605|20260902114325|926.50
1788320620|20260902114340|926.41
1788320625|20260902114345|926.44
1788320630|20260902114350|926.42
1788320635|20260902114355|926.44
1788320645|20260902114405|926.63
1788320650|20260902114410|926.67
1788320655|20260902114415|926.71
1788320660|20260902114420|926.74
1788320665|20260902114425|926.72
1788320705|20260902114505|926.93
1788320710|20260902114510|926.93
1788320715|20260902114515|927.39
1788320720|20260902114520|927.57
1788320735|20260902114535|927.58
1788320745|20260902114545|927.52
1788320750|20260902114550|927.64
1788320765|20260902114605|927.66
1788320770|20260902114610|927.78
1788320775|20260902114615|927.83
1788320785|20260902114625|927.77
1788320795|20260902114635|927.93
1788320805|20260902114645|928.18
1788320810|20260902114650|928.20
1788320815|20260902114655|928.15
1788320825|20260902114705|928.05
1788320830|20260902114710|928.11
1788320835|20260902114715|928.27
1788320840|20260902114720|928.32
1788320845|20260902114725|928.29
1788320855|20260902114735|928.31
1788320860|20260902114740|928.31
1788320870|20260902114750|928.41
1788320875|20260902114755|928.55
1788320885|20260902114805|928.50
1788320900|20260902114820|928.79
1788320915|20260902114835|928.76
1788320920|20260902114840|928.90
1788320925|20260902114845|928.95
1788320930|20260902114850|928.96
1788320945|20260902114905|929.01
1788320950|20260902114910|929.07
1788320955|20260902114915|929.09
1788320960|20260902114920|929.08
1788320965|20260902114925|929.03
1788321000|20260902115000|929.26
1788321005|20260902115005|929.21
1788321010|20260902115010|929.15
1788321020|20260902115020|929.12
1788321025|20260902115025|929.07
1788321035|20260902115035|929.01
1788321040|20260902115040|928.99
1788321045|20260902115045|928.95
1788321050|20260902115050|929.10
1788321070|20260902115110|928.81
1788321075|20260902115115|928.88
1788321080|20260902115120|928.99
1788321085|20260902115125|928.94
1788321095|20260902115135|928.91
1788321105|20260902115145|928.79
1788321125|20260902115205|928.81
1788321140|20260902115220|929.04
1788321145|20260902115225|928.97
1788321155|20260902115235|928.99
1788321165|20260902115245|929.22
1788321185|20260902115305|929.21
1788321190|20260902115310|929.22
1788321195|20260902115315|929.07
1788321200|20260902115320|929.09
1788321205|20260902115325|929.09
1788321215|20260902115335|929.13
1788321225|20260902115345|929.14
1788321230|20260902115350|929.14
1788321250|20260902115410|929.31
1788321255|20260902115415|929.37
1788321260|20260902115420|929.40
1788321310|20260902115510|929.61
1788321315|20260902115515|929.56
1788321320|20260902115520|929.57
1788321325|20260902115525|929.57
1788321340|20260902115540|929.61
1788321350|20260902115550|929.58
1788321355|20260902115555|929.53
1788321370|20260902115610|929.60
1788321380|20260902115620|929.62
1788321385|20260902115625|929.62
1788321395|20260902115635|930.01
1788321400|20260902115640|930.15
1788321405|20260902115645|930.11
1788321410|20260902115650|930.08
1788321415|20260902115655|930.10
1788321425|20260902115705|929.84
1788321430|20260902115710|929.86
1788321435|20260902115715|929.90
1788321445|20260902115725|929.92
1788321455|20260902115735|929.82
1788321460|20260902115740|929.82
1788321465|20260902115745|929.83
1788321470|20260902115750|929.86
1788321480|20260902115800|929.85
1788321485|20260902115805|929.87
1788321495|20260902115815|929.88
1788321500|20260902115820|929.87
1788321505|20260902115825|929.89
1788321515|20260902115835|929.89
1788321520|20260902115840|929.91
1788321525|20260902115845|929.89
1788321535|20260902115855|929.91
1788321545|20260902115905|929.93
1788321550|20260902115910|929.95
1788321555|20260902115915|929.91
1788321565|20260902115925|930.01
1788321605|20260902120005|930.07
1788321620|20260902120020|930.10
1788321625|20260902120025|930.22
1788321630|20260902120030|930.20
1788321635|20260902120035|930.23
1788321645|20260902120045|930.11
1788321650|20260902120050|930.12
1788321655|20260902120055|930.12
1788321660|20260902120100|930.24
1788321665|20260902120105|930.22
1788321670|20260902120110|930.21
1788321675|20260902120115|930.21
1788321680|20260902120120|930.12
1788321685|20260902120125|930.19
1788321700|20260902120140|929.99
1788321705|20260902120145|929.98
1788321710|20260902120150|929.97
1788321715|20260902120155|929.98
1788321720|20260902120200|929.98
1788321725|20260902120205|929.98
1788321730|20260902120210|930.01
1788321735|20260902120215|930.00
1788321745|20260902120225|930.01
1788321755|20260902120235|929.99
1788321770|20260902120250|930.02
1788321775|20260902120255|930.02
1788321785|20260902120305|930.01
1788321790|20260902120310|929.99
1788321795|20260902120315|930.13
1788321800|20260902120320|930.02
1788321815|20260902120335|930.39
1788321820|20260902120340|930.49
1788321825|20260902120345|930.49
1788321830|20260902120350|930.28
1788321835|20260902120355|930.28
1788321840|20260902120400|930.35
1788321845|20260902120405|930.36
1788321850|20260902120410|930.25
1788321855|20260902120415|930.24
1788321860|20260902120420|930.17
1788321880|20260902120440|930.09
1788321900|20260902120500|930.05
1788321910|20260902120510|930.41
1788321915|20260902120515|930.40
1788321920|20260902120520|930.37
1788321925|20260902120525|930.39
1788321935|20260902120535|930.44
1788321940|20260902120540|930.43
1788321945|20260902120545|930.44
1788321950|20260902120550|930.46
1788321955|20260902120555|930.46
1788321960|20260902120600|930.43
1788321970|20260902120610|930.34
1788321975|20260902120615|930.32
1788321980|20260902120620|930.45
1788321985|20260902120625|930.46
1788321995|20260902120635|930.47
1788322000|20260902120640|930.37
1788322005|20260902120645|930.35
1788322010|20260902120650|930.32
1788322015|20260902120655|930.23
1788322025|20260902120705|930.26
1788322030|20260902120710|930.34
1788322035|20260902120715|930.23
1788322040|20260902120720|930.25
1788322045|20260902120725|930.25
1788322060|20260902120740|930.37
1788322065|20260902120745|930.36
1788322070|20260902120750|930.31
1788322075|20260902120755|930.32
1788322080|20260902120800|930.25
1788322085|20260902120805|930.18
1788322090|20260902120810|930.34
1788322095|20260902120815|930.30
1788322100|20260902120820|930.33
1788322105|20260902120825|930.28
1788322115|20260902120835|930.28
1788322125|20260902120845|930.28
1788322130|20260902120850|930.62
1788322145|20260902120905|930.75
1788322150|20260902120910|930.78
1788322155|20260902120915|930.79
1788322160|20260902120920|930.74
1788322165|20260902120925|930.79
1788322180|20260902120940|930.46
1788322190|20260902120950|930.41
1788322195|20260902120955|930.46
1788322210|20260902121010|930.46
1788322215|20260902121015|930.46
1788322220|20260902121020|930.55
1788322225|20260902121025|930.54
1788322230|20260902121030|930.54
1788322235|20260902121035|930.50
1788322245|20260902121045|930.63
1788322255|20260902121055|930.58
1788322260|20260902121100|930.62
1788322265|20260902121105|930.60
1788322270|20260902121110|930.60
1788322275|20260902121115|930.57
1788322280|20260902121120|930.59
1788322285|20260902121125|930.62
1788322290|20260902121130|930.71
1788322295|20260902121135|930.71
1788322300|20260902121140|930.71
1788322305|20260902121145|930.70
1788322310|20260902121150|930.72
1788322315|20260902121155|930.68
1788322325|20260902121205|930.83
1788322335|20260902121215|930.79
1788322345|20260902121225|930.74
1788322355|20260902121235|930.49
1788322360|20260902121240|930.47
1788322365|20260902121245|930.47
1788322370|20260902121250|930.48
1788322380|20260902121300|930.48
1788322385|20260902121305|930.41
1788322390|20260902121310|930.42
1788322395|20260902121315|930.36
1788322405|20260902121325|930.32
1788322415|20260902121335|930.29
1788322420|20260902121340|930.33
1788322425|20260902121345|930.26
1788322435|20260902121355|930.22
1788322440|20260902121400|930.31
1788322460|20260902121420|930.25
1788322500|20260902121500|930.37
1788322505|20260902121505|930.34
1788322510|20260902121510|930.32
1788322515|20260902121515|930.26
1788322520|20260902121520|930.26
1788322535|20260902121535|930.49
1788322540|20260902121540|930.50
1788322545|20260902121545|930.50
1788322555|20260902121555|930.40
1788322565|20260902121605|930.41
1788322570|20260902121610|930.44
1788322575|20260902121615|930.36
1788322585|20260902121625|930.40
1788322600|20260902121640|930.53
1788322605|20260902121645|930.30
1788322610|20260902121650|930.32
1788322615|20260902121655|930.31
1788322625|20260902121705|930.34
1788322635|20260902121715|930.30
1788322640|20260902121720|930.27
1788322645|20260902121725|930.24
1788322655|20260902121735|930.20
1788322660|20260902121740|930.21
1788322665|20260902121745|930.19
1788322670|20260902121750|930.19
1788322675|20260902121755|930.20
1788322685|20260902121805|930.17
1788322690|20260902121810|930.10
1788322695|20260902121815|930.07
1788322700|20260902121820|930.09
1788322705|20260902121825|930.15
1788322715|20260902121835|930.21
1788322720|20260902121840|930.32
1788322725|20260902121845|930.24
1788322730|20260902121850|930.24
1788322735|20260902121855|930.20
1788322745|20260902121905|930.21
1788322750|20260902121910|930.21
1788322755|20260902121915|930.24
1788322795|20260902121955|930.16
1788322805|20260902122005|930.09
1788322810|20260902122010|930.07
1788322820|20260902122020|930.00
1788322825|20260902122025|929.96
1788322835|20260902122035|929.88
1788322840|20260902122040|929.72
1788322845|20260902122045|929.94
1788322850|20260902122050|929.73
1788322855|20260902122055|929.91
1788322865|20260902122105|930.01
1788322870|20260902122110|929.98
1788322875|20260902122115|929.96
1788322880|20260902122120|930.00
1788322885|20260902122125|930.04
1788322900|20260902122140|929.97
1788322905|20260902122145|929.91
1788322910|20260902122150|929.94
1788322915|20260902122155|929.91
1788322925|20260902122205|930.05
1788322930|20260902122210|929.98
1788322935|20260902122215|930.20
1788322940|20260902122220|930.18
1788322945|20260902122225|930.13
1788322955|20260902122235|930.39
1788322960|20260902122240|930.32
1788322965|20260902122245|930.28
1788322970|20260902122250|930.27
1788322975|20260902122255|930.22
1788322980|20260902122300|930.09
1788322985|20260902122305|930.04
1788322990|20260902122310|930.07
1788322995|20260902122315|930.12
1788323000|20260902122320|930.13
1788323005|20260902122325|930.08
1788323015|20260902122335|930.10
1788323020|20260902122340|930.09
1788323025|20260902122345|930.10
1788323030|20260902122350|930.03
1788323040|20260902122400|929.92
1788323045|20260902122405|929.96
1788323050|20260902122410|930.13
1788323055|20260902122415|930.13
1788323065|20260902122425|930.27
1788323100|20260902122500|930.34
1788323105|20260902122505|930.35
1788323110|20260902122510|930.41
1788323115|20260902122515|930.42
1788323120|20260902122520|930.36
1788323125|20260902122525|930.37
1788323135|20260902122535|930.10
1788323145|20260902122545|930.10
1788323150|20260902122550|930.09
1788323155|20260902122555|930.10
1788323165|20260902122605|930.13
1788323170|20260902122610|930.16
1788323180|20260902122620|930.19
1788323185|20260902122625|930.18
1788323195|20260902122635|930.18
1788323200|20260902122640|930.16
1788323205|20260902122645|930.13
1788323210|20260902122650|930.14
1788323215|20260902122655|930.15
1788323220|20260902122700|930.12
1788323225|20260902122705|930.10
1788323230|20260902122710|930.01
1788323235|20260902122715|929.92
1788323240|20260902122720|929.95
1788323245|20260902122725|929.94
1788323255|20260902122735|929.98
1788323265|20260902122745|929.97
1788323270|20260902122750|930.01
1788323295|20260902122815|929.88
1788323300|20260902122820|929.87
1788323315|20260902122835|929.98
1788323320|20260902122840|929.95
1788323325|20260902122845|929.93
1788323340|20260902122900|929.89
1788323350|20260902122910|929.91
1788323355|20260902122915|929.90
1788323360|20260902122920|929.81
1788323365|20260902122925|929.92
1788323405|20260902123005|930.07
1788323410|20260902123010|930.07
1788323415|20260902123015|929.98
1788323420|20260902123020|929.99
1788323425|20260902123025|929.99
1788323435|20260902123035|930.04
1788323440|20260902123040|930.04
1788323450|20260902123050|930.14
1788323455|20260902123055|930.30
1788323465|20260902123105|930.20
1788323470|20260902123110|930.18
1788323475|20260902123115|930.10
1788323480|20260902123120|930.09
1788323505|20260902123145|930.07
1788323510|20260902123150|930.11
1788323515|20260902123155|930.07
1788323525|20260902123205|930.15
1788323530|20260902123210|930.16
1788323535|20260902123215|930.17
1788323540|20260902123220|930.29
1788323555|20260902123235|930.60
1788323560|20260902123240|930.80
1788323565|20260902123245|930.87
1788323570|20260902123250|930.88
1788323575|20260902123255|930.97
1788323580|20260902123300|930.96
1788323585|20260902123305|931.01
1788323595|20260902123315|930.99
1788323600|20260902123320|930.98
1788323615|20260902123335|930.57
1788323625|20260902123345|930.53
1788323630|20260902123350|930.52
1788323645|20260902123405|930.49
1788323650|20260902123410|930.50
1788323660|20260902123420|930.58
1788323665|20260902123425|930.56
1788323700|20260902123500|930.53
1788323710|20260902123510|930.52
1788323715|20260902123515|930.56
1788323720|20260902123520|930.63
1788323725|20260902123525|930.59
1788323740|20260902123540|930.48
1788323750|20260902123550|930.50
1788323755|20260902123555|930.49
1788323760|20260902123600|930.50
1788323765|20260902123605|930.51
1788323770|20260902123610|930.49
1788323780|20260902123620|930.42
1788323785|20260902123625|930.36
1788323795|20260902123635|930.38
1788323800|20260902123640|930.38
1788323825|20260902123705|930.37
1788323830|20260902123710|930.48
1788323835|20260902123715|930.56
1788323840|20260902123720|930.56
1788323845|20260902123725|930.79
1788323855|20260902123735|930.76
1788323860|20260902123740|930.79
1788323865|20260902123745|930.73
1788323875|20260902123755|930.77
1788323880|20260902123800|930.77
1788323885|20260902123805|930.64
1788323890|20260902123810|930.66
1788323895|20260902123815|930.76
1788323900|20260902123820|930.74
1788323920|20260902123840|930.73
1788323935|20260902123855|930.61
1788323940|20260902123900|930.59
1788323950|20260902123910|930.55
1788323960|20260902123920|930.48
1788323965|20260902123925|930.50
1788323975|20260902123935|930.33
1788323980|20260902123940|930.34
1788324005|20260902124005|930.36
1788324010|20260902124010|930.37
1788324015|20260902124015|930.42
1788324020|20260902124020|930.42
1788324025|20260902124025|930.47
1788324035|20260902124035|930.42
1788324040|20260902124040|930.41
1788324045|20260902124045|930.39
1788324055|20260902124055|930.35
1788324060|20260902124100|930.35
1788324065|20260902124105|930.33
1788324070|20260902124110|930.36
1788324075|20260902124115|930.25
1788324080|20260902124120|930.31
1788324085|20260902124125|930.28
1788324095|20260902124135|930.36
1788324100|20260902124140|930.27
1788324105|20260902124145|930.33
1788324125|20260902124205|930.36
1788324130|20260902124210|930.37
1788324145|20260902124225|930.43
1788324160|20260902124240|930.44
1788324170|20260902124250|930.42
1788324175|20260902124255|930.47
1788324180|20260902124300|930.42
1788324185|20260902124305|930.42
1788324190|20260902124310|930.41
1788324195|20260902124315|930.41
1788324205|20260902124325|930.36
1788324215|20260902124335|930.30
1788324220|20260902124340|930.45
1788324225|20260902124345|930.42
1788324230|20260902124350|930.40
1788324235|20260902124355|930.56
1788324245|20260902124405|930.63
1788324250|20260902124410|930.62
1788324255|20260902124415|930.53
1788324260|20260902124420|930.52
1788324300|20260902124500|930.41
1788324305|20260902124505|930.49
1788324310|20260902124510|930.50
1788324320|20260902124520|930.56
1788324325|20260902124525|930.54
1788324335|20260902124535|930.58
1788324340|20260902124540|930.54
1788324345|20260902124545|930.54
1788324350|20260902124550|930.54
1788324355|20260902124555|930.60
1788324360|20260902124600|930.56
1788324365|20260902124605|930.50
1788324370|20260902124610|930.48
1788324375|20260902124615|930.51
1788324380|20260902124620|930.53
1788324385|20260902124625|930.43
1788324395|20260902124635|930.44
1788324400|20260902124640|930.44
1788324405|20260902124645|930.44
1788324410|20260902124650|930.49
1788324415|20260902124655|930.51
1788324420|20260902124700|930.46
1788324425|20260902124705|930.46
1788324430|20260902124710|930.49
1788324435|20260902124715|930.57
1788324445|20260902124725|930.48
1788324455|20260902124735|930.42
1788324460|20260902124740|930.34
1788324465|20260902124745|930.35
1788324470|20260902124750|930.35
1788324475|20260902124755|930.24
1788324480|20260902124800|930.40
1788324485|20260902124805|930.39
1788324490|20260902124810|930.36
1788324495|20260902124815|930.46
1788324500|20260902124820|930.45
1788324505|20260902124825|930.39
1788324520|20260902124840|930.45
1788324525|20260902124845|930.53
1788324535|20260902124855|930.71
1788324545|20260902124905|930.78
1788324560|20260902124920|930.66
1788324565|20260902124925|930.66
1788324610|20260902125010|930.83
1788324615|20260902125015|930.86
1788324620|20260902125020|930.87
1788324625|20260902125025|930.87
1788324635|20260902125035|930.72
1788324640|20260902125040|930.67
1788324645|20260902125045|930.64
1788324650|20260902125050|930.63
1788324655|20260902125055|930.66
1788324660|20260902125100|930.68
1788324665|20260902125105|930.68
1788324670|20260902125110|930.73
1788324675|20260902125115|930.74
1788324680|20260902125120|930.72
1788324685|20260902125125|930.72
1788324695|20260902125135|930.69
1788324700|20260902125140|930.60
1788324715|20260902125155|930.56
1788324720|20260902125200|930.57
1788324725|20260902125205|930.60
1788324735|20260902125215|930.50
1788324760|20260902125240|930.64
1788324765|20260902125245|930.63
1788324775|20260902125255|930.61
1788324780|20260902125300|930.59
1788324785|20260902125305|930.60
1788324790|20260902125310|930.60
1788324795|20260902125315|930.63
1788324800|20260902125320|930.61
1788324815|20260902125335|930.58
1788324820|20260902125340|930.58
1788324835|20260902125355|930.90
1788324840|20260902125400|930.89
1788324845|20260902125405|930.86
1788324855|20260902125415|930.77
1788324860|20260902125420|930.82
1788324900|20260902125500|930.78
1788324905|20260902125505|930.74
1788324915|20260902125515|930.73
1788324925|20260902125525|930.76
1788324940|20260902125540|930.78
1788324945|20260902125545|930.73
1788324960|20260902125600|930.86
1788324975|20260902125615|930.89
1788324980|20260902125620|930.87
1788324985|20260902125625|930.87
1788324995|20260902125635|930.87
1788325000|20260902125640|930.83
1788325010|20260902125650|930.79
1788325015|20260902125655|930.80
1788325025|20260902125705|930.84
1788325030|20260902125710|930.86
1788325035|20260902125715|930.83
1788325040|20260902125720|930.84
1788325045|20260902125725|930.80
1788325055|20260902125735|930.77
1788325060|20260902125740|930.71
1788325065|20260902125745|930.68
1788325070|20260902125750|930.71
1788325075|20260902125755|930.71
1788325085|20260902125805|930.75
1788325090|20260902125810|930.79
1788325100|20260902125820|930.89
1788325105|20260902125825|930.87
1788325115|20260902125835|930.85
1788325120|20260902125840|930.87
1788325130|20260902125850|930.87
1788325135|20260902125855|930.88
1788325140|20260902125900|930.89
1788325145|20260902125905|930.90
1788325150|20260902125910|930.93
1788325155|20260902125915|930.97
1788325160|20260902125920|930.95
1788325165|20260902125925|930.99
1788325200|20260902130000|930.94
1788325205|20260902130005|930.98
1788325210|20260902130010|930.87
1788325220|20260902130020|930.92
1788325225|20260902130025|931.03
1788325255|20260902130055|931.12
1788325260|20260902130100|931.11
1788325265|20260902130105|931.10
1788325270|20260902130110|931.02
1788325275|20260902130115|930.94
1788325280|20260902130120|930.94
1788325285|20260902130125|930.97
1788325295|20260902130135|930.91
1788325300|20260902130140|930.90
1788325320|20260902130200|930.74
1788325325|20260902130205|930.72
1788325330|20260902130210|930.73
1788325340|20260902130220|930.80
1788325345|20260902130225|930.80
1788325355|20260902130235|930.91
1788325360|20260902130240|930.85
1788325365|20260902130245|930.85
1788325380|20260902130300|930.75
1788325385|20260902130305|930.74
1788325390|20260902130310|930.78
1788325395|20260902130315|930.79
1788325400|20260902130320|930.78
1788325405|20260902130325|930.79
1788325415|20260902130335|930.77
1788325420|20260902130340|930.73
1788325425|20260902130345|930.77
1788325430|20260902130350|930.71
1788325435|20260902130355|930.71
1788325445|20260902130405|930.80
1788325450|20260902130410|930.75
1788325455|20260902130415|930.83
1788325465|20260902130425|930.89
1788325500|20260902130500|930.79
1788325505|20260902130505|930.73
1788325510|20260902130510|930.74
1788325515|20260902130515|930.76
1788325520|20260902130520|930.75
1788325525|20260902130525|930.68
1788325540|20260902130540|930.43
1788325545|20260902130545|930.39
1788325550|20260902130550|930.39
1788325555|20260902130555|930.50
1788325560|20260902130600|930.51
1788325565|20260902130605|930.50
1788325575|20260902130615|930.38
1788325580|20260902130620|930.44
1788325585|20260902130625|930.39
1788325595|20260902130635|930.42
1788325600|20260902130640|930.44
1788325605|20260902130645|930.43
1788325610|20260902130650|930.40
1788325630|20260902130710|930.41
1788325635|20260902130715|930.42
1788325640|20260902130720|930.43
1788325655|20260902130735|930.54
1788325660|20260902130740|930.50
1788325665|20260902130745|930.48
1788325680|20260902130800|930.41
1788325685|20260902130805|930.53
1788325700|20260902130820|930.46
1788325705|20260902130825|930.47
1788325715|20260902130835|930.45
1788325720|20260902130840|930.44
1788325725|20260902130845|930.50
1788325730|20260902130850|930.46
1788325735|20260902130855|930.51
1788325745|20260902130905|930.50
1788325750|20260902130910|930.54
1788325760|20260902130920|930.50
1788325795|20260902130955|930.40
1788325805|20260902131005|930.43
1788325810|20260902131010|930.47
1788325815|20260902131015|930.49
1788325820|20260902131020|930.51
1788325825|20260902131025|930.59
1788325840|20260902131040|930.63
1788325845|20260902131045|930.66
1788325850|20260902131050|930.59
1788325855|20260902131055|930.51
1788325860|20260902131100|930.43
1788325865|20260902131105|930.52
1788325870|20260902131110|930.52
1788325880|20260902131120|930.57
1788325885|20260902131125|930.57
1788325895|20260902131135|930.56
1788325905|20260902131145|930.42
1788325910|20260902131150|930.54
1788325915|20260902131155|930.56
1788325920|20260902131200|930.54
1788325925|20260902131205|930.52
1788325930|20260902131210|930.54
1788325935|20260902131215|930.68
1788325945|20260902131225|930.87
1788325955|20260902131235|930.95
1788325965|20260902131245|931.03
1788325970|20260902131250|931.03
1788325980|20260902131300|931.28
1788325990|20260902131310|931.25
1788326000|20260902131320|931.35
1788326015|20260902131335|931.17
1788326025|20260902131345|931.20
1788326045|20260902131405|931.43
1788326050|20260902131410|931.46
1788326060|20260902131420|931.46
1788326065|20260902131425|931.46
1788326100|20260902131500|931.55
1788326110|20260902131510|931.88
1788326115|20260902131515|931.92
1788326125|20260902131525|932.03
1788326135|20260902131535|932.04
1788326140|20260902131540|931.99
1788326145|20260902131545|932.00
1788326155|20260902131555|931.79
1788326165|20260902131605|931.76
1788326175|20260902131615|931.84
1788326180|20260902131620|931.85
1788326195|20260902131635|932.03
1788326205|20260902131645|931.99
1788326215|20260902131655|932.09
1788326220|20260902131700|932.10
1788326225|20260902131705|932.07
1788326230|20260902131710|931.97
1788326235|20260902131715|931.95
1788326240|20260902131720|931.86
1788326245|20260902131725|932.03
1788326255|20260902131735|932.02
1788326260|20260902131740|932.21
1788326270|20260902131750|932.22
1788326275|20260902131755|932.22
1788326280|20260902131800|932.25
1788326285|20260902131805|932.31
1788326290|20260902131810|932.40
1788326295|20260902131815|932.38
1788326300|20260902131820|932.30
1788326305|20260902131825|932.30
1788326315|20260902131835|932.29
1788326325|20260902131845|932.13
1788326335|20260902131855|932.09
1788326350|20260902131910|931.93
1788326355|20260902131915|931.96
1788326360|20260902131920|931.80
1788326405|20260902132005|931.67
1788326410|20260902132010|931.65
1788326415|20260902132015|931.72
1788326425|20260902132025|931.58
1788326435|20260902132035|931.42
1788326445|20260902132045|931.56
1788326460|20260902132100|931.58
1788326465|20260902132105|931.57
1788326470|20260902132110|931.57
1788326475|20260902132115|931.31
1788326480|20260902132120|931.32
1788326485|20260902132125|931.25
1788326495|20260902132135|931.28
1788326500|20260902132140|931.31
1788326505|20260902132145|931.31
1788326510|20260902132150|931.15
1788326515|20260902132155|931.12
1788326520|20260902132200|931.07
1788326525|20260902132205|931.09
1788326530|20260902132210|931.01
1788326535|20260902132215|931.02
1788326540|20260902132220|931.09
1788326545|20260902132225|931.09
1788326555|20260902132235|930.98
1788326560|20260902132240|930.98
1788326565|20260902132245|930.96
1788326575|20260902132255|930.96
1788326580|20260902132300|930.94
1788326585|20260902132305|930.89
1788326590|20260902132310|930.86
1788326595|20260902132315|930.93
1788326600|20260902132320|930.90
1788326605|20260902132325|930.91
1788326615|20260902132335|930.91
1788326620|20260902132340|930.92
1788326625|20260902132345|931.00
1788326630|20260902132350|931.11
1788326640|20260902132400|931.14
1788326645|20260902132405|931.17
1788326650|20260902132410|931.14
1788326655|20260902132415|931.17
1788326660|20260902132420|930.97
1788326665|20260902132425|930.92
1788326685|20260902132445|931.06
1788326695|20260902132455|931.05
1788326700|20260902132500|931.02
1788326705|20260902132505|931.29
1788326710|20260902132510|931.27
1788326715|20260902132515|931.26
1788326720|20260902132520|931.31
1788326725|20260902132525|931.28
1788326735|20260902132535|931.27
1788326740|20260902132540|931.37
1788326745|20260902132545|931.39
1788326760|20260902132600|931.40
1788326765|20260902132605|931.37
1788326770|20260902132610|931.71
1788326780|20260902132620|931.66
1788326785|20260902132625|931.52
1788326795|20260902132635|931.49
1788326800|20260902132640|931.57
1788326805|20260902132645|931.59
1788326810|20260902132650|931.57
1788326815|20260902132655|931.68
1788326820|20260902132700|931.74
1788326825|20260902132705|931.77
1788326830|20260902132710|931.75
1788326835|20260902132715|931.77
1788326840|20260902132720|931.84
1788326845|20260902132725|931.83
1788326855|20260902132735|931.51
1788326860|20260902132740|931.58
1788326865|20260902132745|931.58
1788326870|20260902132750|931.62
1788326875|20260902132755|931.64
1788326880|20260902132800|931.69
1788326885|20260902132805|931.75
1788326895|20260902132815|931.70
1788326900|20260902132820|931.69
1788326905|20260902132825|931.77
1788326915|20260902132835|931.83
1788326920|20260902132840|932.09
1788326930|20260902132850|932.05
1788326935|20260902132855|932.20
1788326945|20260902132905|932.19
1788326950|20260902132910|932.18
1788326965|20260902132925|932.24
1788326995|20260902132955|932.13
1788327005|20260902133005|933.20
1788327010|20260902133010|932.66
1788327015|20260902133015|932.85
1788327020|20260902133020|932.70
1788327025|20260902133025|932.98
1788327040|20260902133040|933.31
1788327045|20260902133045|933.45
1788327070|20260902133110|933.79
1788327075|20260902133115|933.99
1788327080|20260902133120|934.01
1788327085|20260902133125|934.24
1788327095|20260902133135|934.15
1788327100|20260902133140|934.02
1788327105|20260902133145|934.24
1788327110|20260902133150|934.24
1788327115|20260902133155|934.10
1788327120|20260902133200|933.78
1788327130|20260902133210|933.57
1788327135|20260902133215|933.59
1788327140|20260902133220|933.56
1788327150|20260902133230|933.81
1788327165|20260902133245|933.87
1788327170|20260902133250|933.98
1788327175|20260902133255|934.00
1788327185|20260902133305|934.11
1788327190|20260902133310|934.20
1788327195|20260902133315|934.20
1788327200|20260902133320|934.02
1788327205|20260902133325|934.01
1788327215|20260902133335|934.02
1788327220|20260902133340|934.01
1788327230|20260902133350|934.25
1788327245|20260902133405|934.38
1788327250|20260902133410|934.17
1788327255|20260902133415|934.15
1788327260|20260902133420|934.14
1788327265|20260902133425|934.04
1788327300|20260902133500|934.40
1788327305|20260902133505|934.44
1788327320|20260902133520|934.39
1788327325|20260902133525|934.57
1788327340|20260902133540|934.18
1788327345|20260902133545|934.17
1788327350|20260902133550|934.15
1788327355|20260902133555|933.95
1788327360|20260902133600|933.99
1788327370|20260902133610|933.92
1788327375|20260902133615|934.05
1788327385|20260902133625|934.08
1788327395|20260902133635|934.02
1788327400|20260902133640|933.78
1788327405|20260902133645|933.79
1788327410|20260902133650|933.79
1788327420|20260902133700|933.74
1788327425|20260902133705|933.77
1788327430|20260902133710|933.86
1788327435|20260902133715|933.83
1788327440|20260902133720|933.67
1788327445|20260902133725|934.00
1788327455|20260902133735|933.79
1788327460|20260902133740|933.90
1788327465|20260902133745|933.94
1788327470|20260902133750|933.65
1788327480|20260902133800|933.38
1788327485|20260902133805|933.29
1788327490|20260902133810|933.19
1788327495|20260902133815|933.24
1788327505|20260902133825|933.44
1788327515|20260902133835|933.41
1788327520|20260902133840|933.39
1788327525|20260902133845|933.33
1788327530|20260902133850|933.34
1788327535|20260902133855|933.40
1788327545|20260902133905|933.53
1788327550|20260902133910|933.65
1788327560|20260902133920|933.63
1788327565|20260902133925|933.57
1788327605|20260902134005|933.24
1788327610|20260902134010|933.24
1788327615|20260902134015|933.34
1788327620|20260902134020|933.34
1788327640|20260902134040|933.31
1788327645|20260902134045|933.26
1788327650|20260902134050|933.21
1788327660|20260902134100|933.14
1788327665|20260902134105|933.19
1788327670|20260902134110|933.29
1788327675|20260902134115|933.20
1788327705|20260902134145|933.65
1788327710|20260902134150|933.74
1788327715|20260902134155|933.80
1788327720|20260902134200|933.77
1788327725|20260902134205|933.96
1788327730|20260902134210|933.96
1788327740|20260902134220|934.11
1788327745|20260902134225|934.09
1788327760|20260902134240|933.85
1788327765|20260902134245|933.82
1788327770|20260902134250|933.67
1788327780|20260902134300|933.76
1788327795|20260902134315|933.85
1788327800|20260902134320|933.62
1788327805|20260902134325|933.75
1788327815|20260902134335|933.66
1788327820|20260902134340|933.68
1788327825|20260902134345|933.89
1788327830|20260902134350|933.88
1788327835|20260902134355|933.79
1788327840|20260902134400|933.84
1788327845|20260902134405|933.90
1788327850|20260902134410|933.83
1788327855|20260902134415|933.83
1788327860|20260902134420|933.98
1788327865|20260902134425|933.98
1788327900|20260902134500|934.22
1788327905|20260902134505|934.29
1788327915|20260902134515|934.29
1788327920|20260902134520|934.28
1788327925|20260902134525|934.25
1788327935|20260902134535|934.24
1788327940|20260902134540|934.30
1788327945|20260902134545|934.28
1788327950|20260902134550|934.26
1788327955|20260902134555|934.41
1788327965|20260902134605|934.38
1788327970|20260902134610|934.37
1788327975|20260902134615|934.37
1788327980|20260902134620|934.43
1788327985|20260902134625|934.41
1788327995|20260902134635|934.28
1788328000|20260902134640|934.18
1788328005|20260902134645|934.15
1788328010|20260902134650|934.36
1788328015|20260902134655|934.36
1788328020|20260902134700|934.30
1788328025|20260902134705|934.27
1788328030|20260902134710|934.32
1788328035|20260902134715|934.38
1788328040|20260902134720|934.36
1788328045|20260902134725|934.35
1788328055|20260902134735|934.29
1788328060|20260902134740|934.35
1788328065|20260902134745|934.29
1788328070|20260902134750|934.35
1788328075|20260902134755|934.33
1788328080|20260902134800|934.32
1788328085|20260902134805|934.32
1788328095|20260902134815|934.37
1788328105|20260902134825|934.36
1788328115|20260902134835|934.43
1788328120|20260902134840|934.47
1788328125|20260902134845|934.46
1788328135|20260902134855|934.56
1788328140|20260902134900|934.53
1788328145|20260902134905|934.46
1788328150|20260902134910|934.49
1788328155|20260902134915|934.49
1788328160|20260902134920|934.52
1788328165|20260902134925|934.55
1788328205|20260902135005|934.79
1788328210|20260902135010|934.88
1788328215|20260902135015|934.90
1788328220|20260902135020|934.68
1788328225|20260902135025|934.39
1788328235|20260902135035|934.28
1788328240|20260902135040|934.30
1788328245|20260902135045|934.28
1788328250|20260902135050|934.10
1788328255|20260902135055|934.10
1788328260|20260902135100|934.06
1788328270|20260902135110|934.09
1788328275|20260902135115|934.21
1788328280|20260902135120|934.20
1788328285|20260902135125|934.13
1788328295|20260902135135|934.02
1788328305|20260902135145|934.18
1788328310|20260902135150|934.13
1788328315|20260902135155|934.19
1788328320|20260902135200|934.28
1788328330|20260902135210|934.13
1788328335|20260902135215|934.14
1788328340|20260902135220|934.09
1788328345|20260902135225|934.09
1788328355|20260902135235|934.02
1788328365|20260902135245|934.02
1788328370|20260902135250|934.04
1788328375|20260902135255|934.13
1788328385|20260902135305|934.03
1788328395|20260902135315|934.06
1788328400|20260902135320|933.91
1788328405|20260902135325|933.91
1788328415|20260902135335|933.81
1788328425|20260902135345|933.75
1788328430|20260902135350|933.86
1788328435|20260902135355|933.74
1788328445|20260902135405|933.70
1788328455|20260902135415|933.55
1788328460|20260902135420|933.47
1788328480|20260902135440|933.57
1788328500|20260902135500|933.62
1788328505|20260902135505|933.55
1788328515|20260902135515|933.61
1788328520|20260902135520|933.66
1788328525|20260902135525|933.70
1788328535|20260902135535|933.71
1788328540|20260902135540|933.82
1788328545|20260902135545|933.91
1788328550|20260902135550|933.99
1788328555|20260902135555|933.96
1788328570|20260902135610|933.78
1788328575|20260902135615|933.73
1788328580|20260902135620|933.92
1788328585|20260902135625|933.95
1788328595|20260902135635|934.07
1788328600|20260902135640|934.08
1788328605|20260902135645|934.14
1788328610|20260902135650|934.01
1788328615|20260902135655|934.00
1788328620|20260902135700|933.92
1788328625|20260902135705|934.02
1788328630|20260902135710|933.92
1788328635|20260902135715|933.92
1788328640|20260902135720|933.88
1788328645|20260902135725|933.96
1788328655|20260902135735|934.03
1788328660|20260902135740|934.02
1788328665|20260902135745|933.92
1788328670|20260902135750|933.92
1788328680|20260902135800|933.72
1788328685|20260902135805|933.84
1788328695|20260902135815|933.96
1788328705|20260902135825|934.02
1788328715|20260902135835|933.94
1788328725|20260902135845|933.85
1788328730|20260902135850|933.85
1788328735|20260902135855|933.87
1788328740|20260902135900|933.81
1788328745|20260902135905|933.82
1788328750|20260902135910|933.83
1788328755|20260902135915|933.67
1788328765|20260902135925|933.70
1788328800|20260902140000|933.50
1788328820|20260902140020|933.91
1788328825|20260902140025|933.79
1788328835|20260902140035|933.74
1788328845|20260902140045|933.65
1788328865|20260902140105|933.71
1788328875|20260902140115|933.68
1788328885|20260902140125|933.66
1788328905|20260902140145|933.69
1788328910|20260902140150|933.79
1788328915|20260902140155|933.85
1788328920|20260902140200|933.89
1788328930|20260902140210|933.94
1788328935|20260902140215|933.92
1788328940|20260902140220|933.80
1788328955|20260902140235|933.94
1788328960|20260902140240|933.98
1788328965|20260902140245|933.99
1788328970|20260902140250|933.98
1788328975|20260902140255|934.07
1788328980|20260902140300|933.95
1788328990|20260902140310|933.85
1788328995|20260902140315|933.83
1788329000|20260902140320|933.88
1788329005|20260902140325|933.80
1788329015|20260902140335|933.74
1788329020|20260902140340|933.61
1788329035|20260902140355|933.59
1788329045|20260902140405|933.33
1788329050|20260902140410|933.23
1788329055|20260902140415|933.15
1788329065|20260902140425|933.20
1788329100|20260902140500|933.28
1788329105|20260902140505|933.17
1788329110|20260902140510|933.16
1788329115|20260902140515|933.31
1788329120|20260902140520|933.25
1788329125|20260902140525|933.10
1788329135|20260902140535|933.17
1788329150|20260902140550|933.34
1788329160|20260902140600|933.15
1788329165|20260902140605|933.16
1788329170|20260902140610|933.16
1788329175|20260902140615|933.26
1788329180|20260902140620|933.25
1788329185|20260902140625|933.42
1788329195|20260902140635|933.39
1788329200|20260902140640|933.39
1788329210|20260902140650|933.28
1788329215|20260902140655|933.38
1788329220|20260902140700|933.48
1788329225|20260902140705|933.48
1788329230|20260902140710|933.45
1788329235|20260902140715|933.63
1788329240|20260902140720|933.60
1788329245|20260902140725|933.57
1788329260|20260902140740|933.39
1788329265|20260902140745|933.44
1788329275|20260902140755|933.48
1788329280|20260902140800|933.39
1788329290|20260902140810|933.44
1788329295|20260902140815|933.47
1788329300|20260902140820|933.55
1788329315|20260902140835|933.39
1788329325|20260902140845|933.34
1788329330|20260902140850|933.42
1788329335|20260902140855|933.51
1788329345|20260902140905|933.88
1788329350|20260902140910|933.77
1788329355|20260902140915|933.78
1788329360|20260902140920|933.93
1788329365|20260902140925|933.87
1788329410|20260902141010|934.43
1788329420|20260902141020|934.48
1788329425|20260902141025|934.32
1788329435|20260902141035|934.29
1788329440|20260902141040|934.34
1788329445|20260902141045|934.34
1788329450|20260902141050|934.28
1788329455|20260902141055|934.17
1788329465|20260902141105|934.03
1788329475|20260902141115|933.96
1788329480|20260902141120|933.98
1788329485|20260902141125|934.04
1788329495|20260902141135|933.93
1788329500|20260902141140|934.00
1788329505|20260902141145|933.99
1788329510|20260902141150|933.99
1788329515|20260902141155|934.00
1788329525|20260902141205|934.08
1788329535|20260902141215|934.15
1788329540|20260902141220|934.28
1788329545|20260902141225|934.29
1788329555|20260902141235|934.29
1788329565|20260902141245|934.44
1788329570|20260902141250|934.31
1788329575|20260902141255|934.40
1788329580|20260902141300|934.55
1788329585|20260902141305|934.58
1788329590|20260902141310|934.86
1788329595|20260902141315|934.84
1788329600|20260902141320|935.17
1788329625|20260902141345|935.36
1788329645|20260902141405|935.36
1788329650|20260902141410|935.24
1788329655|20260902141415|935.36
1788329660|20260902141420|935.46
1788329665|20260902141425|935.54
1788329700|20260902141500|934.98
1788329705|20260902141505|934.94
1788329710|20260902141510|934.96
1788329725|20260902141525|935.11
1788329735|20260902141535|935.44
1788329740|20260902141540|935.28
1788329745|20260902141545|935.33
1788329750|20260902141550|935.32
1788329755|20260902141555|935.01
1788329765|20260902141605|934.68
1788329770|20260902141610|934.68
1788329775|20260902141615|934.67
1788329780|20260902141620|934.59
1788329795|20260902141635|934.53
1788329800|20260902141640|934.53
1788329805|20260902141645|934.52
1788329810|20260902141650|934.35
1788329815|20260902141655|934.29
1788329820|20260902141700|934.30
1788329825|20260902141705|934.28
1788329835|20260902141715|934.37
1788329840|20260902141720|934.33
1788329845|20260902141725|934.35
1788329855|20260902141735|934.40
1788329860|20260902141740|934.23
1788329865|20260902141745|934.23
1788329870|20260902141750|934.19
1788329875|20260902141755|934.23
1788329880|20260902141800|934.02
1788329890|20260902141810|934.15
1788329895|20260902141815|934.64
1788329900|20260902141820|934.47
1788329905|20260902141825|934.56
1788329915|20260902141835|934.62
1788329920|20260902141840|934.66
1788329925|20260902141845|934.65
1788329935|20260902141855|934.96
1788329960|20260902141920|935.04
1788329970|20260902141930|934.80
1788329975|20260902141935|934.83
1788329980|20260902141940|934.77
1788329990|20260902141950|934.86
1788329995|20260902141955|934.94
1788330000|20260902142000|935.03
1788330005|20260902142005|934.94
1788330010|20260902142010|934.71
1788330015|20260902142015|934.68
1788330025|20260902142025|934.69
1788330030|20260902142030|934.49
1788330035|20260902142035|934.47
1788330040|20260902142040|934.50
1788330045|20260902142045|934.39
1788330050|20260902142050|934.43
1788330055|20260902142055|934.47
1788330060|20260902142100|934.38
1788330065|20260902142105|934.50
1788330070|20260902142110|934.48
1788330075|20260902142115|934.48
1788330080|20260902142120|934.46
1788330085|20260902142125|934.49
1788330095|20260902142135|934.45
1788330100|20260902142140|934.47
1788330105|20260902142145|934.49
1788330115|20260902142155|934.36
1788330125|20260902142205|934.51
1788330135|20260902142215|934.30
1788330145|20260902142225|934.35
1788330155|20260902142235|934.01
1788330160|20260902142240|934.07
1788330165|20260902142245|934.11
1788330170|20260902142250|934.32
1788330180|20260902142300|934.34
1788330185|20260902142305|934.27
1788330190|20260902142310|934.23
1788330195|20260902142315|934.22
1788330200|20260902142320|934.31
1788330205|20260902142325|934.31
1788330215|20260902142335|934.35
1788330220|20260902142340|934.41
1788330225|20260902142345|934.42
1788330230|20260902142350|934.45
1788330235|20260902142355|934.55
1788330240|20260902142400|934.63
1788330245|20260902142405|934.65
1788330250|20260902142410|934.68
1788330255|20260902142415|934.70
1788330260|20260902142420|934.87
1788330290|20260902142450|934.80
1788330300|20260902142500|935.10
1788330305|20260902142505|935.16
1788330310|20260902142510|935.02
1788330315|20260902142515|935.03
1788330320|20260902142520|934.96
1788330335|20260902142535|935.05
1788330340|20260902142540|935.10
1788330345|20260902142545|935.01
1788330350|20260902142550|935.01
1788330355|20260902142555|935.02
1788330360|20260902142600|935.15
1788330365|20260902142605|935.06
1788330370|20260902142610|935.12
1788330375|20260902142615|935.13
1788330380|20260902142620|935.03
1788330385|20260902142625|935.06
1788330395|20260902142635|935.15
1788330400|20260902142640|935.19
1788330405|20260902142645|935.23
1788330410|20260902142650|935.28
1788330415|20260902142655|935.29
1788330425|20260902142705|935.07
1788330430|20260902142710|935.04
1788330435|20260902142715|934.95
1788330455|20260902142735|934.89
1788330465|20260902142745|934.95
1788330480|20260902142800|934.78
1788330485|20260902142805|934.72
1788330490|20260902142810|934.71
1788330495|20260902142815|934.69
1788330500|20260902142820|934.74
1788330505|20260902142825|934.85
1788330515|20260902142835|934.74
1788330525|20260902142845|934.60
1788330530|20260902142850|934.60
1788330535|20260902142855|934.68
1788330545|20260902142905|934.75
1788330550|20260902142910|934.71
1788330555|20260902142915|934.74
1788330560|20260902142920|934.69
1788330565|20260902142925|934.69
1788330605|20260902143005|934.27
1788330610|20260902143010|934.30
1788330615|20260902143015|934.34
1788330620|20260902143020|934.34
1788330625|20260902143025|934.45
1788330640|20260902143040|934.49
1788330645|20260902143045|934.36
1788330650|20260902143050|934.46
1788330660|20260902143100|934.36
1788330665|20260902143105|934.50
1788330670|20260902143110|934.46
1788330675|20260902143115|934.37
1788330680|20260902143120|934.43
1788330685|20260902143125|934.38
1788330705|20260902143145|934.08
1788330715|20260902143155|934.13
1788330730|20260902143210|933.88
1788330735|20260902143215|934.00
1788330740|20260902143220|933.95
1788330745|20260902143225|933.99
1788330755|20260902143235|934.06
1788330760|20260902143240|934.10
1788330765|20260902143245|933.98
1788330775|20260902143255|933.97
1788330780|20260902143300|934.01
1788330790|20260902143310|933.88
1788330795|20260902143315|933.91
1788330800|20260902143320|933.80
1788330805|20260902143325|933.71
1788330820|20260902143340|933.63
1788330830|20260902143350|933.57
1788330835|20260902143355|933.58
1788330845|20260902143405|933.59
1788330850|20260902143410|933.59
1788330855|20260902143415|933.49
1788330860|20260902143420|933.44
1788330865|20260902143425|933.46
1788330900|20260902143500|933.74
1788330905|20260902143505|933.72
1788330910|20260902143510|933.68
1788330915|20260902143515|933.68
1788330920|20260902143520|933.52
1788330925|20260902143525|933.56
1788330945|20260902143545|933.54
1788330950|20260902143550|933.56
1788330955|20260902143555|933.61
1788330960|20260902143600|933.60
1788330965|20260902143605|933.66
1788330970|20260902143610|933.71
1788330980|20260902143620|933.76
1788330985|20260902143625|933.64
1788330995|20260902143635|933.66
1788331000|20260902143640|933.60
1788331005|20260902143645|933.63
1788331010|20260902143650|933.62
1788331025|20260902143705|933.38
1788331030|20260902143710|933.30
1788331035|20260902143715|933.33
1788331040|20260902143720|933.41
1788331045|20260902143725|933.47
1788331055|20260902143735|933.68
1788331060|20260902143740|933.57
1788331065|20260902143745|933.54
1788331070|20260902143750|933.31
1788331075|20260902143755|933.17
1788331080|20260902143800|933.23
1788331085|20260902143805|933.21
1788331090|20260902143810|933.39
1788331095|20260902143815|933.36
1788331100|20260902143820|933.44
1788331105|20260902143825|933.58
1788331115|20260902143835|933.90
1788331120|20260902143840|933.94
1788331125|20260902143845|933.88
1788331130|20260902143850|933.86
1788331135|20260902143855|933.86
1788331140|20260902143900|933.96
1788331145|20260902143905|933.97
1788331150|20260902143910|933.90
1788331155|20260902143915|934.01
1788331160|20260902143920|934.20
1788331165|20260902143925|934.26
1788331195|20260902143955|934.66
1788331205|20260902144005|934.68
1788331210|20260902144010|934.63
1788331220|20260902144020|934.50
1788331225|20260902144025|934.54
1788331235|20260902144035|934.70
1788331250|20260902144050|934.75
1788331255|20260902144055|934.99
1788331265|20260902144105|934.95
1788331270|20260902144110|934.87
1788331275|20260902144115|934.74
1788331280|20260902144120|934.66
1788331285|20260902144125|935.00
1788331295|20260902144135|935.16
1788331315|20260902144155|934.86
1788331320|20260902144200|935.14
1788331325|20260902144205|935.08
1788331330|20260902144210|934.90
1788331335|20260902144215|934.91
1788331340|20260902144220|934.93
1788331355|20260902144235|934.89
1788331360|20260902144240|934.89
1788331365|20260902144245|934.92
1788331375|20260902144255|934.94
1788331380|20260902144300|934.95
1788331385|20260902144305|934.91
1788331390|20260902144310|934.87
1788331395|20260902144315|934.84
1788331400|20260902144320|934.84
1788331405|20260902144325|934.81
1788331410|20260902144330|934.82
1788331415|20260902144335|934.90
1788331420|20260902144340|935.06
1788331425|20260902144345|934.94
1788331435|20260902144355|934.89
1788331440|20260902144400|934.89
1788331445|20260902144405|935.02
1788331450|20260902144410|935.05
1788331455|20260902144415|934.94
1788331460|20260902144420|934.92
1788331465|20260902144425|934.85
1788331480|20260902144440|934.89
1788331490|20260902144450|934.65
1788331495|20260902144455|934.73
1788331500|20260902144500|934.69
1788331505|20260902144505|934.76
1788331510|20260902144510|934.64
1788331520|20260902144520|934.68
1788331525|20260902144525|934.70
1788331535|20260902144535|934.72
1788331540|20260902144540|934.71
1788331545|20260902144545|934.70
1788331550|20260902144550|934.67
1788331565|20260902144605|934.73
1788331570|20260902144610|934.71
1788331575|20260902144615|934.37
1788331580|20260902144620|934.31
1788331585|20260902144625|934.29
1788331595|20260902144635|934.13
1788331600|20260902144640|934.23
1788331605|20260902144645|934.14
1788331610|20260902144650|934.10
1788331615|20260902144655|934.19
1788331620|20260902144700|934.05
1788331625|20260902144705|934.04
1788331635|20260902144715|934.05
1788331640|20260902144720|933.91
1788331645|20260902144725|933.98
1788331655|20260902144735|934.02
1788331660|20260902144740|934.09
1788331665|20260902144745|933.90
1788331670|20260902144750|933.85
1788331675|20260902144755|933.92
1788331680|20260902144800|933.84
1788331685|20260902144805|933.86
1788331690|20260902144810|933.81
1788331695|20260902144815|933.88
1788331705|20260902144825|933.81
1788331715|20260902144835|933.90
1788331730|20260902144850|933.58
1788331745|20260902144905|933.57
1788331750|20260902144910|933.52
1788331755|20260902144915|933.57
1788331760|20260902144920|933.43
1788331765|20260902144925|933.52
1788331810|20260902145010|933.01
1788331815|20260902145015|933.12
1788331820|20260902145020|933.13
1788331825|20260902145025|933.07
1788331835|20260902145035|933.04
1788331840|20260902145040|933.05
1788331845|20260902145045|932.98
1788331850|20260902145050|932.99
1788331860|20260902145100|933.03
1788331865|20260902145105|932.96
1788331875|20260902145115|932.90
1788331880|20260902145120|932.80
1788331900|20260902145140|932.72
1788331905|20260902145145|932.67
1788331910|20260902145150|932.64
1788331920|20260902145200|932.86
1788331925|20260902145205|932.94
1788331935|20260902145215|932.87
1788331945|20260902145225|933.02
1788331960|20260902145240|933.15
1788331965|20260902145245|933.09
1788331970|20260902145250|933.03
1788331980|20260902145300|933.06
1788331985|20260902145305|932.93
1788331990|20260902145310|932.94
1788331995|20260902145315|933.04
1788332000|20260902145320|933.05
1788332015|20260902145335|932.91
1788332025|20260902145345|932.92
1788332030|20260902145350|932.94
1788332035|20260902145355|932.94
1788332040|20260902145400|932.91
1788332045|20260902145405|932.87
1788332050|20260902145410|932.82
1788332055|20260902145415|932.83
1788332060|20260902145420|932.88
1788332065|20260902145425|932.94
1788332090|20260902145450|932.98
1788332100|20260902145500|932.99
1788332105|20260902145505|932.99
1788332110|20260902145510|932.96
1788332115|20260902145515|932.97
1788332120|20260902145520|932.99
1788332125|20260902145525|933.01
1788332135|20260902145535|933.16
1788332140|20260902145540|933.08
1788332145|20260902145545|933.21
1788332155|20260902145555|933.13
1788332160|20260902145600|933.17
1788332165|20260902145605|933.18
1788332170|20260902145610|933.08
1788332175|20260902145615|933.13
1788332180|20260902145620|933.35
1788332185|20260902145625|933.33
1788332195|20260902145635|933.72
1788332200|20260902145640|933.80
1788332205|20260902145645|933.87
1788332210|20260902145650|933.83
1788332220|20260902145700|933.83
1788332225|20260902145705|933.90
1788332230|20260902145710|934.15
1788332235|20260902145715|934.18
1788332240|20260902145720|934.01
1788332245|20260902145725|933.85
1788332255|20260902145735|933.86
1788332260|20260902145740|933.80
1788332265|20260902145745|933.88
1788332270|20260902145750|934.04
1788332275|20260902145755|933.88
1788332280|20260902145800|933.90
1788332285|20260902145805|933.85
1788332290|20260902145810|933.87
1788332295|20260902145815|933.83
1788332300|20260902145820|933.86
1788332305|20260902145825|933.86
1788332315|20260902145835|933.72
1788332320|20260902145840|933.69
1788332325|20260902145845|933.76
1788332330|20260902145850|933.84
1788332335|20260902145855|933.88
1788332340|20260902145900|933.91
1788332345|20260902145905|933.90
1788332350|20260902145910|933.87
1788332355|20260902145915|933.78
1788332365|20260902145925|933.78
1788332400|20260902150000|934.16
1788332405|20260902150005|934.18
1788332410|20260902150010|934.15
1788332415|20260902150015|934.15
1788332420|20260902150020|934.03
1788332440|20260902150040|934.02
1788332445|20260902150045|934.05
1788332450|20260902150050|934.02
1788332455|20260902150055|934.31
1788332465|20260902150105|934.32
1788332470|20260902150110|934.22
1788332475|20260902150115|934.16
1788332480|20260902150120|934.20
1788332510|20260902150150|934.20
1788332515|20260902150155|934.17
1788332520|20260902150200|934.18
1788332525|20260902150205|934.25
1788332540|20260902150220|934.72
1788332545|20260902150225|934.70
1788332555|20260902150235|934.54
1788332560|20260902150240|934.44
1788332565|20260902150245|934.44
1788332570|20260902150250|934.36
1788332585|20260902150305|934.05
1788332590|20260902150310|934.21
1788332595|20260902150315|933.96
1788332600|20260902150320|933.98
1788332605|20260902150325|934.10
1788332615|20260902150335|933.99
1788332620|20260902150340|934.09
1788332625|20260902150345|934.11
1788332630|20260902150350|934.17
1788332635|20260902150355|934.21
1788332640|20260902150400|934.20
1788332645|20260902150405|934.24
1788332650|20260902150410|934.34
1788332655|20260902150415|934.31
1788332660|20260902150420|934.20
1788332665|20260902150425|934.10
1788332690|20260902150450|933.99
1788332695|20260902150455|934.10
1788332700|20260902150500|934.20
1788332705|20260902150505|934.12
1788332710|20260902150510|934.18
1788332720|20260902150520|934.17
1788332725|20260902150525|934.17
1788332740|20260902150540|933.85
1788332745|20260902150545|933.99
1788332750|20260902150550|933.91
1788332755|20260902150555|933.91
1788332760|20260902150600|933.85
1788332765|20260902150605|933.86
1788332770|20260902150610|933.88
1788332775|20260902150615|933.81
1788332780|20260902150620|933.75
1788332785|20260902150625|933.76
1788332795|20260902150635|933.82
1788332800|20260902150640|933.94
1788332805|20260902150645|933.99
1788332810|20260902150650|934.39
1788332815|20260902150655|934.40
1788332820|20260902150700|934.45
1788332825|20260902150705|934.49
1788332830|20260902150710|934.57
1788332835|20260902150715|934.70
1788332840|20260902150720|934.68
1788332845|20260902150725|934.95
1788332855|20260902150735|935.11
1788332860|20260902150740|935.16
1788332865|20260902150745|935.10
1788332875|20260902150755|935.07
1788332880|20260902150800|935.16
1788332885|20260902150805|934.99
1788332890|20260902150810|935.01
1788332895|20260902150815|935.16
1788332900|20260902150820|935.09
1788332905|20260902150825|935.16
1788332915|20260902150835|935.13
1788332925|20260902150845|934.98
1788332935|20260902150855|934.94
1788332940|20260902150900|935.15
1788332945|20260902150905|935.10
1788332955|20260902150915|935.08
1788332960|20260902150920|935.17
1788332965|20260902150925|935.25
1788333005|20260902151005|935.21
1788333010|20260902151010|935.16
1788333015|20260902151015|935.24
1788333020|20260902151020|935.34
1788333025|20260902151025|935.57
1788333035|20260902151035|936.03
1788333040|20260902151040|935.93
1788333045|20260902151045|935.86
1788333050|20260902151050|935.87
1788333070|20260902151110|935.79
1788333075|20260902151115|935.82
1788333080|20260902151120|935.83
1788333085|20260902151125|935.78
1788333095|20260902151135|935.67
1788333100|20260902151140|935.73
1788333105|20260902151145|935.83
1788333110|20260902151150|935.84
1788333125|20260902151205|935.98
1788333130|20260902151210|936.01
1788333135|20260902151215|936.02
1788333140|20260902151220|936.03
1788333145|20260902151225|936.12
1788333155|20260902151235|935.98
1788333160|20260902151240|935.96
1788333165|20260902151245|935.94
1788333170|20260902151250|935.73
1788333175|20260902151255|935.75
1788333180|20260902151300|935.80
1788333185|20260902151305|935.91
1788333190|20260902151310|935.86
1788333195|20260902151315|935.91
1788333205|20260902151325|935.67
1788333215|20260902151335|935.76
1788333220|20260902151340|935.64
1788333230|20260902151350|935.57
1788333250|20260902151410|935.60
1788333255|20260902151415|935.71
1788333260|20260902151420|935.76
1788333265|20260902151425|935.69
1788333280|20260902151440|935.26
1788333295|20260902151455|935.35
1788333300|20260902151500|935.24
1788333305|20260902151505|935.06
1788333310|20260902151510|935.21
1788333315|20260902151515|935.26
1788333325|20260902151525|935.04
1788333335|20260902151535|935.13
1788333340|20260902151540|935.08
1788333345|20260902151545|935.08
1788333350|20260902151550|935.22
1788333355|20260902151555|935.24
1788333360|20260902151600|935.28
1788333365|20260902151605|935.35
1788333375|20260902151615|935.24
1788333380|20260902151620|935.26
1788333395|20260902151635|935.32
1788333400|20260902151640|935.41
1788333410|20260902151650|935.44
1788333415|20260902151655|935.29
1788333420|20260902151700|935.27
1788333425|20260902151705|935.28
1788333430|20260902151710|935.18
1788333440|20260902151720|935.33
1788333445|20260902151725|935.29
1788333455|20260902151735|935.31
1788333460|20260902151740|935.36
1788333475|20260902151755|935.39
1788333495|20260902151815|935.45
1788333500|20260902151820|935.42
1788333505|20260902151825|935.47
1788333520|20260902151840|935.24
1788333525|20260902151845|935.24
1788333530|20260902151850|935.27
1788333545|20260902151905|935.35
1788333550|20260902151910|935.39
1788333555|20260902151915|935.60
1788333560|20260902151920|935.54
1788333565|20260902151925|935.56
1788333605|20260902152005|935.39
1788333615|20260902152015|935.26
1788333620|20260902152020|935.36
1788333625|20260902152025|935.27
1788333635|20260902152035|935.08
1788333640|20260902152040|935.10
1788333645|20260902152045|935.08
1788333650|20260902152050|935.05
1788333655|20260902152055|935.04
1788333665|20260902152105|935.10
1788333670|20260902152110|935.12
1788333675|20260902152115|935.11
1788333680|20260902152120|934.81
1788333685|20260902152125|934.97
1788333695|20260902152135|935.00
1788333700|20260902152140|935.05
1788333705|20260902152145|935.02
1788333710|20260902152150|935.06
1788333715|20260902152155|935.11
1788333725|20260902152205|934.99
1788333730|20260902152210|934.99
1788333740|20260902152220|934.98
1788333755|20260902152235|934.99
1788333760|20260902152240|934.99
1788333765|20260902152245|935.07
1788333770|20260902152250|935.25
1788333790|20260902152310|935.20
1788333800|20260902152320|935.15
1788333805|20260902152325|935.26
1788333820|20260902152340|935.47
1788333825|20260902152345|935.47
1788333830|20260902152350|935.52
1788333840|20260902152400|935.49
1788333845|20260902152405|935.50
1788333855|20260902152415|935.51
1788333860|20260902152420|935.51
1788333865|20260902152425|935.38
1788333900|20260902152500|935.69
1788333905|20260902152505|935.66
1788333910|20260902152510|935.45
1788333915|20260902152515|935.20
1788333920|20260902152520|935.20
1788333925|20260902152525|935.08
1788333935|20260902152535|934.89
1788333940|20260902152540|934.95
1788333950|20260902152550|934.95
1788333955|20260902152555|935.03
1788333965|20260902152605|935.26
1788333975|20260902152615|935.24
1788333980|20260902152620|935.31
1788333995|20260902152635|935.18
1788334000|20260902152640|935.23
1788334005|20260902152645|935.26
1788334010|20260902152650|935.28
1788334015|20260902152655|935.23
1788334025|20260902152705|935.24
1788334030|20260902152710|935.24
1788334035|20260902152715|935.46
1788334040|20260902152720|935.66
1788334055|20260902152735|935.43
1788334065|20260902152745|935.19
1788334070|20260902152750|935.15
1788334075|20260902152755|935.07
1788334080|20260902152800|934.94
1788334095|20260902152815|935.22
1788334100|20260902152820|935.17
1788334105|20260902152825|935.19
1788334115|20260902152835|935.22
1788334120|20260902152840|935.17
1788334125|20260902152845|935.23
1788334130|20260902152850|935.23
1788334135|20260902152855|935.32
1788334140|20260902152900|935.30
1788334145|20260902152905|935.15
1788334150|20260902152910|935.23
1788334155|20260902152915|935.33
1788334160|20260902152920|935.32
1788334165|20260902152925|935.37
1788334205|20260902153005|935.17
1788334210|20260902153010|934.99
1788334215|20260902153015|935.01
1788334220|20260902153020|935.07
1788334225|20260902153025|935.12
1788334235|20260902153035|934.97
1788334240|20260902153040|935.02
1788334245|20260902153045|935.02
1788334255|20260902153055|935.16
1788334260|20260902153100|935.07
1788334265|20260902153105|935.41
1788334270|20260902153110|935.40
1788334275|20260902153115|935.65
1788334280|20260902153120|935.58
1788334285|20260902153125|935.48
1788334300|20260902153140|935.46
1788334305|20260902153145|935.46
1788334310|20260902153150|935.67
1788334315|20260902153155|935.63
1788334320|20260902153200|935.74
1788334330|20260902153210|935.67
1788334335|20260902153215|935.56
1788334340|20260902153220|935.57
1788334345|20260902153225|935.89
1788334355|20260902153235|935.86
1788334360|20260902153240|935.80
1788334365|20260902153245|935.80
1788334370|20260902153250|935.83
1788334375|20260902153255|935.77
1788334385|20260902153305|935.71
1788334390|20260902153310|935.62
1788334395|20260902153315|935.54
1788334400|20260902153320|935.48
1788334405|20260902153325|935.44
1788334415|20260902153335|935.59
1788334420|20260902153340|935.55
1788334425|20260902153345|935.58
1788334430|20260902153350|935.58
1788334435|20260902153355|935.58
1788334445|20260902153405|935.57
1788334450|20260902153410|935.59
1788334455|20260902153415|935.59
1788334460|20260902153420|935.37
1788334500|20260902153500|935.29
1788334515|20260902153515|935.38
1788334520|20260902153520|935.25
1788334525|20260902153525|935.15
1788334535|20260902153535|935.24
1788334540|20260902153540|935.23
1788334545|20260902153545|935.19
1788334550|20260902153550|935.16
1788334555|20260902153555|935.40
1788334560|20260902153600|935.34
1788334565|20260902153605|935.42
1788334570|20260902153610|935.42
1788334575|20260902153615|935.31
1788334580|20260902153620|935.43
1788334585|20260902153625|935.48
1788334600|20260902153640|935.45
1788334610|20260902153650|935.45
1788334620|20260902153700|935.52
1788334625|20260902153705|935.49
1788334630|20260902153710|935.53
1788334635|20260902153715|935.60
1788334645|20260902153725|935.48
1788334660|20260902153740|935.60
1788334665|20260902153745|935.59
1788334670|20260902153750|935.61
1788334675|20260902153755|935.65
1788334690|20260902153810|935.76
1788334695|20260902153815|935.75
1788334700|20260902153820|935.77
1788334705|20260902153825|935.76
1788334715|20260902153835|936.02
1788334725|20260902153845|935.90
1788334730|20260902153850|935.92
1788334735|20260902153855|935.85
1788334740|20260902153900|935.64
1788334745|20260902153905|935.51
1788334750|20260902153910|935.52
1788334755|20260902153915|935.52
1788334760|20260902153920|935.54
1788334765|20260902153925|935.36
1788334810|20260902154010|935.02
1788334815|20260902154015|934.97
1788334820|20260902154020|934.97
1788334825|20260902154025|934.92
1788334835|20260902154035|935.22
1788334840|20260902154040|935.19
1788334845|20260902154045|935.23
1788334850|20260902154050|935.15
1788334855|20260902154055|935.14
1788334860|20260902154100|935.08
1788334865|20260902154105|935.13
1788334870|20260902154110|935.20
1788334875|20260902154115|935.18
1788334880|20260902154120|934.95
1788334895|20260902154135|934.91
1788334900|20260902154140|934.97
1788334905|20260902154145|935.04
1788334910|20260902154150|935.00
1788334915|20260902154155|934.99
1788334920|20260902154200|934.99
1788334925|20260902154205|935.02
1788334935|20260902154215|934.99
1788334940|20260902154220|935.02
1788334955|20260902154235|934.63
1788334960|20260902154240|934.67
1788334965|20260902154245|934.75
1788334970|20260902154250|934.74
1788334975|20260902154255|934.73
1788334980|20260902154300|934.72
1788334985|20260902154305|934.73
1788334990|20260902154310|934.75
1788334995|20260902154315|934.75
1788335000|20260902154320|934.78
1788335005|20260902154325|934.72
1788335020|20260902154340|934.87
1788335025|20260902154345|934.74
1788335030|20260902154350|934.68
1788335035|20260902154355|934.69
1788335040|20260902154400|934.40
1788335045|20260902154405|934.39
1788335050|20260902154410|934.24
1788335055|20260902154415|934.23
1788335060|20260902154420|934.21
1788335065|20260902154425|934.26
1788335100|20260902154500|934.35
1788335115|20260902154515|934.24
1788335120|20260902154520|934.15
1788335125|20260902154525|934.20
1788335130|20260902154530|934.31
1788335135|20260902154535|934.37
1788335140|20260902154540|934.36
1788335145|20260902154545|934.59
1788335150|20260902154550|934.46
1788335155|20260902154555|934.45
1788335160|20260902154600|934.57
1788335165|20260902154605|934.55
1788335170|20260902154610|934.52
1788335175|20260902154615|934.57
1788335180|20260902154620|934.59
1788335185|20260902154625|934.63
1788335195|20260902154635|934.49
1788335200|20260902154640|934.46
1788335205|20260902154645|934.55
1788335210|20260902154650|934.39
1788335215|20260902154655|934.41
1788335220|20260902154700|934.48
1788335225|20260902154705|934.43
1788335230|20260902154710|934.32
1788335235|20260902154715|934.27
1788335240|20260902154720|934.36
1788335245|20260902154725|934.56
1788335255|20260902154735|934.74
1788335260|20260902154740|934.70
1788335270|20260902154750|934.61
1788335275|20260902154755|934.58
1788335280|20260902154800|934.68
1788335285|20260902154805|934.71
1788335290|20260902154810|934.58
1788335295|20260902154815|934.62
1788335300|20260902154820|934.52
1788335305|20260902154825|934.69
1788335315|20260902154835|934.59
1788335320|20260902154840|934.60
1788335325|20260902154845|934.55
1788335330|20260902154850|934.60
1788335335|20260902154855|934.57
1788335345|20260902154905|934.43
1788335355|20260902154915|934.40
1788335360|20260902154920|934.39
1788335365|20260902154925|934.16
1788335380|20260902154940|934.23
1788335405|20260902155005|934.11
1788335410|20260902155010|934.07
1788335415|20260902155015|934.05
1788335420|20260902155020|933.93
1788335425|20260902155025|933.88
1788335435|20260902155035|933.93
1788335445|20260902155045|933.97
1788335450|20260902155050|933.97
1788335455|20260902155055|933.85
1788335460|20260902155100|933.89
1788335465|20260902155105|933.91
1788335470|20260902155110|933.92
1788335475|20260902155115|933.96
1788335480|20260902155120|934.01
1788335485|20260902155125|934.00
1788335495|20260902155135|934.24
1788335500|20260902155140|934.24
1788335505|20260902155145|934.23
1788335510|20260902155150|934.19
1788335515|20260902155155|934.19
1788335525|20260902155205|934.11
1788335530|20260902155210|934.12
1788335535|20260902155215|934.16
1788335540|20260902155220|934.11
1788335555|20260902155235|934.02
1788335565|20260902155245|934.06
1788335570|20260902155250|934.05
1788335575|20260902155255|933.92
1788335580|20260902155300|933.95
1788335590|20260902155310|934.07
1788335595|20260902155315|934.07
1788335600|20260902155320|934.15
1788335605|20260902155325|934.14
1788335620|20260902155340|934.27
1788335625|20260902155345|934.25
1788335630|20260902155350|934.31
1788335635|20260902155355|934.15
1788335650|20260902155410|934.20
1788335655|20260902155415|934.26
1788335660|20260902155420|934.30
1788335665|20260902155425|934.32
1788335700|20260902155500|934.24
1788335705|20260902155505|934.18
1788335710|20260902155510|934.08
1788335715|20260902155515|934.05
1788335720|20260902155520|933.97
1788335725|20260902155525|933.97
1788335735|20260902155535|933.96
1788335740|20260902155540|934.12
1788335745|20260902155545|934.06
1788335750|20260902155550|934.21
1788335755|20260902155555|934.20
1788335760|20260902155600|934.17
1788335765|20260902155605|934.26
1788335770|20260902155610|934.32
1788335775|20260902155615|934.41
1788335785|20260902155625|934.36
1788335795|20260902155635|934.24
1788335800|20260902155640|934.24
1788335805|20260902155645|934.24
1788335810|20260902155650|934.31
1788335815|20260902155655|934.28
1788335820|20260902155700|934.29
1788335825|20260902155705|934.25
1788335830|20260902155710|934.33
1788335835|20260902155715|934.34
1788335845|20260902155725|934.39
1788335855|20260902155735|934.22
1788335860|20260902155740|934.14
1788335865|20260902155745|934.09
1788335870|20260902155750|934.06
1788335875|20260902155755|934.09
1788335880|20260902155800|934.15
1788335885|20260902155805|934.15
1788335890|20260902155810|934.20
1788335895|20260902155815|934.32
1788335900|20260902155820|934.29
1788335905|20260902155825|934.28
1788335915|20260902155835|934.24
1788335920|20260902155840|934.37
1788335925|20260902155845|934.36
1788335935|20260902155855|934.46
1788335945|20260902155905|934.45
1788335950|20260902155910|934.45
1788335955|20260902155915|934.48
1788335960|20260902155920|934.47
1788335975|20260902155935|934.49
1788336005|20260902160005|934.45
1788336020|20260902160020|934.21
1788336025|20260902160025|934.22
1788336040|20260902160040|934.19
1788336045|20260902160045|934.38
1788336055|20260902160055|934.24
1788336065|20260902160105|934.38
1788336070|20260902160110|934.62
1788336075|20260902160115|934.72
1788336080|20260902160120|934.67
1788336085|20260902160125|934.54
1788336095|20260902160135|934.56
1788336105|20260902160145|934.61
1788336110|20260902160150|934.75
1788336115|20260902160155|934.53
1788336120|20260902160200|934.67
1788336125|20260902160205|934.71
1788336135|20260902160215|934.87
1788336140|20260902160220|934.85
1788336145|20260902160225|934.76
1788336155|20260902160235|934.50
1788336160|20260902160240|934.59
1788336165|20260902160245|934.57
1788336170|20260902160250|934.62
1788336175|20260902160255|934.42
1788336185|20260902160305|934.39
1788336190|20260902160310|934.37
1788336195|20260902160315|934.48
1788336200|20260902160320|934.49
1788336205|20260902160325|934.54
1788336215|20260902160335|934.54
1788336220|20260902160340|934.65
1788336225|20260902160345|934.66
1788336230|20260902160350|934.90
1788336235|20260902160355|934.78
1788336240|20260902160400|934.88
1788336245|20260902160405|934.89
1788336250|20260902160410|934.95
1788336255|20260902160415|934.96
1788336260|20260902160420|934.96
1788336300|20260902160500|935.20
1788336310|20260902160510|935.00
1788336315|20260902160515|934.73
1788336320|20260902160520|934.73
1788336325|20260902160525|934.75
1788336335|20260902160535|934.53
1788336340|20260902160540|934.68
1788336345|20260902160545|934.65
1788336360|20260902160600|934.64
1788336370|20260902160610|934.65
1788336375|20260902160615|934.73
1788336380|20260902160620|934.87
1788336385|20260902160625|934.80
1788336395|20260902160635|934.60
1788336400|20260902160640|934.32
1788336405|20260902160645|934.37
1788336420|20260902160700|934.41
1788336425|20260902160705|934.54
1788336435|20260902160715|934.69
1788336440|20260902160720|934.91
1788336445|20260902160725|934.91
1788336455|20260902160735|934.81
1788336460|20260902160740|934.86
1788336465|20260902160745|934.98
1788336475|20260902160755|934.95
1788336485|20260902160805|935.01
1788336490|20260902160810|935.34
1788336495|20260902160815|935.36
1788336500|20260902160820|935.40
1788336505|20260902160825|935.37
1788336515|20260902160835|935.49
1788336520|20260902160840|935.59
1788336525|20260902160845|935.66
1788336530|20260902160850|935.55
1788336535|20260902160855|935.55
1788336545|20260902160905|935.49
1788336550|20260902160910|935.58
1788336555|20260902160915|935.59
1788336560|20260902160920|935.58
1788336605|20260902161005|935.75
1788336610|20260902161010|935.88
1788336615|20260902161015|935.92
1788336620|20260902161020|935.93
1788336625|20260902161025|935.97
1788336635|20260902161035|935.89
1788336640|20260902161040|935.89
1788336645|20260902161045|936.03
1788336650|20260902161050|936.13
1788336660|20260902161100|936.02
1788336665|20260902161105|936.03
1788336675|20260902161115|935.45
1788336685|20260902161125|935.50
1788336695|20260902161135|935.28
1788336710|20260902161150|935.18
1788336715|20260902161155|935.21
1788336720|20260902161200|935.12
1788336725|20260902161205|935.13
1788336730|20260902161210|935.12
1788336735|20260902161215|935.13
1788336740|20260902161220|935.12
1788336745|20260902161225|935.13
1788336755|20260902161235|935.13
1788336760|20260902161240|935.13
1788336765|20260902161245|935.18
1788336780|20260902161300|935.17
1788336785|20260902161305|935.17
1788336790|20260902161310|935.15
1788336795|20260902161315|935.19
1788336800|20260902161320|934.98
1788336805|20260902161325|934.89
1788336815|20260902161335|934.89
1788336820|20260902161340|934.92
1788336825|20260902161345|935.01
1788336835|20260902161355|935.03
1788336850|20260902161410|934.98
1788336855|20260902161415|934.84
1788336860|20260902161420|934.73
1788336865|20260902161425|934.70
1788336900|20260902161500|934.80
1788336905|20260902161505|934.78
1788336910|20260902161510|934.90
1788336915|20260902161515|934.88
1788336920|20260902161520|935.15
1788336940|20260902161540|935.24
1788336945|20260902161545|935.22
1788336960|20260902161600|935.19
1788336965|20260902161605|935.09
1788336970|20260902161610|934.98
1788336980|20260902161620|934.90
1788336995|20260902161635|935.16
1788337000|20260902161640|934.92
1788337005|20260902161645|934.83
1788337010|20260902161650|934.75
1788337015|20260902161655|934.89
1788337020|20260902161700|934.88
1788337025|20260902161705|934.96
1788337030|20260902161710|934.96
1788337035|20260902161715|934.96
1788337040|20260902161720|935.04
1788337045|20260902161725|934.90
1788337055|20260902161735|934.76
1788337060|20260902161740|934.69
1788337065|20260902161745|934.77
1788337075|20260902161755|934.80
1788337085|20260902161805|934.79
1788337095|20260902161815|934.98
1788337100|20260902161820|934.98
1788337115|20260902161835|935.16
1788337120|20260902161840|935.21
1788337125|20260902161845|935.10
1788337130|20260902161850|935.13
1788337135|20260902161855|935.14
1788337150|20260902161910|935.16
1788337155|20260902161915|935.08
1788337160|20260902161920|935.11
1788337165|20260902161925|935.15
1788337205|20260902162005|934.85
1788337210|20260902162010|934.88
1788337215|20260902162015|934.89
1788337220|20260902162020|934.92
1788337225|20260902162025|934.93
1788337235|20260902162035|934.87
1788337240|20260902162040|934.88
1788337245|20260902162045|934.93
1788337250|20260902162050|934.93
1788337255|20260902162055|934.88
1788337260|20260902162100|934.82
1788337265|20260902162105|934.81
1788337270|20260902162110|934.75
1788337275|20260902162115|934.69
1788337280|20260902162120|934.63
1788337285|20260902162125|934.83
1788337295|20260902162135|934.66
1788337300|20260902162140|934.56
1788337305|20260902162145|934.58
1788337315|20260902162155|934.76
1788337325|20260902162205|934.70
1788337330|20260902162210|934.74
1788337335|20260902162215|934.74
1788337340|20260902162220|934.78
1788337345|20260902162225|934.89
1788337355|20260902162235|934.89
1788337370|20260902162250|934.74
1788337375|20260902162255|934.58
1788337380|20260902162300|934.86
1788337385|20260902162305|934.93
1788337390|20260902162310|935.12
1788337395|20260902162315|935.12
1788337400|20260902162320|935.03
1788337415|20260902162335|935.11
1788337420|20260902162340|935.14
1788337425|20260902162345|935.14
1788337440|20260902162400|935.03
1788337450|20260902162410|934.86
1788337455|20260902162415|934.82
1788337460|20260902162420|934.82
1788337465|20260902162425|934.82
1788337480|20260902162440|934.94
1788337490|20260902162450|934.84
1788337500|20260902162500|934.87
1788337505|20260902162505|934.95
1788337510|20260902162510|934.90
1788337515|20260902162515|934.86
1788337520|20260902162520|934.86
1788337525|20260902162525|934.86
1788337535|20260902162535|934.75
1788337540|20260902162540|934.71
1788337545|20260902162545|934.72
1788337550|20260902162550|934.62
1788337555|20260902162555|934.63
1788337560|20260902162600|934.58
1788337565|20260902162605|934.58
1788337570|20260902162610|934.65
1788337580|20260902162620|934.59
1788337585|20260902162625|934.47
1788337595|20260902162635|934.51
1788337605|20260902162645|934.52
1788337615|20260902162655|934.49
1788337620|20260902162700|934.47
1788337630|20260902162710|934.46
1788337635|20260902162715|934.43
1788337640|20260902162720|934.43
1788337655|20260902162735|934.38
1788337660|20260902162740|934.52
1788337665|20260902162745|934.65
1788337670|20260902162750|934.58
1788337675|20260902162755|934.62
1788337685|20260902162805|934.53
1788337690|20260902162810|934.60
1788337700|20260902162820|934.56
1788337705|20260902162825|934.56
1788337715|20260902162835|934.43
1788337720|20260902162840|934.27
1788337725|20260902162845|934.27
1788337730|20260902162850|934.32
1788337735|20260902162855|934.23
1788337745|20260902162905|934.19
1788337750|20260902162910|934.32
1788337755|20260902162915|934.30
1788337760|20260902162920|934.26
1788337765|20260902162925|934.30
1788337805|20260902163005|934.37
1788337815|20260902163015|934.41
1788337820|20260902163020|934.39
1788337835|20260902163035|934.27
1788337840|20260902163040|934.47
1788337845|20260902163045|934.48
1788337850|20260902163050|934.44
1788337855|20260902163055|934.37
1788337860|20260902163100|934.77
1788337865|20260902163105|934.83
1788337870|20260902163110|934.74
1788337875|20260902163115|934.83
1788337880|20260902163120|934.66
1788337885|20260902163125|934.67
1788337895|20260902163135|934.73
1788337900|20260902163140|934.71
1788337905|20260902163145|934.70
1788337910|20260902163150|934.65
1788337915|20260902163155|934.44
1788337930|20260902163210|934.30
1788337935|20260902163215|934.27
1788337940|20260902163220|934.28
1788337945|20260902163225|934.31
1788337955|20260902163235|934.32
1788337960|20260902163240|934.32
1788337965|20260902163245|934.20
1788337970|20260902163250|934.10
1788337975|20260902163255|934.13
1788337980|20260902163300|934.11
1788337995|20260902163315|934.14
1788338000|20260902163320|934.10
1788338005|20260902163325|934.09
1788338015|20260902163335|934.10
1788338020|20260902163340|934.03
1788338025|20260902163345|934.04
1788338035|20260902163355|934.11
1788338040|20260902163400|934.11
1788338045|20260902163405|934.15
1788338055|20260902163415|934.08
1788338060|20260902163420|934.05
1788338065|20260902163425|934.07
1788338080|20260902163440|934.04
1788338100|20260902163500|934.02
1788338105|20260902163505|934.03
1788338110|20260902163510|934.08
1788338115|20260902163515|933.90
1788338120|20260902163520|933.97
1788338125|20260902163525|933.85
1788338135|20260902163535|933.92
1788338140|20260902163540|933.93
1788338145|20260902163545|933.75
1788338150|20260902163550|933.74
1788338155|20260902163555|933.71
1788338160|20260902163600|933.76
1788338165|20260902163605|933.79
1788338170|20260902163610|933.85
1788338175|20260902163615|933.80
1788338180|20260902163620|933.91
1788338185|20260902163625|934.05
1788338195|20260902163635|934.03
1788338205|20260902163645|934.12
1788338210|20260902163650|934.20
1788338215|20260902163655|934.10
1788338220|20260902163700|934.11
1788338225|20260902163705|934.07
1788338230|20260902163710|934.13
1788338235|20260902163715|934.11
1788338240|20260902163720|934.11
1788338245|20260902163725|934.19
1788338255|20260902163735|934.09
1788338260|20260902163740|934.06
1788338265|20260902163745|934.03
1788338270|20260902163750|934.15
1788338275|20260902163755|934.34
1788338285|20260902163805|934.50
1788338290|20260902163810|934.62
1788338295|20260902163815|934.67
1788338300|20260902163820|934.67
1788338305|20260902163825|934.67
1788338320|20260902163840|934.60
1788338330|20260902163850|934.66
1788338335|20260902163855|934.60
1788338345|20260902163905|934.81
1788338350|20260902163910|935.05
1788338360|20260902163920|935.01
1788338365|20260902163925|935.03
1788338405|20260902164005|934.88
1788338410|20260902164010|934.80
1788338415|20260902164015|934.81
1788338420|20260902164020|934.75
1788338425|20260902164025|934.77
1788338435|20260902164035|934.77
1788338440|20260902164040|934.82
1788338445|20260902164045|934.76
1788338450|20260902164050|934.75
1788338460|20260902164100|934.73
1788338465|20260902164105|934.82
1788338475|20260902164115|935.01
1788338480|20260902164120|934.97
1788338485|20260902164125|934.94
1788338495|20260902164135|934.74
1788338500|20260902164140|934.67
1788338505|20260902164145|934.76
1788338510|20260902164150|934.75
1788338515|20260902164155|934.68
1788338520|20260902164200|934.70
1788338525|20260902164205|934.67
1788338530|20260902164210|934.71
1788338540|20260902164220|934.68
1788338560|20260902164240|934.71
1788338570|20260902164250|934.63
1788338575|20260902164255|934.51
1788338585|20260902164305|934.47
1788338590|20260902164310|934.49
1788338595|20260902164315|934.40
1788338600|20260902164320|934.42
1788338605|20260902164325|934.27
1788338615|20260902164335|934.28
1788338620|20260902164340|934.25
1788338625|20260902164345|934.24
1788338630|20260902164350|934.33
1788338635|20260902164355|934.32
1788338640|20260902164400|934.29
1788338645|20260902164405|934.31
1788338650|20260902164410|934.28
1788338655|20260902164415|934.29
1788338660|20260902164420|934.30
1788338665|20260902164425|934.28
1788338700|20260902164500|934.14
1788338705|20260902164505|934.19
1788338710|20260902164510|934.16
1788338715|20260902164515|934.06
1788338725|20260902164525|934.22
1788338735|20260902164535|934.10
1788338740|20260902164540|934.06
1788338745|20260902164545|934.08
1788338750|20260902164550|934.09
1788338755|20260902164555|934.09
1788338760|20260902164600|933.85
1788338765|20260902164605|933.80
1788338770|20260902164610|933.71
1788338775|20260902164615|933.77
1788338780|20260902164620|933.92
1788338785|20260902164625|933.82
1788338795|20260902164635|933.90
1788338800|20260902164640|933.89
1788338805|20260902164645|933.94
1788338810|20260902164650|933.95
1788338815|20260902164655|933.97
1788338820|20260902164700|933.91
1788338825|20260902164705|933.94
1788338830|20260902164710|933.91
1788338835|20260902164715|933.84
1788338840|20260902164720|933.89
1788338845|20260902164725|933.82
1788338865|20260902164745|933.98
1788338870|20260902164750|933.97
1788338875|20260902164755|933.97
1788338880|20260902164800|933.94
1788338885|20260902164805|933.91
1788338890|20260902164810|933.91
1788338895|20260902164815|933.90
1788338900|20260902164820|934.07
1788338905|20260902164825|933.95
1788338915|20260902164835|934.02
1788338920|20260902164840|934.01
1788338925|20260902164845|934.03
1788338930|20260902164850|934.06
1788338935|20260902164855|934.09
1788338940|20260902164900|934.07
1788338945|20260902164905|934.18
1788338950|20260902164910|934.18
1788338960|20260902164920|934.09
1788338965|20260902164925|934.13
1788339000|20260902165000|934.09
1788339005|20260902165005|934.09
1788339015|20260902165015|934.08
1788339020|20260902165020|934.10
1788339025|20260902165025|934.09
1788339035|20260902165035|933.82
1788339040|20260902165040|933.78
1788339045|20260902165045|933.78
1788339055|20260902165055|933.71
1788339065|20260902165105|933.74
1788339070|20260902165110|933.66
1788339075|20260902165115|933.63
1788339080|20260902165120|933.64
1788339085|20260902165125|933.64
1788339100|20260902165140|933.58
1788339110|20260902165150|933.66
1788339115|20260902165155|933.65
1788339120|20260902165200|933.42
1788339125|20260902165205|933.30
1788339135|20260902165215|933.15
1788339140|20260902165220|933.27
1788339145|20260902165225|933.24
1788339155|20260902165235|933.29
1788339160|20260902165240|933.28
1788339165|20260902165245|933.26
1788339170|20260902165250|933.39
1788339175|20260902165255|933.36
1788339185|20260902165305|933.27
1788339190|20260902165310|933.28
1788339195|20260902165315|933.30
1788339200|20260902165320|933.28
1788339215|20260902165335|933.18
1788339220|20260902165340|933.12
1788339225|20260902165345|933.05
1788339230|20260902165350|933.09
1788339235|20260902165355|933.11
1788339245|20260902165405|932.92
1788339250|20260902165410|932.88
1788339255|20260902165415|932.74
1788339260|20260902165420|932.79
1788339265|20260902165425|932.70
1788339310|20260902165510|932.45
1788339315|20260902165515|932.40
1788339320|20260902165520|932.61
1788339325|20260902165525|932.59
1788339335|20260902165535|932.54
1788339345|20260902165545|932.75
1788339350|20260902165550|932.70
1788339355|20260902165555|932.78
1788339370|20260902165610|932.85
1788339375|20260902165615|932.88
1788339385|20260902165625|932.91
1788339400|20260902165640|932.99
1788339405|20260902165645|933.05
1788339425|20260902165705|932.93
1788339430|20260902165710|932.91
1788339435|20260902165715|932.93
1788339440|20260902165720|932.99
1788339445|20260902165725|932.86
1788339455|20260902165735|932.62
1788339460|20260902165740|932.72
1788339465|20260902165745|932.65
1788339470|20260902165750|932.65
1788339485|20260902165805|932.60
1788339495|20260902165815|932.49
1788339500|20260902165820|932.53
1788339505|20260902165825|932.42
1788339520|20260902165840|932.45
1788339525|20260902165845|932.36
1788339530|20260902165850|932.38
1788339535|20260902165855|932.42
1788339545|20260902165905|932.42
1788339550|20260902165910|932.49
1788339555|20260902165915|932.47
1788339560|20260902165920|932.39
1788339565|20260902165925|932.43
1788339580|20260902165940|932.35
1788339610|20260902170010|932.17
1788339620|20260902170020|932.27
1788339625|20260902170025|932.58
1788339635|20260902170035|932.64
1788339640|20260902170040|932.61
1788339645|20260902170045|932.58
1788339650|20260902170050|932.58
1788339665|20260902170105|932.17
1788339670|20260902170110|932.22
1788339675|20260902170115|932.23
1788339680|20260902170120|932.19
1788339685|20260902170125|932.23
1788339695|20260902170135|932.38
1788339700|20260902170140|932.44
1788339705|20260902170145|932.43
1788339710|20260902170150|932.37
1788339715|20260902170155|932.33
1788339735|20260902170215|932.28
1788339740|20260902170220|932.60
1788339745|20260902170225|932.68
1788339755|20260902170235|932.67
1788339760|20260902170240|932.78
1788339770|20260902170250|932.86
1788339775|20260902170255|932.79
1788339785|20260902170305|932.63
1788339790|20260902170310|932.63
1788339800|20260902170320|932.72
1788339805|20260902170325|932.70
1788339815|20260902170335|932.84
1788339820|20260902170340|932.83
1788339825|20260902170345|932.83
1788339830|20260902170350|932.95
1788339835|20260902170355|932.95
1788339845|20260902170405|932.93
1788339850|20260902170410|932.86
1788339855|20260902170415|932.74
1788339860|20260902170420|932.74
1788339865|20260902170425|932.81
1788339895|20260902170455|932.94
1788339910|20260902170510|933.04
1788339915|20260902170515|933.04
1788339920|20260902170520|933.08
1788339925|20260902170525|933.26
1788339940|20260902170540|933.54
1788339945|20260902170545|933.71
1788339955|20260902170555|933.69
1788339975|20260902170615|933.98
1788339980|20260902170620|934.04
1788339985|20260902170625|934.04
1788339995|20260902170635|934.12
1788340000|20260902170640|934.10
1788340010|20260902170650|934.15
1788340015|20260902170655|934.13
1788340025|20260902170705|934.04
1788340030|20260902170710|934.15
1788340035|20260902170715|934.19
1788340040|20260902170720|934.14
1788340045|20260902170725|934.18
1788340060|20260902170740|933.84
1788340065|20260902170745|933.67
1788340075|20260902170755|933.70
1788340100|20260902170820|933.52
1788340125|20260902170845|933.39
1788340130|20260902170850|933.45
1788340135|20260902170855|933.38
1788340145|20260902170905|933.29
1788340150|20260902170910|933.42
1788340160|20260902170920|933.71
1788340165|20260902170925|933.68
1788340200|20260902171000|933.43
1788340205|20260902171005|933.28
1788340210|20260902171010|933.25
1788340220|20260902171020|933.22
1788340225|20260902171025|933.08
1788340230|20260902171030|933.10
1788340235|20260902171035|933.13
1788340245|20260902171045|933.21
1788340250|20260902171050|933.14
1788340255|20260902171055|933.14
1788340265|20260902171105|933.16
1788340270|20260902171110|933.20
1788340280|20260902171120|933.24
1788340285|20260902171125|933.25
1788340290|20260902171130|933.23
1788340295|20260902171135|933.15
1788340300|20260902171140|933.14
1788340305|20260902171145|933.18
1788340315|20260902171155|933.11
1788340320|20260902171200|933.07
1788340325|20260902171205|932.99
1788340330|20260902171210|933.17
1788340340|20260902171220|933.14
1788340345|20260902171225|933.16
1788340355|20260902171235|933.03
1788340360|20260902171240|933.07
1788340370|20260902171250|933.09
1788340375|20260902171255|933.04
1788340380|20260902171300|933.01
1788340385|20260902171305|933.05
1788340395|20260902171315|933.04
1788340400|20260902171320|933.05
1788340405|20260902171325|933.08
1788340415|20260902171335|933.03
1788340425|20260902171345|932.89
1788340435|20260902171355|932.79
1788340440|20260902171400|932.68
1788340450|20260902171410|932.61
1788340455|20260902171415|932.62
1788340460|20260902171420|932.59
1788340465|20260902171425|932.60
1788340500|20260902171500|932.41
1788340505|20260902171505|932.38
1788340510|20260902171510|932.31
1788340515|20260902171515|932.38
1788340520|20260902171520|932.31
1788340535|20260902171535|932.35
1788340545|20260902171545|932.31
1788340550|20260902171550|932.30
1788340555|20260902171555|932.39
1788340560|20260902171600|932.38
1788340565|20260902171605|932.44
1788340570|20260902171610|932.46
1788340575|20260902171615|932.49
1788340580|20260902171620|932.48
1788340585|20260902171625|932.55
1788340595|20260902171635|932.58
1788340600|20260902171640|932.55
1788340605|20260902171645|932.56
1788340610|20260902171650|932.57
1788340615|20260902171655|932.65
1788340620|20260902171700|932.62
1788340630|20260902171710|932.61
1788340635|20260902171715|932.49
1788340640|20260902171720|932.61
1788340645|20260902171725|932.59
1788340655|20260902171735|932.60
1788340665|20260902171745|932.61
1788340670|20260902171750|932.62
1788340675|20260902171755|932.64
1788340680|20260902171800|932.61
1788340685|20260902171805|932.58
1788340690|20260902171810|932.64
1788340695|20260902171815|932.57
1788340710|20260902171830|932.51
1788340715|20260902171835|932.55
1788340720|20260902171840|932.58
1788340725|20260902171845|932.60
1788340730|20260902171850|932.69
1788340735|20260902171855|932.64
1788340745|20260902171905|932.69
1788340750|20260902171910|932.69
1788340755|20260902171915|932.67
1788340760|20260902171920|932.66
1788340765|20260902171925|932.61
1788340805|20260902172005|932.50
1788340810|20260902172010|932.48
1788340815|20260902172015|932.45
1788340820|20260902172020|932.34
1788340825|20260902172025|932.38
1788340835|20260902172035|932.36
1788340840|20260902172040|932.36
1788340845|20260902172045|932.26
1788340850|20260902172050|932.20
1788340855|20260902172055|932.12
1788340865|20260902172105|932.06
1788340870|20260902172110|931.95
1788340880|20260902172120|931.95
1788340885|20260902172125|931.93
1788340895|20260902172135|931.95
1788340900|20260902172140|931.97
1788340905|20260902172145|931.96
1788340910|20260902172150|931.98
1788340915|20260902172155|932.00
1788340920|20260902172200|931.95
1788340925|20260902172205|931.86
1788340930|20260902172210|931.82
1788340955|20260902172235|931.84
1788340960|20260902172240|931.66
1788340965|20260902172245|931.71
1788340970|20260902172250|931.72
1788340975|20260902172255|931.72
1788340985|20260902172305|931.68
1788340990|20260902172310|931.67
1788340995|20260902172315|931.67
1788341000|20260902172320|931.60
1788341015|20260902172335|931.51
1788341025|20260902172345|931.41
1788341030|20260902172350|931.42
1788341035|20260902172355|931.41
1788341040|20260902172400|931.41
1788341045|20260902172405|931.39
1788341050|20260902172410|931.36
1788341055|20260902172415|931.38
1788341060|20260902172420|931.37
1788341065|20260902172425|931.38
1788341075|20260902172435|931.45
1788341100|20260902172500|931.34
1788341110|20260902172510|931.35
1788341115|20260902172515|931.32
1788341120|20260902172520|931.33
1788341125|20260902172525|931.06
1788341140|20260902172540|931.02
1788341145|20260902172545|930.92
1788341150|20260902172550|930.92
1788341155|20260902172555|930.86
1788341160|20260902172600|930.86
1788341165|20260902172605|930.77
1788341170|20260902172610|930.76
1788341175|20260902172615|930.74
1788341180|20260902172620|930.69
1788341185|20260902172625|930.70
1788341195|20260902172635|930.65
1788341200|20260902172640|930.63
1788341205|20260902172645|930.61
1788341210|20260902172650|930.62
1788341215|20260902172655|930.57
1788341220|20260902172700|930.60
1788341225|20260902172705|930.63
1788341230|20260902172710|930.57
1788341235|20260902172715|930.54
1788341240|20260902172720|930.47
1788341245|20260902172725|930.53
1788341255|20260902172735|930.69
1788341260|20260902172740|930.81
1788341270|20260902172750|930.69
1788341275|20260902172755|930.68
1788341280|20260902172800|930.68
1788341285|20260902172805|930.67
1788341290|20260902172810|930.71
1788341300|20260902172820|930.89
1788341305|20260902172825|930.93
1788341315|20260902172835|931.07
1788341320|20260902172840|931.11
1788341325|20260902172845|931.10
1788341330|20260902172850|931.10
1788341335|20260902172855|931.18
1788341345|20260902172905|931.15
1788341350|20260902172910|931.29
1788341355|20260902172915|931.32
1788341360|20260902172920|931.31
1788341410|20260902173010|931.25
1788341420|20260902173020|931.19
1788341435|20260902173035|931.23
1788341440|20260902173040|931.28
1788341445|20260902173045|931.32
1788341450|20260902173050|931.27
1788341455|20260902173055|931.44
1788341460|20260902173100|931.27
1788341465|20260902173105|931.45
1788341470|20260902173110|931.24
1788341475|20260902173115|931.04
1788341485|20260902173125|931.14
1788341490|20260902173130|931.35
1788341495|20260902173135|931.24
1788341500|20260902173140|931.16
1788341505|20260902173145|931.17
1788341510|20260902173150|931.17
1788341515|20260902173155|931.24
1788341525|20260902173205|931.46
1788341530|20260902173210|931.43
1788341545|20260902173225|931.67
1788341555|20260902173235|931.57
1788341560|20260902173240|931.56
1788341565|20260902173245|931.56
1788341570|20260902173250|931.54
1788341575|20260902173255|931.61
1788341580|20260902173300|931.53
1788341585|20260902173305|931.47
1788341590|20260902173310|931.52
1788341595|20260902173315|931.43
1788341600|20260902173320|931.51
1788341605|20260902173325|931.42
1788341615|20260902173335|931.40
1788341620|20260902173340|931.34
1788341630|20260902173350|931.31
1788341645|20260902173405|931.22
1788341650|20260902173410|931.22
1788341655|20260902173415|931.23
1788341665|20260902173425|931.47
1788341700|20260902173500|931.53
1788341705|20260902173505|931.56
1788341715|20260902173515|931.60
1788341720|20260902173520|931.57
1788341725|20260902173525|931.61
1788341735|20260902173535|931.65
1788341740|20260902173540|931.66
1788341745|20260902173545|931.69
1788341750|20260902173550|931.70
1788341755|20260902173555|931.60
1788341765|20260902173605|931.45
1788341775|20260902173615|931.37
1788341780|20260902173620|931.38
1788341785|20260902173625|931.44
1788341795|20260902173635|931.29
1788341800|20260902173640|931.36
1788341805|20260902173645|931.36
1788341810|20260902173650|931.29
1788341815|20260902173655|931.25
1788341820|20260902173700|931.28
1788341825|20260902173705|931.31
1788341830|20260902173710|931.32
1788341835|20260902173715|931.28
1788341840|20260902173720|931.22
1788341845|20260902173725|931.20
1788341855|20260902173735|931.25
1788341865|20260902173745|931.31
1788341870|20260902173750|931.29
1788341875|20260902173755|931.17
1788341880|20260902173800|931.15
1788341885|20260902173805|931.11
1788341890|20260902173810|931.19
1788341895|20260902173815|931.23
1788341900|20260902173820|931.31
1788341915|20260902173835|931.36
1788341925|20260902173845|931.39
1788341930|20260902173850|931.36
1788341935|20260902173855|931.24
1788341945|20260902173905|931.35
1788341950|20260902173910|931.35
1788341955|20260902173915|931.38
1788341960|20260902173920|931.35
1788341965|20260902173925|931.38
1788341980|20260902173940|931.39
1788341995|20260902173955|931.43
1788342005|20260902174005|931.33
1788342010|20260902174010|931.45
1788342015|20260902174015|931.43
1788342020|20260902174020|931.38
1788342025|20260902174025|931.40
1788342035|20260902174035|931.57
1788342040|20260902174040|931.50
1788342045|20260902174045|931.53
1788342050|20260902174050|931.69
1788342055|20260902174055|931.71
1788342065|20260902174105|931.54
1788342070|20260902174110|931.69
1788342075|20260902174115|931.68
1788342080|20260902174120|931.67
1788342085|20260902174125|931.73
1788342095|20260902174135|931.77
1788342100|20260902174140|931.87
1788342105|20260902174145|931.88
1788342110|20260902174150|931.88
1788342115|20260902174155|931.91
1788342125|20260902174205|931.92
1788342130|20260902174210|931.93
1788342135|20260902174215|931.91
1788342140|20260902174220|931.91
1788342145|20260902174225|931.84
1788342220|20260902174340|931.75
