1787068800|20260819000000|946.45
1787068805|20260819000005|946.75
1787068815|20260819000015|946.67
1787068835|20260819000035|946.77
1787068840|20260819000040|946.80
1787068845|20260819000045|946.85
1787068850|20260819000050|946.86
1787068855|20260819000055|946.97
1787068865|20260819000105|946.96
1787068875|20260819000115|946.93
1787068880|20260819000120|946.86
1787068885|20260819000125|946.95
1787068900|20260819000140|947.03
1787068905|20260819000145|947.18
1787068910|20260819000150|947.17
1787068915|20260819000155|947.18
1787068925|20260819000205|946.98
1787068930|20260819000210|947.11
1787068935|20260819000215|947.15
1787068945|20260819000225|947.13
1787068955|20260819000235|947.13
1787068960|20260819000240|947.14
1787068965|20260819000245|947.16
1787068970|20260819000250|947.19
1787068975|20260819000255|947.04
1787068985|20260819000305|947.06
1787068990|20260819000310|947.04
1787068995|20260819000315|947.03
1787069000|20260819000320|947.04
1787069020|20260819000340|947.34
1787069025|20260819000345|947.30
1787069030|20260819000350|947.31
1787069035|20260819000355|947.24
1787069045|20260819000405|947.19
1787069050|20260819000410|947.25
1787069055|20260819000415|947.33
1787069060|20260819000420|947.29
1787069065|20260819000425|947.33
1787069105|20260819000505|947.16
1787069110|20260819000510|947.11
1787069115|20260819000515|947.00
1787069120|20260819000520|947.06
1787069125|20260819000525|947.05
1787069135|20260819000535|947.23
1787069140|20260819000540|947.25
1787069150|20260819000550|947.18
1787069155|20260819000555|947.24
1787069165|20260819000605|947.37
1787069170|20260819000610|947.40
1787069185|20260819000625|947.27
1787069195|20260819000635|947.21
1787069200|20260819000640|947.17
1787069210|20260819000650|947.13
1787069215|20260819000655|947.14
1787069225|20260819000705|947.04
1787069230|20260819000710|947.04
1787069235|20260819000715|946.96
1787069240|20260819000720|946.95
1787069245|20260819000725|947.02
1787069260|20260819000740|947.08
1787069265|20260819000745|947.08
1787069270|20260819000750|946.85
1787069275|20260819000755|947.04
1787069285|20260819000805|947.06
1787069290|20260819000810|947.08
1787069295|20260819000815|947.05
1787069300|20260819000820|947.12
1787069305|20260819000825|947.19
1787069315|20260819000835|947.14
1787069320|20260819000840|947.35
1787069325|20260819000845|947.49
1787069330|20260819000850|947.39
1787069335|20260819000855|947.40
1787069345|20260819000905|947.36
1787069350|20260819000910|947.82
1787069355|20260819000915|947.75
1787069360|20260819000920|947.71
1787069365|20260819000925|947.74
1787069400|20260819001000|947.88
1787069405|20260819001005|947.92
1787069410|20260819001010|947.91
1787069415|20260819001015|947.76
1787069420|20260819001020|947.71
1787069425|20260819001025|947.72
1787069435|20260819001035|947.56
1787069440|20260819001040|947.48
1787069445|20260819001045|947.49
1787069455|20260819001055|947.47
1787069465|20260819001105|947.47
1787069470|20260819001110|947.38
1787069475|20260819001115|947.41
1787069480|20260819001120|947.50
1787069495|20260819001135|947.46
1787069500|20260819001140|947.52
1787069505|20260819001145|947.62
1787069515|20260819001155|947.61
1787069530|20260819001210|947.54
1787069535|20260819001215|947.51
1787069540|20260819001220|947.52
1787069545|20260819001225|947.56
1787069555|20260819001235|947.55
1787069560|20260819001240|947.56
1787069565|20260819001245|947.50
1787069570|20260819001250|947.36
1787069575|20260819001255|947.37
1787069585|20260819001305|947.53
1787069590|20260819001310|947.52
1787069595|20260819001315|947.53
1787069600|20260819001320|947.53
1787069605|20260819001325|947.54
1787069615|20260819001335|947.46
1787069620|20260819001340|947.52
1787069625|20260819001345|947.50
1787069630|20260819001350|947.50
1787069635|20260819001355|947.34
1787069645|20260819001405|947.32
1787069650|20260819001410|947.27
1787069655|20260819001415|947.26
1787069660|20260819001420|947.23
1787069665|20260819001425|947.22
1787069705|20260819001505|947.09
1787069710|20260819001510|947.19
1787069715|20260819001515|947.19
1787069720|20260819001520|947.15
1787069725|20260819001525|947.04
1787069735|20260819001535|947.03
1787069740|20260819001540|946.99
1787069750|20260819001550|947.04
1787069765|20260819001605|946.78
1787069770|20260819001610|946.85
1787069775|20260819001615|946.84
1787069780|20260819001620|946.79
1787069785|20260819001625|946.78
1787069795|20260819001635|946.85
1787069800|20260819001640|946.88
1787069810|20260819001650|946.85
1787069815|20260819001655|946.85
1787069820|20260819001700|946.86
1787069825|20260819001705|946.86
1787069830|20260819001710|946.76
1787069835|20260819001715|946.81
1787069840|20260819001720|946.61
1787069845|20260819001725|946.47
1787069855|20260819001735|946.61
1787069860|20260819001740|946.53
1787069865|20260819001745|946.52
1787069870|20260819001750|946.66
1787069875|20260819001755|946.70
1787069885|20260819001805|946.66
1787069890|20260819001810|946.59
1787069895|20260819001815|946.58
1787069900|20260819001820|946.60
1787069905|20260819001825|946.60
1787069915|20260819001835|946.59
1787069920|20260819001840|946.57
1787069925|20260819001845|946.49
1787069935|20260819001855|946.50
1787069945|20260819001905|946.50
1787069950|20260819001910|946.53
1787069955|20260819001915|946.49
1787069960|20260819001920|946.48
1787069965|20260819001925|946.46
1787070000|20260819002000|946.72
1787070005|20260819002005|947.08
1787070010|20260819002010|947.08
1787070020|20260819002020|947.30
1787070025|20260819002025|947.27
1787070035|20260819002035|947.39
1787070040|20260819002040|947.33
1787070045|20260819002045|947.46
1787070050|20260819002050|947.48
1787070055|20260819002055|947.43
1787070065|20260819002105|947.40
1787070095|20260819002135|947.27
1787070100|20260819002140|947.30
1787070105|20260819002145|947.27
1787070115|20260819002155|947.41
1787070135|20260819002215|947.33
1787070140|20260819002220|947.22
1787070145|20260819002225|947.12
1787070155|20260819002235|947.08
1787070160|20260819002240|947.18
1787070165|20260819002245|947.15
1787070170|20260819002250|947.14
1787070175|20260819002255|947.10
1787070185|20260819002305|947.12
1787070190|20260819002310|947.07
1787070195|20260819002315|947.03
1787070200|20260819002320|947.07
1787070205|20260819002325|946.95
1787070215|20260819002335|946.95
1787070220|20260819002340|946.91
1787070225|20260819002345|947.11
1787070230|20260819002350|947.15
1787070235|20260819002355|947.08
1787070240|20260819002400|947.09
1787070245|20260819002405|947.10
1787070250|20260819002410|947.07
1787070255|20260819002415|947.05
1787070260|20260819002420|947.06
1787070280|20260819002440|947.17
1787070300|20260819002500|947.16
1787070305|20260819002505|947.15
1787070310|20260819002510|947.17
1787070315|20260819002515|947.21
1787070320|20260819002520|947.20
1787070325|20260819002525|947.29
1787070340|20260819002540|947.34
1787070345|20260819002545|947.35
1787070350|20260819002550|947.29
1787070355|20260819002555|947.34
1787070365|20260819002605|947.33
1787070370|20260819002610|947.32
1787070375|20260819002615|947.28
1787070380|20260819002620|947.33
1787070385|20260819002625|947.21
1787070395|20260819002635|947.19
1787070400|20260819002640|947.18
1787070405|20260819002645|947.08
1787070410|20260819002650|947.04
1787070415|20260819002655|946.98
1787070425|20260819002705|946.78
1787070430|20260819002710|946.76
1787070440|20260819002720|946.86
1787070445|20260819002725|946.75
1787070455|20260819002735|946.70
1787070460|20260819002740|946.69
1787070475|20260819002755|946.58
1787070485|20260819002805|946.48
1787070490|20260819002810|946.29
1787070495|20260819002815|946.31
1787070500|20260819002820|946.33
1787070505|20260819002825|946.31
1787070520|20260819002840|946.30
1787070530|20260819002850|946.23
1787070535|20260819002855|946.21
1787070545|20260819002905|946.24
1787070550|20260819002910|946.21
1787070555|20260819002915|946.19
1787070560|20260819002920|946.37
1787070565|20260819002925|946.35
1787070605|20260819003005|946.35
1787070610|20260819003010|946.39
1787070620|20260819003020|946.42
1787070625|20260819003025|946.43
1787070635|20260819003035|946.69
1787070640|20260819003040|946.68
1787070645|20260819003045|946.80
1787070650|20260819003050|946.72
1787070655|20260819003055|946.74
1787070665|20260819003105|946.74
1787070670|20260819003110|946.73
1787070675|20260819003115|946.81
1787070680|20260819003120|946.83
1787070685|20260819003125|946.75
1787070695|20260819003135|946.53
1787070700|20260819003140|946.55
1787070710|20260819003150|946.40
1787070715|20260819003155|946.35
1787070725|20260819003205|946.27
1787070730|20260819003210|946.26
1787070735|20260819003215|946.17
1787070740|20260819003220|946.17
1787070745|20260819003225|946.29
1787070755|20260819003235|946.28
1787070760|20260819003240|946.26
1787070770|20260819003250|946.31
1787070775|20260819003255|946.38
1787070785|20260819003305|946.36
1787070795|20260819003315|946.46
1787070800|20260819003320|946.33
1787070805|20260819003325|946.30
1787070825|20260819003345|946.22
1787070830|20260819003350|946.36
1787070835|20260819003355|946.36
1787070845|20260819003405|946.29
1787070850|20260819003410|946.25
1787070860|20260819003420|946.37
1787070865|20260819003425|946.43
1787070905|20260819003505|946.72
1787070910|20260819003510|946.72
1787070915|20260819003515|946.78
1787070920|20260819003520|946.83
1787070925|20260819003525|946.66
1787070935|20260819003535|946.48
1787070940|20260819003540|946.59
1787070945|20260819003545|946.61
1787070955|20260819003555|946.52
1787070965|20260819003605|946.68
1787070970|20260819003610|946.54
1787070975|20260819003615|946.58
1787070985|20260819003625|946.50
1787070995|20260819003635|946.33
1787071000|20260819003640|946.36
1787071010|20260819003650|946.37
1787071025|20260819003705|946.26
1787071030|20260819003710|946.20
1787071035|20260819003715|946.16
1787071045|20260819003725|946.19
1787071055|20260819003735|946.25
1787071065|20260819003745|946.36
1787071070|20260819003750|946.38
1787071075|20260819003755|946.42
1787071085|20260819003805|946.50
1787071090|20260819003810|946.52
1787071095|20260819003815|946.54
1787071105|20260819003825|946.70
1787071115|20260819003835|946.76
1787071120|20260819003840|946.77
1787071125|20260819003845|946.77
1787071135|20260819003855|946.84
1787071145|20260819003905|946.75
1787071150|20260819003910|946.76
1787071165|20260819003925|946.76
1787071180|20260819003940|946.76
1787071200|20260819004000|946.51
1787071205|20260819004005|946.52
1787071210|20260819004010|946.58
1787071215|20260819004015|946.65
1787071220|20260819004020|946.66
1787071225|20260819004025|946.79
1787071235|20260819004035|946.79
1787071240|20260819004040|946.91
1787071245|20260819004045|946.89
1787071250|20260819004050|946.92
1787071255|20260819004055|946.85
1787071265|20260819004105|946.99
1787071270|20260819004110|947.04
1787071275|20260819004115|946.96
1787071280|20260819004120|946.93
1787071285|20260819004125|947.05
1787071295|20260819004135|947.09
1787071300|20260819004140|947.14
1787071305|20260819004145|947.14
1787071310|20260819004150|947.20
1787071325|20260819004205|947.15
1787071330|20260819004210|947.13
1787071335|20260819004215|947.14
1787071340|20260819004220|947.01
1787071345|20260819004225|947.03
1787071355|20260819004235|947.00
1787071360|20260819004240|947.01
1787071365|20260819004245|946.95
1787071375|20260819004255|946.95
1787071385|20260819004305|947.00
1787071390|20260819004310|946.91
1787071395|20260819004315|946.90
1787071400|20260819004320|946.81
1787071405|20260819004325|946.74
1787071415|20260819004335|946.65
1787071425|20260819004345|946.57
1787071430|20260819004350|946.66
1787071435|20260819004355|946.62
1787071445|20260819004405|946.64
1787071450|20260819004410|946.78
1787071455|20260819004415|946.86
1787071460|20260819004420|946.85
1787071465|20260819004425|946.86
1787071500|20260819004500|946.98
1787071505|20260819004505|947.03
1787071510|20260819004510|947.03
1787071515|20260819004515|947.06
1787071520|20260819004520|947.06
1787071525|20260819004525|947.04
1787071535|20260819004535|946.97
1787071540|20260819004540|946.92
1787071545|20260819004545|946.86
1787071550|20260819004550|946.79
1787071555|20260819004555|946.66
1787071565|20260819004605|946.63
1787071570|20260819004610|946.49
1787071575|20260819004615|946.58
1787071580|20260819004620|946.59
1787071585|20260819004625|946.53
1787071595|20260819004635|946.69
1787071600|20260819004640|946.65
1787071605|20260819004645|946.72
1787071610|20260819004650|946.80
1787071615|20260819004655|946.89
1787071625|20260819004705|946.90
1787071630|20260819004710|946.97
1787071635|20260819004715|946.98
1787071640|20260819004720|946.99
1787071645|20260819004725|946.93
1787071655|20260819004735|946.90
1787071660|20260819004740|946.93
1787071665|20260819004745|946.69
1787071670|20260819004750|946.62
1787071675|20260819004755|946.38
1787071685|20260819004805|946.50
1787071690|20260819004810|946.46
1787071695|20260819004815|946.49
1787071700|20260819004820|946.46
1787071705|20260819004825|946.45
1787071715|20260819004835|946.42
1787071720|20260819004840|946.42
1787071725|20260819004845|946.25
1787071730|20260819004850|946.16
1787071735|20260819004855|946.13
1787071745|20260819004905|946.14
1787071750|20260819004910|946.10
1787071760|20260819004920|946.24
1787071765|20260819004925|946.27
1787071800|20260819005000|946.18
1787071805|20260819005005|946.13
1787071810|20260819005010|946.14
1787071815|20260819005015|946.14
1787071820|20260819005020|946.11
1787071825|20260819005025|946.12
1787071835|20260819005035|946.21
1787071840|20260819005040|946.14
1787071850|20260819005050|946.27
1787071855|20260819005055|946.26
1787071865|20260819005105|946.26
1787071870|20260819005110|946.30
1787071875|20260819005115|946.38
1787071880|20260819005120|946.18
1787071895|20260819005135|946.33
1787071900|20260819005140|946.55
1787071905|20260819005145|946.58
1787071910|20260819005150|946.58
1787071915|20260819005155|946.50
1787071920|20260819005200|946.52
1787071925|20260819005205|946.73
1787071930|20260819005210|946.91
1787071935|20260819005215|946.87
1787071945|20260819005225|946.72
1787071950|20260819005230|946.74
1787071955|20260819005235|946.69
1787071960|20260819005240|946.72
1787071965|20260819005245|946.98
1787071970|20260819005250|946.97
1787071975|20260819005255|947.01
1787071985|20260819005305|946.98
1787071990|20260819005310|946.83
1787071995|20260819005315|946.86
1787072000|20260819005320|946.83
1787072005|20260819005325|946.84
1787072015|20260819005335|946.93
1787072020|20260819005340|946.94
1787072025|20260819005345|946.93
1787072030|20260819005350|946.86
1787072035|20260819005355|946.91
1787072045|20260819005405|946.88
1787072050|20260819005410|946.90
1787072055|20260819005415|946.98
1787072060|20260819005420|947.08
1787072080|20260819005440|947.27
1787072090|20260819005450|947.21
1787072095|20260819005455|947.23
1787072100|20260819005500|947.24
1787072105|20260819005505|947.20
1787072110|20260819005510|947.07
1787072115|20260819005515|947.08
1787072120|20260819005520|947.01
1787072125|20260819005525|947.00
1787072135|20260819005535|946.93
1787072140|20260819005540|946.90
1787072145|20260819005545|946.88
1787072150|20260819005550|946.86
1787072160|20260819005600|946.78
1787072165|20260819005605|946.76
1787072170|20260819005610|946.75
1787072175|20260819005615|946.78
1787072180|20260819005620|946.58
1787072185|20260819005625|946.63
1787072195|20260819005635|946.61
1787072200|20260819005640|946.62
1787072205|20260819005645|946.71
1787072210|20260819005650|946.59
1787072215|20260819005655|946.63
1787072225|20260819005705|946.64
1787072230|20260819005710|946.47
1787072235|20260819005715|946.30
1787072240|20260819005720|946.22
1787072245|20260819005725|946.40
1787072255|20260819005735|946.34
1787072260|20260819005740|946.39
1787072265|20260819005745|946.19
1787072270|20260819005750|946.25
1787072285|20260819005805|946.20
1787072290|20260819005810|946.25
1787072295|20260819005815|946.26
1787072300|20260819005820|946.17
1787072305|20260819005825|946.19
1787072315|20260819005835|946.21
1787072335|20260819005855|946.17
1787072340|20260819005900|946.19
1787072345|20260819005905|946.28
1787072350|20260819005910|946.37
1787072355|20260819005915|946.36
1787072360|20260819005920|946.34
1787072365|20260819005925|946.43
1787072395|20260819005955|946.39
1787072405|20260819010005|946.22
1787072415|20260819010015|946.22
1787072420|20260819010020|946.26
1787072425|20260819010025|946.40
1787072440|20260819010040|946.43
1787072445|20260819010045|946.42
1787072450|20260819010050|946.43
1787072465|20260819010105|946.49
1787072470|20260819010110|946.41
1787072475|20260819010115|946.46
1787072480|20260819010120|946.51
1787072485|20260819010125|946.39
1787072495|20260819010135|946.47
1787072500|20260819010140|946.49
1787072505|20260819010145|946.59
1787072510|20260819010150|946.53
1787072515|20260819010155|946.32
1787072520|20260819010200|946.37
1787072525|20260819010205|946.29
1787072530|20260819010210|946.27
1787072535|20260819010215|946.49
1787072540|20260819010220|946.59
1787072545|20260819010225|946.57
1787072555|20260819010235|946.47
1787072560|20260819010240|946.49
1787072565|20260819010245|946.45
1787072570|20260819010250|946.48
1787072575|20260819010255|946.42
1787072585|20260819010305|946.43
1787072590|20260819010310|946.33
1787072595|20260819010315|946.39
1787072600|20260819010320|946.31
1787072605|20260819010325|946.40
1787072615|20260819010335|946.26
1787072625|20260819010345|946.23
1787072630|20260819010350|946.23
1787072635|20260819010355|946.27
1787072645|20260819010405|946.25
1787072650|20260819010410|946.27
1787072660|20260819010420|946.24
1787072695|20260819010455|946.38
1787072705|20260819010505|946.37
1787072710|20260819010510|946.40
1787072715|20260819010515|946.60
1787072720|20260819010520|946.58
1787072740|20260819010540|946.68
1787072745|20260819010545|946.58
1787072755|20260819010555|946.55
1787072765|20260819010605|946.67
1787072770|20260819010610|946.64
1787072775|20260819010615|946.70
1787072780|20260819010620|946.68
1787072785|20260819010625|946.61
1787072795|20260819010635|946.53
1787072805|20260819010645|946.71
1787072810|20260819010650|946.62
1787072815|20260819010655|946.62
1787072820|20260819010700|946.64
1787072825|20260819010705|946.62
1787072830|20260819010710|946.62
1787072840|20260819010720|946.64
1787072845|20260819010725|946.56
1787072855|20260819010735|946.50
1787072860|20260819010740|946.61
1787072865|20260819010745|946.67
1787072875|20260819010755|946.60
1787072880|20260819010800|946.60
1787072890|20260819010810|946.62
1787072895|20260819010815|946.64
1787072900|20260819010820|946.69
1787072905|20260819010825|946.62
1787072915|20260819010835|946.62
1787072920|20260819010840|946.62
1787072925|20260819010845|946.61
1787072930|20260819010850|946.63
1787072935|20260819010855|946.72
1787072945|20260819010905|946.67
1787072950|20260819010910|946.69
1787072960|20260819010920|946.64
1787072965|20260819010925|946.68
1787072990|20260819010950|946.65
1787072995|20260819010955|946.63
1787073000|20260819011000|946.65
1787073005|20260819011005|946.68
1787073010|20260819011010|946.65
1787073015|20260819011015|946.68
1787073020|20260819011020|946.68
1787073025|20260819011025|946.73
1787073035|20260819011035|946.66
1787073040|20260819011040|946.68
1787073045|20260819011045|946.62
1787073050|20260819011050|946.65
1787073055|20260819011055|946.63
1787073060|20260819011100|946.64
1787073065|20260819011105|946.65
1787073075|20260819011115|946.73
1787073080|20260819011120|946.71
1787073095|20260819011135|946.74
1787073100|20260819011140|946.73
1787073105|20260819011145|946.73
1787073110|20260819011150|946.69
1787073115|20260819011155|946.67
1787073120|20260819011200|946.53
1787073125|20260819011205|946.49
1787073130|20260819011210|946.52
1787073135|20260819011215|946.74
1787073140|20260819011220|946.67
1787073145|20260819011225|946.73
1787073155|20260819011235|946.72
1787073160|20260819011240|946.70
1787073165|20260819011245|946.71
1787073170|20260819011250|946.66
1787073185|20260819011305|946.68
1787073190|20260819011310|946.67
1787073200|20260819011320|946.68
1787073205|20260819011325|946.66
1787073215|20260819011335|946.63
1787073220|20260819011340|946.66
1787073225|20260819011345|946.73
1787073230|20260819011350|946.53
1787073235|20260819011355|946.46
1787073245|20260819011405|946.83
1787073250|20260819011410|946.82
1787073260|20260819011420|946.83
1787073265|20260819011425|946.85
1787073300|20260819011500|946.86
1787073305|20260819011505|946.90
1787073310|20260819011510|947.03
1787073315|20260819011515|947.03
1787073320|20260819011520|947.04
1787073325|20260819011525|947.11
1787073335|20260819011535|947.10
1787073340|20260819011540|947.15
1787073345|20260819011545|947.17
1787073355|20260819011555|947.11
1787073365|20260819011605|947.07
1787073375|20260819011615|946.87
1787073385|20260819011625|946.87
1787073395|20260819011635|946.92
1787073400|20260819011640|946.97
1787073405|20260819011645|946.81
1787073410|20260819011650|946.89
1787073415|20260819011655|946.96
1787073425|20260819011705|946.89
1787073430|20260819011710|946.88
1787073435|20260819011715|946.86
1787073440|20260819011720|946.85
1787073455|20260819011735|946.81
1787073460|20260819011740|946.82
1787073465|20260819011745|946.76
1787073470|20260819011750|946.57
1787073475|20260819011755|946.56
1787073485|20260819011805|946.62
1787073490|20260819011810|946.62
1787073495|20260819011815|946.61
1787073500|20260819011820|946.68
1787073515|20260819011835|946.56
1787073525|20260819011845|946.59
1787073530|20260819011850|946.45
1787073545|20260819011905|946.40
1787073550|20260819011910|946.64
1787073555|20260819011915|946.59
1787073560|20260819011920|946.55
1787073565|20260819011925|946.55
1787073600|20260819012000|946.24
1787073620|20260819012020|946.61
1787073625|20260819012025|946.65
1787073635|20260819012035|946.61
1787073645|20260819012045|946.53
1787073650|20260819012050|946.58
1787073655|20260819012055|946.53
1787073665|20260819012105|946.50
1787073670|20260819012110|946.50
1787073675|20260819012115|946.44
1787073680|20260819012120|946.42
1787073685|20260819012125|946.47
1787073695|20260819012135|946.51
1787073700|20260819012140|946.51
1787073705|20260819012145|946.52
1787073710|20260819012150|946.61
1787073715|20260819012155|946.61
1787073725|20260819012205|946.69
1787073730|20260819012210|946.80
1787073740|20260819012220|946.78
1787073745|20260819012225|946.81
1787073755|20260819012235|946.79
1787073760|20260819012240|946.82
1787073765|20260819012245|946.82
1787073775|20260819012255|946.96
1787073785|20260819012305|946.89
1787073790|20260819012310|946.92
1787073795|20260819012315|946.91
1787073800|20260819012320|946.92
1787073805|20260819012325|946.89
1787073815|20260819012335|946.79
1787073820|20260819012340|946.72
1787073830|20260819012350|946.76
1787073850|20260819012410|946.83
1787073855|20260819012415|946.73
1787073860|20260819012420|946.65
1787073865|20260819012425|946.74
1787073905|20260819012505|946.96
1787073910|20260819012510|946.86
1787073915|20260819012515|946.88
1787073920|20260819012520|946.87
1787073925|20260819012525|946.84
1787073935|20260819012535|946.52
1787073945|20260819012545|946.43
1787073955|20260819012555|946.62
1787073965|20260819012605|946.66
1787073970|20260819012610|946.66
1787073975|20260819012615|946.61
1787073980|20260819012620|946.62
1787073985|20260819012625|946.58
1787073995|20260819012635|946.59
1787074000|20260819012640|946.58
1787074005|20260819012645|946.62
1787074010|20260819012650|946.61
1787074015|20260819012655|946.62
1787074025|20260819012705|946.65
1787074030|20260819012710|946.72
1787074040|20260819012720|946.70
1787074045|20260819012725|946.70
1787074055|20260819012735|946.68
1787074065|20260819012745|946.66
1787074070|20260819012750|946.67
1787074075|20260819012755|946.68
1787074090|20260819012810|946.70
1787074095|20260819012815|946.56
1787074100|20260819012820|946.47
1787074105|20260819012825|946.49
1787074115|20260819012835|946.43
1787074120|20260819012840|946.49
1787074125|20260819012845|946.53
1787074130|20260819012850|946.51
1787074135|20260819012855|946.58
1787074145|20260819012905|946.74
1787074150|20260819012910|946.46
1787074155|20260819012915|946.47
1787074165|20260819012925|946.57
1787074180|20260819012940|946.60
1787074200|20260819013000|946.62
1787074205|20260819013005|946.42
1787074210|20260819013010|946.54
1787074215|20260819013015|946.43
1787074220|20260819013020|946.24
1787074225|20260819013025|946.30
1787074235|20260819013035|946.19
1787074240|20260819013040|946.19
1787074245|20260819013045|946.23
1787074250|20260819013050|946.05
1787074255|20260819013055|945.99
1787074265|20260819013105|945.75
1787074275|20260819013115|946.08
1787074280|20260819013120|946.14
1787074285|20260819013125|946.10
1787074295|20260819013135|946.04
1787074300|20260819013140|946.20
1787074305|20260819013145|946.21
1787074310|20260819013150|946.18
1787074315|20260819013155|946.25
1787074330|20260819013210|946.21
1787074335|20260819013215|946.18
1787074340|20260819013220|946.17
1787074345|20260819013225|946.16
1787074355|20260819013235|946.08
1787074360|20260819013240|946.19
1787074365|20260819013245|946.25
1787074370|20260819013250|946.27
1787074375|20260819013255|946.25
1787074385|20260819013305|946.53
1787074390|20260819013310|946.53
1787074395|20260819013315|946.59
1787074400|20260819013320|946.56
1787074405|20260819013325|946.59
1787074415|20260819013335|946.61
1787074420|20260819013340|946.62
1787074425|20260819013345|946.68
1787074430|20260819013350|946.67
1787074435|20260819013355|946.60
1787074445|20260819013405|946.60
1787074450|20260819013410|946.61
1787074455|20260819013415|946.62
1787074460|20260819013420|946.46
1787074465|20260819013425|946.50
1787074500|20260819013500|946.37
1787074505|20260819013505|946.37
1787074510|20260819013510|946.44
1787074515|20260819013515|946.45
1787074525|20260819013525|946.44
1787074535|20260819013535|946.40
1787074540|20260819013540|946.46
1787074545|20260819013545|946.53
1787074550|20260819013550|946.52
1787074555|20260819013555|946.46
1787074565|20260819013605|946.45
1787074570|20260819013610|946.45
1787074580|20260819013620|946.40
1787074585|20260819013625|946.38
1787074595|20260819013635|946.29
1787074600|20260819013640|946.31
1787074605|20260819013645|946.22
1787074615|20260819013655|946.39
1787074625|20260819013705|946.40
1787074630|20260819013710|946.36
1787074635|20260819013715|946.35
1787074640|20260819013720|946.37
1787074645|20260819013725|946.25
1787074655|20260819013735|946.08
1787074660|20260819013740|946.10
1787074665|20260819013745|946.16
1787074670|20260819013750|945.90
1787074675|20260819013755|945.79
1787074685|20260819013805|945.82
1787074690|20260819013810|945.69
1787074695|20260819013815|945.77
1787074700|20260819013820|945.93
1787074705|20260819013825|945.93
1787074715|20260819013835|945.98
1787074720|20260819013840|946.00
1787074725|20260819013845|946.04
1787074730|20260819013850|945.98
1787074735|20260819013855|946.02
1787074745|20260819013905|945.98
1787074750|20260819013910|946.00
1787074755|20260819013915|946.04
1787074760|20260819013920|945.99
1787074765|20260819013925|945.99
1787074800|20260819014000|945.95
1787074815|20260819014015|946.17
1787074820|20260819014020|946.31
1787074825|20260819014025|946.46
1787074835|20260819014035|946.45
1787074840|20260819014040|946.36
1787074845|20260819014045|946.38
1787074850|20260819014050|946.48
1787074855|20260819014055|946.48
1787074865|20260819014105|946.45
1787074870|20260819014110|946.44
1787074875|20260819014115|946.18
1787074880|20260819014120|946.18
1787074885|20260819014125|946.11
1787074895|20260819014135|946.08
1787074900|20260819014140|946.09
1787074925|20260819014205|946.13
1787074930|20260819014210|946.13
1787074935|20260819014215|946.11
1787074940|20260819014220|946.09
1787074955|20260819014235|946.05
1787074965|20260819014245|945.98
1787074970|20260819014250|945.94
1787074975|20260819014255|945.81
1787074985|20260819014305|945.69
1787074990|20260819014310|945.68
1787074995|20260819014315|945.63
1787075005|20260819014325|945.62
1787075015|20260819014335|945.65
1787075020|20260819014340|945.68
1787075025|20260819014345|945.69
1787075030|20260819014350|945.67
1787075035|20260819014355|945.68
1787075045|20260819014405|945.57
1787075050|20260819014410|945.58
1787075055|20260819014415|945.57
1787075100|20260819014500|945.20
1787075105|20260819014505|945.30
1787075110|20260819014510|945.10
1787075115|20260819014515|945.21
1787075135|20260819014535|945.31
1787075140|20260819014540|945.29
1787075145|20260819014545|945.27
1787075150|20260819014550|945.44
1787075155|20260819014555|945.45
1787075165|20260819014605|945.44
1787075175|20260819014615|945.46
1787075180|20260819014620|945.46
1787075185|20260819014625|945.45
1787075195|20260819014635|945.39
1787075205|20260819014645|945.31
1787075210|20260819014650|945.32
1787075215|20260819014655|945.30
1787075230|20260819014710|945.22
1787075235|20260819014715|945.24
1787075240|20260819014720|945.23
1787075245|20260819014725|945.23
1787075255|20260819014735|945.12
1787075260|20260819014740|945.16
1787075265|20260819014745|945.18
1787075270|20260819014750|945.17
1787075275|20260819014755|945.20
1787075285|20260819014805|945.11
1787075290|20260819014810|945.10
1787075295|20260819014815|945.01
1787075300|20260819014820|945.01
1787075305|20260819014825|945.01
1787075315|20260819014835|945.00
1787075320|20260819014840|944.95
1787075325|20260819014845|944.92
1787075335|20260819014855|944.83
1787075345|20260819014905|944.87
1787075350|20260819014910|944.80
1787075355|20260819014915|944.77
1787075365|20260819014925|944.83
1787075400|20260819015000|944.96
1787075405|20260819015005|944.96
1787075410|20260819015010|944.94
1787075415|20260819015015|944.96
1787075420|20260819015020|945.01
1787075425|20260819015025|945.04
1787075435|20260819015035|945.08
1787075440|20260819015040|945.13
1787075445|20260819015045|945.26
1787075450|20260819015050|945.25
1787075455|20260819015055|945.26
1787075465|20260819015105|945.32
1787075470|20260819015110|945.25
1787075475|20260819015115|945.31
1787075480|20260819015120|945.25
1787075485|20260819015125|945.26
1787075495|20260819015135|945.21
1787075500|20260819015140|945.14
1787075505|20260819015145|945.18
1787075510|20260819015150|945.16
1787075515|20260819015155|945.17
1787075525|20260819015205|945.15
1787075530|20260819015210|945.14
1787075535|20260819015215|945.21
1787075540|20260819015220|945.17
1787075545|20260819015225|945.15
1787075560|20260819015240|945.16
1787075565|20260819015245|945.21
1787075570|20260819015250|945.20
1787075575|20260819015255|945.18
1787075585|20260819015305|945.15
1787075590|20260819015310|945.16
1787075595|20260819015315|945.07
1787075600|20260819015320|945.03
1787075605|20260819015325|945.08
1787075615|20260819015335|945.06
1787075620|20260819015340|945.09
1787075625|20260819015345|945.13
1787075630|20260819015350|945.15
1787075635|20260819015355|945.18
1787075645|20260819015405|945.12
1787075650|20260819015410|945.12
1787075655|20260819015415|945.11
1787075660|20260819015420|945.14
1787075665|20260819015425|945.09
1787075675|20260819015435|945.12
1787075680|20260819015440|945.08
1787075700|20260819015500|945.09
1787075705|20260819015505|945.08
1787075710|20260819015510|945.02
1787075715|20260819015515|945.04
1787075720|20260819015520|945.17
1787075735|20260819015535|945.14
1787075740|20260819015540|945.07
1787075745|20260819015545|945.08
1787075750|20260819015550|945.04
1787075755|20260819015555|945.06
1787075760|20260819015600|945.06
1787075765|20260819015605|944.96
1787075770|20260819015610|944.84
1787075775|20260819015615|944.94
1787075780|20260819015620|944.92
1787075785|20260819015625|944.92
1787075795|20260819015635|944.95
1787075800|20260819015640|944.83
1787075805|20260819015645|944.86
1787075810|20260819015650|944.86
1787075825|20260819015705|944.92
1787075835|20260819015715|945.01
1787075840|20260819015720|944.97
1787075845|20260819015725|944.96
1787075855|20260819015735|944.97
1787075860|20260819015740|944.94
1787075865|20260819015745|944.93
1787075870|20260819015750|944.93
1787075885|20260819015805|944.89
1787075890|20260819015810|944.91
1787075900|20260819015820|944.84
1787075905|20260819015825|944.86
1787075915|20260819015835|944.73
1787075920|20260819015840|944.70
1787075925|20260819015845|944.73
1787075930|20260819015850|944.78
1787075945|20260819015905|944.94
1787075950|20260819015910|944.93
1787075955|20260819015915|944.90
1787075960|20260819015920|944.87
1787075965|20260819015925|944.92
1787076015|20260819020015|944.77
1787076020|20260819020020|944.52
1787076040|20260819020040|944.59
1787076045|20260819020045|944.57
1787076065|20260819020105|944.65
1787076070|20260819020110|944.69
1787076080|20260819020120|944.69
1787076085|20260819020125|944.66
1787076100|20260819020140|944.66
1787076105|20260819020145|944.73
1787076110|20260819020150|944.73
1787076125|20260819020205|944.68
1787076130|20260819020210|944.77
1787076135|20260819020215|944.77
1787076140|20260819020220|944.76
1787076145|20260819020225|944.76
1787076155|20260819020235|944.65
1787076160|20260819020240|944.67
1787076165|20260819020245|944.60
1787076170|20260819020250|944.61
1787076175|20260819020255|944.54
1787076185|20260819020305|944.47
1787076190|20260819020310|944.42
1787076195|20260819020315|944.33
1787076205|20260819020325|944.34
1787076225|20260819020345|944.27
1787076230|20260819020350|944.22
1787076235|20260819020355|944.19
1787076245|20260819020405|944.15
1787076250|20260819020410|944.02
1787076255|20260819020415|944.11
1787076260|20260819020420|944.03
1787076265|20260819020425|943.88
1787076305|20260819020505|943.96
1787076310|20260819020510|944.00
1787076315|20260819020515|944.00
1787076320|20260819020520|944.09
1787076325|20260819020525|943.99
1787076340|20260819020540|944.09
1787076345|20260819020545|944.16
1787076350|20260819020550|944.14
1787076355|20260819020555|944.13
1787076360|20260819020600|944.14
1787076370|20260819020610|943.97
1787076375|20260819020615|944.00
1787076380|20260819020620|943.99
1787076400|20260819020640|944.04
1787076405|20260819020645|944.01
1787076410|20260819020650|944.00
1787076425|20260819020705|944.18
1787076430|20260819020710|944.15
1787076435|20260819020715|944.17
1787076440|20260819020720|944.14
1787076455|20260819020735|944.15
1787076465|20260819020745|944.33
1787076470|20260819020750|944.41
1787076475|20260819020755|944.41
1787076485|20260819020805|944.33
1787076490|20260819020810|944.30
1787076500|20260819020820|944.08
1787076505|20260819020825|944.19
1787076515|20260819020835|944.17
1787076525|20260819020845|944.24
1787076535|20260819020855|944.23
1787076545|20260819020905|944.16
1787076555|20260819020915|944.14
1787076560|20260819020920|944.12
1787076595|20260819020955|944.32
1787076600|20260819021000|944.38
1787076605|20260819021005|944.50
1787076610|20260819021010|944.52
1787076615|20260819021015|944.52
1787076625|20260819021025|944.46
1787076640|20260819021040|944.33
1787076645|20260819021045|944.44
1787076650|20260819021050|944.42
1787076655|20260819021055|944.41
1787076670|20260819021110|944.33
1787076680|20260819021120|944.25
1787076685|20260819021125|944.19
1787076695|20260819021135|944.24
1787076700|20260819021140|944.21
1787076705|20260819021145|944.09
1787076710|20260819021150|944.13
1787076715|20260819021155|944.08
1787076725|20260819021205|944.03
1787076730|20260819021210|944.06
1787076735|20260819021215|943.90
1787076740|20260819021220|943.97
1787076755|20260819021235|944.03
1787076765|20260819021245|943.96
1787076770|20260819021250|943.96
1787076775|20260819021255|944.06
1787076785|20260819021305|944.06
1787076790|20260819021310|944.15
1787076795|20260819021315|944.24
1787076800|20260819021320|944.46
1787076805|20260819021325|944.66
1787076820|20260819021340|944.71
1787076830|20260819021350|944.79
1787076835|20260819021355|944.87
1787076845|20260819021405|944.79
1787076850|20260819021410|944.81
1787076855|20260819021415|944.85
1787076860|20260819021420|944.81
1787076900|20260819021500|944.97
1787076905|20260819021505|944.93
1787076910|20260819021510|944.98
1787076915|20260819021515|944.96
1787076925|20260819021525|944.94
1787076940|20260819021540|945.01
1787076945|20260819021545|945.01
1787076950|20260819021550|944.93
1787076955|20260819021555|944.89
1787076965|20260819021605|944.93
1787076970|20260819021610|944.89
1787076975|20260819021615|944.94
1787076980|20260819021620|944.96
1787076985|20260819021625|944.98
1787076995|20260819021635|945.02
1787077000|20260819021640|944.94
1787077005|20260819021645|944.94
1787077010|20260819021650|944.95
1787077015|20260819021655|944.90
1787077020|20260819021700|944.88
1787077025|20260819021705|944.80
1787077030|20260819021710|944.77
1787077035|20260819021715|944.80
1787077040|20260819021720|944.81
1787077045|20260819021725|944.98
1787077060|20260819021740|944.91
1787077065|20260819021745|944.92
1787077070|20260819021750|944.90
1787077075|20260819021755|944.93
1787077080|20260819021800|944.93
1787077085|20260819021805|944.95
1787077095|20260819021815|945.05
1787077100|20260819021820|945.05
1787077105|20260819021825|945.10
1787077115|20260819021835|945.12
1787077120|20260819021840|945.11
1787077125|20260819021845|945.10
1787077130|20260819021850|945.10
1787077135|20260819021855|945.11
1787077140|20260819021900|945.10
1787077145|20260819021905|945.09
1787077150|20260819021910|945.10
1787077160|20260819021920|945.13
1787077165|20260819021925|945.12
1787077200|20260819022000|945.18
1787077205|20260819022005|945.19
1787077210|20260819022010|945.26
1787077215|20260819022015|945.26
1787077220|20260819022020|945.22
1787077225|20260819022025|945.16
1787077235|20260819022035|945.20
1787077240|20260819022040|945.17
1787077245|20260819022045|945.13
1787077250|20260819022050|945.13
1787077255|20260819022055|945.13
1787077265|20260819022105|945.16
1787077270|20260819022110|945.25
1787077275|20260819022115|945.21
1787077280|20260819022120|945.17
1787077285|20260819022125|945.16
1787077295|20260819022135|945.16
1787077300|20260819022140|945.17
1787077305|20260819022145|945.12
1787077310|20260819022150|945.16
1787077315|20260819022155|945.13
1787077320|20260819022200|945.19
1787077325|20260819022205|945.17
1787077330|20260819022210|945.13
1787077335|20260819022215|945.15
1787077340|20260819022220|945.11
1787077355|20260819022235|945.03
1787077360|20260819022240|944.94
1787077370|20260819022250|944.84
1787077375|20260819022255|944.74
1787077385|20260819022305|944.68
1787077390|20260819022310|944.73
1787077400|20260819022320|944.63
1787077405|20260819022325|944.63
1787077415|20260819022335|944.52
1787077420|20260819022340|944.55
1787077425|20260819022345|944.59
1787077430|20260819022350|944.60
1787077435|20260819022355|944.61
1787077440|20260819022400|944.57
1787077445|20260819022405|944.83
1787077455|20260819022415|944.85
1787077460|20260819022420|944.79
1787077465|20260819022425|944.70
1787077500|20260819022500|944.73
1787077505|20260819022505|944.73
1787077510|20260819022510|944.80
1787077515|20260819022515|944.89
1787077520|20260819022520|944.75
1787077525|20260819022525|944.75
1787077535|20260819022535|944.71
1787077540|20260819022540|944.72
1787077545|20260819022545|944.76
1787077550|20260819022550|944.82
1787077555|20260819022555|944.82
1787077565|20260819022605|944.93
1787077570|20260819022610|944.98
1787077575|20260819022615|944.97
1787077580|20260819022620|944.99
1787077585|20260819022625|944.98
1787077600|20260819022640|944.98
1787077605|20260819022645|945.03
1787077615|20260819022655|944.96
1787077625|20260819022705|945.00
1787077645|20260819022725|944.98
1787077655|20260819022735|944.96
1787077660|20260819022740|944.91
1787077665|20260819022745|944.91
1787077670|20260819022750|944.94
1787077675|20260819022755|945.02
1787077685|20260819022805|945.01
1787077690|20260819022810|945.24
1787077695|20260819022815|945.31
1787077705|20260819022825|945.44
1787077715|20260819022835|945.56
1787077720|20260819022840|945.58
1787077725|20260819022845|945.55
1787077735|20260819022855|945.57
1787077745|20260819022905|945.55
1787077750|20260819022910|945.57
1787077755|20260819022915|945.57
1787077760|20260819022920|945.53
1787077765|20260819022925|945.52
1787077795|20260819022955|945.49
1787077800|20260819023000|945.47
1787077805|20260819023005|945.48
1787077810|20260819023010|945.45
1787077815|20260819023015|945.48
1787077820|20260819023020|945.46
1787077825|20260819023025|945.47
1787077835|20260819023035|945.49
1787077840|20260819023040|945.53
1787077845|20260819023045|945.53
1787077850|20260819023050|945.51
1787077855|20260819023055|945.45
1787077860|20260819023100|945.46
1787077865|20260819023105|945.31
1787077870|20260819023110|945.28
1787077875|20260819023115|945.32
1787077880|20260819023120|945.29
1787077885|20260819023125|945.19
1787077895|20260819023135|945.26
1787077900|20260819023140|945.30
1787077905|20260819023145|945.37
1787077925|20260819023205|945.37
1787077930|20260819023210|945.38
1787077935|20260819023215|945.33
1787077940|20260819023220|945.25
1787077955|20260819023235|945.32
1787077960|20260819023240|945.27
1787077965|20260819023245|945.21
1787077975|20260819023255|945.24
1787077980|20260819023300|945.21
1787077985|20260819023305|945.23
1787077990|20260819023310|945.27
1787077995|20260819023315|945.27
1787078000|20260819023320|945.28
1787078005|20260819023325|945.13
1787078015|20260819023335|945.10
1787078020|20260819023340|945.09
1787078035|20260819023355|944.97
1787078045|20260819023405|945.01
1787078055|20260819023415|945.01
1787078060|20260819023420|945.01
1787078065|20260819023425|945.10
1787078105|20260819023505|945.33
1787078110|20260819023510|945.30
1787078115|20260819023515|945.27
1787078120|20260819023520|945.24
1787078125|20260819023525|945.24
1787078135|20260819023535|945.43
1787078140|20260819023540|945.35
1787078145|20260819023545|945.33
1787078150|20260819023550|945.32
1787078155|20260819023555|945.31
1787078165|20260819023605|945.42
1787078170|20260819023610|945.33
1787078175|20260819023615|945.30
1787078180|20260819023620|945.31
1787078195|20260819023635|945.21
1787078200|20260819023640|945.13
1787078205|20260819023645|945.13
1787078210|20260819023650|945.13
1787078215|20260819023655|945.19
1787078225|20260819023705|945.20
1787078230|20260819023710|945.18
1787078235|20260819023715|945.15
1787078255|20260819023735|945.20
1787078260|20260819023740|945.16
1787078265|20260819023745|945.29
1787078275|20260819023755|945.22
1787078280|20260819023800|945.17
1787078285|20260819023805|945.19
1787078295|20260819023815|945.11
1787078300|20260819023820|945.11
1787078315|20260819023835|945.11
1787078320|20260819023840|945.28
1787078325|20260819023845|945.23
1787078335|20260819023855|945.27
1787078340|20260819023900|945.30
1787078350|20260819023910|945.22
1787078355|20260819023915|945.24
1787078360|20260819023920|945.23
1787078365|20260819023925|945.17
1787078400|20260819024000|945.38
1787078405|20260819024005|945.34
1787078410|20260819024010|945.25
1787078415|20260819024015|945.24
1787078420|20260819024020|945.12
1787078425|20260819024025|945.11
1787078440|20260819024040|944.98
1787078445|20260819024045|944.91
1787078455|20260819024055|944.90
1787078460|20260819024100|944.86
1787078470|20260819024110|944.76
1787078475|20260819024115|944.78
1787078480|20260819024120|944.82
1787078485|20260819024125|944.76
1787078495|20260819024135|944.76
1787078500|20260819024140|944.74
1787078505|20260819024145|944.68
1787078510|20260819024150|944.65
1787078515|20260819024155|944.64
1787078520|20260819024200|944.62
1787078530|20260819024210|944.57
1787078535|20260819024215|944.65
1787078555|20260819024235|944.58
1787078560|20260819024240|944.59
1787078565|20260819024245|944.54
1787078570|20260819024250|944.52
1787078585|20260819024305|944.52
1787078590|20260819024310|944.47
1787078595|20260819024315|944.49
1787078600|20260819024320|944.51
1787078605|20260819024325|944.58
1787078615|20260819024335|944.56
1787078620|20260819024340|944.57
1787078625|20260819024345|944.49
1787078630|20260819024350|944.47
1787078635|20260819024355|944.47
1787078645|20260819024405|944.37
1787078650|20260819024410|944.28
1787078655|20260819024415|944.28
1787078660|20260819024420|944.29
1787078665|20260819024425|944.12
1787078690|20260819024450|944.00
1787078705|20260819024505|944.15
1787078710|20260819024510|944.14
1787078715|20260819024515|944.17
1787078720|20260819024520|944.28
1787078725|20260819024525|944.28
1787078735|20260819024535|944.25
1787078740|20260819024540|944.28
1787078745|20260819024545|944.29
1787078750|20260819024550|944.30
1787078755|20260819024555|944.28
1787078760|20260819024600|944.28
1787078765|20260819024605|944.28
1787078770|20260819024610|944.20
1787078775|20260819024615|944.21
1787078780|20260819024620|944.24
1787078785|20260819024625|944.19
1787078795|20260819024635|944.29
1787078800|20260819024640|944.28
1787078810|20260819024650|944.20
1787078815|20260819024655|944.21
1787078825|20260819024705|944.25
1787078830|20260819024710|944.35
1787078835|20260819024715|944.26
1787078840|20260819024720|944.26
1787078845|20260819024725|944.27
1787078855|20260819024735|944.37
1787078860|20260819024740|944.35
1787078865|20260819024745|944.33
1787078870|20260819024750|944.32
1787078875|20260819024755|944.31
1787078885|20260819024805|944.30
1787078890|20260819024810|944.30
1787078900|20260819024820|944.26
1787078905|20260819024825|944.16
1787078915|20260819024835|943.97
1787078930|20260819024850|944.05
1787078935|20260819024855|944.07
1787078945|20260819024905|944.05
1787078950|20260819024910|944.03
1787078955|20260819024915|944.03
1787078960|20260819024920|944.03
1787079000|20260819025000|944.10
1787079005|20260819025005|944.08
1787079010|20260819025010|944.17
1787079015|20260819025015|944.19
1787079020|20260819025020|944.18
1787079025|20260819025025|944.19
1787079035|20260819025035|944.16
1787079040|20260819025040|944.18
1787079050|20260819025050|944.17
1787079065|20260819025105|944.25
1787079080|20260819025120|944.23
1787079085|20260819025125|944.13
1787079095|20260819025135|944.16
1787079100|20260819025140|944.23
1787079105|20260819025145|944.26
1787079110|20260819025150|944.23
1787079125|20260819025205|944.20
1787079130|20260819025210|944.20
1787079135|20260819025215|944.20
1787079140|20260819025220|944.16
1787079145|20260819025225|944.24
1787079160|20260819025240|944.20
1787079165|20260819025245|944.17
1787079170|20260819025250|944.17
1787079175|20260819025255|944.17
1787079185|20260819025305|944.22
1787079190|20260819025310|944.21
1787079195|20260819025315|944.19
1787079200|20260819025320|944.22
1787079205|20260819025325|944.25
1787079215|20260819025335|944.33
1787079220|20260819025340|944.35
1787079225|20260819025345|944.31
1787079230|20260819025350|944.24
1787079235|20260819025355|944.24
1787079240|20260819025400|944.24
1787079260|20260819025420|944.23
1787079265|20260819025425|944.29
1787079305|20260819025505|944.24
1787079315|20260819025515|944.23
1787079325|20260819025525|944.30
1787079335|20260819025535|944.36
1787079340|20260819025540|944.37
1787079350|20260819025550|944.46
1787079355|20260819025555|944.48
1787079365|20260819025605|944.34
1787079370|20260819025610|944.36
1787079375|20260819025615|944.39
1787079380|20260819025620|944.35
1787079385|20260819025625|944.35
1787079395|20260819025635|944.29
1787079400|20260819025640|944.29
1787079405|20260819025645|944.25
1787079415|20260819025655|944.14
1787079425|20260819025705|944.15
1787079435|20260819025715|944.13
1787079440|20260819025720|944.21
1787079445|20260819025725|944.23
1787079455|20260819025735|944.24
1787079460|20260819025740|944.30
1787079475|20260819025755|944.27
1787079485|20260819025805|944.16
1787079495|20260819025815|944.14
1787079500|20260819025820|944.20
1787079505|20260819025825|944.19
1787079515|20260819025835|944.25
1787079520|20260819025840|944.17
1787079525|20260819025845|944.16
1787079530|20260819025850|944.16
1787079535|20260819025855|944.16
1787079555|20260819025915|944.19
1787079560|20260819025920|944.17
1787079565|20260819025925|944.23
1787079600|20260819030000|944.22
1787079605|20260819030005|944.17
1787079610|20260819030010|944.24
1787079615|20260819030015|944.40
1787079620|20260819030020|944.33
1787079625|20260819030025|944.15
1787079635|20260819030035|944.24
1787079640|20260819030040|944.47
1787079645|20260819030045|944.45
1787079650|20260819030050|944.40
1787079655|20260819030055|944.38
1787079665|20260819030105|944.29
1787079670|20260819030110|944.23
1787079675|20260819030115|944.45
1787079680|20260819030120|944.44
1787079685|20260819030125|944.49
1787079695|20260819030135|944.46
1787079700|20260819030140|944.43
1787079705|20260819030145|944.59
1787079710|20260819030150|944.59
1787079715|20260819030155|944.62
1787079725|20260819030205|944.68
1787079730|20260819030210|944.67
1787079735|20260819030215|944.53
1787079745|20260819030225|944.53
1787079755|20260819030235|944.74
1787079760|20260819030240|944.94
1787079765|20260819030245|944.93
1787079770|20260819030250|944.93
1787079775|20260819030255|944.84
1787079785|20260819030305|944.90
1787079790|20260819030310|944.80
1787079795|20260819030315|944.83
1787079800|20260819030320|944.82
1787079805|20260819030325|944.81
1787079815|20260819030335|944.86
1787079820|20260819030340|944.90
1787079825|20260819030345|944.90
1787079830|20260819030350|944.88
1787079835|20260819030355|944.92
1787079845|20260819030405|944.87
1787079850|20260819030410|944.85
1787079855|20260819030415|944.82
1787079860|20260819030420|944.84
1787079865|20260819030425|944.72
1787079900|20260819030500|944.26
1787079910|20260819030510|944.52
1787079915|20260819030515|944.41
1787079920|20260819030520|944.46
1787079925|20260819030525|944.47
1787079935|20260819030535|944.58
1787079945|20260819030545|944.60
1787079950|20260819030550|944.59
1787079955|20260819030555|944.56
1787079960|20260819030600|944.58
1787079965|20260819030605|944.62
1787079970|20260819030610|944.60
1787079975|20260819030615|944.54
1787079980|20260819030620|944.56
1787079985|20260819030625|944.56
1787079995|20260819030635|944.44
1787080000|20260819030640|944.49
1787080005|20260819030645|944.55
1787080010|20260819030650|944.50
1787080015|20260819030655|944.51
1787080025|20260819030705|944.49
1787080030|20260819030710|944.51
1787080035|20260819030715|944.52
1787080040|20260819030720|944.53
1787080045|20260819030725|944.52
1787080055|20260819030735|944.63
1787080060|20260819030740|944.56
1787080065|20260819030745|944.57
1787080070|20260819030750|944.57
1787080075|20260819030755|944.55
1787080085|20260819030805|944.55
1787080090|20260819030810|944.47
1787080095|20260819030815|944.48
1787080100|20260819030820|944.52
1787080105|20260819030825|944.52
1787080115|20260819030835|944.58
1787080120|20260819030840|944.58
1787080125|20260819030845|944.70
1787080130|20260819030850|944.70
1787080135|20260819030855|944.69
1787080145|20260819030905|944.72
1787080150|20260819030910|944.69
1787080155|20260819030915|944.69
1787080160|20260819030920|944.69
1787080165|20260819030925|944.70
1787080200|20260819031000|944.40
1787080205|20260819031005|944.38
1787080210|20260819031010|944.32
1787080215|20260819031015|944.32
1787080220|20260819031020|944.30
1787080235|20260819031035|944.30
1787080245|20260819031045|944.32
1787080250|20260819031050|944.38
1787080255|20260819031055|944.35
1787080270|20260819031110|944.45
1787080275|20260819031115|944.46
1787080280|20260819031120|944.43
1787080285|20260819031125|944.44
1787080295|20260819031135|944.41
1787080300|20260819031140|944.41
1787080305|20260819031145|944.38
1787080310|20260819031150|944.33
1787080315|20260819031155|944.33
1787080335|20260819031215|944.61
1787080345|20260819031225|944.50
1787080355|20260819031235|944.56
1787080360|20260819031240|944.59
1787080365|20260819031245|944.54
1787080370|20260819031250|944.57
1787080375|20260819031255|944.42
1787080380|20260819031300|944.52
1787080385|20260819031305|944.56
1787080390|20260819031310|944.56
1787080400|20260819031320|944.58
1787080405|20260819031325|944.52
1787080415|20260819031335|944.51
1787080420|20260819031340|944.54
1787080425|20260819031345|944.63
1787080435|20260819031355|944.64
1787080445|20260819031405|944.81
1787080455|20260819031415|944.75
1787080460|20260819031420|944.73
1787080465|20260819031425|944.80
1787080500|20260819031500|944.79
1787080505|20260819031505|944.78
1787080510|20260819031510|944.80
1787080515|20260819031515|944.82
1787080520|20260819031520|944.86
1787080525|20260819031525|944.90
1787080535|20260819031535|944.96
1787080540|20260819031540|944.97
1787080545|20260819031545|945.01
1787080555|20260819031555|945.01
1787080565|20260819031605|945.00
1787080570|20260819031610|945.09
1787080575|20260819031615|945.07
1787080580|20260819031620|945.09
1787080585|20260819031625|944.91
1787080595|20260819031635|944.81
1787080600|20260819031640|944.77
1787080605|20260819031645|944.85
1787080610|20260819031650|944.92
1787080615|20260819031655|944.89
1787080625|20260819031705|944.82
1787080630|20260819031710|944.80
1787080635|20260819031715|944.76
1787080640|20260819031720|944.88
1787080645|20260819031725|944.84
1787080655|20260819031735|944.84
1787080660|20260819031740|944.95
1787080665|20260819031745|945.02
1787080670|20260819031750|945.02
1787080675|20260819031755|945.02
1787080685|20260819031805|944.76
1787080690|20260819031810|944.68
1787080695|20260819031815|944.69
1787080700|20260819031820|944.68
1787080715|20260819031835|944.59
1787080720|20260819031840|944.60
1787080725|20260819031845|944.60
1787080730|20260819031850|944.60
1787080735|20260819031855|944.53
1787080745|20260819031905|944.54
1787080750|20260819031910|944.58
1787080760|20260819031920|944.51
1787080765|20260819031925|944.52
1787080800|20260819032000|944.20
1787080805|20260819032005|944.20
1787080810|20260819032010|944.13
1787080815|20260819032015|944.15
1787080820|20260819032020|944.18
1787080825|20260819032025|944.13
1787080835|20260819032035|944.20
1787080840|20260819032040|944.16
1787080845|20260819032045|944.14
1787080850|20260819032050|944.19
1787080855|20260819032055|944.18
1787080865|20260819032105|944.08
1787080870|20260819032110|944.06
1787080875|20260819032115|944.05
1787080880|20260819032120|944.09
1787080885|20260819032125|943.96
1787080895|20260819032135|944.05
1787080910|20260819032150|944.14
1787080935|20260819032215|944.28
1787080940|20260819032220|944.30
1787080945|20260819032225|944.31
1787080960|20260819032240|944.51
1787080965|20260819032245|944.61
1787080975|20260819032255|944.56
1787080985|20260819032305|944.53
1787080990|20260819032310|944.53
1787080995|20260819032315|944.47
1787081000|20260819032320|944.44
1787081005|20260819032325|944.33
1787081015|20260819032335|944.15
1787081020|20260819032340|944.13
1787081025|20260819032345|944.14
1787081030|20260819032350|944.20
1787081035|20260819032355|944.17
1787081045|20260819032405|944.08
1787081050|20260819032410|944.03
1787081055|20260819032415|943.90
1787081060|20260819032420|943.95
1787081105|20260819032505|943.90
1787081115|20260819032515|943.88
1787081120|20260819032520|943.85
1787081125|20260819032525|943.85
1787081135|20260819032535|943.90
1787081145|20260819032545|943.89
1787081150|20260819032550|943.83
1787081165|20260819032605|943.88
1787081170|20260819032610|943.93
1787081175|20260819032615|944.09
1787081185|20260819032625|944.13
1787081195|20260819032635|944.08
1787081200|20260819032640|944.00
1787081205|20260819032645|944.07
1787081210|20260819032650|944.08
1787081215|20260819032655|944.10
1787081225|20260819032705|944.12
1787081235|20260819032715|944.09
1787081240|20260819032720|944.12
1787081255|20260819032735|944.13
1787081260|20260819032740|944.14
1787081270|20260819032750|944.13
1787081275|20260819032755|944.13
1787081290|20260819032810|944.19
1787081295|20260819032815|944.22
1787081300|20260819032820|944.25
1787081315|20260819032835|944.35
1787081320|20260819032840|944.44
1787081325|20260819032845|944.45
1787081330|20260819032850|944.40
1787081335|20260819032855|944.40
1787081345|20260819032905|944.48
1787081350|20260819032910|944.50
1787081355|20260819032915|944.44
1787081360|20260819032920|944.29
1787081365|20260819032925|944.32
1787081395|20260819032955|944.33
1787081400|20260819033000|944.33
1787081405|20260819033005|944.22
1787081410|20260819033010|944.19
1787081415|20260819033015|944.19
1787081425|20260819033025|944.12
1787081435|20260819033035|944.29
1787081445|20260819033045|944.31
1787081450|20260819033050|944.26
1787081455|20260819033055|944.35
1787081465|20260819033105|944.38
1787081470|20260819033110|944.30
1787081475|20260819033115|944.32
1787081480|20260819033120|944.35
1787081495|20260819033135|944.54
1787081500|20260819033140|944.44
1787081505|20260819033145|944.48
1787081510|20260819033150|944.48
1787081515|20260819033155|944.48
1787081525|20260819033205|944.42
1787081530|20260819033210|944.45
1787081535|20260819033215|944.47
1787081565|20260819033245|944.67
1787081570|20260819033250|944.69
1787081575|20260819033255|944.66
1787081580|20260819033300|944.57
1787081585|20260819033305|944.53
1787081590|20260819033310|944.62
1787081595|20260819033315|944.60
1787081600|20260819033320|944.52
1787081605|20260819033325|944.40
1787081615|20260819033335|944.46
1787081620|20260819033340|944.41
1787081630|20260819033350|944.40
1787081635|20260819033355|944.39
1787081645|20260819033405|944.35
1787081650|20260819033410|944.40
1787081655|20260819033415|944.30
1787081660|20260819033420|944.30
1787081700|20260819033500|944.06
1787081705|20260819033505|944.18
1787081715|20260819033515|944.19
1787081720|20260819033520|944.18
1787081725|20260819033525|944.21
1787081735|20260819033535|944.12
1787081740|20260819033540|944.10
1787081745|20260819033545|944.09
1787081750|20260819033550|944.16
1787081755|20260819033555|944.13
1787081765|20260819033605|944.10
1787081770|20260819033610|944.11
1787081775|20260819033615|944.22
1787081780|20260819033620|944.21
1787081785|20260819033625|944.24
1787081795|20260819033635|944.19
1787081800|20260819033640|944.29
1787081805|20260819033645|944.37
1787081810|20260819033650|944.17
1787081815|20260819033655|944.12
1787081825|20260819033705|944.03
1787081830|20260819033710|944.01
1787081835|20260819033715|944.04
1787081840|20260819033720|944.09
1787081845|20260819033725|944.09
1787081855|20260819033735|944.10
1787081860|20260819033740|944.09
1787081865|20260819033745|944.07
1787081870|20260819033750|944.21
1787081880|20260819033800|944.25
1787081885|20260819033805|944.19
1787081890|20260819033810|944.22
1787081895|20260819033815|944.21
1787081905|20260819033825|944.18
1787081915|20260819033835|944.17
1787081920|20260819033840|944.13
1787081925|20260819033845|944.19
1787081930|20260819033850|944.28
1787081935|20260819033855|944.26
1787081945|20260819033905|944.34
1787081950|20260819033910|944.35
1787081955|20260819033915|944.35
1787081960|20260819033920|944.35
1787081965|20260819033925|944.33
1787082000|20260819034000|944.31
1787082005|20260819034005|944.32
1787082010|20260819034010|944.31
1787082020|20260819034020|944.45
1787082025|20260819034025|944.40
1787082050|20260819034050|944.53
1787082065|20260819034105|944.55
1787082070|20260819034110|944.54
1787082075|20260819034115|944.62
1787082080|20260819034120|944.62
1787082085|20260819034125|944.62
1787082095|20260819034135|944.79
1787082100|20260819034140|944.79
1787082105|20260819034145|944.79
1787082130|20260819034210|944.87
1787082135|20260819034215|944.84
1787082140|20260819034220|944.85
1787082145|20260819034225|944.86
1787082155|20260819034235|944.83
1787082160|20260819034240|944.84
1787082165|20260819034245|944.88
1787082170|20260819034250|944.88
1787082175|20260819034255|944.85
1787082185|20260819034305|944.81
1787082190|20260819034310|944.88
1787082195|20260819034315|944.87
1787082205|20260819034325|944.83
1787082215|20260819034335|944.82
1787082220|20260819034340|944.75
1787082225|20260819034345|944.76
1787082230|20260819034350|944.70
1787082235|20260819034355|944.70
1787082240|20260819034400|944.37
1787082245|20260819034405|944.24
1787082250|20260819034410|944.26
1787082255|20260819034415|944.01
1787082260|20260819034420|943.99
1787082265|20260819034425|943.94
1787082300|20260819034500|943.29
1787082305|20260819034505|943.06
1787082315|20260819034515|943.06
1787082320|20260819034520|943.20
1787082325|20260819034525|943.13
1787082335|20260819034535|943.35
1787082340|20260819034540|943.67
1787082345|20260819034545|943.66
1787082350|20260819034550|943.58
1787082355|20260819034555|943.63
1787082360|20260819034600|943.73
1787082365|20260819034605|943.84
1787082370|20260819034610|943.79
1787082375|20260819034615|943.84
1787082380|20260819034620|943.86
1787082385|20260819034625|943.73
1787082395|20260819034635|943.72
1787082400|20260819034640|943.80
1787082405|20260819034645|943.83
1787082410|20260819034650|943.91
1787082415|20260819034655|943.80
1787082425|20260819034705|943.69
1787082430|20260819034710|943.68
1787082435|20260819034715|943.50
1787082440|20260819034720|943.54
1787082445|20260819034725|943.57
1787082455|20260819034735|943.50
1787082460|20260819034740|943.52
1787082465|20260819034745|943.48
1787082470|20260819034750|943.52
1787082475|20260819034755|943.53
1787082480|20260819034800|943.48
1787082485|20260819034805|943.36
1787082515|20260819034835|942.67
1787082520|20260819034840|942.61
1787082525|20260819034845|942.73
1787082530|20260819034850|942.72
1787082535|20260819034855|942.63
1787082545|20260819034905|942.52
1787082550|20260819034910|942.50
1787082555|20260819034915|942.31
1787082560|20260819034920|942.27
1787082565|20260819034925|942.40
1787082600|20260819035000|942.33
1787082605|20260819035005|942.36
1787082610|20260819035010|941.96
1787082620|20260819035020|942.01
1787082625|20260819035025|942.17
1787082635|20260819035035|942.25
1787082640|20260819035040|942.30
1787082645|20260819035045|942.35
1787082650|20260819035050|942.46
1787082655|20260819035055|942.32
1787082665|20260819035105|942.29
1787082675|20260819035115|942.18
1787082680|20260819035120|941.96
1787082685|20260819035125|941.87
1787082695|20260819035135|941.96
1787082705|20260819035145|941.98
1787082710|20260819035150|941.96
1787082715|20260819035155|941.93
1787082725|20260819035205|941.66
1787082730|20260819035210|941.77
1787082735|20260819035215|941.68
1787082745|20260819035225|941.80
1787082755|20260819035235|941.90
1787082760|20260819035240|941.93
1787082765|20260819035245|941.76
1787082770|20260819035250|941.80
1787082775|20260819035255|941.86
1787082785|20260819035305|942.06
1787082795|20260819035315|942.08
1787082800|20260819035320|942.01
1787082815|20260819035335|942.20
1787082820|20260819035340|942.21
1787082830|20260819035350|942.07
1787082835|20260819035355|942.01
1787082855|20260819035415|941.86
1787082860|20260819035420|941.85
1787082865|20260819035425|941.75
1787082900|20260819035500|942.24
1787082915|20260819035515|942.00
1787082925|20260819035525|942.41
1787082935|20260819035535|942.32
1787082945|20260819035545|942.30
1787082965|20260819035605|942.16
1787082975|20260819035615|942.04
1787082980|20260819035620|941.87
1787083000|20260819035640|941.85
1787083005|20260819035645|941.86
1787083010|20260819035650|941.67
1787083035|20260819035715|941.57
1787083040|20260819035720|941.03
1787083065|20260819035745|941.15
1787083070|20260819035750|941.20
1787083075|20260819035755|941.36
1787083090|20260819035810|941.05
1787083095|20260819035815|941.18
1787083100|20260819035820|941.22
1787083105|20260819035825|941.39
1787083115|20260819035835|941.56
1787083120|20260819035840|941.61
1787083135|20260819035855|941.54
1787083145|20260819035905|942.05
1787083150|20260819035910|942.16
1787083155|20260819035915|942.16
1787083160|20260819035920|942.29
1787083165|20260819035925|942.30
1787083200|20260819040000|942.20
1787083205|20260819040005|942.27
1787083210|20260819040010|942.19
1787083215|20260819040015|942.26
1787083225|20260819040025|942.12
1787083240|20260819040040|942.01
1787083245|20260819040045|941.94
1787083275|20260819040115|941.81
1787083280|20260819040120|941.90
1787083285|20260819040125|941.86
1787083295|20260819040135|941.92
1787083300|20260819040140|941.90
1787083310|20260819040150|942.03
1787083330|20260819040210|942.35
1787083335|20260819040215|942.19
1787083340|20260819040220|942.23
1787083355|20260819040235|942.23
1787083360|20260819040240|942.20
1787083365|20260819040245|942.18
1787083370|20260819040250|942.22
1787083375|20260819040255|942.44
1787083385|20260819040305|942.34
1787083390|20260819040310|942.33
1787083400|20260819040320|942.20
1787083415|20260819040335|942.17
1787083420|20260819040340|942.19
1787083425|20260819040345|942.20
1787083435|20260819040355|941.91
1787083445|20260819040405|941.77
1787083450|20260819040410|941.83
1787083455|20260819040415|941.86
1787083460|20260819040420|941.82
1787083465|20260819040425|941.78
1787083480|20260819040440|941.89
1787083500|20260819040500|941.92
1787083505|20260819040505|942.01
1787083510|20260819040510|942.01
1787083515|20260819040515|941.97
1787083520|20260819040520|941.95
1787083525|20260819040525|941.98
1787083535|20260819040535|941.94
1787083540|20260819040540|941.90
1787083545|20260819040545|941.90
1787083550|20260819040550|941.90
1787083555|20260819040555|941.93
1787083560|20260819040600|941.91
1787083565|20260819040605|941.91
1787083570|20260819040610|941.87
1787083575|20260819040615|941.88
1787083580|20260819040620|941.87
1787083585|20260819040625|941.92
1787083600|20260819040640|942.01
1787083605|20260819040645|941.94
1787083610|20260819040650|941.94
1787083615|20260819040655|941.90
1787083625|20260819040705|941.96
1787083630|20260819040710|941.97
1787083635|20260819040715|941.96
1787083640|20260819040720|941.97
1787083645|20260819040725|941.95
1787083655|20260819040735|941.81
1787083660|20260819040740|941.86
1787083665|20260819040745|941.81
1787083670|20260819040750|941.82
1787083675|20260819040755|941.74
1787083680|20260819040800|941.74
1787083685|20260819040805|941.72
1787083695|20260819040815|941.66
1787083700|20260819040820|941.64
1787083705|20260819040825|941.66
1787083715|20260819040835|941.68
1787083720|20260819040840|941.72
1787083725|20260819040845|941.79
1787083730|20260819040850|941.76
1787083735|20260819040855|941.72
1787083745|20260819040905|941.67
1787083750|20260819040910|941.66
1787083755|20260819040915|941.70
1787083760|20260819040920|941.67
1787083765|20260819040925|941.73
1787083805|20260819041005|941.74
1787083815|20260819041015|941.81
1787083820|20260819041020|941.75
1787083825|20260819041025|941.75
1787083835|20260819041035|941.73
1787083845|20260819041045|941.84
1787083870|20260819041110|941.57
1787083875|20260819041115|941.58
1787083880|20260819041120|941.55
1787083885|20260819041125|941.57
1787083895|20260819041135|941.54
1787083900|20260819041140|941.54
1787083910|20260819041150|941.63
1787083915|20260819041155|941.63
1787083925|20260819041205|941.59
1787083930|20260819041210|941.59
1787083935|20260819041215|941.57
1787083940|20260819041220|941.65
1787083945|20260819041225|941.59
1787083965|20260819041245|941.62
1787083970|20260819041250|941.61
1787083975|20260819041255|941.64
1787083985|20260819041305|941.66
1787083990|20260819041310|941.81
1787083995|20260819041315|941.81
1787084000|20260819041320|941.42
1787084005|20260819041325|941.40
1787084015|20260819041335|941.38
1787084030|20260819041350|941.32
1787084035|20260819041355|941.31
1787084055|20260819041415|941.35
1787084105|20260819041505|941.51
1787084110|20260819041510|941.60
1787084115|20260819041515|941.60
1787084125|20260819041525|941.37
1787084140|20260819041540|941.13
1787084150|20260819041550|941.10
1787084170|20260819041610|941.23
1787084175|20260819041615|941.36
1787084185|20260819041625|941.29
1787084195|20260819041635|941.38
1787084200|20260819041640|941.34
1787084205|20260819041645|941.35
1787084210|20260819041650|941.39
1787084215|20260819041655|941.41
1787084230|20260819041710|941.45
1787084235|20260819041715|941.45
1787084240|20260819041720|941.41
1787084245|20260819041725|941.40
1787084255|20260819041735|941.43
1787084260|20260819041740|941.43
1787084265|20260819041745|941.49
1787084270|20260819041750|941.49
1787084275|20260819041755|941.52
1787084300|20260819041820|941.43
1787084315|20260819041835|941.38
1787084325|20260819041845|941.44
1787084330|20260819041850|941.49
1787084335|20260819041855|941.47
1787084345|20260819041905|941.46
1787084355|20260819041915|941.53
1787084360|20260819041920|941.52
1787084400|20260819042000|941.47
1787084405|20260819042005|941.47
1787084410|20260819042010|941.39
1787084420|20260819042020|941.30
1787084425|20260819042025|941.36
1787084435|20260819042035|941.11
1787084440|20260819042040|941.11
1787084445|20260819042045|941.04
1787084450|20260819042050|940.91
1787084455|20260819042055|940.86
1787084465|20260819042105|940.80
1787084470|20260819042110|940.75
1787084475|20260819042115|940.76
1787084480|20260819042120|940.29
1787084485|20260819042125|940.23
1787084495|20260819042135|940.04
1787084500|20260819042140|940.00
1787084505|20260819042145|940.13
1787084510|20260819042150|940.06
1787084520|20260819042200|940.33
1787084525|20260819042205|940.30
1787084530|20260819042210|940.32
1787084535|20260819042215|940.23
1787084540|20260819042220|940.42
1787084545|20260819042225|940.34
1787084555|20260819042235|940.46
1787084560|20260819042240|940.51
1787084565|20260819042245|940.52
1787084570|20260819042250|940.64
1787084575|20260819042255|940.66
1787084585|20260819042305|940.69
1787084595|20260819042315|940.73
1787084600|20260819042320|940.69
1787084605|20260819042325|940.70
1787084615|20260819042335|940.76
1787084620|20260819042340|940.72
1787084630|20260819042350|940.75
1787084635|20260819042355|940.70
1787084645|20260819042405|940.64
1787084650|20260819042410|940.74
1787084655|20260819042415|940.78
1787084660|20260819042420|940.71
1787084665|20260819042425|940.70
1787084710|20260819042510|940.64
1787084715|20260819042515|940.62
1787084720|20260819042520|940.62
1787084725|20260819042525|940.61
1787084735|20260819042535|940.58
1787084740|20260819042540|940.49
1787084745|20260819042545|940.57
1787084750|20260819042550|940.56
1787084755|20260819042555|940.55
1787084765|20260819042605|940.53
1787084770|20260819042610|940.58
1787084775|20260819042615|940.62
1787084785|20260819042625|940.59
1787084795|20260819042635|940.53
1787084800|20260819042640|940.57
1787084805|20260819042645|940.57
1787084810|20260819042650|940.58
1787084815|20260819042655|940.47
1787084825|20260819042705|940.47
1787084835|20260819042715|940.37
1787084840|20260819042720|940.37
1787084845|20260819042725|940.37
1787084860|20260819042740|940.37
1787084865|20260819042745|940.38
1787084870|20260819042750|940.48
1787084875|20260819042755|940.48
1787084880|20260819042800|940.52
1787084885|20260819042805|940.50
1787084890|20260819042810|940.50
1787084895|20260819042815|940.48
1787084905|20260819042825|940.45
1787084920|20260819042840|940.52
1787084925|20260819042845|940.57
1787084935|20260819042855|940.54
1787084945|20260819042905|940.64
1787084950|20260819042910|940.67
1787084955|20260819042915|940.63
1787084960|20260819042920|940.65
1787084965|20260819042925|940.55
1787085000|20260819043000|940.61
1787085005|20260819043005|940.64
1787085020|20260819043020|940.47
1787085025|20260819043025|940.40
1787085035|20260819043035|940.36
1787085040|20260819043040|940.43
1787085045|20260819043045|940.39
1787085050|20260819043050|940.38
1787085055|20260819043055|940.36
1787085065|20260819043105|940.46
1787085070|20260819043110|940.34
1787085075|20260819043115|940.34
1787085085|20260819043125|940.36
1787085100|20260819043140|940.38
1787085105|20260819043145|940.43
1787085125|20260819043205|940.39
1787085130|20260819043210|940.40
1787085135|20260819043215|940.42
1787085140|20260819043220|940.49
1787085145|20260819043225|940.52
1787085155|20260819043235|940.72
1787085160|20260819043240|940.73
1787085165|20260819043245|940.80
1787085170|20260819043250|940.76
1787085175|20260819043255|940.79
1787085185|20260819043305|940.80
1787085190|20260819043310|940.85
1787085205|20260819043325|940.83
1787085215|20260819043335|940.84
1787085220|20260819043340|940.83
1787085225|20260819043345|940.84
1787085230|20260819043350|940.85
1787085235|20260819043355|940.87
1787085245|20260819043405|940.86
1787085250|20260819043410|940.84
1787085255|20260819043415|940.83
1787085260|20260819043420|940.86
1787085265|20260819043425|940.84
1787085300|20260819043500|940.91
1787085305|20260819043505|940.91
1787085310|20260819043510|940.95
1787085315|20260819043515|940.96
1787085320|20260819043520|940.91
1787085335|20260819043535|940.87
1787085340|20260819043540|940.87
1787085345|20260819043545|940.90
1787085355|20260819043555|940.88
1787085360|20260819043600|940.87
1787085365|20260819043605|940.80
1787085370|20260819043610|940.81
1787085375|20260819043615|940.81
1787085380|20260819043620|940.67
1787085385|20260819043625|940.58
1787085395|20260819043635|940.63
1787085400|20260819043640|940.60
1787085415|20260819043655|940.64
1787085425|20260819043705|940.73
1787085430|20260819043710|940.79
1787085435|20260819043715|940.79
1787085440|20260819043720|940.70
1787085445|20260819043725|940.68
1787085455|20260819043735|940.66
1787085460|20260819043740|940.67
1787085470|20260819043750|940.62
1787085475|20260819043755|940.60
1787085485|20260819043805|940.53
1787085495|20260819043815|940.57
1787085500|20260819043820|940.72
1787085505|20260819043825|940.65
1787085515|20260819043835|940.72
1787085520|20260819043840|940.71
1787085530|20260819043850|940.83
1787085535|20260819043855|940.80
1787085540|20260819043900|940.73
1787085545|20260819043905|940.78
1787085550|20260819043910|940.74
1787085555|20260819043915|940.76
1787085560|20260819043920|940.73
1787085565|20260819043925|940.71
1787085600|20260819044000|940.61
1787085605|20260819044005|940.59
1787085610|20260819044010|940.58
1787085615|20260819044015|940.54
1787085620|20260819044020|940.52
1787085625|20260819044025|940.58
1787085640|20260819044040|940.74
1787085645|20260819044045|940.70
1787085650|20260819044050|940.68
1787085665|20260819044105|940.67
1787085680|20260819044120|940.66
1787085685|20260819044125|940.71
1787085695|20260819044135|940.68
1787085700|20260819044140|940.67
1787085705|20260819044145|940.69
1787085710|20260819044150|940.68
1787085715|20260819044155|940.34
1787085720|20260819044200|940.34
1787085725|20260819044205|940.38
1787085730|20260819044210|940.39
1787085735|20260819044215|940.37
1787085740|20260819044220|940.39
1787085760|20260819044240|940.08
1787085765|20260819044245|940.11
1787085770|20260819044250|940.08
1787085775|20260819044255|940.08
1787085785|20260819044305|940.23
1787085790|20260819044310|939.81
1787085795|20260819044315|939.70
1787085800|20260819044320|939.69
1787085805|20260819044325|939.70
1787085815|20260819044335|939.82
1787085830|20260819044350|939.88
1787085845|20260819044405|939.48
1787085850|20260819044410|939.40
1787085855|20260819044415|939.32
1787085860|20260819044420|939.39
1787085865|20260819044425|939.40
1787085900|20260819044500|939.37
1787085905|20260819044505|939.60
1787085910|20260819044510|939.57
1787085915|20260819044515|939.46
1787085920|20260819044520|939.42
1787085925|20260819044525|939.46
1787085935|20260819044535|939.37
1787085940|20260819044540|939.49
1787085945|20260819044545|939.50
1787085950|20260819044550|939.51
1787085955|20260819044555|939.50
1787085965|20260819044605|939.45
1787085980|20260819044620|939.36
1787085985|20260819044625|939.32
1787085995|20260819044635|939.28
1787086000|20260819044640|939.33
1787086005|20260819044645|939.22
1787086010|20260819044650|939.35
1787086015|20260819044655|939.33
1787086035|20260819044715|939.25
1787086040|20260819044720|939.23
1787086045|20260819044725|939.21
1787086055|20260819044735|939.22
1787086060|20260819044740|939.29
1787086065|20260819044745|939.26
1787086070|20260819044750|939.25
1787086075|20260819044755|939.17
1787086090|20260819044810|938.92
1787086100|20260819044820|938.89
1787086115|20260819044835|939.14
1787086120|20260819044840|939.13
1787086125|20260819044845|939.36
1787086130|20260819044850|939.38
1787086135|20260819044855|939.43
1787086140|20260819044900|939.45
1787086145|20260819044905|939.44
1787086150|20260819044910|939.45
1787086155|20260819044915|939.33
1787086160|20260819044920|939.30
1787086165|20260819044925|939.40
1787086200|20260819045000|939.50
1787086205|20260819045005|939.44
1787086210|20260819045010|939.39
1787086215|20260819045015|939.26
1787086220|20260819045020|939.41
1787086235|20260819045035|939.28
1787086240|20260819045040|939.26
1787086245|20260819045045|939.29
1787086250|20260819045050|939.29
1787086265|20260819045105|939.30
1787086270|20260819045110|939.37
1787086275|20260819045115|939.01
1787086285|20260819045125|938.94
1787086295|20260819045135|939.15
1787086300|20260819045140|939.16
1787086305|20260819045145|939.13
1787086315|20260819045155|939.08
1787086325|20260819045205|939.10
1787086330|20260819045210|939.12
1787086335|20260819045215|939.13
1787086340|20260819045220|939.05
1787086345|20260819045225|939.11
1787086365|20260819045245|939.32
1787086370|20260819045250|939.37
1787086390|20260819045310|939.45
1787086395|20260819045315|939.57
1787086400|20260819045320|939.55
1787086405|20260819045325|939.56
1787086420|20260819045340|939.40
1787086430|20260819045350|939.49
1787086445|20260819045405|939.55
1787086450|20260819045410|939.66
1787086455|20260819045415|939.60
1787086460|20260819045420|939.71
1787086505|20260819045505|939.89
1787086510|20260819045510|939.68
1787086515|20260819045515|939.87
1787086520|20260819045520|939.85
1787086535|20260819045535|939.86
1787086545|20260819045545|939.90
1787086550|20260819045550|939.87
1787086565|20260819045605|939.81
1787086575|20260819045615|939.76
1787086580|20260819045620|939.75
1787086585|20260819045625|939.61
1787086595|20260819045635|939.45
1787086600|20260819045640|939.46
1787086605|20260819045645|939.59
1787086610|20260819045650|939.60
1787086615|20260819045655|939.62
1787086625|20260819045705|939.68
1787086630|20260819045710|939.74
1787086635|20260819045715|939.73
1787086640|20260819045720|939.87
1787086645|20260819045725|939.80
1787086655|20260819045735|939.85
1787086660|20260819045740|939.87
1787086670|20260819045750|940.00
1787086675|20260819045755|940.04
1787086685|20260819045805|940.02
1787086690|20260819045810|940.05
1787086695|20260819045815|940.07
1787086700|20260819045820|940.03
1787086705|20260819045825|940.04
1787086715|20260819045835|939.93
1787086720|20260819045840|940.04
1787086735|20260819045855|939.90
1787086745|20260819045905|939.81
1787086750|20260819045910|939.82
1787086755|20260819045915|939.87
1787086765|20260819045925|939.73
1787090420|20260819060020|940.34
1787090425|20260819060025|940.42
1787090440|20260819060040|940.50
1787090445|20260819060045|940.50
1787090455|20260819060055|940.54
1787090465|20260819060105|940.56
1787090470|20260819060110|940.42
1787090475|20260819060115|940.51
1787090480|20260819060120|940.63
1787090485|20260819060125|940.46
1787090495|20260819060135|940.29
1787090500|20260819060140|940.28
1787090505|20260819060145|940.75
1787090510|20260819060150|940.76
1787090515|20260819060155|940.29
1787090525|20260819060205|940.45
1787090530|20260819060210|940.48
1787090535|20260819060215|940.51
1787090540|20260819060220|940.50
1787090545|20260819060225|940.50
1787090555|20260819060235|940.67
1787090560|20260819060240|940.67
1787090570|20260819060250|940.65
1787090575|20260819060255|940.78
1787090585|20260819060305|940.88
1787090590|20260819060310|940.49
1787090595|20260819060315|940.49
1787090600|20260819060320|940.48
1787090615|20260819060335|940.70
1787090620|20260819060340|940.73
1787090625|20260819060345|940.76
1787090630|20260819060350|940.80
1787090635|20260819060355|941.09
1787090645|20260819060405|941.01
1787090650|20260819060410|941.02
1787090655|20260819060415|940.97
1787090660|20260819060420|940.99
1787090665|20260819060425|940.99
1787090700|20260819060500|941.24
1787090705|20260819060505|941.28
1787090710|20260819060510|941.34
1787090715|20260819060515|941.50
1787090725|20260819060525|941.37
1787090740|20260819060540|941.65
1787090745|20260819060545|941.60
1787090750|20260819060550|941.73
1787090755|20260819060555|941.75
1787090760|20260819060600|941.28
1787090770|20260819060610|941.64
1787090775|20260819060615|941.65
1787090780|20260819060620|941.59
1787090795|20260819060635|941.63
1787090800|20260819060640|941.58
1787090805|20260819060645|941.60
1787090810|20260819060650|941.60
1787090815|20260819060655|941.39
1787090830|20260819060710|941.54
1787090835|20260819060715|941.57
1787090840|20260819060720|941.57
1787090845|20260819060725|941.57
1787090855|20260819060735|941.58
1787090860|20260819060740|941.61
1787090865|20260819060745|941.59
1787090870|20260819060750|941.59
1787090875|20260819060755|941.59
1787090880|20260819060800|941.61
1787090885|20260819060805|941.46
1787090890|20260819060810|941.51
1787090895|20260819060815|941.48
1787090900|20260819060820|941.50
1787090905|20260819060825|941.49
1787090920|20260819060840|941.63
1787090925|20260819060845|941.71
1787090930|20260819060850|941.69
1787090935|20260819060855|941.63
1787090940|20260819060900|941.72
1787090945|20260819060905|941.77
1787090950|20260819060910|941.68
1787090955|20260819060915|941.65
1787090960|20260819060920|941.69
1787091005|20260819061005|941.69
1787091010|20260819061010|941.60
1787091015|20260819061015|941.64
1787091020|20260819061020|941.61
1787091025|20260819061025|941.68
1787091035|20260819061035|941.80
1787091040|20260819061040|941.78
1787091045|20260819061045|941.74
1787091050|20260819061050|941.74
1787091055|20260819061055|941.73
1787091060|20260819061100|941.70
1787091070|20260819061110|941.65
1787091075|20260819061115|941.83
1787091080|20260819061120|941.79
1787091095|20260819061135|941.69
1787091100|20260819061140|941.83
1787091105|20260819061145|941.85
1787091110|20260819061150|941.82
1787091115|20260819061155|941.81
1787091125|20260819061205|941.70
1787091130|20260819061210|941.72
1787091135|20260819061215|941.64
1787091140|20260819061220|941.59
1787091145|20260819061225|941.66
1787091160|20260819061240|941.82
1787091165|20260819061245|941.77
1787091170|20260819061250|941.73
1787091175|20260819061255|941.70
1787091185|20260819061305|941.73
1787091190|20260819061310|941.71
1787091195|20260819061315|941.64
1787091200|20260819061320|941.64
1787091205|20260819061325|941.60
1787091215|20260819061335|941.60
1787091220|20260819061340|941.65
1787091235|20260819061355|941.65
1787091245|20260819061405|941.55
1787091250|20260819061410|941.59
1787091255|20260819061415|941.63
1787091265|20260819061425|941.63
1787091305|20260819061505|941.03
1787091310|20260819061510|941.48
1787091315|20260819061515|941.44
1787091320|20260819061520|941.41
1787091335|20260819061535|941.48
1787091340|20260819061540|941.42
1787091345|20260819061545|941.33
1787091350|20260819061550|941.36
1787091355|20260819061555|941.44
1787091365|20260819061605|941.53
1787091370|20260819061610|941.40
1787091375|20260819061615|941.35
1787091380|20260819061620|941.41
1787091385|20260819061625|941.25
1787091395|20260819061635|941.30
1787091400|20260819061640|941.19
1787091405|20260819061645|941.36
1787091410|20260819061650|941.16
1787091415|20260819061655|941.15
1787091420|20260819061700|941.15
1787091425|20260819061705|941.13
1787091430|20260819061710|941.15
1787091435|20260819061715|941.18
1787091440|20260819061720|941.26
1787091455|20260819061735|941.15
1787091460|20260819061740|941.17
1787091465|20260819061745|941.19
1787091470|20260819061750|941.14
1787091475|20260819061755|941.10
1787091480|20260819061800|941.05
1787091485|20260819061805|941.22
1787091490|20260819061810|941.24
1787091500|20260819061820|941.06
1787091505|20260819061825|940.99
1787091515|20260819061835|940.91
1787091520|20260819061840|941.04
1787091525|20260819061845|941.07
1787091535|20260819061855|941.14
1787091540|20260819061900|941.11
1787091545|20260819061905|941.11
1787091555|20260819061915|941.22
1787091560|20260819061920|941.26
1787091565|20260819061925|941.24
1787091600|20260819062000|940.90
1787091605|20260819062005|940.83
1787091610|20260819062010|941.01
1787091615|20260819062015|941.01
1787091625|20260819062025|940.77
1787091635|20260819062035|940.75
1787091645|20260819062045|940.93
1787091665|20260819062105|940.94
1787091670|20260819062110|940.86
1787091675|20260819062115|940.58
1787091680|20260819062120|940.50
1787091685|20260819062125|940.21
1787091695|20260819062135|940.22
1787091700|20260819062140|940.31
1787091710|20260819062150|939.88
1787091725|20260819062205|939.89
1787091730|20260819062210|939.88
1787091735|20260819062215|939.91
1787091745|20260819062225|939.91
1787091755|20260819062235|939.85
1787091760|20260819062240|939.91
1787091765|20260819062245|939.83
1787091770|20260819062250|939.82
1787091775|20260819062255|939.79
1787091785|20260819062305|939.89
1787091790|20260819062310|939.99
1787091795|20260819062315|939.92
1787091800|20260819062320|939.83
1787091815|20260819062335|939.92
1787091820|20260819062340|939.82
1787091825|20260819062345|939.88
1787091835|20260819062355|939.86
1787091845|20260819062405|940.04
1787091850|20260819062410|940.09
1787091855|20260819062415|940.14
1787091860|20260819062420|940.17
1787091865|20260819062425|940.08
1787091880|20260819062440|940.15
1787091900|20260819062500|940.02
1787091915|20260819062515|939.99
1787091920|20260819062520|940.04
1787091925|20260819062525|940.21
1787091935|20260819062535|940.37
1787091940|20260819062540|940.41
1787091945|20260819062545|940.41
1787091950|20260819062550|940.46
1787091955|20260819062555|940.51
1787091965|20260819062605|940.53
1787091975|20260819062615|940.55
1787091980|20260819062620|940.74
1787091995|20260819062635|940.16
1787092000|20260819062640|940.06
1787092005|20260819062645|940.06
1787092010|20260819062650|939.96
1787092015|20260819062655|940.17
1787092025|20260819062705|940.05
1787092030|20260819062710|939.96
1787092035|20260819062715|939.87
1787092040|20260819062720|939.91
1787092055|20260819062735|940.21
1787092060|20260819062740|940.13
1787092075|20260819062755|939.89
1787092085|20260819062805|939.96
1787092090|20260819062810|939.97
1787092095|20260819062815|940.15
1787092100|20260819062820|940.11
1787092105|20260819062825|940.09
1787092115|20260819062835|940.02
1787092120|20260819062840|940.06
1787092125|20260819062845|940.03
1787092130|20260819062850|940.17
1787092135|20260819062855|940.14
1787092145|20260819062905|940.21
1787092150|20260819062910|940.28
1787092165|20260819062925|940.17
1787092200|20260819063000|940.24
1787092205|20260819063005|940.26
1787092210|20260819063010|940.13
1787092215|20260819063015|940.09
1787092220|20260819063020|940.11
1787092225|20260819063025|940.13
1787092235|20260819063035|940.24
1787092240|20260819063040|940.19
1787092245|20260819063045|940.21
1787092250|20260819063050|940.29
1787092255|20260819063055|940.24
1787092265|20260819063105|940.15
1787092270|20260819063110|940.09
1787092280|20260819063120|940.01
1787092285|20260819063125|940.11
1787092295|20260819063135|940.10
1787092300|20260819063140|940.10
1787092305|20260819063145|940.10
1787092310|20260819063150|940.44
1787092315|20260819063155|940.20
1787092320|20260819063200|940.23
1787092325|20260819063205|940.14
1787092335|20260819063215|940.11
1787092340|20260819063220|940.11
1787092345|20260819063225|940.08
1787092355|20260819063235|940.08
1787092360|20260819063240|940.10
1787092370|20260819063250|940.12
1787092375|20260819063255|940.09
1787092385|20260819063305|940.11
1787092390|20260819063310|940.09
1787092395|20260819063315|940.12
1787092400|20260819063320|940.13
1787092405|20260819063325|940.15
1787092415|20260819063335|940.13
1787092420|20260819063340|940.10
1787092425|20260819063345|940.09
1787092430|20260819063350|940.02
1787092435|20260819063355|940.01
1787092445|20260819063405|940.23
1787092450|20260819063410|940.17
1787092455|20260819063415|940.10
1787092460|20260819063420|940.11
1787092465|20260819063425|940.14
1787092500|20260819063500|940.13
1787092510|20260819063510|940.17
1787092515|20260819063515|940.18
1787092520|20260819063520|940.20
1787092535|20260819063535|940.28
1787092540|20260819063540|940.20
1787092545|20260819063545|940.21
1787092550|20260819063550|940.24
1787092555|20260819063555|940.24
1787092565|20260819063605|940.17
1787092570|20260819063610|940.15
1787092575|20260819063615|940.21
1787092580|20260819063620|940.20
1787092585|20260819063625|940.19
1787092595|20260819063635|940.09
1787092600|20260819063640|940.06
1787092605|20260819063645|940.07
1787092630|20260819063710|939.91
1787092635|20260819063715|940.25
1787092640|20260819063720|940.20
1787092645|20260819063725|940.23
1787092660|20260819063740|939.79
1787092665|20260819063745|939.80
1787092675|20260819063755|939.82
1787092685|20260819063805|939.81
1787092690|20260819063810|940.20
1787092695|20260819063815|939.85
1787092700|20260819063820|939.84
1787092705|20260819063825|939.83
1787092715|20260819063835|939.90
1787092720|20260819063840|939.94
1787092725|20260819063845|939.95
1787092735|20260819063855|939.98
1787092745|20260819063905|939.90
1787092755|20260819063915|939.87
1787092760|20260819063920|939.87
1787092765|20260819063925|939.89
1787092800|20260819064000|939.72
1787092810|20260819064010|939.73
1787092815|20260819064015|939.79
1787092820|20260819064020|939.76
1787092825|20260819064025|940.14
1787092835|20260819064035|940.03
1787092840|20260819064040|940.03
1787092850|20260819064050|939.94
1787092855|20260819064055|939.68
1787092865|20260819064105|939.52
1787092870|20260819064110|939.75
1787092875|20260819064115|939.65
1787092880|20260819064120|939.73
1787092885|20260819064125|939.72
1787092895|20260819064135|939.77
1787092900|20260819064140|939.79
1787092905|20260819064145|939.77
1787092915|20260819064155|939.68
1787092925|20260819064205|939.82
1787092935|20260819064215|939.72
1787092940|20260819064220|939.72
1787092945|20260819064225|939.66
1787092955|20260819064235|939.66
1787092960|20260819064240|939.64
1787092965|20260819064245|939.62
1787092970|20260819064250|939.60
1787092975|20260819064255|939.60
1787092985|20260819064305|939.62
1787092990|20260819064310|939.64
1787093000|20260819064320|939.79
1787093005|20260819064325|939.71
1787093015|20260819064335|939.81
1787093020|20260819064340|939.81
1787093025|20260819064345|939.77
1787093030|20260819064350|939.71
1787093035|20260819064355|939.71
1787093040|20260819064400|939.68
1787093045|20260819064405|939.64
1787093050|20260819064410|939.65
1787093060|20260819064420|939.67
1787093105|20260819064505|939.72
1787093115|20260819064515|939.64
1787093120|20260819064520|939.69
1787093145|20260819064545|939.80
1787093155|20260819064555|939.66
1787093165|20260819064605|939.71
1787093170|20260819064610|939.65
1787093175|20260819064615|939.64
1787093185|20260819064625|939.61
1787093195|20260819064635|939.70
1787093200|20260819064640|939.75
1787093205|20260819064645|939.85
1787093210|20260819064650|939.81
1787093215|20260819064655|939.84
1787093225|20260819064705|939.82
1787093230|20260819064710|939.93
1787093235|20260819064715|939.91
1787093240|20260819064720|939.83
1787093245|20260819064725|939.84
1787093255|20260819064735|939.79
1787093260|20260819064740|939.74
1787093265|20260819064745|939.72
1787093285|20260819064805|939.75
1787093290|20260819064810|939.75
1787093295|20260819064815|939.76
1787093300|20260819064820|939.75
1787093305|20260819064825|939.76
1787093320|20260819064840|939.75
1787093325|20260819064845|939.75
1787093335|20260819064855|939.67
1787093345|20260819064905|939.70
1787093350|20260819064910|939.76
1787093355|20260819064915|939.76
1787093360|20260819064920|939.77
1787093365|20260819064925|939.80
1787093385|20260819064945|939.79
1787093400|20260819065000|939.93
1787093405|20260819065005|939.90
1787093410|20260819065010|939.90
1787093415|20260819065015|939.89
1787093420|20260819065020|939.90
1787093425|20260819065025|939.89
1787093435|20260819065035|939.92
1787093440|20260819065040|939.92
1787093445|20260819065045|939.90
1787093450|20260819065050|939.86
1787093455|20260819065055|939.89
1787093465|20260819065105|939.81
1787093470|20260819065110|939.83
1787093475|20260819065115|939.85
1787093480|20260819065120|939.81
1787093485|20260819065125|939.79
1787093495|20260819065135|939.88
1787093500|20260819065140|939.85
1787093505|20260819065145|939.83
1787093510|20260819065150|939.84
1787093515|20260819065155|939.81
1787093520|20260819065200|939.80
1787093525|20260819065205|939.76
1787093530|20260819065210|939.72
1787093535|20260819065215|939.80
1787093540|20260819065220|939.82
1787093545|20260819065225|939.85
1787093555|20260819065235|939.93
1787093560|20260819065240|939.93
1787093565|20260819065245|939.89
1787093570|20260819065250|939.85
1787093575|20260819065255|939.81
1787093585|20260819065305|939.80
1787093590|20260819065310|939.85
1787093595|20260819065315|939.86
1787093600|20260819065320|939.92
1787093605|20260819065325|939.94
1787093615|20260819065335|939.83
1787093620|20260819065340|939.79
1787093625|20260819065345|939.80
1787093635|20260819065355|939.96
1787093645|20260819065405|939.97
1787093650|20260819065410|940.03
1787093655|20260819065415|940.07
1787093660|20260819065420|940.06
1787093665|20260819065425|940.07
1787093700|20260819065500|939.97
1787093705|20260819065505|939.96
1787093710|20260819065510|939.96
1787093715|20260819065515|939.96
1787093725|20260819065525|939.89
1787093735|20260819065535|939.89
1787093740|20260819065540|939.89
1787093745|20260819065545|939.88
1787093765|20260819065605|939.83
1787093770|20260819065610|939.83
1787093775|20260819065615|939.90
1787093780|20260819065620|939.93
1787093785|20260819065625|939.98
1787093795|20260819065635|939.97
1787093800|20260819065640|939.87
1787093815|20260819065655|939.89
1787093825|20260819065705|939.77
1787093830|20260819065710|939.83
1787093835|20260819065715|939.84
1787093840|20260819065720|939.86
1787093845|20260819065725|939.85
1787093860|20260819065740|939.85
1787093865|20260819065745|939.77
1787093875|20260819065755|939.69
1787093885|20260819065805|939.65
1787093895|20260819065815|939.65
1787093905|20260819065825|939.64
1787093915|20260819065835|939.69
1787093925|20260819065845|939.65
1787093930|20260819065850|939.67
1787093935|20260819065855|939.67
1787093945|20260819065905|939.64
1787093950|20260819065910|939.64
1787093960|20260819065920|939.63
1787093965|20260819065925|939.74
1787094005|20260819070005|939.66
1787094010|20260819070010|939.68
1787094015|20260819070015|939.57
1787094020|20260819070020|939.57
1787094025|20260819070025|939.53
1787094035|20260819070035|939.58
1787094040|20260819070040|939.59
1787094045|20260819070045|939.62
1787094050|20260819070050|939.82
1787094055|20260819070055|939.85
1787094065|20260819070105|939.89
1787094070|20260819070110|939.89
1787094080|20260819070120|939.91
1787094085|20260819070125|940.03
1787094095|20260819070135|940.01
1787094100|20260819070140|940.19
1787094105|20260819070145|940.20
1787094110|20260819070150|940.10
1787094115|20260819070155|940.17
1787094125|20260819070205|940.12
1787094130|20260819070210|939.93
1787094140|20260819070220|940.06
1787094145|20260819070225|940.04
1787094155|20260819070235|940.08
1787094160|20260819070240|940.07
1787094165|20260819070245|940.11
1787094170|20260819070250|940.17
1787094175|20260819070255|940.21
1787094185|20260819070305|940.18
1787094190|20260819070310|940.18
1787094195|20260819070315|940.16
1787094200|20260819070320|940.18
1787094205|20260819070325|940.16
1787094215|20260819070335|940.20
1787094230|20260819070350|940.21
1787094250|20260819070410|940.23
1787094255|20260819070415|940.19
1787094260|20260819070420|940.09
1787094305|20260819070505|940.18
1787094310|20260819070510|940.19
1787094315|20260819070515|940.18
1787094320|20260819070520|940.23
1787094335|20260819070535|940.25
1787094340|20260819070540|940.20
1787094345|20260819070545|940.27
1787094350|20260819070550|940.37
1787094355|20260819070555|940.34
1787094360|20260819070600|940.49
1787094365|20260819070605|940.45
1787094370|20260819070610|940.49
1787094375|20260819070615|940.43
1787094380|20260819070620|940.57
1787094385|20260819070625|940.44
1787094395|20260819070635|940.46
1787094400|20260819070640|940.54
1787094405|20260819070645|940.53
1787094410|20260819070650|940.54
1787094415|20260819070655|940.53
1787094430|20260819070710|940.67
1787094435|20260819070715|940.67
1787094440|20260819070720|940.66
1787094445|20260819070725|940.65
1787094455|20260819070735|940.55
1787094460|20260819070740|940.63
1787094465|20260819070745|940.66
1787094470|20260819070750|940.64
1787094475|20260819070755|940.60
1787094480|20260819070800|940.57
1787094485|20260819070805|940.44
1787094490|20260819070810|940.35
1787094495|20260819070815|940.25
1787094500|20260819070820|940.09
1787094505|20260819070825|940.33
1787094515|20260819070835|940.27
1787094520|20260819070840|940.22
1787094525|20260819070845|940.21
1787094530|20260819070850|940.10
1787094535|20260819070855|940.10
1787094540|20260819070900|940.05
1787094545|20260819070905|940.03
1787094550|20260819070910|939.92
1787094555|20260819070915|939.91
1787094560|20260819070920|939.89
1787094565|20260819070925|939.90
1787094600|20260819071000|940.04
1787094605|20260819071005|940.02
1787094610|20260819071010|940.03
1787094615|20260819071015|939.94
1787094620|20260819071020|939.95
1787094625|20260819071025|939.95
1787094635|20260819071035|939.95
1787094640|20260819071040|940.00
1787094645|20260819071045|940.03
1787094650|20260819071050|939.95
1787094655|20260819071055|939.98
1787094665|20260819071105|939.95
1787094670|20260819071110|939.90
1787094680|20260819071120|939.82
1787094685|20260819071125|939.80
1787094695|20260819071135|939.66
1787094700|20260819071140|939.71
1787094705|20260819071145|939.82
1787094710|20260819071150|939.81
1787094715|20260819071155|939.85
1787094725|20260819071205|939.68
1787094730|20260819071210|939.62
1787094735|20260819071215|939.63
1787094740|20260819071220|939.70
1787094755|20260819071235|939.70
1787094760|20260819071240|939.70
1787094765|20260819071245|939.72
1787094770|20260819071250|939.75
1787094775|20260819071255|939.77
1787094780|20260819071300|939.82
1787094785|20260819071305|939.89
1787094790|20260819071310|939.85
1787094795|20260819071315|939.72
1787094800|20260819071320|939.57
1787094805|20260819071325|939.59
1787094815|20260819071335|939.66
1787094820|20260819071340|939.70
1787094825|20260819071345|939.70
1787094830|20260819071350|939.76
1787094835|20260819071355|939.74
1787094845|20260819071405|939.72
1787094850|20260819071410|939.81
1787094855|20260819071415|939.59
1787094860|20260819071420|939.50
1787094900|20260819071500|939.78
1787094905|20260819071505|939.65
1787094910|20260819071510|939.62
1787094915|20260819071515|939.56
1787094920|20260819071520|939.52
1787094925|20260819071525|939.55
1787094940|20260819071540|939.54
1787094945|20260819071545|939.59
1787094950|20260819071550|939.60
1787094955|20260819071555|939.60
1787094965|20260819071605|939.57
1787094970|20260819071610|939.47
1787094975|20260819071615|939.48
1787094980|20260819071620|939.48
1787094985|20260819071625|939.51
1787094995|20260819071635|939.53
1787095000|20260819071640|939.55
1787095005|20260819071645|939.66
1787095010|20260819071650|939.67
1787095015|20260819071655|939.62
1787095020|20260819071700|939.51
1787095030|20260819071710|939.65
1787095035|20260819071715|939.78
1787095040|20260819071720|939.87
1787095045|20260819071725|939.96
1787095055|20260819071735|939.94
1787095060|20260819071740|939.91
1787095065|20260819071745|939.96
1787095070|20260819071750|939.73
1787095075|20260819071755|939.67
1787095085|20260819071805|939.73
1787095090|20260819071810|939.61
1787095095|20260819071815|939.64
1787095100|20260819071820|939.64
1787095105|20260819071825|939.64
1787095115|20260819071835|939.64
1787095120|20260819071840|939.66
1787095125|20260819071845|939.68
1787095130|20260819071850|939.63
1787095135|20260819071855|939.65
1787095145|20260819071905|939.62
1787095150|20260819071910|939.71
1787095155|20260819071915|939.71
1787095160|20260819071920|939.67
1787095165|20260819071925|939.57
1787095200|20260819072000|939.40
1787095205|20260819072005|939.51
1787095210|20260819072010|939.52
1787095215|20260819072015|939.57
1787095220|20260819072020|939.59
1787095225|20260819072025|939.58
1787095235|20260819072035|939.59
1787095240|20260819072040|939.64
1787095245|20260819072045|939.65
1787095250|20260819072050|939.66
1787095260|20260819072100|939.62
1787095265|20260819072105|939.62
1787095270|20260819072110|939.63
1787095275|20260819072115|939.65
1787095280|20260819072120|939.81
1787095285|20260819072125|939.82
1787095295|20260819072135|939.80
1787095300|20260819072140|939.76
1787095310|20260819072150|939.77
1787095315|20260819072155|939.72
1787095320|20260819072200|939.70
1787095330|20260819072210|940.18
1787095335|20260819072215|940.37
1787095340|20260819072220|940.39
1787095345|20260819072225|940.43
1787095355|20260819072235|939.92
1787095360|20260819072240|939.99
1787095370|20260819072250|939.99
1787095375|20260819072255|940.03
1787095380|20260819072300|939.94
1787095385|20260819072305|939.84
1787095390|20260819072310|939.67
1787095395|20260819072315|939.61
1787095400|20260819072320|939.60
1787095405|20260819072325|939.70
1787095415|20260819072335|939.49
1787095420|20260819072340|939.45
1787095425|20260819072345|939.48
1787095430|20260819072350|939.49
1787095435|20260819072355|939.55
1787095445|20260819072405|939.66
1787095450|20260819072410|939.78
1787095455|20260819072415|939.74
1787095460|20260819072420|939.73
1787095465|20260819072425|939.53
1787095505|20260819072505|939.53
1787095510|20260819072510|939.59
1787095515|20260819072515|939.58
1787095520|20260819072520|939.62
1787095525|20260819072525|939.59
1787095535|20260819072535|939.34
1787095540|20260819072540|939.31
1787095545|20260819072545|939.41
1787095550|20260819072550|939.45
1787095555|20260819072555|939.38
1787095565|20260819072605|939.49
1787095570|20260819072610|939.44
1787095575|20260819072615|939.36
1787095580|20260819072620|939.34
1787095585|20260819072625|939.36
1787095590|20260819072630|939.43
1787095595|20260819072635|939.48
1787095600|20260819072640|939.49
1787095605|20260819072645|939.50
1787095610|20260819072650|939.47
1787095615|20260819072655|939.47
1787095625|20260819072705|939.39
1787095630|20260819072710|939.44
1787095635|20260819072715|939.43
1787095640|20260819072720|939.42
1787095645|20260819072725|939.33
1787095655|20260819072735|939.37
1787095660|20260819072740|939.41
1787095665|20260819072745|939.33
1787095670|20260819072750|939.34
1787095675|20260819072755|939.39
1787095680|20260819072800|939.44
1787095685|20260819072805|939.37
1787095690|20260819072810|939.14
1787095695|20260819072815|939.16
1787095700|20260819072820|939.15
1787095705|20260819072825|939.19
1787095715|20260819072835|939.03
1787095720|20260819072840|939.01
1787095725|20260819072845|939.11
1787095730|20260819072850|939.03
1787095740|20260819072900|939.00
1787095750|20260819072910|938.97
1787095755|20260819072915|938.98
1787095760|20260819072920|939.10
1787095765|20260819072925|938.95
1787095780|20260819072940|939.10
1787095800|20260819073000|939.05
1787095810|20260819073010|939.01
1787095815|20260819073015|938.95
1787095825|20260819073025|938.95
1787095835|20260819073035|939.01
1787095840|20260819073040|939.03
1787095845|20260819073045|938.95
1787095855|20260819073055|938.99
1787095865|20260819073105|939.04
1787095870|20260819073110|939.01
1787095875|20260819073115|939.04
1787095880|20260819073120|939.06
1787095895|20260819073135|939.20
1787095900|20260819073140|939.17
1787095910|20260819073150|939.39
1787095915|20260819073155|939.34
1787095925|20260819073205|939.36
1787095930|20260819073210|939.33
1787095935|20260819073215|939.30
1787095940|20260819073220|939.23
1787095945|20260819073225|939.23
1787095955|20260819073235|939.22
1787095960|20260819073240|939.13
1787095965|20260819073245|939.14
1787095975|20260819073255|939.09
1787095985|20260819073305|938.85
1787095990|20260819073310|938.71
1787095995|20260819073315|938.72
1787096000|20260819073320|938.65
1787096005|20260819073325|938.62
1787096015|20260819073335|938.42
1787096020|20260819073340|938.44
1787096025|20260819073345|938.42
1787096030|20260819073350|938.34
1787096035|20260819073355|938.57
1787096050|20260819073410|938.78
1787096055|20260819073415|938.74
1787096060|20260819073420|938.76
1787096065|20260819073425|938.72
1787096110|20260819073510|939.05
1787096115|20260819073515|938.93
1787096120|20260819073520|938.91
1787096135|20260819073535|938.91
1787096140|20260819073540|939.15
1787096145|20260819073545|939.07
1787096150|20260819073550|939.22
1787096155|20260819073555|939.26
1787096165|20260819073605|938.96
1787096175|20260819073615|938.93
1787096180|20260819073620|938.93
1787096185|20260819073625|938.91
1787096195|20260819073635|938.84
1787096200|20260819073640|938.85
1787096205|20260819073645|938.80
1787096210|20260819073650|938.82
1787096215|20260819073655|939.02
1787096220|20260819073700|939.08
1787096225|20260819073705|939.12
1787096230|20260819073710|939.15
1787096235|20260819073715|938.96
1787096240|20260819073720|939.01
1787096245|20260819073725|938.96
1787096255|20260819073735|938.86
1787096260|20260819073740|938.95
1787096265|20260819073745|938.91
1787096270|20260819073750|938.84
1787096275|20260819073755|938.77
1787096285|20260819073805|938.84
1787096290|20260819073810|938.83
1787096295|20260819073815|938.86
1787096300|20260819073820|938.86
1787096305|20260819073825|938.80
1787096315|20260819073835|938.67
1787096320|20260819073840|938.64
1787096325|20260819073845|938.65
1787096330|20260819073850|938.71
1787096335|20260819073855|938.69
1787096345|20260819073905|938.65
1787096350|20260819073910|938.69
1787096355|20260819073915|938.38
1787096360|20260819073920|938.30
1787096365|20260819073925|938.38
1787096400|20260819074000|938.65
1787096405|20260819074005|938.66
1787096410|20260819074010|938.78
1787096415|20260819074015|938.75
1787096420|20260819074020|938.64
1787096425|20260819074025|938.58
1787096435|20260819074035|938.52
1787096440|20260819074040|938.55
1787096445|20260819074045|938.54
1787096450|20260819074050|938.60
1787096455|20260819074055|938.60
1787096465|20260819074105|938.69
1787096470|20260819074110|938.66
1787096475|20260819074115|938.68
1787096480|20260819074120|938.65
1787096485|20260819074125|938.86
1787096495|20260819074135|938.75
1787096500|20260819074140|938.74
1787096505|20260819074145|938.59
1787096515|20260819074155|938.51
1787096525|20260819074205|938.55
1787096530|20260819074210|938.63
1787096535|20260819074215|938.64
1787096540|20260819074220|938.63
1787096545|20260819074225|938.67
1787096555|20260819074235|938.55
1787096560|20260819074240|938.60
1787096565|20260819074245|938.61
1787096575|20260819074255|938.61
1787096585|20260819074305|938.59
1787096590|20260819074310|938.64
1787096595|20260819074315|938.61
1787096600|20260819074320|938.61
1787096605|20260819074325|938.62
1787096615|20260819074335|938.71
1787096620|20260819074340|938.69
1787096625|20260819074345|938.83
1787096630|20260819074350|938.73
1787096635|20260819074355|938.65
1787096650|20260819074410|938.74
1787096655|20260819074415|938.73
1787096660|20260819074420|938.72
1787096665|20260819074425|938.88
1787096670|20260819074430|938.93
1787096685|20260819074445|938.90
1787096700|20260819074500|938.85
1787096705|20260819074505|938.91
1787096710|20260819074510|938.83
1787096715|20260819074515|938.87
1787096720|20260819074520|938.95
1787096740|20260819074540|939.01
1787096745|20260819074545|938.99
1787096750|20260819074550|939.15
1787096755|20260819074555|939.20
1787096765|20260819074605|939.28
1787096775|20260819074615|939.30
1787096780|20260819074620|939.33
1787096785|20260819074625|939.17
1787096795|20260819074635|939.18
1787096800|20260819074640|939.16
1787096805|20260819074645|939.18
1787096815|20260819074655|939.16
1787096820|20260819074700|939.14
1787096825|20260819074705|939.13
1787096830|20260819074710|939.11
1787096840|20260819074720|938.89
1787096845|20260819074725|938.96
1787096850|20260819074730|938.88
1787096855|20260819074735|938.92
1787096860|20260819074740|938.92
1787096865|20260819074745|938.89
1787096870|20260819074750|938.95
1787096875|20260819074755|938.97
1787096885|20260819074805|938.96
1787096890|20260819074810|939.04
1787096895|20260819074815|939.04
1787096900|20260819074820|939.00
1787096905|20260819074825|939.07
1787096920|20260819074840|939.00
1787096930|20260819074850|939.16
1787096935|20260819074855|939.17
1787096945|20260819074905|939.17
1787096950|20260819074910|939.19
1787096955|20260819074915|939.06
1787096960|20260819074920|939.07
1787096965|20260819074925|939.06
1787096980|20260819074940|938.90
1787096985|20260819074945|938.91
1787096990|20260819074950|938.94
1787097000|20260819075000|939.11
1787097005|20260819075005|939.12
1787097010|20260819075010|939.09
1787097015|20260819075015|939.15
1787097020|20260819075020|939.09
1787097025|20260819075025|939.10
1787097035|20260819075035|939.00
1787097040|20260819075040|938.96
1787097050|20260819075050|938.99
1787097055|20260819075055|938.98
1787097065|20260819075105|938.98
1787097070|20260819075110|938.92
1787097075|20260819075115|938.96
1787097080|20260819075120|938.97
1787097095|20260819075135|939.05
1787097105|20260819075145|939.07
1787097110|20260819075150|939.16
1787097115|20260819075155|939.15
1787097120|20260819075200|939.14
1787097145|20260819075225|939.16
1787097155|20260819075235|939.24
1787097160|20260819075240|939.32
1787097175|20260819075255|939.67
1787097185|20260819075305|939.69
1787097195|20260819075315|939.71
1787097205|20260819075325|939.64
1787097215|20260819075335|939.33
1787097220|20260819075340|939.48
1787097225|20260819075345|939.57
1787097230|20260819075350|939.57
1787097235|20260819075355|939.70
1787097245|20260819075405|939.65
1787097250|20260819075410|939.68
1787097255|20260819075415|939.72
1787097260|20260819075420|939.72
1787097280|20260819075440|939.72
1787097300|20260819075500|939.79
1787097310|20260819075510|939.68
1787097320|20260819075520|939.70
1787097325|20260819075525|939.62
1787097335|20260819075535|939.57
1787097340|20260819075540|939.59
1787097345|20260819075545|939.52
1787097350|20260819075550|939.54
1787097365|20260819075605|939.37
1787097370|20260819075610|939.30
1787097375|20260819075615|939.31
1787097380|20260819075620|939.30
1787097385|20260819075625|939.24
1787097395|20260819075635|939.25
1787097405|20260819075645|939.32
1787097410|20260819075650|939.29
1787097415|20260819075655|939.35
1787097425|20260819075705|939.34
1787097430|20260819075710|939.40
1787097435|20260819075715|939.43
1787097440|20260819075720|939.43
1787097445|20260819075725|939.45
1787097455|20260819075735|939.42
1787097460|20260819075740|939.44
1787097465|20260819075745|939.47
1787097475|20260819075755|939.49
1787097485|20260819075805|939.41
1787097500|20260819075820|939.47
1787097505|20260819075825|939.49
1787097515|20260819075835|939.54
1787097520|20260819075840|939.56
1787097525|20260819075845|939.53
1787097530|20260819075850|939.51
1787097535|20260819075855|939.52
1787097545|20260819075905|939.55
1787097550|20260819075910|939.60
1787097555|20260819075915|939.56
1787097560|20260819075920|939.55
1787097565|20260819075925|939.54
1787097600|20260819080000|939.57
1787097605|20260819080005|939.43
1787097610|20260819080010|939.33
1787097615|20260819080015|939.40
1787097620|20260819080020|939.38
1787097625|20260819080025|939.52
1787097635|20260819080035|939.48
1787097640|20260819080040|939.69
1787097645|20260819080045|939.84
1787097650|20260819080050|939.89
1787097655|20260819080055|939.89
1787097665|20260819080105|940.08
1787097670|20260819080110|940.00
1787097675|20260819080115|940.04
1787097685|20260819080125|940.04
1787097695|20260819080135|940.11
1787097700|20260819080140|940.22
1787097705|20260819080145|940.03
1787097710|20260819080150|940.05
1787097715|20260819080155|940.32
1787097725|20260819080205|940.47
1787097730|20260819080210|940.68
1787097735|20260819080215|940.68
1787097740|20260819080220|940.83
1787097755|20260819080235|940.55
1787097765|20260819080245|940.57
1787097770|20260819080250|940.56
1787097775|20260819080255|940.77
1787097785|20260819080305|940.62
1787097790|20260819080310|940.60
1787097795|20260819080315|940.59
1787097800|20260819080320|940.61
1787097805|20260819080325|940.60
1787097815|20260819080335|940.88
1787097825|20260819080345|940.74
1787097830|20260819080350|940.88
1787097835|20260819080355|941.18
1787097845|20260819080405|940.83
1787097850|20260819080410|940.83
1787097855|20260819080415|940.67
1787097860|20260819080420|940.58
1787097875|20260819080435|940.39
1787097900|20260819080500|940.40
1787097905|20260819080505|940.33
1787097915|20260819080515|940.26
1787097920|20260819080520|940.29
1787097925|20260819080525|940.36
1787097935|20260819080535|940.34
1787097940|20260819080540|940.43
1787097945|20260819080545|940.49
1787097955|20260819080555|940.50
1787097960|20260819080600|940.23
1787097965|20260819080605|940.44
1787097975|20260819080615|940.65
1787097980|20260819080620|940.81
1787097985|20260819080625|940.85
1787097995|20260819080635|940.98
1787098000|20260819080640|941.02
1787098005|20260819080645|941.20
1787098010|20260819080650|941.11
1787098015|20260819080655|941.07
1787098025|20260819080705|941.02
1787098030|20260819080710|940.95
1787098035|20260819080715|941.01
1787098040|20260819080720|941.00
1787098045|20260819080725|941.08
1787098055|20260819080735|941.16
1787098060|20260819080740|940.98
1787098065|20260819080745|940.97
1787098070|20260819080750|940.95
1787098075|20260819080755|940.94
1787098085|20260819080805|940.91
1787098090|20260819080810|940.85
1787098095|20260819080815|940.88
1787098100|20260819080820|940.85
1787098105|20260819080825|940.76
1787098115|20260819080835|940.85
1787098120|20260819080840|940.63
1787098125|20260819080845|940.68
1787098130|20260819080850|940.83
1787098135|20260819080855|940.95
1787098145|20260819080905|941.04
1787098150|20260819080910|941.11
1787098155|20260819080915|940.97
1787098160|20260819080920|940.93
1787098165|20260819080925|940.94
1787098180|20260819080940|941.05
1787098200|20260819081000|941.07
1787098205|20260819081005|941.02
1787098210|20260819081010|940.91
1787098215|20260819081015|941.01
1787098220|20260819081020|940.93
1787098225|20260819081025|940.93
1787098235|20260819081035|940.91
1787098240|20260819081040|941.10
1787098245|20260819081045|941.07
1787098255|20260819081055|941.08
1787098265|20260819081105|940.84
1787098270|20260819081110|940.79
1787098275|20260819081115|940.80
1787098280|20260819081120|940.79
1787098285|20260819081125|941.17
1787098295|20260819081135|941.19
1787098300|20260819081140|941.17
1787098305|20260819081145|941.15
1787098310|20260819081150|941.18
1787098315|20260819081155|941.15
1787098325|20260819081205|941.08
1787098330|20260819081210|941.15
1787098335|20260819081215|941.16
1787098340|20260819081220|941.10
1787098345|20260819081225|941.17
1787098355|20260819081235|941.42
1787098360|20260819081240|941.09
1787098365|20260819081245|941.19
1787098370|20260819081250|941.14
1787098375|20260819081255|941.24
1787098385|20260819081305|941.40
1787098390|20260819081310|941.50
1787098395|20260819081315|941.55
1787098400|20260819081320|941.53
1787098405|20260819081325|941.46
1787098415|20260819081335|941.67
1787098420|20260819081340|941.59
1787098425|20260819081345|941.58
1787098430|20260819081350|941.96
1787098435|20260819081355|941.89
1787098440|20260819081400|942.03
1787098445|20260819081405|942.03
1787098450|20260819081410|942.04
1787098455|20260819081415|942.08
1787098460|20260819081420|941.92
1787098465|20260819081425|941.89
1787098505|20260819081505|941.89
1787098510|20260819081510|941.75
1787098515|20260819081515|941.81
1787098520|20260819081520|941.74
1787098525|20260819081525|941.72
1787098535|20260819081535|941.93
1787098540|20260819081540|941.98
1787098545|20260819081545|942.02
1787098550|20260819081550|942.02
1787098555|20260819081555|941.97
1787098565|20260819081605|941.89
1787098575|20260819081615|941.77
1787098580|20260819081620|942.01
1787098585|20260819081625|941.94
1787098595|20260819081635|942.05
1787098600|20260819081640|942.10
1787098605|20260819081645|942.19
1787098610|20260819081650|942.32
1787098615|20260819081655|942.30
1787098625|20260819081705|942.26
1787098630|20260819081710|942.31
1787098635|20260819081715|942.18
1787098645|20260819081725|942.32
1787098660|20260819081740|942.29
1787098670|20260819081750|942.25
1787098675|20260819081755|942.18
1787098685|20260819081805|942.24
1787098695|20260819081815|942.32
1787098700|20260819081820|942.32
1787098705|20260819081825|942.30
1787098715|20260819081835|942.27
1787098720|20260819081840|942.21
1787098725|20260819081845|942.29
1787098730|20260819081850|942.34
1787098745|20260819081905|942.26
1787098750|20260819081910|942.27
1787098755|20260819081915|942.29
1787098760|20260819081920|942.26
1787098765|20260819081925|942.36
1787098800|20260819082000|941.83
1787098815|20260819082015|941.60
1787098820|20260819082020|941.69
1787098825|20260819082025|941.71
1787098835|20260819082035|941.72
1787098840|20260819082040|941.74
1787098845|20260819082045|941.79
1787098850|20260819082050|941.78
1787098855|20260819082055|941.62
1787098865|20260819082105|941.64
1787098870|20260819082110|941.66
1787098875|20260819082115|941.82
1787098880|20260819082120|941.80
1787098885|20260819082125|941.79
1787098895|20260819082135|941.82
1787098900|20260819082140|941.59
1787098905|20260819082145|941.59
1787098910|20260819082150|941.58
1787098915|20260819082155|941.53
1787098925|20260819082205|941.67
1787098930|20260819082210|941.71
1787098935|20260819082215|941.71
1787098940|20260819082220|941.78
1787098945|20260819082225|941.90
1787098955|20260819082235|942.01
1787098960|20260819082240|941.95
1787098965|20260819082245|941.96
1787098970|20260819082250|942.03
1787098975|20260819082255|942.14
1787098985|20260819082305|942.06
1787098990|20260819082310|942.24
1787098995|20260819082315|942.15
1787099000|20260819082320|942.19
1787099005|20260819082325|942.21
1787099015|20260819082335|942.19
1787099025|20260819082345|942.19
1787099030|20260819082350|942.18
1787099035|20260819082355|942.30
1787099040|20260819082400|942.37
1787099045|20260819082405|942.08
1787099050|20260819082410|941.95
1787099055|20260819082415|941.94
1787099060|20260819082420|941.92
1787099065|20260819082425|941.82
1787099100|20260819082500|941.74
1787099105|20260819082505|941.80
1787099110|20260819082510|941.68
1787099115|20260819082515|941.68
1787099120|20260819082520|941.69
1787099130|20260819082530|941.79
1787099135|20260819082535|941.81
1787099140|20260819082540|941.81
1787099145|20260819082545|941.75
1787099150|20260819082550|941.61
1787099155|20260819082555|941.59
1787099165|20260819082605|941.60
1787099170|20260819082610|941.49
1787099175|20260819082615|941.50
1787099180|20260819082620|941.42
1787099185|20260819082625|941.51
1787099190|20260819082630|941.49
1787099195|20260819082635|941.49
1787099200|20260819082640|941.48
1787099210|20260819082650|941.60
1787099215|20260819082655|941.70
1787099225|20260819082705|941.72
1787099230|20260819082710|941.73
1787099235|20260819082715|941.63
1787099240|20260819082720|941.56
1787099245|20260819082725|941.51
1787099250|20260819082730|941.42
1787099260|20260819082740|941.36
1787099265|20260819082745|941.33
1787099270|20260819082750|941.23
1787099275|20260819082755|940.97
1787099285|20260819082805|941.13
1787099290|20260819082810|941.34
1787099300|20260819082820|941.37
1787099305|20260819082825|941.34
1787099315|20260819082835|941.36
1787099320|20260819082840|941.37
1787099325|20260819082845|941.44
1787099330|20260819082850|941.42
1787099335|20260819082855|941.38
1787099340|20260819082900|941.53
1787099355|20260819082915|941.44
1787099360|20260819082920|941.51
1787099365|20260819082925|941.53
1787099375|20260819082935|941.52
1787099385|20260819082945|941.57
1787099400|20260819083000|941.62
1787099405|20260819083005|941.79
1787099410|20260819083010|941.71
1787099415|20260819083015|941.77
1787099425|20260819083025|941.78
1787099435|20260819083035|941.72
1787099440|20260819083040|941.82
1787099445|20260819083045|941.82
1787099450|20260819083050|941.91
1787099455|20260819083055|941.95
1787099470|20260819083110|942.11
1787099475|20260819083115|942.03
1787099480|20260819083120|942.05
1787099495|20260819083135|942.14
1787099500|20260819083140|942.18
1787099515|20260819083155|942.05
1787099525|20260819083205|942.14
1787099540|20260819083220|942.23
1787099545|20260819083225|942.01
1787099555|20260819083235|942.04
1787099560|20260819083240|942.06
1787099565|20260819083245|941.98
1787099570|20260819083250|941.95
1787099575|20260819083255|942.00
1787099585|20260819083305|941.85
1787099590|20260819083310|941.71
1787099595|20260819083315|941.58
1787099600|20260819083320|941.59
1787099605|20260819083325|941.43
1787099615|20260819083335|941.40
1787099620|20260819083340|941.43
1787099625|20260819083345|941.37
1787099635|20260819083355|941.12
1787099650|20260819083410|941.13
1787099655|20260819083415|941.17
1787099660|20260819083420|941.08
1787099665|20260819083425|941.23
1787099705|20260819083505|941.25
1787099710|20260819083510|941.29
1787099715|20260819083515|941.55
1787099720|20260819083520|941.56
1787099735|20260819083535|941.79
1787099740|20260819083540|941.81
1787099745|20260819083545|941.77
1787099750|20260819083550|941.69
1787099755|20260819083555|941.72
1787099765|20260819083605|941.69
1787099770|20260819083610|941.65
1787099775|20260819083615|941.54
1787099780|20260819083620|941.53
1787099785|20260819083625|941.37
1787099795|20260819083635|941.43
1787099800|20260819083640|941.64
1787099810|20260819083650|941.65
1787099815|20260819083655|941.70
1787099820|20260819083700|941.76
1787099825|20260819083705|941.57
1787099830|20260819083710|941.53
1787099835|20260819083715|941.55
1787099840|20260819083720|941.63
1787099855|20260819083735|941.56
1787099865|20260819083745|941.64
1787099870|20260819083750|941.70
1787099875|20260819083755|941.65
1787099885|20260819083805|941.90
1787099890|20260819083810|941.99
1787099895|20260819083815|942.00
1787099900|20260819083820|942.03
1787099905|20260819083825|942.10
1787099915|20260819083835|942.42
1787099920|20260819083840|942.47
1787099925|20260819083845|942.34
1787099930|20260819083850|942.25
1787099935|20260819083855|942.23
1787099945|20260819083905|942.27
1787099950|20260819083910|942.15
1787099960|20260819083920|942.16
1787100000|20260819084000|942.05
1787100005|20260819084005|942.12
1787100010|20260819084010|942.12
1787100020|20260819084020|942.03
1787100025|20260819084025|942.03
1787100035|20260819084035|942.08
1787100045|20260819084045|942.11
1787100050|20260819084050|942.27
1787100055|20260819084055|942.34
1787100065|20260819084105|942.33
1787100070|20260819084110|942.41
1787100075|20260819084115|942.44
1787100080|20260819084120|942.40
1787100085|20260819084125|942.46
1787100095|20260819084135|942.49
1787100100|20260819084140|942.50
1787100105|20260819084145|942.47
1787100110|20260819084150|942.43
1787100115|20260819084155|942.43
1787100125|20260819084205|942.40
1787100130|20260819084210|942.48
1787100135|20260819084215|942.45
1787100140|20260819084220|942.48
1787100145|20260819084225|942.61
1787100155|20260819084235|942.58
1787100160|20260819084240|942.36
1787100165|20260819084245|942.39
1787100175|20260819084255|942.38
1787100185|20260819084305|942.31
1787100190|20260819084310|942.33
1787100195|20260819084315|942.32
1787100200|20260819084320|942.40
1787100205|20260819084325|942.17
1787100215|20260819084335|942.15
1787100220|20260819084340|942.05
1787100225|20260819084345|942.09
1787100230|20260819084350|942.08
1787100235|20260819084355|942.09
1787100240|20260819084400|942.10
1787100245|20260819084405|942.07
1787100250|20260819084410|942.09
1787100255|20260819084415|942.04
1787100260|20260819084420|942.14
1787100265|20260819084425|942.18
1787100300|20260819084500|941.81
1787100305|20260819084505|941.94
1787100315|20260819084515|941.87
1787100320|20260819084520|941.89
1787100325|20260819084525|941.89
1787100335|20260819084535|941.89
1787100345|20260819084545|941.88
1787100350|20260819084550|941.89
1787100355|20260819084555|941.74
1787100365|20260819084605|941.79
1787100370|20260819084610|941.89
1787100375|20260819084615|941.88
1787100385|20260819084625|941.83
1787100410|20260819084650|941.80
1787100415|20260819084655|941.90
1787100425|20260819084705|941.82
1787100430|20260819084710|941.81
1787100435|20260819084715|941.85
1787100440|20260819084720|941.89
1787100445|20260819084725|941.79
1787100460|20260819084740|941.71
1787100475|20260819084755|941.71
1787100495|20260819084815|941.69
1787100500|20260819084820|941.73
1787100505|20260819084825|941.80
1787100515|20260819084835|941.87
1787100520|20260819084840|941.91
1787100525|20260819084845|941.89
1787100530|20260819084850|941.86
1787100535|20260819084855|941.81
1787100560|20260819084920|941.69
1787100565|20260819084925|941.59
1787100600|20260819085000|941.68
1787100605|20260819085005|941.70
1787100610|20260819085010|941.69
1787100615|20260819085015|941.75
1787100620|20260819085020|941.75
1787100625|20260819085025|941.77
1787100635|20260819085035|941.83
1787100640|20260819085040|941.84
1787100645|20260819085045|941.79
1787100655|20260819085055|941.76
1787100665|20260819085105|941.69
1787100680|20260819085120|941.60
1787100685|20260819085125|941.58
1787100695|20260819085135|941.62
1787100700|20260819085140|941.70
1787100705|20260819085145|941.79
1787100710|20260819085150|941.82
1787100725|20260819085205|941.84
1787100740|20260819085220|941.72
1787100745|20260819085225|941.71
1787100755|20260819085235|941.72
1787100760|20260819085240|941.70
1787100765|20260819085245|941.84
1787100770|20260819085250|942.05
1787100775|20260819085255|942.02
1787100785|20260819085305|941.95
1787100790|20260819085310|941.93
1787100795|20260819085315|941.97
1787100800|20260819085320|941.98
1787100805|20260819085325|942.03
1787100815|20260819085335|941.99
1787100820|20260819085340|941.95
1787100825|20260819085345|941.97
1787100835|20260819085355|942.00
1787100845|20260819085405|941.84
1787100850|20260819085410|941.98
1787100855|20260819085415|941.95
1787100865|20260819085425|941.98
1787100900|20260819085500|941.39
1787100905|20260819085505|941.58
1787100910|20260819085510|941.50
1787100915|20260819085515|941.54
1787100920|20260819085520|941.49
1787100925|20260819085525|941.48
1787100930|20260819085530|941.54
1787100935|20260819085535|941.44
1787100950|20260819085550|941.47
1787100955|20260819085555|941.38
1787100965|20260819085605|941.29
1787100970|20260819085610|941.27
1787100975|20260819085615|941.14
1787100980|20260819085620|941.14
1787100985|20260819085625|941.11
1787100990|20260819085630|941.06
1787101000|20260819085640|940.99
1787101005|20260819085645|940.76
1787101010|20260819085650|940.66
1787101015|20260819085655|940.84
1787101025|20260819085705|940.65
1787101030|20260819085710|940.63
1787101035|20260819085715|940.61
1787101040|20260819085720|940.78
1787101045|20260819085725|940.81
1787101055|20260819085735|940.98
1787101060|20260819085740|940.92
1787101065|20260819085745|940.89
1787101070|20260819085750|940.86
1787101075|20260819085755|940.95
1787101085|20260819085805|940.81
1787101090|20260819085810|940.68
1787101095|20260819085815|940.70
1787101100|20260819085820|940.74
1787101105|20260819085825|940.69
1787101115|20260819085835|940.73
1787101120|20260819085840|940.69
1787101125|20260819085845|940.55
1787101130|20260819085850|940.54
1787101135|20260819085855|940.53
1787101145|20260819085905|941.16
1787101150|20260819085910|941.08
1787101155|20260819085915|940.93
1787101160|20260819085920|940.94
1787101165|20260819085925|941.09
1787101200|20260819090000|940.71
1787101205|20260819090005|940.60
1787101210|20260819090010|940.56
1787101215|20260819090015|940.72
1787101220|20260819090020|940.01
1787101225|20260819090025|939.99
1787101240|20260819090040|939.88
1787101245|20260819090045|939.91
1787101250|20260819090050|939.81
1787101255|20260819090055|939.72
1787101265|20260819090105|939.15
1787101270|20260819090110|939.13
1787101275|20260819090115|939.32
1787101280|20260819090120|939.23
1787101285|20260819090125|939.18
1787101295|20260819090135|939.45
1787101300|20260819090140|938.78
1787101305|20260819090145|939.10
1787101310|20260819090150|939.22
1787101315|20260819090155|939.12
1787101325|20260819090205|939.01
1787101330|20260819090210|938.70
1787101335|20260819090215|938.74
1787101340|20260819090220|938.42
1787101345|20260819090225|937.84
1787101355|20260819090235|938.05
1787101360|20260819090240|938.46
1787101365|20260819090245|938.85
1787101375|20260819090255|938.58
1787101380|20260819090300|938.78
1787101385|20260819090305|939.07
1787101390|20260819090310|939.14
1787101395|20260819090315|938.70
1787101400|20260819090320|938.37
1787101405|20260819090325|938.59
1787101415|20260819090335|938.48
1787101420|20260819090340|938.41
1787101425|20260819090345|938.65
1787101435|20260819090355|938.59
1787101445|20260819090405|938.67
1787101450|20260819090410|938.96
1787101455|20260819090415|939.03
1787101465|20260819090425|938.69
1787101480|20260819090440|939.23
1787101495|20260819090455|939.43
1787101510|20260819090510|939.29
1787101515|20260819090515|939.60
1787101520|20260819090520|939.64
1787101525|20260819090525|939.45
1787101535|20260819090535|940.16
1787101540|20260819090540|940.17
1787101545|20260819090545|940.46
1787101550|20260819090550|940.31
1787101565|20260819090605|940.37
1787101570|20260819090610|940.63
1787101575|20260819090615|940.47
1787101580|20260819090620|940.52
1787101600|20260819090640|940.95
1787101605|20260819090645|941.09
1787101610|20260819090650|941.42
1787101625|20260819090705|940.60
1787101635|20260819090715|940.81
1787101640|20260819090720|940.82
1787101645|20260819090725|940.85
1787101655|20260819090735|940.85
1787101665|20260819090745|940.89
1787101685|20260819090805|940.56
1787101690|20260819090810|940.28
1787101695|20260819090815|940.52
1787101700|20260819090820|940.62
1787101705|20260819090825|940.93
1787101720|20260819090840|941.10
1787101725|20260819090845|941.22
1787101730|20260819090850|941.30
1787101735|20260819090855|941.47
1787101740|20260819090900|941.49
1787101745|20260819090905|941.52
1787101750|20260819090910|941.37
1787101760|20260819090920|941.40
1787101765|20260819090925|941.26
1787101800|20260819091000|940.98
1787101805|20260819091005|941.06
1787101810|20260819091010|941.06
1787101815|20260819091015|941.01
1787101820|20260819091020|940.89
1787101825|20260819091025|940.82
1787101835|20260819091035|940.48
1787101840|20260819091040|940.45
1787101845|20260819091045|940.53
1787101850|20260819091050|940.69
1787101855|20260819091055|940.72
1787101865|20260819091105|940.81
1787101870|20260819091110|940.83
1787101875|20260819091115|940.81
1787101895|20260819091135|940.80
1787101900|20260819091140|941.07
1787101905|20260819091145|941.07
1787101910|20260819091150|940.94
1787101915|20260819091155|940.88
1787101925|20260819091205|940.88
1787101930|20260819091210|940.98
1787101935|20260819091215|940.80
1787101940|20260819091220|940.67
1787101945|20260819091225|940.87
1787101960|20260819091240|941.00
1787101970|20260819091250|941.22
1787101975|20260819091255|941.04
1787101985|20260819091305|941.18
1787101990|20260819091310|941.30
1787101995|20260819091315|941.40
1787102000|20260819091320|941.47
1787102005|20260819091325|941.53
1787102015|20260819091335|941.68
1787102020|20260819091340|941.73
1787102025|20260819091345|941.70
1787102030|20260819091350|941.56
1787102035|20260819091355|941.66
1787102045|20260819091405|941.71
1787102050|20260819091410|941.64
1787102055|20260819091415|941.46
1787102060|20260819091420|941.70
1787102065|20260819091425|941.79
1787102100|20260819091500|941.87
1787102105|20260819091505|941.96
1787102110|20260819091510|941.96
1787102115|20260819091515|942.02
1787102125|20260819091525|942.12
1787102150|20260819091550|942.22
1787102155|20260819091555|941.97
1787102165|20260819091605|941.48
1787102170|20260819091610|941.51
1787102180|20260819091620|941.67
1787102185|20260819091625|941.75
1787102195|20260819091635|941.56
1787102200|20260819091640|941.53
1787102210|20260819091650|941.47
1787102215|20260819091655|941.25
1787102225|20260819091705|941.15
1787102230|20260819091710|941.03
1787102235|20260819091715|940.94
1787102255|20260819091735|940.63
1787102260|20260819091740|940.75
1787102265|20260819091745|940.96
1787102270|20260819091750|941.00
1787102290|20260819091810|941.28
1787102295|20260819091815|941.00
1787102300|20260819091820|940.89
1787102305|20260819091825|940.54
1787102315|20260819091835|940.35
1787102320|20260819091840|940.34
1787102325|20260819091845|939.92
1787102330|20260819091850|939.99
1787102335|20260819091855|940.15
1787102345|20260819091905|940.42
1787102350|20260819091910|940.18
1787102360|20260819091920|940.73
1787102365|20260819091925|940.84
1787102400|20260819092000|940.44
1787102405|20260819092005|940.73
1787102410|20260819092010|940.72
1787102415|20260819092015|940.86
1787102420|20260819092020|940.62
1787102425|20260819092025|940.66
1787102435|20260819092035|940.63
1787102440|20260819092040|940.66
1787102445|20260819092045|940.74
1787102450|20260819092050|940.72
1787102455|20260819092055|940.71
1787102465|20260819092105|940.94
1787102470|20260819092110|940.85
1787102475|20260819092115|940.69
1787102480|20260819092120|940.39
1787102485|20260819092125|940.39
1787102495|20260819092135|940.15
1787102500|20260819092140|940.08
1787102505|20260819092145|940.12
1787102510|20260819092150|940.21
1787102515|20260819092155|940.14
1787102530|20260819092210|939.63
1787102535|20260819092215|939.58
1787102540|20260819092220|939.60
1787102545|20260819092225|939.76
1787102560|20260819092240|940.07
1787102565|20260819092245|940.09
1787102570|20260819092250|940.06
1787102575|20260819092255|940.06
1787102585|20260819092305|940.11
1787102590|20260819092310|940.29
1787102600|20260819092320|940.22
1787102605|20260819092325|940.22
1787102615|20260819092335|940.29
1787102620|20260819092340|940.56
1787102625|20260819092345|940.67
1787102630|20260819092350|940.89
1787102635|20260819092355|940.47
1787102640|20260819092400|940.41
1787102645|20260819092405|940.41
1787102650|20260819092410|940.48
1787102655|20260819092415|940.46
1787102660|20260819092420|940.62
1787102665|20260819092425|940.60
1787102700|20260819092500|940.43
1787102705|20260819092505|940.52
1787102720|20260819092520|940.52
1787102725|20260819092525|940.85
1787102735|20260819092535|940.60
1787102740|20260819092540|940.53
1787102745|20260819092545|940.52
1787102750|20260819092550|940.53
1787102755|20260819092555|940.56
1787102760|20260819092600|940.52
1787102765|20260819092605|940.49
1787102770|20260819092610|940.56
1787102775|20260819092615|940.56
1787102785|20260819092625|940.14
1787102795|20260819092635|940.28
1787102800|20260819092640|940.50
1787102805|20260819092645|940.47
1787102810|20260819092650|940.68
1787102815|20260819092655|940.54
1787102830|20260819092710|940.39
1787102845|20260819092725|940.65
1787102855|20260819092735|940.67
1787102860|20260819092740|940.71
1787102865|20260819092745|940.68
1787102870|20260819092750|940.75
1787102875|20260819092755|940.82
1787102885|20260819092805|940.93
1787102895|20260819092815|941.00
1787102900|20260819092820|940.89
1787102905|20260819092825|941.05
1787102920|20260819092840|941.17
1787102925|20260819092845|941.19
1787102930|20260819092850|941.21
1787102935|20260819092855|941.28
1787102945|20260819092905|941.30
1787102950|20260819092910|941.32
1787102955|20260819092915|941.29
1787102960|20260819092920|941.28
1787102965|20260819092925|941.25
1787103000|20260819093000|941.59
1787103005|20260819093005|941.62
1787103010|20260819093010|941.62
1787103015|20260819093015|941.83
1787103020|20260819093020|941.53
1787103025|20260819093025|941.48
1787103035|20260819093035|941.94
1787103040|20260819093040|941.94
1787103045|20260819093045|941.90
1787103050|20260819093050|941.83
1787103055|20260819093055|941.96
1787103065|20260819093105|942.02
1787103070|20260819093110|942.16
1787103075|20260819093115|942.07
1787103080|20260819093120|942.02
1787103085|20260819093125|942.21
1787103095|20260819093135|942.07
1787103100|20260819093140|942.05
1787103105|20260819093145|942.20
1787103115|20260819093155|942.26
1787103120|20260819093200|942.33
1787103125|20260819093205|942.35
1787103130|20260819093210|942.30
1787103135|20260819093215|942.24
1787103140|20260819093220|942.17
1787103145|20260819093225|942.18
1787103155|20260819093235|942.08
1787103160|20260819093240|942.02
1787103165|20260819093245|942.05
1787103170|20260819093250|942.10
1787103175|20260819093255|942.13
1787103185|20260819093305|942.00
1787103190|20260819093310|941.98
1787103195|20260819093315|942.05
1787103200|20260819093320|942.01
1787103205|20260819093325|942.18
1787103215|20260819093335|942.15
1787103220|20260819093340|942.22
1787103225|20260819093345|942.20
1787103230|20260819093350|942.48
1787103235|20260819093355|942.69
1787103245|20260819093405|942.82
1787103250|20260819093410|943.01
1787103255|20260819093415|943.06
1787103260|20260819093420|943.11
1787103265|20260819093425|943.18
1787103275|20260819093435|943.07
1787103300|20260819093500|943.21
1787103305|20260819093505|943.30
1787103310|20260819093510|943.26
1787103315|20260819093515|943.35
1787103320|20260819093520|943.40
1787103325|20260819093525|943.40
1787103335|20260819093535|943.39
1787103340|20260819093540|943.45
1787103345|20260819093545|943.28
1787103350|20260819093550|943.23
1787103355|20260819093555|943.37
1787103365|20260819093605|943.36
1787103375|20260819093615|943.22
1787103380|20260819093620|943.34
1787103385|20260819093625|943.30
1787103395|20260819093635|943.36
1787103400|20260819093640|943.26
1787103405|20260819093645|943.39
1787103410|20260819093650|943.33
1787103415|20260819093655|943.41
1787103425|20260819093705|943.34
1787103430|20260819093710|943.46
1787103435|20260819093715|943.50
1787103440|20260819093720|943.59
1787103445|20260819093725|943.59
1787103455|20260819093735|943.55
1787103460|20260819093740|943.55
1787103470|20260819093750|943.65
1787103475|20260819093755|943.72
1787103490|20260819093810|943.84
1787103495|20260819093815|943.87
1787103500|20260819093820|943.86
1787103505|20260819093825|943.90
1787103515|20260819093835|943.96
1787103520|20260819093840|944.09
1787103525|20260819093845|944.35
1787103530|20260819093850|944.41
1787103535|20260819093855|944.41
1787103545|20260819093905|944.23
1787103550|20260819093910|944.15
1787103560|20260819093920|944.16
1787103565|20260819093925|944.26
1787103600|20260819094000|944.17
1787103605|20260819094005|944.26
1787103610|20260819094010|944.32
1787103615|20260819094015|944.42
1787103620|20260819094020|944.41
1787103625|20260819094025|944.72
1787103635|20260819094035|944.56
1787103640|20260819094040|944.47
1787103645|20260819094045|944.53
1787103650|20260819094050|944.57
1787103655|20260819094055|944.28
1787103665|20260819094105|944.31
1787103670|20260819094110|944.45
1787103675|20260819094115|944.39
1787103680|20260819094120|944.38
1787103695|20260819094135|944.63
1787103700|20260819094140|944.60
1787103705|20260819094145|944.50
1787103710|20260819094150|944.36
1787103725|20260819094205|944.34
1787103730|20260819094210|944.42
1787103735|20260819094215|944.37
1787103740|20260819094220|944.37
1787103755|20260819094235|944.51
1787103760|20260819094240|944.57
1787103765|20260819094245|944.55
1787103770|20260819094250|944.45
1787103775|20260819094255|944.45
1787103785|20260819094305|944.56
1787103790|20260819094310|944.38
1787103795|20260819094315|944.20
1787103800|20260819094320|944.16
1787103805|20260819094325|944.14
1787103815|20260819094335|944.09
1787103820|20260819094340|944.17
1787103825|20260819094345|944.15
1787103830|20260819094350|944.22
1787103835|20260819094355|944.22
1787103845|20260819094405|943.95
1787103850|20260819094410|944.09
1787103855|20260819094415|944.12
1787103860|20260819094420|944.16
1787103900|20260819094500|944.28
1787103905|20260819094505|944.28
1787103915|20260819094515|944.18
1787103920|20260819094520|944.13
1787103935|20260819094535|944.01
1787103940|20260819094540|943.97
1787103945|20260819094545|943.98
1787103950|20260819094550|944.05
1787103955|20260819094555|944.17
1787103970|20260819094610|944.19
1787103975|20260819094615|944.06
1787103980|20260819094620|943.90
1787103985|20260819094625|943.98
1787103995|20260819094635|943.88
1787104005|20260819094645|943.81
1787104010|20260819094650|943.87
1787104015|20260819094655|943.80
1787104030|20260819094710|943.88
1787104040|20260819094720|943.94
1787104045|20260819094725|943.90
1787104055|20260819094735|944.30
1787104060|20260819094740|944.35
1787104065|20260819094745|944.38
1787104070|20260819094750|944.45
1787104085|20260819094805|944.07
1787104090|20260819094810|943.79
1787104095|20260819094815|943.70
1787104100|20260819094820|943.67
1787104105|20260819094825|943.60
1787104115|20260819094835|943.54
1787104120|20260819094840|943.55
1787104125|20260819094845|943.59
1787104135|20260819094855|943.61
1787104145|20260819094905|943.66
1787104150|20260819094910|943.66
1787104160|20260819094920|943.58
1787104165|20260819094925|943.61
1787104200|20260819095000|943.32
1787104205|20260819095005|943.32
1787104210|20260819095010|943.43
1787104215|20260819095015|943.55
1787104220|20260819095020|943.54
1787104225|20260819095025|943.71
1787104235|20260819095035|943.68
1787104240|20260819095040|943.54
1787104250|20260819095050|943.82
1787104285|20260819095125|943.87
1787104295|20260819095135|944.06
1787104300|20260819095140|944.05
1787104305|20260819095145|944.07
1787104310|20260819095150|943.88
1787104315|20260819095155|943.87
1787104325|20260819095205|943.95
1787104330|20260819095210|943.85
1787104335|20260819095215|943.82
1787104340|20260819095220|943.78
1787104345|20260819095225|943.76
1787104355|20260819095235|943.73
1787104365|20260819095245|943.72
1787104370|20260819095250|943.66
1787104375|20260819095255|943.62
1787104385|20260819095305|943.71
1787104390|20260819095310|943.78
1787104395|20260819095315|943.85
1787104400|20260819095320|943.86
1787104405|20260819095325|943.93
1787104415|20260819095335|943.90
1787104420|20260819095340|943.82
1787104425|20260819095345|943.76
1787104435|20260819095355|943.80
1787104445|20260819095405|943.78
1787104455|20260819095415|944.10
1787104460|20260819095420|944.19
1787104465|20260819095425|944.25
1787104495|20260819095455|944.07
1787104505|20260819095505|943.89
1787104510|20260819095510|943.93
1787104515|20260819095515|943.94
1787104520|20260819095520|943.81
1787104545|20260819095545|944.25
1787104550|20260819095550|944.43
1787104555|20260819095555|944.38
1787104570|20260819095610|944.16
1787104580|20260819095620|944.11
1787104585|20260819095625|944.16
1787104600|20260819095640|944.00
1787104605|20260819095645|943.98
1787104610|20260819095650|944.10
1787104625|20260819095705|944.03
1787104630|20260819095710|944.11
1787104645|20260819095725|943.97
1787104660|20260819095740|943.81
1787104665|20260819095745|943.82
1787104670|20260819095750|943.87
1787104675|20260819095755|943.91
1787104685|20260819095805|943.87
1787104690|20260819095810|943.92
1787104695|20260819095815|943.94
1787104700|20260819095820|944.02
1787104705|20260819095825|943.94
1787104715|20260819095835|944.02
1787104730|20260819095850|944.28
1787104735|20260819095855|944.27
1787104745|20260819095905|944.36
1787104750|20260819095910|944.24
1787104755|20260819095915|944.27
1787104780|20260819095940|944.42
1787104805|20260819100005|944.54
1787104810|20260819100010|944.54
1787104815|20260819100015|944.40
1787104820|20260819100020|944.42
1787104830|20260819100030|944.57
1787104835|20260819100035|944.57
1787104840|20260819100040|944.54
1787104845|20260819100045|944.60
1787104850|20260819100050|944.61
1787104855|20260819100055|944.58
1787104860|20260819100100|944.61
1787104865|20260819100105|944.62
1787104870|20260819100110|944.65
1787104875|20260819100115|944.64
1787104880|20260819100120|944.62
1787104885|20260819100125|944.61
1787104895|20260819100135|944.64
1787104900|20260819100140|944.61
1787104905|20260819100145|944.48
1787104910|20260819100150|944.52
1787104915|20260819100155|944.51
1787104920|20260819100200|944.37
1787104925|20260819100205|944.38
1787104930|20260819100210|944.43
1787104935|20260819100215|944.32
1787104940|20260819100220|944.24
1787104945|20260819100225|944.14
1787104955|20260819100235|944.09
1787104960|20260819100240|944.06
1787104970|20260819100250|944.02
1787104975|20260819100255|943.94
1787104985|20260819100305|943.76
1787104995|20260819100315|943.50
1787105000|20260819100320|943.61
1787105005|20260819100325|943.70
1787105015|20260819100335|943.94
1787105020|20260819100340|943.99
1787105025|20260819100345|943.88
1787105030|20260819100350|943.83
1787105035|20260819100355|943.84
1787105045|20260819100405|943.84
1787105050|20260819100410|943.79
1787105055|20260819100415|943.78
1787105060|20260819100420|943.89
1787105065|20260819100425|944.03
1787105105|20260819100505|944.06
1787105115|20260819100515|943.90
1787105120|20260819100520|944.01
1787105135|20260819100535|944.12
1787105150|20260819100550|944.51
1787105170|20260819100610|944.43
1787105175|20260819100615|944.32
1787105180|20260819100620|944.11
1787105185|20260819100625|944.17
1787105195|20260819100635|944.19
1787105200|20260819100640|944.04
1787105205|20260819100645|943.97
1787105210|20260819100650|943.85
1787105215|20260819100655|943.84
1787105220|20260819100700|943.73
1787105225|20260819100705|943.86
1787105230|20260819100710|943.90
1787105235|20260819100715|943.91
1787105240|20260819100720|943.95
1787105245|20260819100725|943.92
1787105255|20260819100735|943.74
1787105270|20260819100750|943.89
1787105275|20260819100755|943.98
1787105285|20260819100805|944.08
1787105290|20260819100810|944.06
1787105295|20260819100815|944.08
1787105300|20260819100820|944.03
1787105305|20260819100825|944.04
1787105315|20260819100835|944.14
1787105320|20260819100840|944.23
1787105325|20260819100845|944.28
1787105330|20260819100850|944.23
1787105335|20260819100855|944.16
1787105345|20260819100905|944.22
1787105355|20260819100915|944.13
1787105360|20260819100920|944.22
1787105395|20260819100955|944.26
1787105400|20260819101000|944.38
1787105405|20260819101005|944.35
1787105410|20260819101010|944.36
1787105415|20260819101015|944.29
1787105420|20260819101020|944.36
1787105425|20260819101025|944.25
1787105435|20260819101035|944.33
1787105440|20260819101040|944.32
1787105445|20260819101045|944.33
1787105450|20260819101050|944.31
1787105455|20260819101055|944.31
1787105460|20260819101100|944.23
1787105470|20260819101110|944.18
1787105475|20260819101115|944.14
1787105480|20260819101120|944.24
1787105485|20260819101125|944.29
1787105495|20260819101135|944.28
1787105500|20260819101140|944.27
1787105505|20260819101145|944.24
1787105510|20260819101150|944.24
1787105515|20260819101155|944.05
1787105520|20260819101200|944.14
1787105530|20260819101210|944.24
1787105540|20260819101220|944.09
1787105545|20260819101225|944.20
1787105550|20260819101230|944.12
1787105560|20260819101240|944.15
1787105565|20260819101245|944.07
1787105570|20260819101250|943.93
1787105575|20260819101255|943.87
1787105585|20260819101305|943.86
1787105590|20260819101310|943.86
1787105595|20260819101315|943.97
1787105600|20260819101320|943.92
1787105605|20260819101325|943.98
1787105610|20260819101330|943.99
1787105615|20260819101335|944.02
1787105620|20260819101340|944.00
1787105635|20260819101355|943.96
1787105640|20260819101400|943.85
1787105645|20260819101405|943.87
1787105650|20260819101410|943.85
1787105655|20260819101415|943.73
1787105660|20260819101420|943.75
1787105665|20260819101425|943.79
1787105670|20260819101430|943.79
1787105680|20260819101440|943.92
1787105690|20260819101450|943.92
1787105695|20260819101455|943.90
1787105700|20260819101500|943.93
1787105705|20260819101505|943.88
1787105710|20260819101510|943.84
1787105715|20260819101515|943.89
1787105720|20260819101520|943.87
1787105725|20260819101525|943.89
1787105735|20260819101535|943.86
1787105740|20260819101540|943.75
1787105745|20260819101545|943.68
1787105750|20260819101550|943.76
1787105755|20260819101555|943.66
1787105760|20260819101600|943.78
1787105765|20260819101605|943.76
1787105770|20260819101610|944.39
1787105775|20260819101615|944.86
1787105780|20260819101620|944.99
1787105785|20260819101625|945.04
1787105800|20260819101640|944.66
1787105805|20260819101645|944.67
1787105810|20260819101650|944.53
1787105825|20260819101705|944.62
1787105830|20260819101710|944.65
1787105835|20260819101715|944.57
1787105840|20260819101720|944.61
1787105845|20260819101725|944.58
1787105850|20260819101730|944.71
1787105855|20260819101735|944.65
1787105870|20260819101750|944.70
1787105875|20260819101755|944.79
1787105885|20260819101805|944.54
1787105890|20260819101810|944.55
1787105895|20260819101815|944.33
1787105900|20260819101820|944.32
1787105910|20260819101830|944.41
1787105915|20260819101835|944.76
1787105920|20260819101840|944.74
1787105925|20260819101845|945.17
1787105930|20260819101850|945.00
1787105935|20260819101855|944.99
1787105945|20260819101905|944.94
1787105950|20260819101910|944.93
1787105955|20260819101915|944.94
1787105960|20260819101920|944.89
1787105970|20260819101930|944.90
1787105980|20260819101940|944.92
1787106000|20260819102000|944.95
1787106005|20260819102005|944.90
1787106010|20260819102010|944.93
1787106020|20260819102020|944.94
1787106025|20260819102025|944.77
1787106035|20260819102035|944.89
1787106040|20260819102040|944.81
1787106055|20260819102055|945.13
1787106065|20260819102105|945.20
1787106075|20260819102115|945.20
1787106080|20260819102120|945.22
1787106085|20260819102125|945.33
1787106100|20260819102140|945.33
1787106110|20260819102150|945.43
1787106115|20260819102155|945.48
1787106125|20260819102205|945.35
1787106130|20260819102210|945.33
1787106135|20260819102215|945.37
1787106145|20260819102225|945.26
1787106155|20260819102235|945.25
1787106160|20260819102240|945.17
1787106165|20260819102245|945.26
1787106170|20260819102250|945.24
1787106190|20260819102310|945.40
1787106195|20260819102315|945.45
1787106200|20260819102320|945.45
1787106215|20260819102335|945.48
1787106220|20260819102340|945.46
1787106225|20260819102345|945.47
1787106230|20260819102350|945.46
1787106235|20260819102355|945.52
1787106245|20260819102405|945.51
1787106250|20260819102410|945.43
1787106255|20260819102415|945.39
1787106260|20260819102420|945.39
1787106295|20260819102455|945.13
1787106300|20260819102500|945.09
1787106305|20260819102505|945.13
1787106310|20260819102510|945.24
1787106315|20260819102515|945.26
1787106320|20260819102520|945.28
1787106325|20260819102525|945.27
1787106340|20260819102540|945.21
1787106345|20260819102545|945.29
1787106350|20260819102550|945.24
1787106365|20260819102605|945.21
1787106370|20260819102610|945.41
1787106385|20260819102625|945.35
1787106395|20260819102635|945.37
1787106400|20260819102640|945.30
1787106405|20260819102645|945.29
1787106425|20260819102705|945.32
1787106430|20260819102710|945.19
1787106435|20260819102715|945.14
1787106440|20260819102720|945.24
1787106445|20260819102725|945.17
1787106455|20260819102735|945.23
1787106460|20260819102740|945.23
1787106465|20260819102745|945.22
1787106470|20260819102750|945.22
1787106490|20260819102810|945.24
1787106495|20260819102815|945.28
1787106500|20260819102820|945.23
1787106505|20260819102825|945.25
1787106515|20260819102835|945.23
1787106525|20260819102845|945.32
1787106530|20260819102850|945.35
1787106535|20260819102855|945.32
1787106545|20260819102905|945.19
1787106550|20260819102910|945.26
1787106555|20260819102915|945.24
1787106560|20260819102920|945.31
1787106565|20260819102925|945.33
1787106605|20260819103005|944.84
1787106610|20260819103010|944.85
1787106615|20260819103015|944.88
1787106620|20260819103020|945.07
1787106640|20260819103040|944.63
1787106645|20260819103045|944.68
1787106650|20260819103050|944.79
1787106655|20260819103055|944.67
1787106665|20260819103105|944.64
1787106670|20260819103110|944.64
1787106675|20260819103115|944.62
1787106680|20260819103120|944.75
1787106695|20260819103135|944.62
1787106700|20260819103140|944.59
1787106705|20260819103145|944.60
1787106710|20260819103150|944.51
1787106715|20260819103155|944.60
1787106725|20260819103205|944.48
1787106730|20260819103210|944.44
1787106740|20260819103220|944.55
1787106745|20260819103225|944.53
1787106755|20260819103235|944.51
1787106760|20260819103240|944.47
1787106765|20260819103245|944.55
1787106770|20260819103250|944.58
1787106775|20260819103255|944.61
1787106785|20260819103305|944.39
1787106790|20260819103310|944.38
1787106795|20260819103315|944.48
1787106815|20260819103335|944.58
1787106820|20260819103340|944.57
1787106845|20260819103405|944.69
1787106850|20260819103410|944.49
1787106855|20260819103415|944.40
1787106860|20260819103420|944.36
1787106890|20260819103450|944.35
1787106905|20260819103505|944.42
1787106910|20260819103510|944.47
1787106915|20260819103515|944.50
1787106935|20260819103535|944.46
1787106940|20260819103540|944.48
1787106945|20260819103545|944.48
1787106950|20260819103550|944.52
1787106955|20260819103555|944.47
1787106960|20260819103600|944.52
1787106965|20260819103605|944.59
1787106970|20260819103610|944.58
1787106980|20260819103620|944.48
1787106985|20260819103625|944.51
1787107005|20260819103645|944.56
1787107010|20260819103650|944.49
1787107015|20260819103655|944.45
1787107025|20260819103705|944.30
1787107030|20260819103710|944.61
1787107035|20260819103715|944.68
1787107040|20260819103720|944.61
1787107045|20260819103725|944.73
1787107055|20260819103735|944.72
1787107060|20260819103740|944.50
1787107065|20260819103745|944.56
1787107070|20260819103750|944.41
1787107075|20260819103755|944.26
1787107085|20260819103805|944.19
1787107090|20260819103810|944.17
1787107095|20260819103815|944.15
1787107100|20260819103820|944.06
1787107105|20260819103825|944.07
1787107115|20260819103835|944.02
1787107120|20260819103840|943.97
1787107125|20260819103845|944.06
1787107130|20260819103850|944.04
1787107135|20260819103855|944.11
1787107145|20260819103905|944.19
1787107160|20260819103920|944.10
1787107200|20260819104000|944.15
1787107205|20260819104005|944.17
1787107210|20260819104010|944.14
1787107215|20260819104015|944.13
1787107220|20260819104020|944.10
1787107225|20260819104025|944.06
1787107235|20260819104035|944.08
1787107240|20260819104040|944.06
1787107245|20260819104045|944.23
1787107250|20260819104050|944.33
1787107255|20260819104055|944.29
1787107265|20260819104105|944.36
1787107270|20260819104110|944.52
1787107275|20260819104115|944.39
1787107295|20260819104135|944.27
1787107300|20260819104140|944.34
1787107305|20260819104145|944.37
1787107310|20260819104150|944.38
1787107315|20260819104155|944.47
1787107325|20260819104205|944.56
1787107330|20260819104210|944.61
1787107335|20260819104215|944.60
1787107340|20260819104220|944.61
1787107345|20260819104225|944.65
1787107360|20260819104240|944.70
1787107365|20260819104245|944.70
1787107375|20260819104255|944.58
1787107390|20260819104310|944.61
1787107395|20260819104315|944.62
1787107400|20260819104320|944.64
1787107405|20260819104325|944.61
1787107420|20260819104340|944.47
1787107425|20260819104345|944.53
1787107430|20260819104350|944.52
1787107435|20260819104355|944.43
1787107440|20260819104400|944.19
1787107445|20260819104405|944.30
1787107450|20260819104410|944.25
1787107455|20260819104415|944.24
1787107460|20260819104420|944.25
1787107465|20260819104425|944.16
1787107500|20260819104500|944.11
1787107505|20260819104505|944.13
1787107510|20260819104510|944.15
1787107515|20260819104515|944.19
1787107520|20260819104520|944.22
1787107525|20260819104525|944.27
1787107535|20260819104535|944.17
1787107540|20260819104540|944.50
1787107550|20260819104550|944.42
1787107555|20260819104555|944.32
1787107565|20260819104605|944.30
1787107570|20260819104610|944.37
1787107575|20260819104615|944.39
1787107585|20260819104625|944.39
1787107595|20260819104635|944.33
1787107605|20260819104645|944.29
1787107610|20260819104650|944.27
1787107625|20260819104705|944.31
1787107630|20260819104710|944.29
1787107635|20260819104715|944.33
1787107640|20260819104720|944.29
1787107645|20260819104725|944.28
1787107655|20260819104735|944.08
1787107660|20260819104740|944.05
1787107665|20260819104745|943.95
1787107670|20260819104750|943.81
1787107685|20260819104805|944.06
1787107690|20260819104810|944.03
1787107695|20260819104815|944.02
1787107700|20260819104820|943.92
1787107705|20260819104825|943.94
1787107715|20260819104835|943.96
1787107720|20260819104840|943.96
1787107725|20260819104845|944.05
1787107730|20260819104850|944.13
1787107745|20260819104905|944.03
1787107750|20260819104910|944.04
1787107755|20260819104915|944.07
1787107760|20260819104920|944.07
1787107765|20260819104925|944.10
1787107790|20260819104950|944.11
1787107800|20260819105000|944.08
1787107805|20260819105005|944.06
1787107810|20260819105010|944.09
1787107815|20260819105015|944.18
1787107820|20260819105020|944.11
1787107825|20260819105025|944.08
1787107835|20260819105035|943.98
1787107840|20260819105040|943.96
1787107845|20260819105045|943.99
1787107850|20260819105050|944.01
1787107855|20260819105055|944.13
1787107865|20260819105105|944.24
1787107870|20260819105110|944.23
1787107875|20260819105115|944.23
1787107880|20260819105120|944.23
1787107885|20260819105125|944.17
1787107895|20260819105135|944.07
1787107900|20260819105140|944.09
1787107905|20260819105145|944.15
1787107915|20260819105155|944.10
1787107925|20260819105205|943.99
1787107930|20260819105210|943.99
1787107935|20260819105215|943.81
1787107940|20260819105220|943.77
1787107945|20260819105225|943.86
1787107955|20260819105235|943.85
1787107960|20260819105240|944.02
1787107965|20260819105245|943.98
1787107970|20260819105250|944.04
1787107975|20260819105255|943.99
1787107985|20260819105305|943.88
1787107990|20260819105310|943.78
1787107995|20260819105315|943.82
1787108000|20260819105320|943.78
1787108005|20260819105325|943.74
1787108015|20260819105335|943.61
1787108020|20260819105340|943.56
1787108025|20260819105345|943.58
1787108030|20260819105350|943.68
1787108035|20260819105355|943.69
1787108040|20260819105400|943.76
1787108045|20260819105405|943.76
1787108055|20260819105415|943.82
1787108060|20260819105420|943.72
1787108065|20260819105425|943.82
1787108100|20260819105500|943.70
1787108105|20260819105505|943.66
1787108110|20260819105510|943.69
1787108115|20260819105515|943.68
1787108120|20260819105520|943.68
1787108125|20260819105525|943.70
1787108135|20260819105535|943.81
1787108140|20260819105540|943.79
1787108145|20260819105545|943.79
1787108150|20260819105550|943.74
1787108155|20260819105555|943.73
1787108165|20260819105605|943.65
1787108170|20260819105610|943.67
1787108175|20260819105615|943.69
1787108180|20260819105620|943.70
1787108185|20260819105625|943.62
1787108200|20260819105640|943.20
1787108205|20260819105645|943.21
1787108210|20260819105650|943.28
1787108215|20260819105655|943.24
1787108225|20260819105705|943.31
1787108230|20260819105710|943.27
1787108235|20260819105715|943.57
1787108240|20260819105720|943.58
1787108255|20260819105735|943.68
1787108260|20260819105740|943.56
1787108265|20260819105745|943.57
1787108270|20260819105750|943.65
1787108275|20260819105755|943.64
1787108300|20260819105820|943.78
1787108305|20260819105825|943.75
1787108315|20260819105835|943.79
1787108320|20260819105840|943.78
1787108325|20260819105845|943.84
1787108330|20260819105850|943.81
1787108335|20260819105855|943.84
1787108345|20260819105905|943.76
1787108350|20260819105910|943.75
1787108355|20260819105915|943.79
1787108365|20260819105925|943.72
1787108405|20260819110005|943.81
1787108410|20260819110010|943.93
1787108415|20260819110015|943.82
1787108420|20260819110020|943.74
1787108425|20260819110025|943.85
1787108435|20260819110035|943.70
1787108440|20260819110040|943.69
1787108445|20260819110045|943.80
1787108450|20260819110050|943.92
1787108455|20260819110055|943.90
1787108460|20260819110100|943.83
1787108465|20260819110105|943.90
1787108470|20260819110110|943.93
1787108475|20260819110115|943.87
1787108480|20260819110120|943.79
1787108485|20260819110125|943.70
1787108495|20260819110135|943.60
1787108500|20260819110140|943.46
1787108505|20260819110145|943.54
1787108510|20260819110150|943.49
1787108515|20260819110155|943.46
1787108520|20260819110200|943.49
1787108525|20260819110205|943.47
1787108530|20260819110210|943.48
1787108535|20260819110215|943.30
1787108540|20260819110220|943.32
1787108545|20260819110225|943.39
1787108555|20260819110235|943.51
1787108560|20260819110240|943.52
1787108565|20260819110245|943.56
1787108585|20260819110305|943.64
1787108590|20260819110310|943.73
1787108595|20260819110315|943.70
1787108600|20260819110320|943.78
1787108605|20260819110325|943.76
1787108615|20260819110335|943.76
1787108620|20260819110340|943.81
1787108625|20260819110345|943.76
1787108630|20260819110350|943.59
1787108635|20260819110355|943.69
1787108645|20260819110405|943.70
1787108655|20260819110415|943.72
1787108660|20260819110420|943.82
1787108665|20260819110425|943.88
1787108700|20260819110500|943.93
1787108705|20260819110505|943.87
1787108715|20260819110515|943.81
1787108720|20260819110520|943.76
1787108725|20260819110525|943.71
1787108735|20260819110535|943.58
1787108740|20260819110540|943.58
1787108750|20260819110550|943.50
1787108765|20260819110605|943.40
1787108775|20260819110615|943.30
1787108785|20260819110625|943.53
1787108795|20260819110635|943.51
1787108800|20260819110640|943.45
1787108805|20260819110645|943.46
1787108810|20260819110650|943.26
1787108815|20260819110655|943.29
1787108820|20260819110700|943.21
1787108825|20260819110705|943.24
1787108830|20260819110710|943.29
1787108835|20260819110715|943.25
1787108840|20260819110720|943.25
1787108845|20260819110725|943.16
1787108855|20260819110735|943.24
1787108860|20260819110740|943.21
1787108865|20260819110745|943.27
1787108870|20260819110750|943.30
1787108875|20260819110755|943.29
1787108885|20260819110805|943.24
1787108890|20260819110810|943.25
1787108895|20260819110815|943.19
1787108900|20260819110820|943.10
1787108905|20260819110825|943.25
1787108915|20260819110835|943.26
1787108920|20260819110840|943.23
1787108925|20260819110845|943.23
1787108930|20260819110850|943.29
1787108935|20260819110855|943.34
1787108940|20260819110900|943.50
1787108945|20260819110905|943.47
1787108955|20260819110915|943.29
1787108960|20260819110920|943.25
1787108965|20260819110925|943.42
1787109000|20260819111000|943.52
1787109005|20260819111005|943.59
1787109010|20260819111010|943.60
1787109015|20260819111015|943.66
1787109020|20260819111020|943.58
1787109025|20260819111025|943.54
1787109035|20260819111035|943.56
1787109040|20260819111040|943.59
1787109045|20260819111045|943.62
1787109050|20260819111050|943.61
1787109055|20260819111055|943.60
1787109060|20260819111100|943.61
1787109065|20260819111105|943.64
1787109075|20260819111115|943.66
1787109080|20260819111120|943.55
1787109085|20260819111125|943.48
1787109095|20260819111135|943.61
1787109100|20260819111140|943.67
1787109105|20260819111145|943.68
1787109110|20260819111150|943.65
1787109115|20260819111155|943.66
1787109125|20260819111205|943.70
1787109130|20260819111210|943.65
1787109135|20260819111215|943.69
1787109140|20260819111220|943.63
1787109145|20260819111225|943.63
1787109155|20260819111235|943.64
1787109160|20260819111240|943.65
1787109165|20260819111245|943.61
1787109170|20260819111250|943.77
1787109175|20260819111255|943.80
1787109185|20260819111305|943.80
1787109190|20260819111310|943.76
1787109195|20260819111315|943.65
1787109200|20260819111320|943.74
1787109205|20260819111325|943.74
1787109215|20260819111335|943.72
1787109220|20260819111340|943.73
1787109225|20260819111345|943.73
1787109235|20260819111355|943.57
1787109245|20260819111405|943.55
1787109250|20260819111410|943.57
1787109255|20260819111415|943.56
1787109260|20260819111420|943.55
1787109265|20260819111425|943.60
1787109300|20260819111500|943.68
1787109305|20260819111505|943.65
1787109315|20260819111515|943.72
1787109320|20260819111520|943.70
1787109325|20260819111525|943.70
1787109335|20260819111535|943.72
1787109340|20260819111540|943.66
1787109345|20260819111545|943.64
1787109350|20260819111550|943.71
1787109355|20260819111555|943.70
1787109365|20260819111605|943.73
1787109370|20260819111610|943.87
1787109375|20260819111615|943.93
1787109380|20260819111620|943.94
1787109385|20260819111625|943.96
1787109395|20260819111635|943.92
1787109400|20260819111640|943.95
1787109405|20260819111645|943.88
1787109410|20260819111650|943.93
1787109415|20260819111655|943.64
1787109425|20260819111705|943.47
1787109430|20260819111710|943.50
1787109435|20260819111715|943.47
1787109440|20260819111720|943.49
1787109445|20260819111725|943.40
1787109455|20260819111735|943.30
1787109460|20260819111740|943.26
1787109465|20260819111745|943.29
1787109470|20260819111750|943.27
1787109475|20260819111755|943.28
1787109485|20260819111805|943.11
1787109490|20260819111810|943.12
1787109495|20260819111815|943.22
1787109500|20260819111820|943.22
1787109505|20260819111825|943.23
1787109515|20260819111835|943.29
1787109525|20260819111845|943.24
1787109530|20260819111850|943.24
1787109535|20260819111855|943.29
1787109545|20260819111905|943.28
1787109550|20260819111910|943.31
1787109555|20260819111915|943.27
1787109560|20260819111920|943.30
1787109565|20260819111925|943.29
1787109590|20260819111950|943.26
1787109600|20260819112000|943.27
1787109605|20260819112005|943.28
1787109610|20260819112010|943.28
1787109615|20260819112015|943.22
1787109620|20260819112020|943.17
1787109625|20260819112025|943.15
1787109635|20260819112035|943.11
1787109640|20260819112040|943.42
1787109645|20260819112045|943.37
1787109650|20260819112050|943.37
1787109655|20260819112055|943.43
1787109660|20260819112100|943.40
1787109665|20260819112105|943.40
1787109670|20260819112110|943.36
1787109680|20260819112120|943.39
1787109685|20260819112125|943.38
1787109695|20260819112135|943.36
1787109700|20260819112140|943.33
1787109705|20260819112145|943.47
1787109710|20260819112150|943.48
1787109715|20260819112155|943.47
1787109725|20260819112205|943.43
1787109730|20260819112210|943.43
1787109735|20260819112215|943.42
1787109740|20260819112220|943.54
1787109745|20260819112225|943.53
1787109755|20260819112235|943.50
1787109760|20260819112240|943.48
1787109765|20260819112245|943.47
1787109770|20260819112250|943.49
1787109785|20260819112305|943.50
1787109790|20260819112310|943.55
1787109795|20260819112315|943.55
1787109800|20260819112320|943.57
1787109805|20260819112325|943.65
1787109815|20260819112335|943.60
1787109820|20260819112340|943.62
1787109825|20260819112345|943.64
1787109830|20260819112350|943.61
1787109835|20260819112355|943.60
1787109840|20260819112400|943.59
1787109845|20260819112405|943.62
1787109855|20260819112415|943.61
1787109865|20260819112425|943.69
1787109890|20260819112450|943.90
1787109900|20260819112500|943.89
1787109905|20260819112505|944.03
1787109910|20260819112510|944.05
1787109915|20260819112515|944.10
1787109920|20260819112520|944.07
1787109925|20260819112525|944.07
1787109930|20260819112530|944.08
1787109935|20260819112535|944.07
1787109940|20260819112540|944.08
1787109945|20260819112545|944.22
1787109955|20260819112555|944.09
1787109965|20260819112605|944.17
1787109970|20260819112610|944.11
1787109975|20260819112615|943.96
1787109995|20260819112635|943.98
1787110000|20260819112640|943.98
1787110005|20260819112645|943.98
1787110015|20260819112655|944.04
1787110025|20260819112705|944.04
1787110030|20260819112710|944.06
1787110035|20260819112715|944.07
1787110045|20260819112725|944.14
1787110055|20260819112735|944.18
1787110060|20260819112740|944.18
1787110065|20260819112745|944.28
1787110070|20260819112750|944.32
1787110075|20260819112755|944.27
1787110085|20260819112805|944.29
1787110090|20260819112810|944.35
1787110095|20260819112815|944.34
1787110100|20260819112820|944.34
1787110115|20260819112835|944.23
1787110120|20260819112840|944.26
1787110125|20260819112845|944.37
1787110130|20260819112850|944.35
1787110135|20260819112855|944.29
1787110145|20260819112905|944.36
1787110150|20260819112910|944.33
1787110155|20260819112915|944.29
1787110160|20260819112920|944.28
1787110165|20260819112925|944.21
1787110195|20260819112955|944.30
1787110200|20260819113000|944.24
1787110205|20260819113005|944.34
1787110220|20260819113020|944.41
1787110225|20260819113025|944.34
1787110235|20260819113035|944.39
1787110240|20260819113040|944.39
1787110245|20260819113045|944.40
1787110250|20260819113050|944.41
1787110255|20260819113055|944.45
1787110265|20260819113105|944.33
1787110270|20260819113110|944.35
1787110280|20260819113120|944.32
1787110285|20260819113125|944.36
1787110295|20260819113135|944.24
1787110300|20260819113140|944.21
1787110305|20260819113145|944.26
1787110325|20260819113205|944.16
1787110330|20260819113210|944.15
1787110335|20260819113215|944.11
1787110340|20260819113220|944.07
1787110345|20260819113225|944.08
1787110355|20260819113235|944.11
1787110360|20260819113240|944.18
1787110365|20260819113245|944.16
1787110370|20260819113250|944.25
1787110375|20260819113255|944.25
1787110385|20260819113305|944.22
1787110390|20260819113310|944.23
1787110400|20260819113320|944.21
1787110405|20260819113325|944.22
1787110415|20260819113335|944.14
1787110420|20260819113340|944.18
1787110430|20260819113350|944.14
1787110435|20260819113355|944.15
1787110445|20260819113405|944.18
1787110450|20260819113410|944.04
1787110455|20260819113415|944.07
1787110460|20260819113420|944.04
1787110465|20260819113425|944.02
1787110500|20260819113500|944.24
1787110505|20260819113505|944.21
1787110510|20260819113510|944.23
1787110515|20260819113515|944.27
1787110520|20260819113520|944.32
1787110525|20260819113525|944.32
1787110535|20260819113535|944.44
1787110540|20260819113540|944.45
1787110550|20260819113550|944.34
1787110555|20260819113555|944.38
1787110575|20260819113615|944.40
1787110580|20260819113620|944.42
1787110585|20260819113625|944.43
1787110595|20260819113635|944.42
1787110600|20260819113640|944.41
1787110605|20260819113645|944.41
1787110610|20260819113650|944.32
1787110630|20260819113710|944.39
1787110635|20260819113715|944.36
1787110640|20260819113720|944.37
1787110645|20260819113725|944.38
1787110655|20260819113735|944.42
1787110660|20260819113740|944.43
1787110665|20260819113745|944.43
1787110670|20260819113750|944.49
1787110675|20260819113755|944.50
1787110680|20260819113800|944.48
1787110685|20260819113805|944.50
1787110690|20260819113810|944.49
1787110695|20260819113815|944.51
1787110700|20260819113820|944.68
1787110705|20260819113825|944.82
1787110715|20260819113835|944.84
1787110720|20260819113840|944.86
1787110725|20260819113845|944.87
1787110730|20260819113850|944.91
1787110735|20260819113855|944.91
1787110745|20260819113905|944.97
1787110750|20260819113910|944.90
1787110755|20260819113915|944.76
1787110760|20260819113920|944.73
1787110800|20260819114000|944.49
1787110805|20260819114005|944.46
1787110810|20260819114010|944.46
1787110815|20260819114015|944.37
1787110820|20260819114020|944.31
1787110825|20260819114025|944.34
1787110835|20260819114035|944.35
1787110840|20260819114040|944.39
1787110845|20260819114045|944.42
1787110850|20260819114050|944.46
1787110855|20260819114055|944.35
1787110870|20260819114110|944.38
1787110880|20260819114120|944.39
1787110895|20260819114135|944.35
1787110900|20260819114140|944.43
1787110905|20260819114145|944.44
1787110910|20260819114150|944.33
1787110915|20260819114155|944.34
1787110925|20260819114205|944.33
1787110930|20260819114210|944.34
1787110935|20260819114215|944.33
1787110940|20260819114220|944.36
1787110945|20260819114225|944.35
1787110955|20260819114235|944.29
1787110960|20260819114240|944.29
1787110970|20260819114250|944.29
1787110990|20260819114310|944.29
1787110995|20260819114315|944.30
1787111000|20260819114320|944.33
1787111005|20260819114325|944.33
1787111025|20260819114345|944.50
1787111030|20260819114350|944.43
1787111035|20260819114355|944.42
1787111045|20260819114405|944.40
1787111050|20260819114410|944.39
1787111055|20260819114415|944.45
1787111065|20260819114425|944.47
1787111075|20260819114435|944.47
1787111100|20260819114500|944.64
1787111105|20260819114505|944.60
1787111110|20260819114510|944.64
1787111115|20260819114515|944.65
1787111120|20260819114520|944.66
1787111125|20260819114525|944.64
1787111135|20260819114535|944.63
1787111140|20260819114540|944.56
1787111150|20260819114550|944.40
1787111165|20260819114605|944.41
1787111170|20260819114610|944.38
1787111175|20260819114615|944.44
1787111180|20260819114620|944.43
1787111185|20260819114625|944.43
1787111200|20260819114640|944.41
1787111225|20260819114705|944.41
1787111235|20260819114715|944.45
1787111240|20260819114720|944.45
1787111255|20260819114735|944.43
1787111260|20260819114740|944.51
1787111265|20260819114745|944.56
1787111270|20260819114750|944.55
1787111275|20260819114755|944.53
1787111285|20260819114805|944.38
1787111290|20260819114810|944.43
1787111315|20260819114835|944.35
1787111320|20260819114840|944.34
1787111325|20260819114845|944.31
1787111330|20260819114850|944.32
1787111335|20260819114855|944.24
1787111340|20260819114900|944.26
1787111345|20260819114905|944.21
1787111355|20260819114915|944.16
1787111360|20260819114920|944.17
1787111365|20260819114925|944.30
1787111385|20260819114945|944.46
1787111400|20260819115000|944.45
1787111405|20260819115005|944.47
1787111410|20260819115010|944.51
1787111415|20260819115015|944.57
1787111420|20260819115020|944.56
1787111425|20260819115025|944.57
1787111435|20260819115035|944.59
1787111440|20260819115040|944.58
1787111445|20260819115045|944.60
1787111450|20260819115050|944.58
1787111455|20260819115055|944.58
1787111460|20260819115100|944.56
1787111465|20260819115105|944.57
1787111470|20260819115110|944.52
1787111475|20260819115115|944.51
1787111480|20260819115120|944.43
1787111485|20260819115125|944.42
1787111495|20260819115135|944.38
1787111530|20260819115210|944.39
1787111535|20260819115215|944.45
1787111540|20260819115220|944.36
1787111555|20260819115235|944.39
1787111560|20260819115240|944.41
1787111565|20260819115245|944.38
1787111585|20260819115305|944.46
1787111595|20260819115315|944.47
1787111600|20260819115320|944.46
1787111605|20260819115325|944.46
1787111620|20260819115340|944.29
1787111625|20260819115345|944.27
1787111645|20260819115405|944.24
1787111650|20260819115410|944.19
1787111655|20260819115415|944.18
1787111660|20260819115420|944.17
1787111700|20260819115500|944.06
1787111705|20260819115505|944.04
1787111710|20260819115510|944.03
1787111715|20260819115515|944.00
1787111720|20260819115520|944.01
1787111735|20260819115535|944.07
1787111740|20260819115540|944.10
1787111745|20260819115545|944.10
1787111755|20260819115555|944.12
1787111765|20260819115605|944.17
1787111770|20260819115610|944.12
1787111775|20260819115615|944.13
1787111780|20260819115620|944.11
1787111795|20260819115635|944.09
1787111800|20260819115640|944.08
1787111805|20260819115645|944.08
1787111810|20260819115650|944.12
1787111815|20260819115655|944.12
1787111825|20260819115705|944.07
1787111830|20260819115710|944.04
1787111835|20260819115715|944.03
1787111845|20260819115725|944.06
1787111855|20260819115735|944.05
1787111865|20260819115745|943.97
1787111870|20260819115750|943.96
1787111875|20260819115755|943.91
1787111895|20260819115815|943.97
1787111900|20260819115820|943.97
1787111905|20260819115825|943.96
1787111915|20260819115835|943.92
1787111920|20260819115840|943.92
1787111925|20260819115845|943.94
1787111930|20260819115850|943.91
1787111935|20260819115855|943.92
1787111945|20260819115905|943.89
1787111950|20260819115910|943.89
1787111965|20260819115925|943.87
1787112010|20260819120010|943.91
1787112015|20260819120015|943.87
1787112020|20260819120020|943.87
1787112040|20260819120040|943.95
1787112045|20260819120045|943.91
1787112055|20260819120055|943.90
1787112060|20260819120100|943.90
1787112065|20260819120105|943.92
1787112070|20260819120110|943.84
1787112075|20260819120115|943.89
1787112080|20260819120120|943.90
1787112095|20260819120135|943.95
1787112100|20260819120140|943.98
1787112105|20260819120145|943.98
1787112110|20260819120150|944.01
1787112115|20260819120155|943.99
1787112125|20260819120205|944.02
1787112130|20260819120210|944.01
1787112135|20260819120215|944.01
1787112140|20260819120220|944.04
1787112145|20260819120225|944.01
1787112155|20260819120235|944.03
1787112165|20260819120245|944.04
1787112170|20260819120250|943.96
1787112175|20260819120255|943.97
1787112180|20260819120300|944.01
1787112190|20260819120310|944.00
1787112195|20260819120315|943.93
1787112205|20260819120325|943.90
1787112220|20260819120340|943.86
1787112225|20260819120345|943.90
1787112230|20260819120350|943.86
1787112235|20260819120355|943.88
1787112245|20260819120405|943.74
1787112250|20260819120410|943.59
1787112255|20260819120415|943.65
1787112260|20260819120420|943.62
1787112265|20260819120425|943.62
1787112305|20260819120505|943.65
1787112315|20260819120515|943.59
1787112320|20260819120520|943.63
1787112325|20260819120525|943.61
1787112335|20260819120535|943.49
1787112340|20260819120540|943.47
1787112345|20260819120545|943.69
1787112350|20260819120550|943.70
1787112365|20260819120605|943.78
1787112370|20260819120610|943.79
1787112375|20260819120615|943.79
1787112380|20260819120620|943.82
1787112385|20260819120625|943.72
1787112395|20260819120635|943.71
1787112400|20260819120640|943.70
1787112405|20260819120645|943.69
1787112410|20260819120650|943.69
1787112425|20260819120705|943.61
1787112430|20260819120710|943.60
1787112435|20260819120715|943.62
1787112440|20260819120720|943.62
1787112455|20260819120735|943.63
1787112460|20260819120740|943.63
1787112475|20260819120755|943.68
1787112480|20260819120800|943.71
1787112485|20260819120805|943.68
1787112490|20260819120810|943.68
1787112495|20260819120815|943.69
1787112500|20260819120820|943.65
1787112505|20260819120825|943.68
1787112515|20260819120835|943.70
1787112520|20260819120840|943.70
1787112525|20260819120845|943.69
1787112530|20260819120850|943.64
1787112535|20260819120855|943.64
1787112545|20260819120905|943.65
1787112550|20260819120910|943.63
1787112555|20260819120915|943.66
1787112560|20260819120920|943.72
1787112565|20260819120925|943.72
1787112575|20260819120935|943.69
1787112600|20260819121000|943.70
1787112605|20260819121005|943.76
1787112610|20260819121010|943.77
1787112615|20260819121015|943.69
1787112625|20260819121025|943.72
1787112635|20260819121035|943.61
1787112650|20260819121050|943.59
1787112665|20260819121105|943.74
1787112675|20260819121115|943.78
1787112680|20260819121120|943.79
1787112685|20260819121125|943.82
1787112695|20260819121135|943.78
1787112705|20260819121145|943.74
1787112710|20260819121150|943.75
1787112715|20260819121155|943.71
1787112730|20260819121210|943.67
1787112735|20260819121215|943.67
1787112740|20260819121220|943.57
1787112755|20260819121235|943.75
1787112760|20260819121240|943.74
1787112770|20260819121250|943.79
1787112775|20260819121255|943.77
1787112780|20260819121300|943.74
1787112785|20260819121305|943.75
1787112790|20260819121310|943.72
1787112795|20260819121315|943.68
1787112800|20260819121320|943.66
1787112805|20260819121325|943.65
1787112815|20260819121335|943.68
1787112825|20260819121345|943.73
1787112835|20260819121355|943.71
1787112845|20260819121405|943.68
1787112850|20260819121410|943.70
1787112855|20260819121415|943.70
1787112860|20260819121420|943.65
1787112865|20260819121425|943.65
1787112900|20260819121500|943.79
1787112910|20260819121510|943.62
1787112920|20260819121520|943.54
1787112925|20260819121525|943.55
1787112935|20260819121535|943.46
1787112940|20260819121540|943.46
1787112945|20260819121545|943.48
1787112950|20260819121550|943.48
1787112965|20260819121605|943.43
1787112970|20260819121610|943.44
1787112975|20260819121615|943.39
1787112980|20260819121620|943.38
1787112985|20260819121625|943.29
1787112995|20260819121635|943.36
1787113000|20260819121640|943.41
1787113005|20260819121645|943.42
1787113015|20260819121655|943.39
1787113025|20260819121705|943.03
1787113030|20260819121710|943.18
1787113035|20260819121715|943.14
1787113040|20260819121720|943.13
1787113045|20260819121725|943.13
1787113060|20260819121740|942.99
1787113065|20260819121745|943.02
1787113070|20260819121750|943.02
1787113075|20260819121755|942.86
1787113085|20260819121805|942.91
1787113090|20260819121810|943.01
1787113095|20260819121815|942.94
1787113100|20260819121820|943.03
1787113115|20260819121835|943.18
1787113120|20260819121840|943.14
1787113125|20260819121845|943.17
1787113130|20260819121850|943.16
1787113135|20260819121855|943.27
1787113145|20260819121905|943.36
1787113150|20260819121910|943.31
1787113155|20260819121915|943.35
1787113160|20260819121920|943.40
1787113165|20260819121925|943.32
1787113200|20260819122000|943.28
1787113220|20260819122020|943.11
1787113255|20260819122055|943.09
1787113270|20260819122110|943.01
1787113280|20260819122120|942.99
1787113305|20260819122145|943.23
1787113315|20260819122155|943.07
1787113325|20260819122205|943.13
1787113330|20260819122210|943.12
1787113335|20260819122215|943.13
1787113340|20260819122220|943.13
1787113345|20260819122225|943.22
1787113355|20260819122235|943.23
1787113360|20260819122240|943.20
1787113370|20260819122250|943.29
1787113375|20260819122255|943.31
1787113395|20260819122315|943.29
1787113415|20260819122335|943.28
1787113420|20260819122340|943.31
1787113430|20260819122350|943.34
1787113435|20260819122355|943.37
1787113440|20260819122400|943.37
1787113445|20260819122405|943.37
1787113450|20260819122410|943.35
1787113455|20260819122415|943.34
1787113465|20260819122425|943.27
1787113500|20260819122500|943.12
1787113505|20260819122505|943.13
1787113515|20260819122515|942.97
1787113535|20260819122535|943.03
1787113565|20260819122605|942.93
1787113575|20260819122615|942.96
1787113585|20260819122625|942.94
1787113600|20260819122640|942.94
1787113610|20260819122650|942.94
1787113615|20260819122655|942.94
1787113625|20260819122705|943.02
1787113630|20260819122710|943.00
1787113635|20260819122715|942.95
1787113655|20260819122735|942.86
1787113660|20260819122740|942.85
1787113665|20260819122745|942.85
1787113670|20260819122750|942.88
1787113675|20260819122755|942.87
1787113685|20260819122805|942.94
1787113695|20260819122815|942.99
1787113700|20260819122820|943.00
1787113715|20260819122835|943.04
1787113720|20260819122840|943.03
1787113725|20260819122845|943.04
1787113735|20260819122855|942.99
1787113750|20260819122910|942.98
1787113755|20260819122915|942.98
1787113760|20260819122920|943.01
1787113765|20260819122925|943.03
1787113800|20260819123000|943.02
1787113805|20260819123005|943.05
1787113810|20260819123010|943.19
1787113815|20260819123015|943.17
1787113825|20260819123025|943.15
1787113835|20260819123035|943.16
1787113840|20260819123040|943.18
1787113845|20260819123045|943.21
1787113850|20260819123050|943.16
1787113855|20260819123055|943.14
1787113865|20260819123105|943.08
1787113875|20260819123115|943.03
1787113880|20260819123120|943.02
1787113885|20260819123125|943.04
1787113895|20260819123135|942.95
1787113900|20260819123140|942.94
1787113905|20260819123145|942.98
1787113910|20260819123150|942.98
1787113915|20260819123155|943.01
1787113925|20260819123205|942.94
1787113930|20260819123210|942.85
1787113935|20260819123215|942.94
1787113940|20260819123220|942.87
1787113945|20260819123225|942.89
1787113955|20260819123235|942.87
1787113960|20260819123240|942.82
1787113965|20260819123245|942.80
1787113970|20260819123250|942.81
1787113975|20260819123255|942.82
1787113985|20260819123305|942.93
1787113995|20260819123315|942.85
1787114015|20260819123335|942.76
1787114020|20260819123340|942.75
1787114030|20260819123350|942.91
1787114035|20260819123355|942.90
1787114045|20260819123405|942.92
1787114050|20260819123410|942.85
1787114060|20260819123420|942.86
1787114065|20260819123425|942.83
1787114100|20260819123500|942.73
1787114105|20260819123505|942.72
1787114110|20260819123510|942.72
1787114115|20260819123515|942.76
1787114120|20260819123520|942.76
1787114125|20260819123525|942.91
1787114135|20260819123535|942.89
1787114140|20260819123540|942.88
1787114145|20260819123545|942.88
1787114150|20260819123550|942.84
1787114155|20260819123555|942.88
1787114165|20260819123605|942.85
1787114170|20260819123610|942.81
1787114175|20260819123615|942.86
1787114180|20260819123620|942.86
1787114185|20260819123625|942.85
1787114195|20260819123635|942.86
1787114200|20260819123640|942.87
1787114205|20260819123645|942.88
1787114210|20260819123650|942.87
1787114215|20260819123655|942.87
1787114235|20260819123715|942.75
1787114240|20260819123720|942.78
1787114245|20260819123725|942.79
1787114255|20260819123735|942.76
1787114265|20260819123745|942.77
1787114270|20260819123750|942.66
1787114275|20260819123755|942.69
1787114285|20260819123805|942.47
1787114290|20260819123810|942.45
1787114295|20260819123815|942.45
1787114300|20260819123820|942.51
1787114305|20260819123825|942.49
1787114315|20260819123835|942.40
1787114320|20260819123840|942.43
1787114325|20260819123845|942.39
1787114330|20260819123850|942.49
1787114345|20260819123905|942.15
1787114350|20260819123910|942.15
1787114355|20260819123915|942.15
1787114360|20260819123920|942.27
1787114365|20260819123925|942.23
1787114400|20260819124000|942.05
1787114405|20260819124005|942.08
1787114410|20260819124010|942.05
1787114415|20260819124015|942.09
1787114420|20260819124020|942.12
1787114425|20260819124025|942.10
1787114440|20260819124040|942.23
1787114445|20260819124045|942.18
1787114455|20260819124055|942.15
1787114465|20260819124105|942.08
1787114475|20260819124115|942.09
1787114485|20260819124125|942.19
1787114495|20260819124135|942.20
1787114500|20260819124140|942.19
1787114505|20260819124145|942.18
1787114510|20260819124150|942.12
1787114515|20260819124155|942.09
1787114525|20260819124205|942.09
1787114530|20260819124210|942.11
1787114535|20260819124215|942.12
1787114540|20260819124220|942.10
1787114545|20260819124225|942.10
1787114555|20260819124235|941.93
1787114565|20260819124245|941.83
1787114570|20260819124250|941.75
1787114575|20260819124255|941.80
1787114585|20260819124305|941.86
1787114590|20260819124310|941.90
1787114595|20260819124315|941.92
1787114600|20260819124320|941.90
1787114605|20260819124325|941.82
1787114615|20260819124335|941.77
1787114620|20260819124340|941.79
1787114635|20260819124355|941.79
1787114645|20260819124405|941.89
1787114650|20260819124410|942.00
1787114655|20260819124415|941.96
1787114660|20260819124420|941.93
1787114665|20260819124425|941.93
1787114705|20260819124505|941.97
1787114710|20260819124510|942.00
1787114715|20260819124515|941.94
1787114720|20260819124520|941.92
1787114725|20260819124525|942.02
1787114735|20260819124535|942.05
1787114740|20260819124540|941.96
1787114745|20260819124545|941.97
1787114750|20260819124550|942.00
1787114755|20260819124555|942.00
1787114765|20260819124605|942.02
1787114770|20260819124610|942.01
1787114775|20260819124615|941.97
1787114780|20260819124620|941.97
1787114785|20260819124625|941.99
1787114795|20260819124635|942.00
1787114800|20260819124640|941.99
1787114805|20260819124645|941.98
1787114810|20260819124650|942.00
1787114825|20260819124705|942.07
1787114830|20260819124710|942.01
1787114835|20260819124715|942.00
1787114840|20260819124720|941.96
1787114855|20260819124735|942.03
1787114860|20260819124740|942.04
1787114870|20260819124750|942.05
1787114885|20260819124805|941.91
1787114890|20260819124810|941.91
1787114895|20260819124815|941.94
1787114900|20260819124820|941.91
1787114905|20260819124825|941.91
1787114920|20260819124840|941.92
1787114925|20260819124845|941.92
1787114935|20260819124855|941.88
1787114945|20260819124905|941.98
1787114955|20260819124915|942.01
1787114960|20260819124920|942.02
1787114965|20260819124925|942.09
1787115000|20260819125000|942.01
1787115005|20260819125005|942.02
1787115010|20260819125010|942.03
1787115015|20260819125015|941.98
1787115020|20260819125020|941.96
1787115025|20260819125025|941.93
1787115035|20260819125035|941.75
1787115040|20260819125040|941.79
1787115045|20260819125045|941.79
1787115050|20260819125050|941.81
1787115065|20260819125105|941.73
1787115070|20260819125110|941.78
1787115075|20260819125115|941.69
1787115080|20260819125120|941.79
1787115095|20260819125135|941.79
1787115100|20260819125140|941.70
1787115105|20260819125145|941.69
1787115110|20260819125150|941.67
1787115115|20260819125155|941.75
1787115120|20260819125200|941.77
1787115125|20260819125205|941.75
1787115130|20260819125210|941.53
1787115140|20260819125220|941.63
1787115155|20260819125235|941.68
1787115160|20260819125240|941.68
1787115165|20260819125245|941.75
1787115170|20260819125250|941.75
1787115175|20260819125255|941.76
1787115185|20260819125305|941.72
1787115190|20260819125310|941.69
1787115195|20260819125315|941.67
1787115200|20260819125320|941.67
1787115205|20260819125325|941.70
1787115220|20260819125340|941.70
1787115225|20260819125345|941.61
1787115230|20260819125350|941.62
1787115235|20260819125355|941.61
1787115245|20260819125405|941.70
1787115250|20260819125410|941.70
1787115255|20260819125415|941.74
1787115260|20260819125420|941.72
1787115300|20260819125500|941.69
1787115305|20260819125505|941.68
1787115310|20260819125510|941.68
1787115315|20260819125515|941.67
1787115320|20260819125520|941.63
1787115325|20260819125525|941.68
1787115335|20260819125535|941.69
1787115340|20260819125540|941.71
1787115345|20260819125545|941.65
1787115350|20260819125550|941.77
1787115355|20260819125555|941.77
1787115365|20260819125605|941.81
1787115370|20260819125610|941.85
1787115375|20260819125615|941.76
1787115380|20260819125620|941.79
1787115385|20260819125625|942.01
1787115395|20260819125635|941.81
1787115400|20260819125640|941.81
1787115405|20260819125645|941.77
1787115410|20260819125650|941.75
1787115415|20260819125655|941.77
1787115420|20260819125700|941.71
1787115425|20260819125705|941.69
1787115430|20260819125710|941.70
1787115435|20260819125715|941.72
1787115440|20260819125720|941.69
1787115445|20260819125725|941.61
1787115455|20260819125735|941.76
1787115460|20260819125740|941.74
1787115465|20260819125745|941.79
1787115470|20260819125750|941.81
1787115475|20260819125755|941.94
1787115480|20260819125800|942.24
1787115485|20260819125805|942.36
1787115490|20260819125810|942.35
1787115495|20260819125815|942.25
1787115500|20260819125820|942.26
1787115505|20260819125825|942.31
1787115520|20260819125840|942.38
1787115530|20260819125850|942.36
1787115535|20260819125855|942.31
1787115545|20260819125905|942.34
1787115550|20260819125910|942.31
1787115555|20260819125915|942.33
1787115560|20260819125920|942.36
1787115565|20260819125925|942.34
1787115600|20260819130000|942.44
1787115605|20260819130005|942.38
1787115620|20260819130020|942.37
1787115635|20260819130035|942.60
1787115655|20260819130055|942.58
1787115665|20260819130105|942.49
1787115675|20260819130115|942.64
1787115685|20260819130125|942.87
1787115695|20260819130135|942.89
1787115700|20260819130140|942.81
1787115710|20260819130150|942.82
1787115715|20260819130155|942.67
1787115720|20260819130200|942.59
1787115725|20260819130205|942.51
1787115730|20260819130210|942.51
1787115735|20260819130215|942.47
1787115745|20260819130225|942.34
1787115755|20260819130235|942.39
1787115760|20260819130240|942.36
1787115770|20260819130250|942.28
1787115775|20260819130255|942.27
1787115790|20260819130310|942.17
1787115800|20260819130320|942.13
1787115805|20260819130325|942.03
1787115830|20260819130350|942.15
1787115835|20260819130355|942.17
1787115845|20260819130405|942.28
1787115850|20260819130410|942.23
1787115855|20260819130415|942.24
1787115860|20260819130420|942.23
1787115865|20260819130425|942.13
1787115905|20260819130505|942.10
1787115910|20260819130510|942.18
1787115915|20260819130515|942.14
1787115920|20260819130520|942.12
1787115925|20260819130525|942.12
1787115935|20260819130535|942.24
1787115940|20260819130540|942.17
1787115945|20260819130545|942.10
1787115950|20260819130550|942.10
1787115955|20260819130555|942.09
1787115965|20260819130605|942.12
1787115975|20260819130615|942.05
1787115985|20260819130625|941.89
1787116005|20260819130645|941.80
1787116025|20260819130705|941.41
1787116030|20260819130710|941.32
1787116035|20260819130715|941.31
1787116040|20260819130720|941.36
1787116055|20260819130735|941.42
1787116060|20260819130740|941.50
1787116065|20260819130745|941.47
1787116070|20260819130750|941.47
1787116075|20260819130755|941.46
1787116085|20260819130805|941.47
1787116090|20260819130810|941.45
1787116095|20260819130815|941.42
1787116100|20260819130820|941.46
1787116115|20260819130835|941.43
1787116120|20260819130840|941.36
1787116125|20260819130845|941.39
1787116135|20260819130855|941.32
1787116145|20260819130905|941.37
1787116150|20260819130910|941.24
1787116160|20260819130920|941.34
1787116200|20260819131000|941.15
1787116205|20260819131005|941.19
1787116215|20260819131015|941.11
1787116220|20260819131020|941.09
1787116225|20260819131025|941.13
1787116235|20260819131035|941.08
1787116240|20260819131040|941.06
1787116245|20260819131045|941.04
1787116250|20260819131050|940.85
1787116255|20260819131055|940.83
1787116265|20260819131105|940.79
1787116270|20260819131110|940.82
1787116275|20260819131115|940.79
1787116280|20260819131120|940.73
1787116285|20260819131125|940.67
1787116295|20260819131135|940.60
1787116300|20260819131140|940.63
1787116305|20260819131145|940.59
1787116310|20260819131150|940.63
1787116315|20260819131155|940.51
1787116325|20260819131205|940.59
1787116330|20260819131210|940.58
1787116335|20260819131215|940.54
1787116340|20260819131220|940.48
1787116345|20260819131225|940.46
1787116355|20260819131235|940.52
1787116360|20260819131240|940.52
1787116365|20260819131245|940.52
1787116370|20260819131250|940.54
1787116375|20260819131255|940.54
1787116385|20260819131305|940.50
1787116390|20260819131310|940.52
1787116405|20260819131325|940.50
1787116415|20260819131335|940.52
1787116420|20260819131340|940.53
1787116425|20260819131345|940.50
1787116430|20260819131350|940.52
1787116435|20260819131355|940.51
1787116445|20260819131405|940.55
1787116450|20260819131410|940.56
1787116455|20260819131415|940.51
1787116460|20260819131420|940.56
1787116505|20260819131505|940.38
1787116510|20260819131510|940.35
1787116515|20260819131515|940.33
1787116520|20260819131520|940.34
1787116525|20260819131525|940.38
1787116535|20260819131535|940.38
1787116540|20260819131540|940.36
1787116545|20260819131545|940.32
1787116550|20260819131550|940.35
1787116555|20260819131555|940.33
1787116560|20260819131600|940.31
1787116565|20260819131605|940.28
1787116570|20260819131610|940.27
1787116575|20260819131615|940.26
1787116580|20260819131620|940.42
1787116585|20260819131625|940.48
1787116600|20260819131640|940.50
1787116610|20260819131650|940.38
1787116615|20260819131655|940.38
1787116630|20260819131710|940.27
1787116635|20260819131715|940.26
1787116640|20260819131720|940.19
1787116655|20260819131735|940.18
1787116665|20260819131745|940.08
1787116670|20260819131750|940.01
1787116675|20260819131755|939.97
1787116685|20260819131805|940.00
1787116690|20260819131810|940.01
1787116695|20260819131815|939.96
1787116705|20260819131825|939.95
1787116715|20260819131835|940.05
1787116720|20260819131840|940.13
1787116725|20260819131845|940.10
1787116735|20260819131855|940.04
1787116750|20260819131910|939.96
1787116765|20260819131925|939.98
1787116800|20260819132000|940.06
1787116805|20260819132005|940.17
1787116810|20260819132010|940.32
1787116820|20260819132020|940.20
1787116825|20260819132025|940.20
1787116840|20260819132040|940.30
1787116845|20260819132045|940.30
1787116850|20260819132050|940.17
1787116855|20260819132055|940.20
1787116860|20260819132100|940.19
1787116865|20260819132105|940.34
1787116870|20260819132110|940.52
1787116880|20260819132120|940.53
1787116885|20260819132125|940.56
1787116895|20260819132135|940.54
1787116900|20260819132140|940.69
1787116905|20260819132145|940.65
1787116910|20260819132150|940.68
1787116915|20260819132155|940.63
1787116925|20260819132205|940.74
1787116930|20260819132210|940.73
1787116935|20260819132215|940.73
1787116940|20260819132220|940.70
1787116945|20260819132225|940.68
1787116955|20260819132235|940.60
1787116960|20260819132240|940.59
1787116965|20260819132245|940.58
1787116970|20260819132250|940.60
1787116975|20260819132255|940.61
1787116990|20260819132310|940.54
1787117000|20260819132320|940.56
1787117015|20260819132335|940.74
1787117025|20260819132345|940.79
1787117030|20260819132350|940.93
1787117035|20260819132355|940.96
1787117045|20260819132405|941.07
1787117050|20260819132410|941.10
1787117055|20260819132415|941.08
1787117060|20260819132420|941.06
1787117065|20260819132425|940.97
1787117100|20260819132500|940.95
1787117105|20260819132505|940.92
1787117110|20260819132510|940.92
1787117115|20260819132515|940.95
1787117120|20260819132520|940.94
1787117125|20260819132525|940.92
1787117140|20260819132540|940.84
1787117145|20260819132545|940.86
1787117150|20260819132550|940.77
1787117155|20260819132555|940.72
1787117165|20260819132605|940.79
1787117175|20260819132615|941.03
1787117185|20260819132625|940.91
1787117195|20260819132635|940.94
1787117200|20260819132640|940.93
1787117205|20260819132645|941.01
1787117210|20260819132650|941.01
1787117215|20260819132655|941.01
1787117220|20260819132700|941.00
1787117225|20260819132705|940.96
1787117230|20260819132710|940.91
1787117240|20260819132720|940.93
1787117245|20260819132725|940.89
1787117255|20260819132735|941.00
1787117260|20260819132740|941.04
1787117270|20260819132750|941.03
1787117275|20260819132755|941.02
1787117280|20260819132800|941.01
1787117290|20260819132810|941.06
1787117295|20260819132815|941.16
1787117300|20260819132820|941.21
1787117305|20260819132825|941.25
1787117320|20260819132840|941.35
1787117325|20260819132845|941.34
1787117330|20260819132850|941.30
1787117340|20260819132900|941.37
1787117350|20260819132910|941.52
1787117355|20260819132915|941.47
1787117360|20260819132920|941.46
1787117365|20260819132925|941.50
1787117375|20260819132935|941.70
1787117380|20260819132940|941.65
1787117385|20260819132945|941.64
1787117395|20260819132955|941.59
1787117400|20260819133000|941.58
1787117405|20260819133005|940.78
1787117410|20260819133010|941.15
1787117415|20260819133015|940.80
1787117420|20260819133020|940.84
1787117425|20260819133025|940.89
1787117435|20260819133035|940.81
1787117445|20260819133045|940.63
1787117450|20260819133050|940.58
1787117455|20260819133055|940.40
1787117460|20260819133100|940.45
1787117465|20260819133105|940.26
1787117470|20260819133110|940.39
1787117475|20260819133115|940.44
1787117480|20260819133120|940.48
1787117485|20260819133125|940.41
1787117495|20260819133135|940.30
1787117500|20260819133140|940.27
1787117505|20260819133145|940.44
1787117510|20260819133150|940.48
1787117515|20260819133155|940.52
1787117520|20260819133200|940.54
1787117525|20260819133205|940.53
1787117530|20260819133210|940.48
1787117535|20260819133215|940.78
1787117540|20260819133220|940.82
1787117545|20260819133225|940.46
1787117560|20260819133240|940.43
1787117565|20260819133245|940.45
1787117570|20260819133250|940.46
1787117575|20260819133255|940.30
1787117585|20260819133305|940.26
1787117590|20260819133310|940.19
1787117600|20260819133320|939.99
1787117605|20260819133325|939.89
1787117615|20260819133335|940.21
1787117620|20260819133340|940.39
1787117625|20260819133345|940.67
1787117630|20260819133350|940.75
1787117635|20260819133355|940.76
1787117645|20260819133405|940.91
1787117650|20260819133410|940.87
1787117665|20260819133425|940.61
1787117705|20260819133505|939.94
1787117715|20260819133515|939.91
1787117725|20260819133525|939.96
1787117735|20260819133535|939.84
1787117740|20260819133540|939.91
1787117745|20260819133545|939.95
1787117750|20260819133550|940.08
1787117755|20260819133555|940.05
1787117765|20260819133605|940.11
1787117770|20260819133610|940.15
1787117780|20260819133620|940.22
1787117785|20260819133625|940.27
1787117795|20260819133635|940.25
1787117800|20260819133640|940.33
1787117805|20260819133645|940.33
1787117810|20260819133650|940.36
1787117815|20260819133655|940.48
1787117830|20260819133710|940.67
1787117835|20260819133715|940.58
1787117840|20260819133720|940.48
1787117845|20260819133725|940.39
1787117855|20260819133735|940.45
1787117860|20260819133740|940.39
1787117865|20260819133745|940.40
1787117870|20260819133750|940.37
1787117875|20260819133755|940.19
1787117885|20260819133805|940.19
1787117890|20260819133810|940.11
1787117895|20260819133815|940.10
1787117900|20260819133820|940.04
1787117905|20260819133825|939.96
1787117925|20260819133845|940.04
1787117930|20260819133850|940.24
1787117935|20260819133855|940.36
1787117940|20260819133900|940.50
1787117945|20260819133905|940.39
1787117950|20260819133910|940.51
1787117955|20260819133915|940.54
1787117960|20260819133920|940.61
1787117990|20260819133950|940.99
1787118000|20260819134000|940.94
1787118005|20260819134005|941.07
1787118010|20260819134010|941.00
1787118015|20260819134015|941.01
1787118020|20260819134020|940.96
1787118040|20260819134040|940.96
1787118045|20260819134045|940.86
1787118050|20260819134050|940.81
1787118055|20260819134055|940.80
1787118065|20260819134105|940.81
1787118070|20260819134110|940.80
1787118075|20260819134115|940.77
1787118080|20260819134120|940.79
1787118085|20260819134125|940.79
1787118095|20260819134135|940.82
1787118105|20260819134145|940.76
1787118115|20260819134155|940.74
1787118130|20260819134210|940.72
1787118135|20260819134215|940.67
1787118140|20260819134220|940.70
1787118155|20260819134235|940.81
1787118160|20260819134240|940.81
1787118170|20260819134250|940.97
1787118175|20260819134255|941.13
1787118185|20260819134305|941.02
1787118190|20260819134310|941.03
1787118195|20260819134315|940.99
1787118200|20260819134320|940.94
1787118205|20260819134325|941.03
1787118215|20260819134335|940.95
1787118220|20260819134340|940.78
1787118225|20260819134345|940.73
1787118230|20260819134350|940.48
1787118235|20260819134355|940.54
1787118245|20260819134405|940.54
1787118250|20260819134410|940.43
1787118255|20260819134415|940.41
1787118260|20260819134420|940.60
1787118265|20260819134425|940.66
1787118300|20260819134500|940.91
1787118305|20260819134505|940.84
1787118310|20260819134510|940.75
1787118315|20260819134515|940.54
1787118340|20260819134540|939.97
1787118355|20260819134555|940.05
1787118365|20260819134605|940.24
1787118370|20260819134610|940.23
1787118375|20260819134615|940.26
1787118385|20260819134625|940.28
1787118395|20260819134635|940.16
1787118400|20260819134640|940.30
1787118405|20260819134645|940.27
1787118410|20260819134650|940.30
1787118415|20260819134655|940.14
1787118425|20260819134705|940.05
1787118430|20260819134710|940.10
1787118435|20260819134715|939.85
1787118440|20260819134720|939.60
1787118445|20260819134725|939.75
1787118455|20260819134735|939.68
1787118460|20260819134740|939.51
1787118465|20260819134745|939.46
1787118475|20260819134755|939.60
1787118485|20260819134805|939.66
1787118490|20260819134810|939.58
1787118495|20260819134815|939.68
1787118515|20260819134835|939.67
1787118520|20260819134840|939.67
1787118525|20260819134845|939.81
1787118530|20260819134850|939.84
1787118535|20260819134855|939.97
1787118545|20260819134905|939.91
1787118555|20260819134915|939.77
1787118560|20260819134920|939.81
1787118600|20260819135000|939.79
1787118605|20260819135005|939.79
1787118620|20260819135020|939.48
1787118625|20260819135025|939.53
1787118635|20260819135035|939.67
1787118640|20260819135040|939.65
1787118645|20260819135045|939.83
1787118650|20260819135050|939.78
1787118655|20260819135055|939.78
1787118665|20260819135105|939.77
1787118670|20260819135110|939.76
1787118680|20260819135120|939.75
1787118685|20260819135125|939.78
1787118695|20260819135135|939.87
1787118700|20260819135140|939.67
1787118710|20260819135150|939.64
1787118715|20260819135155|939.64
1787118725|20260819135205|939.71
1787118730|20260819135210|939.82
1787118740|20260819135220|939.59
1787118755|20260819135235|939.52
1787118770|20260819135250|939.70
1787118775|20260819135255|939.66
1787118785|20260819135305|939.62
1787118790|20260819135310|939.48
1787118805|20260819135325|939.70
1787118825|20260819135345|939.97
1787118830|20260819135350|939.98
1787118850|20260819135410|939.77
1787118860|20260819135420|939.77
1787118895|20260819135455|939.50
1787118920|20260819135520|939.48
1787118925|20260819135525|939.49
1787118935|20260819135535|939.73
1787118950|20260819135550|939.67
1787118955|20260819135555|939.69
1787118965|20260819135605|939.53
1787118980|20260819135620|939.56
1787118995|20260819135635|939.74
1787119000|20260819135640|939.83
1787119025|20260819135705|939.85
1787119035|20260819135715|939.76
1787119040|20260819135720|939.77
1787119060|20260819135740|939.97
1787119070|20260819135750|940.03
1787119075|20260819135755|940.15
1787119090|20260819135810|940.11
1787119095|20260819135815|939.99
1787119100|20260819135820|940.05
1787119105|20260819135825|940.06
1787119115|20260819135835|939.93
1787119120|20260819135840|939.96
1787119130|20260819135850|939.88
1787119135|20260819135855|939.91
1787119145|20260819135905|939.86
1787119150|20260819135910|939.81
1787119155|20260819135915|939.82
1787119160|20260819135920|939.79
1787119165|20260819135925|939.80
1787119180|20260819135940|939.78
1787119200|20260819140000|939.49
1787119205|20260819140005|939.63
1787119215|20260819140015|939.90
1787119240|20260819140040|940.34
1787119250|20260819140050|940.52
1787119255|20260819140055|940.39
1787119265|20260819140105|940.66
1787119270|20260819140110|940.65
1787119275|20260819140115|940.20
1787119280|20260819140120|940.24
1787119295|20260819140135|940.02
1787119300|20260819140140|940.03
1787119305|20260819140145|939.99
1787119310|20260819140150|939.98
1787119315|20260819140155|939.87
1787119325|20260819140205|939.97
1787119335|20260819140215|940.09
1787119345|20260819140225|939.99
1787119355|20260819140235|940.05
1787119370|20260819140250|940.29
1787119375|20260819140255|940.26
1787119385|20260819140305|940.24
1787119400|20260819140320|939.98
1787119405|20260819140325|940.20
1787119430|20260819140350|939.62
1787119435|20260819140355|939.57
1787119445|20260819140405|939.71
1787119450|20260819140410|939.76
1787119455|20260819140415|939.75
1787119460|20260819140420|939.76
1787119465|20260819140425|939.80
1787119480|20260819140440|940.06
1787119490|20260819140450|939.78
1787119505|20260819140505|939.85
1787119510|20260819140510|940.09
1787119515|20260819140515|939.96
1787119520|20260819140520|940.00
1787119525|20260819140525|940.19
1787119535|20260819140535|940.13
1787119540|20260819140540|939.98
1787119545|20260819140545|940.02
1787119550|20260819140550|940.09
1787119555|20260819140555|940.05
1787119565|20260819140605|940.05
1787119570|20260819140610|939.91
1787119575|20260819140615|939.99
1787119580|20260819140620|940.01
1787119585|20260819140625|939.97
1787119590|20260819140630|940.02
1787119595|20260819140635|940.02
1787119600|20260819140640|939.96
1787119605|20260819140645|939.73
1787119610|20260819140650|939.81
1787119615|20260819140655|939.77
1787119620|20260819140700|939.89
1787119625|20260819140705|939.88
1787119630|20260819140710|939.85
1787119640|20260819140720|939.62
1787119645|20260819140725|939.78
1787119655|20260819140735|939.96
1787119660|20260819140740|939.91
1787119665|20260819140745|939.90
1787119670|20260819140750|939.83
1787119675|20260819140755|939.78
1787119680|20260819140800|939.72
1787119685|20260819140805|939.66
1787119690|20260819140810|939.61
1787119695|20260819140815|939.56
1787119700|20260819140820|939.51
1787119705|20260819140825|939.57
1787119710|20260819140830|939.53
1787119720|20260819140840|939.52
1787119725|20260819140845|939.50
1787119730|20260819140850|939.65
1787119735|20260819140855|940.00
1787119740|20260819140900|939.94
1787119745|20260819140905|940.17
1787119750|20260819140910|940.22
1787119755|20260819140915|940.15
1787119760|20260819140920|940.04
1787119765|20260819140925|940.02
1787119780|20260819140940|940.26
1787119800|20260819141000|940.22
1787119810|20260819141010|940.28
1787119820|20260819141020|940.30
1787119825|20260819141025|940.35
1787119840|20260819141040|940.34
1787119845|20260819141045|940.48
1787119855|20260819141055|940.61
1787119870|20260819141110|940.68
1787119875|20260819141115|940.66
1787119880|20260819141120|940.69
1787119885|20260819141125|940.70
1787119895|20260819141135|940.71
1787119900|20260819141140|940.69
1787119915|20260819141155|940.49
1787119930|20260819141210|940.38
1787119935|20260819141215|940.41
1787119940|20260819141220|940.36
1787119945|20260819141225|940.39
1787119955|20260819141235|940.30
1787119960|20260819141240|940.38
1787119965|20260819141245|940.33
1787119970|20260819141250|940.31
1787119975|20260819141255|940.30
1787119990|20260819141310|940.25
1787119995|20260819141315|940.36
1787120000|20260819141320|940.33
1787120005|20260819141325|940.24
1787120015|20260819141335|940.15
1787120020|20260819141340|940.10
1787120025|20260819141345|940.29
1787120030|20260819141350|940.17
1787120035|20260819141355|939.84
1787120045|20260819141405|939.77
1787120050|20260819141410|939.94
1787120060|20260819141420|939.92
1787120065|20260819141425|939.96
1787120105|20260819141505|939.74
1787120110|20260819141510|939.80
1787120115|20260819141515|939.88
1787120120|20260819141520|939.82
1787120125|20260819141525|939.87
1787120135|20260819141535|939.90
1787120140|20260819141540|939.95
1787120145|20260819141545|940.17
1787120150|20260819141550|940.42
1787120155|20260819141555|940.54
1787120165|20260819141605|940.43
1787120170|20260819141610|940.45
1787120180|20260819141620|940.49
1787120185|20260819141625|940.48
1787120195|20260819141635|940.57
1787120205|20260819141645|940.61
1787120210|20260819141650|940.64
1787120215|20260819141655|940.64
1787120235|20260819141715|940.83
1787120240|20260819141720|940.93
1787120245|20260819141725|940.97
1787120255|20260819141735|941.22
1787120260|20260819141740|941.03
1787120285|20260819141805|941.08
1787120295|20260819141815|941.15
1787120315|20260819141835|941.19
1787120320|20260819141840|941.24
1787120325|20260819141845|941.20
1787120330|20260819141850|941.38
1787120335|20260819141855|941.48
1787120345|20260819141905|941.40
1787120350|20260819141910|941.52
1787120355|20260819141915|941.51
1787120360|20260819141920|941.46
1787120365|20260819141925|941.47
1787120405|20260819142005|941.40
1787120415|20260819142015|941.41
1787120425|20260819142025|941.79
1787120435|20260819142035|941.98
1787120440|20260819142040|941.78
1787120450|20260819142050|941.86
1787120455|20260819142055|941.87
1787120465|20260819142105|941.71
1787120470|20260819142110|941.72
1787120475|20260819142115|941.70
1787120480|20260819142120|941.85
1787120495|20260819142135|941.83
1787120505|20260819142145|941.73
1787120510|20260819142150|941.62
1787120515|20260819142155|941.67
1787120530|20260819142210|941.61
1787120535|20260819142215|941.62
1787120540|20260819142220|941.62
1787120545|20260819142225|941.55
1787120555|20260819142235|941.33
1787120560|20260819142240|941.35
1787120565|20260819142245|941.31
1787120575|20260819142255|941.41
1787120585|20260819142305|941.42
1787120590|20260819142310|941.49
1787120595|20260819142315|941.45
1787120600|20260819142320|941.43
1787120605|20260819142325|941.63
1787120615|20260819142335|941.63
1787120620|20260819142340|941.59
1787120625|20260819142345|941.52
1787120630|20260819142350|941.61
1787120645|20260819142405|941.53
1787120650|20260819142410|941.51
1787120655|20260819142415|941.60
1787120660|20260819142420|941.57
1787120665|20260819142425|941.66
1787120705|20260819142505|941.52
1787120710|20260819142510|941.48
1787120715|20260819142515|941.42
1787120720|20260819142520|941.44
1787120725|20260819142525|941.33
1787120735|20260819142535|941.38
1787120740|20260819142540|941.29
1787120745|20260819142545|941.14
1787120765|20260819142605|941.33
1787120770|20260819142610|941.38
1787120775|20260819142615|941.32
1787120780|20260819142620|941.23
1787120785|20260819142625|941.26
1787120795|20260819142635|941.31
1787120805|20260819142645|941.28
1787120815|20260819142655|940.96
1787120840|20260819142720|940.76
1787120845|20260819142725|940.62
1787120855|20260819142735|940.63
1787120860|20260819142740|940.60
1787120865|20260819142745|940.53
1787120870|20260819142750|940.52
1787120875|20260819142755|940.53
1787120885|20260819142805|940.59
1787120890|20260819142810|940.61
1787120895|20260819142815|940.59
1787120900|20260819142820|940.52
1787120915|20260819142835|940.39
1787120920|20260819142840|940.34
1787120925|20260819142845|940.36
1787120930|20260819142850|940.24
1787120935|20260819142855|940.29
1787120950|20260819142910|940.54
1787120955|20260819142915|940.58
1787120960|20260819142920|940.59
1787120965|20260819142925|940.60
1787120995|20260819142955|940.78
1787121000|20260819143000|940.72
1787121005|20260819143005|940.75
1787121010|20260819143010|940.55
1787121015|20260819143015|940.75
1787121020|20260819143020|940.61
1787121025|20260819143025|940.57
1787121035|20260819143035|940.51
1787121040|20260819143040|940.44
1787121045|20260819143045|940.69
1787121050|20260819143050|940.81
1787121060|20260819143100|940.28
1787121065|20260819143105|940.13
1787121070|20260819143110|940.02
1787121075|20260819143115|939.97
1787121080|20260819143120|940.19
1787121095|20260819143135|939.87
1787121100|20260819143140|939.66
1787121105|20260819143145|939.64
1787121115|20260819143155|939.81
1787121125|20260819143205|939.63
1787121130|20260819143210|939.83
1787121135|20260819143215|939.83
1787121140|20260819143220|939.77
1787121145|20260819143225|939.71
1787121155|20260819143235|939.66
1787121160|20260819143240|939.71
1787121170|20260819143250|939.60
1787121175|20260819143255|939.68
1787121180|20260819143300|939.67
1787121185|20260819143305|939.77
1787121190|20260819143310|939.80
1787121195|20260819143315|939.88
1787121200|20260819143320|939.86
1787121215|20260819143335|940.00
1787121220|20260819143340|940.01
1787121235|20260819143355|939.99
1787121245|20260819143405|939.99
1787121250|20260819143410|940.07
1787121255|20260819143415|940.01
1787121260|20260819143420|939.72
1787121300|20260819143500|939.83
1787121305|20260819143505|939.90
1787121310|20260819143510|939.89
1787121315|20260819143515|940.04
1787121320|20260819143520|939.98
1787121325|20260819143525|939.92
1787121335|20260819143535|940.03
1787121345|20260819143545|940.04
1787121350|20260819143550|939.99
1787121355|20260819143555|940.02
1787121360|20260819143600|940.07
1787121365|20260819143605|940.07
1787121370|20260819143610|940.08
1787121375|20260819143615|940.07
1787121380|20260819143620|940.13
1787121385|20260819143625|940.23
1787121395|20260819143635|940.25
1787121400|20260819143640|940.27
1787121405|20260819143645|940.33
1787121410|20260819143650|940.56
1787121430|20260819143710|940.59
1787121435|20260819143715|940.72
1787121440|20260819143720|940.74
1787121445|20260819143725|940.95
1787121455|20260819143735|940.89
1787121465|20260819143745|940.91
1787121470|20260819143750|941.04
1787121485|20260819143805|941.04
1787121490|20260819143810|941.11
1787121495|20260819143815|941.13
1787121505|20260819143825|941.02
1787121525|20260819143845|940.92
1787121530|20260819143850|940.89
1787121545|20260819143905|940.75
1787121550|20260819143910|940.77
1787121560|20260819143920|940.93
1787121565|20260819143925|940.93
1787121605|20260819144005|940.98
1787121610|20260819144010|941.00
1787121615|20260819144015|941.00
1787121620|20260819144020|940.74
1787121625|20260819144025|940.70
1787121635|20260819144035|940.89
1787121640|20260819144040|940.89
1787121645|20260819144045|940.79
1787121655|20260819144055|940.81
1787121665|20260819144105|940.77
1787121670|20260819144110|940.79
1787121675|20260819144115|940.78
1787121680|20260819144120|940.60
1787121685|20260819144125|940.65
1787121705|20260819144145|940.63
1787121715|20260819144155|940.76
1787121730|20260819144210|940.55
1787121735|20260819144215|940.91
1787121740|20260819144220|940.79
1787121745|20260819144225|940.81
1787121755|20260819144235|940.62
1787121770|20260819144250|940.59
1787121775|20260819144255|940.61
1787121785|20260819144305|940.65
1787121790|20260819144310|940.65
1787121795|20260819144315|940.71
1787121800|20260819144320|940.77
1787121805|20260819144325|940.68
1787121815|20260819144335|940.75
1787121820|20260819144340|940.83
1787121825|20260819144345|940.71
1787121830|20260819144350|940.75
1787121835|20260819144355|940.81
1787121850|20260819144410|940.70
1787121855|20260819144415|940.67
1787121860|20260819144420|940.68
1787121865|20260819144425|940.51
1787121900|20260819144500|940.56
1787121905|20260819144505|940.55
1787121910|20260819144510|940.34
1787121915|20260819144515|940.38
1787121920|20260819144520|940.40
1787121925|20260819144525|940.36
1787121935|20260819144535|940.48
1787121940|20260819144540|940.47
1787121945|20260819144545|940.47
1787121950|20260819144550|940.47
1787121955|20260819144555|940.47
1787121965|20260819144605|940.49
1787121970|20260819144610|940.57
1787121975|20260819144615|940.47
1787121980|20260819144620|940.52
1787121985|20260819144625|940.57
1787121995|20260819144635|940.60
1787122000|20260819144640|940.64
1787122005|20260819144645|940.64
1787122010|20260819144650|940.69
1787122015|20260819144655|940.69
1787122025|20260819144705|940.71
1787122030|20260819144710|940.78
1787122035|20260819144715|940.68
1787122040|20260819144720|940.77
1787122045|20260819144725|940.74
1787122055|20260819144735|940.87
1787122060|20260819144740|940.94
1787122065|20260819144745|940.85
1787122070|20260819144750|940.85
1787122075|20260819144755|940.83
1787122085|20260819144805|940.84
1787122090|20260819144810|940.84
1787122100|20260819144820|940.79
1787122105|20260819144825|940.69
1787122125|20260819144845|940.76
1787122130|20260819144850|940.77
1787122135|20260819144855|940.70
1787122155|20260819144915|940.81
1787122160|20260819144920|940.77
1787122165|20260819144925|940.79
1787122200|20260819145000|940.92
1787122205|20260819145005|941.00
1787122210|20260819145010|941.13
1787122215|20260819145015|941.04
1787122220|20260819145020|941.00
1787122225|20260819145025|941.02
1787122235|20260819145035|941.18
1787122240|20260819145040|941.21
1787122245|20260819145045|941.15
1787122250|20260819145050|941.22
1787122255|20260819145055|941.18
1787122265|20260819145105|941.19
1787122280|20260819145120|941.21
1787122300|20260819145140|941.57
1787122305|20260819145145|941.61
1787122315|20260819145155|941.57
1787122325|20260819145205|941.41
1787122335|20260819145215|941.36
1787122340|20260819145220|941.40
1787122345|20260819145225|941.40
1787122355|20260819145235|941.25
1787122360|20260819145240|941.23
1787122365|20260819145245|941.27
1787122370|20260819145250|941.32
1787122380|20260819145300|941.42
1787122385|20260819145305|941.35
1787122390|20260819145310|941.42
1787122395|20260819145315|941.44
1787122400|20260819145320|941.47
1787122405|20260819145325|941.48
1787122415|20260819145335|941.49
1787122420|20260819145340|941.45
1787122425|20260819145345|941.50
1787122430|20260819145350|941.46
1787122435|20260819145355|941.49
1787122440|20260819145400|941.62
1787122445|20260819145405|941.65
1787122450|20260819145410|941.68
1787122455|20260819145415|941.70
1787122460|20260819145420|941.71
1787122465|20260819145425|941.70
1787122500|20260819145500|941.79
1787122505|20260819145505|941.83
1787122510|20260819145510|941.85
1787122515|20260819145515|941.79
1787122520|20260819145520|941.90
1787122525|20260819145525|941.91
1787122535|20260819145535|941.94
1787122550|20260819145550|942.04
1787122555|20260819145555|942.00
1787122565|20260819145605|941.98
1787122570|20260819145610|942.06
1787122575|20260819145615|942.03
1787122580|20260819145620|941.98
1787122585|20260819145625|941.99
1787122595|20260819145635|942.05
1787122600|20260819145640|942.08
1787122605|20260819145645|941.96
1787122610|20260819145650|941.97
1787122615|20260819145655|942.03
1787122625|20260819145705|941.96
1787122630|20260819145710|941.94
1787122635|20260819145715|941.90
1787122640|20260819145720|941.91
1787122645|20260819145725|941.95
1787122655|20260819145735|941.90
1787122660|20260819145740|941.90
1787122665|20260819145745|941.91
1787122670|20260819145750|942.00
1787122675|20260819145755|941.98
1787122685|20260819145805|942.05
1787122690|20260819145810|942.05
1787122695|20260819145815|941.87
1787122700|20260819145820|941.93
1787122705|20260819145825|941.91
1787122715|20260819145835|942.00
1787122720|20260819145840|941.99
1787122725|20260819145845|941.90
1787122730|20260819145850|941.92
1787122735|20260819145855|942.01
1787122745|20260819145905|942.03
1787122750|20260819145910|942.08
1787122755|20260819145915|942.06
1787122760|20260819145920|942.03
1787122765|20260819145925|942.06
1787122800|20260819150000|942.20
1787122805|20260819150005|942.21
1787122810|20260819150010|942.34
1787122815|20260819150015|942.18
1787122820|20260819150020|942.20
1787122825|20260819150025|942.31
1787122830|20260819150030|942.36
1787122835|20260819150035|942.36
1787122840|20260819150040|942.35
1787122845|20260819150045|942.29
1787122850|20260819150050|942.26
1787122855|20260819150055|942.33
1787122865|20260819150105|942.29
1787122870|20260819150110|942.31
1787122875|20260819150115|942.36
1787122880|20260819150120|942.38
1787122890|20260819150130|942.14
1787122895|20260819150135|942.28
1787122900|20260819150140|941.92
1787122905|20260819150145|941.92
1787122910|20260819150150|942.10
1787122915|20260819150155|942.18
1787122925|20260819150205|942.41
1787122930|20260819150210|942.58
1787122935|20260819150215|942.64
1787122940|20260819150220|942.57
1787122945|20260819150225|942.59
1787122955|20260819150235|942.64
1787122960|20260819150240|942.69
1787122965|20260819150245|942.67
1787122970|20260819150250|942.59
1787122975|20260819150255|942.59
1787122980|20260819150300|942.56
1787122985|20260819150305|942.56
1787123000|20260819150320|942.51
1787123005|20260819150325|942.58
1787123015|20260819150335|942.59
1787123025|20260819150345|942.48
1787123030|20260819150350|942.49
1787123035|20260819150355|942.53
1787123040|20260819150400|942.55
1787123045|20260819150405|942.53
1787123050|20260819150410|942.52
1787123055|20260819150415|942.45
1787123060|20260819150420|942.27
1787123065|20260819150425|942.24
1787123070|20260819150430|942.13
1787123075|20260819150435|942.11
1787123095|20260819150455|941.96
1787123100|20260819150500|941.97
1787123110|20260819150510|941.96
1787123115|20260819150515|941.98
1787123120|20260819150520|942.06
1787123135|20260819150535|942.17
1787123140|20260819150540|942.19
1787123145|20260819150545|942.30
1787123150|20260819150550|942.29
1787123155|20260819150555|942.18
1787123165|20260819150605|942.19
1787123170|20260819150610|942.20
1787123175|20260819150615|942.20
1787123180|20260819150620|942.20
1787123185|20260819150625|942.14
1787123195|20260819150635|942.18
1787123200|20260819150640|942.19
1787123205|20260819150645|942.24
1787123210|20260819150650|942.15
1787123215|20260819150655|942.09
1787123225|20260819150705|942.08
1787123230|20260819150710|942.10
1787123240|20260819150720|942.12
1787123245|20260819150725|942.19
1787123260|20260819150740|942.27
1787123265|20260819150745|942.46
1787123270|20260819150750|942.51
1787123275|20260819150755|942.47
1787123285|20260819150805|942.43
1787123290|20260819150810|942.43
1787123295|20260819150815|942.42
1787123300|20260819150820|942.52
1787123305|20260819150825|942.53
1787123315|20260819150835|942.78
1787123320|20260819150840|942.91
1787123325|20260819150845|942.89
1787123330|20260819150850|942.84
1787123335|20260819150855|942.77
1787123350|20260819150910|942.97
1787123355|20260819150915|942.95
1787123360|20260819150920|943.01
1787123365|20260819150925|943.00
1787123400|20260819151000|943.13
1787123405|20260819151005|943.13
1787123410|20260819151010|943.16
1787123415|20260819151015|943.17
1787123420|20260819151020|943.19
1787123425|20260819151025|943.23
1787123435|20260819151035|943.19
1787123440|20260819151040|943.07
1787123445|20260819151045|943.11
1787123450|20260819151050|943.12
1787123455|20260819151055|943.08
1787123465|20260819151105|942.99
1787123470|20260819151110|943.10
1787123480|20260819151120|942.99
1787123485|20260819151125|942.96
1787123495|20260819151135|942.80
1787123500|20260819151140|942.82
1787123505|20260819151145|942.83
1787123510|20260819151150|942.97
1787123515|20260819151155|942.96
1787123520|20260819151200|942.94
1787123525|20260819151205|942.94
1787123535|20260819151215|942.89
1787123540|20260819151220|942.89
1787123545|20260819151225|942.92
1787123555|20260819151235|942.93
1787123560|20260819151240|942.96
1787123565|20260819151245|942.95
1787123570|20260819151250|942.91
1787123575|20260819151255|942.94
1787123580|20260819151300|942.91
1787123585|20260819151305|942.90
1787123590|20260819151310|942.96
1787123595|20260819151315|942.95
1787123600|20260819151320|942.96
1787123605|20260819151325|942.92
1787123615|20260819151335|942.67
1787123620|20260819151340|942.66
1787123625|20260819151345|942.57
1787123630|20260819151350|942.59
1787123635|20260819151355|942.58
1787123640|20260819151400|942.58
1787123645|20260819151405|942.60
1787123655|20260819151415|942.63
1787123660|20260819151420|942.63
1787123665|20260819151425|942.63
1787123670|20260819151430|942.64
1787123675|20260819151435|942.58
1787123700|20260819151500|942.67
1787123705|20260819151505|942.60
1787123710|20260819151510|942.59
1787123715|20260819151515|942.51
1787123720|20260819151520|942.52
1787123725|20260819151525|942.49
1787123740|20260819151540|942.27
1787123745|20260819151545|942.27
1787123750|20260819151550|942.26
1787123755|20260819151555|942.27
1787123765|20260819151605|942.21
1787123770|20260819151610|942.17
1787123775|20260819151615|942.24
1787123780|20260819151620|942.20
1787123785|20260819151625|942.25
1787123790|20260819151630|942.24
1787123795|20260819151635|942.36
1787123800|20260819151640|942.36
1787123805|20260819151645|942.35
1787123810|20260819151650|942.29
1787123815|20260819151655|942.24
1787123825|20260819151705|942.22
1787123830|20260819151710|942.30
1787123835|20260819151715|942.41
1787123840|20260819151720|942.41
1787123850|20260819151730|942.29
1787123855|20260819151735|942.37
1787123860|20260819151740|942.38
1787123865|20260819151745|942.37
1787123870|20260819151750|942.38
1787123875|20260819151755|942.37
1787123880|20260819151800|942.35
1787123885|20260819151805|942.37
1787123895|20260819151815|942.34
1787123900|20260819151820|942.34
1787123915|20260819151835|942.34
1787123920|20260819151840|942.36
1787123925|20260819151845|942.46
1787123935|20260819151855|942.66
1787123940|20260819151900|942.65
1787123945|20260819151905|942.62
1787123950|20260819151910|942.60
1787123955|20260819151915|942.64
1787123960|20260819151920|942.65
1787123965|20260819151925|942.77
1787123970|20260819151930|942.78
1787123995|20260819151955|942.78
1787124005|20260819152005|942.77
1787124010|20260819152010|942.82
1787124015|20260819152015|942.89
1787124025|20260819152025|942.79
1787124045|20260819152045|942.69
1787124050|20260819152050|942.67
1787124055|20260819152055|942.62
1787124065|20260819152105|942.62
1787124070|20260819152110|942.56
1787124080|20260819152120|942.58
1787124085|20260819152125|942.52
1787124100|20260819152140|942.37
1787124105|20260819152145|942.45
1787124110|20260819152150|942.53
1787124115|20260819152155|942.67
1787124125|20260819152205|942.94
1787124130|20260819152210|942.95
1787124135|20260819152215|942.95
1787124140|20260819152220|942.97
1787124145|20260819152225|942.96
1787124155|20260819152235|942.94
1787124160|20260819152240|942.78
1787124165|20260819152245|942.86
1787124170|20260819152250|942.83
1787124175|20260819152255|942.93
1787124185|20260819152305|943.03
1787124205|20260819152325|942.91
1787124215|20260819152335|943.06
1787124220|20260819152340|943.07
1787124230|20260819152350|943.29
1787124235|20260819152355|943.42
1787124245|20260819152405|943.44
1787124250|20260819152410|943.48
1787124255|20260819152415|943.49
1787124260|20260819152420|943.28
1787124265|20260819152425|943.20
1787124305|20260819152505|943.43
1787124315|20260819152515|943.39
1787124320|20260819152520|943.45
1787124325|20260819152525|943.45
1787124335|20260819152535|943.53
1787124340|20260819152540|943.54
1787124345|20260819152545|943.44
1787124355|20260819152555|943.40
1787124365|20260819152605|943.35
1787124370|20260819152610|943.54
1787124375|20260819152615|943.54
1787124380|20260819152620|943.36
1787124385|20260819152625|943.44
1787124395|20260819152635|943.53
1787124400|20260819152640|943.60
1787124405|20260819152645|943.54
1787124410|20260819152650|943.66
1787124415|20260819152655|943.69
1787124430|20260819152710|943.93
1787124435|20260819152715|943.87
1787124440|20260819152720|943.88
1787124445|20260819152725|943.89
1787124465|20260819152745|943.80
1787124470|20260819152750|943.81
1787124485|20260819152805|943.79
1787124490|20260819152810|943.78
1787124495|20260819152815|943.77
1787124500|20260819152820|943.75
1787124505|20260819152825|943.66
1787124515|20260819152835|943.64
1787124520|20260819152840|943.71
1787124525|20260819152845|943.67
1787124530|20260819152850|943.67
1787124545|20260819152905|943.66
1787124560|20260819152920|943.71
1787124600|20260819153000|943.79
1787124605|20260819153005|943.92
1787124610|20260819153010|943.86
1787124615|20260819153015|943.86
1787124620|20260819153020|943.87
1787124625|20260819153025|943.89
1787124635|20260819153035|943.89
1787124640|20260819153040|943.87
1787124645|20260819153045|943.97
1787124655|20260819153055|944.04
1787124665|20260819153105|944.04
1787124670|20260819153110|943.91
1787124680|20260819153120|943.98
1787124685|20260819153125|944.01
1787124695|20260819153135|943.99
1787124700|20260819153140|944.08
1787124705|20260819153145|944.26
1787124710|20260819153150|944.24
1787124715|20260819153155|944.09
1787124720|20260819153200|944.14
1787124725|20260819153205|944.15
1787124740|20260819153220|944.74
1787124755|20260819153235|944.46
1787124760|20260819153240|944.40
1787124765|20260819153245|944.41
1787124770|20260819153250|944.34
1787124785|20260819153305|944.26
1787124790|20260819153310|944.37
1787124805|20260819153325|944.40
1787124810|20260819153330|944.40
1787124815|20260819153335|944.42
1787124830|20260819153350|944.49
1787124845|20260819153405|944.58
1787124850|20260819153410|944.53
1787124855|20260819153415|944.47
1787124865|20260819153425|944.26
1787124875|20260819153435|944.46
1787124900|20260819153500|944.51
1787124905|20260819153505|944.48
1787124910|20260819153510|944.45
1787124915|20260819153515|944.47
1787124920|20260819153520|944.52
1787124925|20260819153525|944.58
1787124935|20260819153535|944.51
1787124940|20260819153540|944.62
1787124945|20260819153545|944.62
1787124950|20260819153550|944.61
1787124955|20260819153555|944.71
1787124965|20260819153605|944.71
1787124975|20260819153615|944.80
1787124980|20260819153620|944.90
1787124985|20260819153625|944.91
1787124995|20260819153635|945.23
1787125000|20260819153640|945.25
1787125005|20260819153645|945.27
1787125010|20260819153650|945.13
1787125015|20260819153655|945.01
1787125020|20260819153700|945.00
1787125025|20260819153705|944.99
1787125030|20260819153710|945.02
1787125035|20260819153715|945.05
1787125040|20260819153720|945.01
1787125045|20260819153725|944.88
1787125055|20260819153735|944.87
1787125060|20260819153740|944.75
1787125065|20260819153745|944.68
1787125070|20260819153750|944.64
1787125075|20260819153755|944.58
1787125085|20260819153805|944.50
1787125090|20260819153810|944.48
1787125100|20260819153820|944.36
1787125105|20260819153825|944.33
1787125115|20260819153835|944.28
1787125120|20260819153840|944.21
1787125125|20260819153845|944.09
1787125130|20260819153850|944.08
1787125135|20260819153855|944.18
1787125145|20260819153905|944.19
1787125150|20260819153910|944.28
1787125155|20260819153915|944.33
1787125160|20260819153920|944.32
1787125165|20260819153925|944.29
1787125170|20260819153930|944.25
1787125200|20260819154000|944.10
1787125205|20260819154005|944.11
1787125210|20260819154010|944.00
1787125215|20260819154015|944.01
1787125220|20260819154020|943.94
1787125225|20260819154025|943.98
1787125235|20260819154035|944.08
1787125245|20260819154045|943.97
1787125250|20260819154050|944.10
1787125255|20260819154055|944.05
1787125265|20260819154105|943.93
1787125270|20260819154110|943.95
1787125280|20260819154120|944.02
1787125285|20260819154125|943.93
1787125295|20260819154135|943.89
1787125300|20260819154140|943.86
1787125305|20260819154145|943.93
1787125310|20260819154150|943.91
1787125315|20260819154155|943.91
1787125325|20260819154205|943.89
1787125330|20260819154210|943.79
1787125335|20260819154215|943.71
1787125340|20260819154220|943.71
1787125360|20260819154240|943.73
1787125365|20260819154245|943.73
1787125370|20260819154250|943.75
1787125375|20260819154255|943.75
1787125385|20260819154305|943.70
1787125390|20260819154310|943.64
1787125400|20260819154320|943.48
1787125405|20260819154325|943.43
1787125415|20260819154335|943.37
1787125420|20260819154340|943.30
1787125425|20260819154345|943.30
1787125430|20260819154350|943.28
1787125435|20260819154355|943.13
1787125445|20260819154405|943.12
1787125450|20260819154410|943.05
1787125455|20260819154415|943.15
1787125465|20260819154425|943.12
1787125500|20260819154500|943.42
1787125505|20260819154505|943.47
1787125515|20260819154515|943.49
1787125525|20260819154525|943.55
1787125535|20260819154535|943.49
1787125540|20260819154540|943.40
1787125545|20260819154545|943.55
1787125550|20260819154550|943.50
1787125555|20260819154555|943.49
1787125565|20260819154605|943.51
1787125570|20260819154610|943.51
1787125575|20260819154615|943.39
1787125580|20260819154620|943.38
1787125585|20260819154625|943.52
1787125595|20260819154635|943.47
1787125600|20260819154640|943.57
1787125605|20260819154645|943.56
1787125610|20260819154650|943.56
1787125615|20260819154655|943.55
1787125625|20260819154705|943.57
1787125630|20260819154710|943.60
1787125635|20260819154715|943.56
1787125640|20260819154720|943.60
1787125645|20260819154725|943.63
1787125655|20260819154735|943.63
1787125660|20260819154740|943.63
1787125665|20260819154745|943.43
1787125670|20260819154750|943.49
1787125675|20260819154755|943.47
1787125685|20260819154805|943.45
1787125690|20260819154810|943.55
1787125695|20260819154815|943.62
1787125700|20260819154820|943.60
1787125705|20260819154825|943.58
1787125720|20260819154840|943.55
1787125725|20260819154845|943.57
1787125730|20260819154850|943.60
1787125735|20260819154855|943.89
1787125745|20260819154905|943.84
1787125750|20260819154910|943.73
1787125755|20260819154915|943.66
1787125760|20260819154920|943.72
1787125820|20260819155020|943.73
1787125850|20260819155050|943.44
1787125865|20260819155105|943.66
1787125885|20260819155125|943.67
1787125895|20260819155135|943.70
1787125905|20260819155145|943.75
1787125915|20260819155155|943.81
1787125940|20260819155220|943.99
1787125955|20260819155235|943.72
1787125960|20260819155240|943.62
1787125965|20260819155245|943.65
1787125970|20260819155250|943.68
1787125975|20260819155255|943.74
1787125985|20260819155305|943.70
1787125995|20260819155315|943.87
1787126000|20260819155320|943.85
1787126005|20260819155325|943.84
1787126015|20260819155335|943.69
1787126020|20260819155340|943.69
1787126030|20260819155350|943.70
1787126035|20260819155355|943.67
1787126050|20260819155410|943.55
1787126105|20260819155505|943.59
1787126110|20260819155510|943.60
1787126115|20260819155515|943.58
1787126120|20260819155520|943.54
1787126125|20260819155525|943.64
1787126140|20260819155540|943.61
1787126145|20260819155545|943.48
1787126150|20260819155550|943.46
1787126155|20260819155555|943.45
1787126165|20260819155605|943.49
1787126175|20260819155615|943.50
1787126180|20260819155620|943.59
1787126185|20260819155625|943.58
1787126195|20260819155635|943.53
1787126200|20260819155640|943.54
1787126205|20260819155645|943.56
1787126210|20260819155650|943.51
1787126215|20260819155655|943.49
1787126225|20260819155705|943.52
1787126230|20260819155710|943.58
1787126235|20260819155715|943.58
1787126240|20260819155720|943.57
1787126245|20260819155725|943.65
1787126255|20260819155735|943.67
1787126260|20260819155740|943.68
1787126265|20260819155745|943.66
1787126270|20260819155750|943.70
1787126295|20260819155815|943.49
1787126305|20260819155825|943.50
1787126325|20260819155845|943.48
1787126330|20260819155850|943.50
1787126335|20260819155855|943.49
1787126345|20260819155905|943.42
1787126350|20260819155910|943.42
1787126355|20260819155915|943.41
1787126360|20260819155920|943.36
1787126365|20260819155925|943.37
1787126400|20260819160000|943.38
1787126410|20260819160010|943.25
1787126415|20260819160015|943.44
1787126420|20260819160020|943.49
1787126425|20260819160025|943.47
1787126435|20260819160035|943.44
1787126445|20260819160045|943.75
1787126450|20260819160050|943.80
1787126455|20260819160055|943.89
1787126465|20260819160105|943.60
1787126475|20260819160115|943.35
1787126480|20260819160120|943.21
1787126485|20260819160125|943.19
1787126495|20260819160135|943.19
1787126505|20260819160145|943.07
1787126510|20260819160150|942.99
1787126515|20260819160155|943.00
1787126520|20260819160200|942.98
1787126525|20260819160205|942.98
1787126530|20260819160210|942.96
1787126535|20260819160215|942.91
1787126540|20260819160220|942.66
1787126545|20260819160225|942.86
1787126555|20260819160235|942.85
1787126560|20260819160240|942.95
1787126565|20260819160245|943.12
1787126570|20260819160250|943.08
1787126575|20260819160255|943.12
1787126585|20260819160305|943.31
1787126590|20260819160310|943.29
1787126595|20260819160315|943.20
1787126600|20260819160320|943.23
1787126605|20260819160325|943.21
1787126620|20260819160340|943.17
1787126625|20260819160345|943.11
1787126630|20260819160350|943.15
1787126635|20260819160355|943.29
1787126640|20260819160400|943.28
1787126645|20260819160405|943.27
1787126650|20260819160410|943.22
1787126655|20260819160415|943.29
1787126660|20260819160420|943.23
1787126705|20260819160505|943.93
1787126710|20260819160510|943.88
1787126715|20260819160515|943.89
1787126720|20260819160520|943.96
1787126735|20260819160535|944.02
1787126740|20260819160540|944.00
1787126745|20260819160545|944.01
1787126750|20260819160550|943.90
1787126755|20260819160555|943.87
1787126765|20260819160605|943.80
1787126770|20260819160610|943.73
1787126775|20260819160615|943.74
1787126780|20260819160620|943.93
1787126785|20260819160625|943.95
1787126795|20260819160635|944.24
1787126800|20260819160640|944.22
1787126805|20260819160645|944.21
1787126820|20260819160700|944.11
1787126825|20260819160705|944.22
1787126830|20260819160710|944.18
1787126835|20260819160715|944.40
1787126840|20260819160720|944.37
1787126845|20260819160725|944.34
1787126860|20260819160740|944.43
1787126865|20260819160745|944.32
1787126870|20260819160750|944.28
1787126875|20260819160755|944.09
1787126880|20260819160800|944.09
1787126885|20260819160805|944.06
1787126890|20260819160810|944.12
1787126895|20260819160815|944.10
1787126900|20260819160820|943.92
1787126905|20260819160825|943.94
1787126915|20260819160835|943.80
1787126920|20260819160840|943.83
1787126925|20260819160845|943.80
1787126930|20260819160850|943.81
1787126935|20260819160855|944.04
1787126945|20260819160905|944.11
1787126950|20260819160910|944.17
1787126955|20260819160915|944.15
1787126960|20260819160920|944.23
1787126965|20260819160925|944.24
1787126995|20260819160955|944.44
1787127005|20260819161005|944.67
1787127010|20260819161010|944.77
1787127015|20260819161015|944.77
1787127020|20260819161020|944.77
1787127025|20260819161025|944.77
1787127035|20260819161035|944.79
1787127040|20260819161040|944.82
1787127045|20260819161045|944.89
1787127050|20260819161050|944.86
1787127065|20260819161105|944.85
1787127070|20260819161110|944.80
1787127075|20260819161115|944.84
1787127085|20260819161125|944.88
1787127095|20260819161135|944.76
1787127100|20260819161140|944.76
1787127105|20260819161145|944.75
1787127110|20260819161150|944.76
1787127115|20260819161155|944.75
1787127125|20260819161205|944.73
1787127130|20260819161210|944.73
1787127135|20260819161215|944.74
1787127140|20260819161220|944.76
1787127145|20260819161225|944.72
1787127155|20260819161235|944.72
1787127160|20260819161240|944.72
1787127165|20260819161245|944.71
1787127170|20260819161250|944.62
1787127175|20260819161255|944.64
1787127185|20260819161305|944.69
1787127190|20260819161310|944.70
1787127195|20260819161315|944.72
1787127200|20260819161320|944.72
1787127205|20260819161325|944.68
1787127215|20260819161335|944.67
1787127220|20260819161340|944.63
1787127225|20260819161345|944.61
1787127230|20260819161350|944.65
1787127235|20260819161355|944.73
1787127245|20260819161405|944.68
1787127250|20260819161410|944.49
1787127255|20260819161415|944.44
1787127265|20260819161425|944.50
1787127305|20260819161505|944.78
1787127310|20260819161510|944.97
1787127315|20260819161515|944.93
1787127320|20260819161520|944.93
1787127325|20260819161525|944.92
1787127335|20260819161535|944.92
1787127345|20260819161545|944.87
1787127350|20260819161550|944.74
1787127355|20260819161555|944.77
1787127360|20260819161600|944.63
1787127365|20260819161605|944.69
1787127370|20260819161610|944.67
1787127380|20260819161620|944.65
1787127385|20260819161625|944.69
1787127395|20260819161635|944.68
1787127400|20260819161640|944.67
1787127405|20260819161645|944.74
1787127410|20260819161650|944.70
1787127415|20260819161655|944.70
1787127425|20260819161705|944.57
1787127430|20260819161710|944.61
1787127435|20260819161715|944.65
1787127440|20260819161720|944.61
1787127445|20260819161725|944.67
1787127455|20260819161735|944.63
1787127460|20260819161740|944.63
1787127470|20260819161750|944.64
1787127475|20260819161755|944.64
1787127485|20260819161805|944.75
1787127490|20260819161810|944.73
1787127495|20260819161815|944.73
1787127500|20260819161820|944.69
1787127505|20260819161825|944.72
1787127515|20260819161835|944.75
1787127520|20260819161840|944.73
1787127525|20260819161845|944.76
1787127530|20260819161850|944.67
1787127535|20260819161855|944.64
1787127545|20260819161905|944.65
1787127550|20260819161910|944.56
1787127555|20260819161915|944.40
1787127560|20260819161920|944.41
1787127565|20260819161925|944.39
1787127600|20260819162000|944.40
1787127605|20260819162005|944.33
1787127620|20260819162020|944.30
1787127625|20260819162025|944.25
1787127635|20260819162035|944.21
1787127640|20260819162040|944.15
1787127645|20260819162045|944.15
1787127650|20260819162050|944.14
1787127655|20260819162055|944.15
1787127665|20260819162105|944.13
1787127675|20260819162115|943.88
1787127700|20260819162140|943.97
1787127705|20260819162145|943.85
1787127710|20260819162150|943.95
1787127715|20260819162155|944.04
1787127735|20260819162215|944.01
1787127740|20260819162220|944.00
1787127745|20260819162225|944.00
1787127755|20260819162235|944.05
1787127765|20260819162245|944.03
1787127770|20260819162250|944.05
1787127775|20260819162255|944.00
1787127795|20260819162315|944.01
1787127800|20260819162320|943.91
1787127815|20260819162335|943.94
1787127820|20260819162340|943.97
1787127825|20260819162345|944.00
1787127830|20260819162350|943.98
1787127835|20260819162355|943.99
1787127845|20260819162405|944.06
1787127855|20260819162415|944.03
1787127865|20260819162425|944.07
1787127905|20260819162505|944.55
1787127910|20260819162510|944.55
1787127915|20260819162515|944.61
1787127920|20260819162520|944.63
1787127925|20260819162525|944.63
1787127935|20260819162535|944.66
1787127950|20260819162550|944.33
1787127955|20260819162555|944.38
1787127970|20260819162610|944.39
1787127975|20260819162615|944.37
1787127980|20260819162620|944.35
1787127985|20260819162625|944.37
1787127995|20260819162635|944.40
1787128005|20260819162645|944.39
1787128010|20260819162650|944.37
1787128015|20260819162655|944.39
1787128030|20260819162710|944.38
1787128035|20260819162715|944.32
1787128040|20260819162720|944.33
1787128055|20260819162735|944.23
1787128075|20260819162755|944.23
1787128085|20260819162805|944.30
1787128090|20260819162810|944.32
1787128095|20260819162815|944.18
1787128100|20260819162820|944.16
1787128115|20260819162835|944.14
1787128125|20260819162845|944.21
1787128130|20260819162850|944.19
1787128135|20260819162855|944.20
1787128145|20260819162905|944.47
1787128150|20260819162910|944.48
1787128155|20260819162915|944.39
1787128200|20260819163000|944.59
1787128205|20260819163005|944.52
1787128210|20260819163010|944.49
1787128215|20260819163015|944.51
1787128220|20260819163020|944.54
1787128225|20260819163025|944.44
1787128235|20260819163035|944.41
1787128245|20260819163045|944.33
1787128250|20260819163050|944.44
1787128255|20260819163055|944.46
1787128260|20260819163100|944.47
1787128265|20260819163105|944.51
1787128275|20260819163115|944.51
1787128280|20260819163120|944.53
1787128285|20260819163125|944.53
1787128295|20260819163135|944.44
1787128305|20260819163145|944.73
1787128310|20260819163150|944.74
1787128315|20260819163155|944.55
1787128320|20260819163200|944.63
1787128325|20260819163205|944.53
1787128330|20260819163210|944.37
1787128335|20260819163215|944.31
1787128340|20260819163220|944.16
1787128345|20260819163225|944.16
1787128355|20260819163235|944.07
1787128360|20260819163240|944.00
1787128365|20260819163245|944.02
1787128370|20260819163250|943.98
1787128375|20260819163255|944.01
1787128385|20260819163305|943.99
1787128390|20260819163310|944.03
1787128395|20260819163315|944.04
1787128400|20260819163320|944.00
1787128405|20260819163325|943.94
1787128415|20260819163335|943.94
1787128420|20260819163340|944.02
1787128425|20260819163345|943.94
1787128430|20260819163350|943.94
1787128435|20260819163355|943.94
1787128445|20260819163405|943.92
1787128450|20260819163410|944.00
1787128455|20260819163415|944.01
1787128460|20260819163420|944.00
1787128465|20260819163425|943.96
1787128500|20260819163500|943.95
1787128505|20260819163505|943.94
1787128510|20260819163510|943.95
1787128515|20260819163515|943.94
1787128520|20260819163520|943.98
1787128525|20260819163525|943.96
1787128540|20260819163540|943.91
1787128550|20260819163550|943.84
1787128555|20260819163555|943.85
1787128565|20260819163605|944.03
1787128570|20260819163610|944.12
1787128575|20260819163615|944.11
1787128585|20260819163625|944.18
1787128595|20260819163635|944.21
1787128600|20260819163640|944.23
1787128605|20260819163645|944.31
1787128610|20260819163650|944.38
1787128615|20260819163655|944.41
1787128630|20260819163710|944.55
1787128635|20260819163715|944.65
1787128645|20260819163725|944.64
1787128655|20260819163735|944.59
1787128660|20260819163740|944.61
1787128665|20260819163745|944.61
1787128670|20260819163750|944.63
1787128675|20260819163755|944.69
1787128685|20260819163805|944.80
1787128690|20260819163810|944.77
1787128695|20260819163815|944.79
1787128700|20260819163820|944.70
1787128705|20260819163825|944.72
1787128715|20260819163835|944.68
1787128720|20260819163840|944.71
1787128725|20260819163845|944.66
1787128730|20260819163850|944.65
1787128735|20260819163855|944.59
1787128745|20260819163905|944.66
1787128750|20260819163910|944.66
1787128755|20260819163915|944.54
1787128765|20260819163925|944.49
1787128800|20260819164000|944.60
1787128810|20260819164010|944.54
1787128815|20260819164015|944.54
1787128820|20260819164020|944.56
1787128825|20260819164025|944.48
1787128835|20260819164035|944.55
1787128845|20260819164045|944.47
1787128850|20260819164050|944.47
1787128865|20260819164105|944.71
1787128870|20260819164110|944.73
1787128875|20260819164115|944.78
1787128880|20260819164120|944.75
1787128885|20260819164125|944.77
1787128895|20260819164135|944.87
1787128900|20260819164140|944.91
1787128905|20260819164145|944.91
1787128930|20260819164210|944.89
1787128935|20260819164215|944.96
1787128940|20260819164220|944.86
1787128945|20260819164225|944.83
1787128955|20260819164235|944.78
1787128960|20260819164240|944.78
1787128970|20260819164250|944.94
1787128975|20260819164255|944.95
1787128985|20260819164305|944.68
1787128990|20260819164310|944.76
1787128995|20260819164315|944.81
1787129000|20260819164320|944.80
1787129005|20260819164325|944.92
1787129020|20260819164340|944.86
1787129025|20260819164345|944.94
1787129030|20260819164350|944.96
1787129040|20260819164400|945.02
1787129045|20260819164405|945.04
1787129050|20260819164410|945.10
1787129055|20260819164415|945.06
1787129060|20260819164420|945.09
1787129100|20260819164500|945.09
1787129105|20260819164505|945.07
1787129110|20260819164510|945.13
1787129115|20260819164515|945.08
1787129120|20260819164520|945.13
1787129135|20260819164535|945.08
1787129150|20260819164550|944.86
1787129160|20260819164600|944.93
1787129165|20260819164605|944.96
1787129170|20260819164610|945.03
1787129175|20260819164615|945.00
1787129185|20260819164625|944.96
1787129195|20260819164635|944.98
1787129215|20260819164655|945.01
1787129225|20260819164705|944.98
1787129230|20260819164710|944.98
1787129235|20260819164715|944.98
1787129240|20260819164720|944.93
1787129245|20260819164725|944.86
1787129255|20260819164735|944.77
1787129260|20260819164740|944.77
1787129265|20260819164745|944.82
1787129275|20260819164755|944.79
1787129285|20260819164805|944.90
1787129290|20260819164810|944.93
1787129295|20260819164815|944.94
1787129300|20260819164820|944.94
1787129305|20260819164825|944.92
1787129315|20260819164835|944.84
1787129320|20260819164840|944.85
1787129325|20260819164845|944.92
1787129330|20260819164850|944.88
1787129345|20260819164905|944.94
1787129350|20260819164910|944.92
1787129355|20260819164915|944.95
1787129365|20260819164925|944.88
1787129400|20260819165000|944.85
1787129405|20260819165005|944.92
1787129410|20260819165010|944.73
1787129415|20260819165015|944.71
1787129420|20260819165020|944.69
1787129435|20260819165035|944.64
1787129440|20260819165040|944.63
1787129445|20260819165045|944.69
1787129450|20260819165050|944.66
1787129455|20260819165055|944.67
1787129465|20260819165105|944.65
1787129470|20260819165110|944.61
1787129475|20260819165115|944.54
1787129480|20260819165120|944.51
1787129485|20260819165125|944.24
1787129495|20260819165135|944.43
1787129500|20260819165140|944.56
1787129505|20260819165145|944.56
1787129510|20260819165150|944.54
1787129515|20260819165155|944.66
1787129525|20260819165205|944.52
1787129535|20260819165215|944.49
1787129540|20260819165220|944.47
1787129545|20260819165225|944.36
1787129560|20260819165240|944.38
1787129565|20260819165245|944.30
1787129570|20260819165250|944.25
1787129575|20260819165255|944.27
1787129585|20260819165305|944.32
1787129590|20260819165310|944.34
1787129595|20260819165315|944.35
1787129600|20260819165320|944.39
1787129605|20260819165325|944.38
1787129615|20260819165335|944.42
1787129620|20260819165340|944.34
1787129625|20260819165345|944.34
1787129635|20260819165355|944.35
1787129655|20260819165415|944.19
1787129660|20260819165420|944.16
1787129665|20260819165425|944.19
1787129705|20260819165505|944.13
1787129710|20260819165510|944.13
1787129715|20260819165515|944.08
1787129735|20260819165535|944.03
1787129740|20260819165540|944.02
1787129745|20260819165545|943.98
1787129750|20260819165550|944.05
1787129765|20260819165605|943.90
1787129770|20260819165610|943.84
1787129775|20260819165615|943.81
1787129780|20260819165620|943.82
1787129785|20260819165625|943.82
1787129795|20260819165635|943.78
1787129800|20260819165640|943.73
1787129805|20260819165645|943.73
1787129810|20260819165650|943.59
1787129815|20260819165655|943.60
1787129825|20260819165705|943.78
1787129830|20260819165710|943.80
1787129840|20260819165720|943.67
1787129845|20260819165725|943.70
1787129860|20260819165740|943.67
1787129865|20260819165745|943.59
1787129870|20260819165750|943.48
1787129875|20260819165755|943.45
1787129890|20260819165810|943.50
1787129895|20260819165815|943.51
1787129900|20260819165820|943.57
1787129905|20260819165825|943.57
1787129915|20260819165835|943.61
1787129925|20260819165845|943.57
1787129930|20260819165850|943.71
1787129935|20260819165855|943.76
1787129950|20260819165910|943.75
1787129955|20260819165915|943.69
1787129960|20260819165920|943.67
1787129965|20260819165925|943.65
1787130000|20260819170000|943.66
1787130005|20260819170005|943.66
1787130015|20260819170015|943.59
1787130020|20260819170020|943.64
1787130035|20260819170035|943.63
1787130045|20260819170045|943.73
1787130050|20260819170050|943.68
1787130055|20260819170055|943.67
1787130060|20260819170100|943.69
1787130065|20260819170105|943.72
1787130070|20260819170110|943.66
1787130075|20260819170115|943.65
1787130085|20260819170125|943.54
1787130095|20260819170135|943.70
1787130100|20260819170140|943.69
1787130105|20260819170145|943.62
1787130125|20260819170205|943.63
1787130130|20260819170210|943.64
1787130135|20260819170215|943.64
1787130140|20260819170220|943.64
1787130155|20260819170235|943.57
1787130160|20260819170240|943.58
1787130165|20260819170245|943.55
1787130170|20260819170250|943.59
1787130175|20260819170255|943.63
1787130185|20260819170305|943.85
1787130190|20260819170310|943.85
1787130195|20260819170315|943.98
1787130200|20260819170320|944.02
1787130205|20260819170325|944.02
1787130215|20260819170335|944.07
1787130220|20260819170340|944.04
1787130225|20260819170345|944.15
1787130230|20260819170350|944.16
1787130235|20260819170355|944.16
1787130245|20260819170405|944.25
1787130250|20260819170410|944.21
1787130260|20260819170420|944.22
1787130265|20260819170425|944.25
1787130300|20260819170500|944.37
1787130310|20260819170510|944.45
1787130315|20260819170515|944.44
1787130335|20260819170535|944.18
1787130340|20260819170540|944.22
1787130350|20260819170550|944.03
1787130355|20260819170555|944.01
1787130365|20260819170605|944.04
1787130370|20260819170610|944.02
1787130375|20260819170615|943.92
1787130380|20260819170620|943.88
1787130385|20260819170625|943.87
1787130395|20260819170635|943.70
1787130400|20260819170640|943.63
1787130405|20260819170645|943.69
1787130410|20260819170650|943.67
1787130425|20260819170705|943.65
1787130430|20260819170710|943.70
1787130435|20260819170715|943.66
1787130440|20260819170720|943.70
1787130445|20260819170725|943.72
1787130455|20260819170735|943.94
1787130460|20260819170740|943.95
1787130465|20260819170745|943.93
1787130485|20260819170805|943.88
1787130490|20260819170810|943.89
1787130495|20260819170815|943.88
1787130500|20260819170820|943.85
1787130505|20260819170825|943.86
1787130515|20260819170835|943.84
1787130520|20260819170840|943.81
1787130535|20260819170855|943.72
1787130540|20260819170900|943.72
1787130545|20260819170905|943.76
1787130550|20260819170910|943.62
1787130555|20260819170915|943.70
1787130600|20260819171000|943.64
1787130605|20260819171005|943.64
1787130610|20260819171010|943.63
1787130615|20260819171015|943.70
1787130620|20260819171020|943.74
1787130625|20260819171025|943.68
1787130635|20260819171035|943.82
1787130640|20260819171040|943.95
1787130645|20260819171045|943.93
1787130650|20260819171050|944.00
1787130655|20260819171055|944.00
1787130665|20260819171105|944.05
1787130675|20260819171115|943.75
1787130680|20260819171120|943.77
1787130685|20260819171125|943.73
1787130695|20260819171135|943.81
1787130700|20260819171140|943.84
1787130705|20260819171145|943.79
1787130715|20260819171155|943.82
1787130725|20260819171205|943.70
1787130730|20260819171210|943.70
1787130735|20260819171215|943.69
1787130740|20260819171220|943.71
1787130745|20260819171225|943.71
1787130755|20260819171235|943.66
1787130760|20260819171240|943.66
1787130770|20260819171250|943.64
1787130775|20260819171255|943.65
1787130780|20260819171300|943.60
1787130785|20260819171305|943.63
1787130790|20260819171310|943.65
1787130795|20260819171315|943.76
1787130800|20260819171320|943.76
1787130805|20260819171325|943.77
1787130815|20260819171335|943.75
1787130820|20260819171340|943.82
1787130825|20260819171345|943.80
1787130830|20260819171350|943.77
1787130835|20260819171355|943.76
1787130850|20260819171410|943.71
1787130855|20260819171415|943.70
1787130860|20260819171420|943.64
1787130865|20260819171425|943.64
1787130885|20260819171445|943.73
1787130900|20260819171500|943.73
1787130905|20260819171505|943.77
1787130910|20260819171510|943.76
1787130915|20260819171515|943.71
1787130920|20260819171520|943.70
1787130925|20260819171525|943.74
1787130935|20260819171535|943.74
1787130940|20260819171540|943.70
1787130945|20260819171545|943.71
1787130950|20260819171550|943.73
1787130955|20260819171555|943.68
1787130965|20260819171605|943.68
1787130970|20260819171610|943.62
1787130975|20260819171615|943.42
1787130980|20260819171620|943.38
1787130985|20260819171625|943.44
1787130995|20260819171635|943.46
1787131000|20260819171640|943.42
1787131015|20260819171655|943.52
1787131020|20260819171700|943.51
1787131025|20260819171705|943.47
1787131030|20260819171710|943.40
1787131035|20260819171715|943.43
1787131040|20260819171720|943.45
1787131045|20260819171725|943.51
1787131050|20260819171730|943.51
1787131055|20260819171735|943.46
1787131060|20260819171740|943.51
1787131065|20260819171745|943.48
1787131070|20260819171750|943.39
1787131075|20260819171755|943.40
1787131080|20260819171800|943.40
1787131090|20260819171810|943.37
1787131095|20260819171815|943.44
1787131100|20260819171820|943.36
1787131115|20260819171835|943.43
1787131120|20260819171840|943.44
1787131125|20260819171845|943.55
1787131130|20260819171850|943.55
1787131135|20260819171855|943.55
1787131145|20260819171905|943.32
1787131150|20260819171910|943.22
1787131155|20260819171915|943.20
1787131160|20260819171920|943.23
1787131180|20260819171940|943.42
1787131195|20260819171955|943.44
1787131200|20260819172000|943.54
1787131205|20260819172005|943.59
1787131210|20260819172010|943.46
1787131215|20260819172015|943.47
1787131220|20260819172020|943.34
1787131225|20260819172025|943.33
1787131235|20260819172035|943.33
1787131240|20260819172040|943.32
1787131245|20260819172045|943.36
1787131250|20260819172050|943.44
1787131255|20260819172055|943.55
1787131260|20260819172100|943.51
1787131265|20260819172105|943.53
1787131270|20260819172110|943.47
1787131275|20260819172115|943.52
1787131280|20260819172120|943.52
1787131285|20260819172125|943.60
1787131295|20260819172135|943.54
1787131300|20260819172140|943.55
1787131305|20260819172145|943.49
1787131310|20260819172150|943.47
1787131320|20260819172200|943.51
1787131325|20260819172205|943.61
1787131340|20260819172220|943.66
1787131345|20260819172225|943.69
1787131355|20260819172235|943.73
1787131360|20260819172240|943.66
1787131370|20260819172250|943.69
1787131375|20260819172255|943.71
1787131385|20260819172305|943.73
1787131390|20260819172310|943.76
1787131395|20260819172315|943.79
1787131400|20260819172320|943.72
1787131405|20260819172325|943.69
1787131415|20260819172335|943.75
1787131420|20260819172340|943.74
1787131425|20260819172345|943.73
1787131430|20260819172350|943.70
1787131450|20260819172410|943.90
1787131455|20260819172415|943.75
1787131460|20260819172420|943.84
1787131465|20260819172425|943.87
1787131500|20260819172500|943.88
1787131505|20260819172505|943.79
1787131515|20260819172515|943.83
1787131520|20260819172520|943.79
1787131540|20260819172540|943.92
1787131545|20260819172545|943.89
1787131570|20260819172610|944.04
1787131575|20260819172615|944.02
1787131580|20260819172620|944.00
1787131595|20260819172635|943.91
1787131600|20260819172640|943.90
1787131615|20260819172655|943.65
1787131625|20260819172705|943.59
1787131635|20260819172715|943.53
1787131645|20260819172725|943.55
1787131655|20260819172735|943.35
1787131660|20260819172740|943.37
1787131665|20260819172745|943.38
1787131670|20260819172750|943.42
1787131675|20260819172755|943.41
1787131685|20260819172805|943.49
1787131690|20260819172810|943.40
1787131695|20260819172815|943.36
1787131700|20260819172820|943.40
1787131705|20260819172825|943.43
1787131715|20260819172835|943.45
1787131720|20260819172840|943.37
1787131725|20260819172845|943.37
1787131730|20260819172850|943.44
1787131735|20260819172855|943.58
1787131745|20260819172905|943.66
1787131755|20260819172915|943.61
1787131760|20260819172920|943.63
1787131765|20260819172925|943.71
1787131800|20260819173000|943.74
1787131805|20260819173005|943.89
1787131810|20260819173010|944.06
1787131815|20260819173015|944.03
1787131820|20260819173020|944.05
1787131825|20260819173025|944.07
1787131835|20260819173035|944.07
1787131840|20260819173040|943.90
1787131845|20260819173045|943.80
1787131850|20260819173050|943.78
1787131865|20260819173105|943.96
1787131870|20260819173110|943.95
1787131875|20260819173115|943.82
1787131880|20260819173120|943.83
1787131885|20260819173125|943.86
1787131895|20260819173135|943.94
1787131905|20260819173145|943.95
1787131910|20260819173150|943.96
1787131915|20260819173155|943.89
1787131925|20260819173205|943.88
1787131930|20260819173210|943.93
1787131935|20260819173215|943.94
1787131940|20260819173220|943.94
1787131955|20260819173235|943.95
1787131960|20260819173240|943.96
1787131965|20260819173245|943.86
1787131970|20260819173250|943.84
1787131975|20260819173255|943.86
1787131985|20260819173305|943.94
1787131990|20260819173310|943.83
1787131995|20260819173315|943.77
1787132005|20260819173325|943.75
1787132020|20260819173340|943.78
1787132025|20260819173345|943.75
1787132030|20260819173350|943.74
1787132035|20260819173355|943.74
1787132040|20260819173400|943.74
1787132045|20260819173405|943.74
1787132050|20260819173410|943.73
1787132055|20260819173415|943.76
1787132060|20260819173420|943.71
1787132065|20260819173425|943.73
1787132105|20260819173505|943.84
1787132110|20260819173510|943.89
1787132115|20260819173515|943.87
1787132120|20260819173520|943.88
1787132125|20260819173525|943.93
1787132135|20260819173535|943.89
1787132140|20260819173540|943.90
1787132145|20260819173545|943.90
1787132150|20260819173550|943.91
1787132155|20260819173555|943.92
1787132160|20260819173600|943.94
1787132165|20260819173605|943.93
1787132170|20260819173610|943.86
1787132180|20260819173620|943.86
1787132185|20260819173625|943.97
1787132195|20260819173635|943.92
1787132200|20260819173640|943.92
1787132205|20260819173645|943.75
1787132210|20260819173650|943.84
1787132215|20260819173655|943.87
1787132220|20260819173700|943.87
1787132225|20260819173705|943.86
1787132230|20260819173710|943.84
1787132240|20260819173720|943.96
1787132245|20260819173725|943.94
1787132255|20260819173735|943.85
1787132265|20260819173745|943.89
1787132270|20260819173750|943.88
1787132275|20260819173755|943.87
1787132285|20260819173805|943.81
1787132290|20260819173810|943.83
1787132295|20260819173815|943.80
1787132300|20260819173820|943.83
1787132305|20260819173825|943.81
1787132320|20260819173840|943.86
1787132325|20260819173845|943.85
1787132330|20260819173850|943.86
1787132335|20260819173855|943.86
1787132340|20260819173900|943.89
1787132350|20260819173910|943.86
1787132355|20260819173915|943.88
1787132360|20260819173920|943.90
1787132365|20260819173925|943.85
1787132400|20260819174000|943.89
1787132405|20260819174005|943.89
1787132410|20260819174010|943.88
1787132420|20260819174020|943.86
1787132440|20260819174040|943.86
1787132445|20260819174045|943.92
1787132465|20260819174105|943.91
1787132470|20260819174110|944.04
1787132480|20260819174120|943.97
1787132485|20260819174125|943.95
1787132495|20260819174135|944.04
1787132500|20260819174140|944.14
1787132510|20260819174150|944.16
1787132515|20260819174155|944.35
1787132525|20260819174205|944.61
1787132530|20260819174210|944.62
1787132535|20260819174215|944.65
1787132540|20260819174220|944.74
1787132545|20260819174225|944.48
1787132560|20260819174240|944.52
1787132565|20260819174245|944.50
1787132570|20260819174250|944.39
1787132575|20260819174255|944.34
1787132590|20260819174310|944.35
1787132595|20260819174315|944.34
1787132600|20260819174320|944.36
1787132605|20260819174325|944.38
1787132615|20260819174335|944.38
1787132620|20260819174340|944.36
1787132635|20260819174355|944.30
1787132645|20260819174405|944.27
1787132650|20260819174410|944.27
1787132655|20260819174415|944.26
1787132660|20260819174420|944.44
1787132680|20260819174440|944.41
1787132700|20260819174500|944.33
1787132705|20260819174505|944.26
1787132710|20260819174510|944.25
1787132715|20260819174515|944.27
1787132725|20260819174525|944.20
1787132735|20260819174535|944.25
1787132745|20260819174545|944.22
1787132750|20260819174550|944.20
1787132755|20260819174555|944.19
1787132760|20260819174600|944.19
1787132765|20260819174605|944.28
1787132770|20260819174610|944.29
1787132780|20260819174620|944.31
1787132785|20260819174625|944.35
1787132795|20260819174635|944.32
1787132800|20260819174640|944.40
1787132805|20260819174645|944.44
1787132810|20260819174650|944.42
1787132815|20260819174655|944.42
1787132820|20260819174700|944.43
1787132825|20260819174705|944.42
1787132830|20260819174710|944.36
1787132835|20260819174715|944.30
1787132840|20260819174720|944.29
1787132845|20260819174725|944.24
1787132855|20260819174735|944.31
1787132860|20260819174740|944.39
1787132865|20260819174745|944.38
1787132870|20260819174750|944.36
1787132875|20260819174755|944.36
1787132885|20260819174805|944.44
1787132890|20260819174810|944.46
1787132895|20260819174815|944.44
1787132900|20260819174820|944.45
1787132905|20260819174825|944.49
1787132915|20260819174835|944.46
1787132920|20260819174840|944.45
1787132925|20260819174845|944.43
1787132935|20260819174855|944.45
1787132940|20260819174900|944.46
1787132945|20260819174905|944.49
1787132950|20260819174910|944.52
1787132955|20260819174915|944.50
1787132960|20260819174920|944.50
1787132995|20260819174955|944.62
1787133000|20260819175000|944.70
1787133015|20260819175015|944.68
1787133020|20260819175020|944.69
1787133035|20260819175035|944.65
1787133040|20260819175040|944.51
1787133045|20260819175045|944.54
1787133050|20260819175050|944.54
1787133065|20260819175105|944.41
1787133070|20260819175110|944.40
1787133075|20260819175115|944.36
1787133080|20260819175120|944.36
1787133095|20260819175135|944.31
1787133100|20260819175140|944.31
1787133105|20260819175145|944.33
1787133125|20260819175205|944.20
1787133130|20260819175210|944.18
1787133135|20260819175215|944.20
1787133155|20260819175235|944.21
1787133160|20260819175240|944.26
1787133165|20260819175245|944.28
1787133170|20260819175250|944.27
1787133185|20260819175305|944.27
1787133195|20260819175315|944.23
1787133200|20260819175320|944.23
1787133215|20260819175335|944.12
1787133230|20260819175350|944.17
1787133250|20260819175410|944.27
1787133255|20260819175415|944.23
1787133305|20260819175505|944.56
1787133320|20260819175520|944.69
1787133325|20260819175525|944.68
1787133335|20260819175535|944.67
1787133340|20260819175540|944.60
1787133345|20260819175545|944.67
1787133350|20260819175550|944.67
1787133355|20260819175555|944.85
1787133365|20260819175605|944.80
1787133375|20260819175615|944.76
1787133385|20260819175625|944.62
1787133395|20260819175635|944.55
1787133410|20260819175650|944.57
1787133415|20260819175655|944.49
1787133425|20260819175705|944.42
1787133430|20260819175710|944.42
1787133435|20260819175715|944.42
1787133445|20260819175725|944.39
1787133460|20260819175740|944.49
1787133465|20260819175745|944.48
1787133470|20260819175750|944.48
1787133475|20260819175755|944.53
1787133485|20260819175805|944.59
1787133500|20260819175820|944.59
1787133530|20260819175850|944.72
1787133535|20260819175855|944.72
1787133545|20260819175905|944.71
1787133550|20260819175910|944.86
1787133560|20260819175920|944.84
1787133565|20260819175925|944.87
1787133600|20260819180000|944.94
1787133610|20260819180010|944.90
1787133615|20260819180015|944.96
1787133620|20260819180020|944.99
1787133625|20260819180025|944.98
1787133635|20260819180035|945.14
1787133640|20260819180040|945.11
1787133665|20260819180105|944.80
1787133670|20260819180110|944.75
1787133675|20260819180115|944.77
1787133680|20260819180120|944.67
1787133685|20260819180125|944.66
1787133695|20260819180135|944.62
1787133705|20260819180145|944.74
1787133710|20260819180150|944.70
1787133715|20260819180155|944.67
1787133720|20260819180200|944.71
1787133725|20260819180205|944.76
1787133730|20260819180210|944.73
1787133735|20260819180215|944.73
1787133740|20260819180220|944.72
1787133745|20260819180225|944.70
1787133755|20260819180235|944.74
1787133765|20260819180245|944.73
1787133770|20260819180250|944.74
1787133775|20260819180255|944.71
1787133795|20260819180315|944.79
1787133800|20260819180320|944.76
1787133805|20260819180325|944.62
1787133815|20260819180335|944.72
1787133820|20260819180340|944.67
1787133825|20260819180345|944.70
1787133830|20260819180350|944.62
1787133835|20260819180355|944.67
1787133845|20260819180405|944.63
1787133850|20260819180410|944.66
1787133860|20260819180420|944.55
1787133865|20260819180425|944.55
1787133900|20260819180500|944.49
1787133905|20260819180505|944.51
1787133910|20260819180510|944.46
1787133915|20260819180515|944.46
1787133920|20260819180520|944.47
1787133925|20260819180525|944.48
1787133935|20260819180535|944.45
1787133940|20260819180540|944.47
1787133945|20260819180545|944.51
1787133950|20260819180550|944.56
1787133955|20260819180555|944.59
1787133960|20260819180600|944.60
1787133970|20260819180610|944.63
1787133980|20260819180620|944.65
1787133995|20260819180635|944.69
1787134005|20260819180645|944.68
1787134010|20260819180650|944.67
1787134015|20260819180655|944.66
1787134025|20260819180705|944.69
1787134030|20260819180710|944.68
1787134035|20260819180715|944.87
1787134045|20260819180725|944.94
1787134055|20260819180735|944.97
1787134060|20260819180740|944.98
1787134075|20260819180755|945.00
1787134090|20260819180810|945.01
1787134095|20260819180815|945.00
1787134100|20260819180820|945.03
1787134115|20260819180835|944.93
1787134120|20260819180840|944.98
1787134130|20260819180850|945.01
1787134150|20260819180910|944.96
1787134155|20260819180915|944.96
1787134160|20260819180920|945.00
1787134165|20260819180925|944.98
1787134200|20260819181000|944.80
1787134205|20260819181005|944.82
1787134210|20260819181010|944.76
1787134215|20260819181015|944.77
1787134220|20260819181020|944.79
1787134225|20260819181025|944.78
1787134235|20260819181035|944.79
1787134240|20260819181040|944.79
1787134250|20260819181050|944.83
1787134255|20260819181055|944.84
1787134270|20260819181110|944.83
1787134275|20260819181115|944.77
1787134280|20260819181120|944.75
1787134285|20260819181125|944.74
1787134295|20260819181135|944.74
1787134300|20260819181140|944.69
1787134305|20260819181145|944.72
1787134310|20260819181150|944.83
1787134315|20260819181155|944.85
1787134325|20260819181205|944.88
1787134330|20260819181210|944.92
1787134335|20260819181215|944.99
1787134340|20260819181220|944.96
1787134355|20260819181235|945.04
1787134360|20260819181240|945.10
1787134365|20260819181245|945.13
1787134370|20260819181250|945.09
1787134375|20260819181255|944.99
1787134385|20260819181305|945.18
1787134390|20260819181310|945.10
1787134395|20260819181315|945.02
1787134400|20260819181320|945.00
1787134405|20260819181325|945.01
1787134420|20260819181340|945.11
1787134425|20260819181345|945.12
1787134435|20260819181355|945.16
1787134445|20260819181405|945.37
1787134450|20260819181410|945.30
1787134455|20260819181415|945.32
1787134460|20260819181420|945.28
1787134465|20260819181425|945.30
1787134500|20260819181500|945.41
1787134505|20260819181505|945.29
1787134510|20260819181510|945.28
1787134515|20260819181515|945.38
1787134520|20260819181520|945.39
1787134525|20260819181525|945.39
1787134535|20260819181535|945.35
1787134540|20260819181540|945.31
1787134545|20260819181545|945.37
1787134550|20260819181550|945.34
1787134555|20260819181555|945.36
1787134560|20260819181600|945.36
1787134565|20260819181605|945.37
1787134575|20260819181615|945.31
1787134580|20260819181620|945.31
1787134585|20260819181625|945.51
1787134595|20260819181635|945.49
1787134605|20260819181645|945.68
1787134615|20260819181655|945.79
1787134625|20260819181705|945.64
1787134630|20260819181710|945.65
1787134635|20260819181715|945.61
1787134640|20260819181720|945.61
1787134645|20260819181725|945.63
1787134650|20260819181730|945.59
1787134655|20260819181735|945.69
1787134660|20260819181740|945.66
1787134665|20260819181745|945.76
1787134670|20260819181750|945.78
1787134675|20260819181755|946.08
1787134680|20260819181800|946.13
1787134685|20260819181805|946.12
1787134690|20260819181810|946.14
1787134700|20260819181820|946.03
1787134705|20260819181825|946.03
1787134710|20260819181830|946.04
1787134720|20260819181840|946.04
1787134725|20260819181845|946.04
1787134735|20260819181855|946.04
1787134740|20260819181900|946.08
1787134745|20260819181905|946.09
1787134750|20260819181910|946.15
1787134755|20260819181915|946.09
1787134760|20260819181920|946.06
1787134775|20260819181935|946.10
1787134800|20260819182000|946.22
1787134805|20260819182005|946.32
1787134815|20260819182015|946.10
1787134820|20260819182020|946.10
1787134825|20260819182025|946.16
1787134840|20260819182040|946.02
1787134845|20260819182045|946.01
1787134850|20260819182050|946.03
1787134855|20260819182055|946.03
1787134865|20260819182105|946.18
1787134870|20260819182110|946.21
1787134875|20260819182115|946.14
1787134880|20260819182120|946.15
1787134885|20260819182125|946.00
1787134895|20260819182135|945.95
1787134900|20260819182140|945.97
1787134905|20260819182145|946.04
1787134910|20260819182150|946.18
1787134915|20260819182155|946.18
1787134925|20260819182205|946.26
1787134930|20260819182210|946.24
1787134935|20260819182215|946.22
1787134940|20260819182220|946.20
1787134950|20260819182230|946.27
1787134960|20260819182240|946.25
1787134965|20260819182245|946.24
1787134970|20260819182250|946.22
1787134975|20260819182255|946.27
1787134980|20260819182300|946.32
1787134985|20260819182305|946.24
1787134990|20260819182310|946.21
1787134995|20260819182315|946.26
1787135005|20260819182325|946.24
1787135015|20260819182335|946.25
1787135020|20260819182340|946.37
1787135025|20260819182345|946.43
1787135030|20260819182350|946.45
1787135035|20260819182355|946.28
1787135045|20260819182405|946.30
1787135050|20260819182410|946.27
1787135055|20260819182415|946.26
1787135060|20260819182420|946.39
1787135065|20260819182425|946.37
1787135100|20260819182500|946.31
1787135105|20260819182505|946.26
1787135110|20260819182510|946.25
1787135120|20260819182520|946.16
1787135125|20260819182525|946.15
1787135135|20260819182535|946.14
1787135140|20260819182540|946.14
1787135145|20260819182545|946.17
1787135150|20260819182550|946.17
1787135155|20260819182555|946.16
1787135165|20260819182605|946.07
1787135170|20260819182610|946.09
1787135175|20260819182615|946.06
1787135180|20260819182620|946.08
1787135185|20260819182625|946.12
1787135195|20260819182635|946.10
1787135200|20260819182640|946.11
1787135205|20260819182645|946.12
1787135210|20260819182650|946.11
1787135215|20260819182655|946.16
1787135220|20260819182700|946.14
1787135235|20260819182715|946.08
1787135255|20260819182735|946.03
1787135265|20260819182745|945.98
1787135270|20260819182750|946.02
1787135275|20260819182755|946.12
1787135285|20260819182805|946.10
1787135290|20260819182810|946.12
1787135295|20260819182815|946.14
1787135300|20260819182820|946.15
1787135305|20260819182825|946.16
1787135315|20260819182835|946.22
1787135335|20260819182855|946.35
1787135345|20260819182905|946.37
1787135355|20260819182915|946.38
1787135360|20260819182920|946.45
1787135365|20260819182925|946.34
1787135380|20260819182940|946.37
1787135400|20260819183000|946.38
1787135405|20260819183005|946.35
1787135410|20260819183010|946.42
1787135415|20260819183015|946.37
1787135420|20260819183020|946.39
1787135425|20260819183025|946.37
1787135435|20260819183035|946.47
1787135440|20260819183040|946.49
1787135455|20260819183055|946.35
1787135465|20260819183105|946.13
1787135475|20260819183115|946.14
1787135480|20260819183120|946.12
1787135485|20260819183125|946.10
1787135495|20260819183135|946.09
1787135500|20260819183140|946.11
1787135510|20260819183150|946.06
1787135515|20260819183155|946.07
1787135525|20260819183205|946.06
1787135530|20260819183210|946.01
1787135535|20260819183215|945.91
1787135540|20260819183220|945.90
1787135555|20260819183235|945.93
1787135560|20260819183240|946.04
1787135570|20260819183250|946.05
1787135575|20260819183255|945.95
1787135585|20260819183305|945.97
1787135590|20260819183310|945.94
1787135600|20260819183320|945.92
1787135615|20260819183335|945.91
1787135620|20260819183340|945.89
1787135625|20260819183345|945.95
1787135630|20260819183350|945.94
1787135635|20260819183355|945.94
1787135645|20260819183405|945.88
1787135650|20260819183410|945.90
1787135655|20260819183415|945.92
1787135660|20260819183420|945.93
1787135665|20260819183425|945.96
1787135700|20260819183500|946.01
1787135705|20260819183505|945.97
1787135720|20260819183520|945.98
1787135725|20260819183525|945.99
1787135735|20260819183535|946.01
1787135740|20260819183540|945.94
1787135745|20260819183545|945.92
1787135750|20260819183550|946.00
1787135755|20260819183555|946.06
1787135765|20260819183605|946.09
1787135770|20260819183610|946.09
1787135795|20260819183635|946.02
1787135800|20260819183640|945.99
1787135815|20260819183655|946.10
1787135830|20260819183710|946.06
1787135835|20260819183715|946.06
1787135840|20260819183720|946.02
1787135845|20260819183725|946.01
1787135860|20260819183740|946.05
1787135865|20260819183745|946.04
1787135875|20260819183755|945.97
1787135880|20260819183800|946.01
1787135885|20260819183805|946.02
1787135890|20260819183810|946.03
1787135895|20260819183815|946.00
1787135900|20260819183820|946.03
1787135905|20260819183825|946.05
1787135915|20260819183835|945.98
1787135920|20260819183840|945.99
1787135930|20260819183850|945.97
1787135935|20260819183855|946.00
1787135950|20260819183910|945.92
1787135955|20260819183915|945.94
1787135960|20260819183920|945.93
1787135965|20260819183925|945.91
1787136005|20260819184005|945.92
1787136010|20260819184010|945.90
1787136015|20260819184015|945.91
1787136020|20260819184020|945.91
1787136025|20260819184025|945.91
1787136035|20260819184035|945.87
1787136040|20260819184040|945.87
1787136045|20260819184045|945.86
1787136050|20260819184050|945.86
1787136055|20260819184055|945.88
1787136065|20260819184105|945.90
1787136070|20260819184110|945.90
1787136075|20260819184115|945.95
1787136080|20260819184120|946.01
1787136085|20260819184125|946.10
1787136095|20260819184135|946.23
1787136100|20260819184140|946.19
1787136115|20260819184155|946.21
1787136125|20260819184205|946.22
1787136130|20260819184210|946.22
1787136135|20260819184215|946.23
1787136140|20260819184220|946.09
1787136145|20260819184225|946.08
1787136155|20260819184235|946.07
1787136160|20260819184240|946.06
1787136165|20260819184245|946.06
1787136170|20260819184250|946.10
1787136175|20260819184255|946.11
1787136185|20260819184305|946.07
1787136190|20260819184310|946.07
1787136195|20260819184315|946.08
1787136200|20260819184320|946.07
1787136215|20260819184335|946.03
1787136220|20260819184340|946.05
1787136230|20260819184350|946.13
1787136235|20260819184355|946.06
1787136245|20260819184405|946.19
1787136250|20260819184410|946.14
1787136255|20260819184415|946.22
1787136260|20260819184420|946.22
1787136265|20260819184425|946.22
1787136300|20260819184500|946.13
1787136320|20260819184520|946.16
1787136325|20260819184525|946.17
1787136340|20260819184540|946.14
1787136345|20260819184545|946.12
1787136355|20260819184555|946.17
1787136370|20260819184610|946.13
1787136380|20260819184620|946.08
1787136385|20260819184625|946.09
1787136395|20260819184635|946.04
1787136400|20260819184640|946.17
1787136405|20260819184645|946.11
1787136410|20260819184650|946.16
1787136415|20260819184655|946.17
1787136425|20260819184705|946.21
1787136435|20260819184715|946.24
1787136445|20260819184725|946.26
1787136455|20260819184735|946.20
1787136460|20260819184740|946.22
1787136470|20260819184750|946.27
1787136475|20260819184755|946.24
1787136485|20260819184805|946.26
1787136490|20260819184810|946.25
1787136495|20260819184815|946.26
1787136500|20260819184820|946.25
1787136505|20260819184825|946.23
1787136515|20260819184835|946.25
1787136520|20260819184840|946.23
1787136525|20260819184845|946.21
1787136530|20260819184850|946.22
1787136535|20260819184855|946.39
1787136540|20260819184900|946.48
1787136550|20260819184910|946.20
1787136555|20260819184915|946.18
1787136560|20260819184920|946.24
1787136565|20260819184925|946.13
1787136600|20260819185000|946.28
1787136605|20260819185005|946.25
1787136610|20260819185010|946.25
1787136615|20260819185015|946.28
1787136620|20260819185020|946.26
1787136625|20260819185025|946.23
1787136635|20260819185035|946.20
1787136640|20260819185040|946.23
1787136645|20260819185045|946.23
1787136650|20260819185050|946.17
1787136655|20260819185055|946.25
1787136665|20260819185105|946.14
1787136670|20260819185110|946.24
1787136675|20260819185115|946.19
1787136685|20260819185125|946.18
1787136695|20260819185135|946.18
1787136700|20260819185140|946.16
1787136705|20260819185145|946.05
1787136710|20260819185150|946.11
1787136715|20260819185155|946.12
1787136725|20260819185205|946.08
1787136730|20260819185210|946.09
1787136745|20260819185225|945.97
1787136755|20260819185235|946.13
1787136760|20260819185240|946.15
1787136765|20260819185245|946.07
1787136770|20260819185250|946.06
1787136775|20260819185255|946.07
1787136785|20260819185305|946.02
1787136790|20260819185310|946.08
1787136795|20260819185315|946.05
1787136800|20260819185320|946.12
1787136805|20260819185325|946.06
1787136815|20260819185335|946.08
1787136820|20260819185340|946.08
1787136825|20260819185345|946.09
1787136835|20260819185355|946.02
1787136845|20260819185405|946.02
1787136850|20260819185410|946.02
1787136855|20260819185415|946.00
1787136860|20260819185420|946.03
1787136865|20260819185425|946.02
1787136900|20260819185500|946.06
1787136905|20260819185505|946.03
1787136910|20260819185510|946.03
1787136915|20260819185515|946.08
1787136920|20260819185520|946.07
1787136925|20260819185525|946.10
1787136940|20260819185540|946.01
1787136945|20260819185545|946.02
1787136950|20260819185550|946.03
1787136955|20260819185555|946.03
1787136965|20260819185605|946.01
1787136970|20260819185610|945.99
1787136975|20260819185615|946.00
1787136980|20260819185620|946.04
1787136985|20260819185625|946.03
1787136995|20260819185635|945.92
1787137000|20260819185640|945.88
1787137005|20260819185645|945.91
1787137010|20260819185650|945.98
1787137015|20260819185655|946.00
1787137025|20260819185705|945.98
1787137030|20260819185710|946.00
1787137035|20260819185715|945.99
1787137040|20260819185720|945.97
1787137045|20260819185725|945.90
1787137060|20260819185740|945.91
1787137065|20260819185745|945.90
1787137070|20260819185750|945.91
1787137075|20260819185755|945.92
1787137085|20260819185805|945.89
1787137095|20260819185815|945.84
1787137100|20260819185820|945.83
1787137105|20260819185825|945.89
1787137115|20260819185835|945.91
1787137120|20260819185840|945.94
1787137125|20260819185845|945.94
1787137135|20260819185855|945.93
1787137145|20260819185905|945.93
1787137150|20260819185910|945.89
1787137155|20260819185915|945.88
1787137160|20260819185920|945.87
1787137165|20260819185925|946.02
1787137200|20260819190000|946.07
1787137205|20260819190005|946.07
1787137210|20260819190010|946.07
1787137215|20260819190015|946.10
1787137220|20260819190020|946.19
1787137225|20260819190025|946.17
1787137235|20260819190035|946.16
1787137240|20260819190040|946.27
1787137245|20260819190045|946.38
1787137250|20260819190050|946.37
1787137255|20260819190055|946.36
1787137260|20260819190100|946.40
1787137265|20260819190105|946.53
1787137270|20260819190110|946.61
1787137275|20260819190115|946.62
1787137280|20260819190120|946.56
1787137285|20260819190125|946.60
1787137295|20260819190135|946.67
1787137300|20260819190140|946.66
1787137305|20260819190145|946.68
1787137315|20260819190155|946.58
1787137320|20260819190200|946.58
1787137330|20260819190210|946.73
1787137340|20260819190220|946.71
1787137345|20260819190225|946.72
1787137355|20260819190235|946.64
1787137360|20260819190240|946.69
1787137365|20260819190245|946.66
1787137370|20260819190250|946.75
1787137375|20260819190255|946.71
1787137385|20260819190305|946.79
1787137390|20260819190310|946.78
1787137400|20260819190320|946.80
1787137415|20260819190335|946.69
1787137420|20260819190340|946.77
1787137425|20260819190345|946.79
1787137430|20260819190350|946.81
1787137435|20260819190355|946.77
1787137445|20260819190405|946.58
1787137450|20260819190410|946.58
1787137455|20260819190415|946.61
1787137460|20260819190420|946.60
1787137500|20260819190500|946.72
1787137515|20260819190515|946.83
1787137520|20260819190520|946.85
1787137525|20260819190525|946.84
1787137535|20260819190535|947.14
1787137540|20260819190540|947.07
1787137545|20260819190545|947.11
1787137555|20260819190555|947.24
1787137565|20260819190605|947.21
1787137575|20260819190615|947.35
1787137580|20260819190620|947.37
1787137585|20260819190625|947.35
1787137600|20260819190640|947.33
1787137605|20260819190645|947.25
1787137610|20260819190650|947.26
1787137615|20260819190655|947.29
1787137625|20260819190705|947.18
1787137630|20260819190710|947.10
1787137635|20260819190715|947.12
1787137640|20260819190720|947.24
1787137645|20260819190725|947.18
1787137660|20260819190740|947.16
1787137665|20260819190745|947.17
1787137670|20260819190750|947.18
1787137675|20260819190755|947.19
1787137690|20260819190810|947.01
1787137695|20260819190815|947.18
1787137700|20260819190820|947.12
1787137705|20260819190825|947.12
1787137715|20260819190835|947.18
1787137735|20260819190855|947.21
1787137750|20260819190910|947.11
1787137755|20260819190915|947.06
1787137760|20260819190920|947.03
1787137765|20260819190925|946.99
1787137790|20260819190950|946.83
1787137800|20260819191000|946.91
1787137805|20260819191005|946.88
1787137810|20260819191010|946.84
1787137820|20260819191020|946.99
1787137825|20260819191025|947.03
1787137835|20260819191035|947.04
1787137840|20260819191040|947.19
1787137845|20260819191045|947.18
1787137850|20260819191050|947.17
1787137860|20260819191100|947.19
1787137865|20260819191105|947.10
1787137870|20260819191110|947.19
1787137875|20260819191115|947.19
1787137880|20260819191120|947.20
1787137885|20260819191125|947.22
1787137895|20260819191135|947.25
1787137900|20260819191140|947.19
1787137905|20260819191145|947.19
1787137910|20260819191150|947.15
1787137915|20260819191155|947.26
1787137925|20260819191205|947.15
1787137930|20260819191210|947.15
1787137935|20260819191215|947.12
1787137940|20260819191220|947.11
1787137945|20260819191225|947.15
1787137955|20260819191235|947.17
1787137960|20260819191240|947.17
1787137965|20260819191245|947.39
1787137970|20260819191250|947.43
1787137975|20260819191255|947.51
1787137985|20260819191305|947.40
1787137990|20260819191310|947.48
1787137995|20260819191315|947.46
1787138000|20260819191320|947.47
1787138015|20260819191335|947.48
1787138020|20260819191340|947.51
1787138025|20260819191345|947.49
1787138030|20260819191350|947.47
1787138035|20260819191355|947.37
1787138045|20260819191405|947.36
1787138050|20260819191410|947.40
1787138055|20260819191415|947.42
1787138060|20260819191420|947.40
1787138065|20260819191425|947.44
1787138080|20260819191440|947.44
1787138100|20260819191500|947.36
1787138105|20260819191505|947.36
1787138110|20260819191510|947.37
1787138120|20260819191520|947.51
1787138125|20260819191525|947.49
1787138130|20260819191530|947.50
1787138135|20260819191535|947.51
1787138140|20260819191540|947.48
1787138145|20260819191545|947.48
1787138150|20260819191550|947.35
1787138155|20260819191555|947.30
1787138165|20260819191605|947.21
1787138170|20260819191610|947.17
1787138180|20260819191620|947.16
1787138185|20260819191625|947.07
1787138200|20260819191640|947.16
1787138205|20260819191645|947.09
1787138210|20260819191650|947.13
1787138230|20260819191710|946.79
1787138235|20260819191715|946.78
1787138240|20260819191720|946.82
1787138245|20260819191725|946.72
1787138255|20260819191735|946.77
1787138265|20260819191745|946.80
1787138270|20260819191750|946.71
1787138280|20260819191800|946.56
1787138285|20260819191805|946.68
1787138290|20260819191810|946.63
1787138295|20260819191815|946.63
1787138300|20260819191820|946.70
1787138305|20260819191825|946.72
1787138315|20260819191835|946.74
1787138320|20260819191840|946.77
1787138330|20260819191850|946.72
1787138335|20260819191855|946.72
1787138350|20260819191910|946.72
1787138355|20260819191915|946.70
1787138360|20260819191920|946.75
1787138365|20260819191925|946.77
1787138385|20260819191945|946.82
1787138390|20260819191950|946.81
1787138400|20260819192000|946.75
1787138405|20260819192005|946.75
1787138410|20260819192010|946.75
1787138420|20260819192020|946.69
1787138425|20260819192025|946.71
1787138430|20260819192030|946.77
1787138435|20260819192035|946.79
1787138440|20260819192040|946.79
1787138445|20260819192045|946.77
1787138450|20260819192050|946.71
1787138455|20260819192055|946.69
1787138460|20260819192100|946.62
1787138465|20260819192105|946.60
1787138470|20260819192110|946.58
1787138475|20260819192115|946.58
1787138480|20260819192120|946.57
1787138495|20260819192135|946.42
1787138500|20260819192140|946.44
1787138505|20260819192145|946.44
1787138510|20260819192150|946.44
1787138515|20260819192155|946.44
1787138525|20260819192205|946.56
1787138530|20260819192210|946.54
1787138535|20260819192215|946.51
1787138540|20260819192220|946.53
1787138545|20260819192225|946.62
1787138560|20260819192240|946.80
1787138565|20260819192245|946.81
1787138570|20260819192250|946.74
1787138575|20260819192255|946.88
1787138585|20260819192305|946.89
1787138590|20260819192310|946.79
1787138595|20260819192315|946.76
1787138600|20260819192320|946.75
1787138605|20260819192325|946.74
1787138615|20260819192335|946.70
1787138620|20260819192340|946.75
1787138635|20260819192355|946.74
1787138640|20260819192400|946.74
1787138650|20260819192410|946.80
1787138655|20260819192415|946.82
1787138660|20260819192420|946.80
1787138670|20260819192430|946.83
1787138680|20260819192440|946.90
1787138690|20260819192450|946.87
1787138695|20260819192455|946.79
1787138705|20260819192505|946.83
1787138710|20260819192510|946.81
1787138715|20260819192515|946.94
1787138720|20260819192520|946.83
1787138725|20260819192525|947.09
1787138730|20260819192530|947.18
1787138735|20260819192535|947.12
1787138740|20260819192540|947.10
1787138745|20260819192545|947.14
1787138750|20260819192550|947.11
1787138755|20260819192555|947.06
1787138760|20260819192600|947.09
1787138765|20260819192605|947.06
1787138770|20260819192610|947.03
1787138775|20260819192615|947.04
1787138780|20260819192620|947.01
1787138785|20260819192625|947.04
1787138795|20260819192635|947.06
1787138800|20260819192640|947.05
1787138805|20260819192645|947.01
1787138810|20260819192650|946.95
1787138815|20260819192655|947.02
1787138820|20260819192700|947.26
1787138825|20260819192705|947.26
1787138830|20260819192710|947.22
1787138835|20260819192715|947.23
1787138840|20260819192720|947.20
1787138850|20260819192730|947.25
1787138855|20260819192735|947.32
1787138865|20260819192745|947.30
1787138870|20260819192750|947.30
1787138875|20260819192755|947.27
1787138885|20260819192805|947.20
1787138890|20260819192810|947.16
1787138895|20260819192815|947.13
1787138900|20260819192820|947.00
1787138905|20260819192825|946.97
1787138915|20260819192835|946.99
1787138920|20260819192840|946.98
1787138925|20260819192845|946.95
1787138930|20260819192850|946.98
1787138935|20260819192855|947.04
1787138940|20260819192900|947.01
1787138945|20260819192905|946.98
1787138950|20260819192910|946.92
1787138955|20260819192915|946.97
1787138965|20260819192925|946.90
1787138980|20260819192940|946.86
1787138990|20260819192950|946.88
1787139010|20260819193010|946.87
1787139015|20260819193015|946.95
1787139020|20260819193020|946.96
1787139030|20260819193030|946.83
1787139040|20260819193040|946.92
1787139045|20260819193045|946.66
1787139050|20260819193050|946.74
1787139065|20260819193105|946.67
1787139070|20260819193110|946.68
1787139075|20260819193115|946.68
1787139080|20260819193120|946.69
1787139090|20260819193130|946.61
1787139100|20260819193140|946.66
1787139110|20260819193150|946.64
1787139115|20260819193155|946.60
1787139125|20260819193205|946.62
1787139130|20260819193210|946.43
1787139135|20260819193215|946.45
1787139140|20260819193220|946.42
1787139145|20260819193225|946.53
1787139150|20260819193230|946.51
1787139155|20260819193235|946.54
1787139160|20260819193240|946.56
1787139170|20260819193250|946.56
1787139175|20260819193255|946.50
1787139180|20260819193300|946.55
1787139190|20260819193310|946.58
1787139195|20260819193315|946.61
1787139205|20260819193325|946.54
1787139210|20260819193330|946.54
1787139215|20260819193335|946.56
1787139220|20260819193340|946.55
1787139225|20260819193345|946.51
1787139230|20260819193350|946.57
1787139235|20260819193355|946.58
1787139245|20260819193405|946.60
1787139255|20260819193415|946.59
1787139260|20260819193420|946.52
1787139275|20260819193435|946.47
1787139295|20260819193455|946.47
1787139300|20260819193500|946.51
1787139305|20260819193505|946.51
1787139310|20260819193510|946.53
1787139315|20260819193515|946.52
1787139320|20260819193520|946.40
1787139325|20260819193525|946.39
1787139330|20260819193530|946.50
1787139340|20260819193540|946.50
1787139345|20260819193545|946.50
1787139350|20260819193550|946.57
1787139355|20260819193555|946.62
1787139360|20260819193600|946.56
1787139375|20260819193615|946.46
1787139380|20260819193620|946.47
1787139385|20260819193625|946.46
1787139395|20260819193635|946.45
1787139400|20260819193640|946.47
1787139405|20260819193645|946.56
1787139425|20260819193705|946.38
1787139430|20260819193710|946.44
1787139435|20260819193715|946.43
1787139440|20260819193720|946.36
1787139445|20260819193725|946.38
1787139455|20260819193735|946.41
1787139460|20260819193740|946.43
1787139465|20260819193745|946.40
1787139470|20260819193750|946.41
1787139475|20260819193755|946.39
1787139485|20260819193805|946.37
1787139490|20260819193810|946.33
1787139495|20260819193815|946.30
1787139500|20260819193820|946.23
1787139505|20260819193825|946.26
1787139515|20260819193835|946.35
1787139520|20260819193840|946.40
1787139530|20260819193850|946.35
1787139535|20260819193855|946.35
1787139545|20260819193905|946.42
1787139550|20260819193910|946.44
1787139565|20260819193925|946.17
1787139570|20260819193930|946.21
1787139575|20260819193935|946.21
1787139590|20260819193950|946.01
1787139595|20260819193955|946.08
1787139605|20260819194005|946.12
1787139610|20260819194010|946.20
1787139615|20260819194015|946.15
1787139625|20260819194025|946.06
1787139645|20260819194045|946.03
1787139680|20260819194120|945.81
1787139695|20260819194135|945.63
1787139700|20260819194140|945.61
1787139705|20260819194145|945.52
1787139710|20260819194150|945.46
1787139730|20260819194210|945.43
1787139735|20260819194215|945.41
1787139745|20260819194225|945.45
1787139760|20260819194240|945.45
1787139770|20260819194250|945.54
1787139775|20260819194255|945.49
1787139790|20260819194310|945.23
1787139820|20260819194340|945.28
1787139825|20260819194345|945.28
1787139830|20260819194350|945.28
1787139845|20260819194405|945.29
1787139850|20260819194410|945.34
1787139865|20260819194425|945.49
1787139905|20260819194505|945.33
1787139910|20260819194510|945.46
1787139940|20260819194540|945.46
1787139945|20260819194545|945.60
1787139950|20260819194550|945.61
1787139955|20260819194555|945.61
1787139965|20260819194605|945.55
1787139970|20260819194610|945.55
1787139975|20260819194615|945.60
1787139980|20260819194620|945.65
1787139995|20260819194635|945.72
1787140000|20260819194640|945.71
1787140005|20260819194645|945.69
1787140010|20260819194650|945.68
1787140025|20260819194705|945.66
1787140030|20260819194710|945.66
1787140035|20260819194715|945.70
1787140045|20260819194725|945.76
1787140060|20260819194740|945.91
1787140070|20260819194750|945.91
1787140075|20260819194755|945.88
1787140085|20260819194805|945.90
1787140090|20260819194810|945.89
1787140095|20260819194815|945.80
1787140115|20260819194835|945.77
1787140120|20260819194840|945.80
1787140125|20260819194845|945.79
1787140130|20260819194850|945.80
1787140145|20260819194905|945.97
1787140155|20260819194915|946.10
1787140160|20260819194920|946.10
1787140165|20260819194925|946.10
1787140180|20260819194940|946.00
1787140195|20260819194955|946.16
1787140200|20260819195000|946.13
1787140215|20260819195015|946.07
1787140220|20260819195020|946.03
1787140225|20260819195025|946.05
1787140235|20260819195035|945.93
1787140240|20260819195040|945.92
1787140245|20260819195045|945.91
1787140250|20260819195050|945.82
1787140255|20260819195055|945.80
1787140265|20260819195105|945.80
1787140270|20260819195110|945.72
1787140275|20260819195115|945.71
1787140280|20260819195120|945.68
1787140295|20260819195135|945.45
1787140300|20260819195140|945.46
1787140305|20260819195145|945.48
1787140310|20260819195150|945.40
1787140315|20260819195155|945.38
1787140325|20260819195205|945.36
1787140330|20260819195210|945.35
1787140340|20260819195220|945.47
1787140345|20260819195225|945.41
1787140355|20260819195235|945.45
1787140360|20260819195240|945.43
1787140365|20260819195245|945.43
1787140370|20260819195250|945.40
1787140375|20260819195255|945.45
1787140380|20260819195300|945.40
1787140385|20260819195305|945.40
1787140390|20260819195310|945.45
1787140395|20260819195315|945.45
1787140405|20260819195325|945.53
1787140410|20260819195330|945.61
1787140415|20260819195335|945.61
1787140420|20260819195340|945.61
1787140425|20260819195345|945.53
1787140435|20260819195355|945.65
1787140445|20260819195405|945.69
1787140450|20260819195410|945.84
1787140460|20260819195420|945.79
1787140465|20260819195425|945.92
1787140475|20260819195435|945.88
1787140480|20260819195440|945.89
1787140485|20260819195445|945.90
1787140495|20260819195455|945.82
1787140500|20260819195500|945.79
1787140505|20260819195505|945.83
1787140510|20260819195510|945.87
1787140515|20260819195515|945.83
1787140520|20260819195520|945.83
1787140535|20260819195535|945.82
1787140540|20260819195540|945.84
1787140545|20260819195545|945.76
1787140550|20260819195550|945.81
1787140560|20260819195600|945.71
1787140565|20260819195605|945.71
1787140570|20260819195610|945.82
1787140580|20260819195620|945.73
1787140585|20260819195625|945.78
1787140595|20260819195635|945.76
1787140600|20260819195640|945.74
1787140605|20260819195645|945.86
1787140610|20260819195650|945.87
1787140615|20260819195655|945.78
1787140625|20260819195705|945.79
1787140630|20260819195710|945.79
1787140635|20260819195715|945.78
1787140640|20260819195720|945.78
1787140645|20260819195725|945.85
1787140655|20260819195735|945.85
1787140660|20260819195740|945.77
1787140665|20260819195745|945.78
1787140670|20260819195750|945.73
1787140675|20260819195755|945.72
1787140685|20260819195805|945.79
1787140690|20260819195810|945.80
1787140695|20260819195815|945.79
1787140700|20260819195820|945.79
1787140705|20260819195825|945.75
1787140715|20260819195835|945.57
1787140720|20260819195840|945.60
1787140730|20260819195850|945.64
1787140735|20260819195855|945.64
1787140740|20260819195900|945.77
1787140745|20260819195905|945.82
1787140750|20260819195910|945.77
1787140755|20260819195915|945.78
1787140760|20260819195920|945.64
1787140765|20260819195925|945.61
1787140800|20260819200000|945.56
1787140805|20260819200005|945.57
1787140810|20260819200010|945.48
1787140815|20260819200015|945.62
1787140820|20260819200020|945.58
1787140825|20260819200025|945.44
1787140835|20260819200035|945.52
1787140840|20260819200040|945.52
1787140845|20260819200045|945.69
1787140855|20260819200055|945.57
1787140865|20260819200105|945.62
1787140870|20260819200110|945.66
1787140880|20260819200120|945.54
1787140885|20260819200125|945.47
1787140895|20260819200135|945.48
1787140900|20260819200140|945.40
1787140910|20260819200150|945.35
1787140920|20260819200200|945.38
1787140925|20260819200205|945.31
1787140955|20260819200235|945.42
1787140960|20260819200240|945.40
1787140970|20260819200250|945.20
1787140975|20260819200255|945.20
1787140980|20260819200300|945.22
1787140985|20260819200305|945.34
1787140995|20260819200315|945.17
1787141000|20260819200320|945.15
1787141005|20260819200325|945.04
1787141020|20260819200340|945.06
1787141025|20260819200345|945.17
1787141030|20260819200350|945.19
1787141035|20260819200355|945.19
1787141040|20260819200400|945.21
1787141045|20260819200405|945.26
1787141060|20260819200420|945.44
1787141110|20260819200510|945.42
1787141120|20260819200520|945.37
1787141135|20260819200535|945.63
1787141145|20260819200545|945.77
1787141155|20260819200555|945.61
1787141160|20260819200600|945.61
1787141165|20260819200605|945.61
1787141170|20260819200610|945.67
1787141175|20260819200615|945.69
1787141180|20260819200620|945.68
1787141185|20260819200625|945.70
1787141200|20260819200640|945.81
1787141205|20260819200645|945.67
1787141210|20260819200650|945.61
1787141215|20260819200655|945.72
1787141220|20260819200700|945.68
1787141230|20260819200710|945.69
1787141235|20260819200715|945.64
1787141240|20260819200720|945.74
1787141245|20260819200725|945.84
1787141255|20260819200735|945.82
1787141260|20260819200740|945.88
1787141265|20260819200745|945.91
1787141270|20260819200750|945.90
1787141275|20260819200755|946.02
1787141280|20260819200800|946.00
1787141295|20260819200815|945.85
1787141300|20260819200820|945.91
1787141335|20260819200855|946.21
1787141360|20260819200920|946.16
1787141375|20260819200935|946.21
1787141405|20260819201005|946.26
1787141415|20260819201015|946.18
1787141455|20260819201055|946.17
1787141465|20260819201105|946.26
1787141470|20260819201110|946.26
1787141480|20260819201120|946.29
1787141495|20260819201135|946.28
1787141500|20260819201140|946.36
1787141505|20260819201145|946.37
1787141510|20260819201150|946.51
1787141515|20260819201155|946.55
1787141530|20260819201210|946.70
1787141535|20260819201215|946.83
1787141540|20260819201220|946.75
1787141545|20260819201225|946.71
1787141555|20260819201235|946.64
1787141565|20260819201245|946.61
1787141580|20260819201300|946.33
1787141585|20260819201305|946.37
1787141590|20260819201310|946.37
1787141600|20260819201320|946.36
1787141605|20260819201325|946.39
1787141620|20260819201340|946.32
1787141630|20260819201350|946.42
1787141635|20260819201355|946.42
1787141645|20260819201405|946.45
1787141650|20260819201410|946.46
1787141655|20260819201415|946.44
1787141665|20260819201425|946.39
1787141700|20260819201500|946.34
1787141705|20260819201505|946.35
1787141710|20260819201510|946.37
1787141715|20260819201515|946.46
1787141725|20260819201525|946.65
1787141735|20260819201535|946.74
1787141740|20260819201540|946.66
1787141745|20260819201545|946.59
1787141750|20260819201550|946.67
1787141755|20260819201555|946.45
1787141765|20260819201605|946.47
1787141770|20260819201610|946.37
1787141780|20260819201620|946.27
1787141795|20260819201635|946.21
1787141800|20260819201640|946.20
1787141815|20260819201655|946.48
1787141820|20260819201700|946.63
1787141825|20260819201705|946.62
1787141830|20260819201710|946.75
1787141835|20260819201715|946.48
1787141845|20260819201725|946.28
1787141860|20260819201740|946.28
1787141865|20260819201745|946.28
1787141870|20260819201750|946.28
1787141875|20260819201755|946.21
1787141885|20260819201805|946.18
1787141895|20260819201815|945.98
1787141900|20260819201820|945.94
1787141920|20260819201840|945.94
1787141925|20260819201845|945.95
1787141930|20260819201850|945.94
1787141935|20260819201855|945.97
1787141945|20260819201905|946.03
1787141955|20260819201915|946.03
1787141960|20260819201920|946.02
1787142000|20260819202000|946.29
1787142005|20260819202005|946.24
1787142010|20260819202010|946.36
1787142015|20260819202015|946.42
1787142020|20260819202020|946.62
1787142025|20260819202025|946.92
1787142035|20260819202035|946.74
1787142040|20260819202040|946.82
1787142050|20260819202050|947.09
1787142065|20260819202105|946.97
1787142075|20260819202115|947.05
1787142080|20260819202120|947.08
1787142085|20260819202125|947.15
1787142095|20260819202135|947.10
1787142100|20260819202140|947.26
1787142105|20260819202145|947.24
1787142110|20260819202150|947.21
1787142115|20260819202155|947.07
1787142130|20260819202210|947.20
1787142140|20260819202220|947.19
1787142160|20260819202240|947.43
1787142165|20260819202245|947.46
1787142190|20260819202310|947.06
1787142205|20260819202325|947.09
1787142220|20260819202340|947.19
1787142225|20260819202345|947.19
1787142230|20260819202350|947.16
1787142235|20260819202355|946.84
1787142240|20260819202400|946.82
1787142245|20260819202405|946.72
1787142250|20260819202410|946.59
1787142255|20260819202415|946.59
1787142260|20260819202420|946.86
1787142265|20260819202425|946.83
1787142300|20260819202500|946.72
1787142305|20260819202505|946.78
1787142310|20260819202510|946.78
1787142315|20260819202515|946.72
1787142320|20260819202520|946.78
1787142325|20260819202525|946.73
1787142335|20260819202535|946.86
1787142345|20260819202545|946.76
1787142350|20260819202550|946.73
1787142370|20260819202610|946.51
1787142375|20260819202615|946.50
1787142385|20260819202625|946.47
1787142395|20260819202635|946.35
1787142400|20260819202640|946.35
1787142405|20260819202645|946.38
1787142415|20260819202655|946.45
1787142425|20260819202705|946.42
1787142435|20260819202715|946.50
1787142460|20260819202740|946.27
1787142465|20260819202745|946.32
1787142470|20260819202750|946.41
1787142485|20260819202805|946.47
1787142495|20260819202815|946.55
1787142515|20260819202835|946.85
1787142525|20260819202845|946.93
1787142530|20260819202850|946.91
1787142535|20260819202855|946.85
1787142540|20260819202900|946.82
1787142545|20260819202905|946.73
1787142550|20260819202910|946.54
1787142565|20260819202925|946.50
1787142600|20260819203000|946.51
1787142605|20260819203005|946.74
1787142610|20260819203010|946.72
1787142620|20260819203020|946.89
1787142625|20260819203025|946.76
1787142635|20260819203035|946.69
1787142645|20260819203045|946.72
1787142650|20260819203050|946.59
1787142655|20260819203055|946.46
1787142660|20260819203100|946.44
1787142665|20260819203105|946.53
1787142670|20260819203110|946.53
1787142675|20260819203115|946.57
1787142680|20260819203120|946.54
1787142685|20260819203125|946.71
1787142695|20260819203135|946.91
1787142700|20260819203140|946.91
1787142705|20260819203145|946.91
1787142710|20260819203150|946.85
1787142715|20260819203155|946.83
1787142725|20260819203205|946.84
1787142730|20260819203210|946.90
1787142740|20260819203220|946.93
1787142745|20260819203225|947.07
1787142755|20260819203235|946.89
1787142760|20260819203240|946.93
1787142765|20260819203245|947.10
1787142770|20260819203250|947.32
1787142775|20260819203255|947.13
1787142785|20260819203305|947.53
1787142790|20260819203310|947.75
1787142795|20260819203315|947.69
1787142800|20260819203320|948.14
1787142805|20260819203325|948.16
1787142815|20260819203335|948.04
1787142820|20260819203340|948.08
1787142825|20260819203345|948.42
1787142830|20260819203350|948.49
1787142835|20260819203355|948.11
1787142845|20260819203405|948.63
1787142850|20260819203410|948.82
1787142855|20260819203415|949.06
1787142860|20260819203420|949.46
1787142865|20260819203425|949.22
1787142885|20260819203445|949.38
1787142890|20260819203450|949.58
1787142900|20260819203500|949.77
1787142905|20260819203505|949.67
1787142910|20260819203510|949.75
1787142915|20260819203515|950.01
1787142920|20260819203520|949.92
1787142925|20260819203525|950.02
1787142935|20260819203535|949.71
1787142945|20260819203545|950.02
1787142950|20260819203550|950.18
1787142955|20260819203555|950.16
1787142960|20260819203600|950.35
1787142965|20260819203605|950.69
1787142970|20260819203610|951.28
1787142985|20260819203625|951.49
1787142995|20260819203635|951.64
1787143000|20260819203640|951.68
1787143005|20260819203645|952.30
1787143010|20260819203650|951.90
1787143015|20260819203655|952.07
1787143025|20260819203705|952.29
1787143030|20260819203710|952.88
1787143035|20260819203715|953.21
1787143040|20260819203720|953.79
1787143045|20260819203725|953.90
1787143055|20260819203735|954.86
1787143060|20260819203740|954.52
1787143065|20260819203745|954.54
1787143070|20260819203750|954.30
1787143085|20260819203805|954.52
1787143100|20260819203820|954.47
1787143105|20260819203825|954.96
1787143115|20260819203835|955.29
1787143125|20260819203845|955.73
1787143130|20260819203850|955.65
1787143135|20260819203855|956.24
1787143145|20260819203905|956.45
1787143155|20260819203915|956.27
1787143160|20260819203920|956.36
1787143175|20260819203935|955.94
1787143180|20260819203940|956.06
1787143200|20260819204000|956.38
1787143205|20260819204005|956.05
1787143210|20260819204010|955.41
1787143215|20260819204015|955.52
1787143220|20260819204020|955.72
1787143225|20260819204025|955.86
1787143235|20260819204035|956.36
1787143240|20260819204040|956.77
1787143245|20260819204045|956.37
1787143250|20260819204050|956.40
1787143265|20260819204105|957.02
1787143270|20260819204110|957.21
1787143280|20260819204120|957.20
1787143300|20260819204140|955.95
1787143305|20260819204145|955.82
1787143310|20260819204150|955.58
1787143315|20260819204155|955.48
1787143325|20260819204205|955.30
1787143335|20260819204215|955.93
1787143340|20260819204220|956.21
1787143345|20260819204225|956.43
1787143355|20260819204235|956.05
1787143365|20260819204245|955.71
1787143380|20260819204300|956.12
1787143385|20260819204305|955.56
1787143390|20260819204310|955.05
1787143395|20260819204315|954.75
1787143400|20260819204320|954.87
1787143405|20260819204325|954.57
1787143415|20260819204335|954.89
1787143420|20260819204340|955.02
1787143450|20260819204410|955.62
1787143455|20260819204415|955.83
1787143460|20260819204420|956.00
1787143465|20260819204425|956.11
1787143500|20260819204500|956.73
1787143505|20260819204505|956.70
1787143510|20260819204510|956.82
1787143515|20260819204515|956.60
1787143520|20260819204520|956.31
1787143525|20260819204525|956.86
1787143535|20260819204535|956.61
1787143540|20260819204540|956.55
1787143545|20260819204545|956.53
1787143550|20260819204550|956.83
1787143555|20260819204555|957.14
1787143570|20260819204610|957.35
1787143575|20260819204615|957.30
1787143585|20260819204625|956.96
1787143595|20260819204635|956.52
1787143600|20260819204640|956.51
1787143605|20260819204645|955.91
1787143610|20260819204650|956.23
1787143615|20260819204655|956.14
1787143625|20260819204705|956.03
1787143630|20260819204710|955.77
1787143635|20260819204715|956.00
1787143640|20260819204720|956.07
1787143645|20260819204725|956.10
1787143655|20260819204735|956.07
1787143660|20260819204740|956.15
1787143665|20260819204745|956.21
1787143670|20260819204750|955.96
1787143675|20260819204755|955.51
1787143685|20260819204805|955.80
1787143695|20260819204815|955.79
1787143705|20260819204825|955.76
1787143715|20260819204835|956.29
1787143720|20260819204840|956.31
1787143725|20260819204845|956.88
1787143735|20260819204855|957.14
1787143745|20260819204905|956.77
1787143750|20260819204910|957.11
1787143755|20260819204915|956.86
1787143765|20260819204925|956.78
1787143805|20260819205005|956.68
1787143810|20260819205010|956.68
1787143820|20260819205020|956.13
1787143825|20260819205025|956.04
1787143835|20260819205035|955.91
1787143840|20260819205040|955.93
1787143855|20260819205055|955.61
1787143865|20260819205105|955.90
1787143875|20260819205115|955.59
1787143880|20260819205120|955.94
1787143885|20260819205125|955.89
1787143895|20260819205135|956.00
1787143900|20260819205140|957.11
1787143910|20260819205150|957.37
1787143915|20260819205155|957.39
1787143925|20260819205205|957.64
1787143930|20260819205210|957.72
1787143940|20260819205220|957.18
1787143945|20260819205225|957.07
1787143960|20260819205240|957.19
1787143965|20260819205245|957.11
1787143970|20260819205250|957.23
1787143975|20260819205255|957.15
1787143985|20260819205305|957.07
1787143990|20260819205310|956.89
1787143995|20260819205315|956.67
1787144000|20260819205320|957.24
1787144005|20260819205325|957.18
1787144015|20260819205335|957.88
1787144025|20260819205345|958.07
1787144030|20260819205350|958.13
1787144050|20260819205410|957.89
1787144055|20260819205415|957.96
1787144060|20260819205420|957.55
1787144065|20260819205425|957.55
1787144105|20260819205505|958.80
1787144110|20260819205510|958.90
1787144115|20260819205515|959.11
1787144120|20260819205520|958.99
1787144125|20260819205525|959.17
1787144140|20260819205540|959.09
1787144145|20260819205545|959.37
1787144155|20260819205555|959.56
1787144165|20260819205605|958.73
1787144175|20260819205615|958.93
1787144180|20260819205620|959.10
1787144185|20260819205625|959.29
1787144195|20260819205635|960.08
1787144200|20260819205640|960.58
1787144205|20260819205645|960.68
1787144215|20260819205655|961.27
1787144220|20260819205700|961.17
1787144225|20260819205705|960.98
1787144235|20260819205715|961.35
1787144240|20260819205720|961.77
1787144245|20260819205725|961.80
1787144260|20260819205740|961.46
1787144265|20260819205745|961.08
1787144270|20260819205750|961.22
1787144275|20260819205755|961.00
1787144290|20260819205810|961.49
1787144295|20260819205815|961.56
1787144300|20260819205820|961.04
1787144305|20260819205825|960.92
1787144320|20260819205840|960.52
1787144325|20260819205845|960.38
1787144345|20260819205905|961.35
1787144355|20260819205915|960.95
1787144360|20260819205920|960.98
1787144400|20260819210000|960.82
1787144405|20260819210005|960.65
1787144410|20260819210010|960.27
1787144415|20260819210015|959.97
1787144420|20260819210020|960.96
1787144425|20260819210025|960.94
1787144435|20260819210035|960.52
1787144440|20260819210040|960.59
1787144445|20260819210045|960.72
1787144450|20260819210050|960.78
1787144455|20260819210055|960.56
1787144465|20260819210105|960.58
1787144470|20260819210110|961.02
1787144475|20260819210115|961.15
1787144485|20260819210125|961.59
1787144495|20260819210135|961.55
1787144500|20260819210140|961.25
1787144505|20260819210145|961.57
1787144510|20260819210150|961.32
1787144515|20260819210155|961.43
1787144525|20260819210205|961.08
1787144530|20260819210210|961.08
1787144535|20260819210215|961.10
1787144540|20260819210220|961.03
1787144545|20260819210225|961.12
1787144555|20260819210235|960.14
1787144560|20260819210240|960.18
1787144565|20260819210245|960.24
1787144570|20260819210250|960.01
1787144575|20260819210255|959.68
1787144580|20260819210300|959.51
1787144585|20260819210305|959.52
1787144595|20260819210315|959.10
1787144600|20260819210320|959.03
1787144605|20260819210325|959.00
1787144615|20260819210335|959.25
1787144620|20260819210340|958.98
1787144625|20260819210345|959.03
1787144630|20260819210350|959.05
1787144635|20260819210355|959.57
1787144645|20260819210405|959.63
1787144650|20260819210410|958.99
1787144655|20260819210415|958.64
1787144660|20260819210420|958.58
1787144665|20260819210425|958.76
1787144705|20260819210505|958.68
1787144710|20260819210510|958.72
1787144715|20260819210515|958.87
1787144720|20260819210520|959.18
1787144725|20260819210525|959.07
1787144735|20260819210535|959.16
1787144740|20260819210540|959.28
1787144745|20260819210545|959.02
1787144750|20260819210550|958.96
1787144755|20260819210555|958.96
1787144760|20260819210600|958.88
1787144765|20260819210605|958.63
1787144770|20260819210610|958.23
1787144775|20260819210615|958.28
1787144780|20260819210620|958.56
1787144785|20260819210625|958.12
1787144795|20260819210635|958.38
1787144800|20260819210640|958.36
1787144805|20260819210645|958.08
1787144825|20260819210705|958.71
1787144830|20260819210710|958.50
1787144835|20260819210715|958.84
1787144840|20260819210720|958.80
1787144845|20260819210725|959.22
1787144855|20260819210735|959.27
1787144860|20260819210740|959.43
1787144865|20260819210745|959.39
1787144870|20260819210750|959.67
1787144875|20260819210755|959.40
1787144885|20260819210805|959.96
1787144890|20260819210810|959.81
1787144895|20260819210815|959.72
1787144900|20260819210820|959.70
1787144905|20260819210825|959.74
1787144915|20260819210835|960.01
1787144920|20260819210840|960.02
1787144925|20260819210845|960.55
1787144935|20260819210855|960.20
1787144950|20260819210910|960.66
1787144955|20260819210915|961.37
1787145000|20260819211000|961.51
1787145005|20260819211005|961.68
1787145015|20260819211015|961.83
1787145020|20260819211020|961.83
1787145025|20260819211025|961.90
1787145035|20260819211035|962.12
1787145040|20260819211040|962.12
1787145045|20260819211045|962.45
1787145050|20260819211050|962.09
1787145055|20260819211055|961.90
1787145065|20260819211105|962.12
1787145070|20260819211110|962.35
1787145075|20260819211115|961.95
1787145085|20260819211125|961.80
1787145095|20260819211135|961.70
1787145100|20260819211140|961.69
1787145105|20260819211145|962.30
1787145130|20260819211210|962.29
1787145135|20260819211215|962.16
1787145140|20260819211220|962.25
1787145145|20260819211225|962.34
1787145155|20260819211235|962.44
1787145160|20260819211240|965.07
1787145165|20260819211245|964.81
1787145170|20260819211250|965.00
1787145175|20260819211255|964.47
1787145180|20260819211300|964.64
1787145185|20260819211305|964.79
1787145190|20260819211310|965.31
1787145195|20260819211315|965.26
1787145210|20260819211330|964.22
1787145215|20260819211335|965.17
1787145220|20260819211340|965.25
1787145225|20260819211345|965.08
1787145230|20260819211350|964.95
1787145240|20260819211400|964.81
1787145250|20260819211410|965.03
1787145260|20260819211420|965.14
1787145265|20260819211425|965.24
1787145300|20260819211500|964.33
1787145305|20260819211505|964.37
1787145310|20260819211510|964.57
1787145320|20260819211520|964.84
1787145325|20260819211525|964.51
1787145335|20260819211535|965.03
1787145340|20260819211540|965.09
1787145345|20260819211545|964.94
1787145350|20260819211550|964.92
1787145355|20260819211555|964.99
1787145360|20260819211600|964.89
1787145365|20260819211605|964.86
1787145370|20260819211610|965.01
1787145375|20260819211615|965.09
1787145380|20260819211620|964.68
1787145400|20260819211640|964.63
1787145405|20260819211645|965.06
1787145410|20260819211650|965.10
1787145425|20260819211705|964.93
1787145430|20260819211710|964.95
1787145435|20260819211715|965.21
1787145440|20260819211720|965.16
1787145445|20260819211725|965.25
1787145460|20260819211740|965.23
1787145465|20260819211745|965.23
1787145470|20260819211750|965.09
1787145475|20260819211755|965.85
1787145480|20260819211800|965.78
1787145485|20260819211805|965.31
1787145490|20260819211810|965.22
1787145500|20260819211820|965.08
1787145505|20260819211825|964.89
1787145515|20260819211835|964.53
1787145520|20260819211840|964.75
1787145525|20260819211845|964.52
1787145530|20260819211850|964.36
1787145535|20260819211855|964.43
1787145540|20260819211900|964.50
1787145545|20260819211905|965.37
1787145550|20260819211910|965.51
1787145555|20260819211915|965.47
1787145560|20260819211920|965.14
1787145565|20260819211925|965.09
1787145600|20260819212000|964.97
1787145605|20260819212005|964.96
1787145615|20260819212015|965.05
1787145620|20260819212020|965.38
1787145625|20260819212025|965.25
1787145630|20260819212030|965.03
1787145635|20260819212035|965.06
1787145640|20260819212040|965.07
1787145645|20260819212045|965.00
1787145650|20260819212050|964.93
1787145655|20260819212055|964.83
1787145660|20260819212100|964.75
1787145665|20260819212105|964.67
1787145670|20260819212110|964.76
1787145675|20260819212115|964.68
1787145680|20260819212120|964.64
1787145685|20260819212125|964.48
1787145695|20260819212135|964.22
1787145710|20260819212150|964.67
1787145725|20260819212205|964.64
1787145730|20260819212210|964.51
1787145735|20260819212215|964.78
1787145740|20260819212220|964.71
1787145745|20260819212225|964.53
1787145770|20260819212250|964.34
1787145775|20260819212255|964.23
1787145780|20260819212300|964.26
1787145790|20260819212310|964.62
1787145800|20260819212320|965.07
1787145805|20260819212325|965.42
1787145815|20260819212335|965.03
1787145820|20260819212340|965.00
1787145825|20260819212345|965.13
1787145835|20260819212355|964.85
1787145845|20260819212405|964.78
1787145850|20260819212410|964.80
1787145855|20260819212415|964.70
1787145860|20260819212420|964.70
1787145865|20260819212425|965.07
1787145900|20260819212500|964.74
1787145905|20260819212505|964.72
1787145910|20260819212510|964.60
1787145915|20260819212515|964.62
1787145940|20260819212540|964.57
1787145945|20260819212545|964.68
1787145975|20260819212615|965.13
1787145980|20260819212620|965.14
1787145985|20260819212625|965.02
1787146000|20260819212640|964.90
1787146005|20260819212645|965.05
1787146010|20260819212650|965.03
1787146015|20260819212655|965.06
1787146035|20260819212715|964.51
1787146040|20260819212720|964.22
1787146045|20260819212725|964.10
1787146065|20260819212745|964.14
1787146075|20260819212755|964.24
1787146085|20260819212805|964.06
1787146090|20260819212810|964.30
1787146095|20260819212815|964.15
1787146105|20260819212825|964.22
1787146125|20260819212845|964.51
1787146130|20260819212850|965.00
1787146135|20260819212855|964.79
1787146145|20260819212905|964.79
1787146150|20260819212910|964.79
1787146155|20260819212915|964.78
1787146160|20260819212920|964.76
1787146165|20260819212925|964.83
1787146200|20260819213000|964.61
1787146205|20260819213005|964.76
1787146210|20260819213010|964.98
1787146220|20260819213020|964.77
1787146225|20260819213025|964.20
1787146235|20260819213035|964.44
1787146240|20260819213040|964.07
1787146245|20260819213045|964.16
1787146250|20260819213050|964.11
1787146255|20260819213055|964.27
1787146265|20260819213105|964.30
1787146270|20260819213110|964.76
1787146275|20260819213115|964.21
1787146280|20260819213120|964.41
1787146285|20260819213125|965.27
1787146295|20260819213135|965.34
1787146300|20260819213140|965.76
1787146310|20260819213150|965.72
1787146320|20260819213200|965.48
1787146325|20260819213205|965.49
1787146330|20260819213210|966.11
1787146335|20260819213215|965.45
1787146340|20260819213220|965.65
1787146355|20260819213235|965.59
1787146360|20260819213240|965.67
1787146365|20260819213245|965.75
1787146370|20260819213250|965.84
1787146375|20260819213255|965.66
1787146385|20260819213305|965.68
1787146390|20260819213310|965.79
1787146395|20260819213315|965.56
1787146400|20260819213320|965.96
1787146405|20260819213325|965.90
1787146415|20260819213335|966.10
1787146420|20260819213340|966.13
1787146425|20260819213345|966.17
1787146430|20260819213350|966.17
1787146435|20260819213355|965.89
1787146440|20260819213400|966.24
1787146445|20260819213405|966.21
1787146450|20260819213410|966.24
1787146455|20260819213415|966.04
1787146460|20260819213420|965.60
1787146465|20260819213425|965.10
1787146475|20260819213435|964.96
1787146500|20260819213500|965.54
1787146505|20260819213505|965.37
1787146510|20260819213510|965.12
1787146515|20260819213515|964.76
1787146520|20260819213520|965.01
1787146525|20260819213525|965.31
1787146540|20260819213540|964.65
1787146545|20260819213545|964.18
1787146550|20260819213550|963.53
1787146565|20260819213605|963.25
1787146570|20260819213610|963.14
1787146575|20260819213615|962.18
1787146580|20260819213620|962.20
1787146585|20260819213625|961.83
1787146595|20260819213635|961.75
1787146600|20260819213640|961.62
1787146605|20260819213645|961.16
1787146610|20260819213650|961.17
1787146615|20260819213655|963.48
1787146625|20260819213705|961.49
1787146630|20260819213710|961.37
1787146635|20260819213715|961.47
1787146640|20260819213720|962.18
1787146645|20260819213725|961.92
1787146655|20260819213735|962.09
1787146660|20260819213740|962.56
1787146665|20260819213745|962.56
1787146670|20260819213750|962.89
1787146675|20260819213755|963.36
1787146690|20260819213810|963.66
1787146700|20260819213820|963.68
1787146705|20260819213825|963.46
1787146715|20260819213835|963.50
1787146720|20260819213840|963.65
1787146730|20260819213850|963.92
1787146735|20260819213855|963.92
1787146745|20260819213905|964.08
1787146750|20260819213910|963.96
1787146755|20260819213915|963.33
1787146765|20260819213925|963.68
1787146790|20260819213950|964.14
1787146800|20260819214000|964.13
1787146805|20260819214005|964.19
1787146810|20260819214010|963.93
1787146815|20260819214015|964.20
1787146820|20260819214020|963.89
1787146825|20260819214025|964.00
1787146835|20260819214035|964.24
1787146840|20260819214040|963.72
1787146845|20260819214045|963.72
1787146850|20260819214050|964.01
1787146855|20260819214055|963.94
1787146865|20260819214105|964.22
1787146870|20260819214110|964.34
1787146875|20260819214115|964.27
1787146880|20260819214120|964.31
1787146895|20260819214135|964.73
1787146900|20260819214140|963.83
1787146905|20260819214145|964.35
1787146910|20260819214150|963.73
1787146915|20260819214155|963.91
1787146925|20260819214205|963.92
1787146930|20260819214210|963.83
1787146935|20260819214215|963.16
1787146940|20260819214220|963.26
1787146945|20260819214225|963.23
1787146955|20260819214235|963.22
1787146960|20260819214240|963.65
1787146965|20260819214245|963.67
1787146970|20260819214250|964.86
1787146975|20260819214255|964.33
1787146985|20260819214305|963.74
1787146990|20260819214310|964.23
1787146995|20260819214315|964.70
1787147000|20260819214320|963.70
1787147005|20260819214325|965.09
1787147015|20260819214335|965.01
1787147025|20260819214345|965.49
1787147030|20260819214350|965.64
1787147045|20260819214405|965.84
1787147050|20260819214410|965.38
1787147055|20260819214415|965.38
1787147060|20260819214420|965.36
1787147065|20260819214425|965.36
1787147100|20260819214500|965.38
1787147105|20260819214505|964.91
1787147115|20260819214515|964.94
1787147120|20260819214520|964.87
1787147125|20260819214525|964.83
1787147135|20260819214535|965.29
1787147140|20260819214540|965.38
1787147145|20260819214545|965.33
1787147155|20260819214555|965.04
1787147160|20260819214600|964.57
1787147165|20260819214605|964.50
1787147170|20260819214610|964.38
1787147175|20260819214615|964.60
1787147180|20260819214620|965.15
1787147185|20260819214625|964.98
1787147195|20260819214635|965.05
1787147200|20260819214640|964.90
1787147205|20260819214645|964.84
1787147210|20260819214650|964.75
1787147215|20260819214655|964.79
1787147220|20260819214700|964.78
1787147225|20260819214705|964.90
1787147230|20260819214710|964.95
1787147235|20260819214715|964.73
1787147240|20260819214720|964.48
1787147255|20260819214735|964.38
1787147260|20260819214740|964.37
1787147265|20260819214745|964.53
1787147270|20260819214750|964.47
1787147275|20260819214755|964.32
1787147285|20260819214805|963.94
1787147290|20260819214810|963.75
1787147295|20260819214815|963.82
1787147300|20260819214820|963.60
1787147305|20260819214825|963.65
1787147315|20260819214835|963.23
1787147325|20260819214845|963.26
1787147330|20260819214850|963.57
1787147335|20260819214855|963.76
1787147340|20260819214900|963.69
1787147345|20260819214905|963.55
1787147350|20260819214910|963.45
1787147355|20260819214915|963.37
1787147360|20260819214920|963.41
1787147400|20260819215000|962.79
1787147405|20260819215005|962.84
1787147410|20260819215010|962.74
1787147415|20260819215015|962.91
1787147420|20260819215020|962.90
1787147425|20260819215025|962.78
1787147435|20260819215035|962.79
1787147440|20260819215040|962.74
1787147445|20260819215045|962.53
1787147450|20260819215050|962.65
1787147465|20260819215105|962.24
1787147480|20260819215120|961.95
1787147485|20260819215125|961.88
1787147500|20260819215140|962.27
1787147505|20260819215145|962.10
1787147510|20260819215150|962.04
1787147515|20260819215155|962.15
1787147530|20260819215210|962.31
1787147535|20260819215215|962.31
1787147540|20260819215220|962.75
1787147545|20260819215225|962.59
1787147555|20260819215235|963.57
1787147560|20260819215240|963.63
1787147565|20260819215245|963.57
1787147570|20260819215250|963.72
1787147575|20260819215255|963.78
1787147585|20260819215305|964.11
1787147590|20260819215310|964.05
1787147595|20260819215315|964.25
1787147600|20260819215320|964.25
1787147605|20260819215325|964.01
1787147615|20260819215335|963.85
1787147620|20260819215340|963.70
1787147625|20260819215345|963.61
1787147630|20260819215350|963.47
1787147635|20260819215355|963.55
1787147645|20260819215405|963.78
1787147655|20260819215415|963.33
1787147660|20260819215420|963.45
1787147665|20260819215425|963.45
1787147700|20260819215500|963.52
1787147705|20260819215505|963.72
1787147710|20260819215510|963.73
1787147715|20260819215515|963.39
1787147725|20260819215525|963.69
1787147735|20260819215535|963.75
1787147740|20260819215540|963.71
1787147755|20260819215555|963.82
1787147765|20260819215605|964.02
1787147770|20260819215610|963.88
1787147775|20260819215615|963.96
1787147780|20260819215620|963.62
1787147785|20260819215625|963.53
1787147795|20260819215635|963.70
1787147805|20260819215645|963.82
1787147810|20260819215650|964.08
1787147815|20260819215655|964.23
1787147825|20260819215705|964.05
1787147830|20260819215710|964.10
1787147840|20260819215720|964.12
1787147845|20260819215725|963.99
1787147855|20260819215735|964.77
1787147860|20260819215740|964.75
1787147865|20260819215745|964.73
1787147875|20260819215755|964.87
1787147890|20260819215810|964.69
1787147895|20260819215815|964.89
1787147900|20260819215820|964.98
1787147905|20260819215825|964.96
1787147915|20260819215835|964.88
1787147920|20260819215840|964.91
1787147925|20260819215845|965.07
1787147930|20260819215850|965.25
1787147935|20260819215855|965.42
1787147945|20260819215905|965.69
1787147950|20260819215910|965.40
1787147955|20260819215915|965.61
1787147960|20260819215920|965.47
1787147965|20260819215925|965.44
1787148000|20260819220000|965.09
1787148005|20260819220005|965.12
1787148010|20260819220010|965.49
1787148015|20260819220015|965.24
1787148020|20260819220020|965.31
1787148025|20260819220025|965.04
1787148035|20260819220035|964.63
1787148040|20260819220040|964.51
1787148045|20260819220045|964.49
1787148050|20260819220050|964.34
1787148055|20260819220055|964.22
1787148065|20260819220105|964.29
1787148070|20260819220110|964.34
1787148080|20260819220120|964.73
1787148140|20260819220220|964.46
