1787068800|20260819000000|946.45
1787068805|20260819000005|946.75
1787068815|20260819000015|946.67
1787068835|20260819000035|946.77
1787068840|20260819000040|946.80
1787068845|20260819000045|946.85
1787068850|20260819000050|946.86
1787068855|20260819000055|946.97
1787068865|20260819000105|946.96
1787068875|20260819000115|946.93
1787068880|20260819000120|946.86
1787068885|20260819000125|946.95
1787068900|20260819000140|947.03
1787068905|20260819000145|947.18
1787068910|20260819000150|947.17
1787068915|20260819000155|947.18
1787068925|20260819000205|946.98
1787068930|20260819000210|947.11
1787068935|20260819000215|947.15
1787068945|20260819000225|947.13
1787068955|20260819000235|947.13
1787068960|20260819000240|947.14
1787068965|20260819000245|947.16
1787068970|20260819000250|947.19
1787068975|20260819000255|947.04
1787068985|20260819000305|947.06
1787068990|20260819000310|947.04
1787068995|20260819000315|947.03
1787069000|20260819000320|947.04
1787069020|20260819000340|947.34
1787069025|20260819000345|947.30
1787069030|20260819000350|947.31
1787069035|20260819000355|947.24
1787069045|20260819000405|947.19
1787069050|20260819000410|947.25
1787069055|20260819000415|947.33
1787069060|20260819000420|947.29
1787069065|20260819000425|947.33
1787069105|20260819000505|947.16
1787069110|20260819000510|947.11
1787069115|20260819000515|947.00
1787069120|20260819000520|947.06
1787069125|20260819000525|947.05
1787069135|20260819000535|947.23
1787069140|20260819000540|947.25
1787069150|20260819000550|947.18
1787069155|20260819000555|947.24
1787069165|20260819000605|947.37
1787069170|20260819000610|947.40
1787069185|20260819000625|947.27
1787069195|20260819000635|947.21
1787069200|20260819000640|947.17
1787069210|20260819000650|947.13
1787069215|20260819000655|947.14
1787069225|20260819000705|947.04
1787069230|20260819000710|947.04
1787069235|20260819000715|946.96
1787069240|20260819000720|946.95
1787069245|20260819000725|947.02
1787069260|20260819000740|947.08
1787069265|20260819000745|947.08
1787069270|20260819000750|946.85
1787069275|20260819000755|947.04
1787069285|20260819000805|947.06
1787069290|20260819000810|947.08
1787069295|20260819000815|947.05
1787069300|20260819000820|947.12
1787069305|20260819000825|947.19
1787069315|20260819000835|947.14
1787069320|20260819000840|947.35
1787069325|20260819000845|947.49
1787069330|20260819000850|947.39
1787069335|20260819000855|947.40
1787069345|20260819000905|947.36
1787069350|20260819000910|947.82
1787069355|20260819000915|947.75
1787069360|20260819000920|947.71
1787069365|20260819000925|947.74
1787069400|20260819001000|947.88
1787069405|20260819001005|947.92
1787069410|20260819001010|947.91
1787069415|20260819001015|947.76
1787069420|20260819001020|947.71
1787069425|20260819001025|947.72
1787069435|20260819001035|947.56
1787069440|20260819001040|947.48
1787069445|20260819001045|947.49
1787069455|20260819001055|947.47
1787069465|20260819001105|947.47
1787069470|20260819001110|947.38
1787069475|20260819001115|947.41
1787069480|20260819001120|947.50
1787069495|20260819001135|947.46
1787069500|20260819001140|947.52
1787069505|20260819001145|947.62
1787069515|20260819001155|947.61
1787069530|20260819001210|947.54
1787069535|20260819001215|947.51
1787069540|20260819001220|947.52
1787069545|20260819001225|947.56
1787069555|20260819001235|947.55
1787069560|20260819001240|947.56
1787069565|20260819001245|947.50
1787069570|20260819001250|947.36
1787069575|20260819001255|947.37
1787069585|20260819001305|947.53
1787069590|20260819001310|947.52
1787069595|20260819001315|947.53
1787069600|20260819001320|947.53
1787069605|20260819001325|947.54
1787069615|20260819001335|947.46
1787069620|20260819001340|947.52
1787069625|20260819001345|947.50
1787069630|20260819001350|947.50
1787069635|20260819001355|947.34
1787069645|20260819001405|947.32
1787069650|20260819001410|947.27
1787069655|20260819001415|947.26
1787069660|20260819001420|947.23
1787069665|20260819001425|947.22
1787069705|20260819001505|947.09
1787069710|20260819001510|947.19
1787069715|20260819001515|947.19
1787069720|20260819001520|947.15
1787069725|20260819001525|947.04
1787069735|20260819001535|947.03
1787069740|20260819001540|946.99
1787069750|20260819001550|947.04
1787069765|20260819001605|946.78
1787069770|20260819001610|946.85
1787069775|20260819001615|946.84
1787069780|20260819001620|946.79
1787069785|20260819001625|946.78
1787069795|20260819001635|946.85
1787069800|20260819001640|946.88
1787069810|20260819001650|946.85
1787069815|20260819001655|946.85
1787069820|20260819001700|946.86
1787069825|20260819001705|946.86
1787069830|20260819001710|946.76
1787069835|20260819001715|946.81
1787069840|20260819001720|946.61
1787069845|20260819001725|946.47
1787069855|20260819001735|946.61
1787069860|20260819001740|946.53
1787069865|20260819001745|946.52
1787069870|20260819001750|946.66
1787069875|20260819001755|946.70
1787069885|20260819001805|946.66
1787069890|20260819001810|946.59
1787069895|20260819001815|946.58
1787069900|20260819001820|946.60
1787069905|20260819001825|946.60
1787069915|20260819001835|946.59
1787069920|20260819001840|946.57
1787069925|20260819001845|946.49
1787069935|20260819001855|946.50
1787069945|20260819001905|946.50
1787069950|20260819001910|946.53
1787069955|20260819001915|946.49
1787069960|20260819001920|946.48
1787069965|20260819001925|946.46
1787070000|20260819002000|946.72
1787070005|20260819002005|947.08
1787070010|20260819002010|947.08
1787070020|20260819002020|947.30
1787070025|20260819002025|947.27
1787070035|20260819002035|947.39
1787070040|20260819002040|947.33
1787070045|20260819002045|947.46
1787070050|20260819002050|947.48
1787070055|20260819002055|947.43
1787070065|20260819002105|947.40
1787070095|20260819002135|947.27
1787070100|20260819002140|947.30
1787070105|20260819002145|947.27
1787070115|20260819002155|947.41
1787070135|20260819002215|947.33
1787070140|20260819002220|947.22
1787070145|20260819002225|947.12
1787070155|20260819002235|947.08
1787070160|20260819002240|947.18
1787070165|20260819002245|947.15
1787070170|20260819002250|947.14
1787070175|20260819002255|947.10
1787070185|20260819002305|947.12
1787070190|20260819002310|947.07
1787070195|20260819002315|947.03
1787070200|20260819002320|947.07
1787070205|20260819002325|946.95
1787070215|20260819002335|946.95
1787070220|20260819002340|946.91
1787070225|20260819002345|947.11
1787070230|20260819002350|947.15
1787070235|20260819002355|947.08
1787070240|20260819002400|947.09
1787070245|20260819002405|947.10
1787070250|20260819002410|947.07
1787070255|20260819002415|947.05
1787070260|20260819002420|947.06
1787070280|20260819002440|947.17
1787070300|20260819002500|947.16
1787070305|20260819002505|947.15
1787070310|20260819002510|947.17
1787070315|20260819002515|947.21
1787070320|20260819002520|947.20
1787070325|20260819002525|947.29
1787070340|20260819002540|947.34
1787070345|20260819002545|947.35
1787070350|20260819002550|947.29
1787070355|20260819002555|947.34
1787070365|20260819002605|947.33
1787070370|20260819002610|947.32
1787070375|20260819002615|947.28
1787070380|20260819002620|947.33
1787070385|20260819002625|947.21
1787070395|20260819002635|947.19
1787070400|20260819002640|947.18
1787070405|20260819002645|947.08
1787070410|20260819002650|947.04
1787070415|20260819002655|946.98
1787070425|20260819002705|946.78
1787070430|20260819002710|946.76
1787070440|20260819002720|946.86
1787070445|20260819002725|946.75
1787070455|20260819002735|946.70
1787070460|20260819002740|946.69
1787070475|20260819002755|946.58
1787070485|20260819002805|946.48
1787070490|20260819002810|946.29
1787070495|20260819002815|946.31
1787070500|20260819002820|946.33
1787070505|20260819002825|946.31
1787070520|20260819002840|946.30
1787070530|20260819002850|946.23
1787070535|20260819002855|946.21
1787070545|20260819002905|946.24
1787070550|20260819002910|946.21
1787070555|20260819002915|946.19
1787070560|20260819002920|946.37
1787070565|20260819002925|946.35
1787070605|20260819003005|946.35
1787070610|20260819003010|946.39
1787070620|20260819003020|946.42
1787070625|20260819003025|946.43
1787070635|20260819003035|946.69
1787070640|20260819003040|946.68
1787070645|20260819003045|946.80
1787070650|20260819003050|946.72
1787070655|20260819003055|946.74
1787070665|20260819003105|946.74
1787070670|20260819003110|946.73
1787070675|20260819003115|946.81
1787070680|20260819003120|946.83
1787070685|20260819003125|946.75
1787070695|20260819003135|946.53
1787070700|20260819003140|946.55
1787070710|20260819003150|946.40
1787070715|20260819003155|946.35
1787070725|20260819003205|946.27
1787070730|20260819003210|946.26
1787070735|20260819003215|946.17
1787070740|20260819003220|946.17
1787070745|20260819003225|946.29
1787070755|20260819003235|946.28
1787070760|20260819003240|946.26
1787070770|20260819003250|946.31
1787070775|20260819003255|946.38
1787070785|20260819003305|946.36
1787070795|20260819003315|946.46
1787070800|20260819003320|946.33
1787070805|20260819003325|946.30
1787070825|20260819003345|946.22
1787070830|20260819003350|946.36
1787070835|20260819003355|946.36
1787070845|20260819003405|946.29
1787070850|20260819003410|946.25
1787070860|20260819003420|946.37
1787070865|20260819003425|946.43
1787070905|20260819003505|946.72
1787070910|20260819003510|946.72
1787070915|20260819003515|946.78
1787070920|20260819003520|946.83
1787070925|20260819003525|946.66
1787070935|20260819003535|946.48
1787070940|20260819003540|946.59
1787070945|20260819003545|946.61
1787070955|20260819003555|946.52
1787070965|20260819003605|946.68
1787070970|20260819003610|946.54
1787070975|20260819003615|946.58
1787070985|20260819003625|946.50
1787070995|20260819003635|946.33
1787071000|20260819003640|946.36
1787071010|20260819003650|946.37
1787071025|20260819003705|946.26
1787071030|20260819003710|946.20
1787071035|20260819003715|946.16
1787071045|20260819003725|946.19
1787071055|20260819003735|946.25
1787071065|20260819003745|946.36
1787071070|20260819003750|946.38
1787071075|20260819003755|946.42
1787071085|20260819003805|946.50
1787071090|20260819003810|946.52
1787071095|20260819003815|946.54
1787071105|20260819003825|946.70
1787071115|20260819003835|946.76
1787071120|20260819003840|946.77
1787071125|20260819003845|946.77
1787071135|20260819003855|946.84
1787071145|20260819003905|946.75
1787071150|20260819003910|946.76
1787071165|20260819003925|946.76
1787071180|20260819003940|946.76
1787071200|20260819004000|946.51
1787071205|20260819004005|946.52
1787071210|20260819004010|946.58
1787071215|20260819004015|946.65
1787071220|20260819004020|946.66
1787071225|20260819004025|946.79
1787071235|20260819004035|946.79
1787071240|20260819004040|946.91
1787071245|20260819004045|946.89
1787071250|20260819004050|946.92
1787071255|20260819004055|946.85
1787071265|20260819004105|946.99
1787071270|20260819004110|947.04
1787071275|20260819004115|946.96
1787071280|20260819004120|946.93
1787071285|20260819004125|947.05
1787071295|20260819004135|947.09
1787071300|20260819004140|947.14
1787071305|20260819004145|947.14
1787071310|20260819004150|947.20
1787071325|20260819004205|947.15
1787071330|20260819004210|947.13
1787071335|20260819004215|947.14
1787071340|20260819004220|947.01
1787071345|20260819004225|947.03
1787071355|20260819004235|947.00
1787071360|20260819004240|947.01
1787071365|20260819004245|946.95
1787071375|20260819004255|946.95
1787071385|20260819004305|947.00
1787071390|20260819004310|946.91
1787071395|20260819004315|946.90
1787071400|20260819004320|946.81
1787071405|20260819004325|946.74
1787071415|20260819004335|946.65
1787071425|20260819004345|946.57
1787071430|20260819004350|946.66
1787071435|20260819004355|946.62
1787071445|20260819004405|946.64
1787071450|20260819004410|946.78
1787071455|20260819004415|946.86
1787071460|20260819004420|946.85
1787071465|20260819004425|946.86
1787071500|20260819004500|946.98
1787071505|20260819004505|947.03
1787071510|20260819004510|947.03
1787071515|20260819004515|947.06
1787071520|20260819004520|947.06
1787071525|20260819004525|947.04
1787071535|20260819004535|946.97
1787071540|20260819004540|946.92
1787071545|20260819004545|946.86
1787071550|20260819004550|946.79
1787071555|20260819004555|946.66
1787071565|20260819004605|946.63
1787071570|20260819004610|946.49
1787071575|20260819004615|946.58
1787071580|20260819004620|946.59
1787071585|20260819004625|946.53
1787071595|20260819004635|946.69
1787071600|20260819004640|946.65
1787071605|20260819004645|946.72
1787071610|20260819004650|946.80
1787071615|20260819004655|946.89
1787071625|20260819004705|946.90
1787071630|20260819004710|946.97
1787071635|20260819004715|946.98
1787071640|20260819004720|946.99
1787071645|20260819004725|946.93
1787071655|20260819004735|946.90
1787071660|20260819004740|946.93
1787071665|20260819004745|946.69
1787071670|20260819004750|946.62
1787071675|20260819004755|946.38
1787071685|20260819004805|946.50
1787071690|20260819004810|946.46
1787071695|20260819004815|946.49
1787071700|20260819004820|946.46
1787071705|20260819004825|946.45
1787071715|20260819004835|946.42
1787071720|20260819004840|946.42
1787071725|20260819004845|946.25
1787071730|20260819004850|946.16
1787071735|20260819004855|946.13
1787071745|20260819004905|946.14
1787071750|20260819004910|946.10
1787071760|20260819004920|946.24
1787071765|20260819004925|946.27
1787071800|20260819005000|946.18
1787071805|20260819005005|946.13
1787071810|20260819005010|946.14
1787071815|20260819005015|946.14
1787071820|20260819005020|946.11
1787071825|20260819005025|946.12
1787071835|20260819005035|946.21
1787071840|20260819005040|946.14
1787071850|20260819005050|946.27
1787071855|20260819005055|946.26
1787071865|20260819005105|946.26
1787071870|20260819005110|946.30
1787071875|20260819005115|946.38
1787071880|20260819005120|946.18
1787071895|20260819005135|946.33
1787071900|20260819005140|946.55
1787071905|20260819005145|946.58
1787071910|20260819005150|946.58
1787071915|20260819005155|946.50
1787071920|20260819005200|946.52
1787071925|20260819005205|946.73
1787071930|20260819005210|946.91
1787071935|20260819005215|946.87
1787071945|20260819005225|946.72
1787071950|20260819005230|946.74
1787071955|20260819005235|946.69
1787071960|20260819005240|946.72
1787071965|20260819005245|946.98
1787071970|20260819005250|946.97
1787071975|20260819005255|947.01
1787071985|20260819005305|946.98
1787071990|20260819005310|946.83
1787071995|20260819005315|946.86
1787072000|20260819005320|946.83
1787072005|20260819005325|946.84
1787072015|20260819005335|946.93
1787072020|20260819005340|946.94
1787072025|20260819005345|946.93
1787072030|20260819005350|946.86
1787072035|20260819005355|946.91
1787072045|20260819005405|946.88
1787072050|20260819005410|946.90
1787072055|20260819005415|946.98
1787072060|20260819005420|947.08
1787072080|20260819005440|947.27
1787072090|20260819005450|947.21
1787072095|20260819005455|947.23
1787072100|20260819005500|947.24
1787072105|20260819005505|947.20
1787072110|20260819005510|947.07
1787072115|20260819005515|947.08
1787072120|20260819005520|947.01
1787072125|20260819005525|947.00
1787072135|20260819005535|946.93
1787072140|20260819005540|946.90
1787072145|20260819005545|946.88
1787072150|20260819005550|946.86
1787072160|20260819005600|946.78
1787072165|20260819005605|946.76
1787072170|20260819005610|946.75
1787072175|20260819005615|946.78
1787072180|20260819005620|946.58
1787072185|20260819005625|946.63
1787072195|20260819005635|946.61
1787072200|20260819005640|946.62
1787072205|20260819005645|946.71
1787072210|20260819005650|946.59
1787072215|20260819005655|946.63
1787072225|20260819005705|946.64
1787072230|20260819005710|946.47
1787072235|20260819005715|946.30
1787072240|20260819005720|946.22
1787072245|20260819005725|946.40
1787072255|20260819005735|946.34
1787072260|20260819005740|946.39
1787072265|20260819005745|946.19
1787072270|20260819005750|946.25
1787072285|20260819005805|946.20
1787072290|20260819005810|946.25
1787072295|20260819005815|946.26
1787072300|20260819005820|946.17
1787072305|20260819005825|946.19
1787072315|20260819005835|946.21
1787072335|20260819005855|946.17
1787072340|20260819005900|946.19
1787072345|20260819005905|946.28
1787072350|20260819005910|946.37
1787072355|20260819005915|946.36
1787072360|20260819005920|946.34
1787072365|20260819005925|946.43
1787072395|20260819005955|946.39
1787072405|20260819010005|946.22
1787072415|20260819010015|946.22
1787072420|20260819010020|946.26
1787072425|20260819010025|946.40
1787072440|20260819010040|946.43
1787072445|20260819010045|946.42
1787072450|20260819010050|946.43
1787072465|20260819010105|946.49
1787072470|20260819010110|946.41
1787072475|20260819010115|946.46
1787072480|20260819010120|946.51
1787072485|20260819010125|946.39
1787072495|20260819010135|946.47
1787072500|20260819010140|946.49
1787072505|20260819010145|946.59
1787072510|20260819010150|946.53
1787072515|20260819010155|946.32
1787072520|20260819010200|946.37
1787072525|20260819010205|946.29
1787072530|20260819010210|946.27
1787072535|20260819010215|946.49
1787072540|20260819010220|946.59
1787072545|20260819010225|946.57
1787072555|20260819010235|946.47
1787072560|20260819010240|946.49
1787072565|20260819010245|946.45
1787072570|20260819010250|946.48
1787072575|20260819010255|946.42
1787072585|20260819010305|946.43
1787072590|20260819010310|946.33
1787072595|20260819010315|946.39
1787072600|20260819010320|946.31
1787072605|20260819010325|946.40
1787072615|20260819010335|946.26
1787072625|20260819010345|946.23
1787072630|20260819010350|946.23
1787072635|20260819010355|946.27
1787072645|20260819010405|946.25
1787072650|20260819010410|946.27
1787072660|20260819010420|946.24
1787072695|20260819010455|946.38
1787072705|20260819010505|946.37
1787072710|20260819010510|946.40
1787072715|20260819010515|946.60
1787072720|20260819010520|946.58
1787072740|20260819010540|946.68
1787072745|20260819010545|946.58
1787072755|20260819010555|946.55
1787072765|20260819010605|946.67
1787072770|20260819010610|946.64
1787072775|20260819010615|946.70
1787072780|20260819010620|946.68
1787072785|20260819010625|946.61
1787072795|20260819010635|946.53
1787072805|20260819010645|946.71
1787072810|20260819010650|946.62
1787072815|20260819010655|946.62
1787072820|20260819010700|946.64
1787072825|20260819010705|946.62
1787072830|20260819010710|946.62
1787072840|20260819010720|946.64
1787072845|20260819010725|946.56
1787072855|20260819010735|946.50
1787072860|20260819010740|946.61
1787072865|20260819010745|946.67
1787072875|20260819010755|946.60
1787072880|20260819010800|946.60
1787072890|20260819010810|946.62
1787072895|20260819010815|946.64
1787072900|20260819010820|946.69
1787072905|20260819010825|946.62
1787072915|20260819010835|946.62
1787072920|20260819010840|946.62
1787072925|20260819010845|946.61
1787072930|20260819010850|946.63
1787072935|20260819010855|946.72
1787072945|20260819010905|946.67
1787072950|20260819010910|946.69
1787072960|20260819010920|946.64
1787072965|20260819010925|946.68
1787072990|20260819010950|946.65
1787072995|20260819010955|946.63
1787073000|20260819011000|946.65
1787073005|20260819011005|946.68
1787073010|20260819011010|946.65
1787073015|20260819011015|946.68
1787073020|20260819011020|946.68
1787073025|20260819011025|946.73
1787073035|20260819011035|946.66
1787073040|20260819011040|946.68
1787073045|20260819011045|946.62
1787073050|20260819011050|946.65
1787073055|20260819011055|946.63
1787073060|20260819011100|946.64
1787073065|20260819011105|946.65
1787073075|20260819011115|946.73
1787073080|20260819011120|946.71
1787073095|20260819011135|946.74
1787073100|20260819011140|946.73
1787073105|20260819011145|946.73
1787073110|20260819011150|946.69
1787073115|20260819011155|946.67
1787073120|20260819011200|946.53
1787073125|20260819011205|946.49
1787073130|20260819011210|946.52
1787073135|20260819011215|946.74
1787073140|20260819011220|946.67
1787073145|20260819011225|946.73
1787073155|20260819011235|946.72
1787073160|20260819011240|946.70
1787073165|20260819011245|946.71
1787073170|20260819011250|946.66
1787073185|20260819011305|946.68
1787073190|20260819011310|946.67
1787073200|20260819011320|946.68
1787073205|20260819011325|946.66
1787073215|20260819011335|946.63
1787073220|20260819011340|946.66
1787073225|20260819011345|946.73
1787073230|20260819011350|946.53
1787073235|20260819011355|946.46
1787073245|20260819011405|946.83
1787073250|20260819011410|946.82
1787073260|20260819011420|946.83
1787073265|20260819011425|946.85
1787073300|20260819011500|946.86
1787073305|20260819011505|946.90
1787073310|20260819011510|947.03
1787073315|20260819011515|947.03
1787073320|20260819011520|947.04
1787073325|20260819011525|947.11
1787073335|20260819011535|947.10
1787073340|20260819011540|947.15
1787073345|20260819011545|947.17
1787073355|20260819011555|947.11
1787073365|20260819011605|947.07
1787073375|20260819011615|946.87
1787073385|20260819011625|946.87
1787073395|20260819011635|946.92
1787073400|20260819011640|946.97
1787073405|20260819011645|946.81
1787073410|20260819011650|946.89
1787073415|20260819011655|946.96
1787073425|20260819011705|946.89
1787073430|20260819011710|946.88
1787073435|20260819011715|946.86
1787073440|20260819011720|946.85
1787073455|20260819011735|946.81
1787073460|20260819011740|946.82
1787073465|20260819011745|946.76
1787073470|20260819011750|946.57
1787073475|20260819011755|946.56
1787073485|20260819011805|946.62
1787073490|20260819011810|946.62
1787073495|20260819011815|946.61
1787073500|20260819011820|946.68
1787073515|20260819011835|946.56
1787073525|20260819011845|946.59
1787073530|20260819011850|946.45
1787073545|20260819011905|946.40
1787073550|20260819011910|946.64
1787073555|20260819011915|946.59
1787073560|20260819011920|946.55
1787073565|20260819011925|946.55
1787073600|20260819012000|946.24
1787073620|20260819012020|946.61
1787073625|20260819012025|946.65
1787073635|20260819012035|946.61
1787073645|20260819012045|946.53
1787073650|20260819012050|946.58
1787073655|20260819012055|946.53
1787073665|20260819012105|946.50
1787073670|20260819012110|946.50
1787073675|20260819012115|946.44
1787073680|20260819012120|946.42
1787073685|20260819012125|946.47
1787073695|20260819012135|946.51
1787073700|20260819012140|946.51
1787073705|20260819012145|946.52
1787073710|20260819012150|946.61
1787073715|20260819012155|946.61
1787073725|20260819012205|946.69
1787073730|20260819012210|946.80
1787073740|20260819012220|946.78
1787073745|20260819012225|946.81
1787073755|20260819012235|946.79
1787073760|20260819012240|946.82
1787073765|20260819012245|946.82
1787073775|20260819012255|946.96
1787073785|20260819012305|946.89
1787073790|20260819012310|946.92
1787073795|20260819012315|946.91
1787073800|20260819012320|946.92
1787073805|20260819012325|946.89
1787073815|20260819012335|946.79
1787073820|20260819012340|946.72
1787073830|20260819012350|946.76
1787073850|20260819012410|946.83
1787073855|20260819012415|946.73
1787073860|20260819012420|946.65
1787073865|20260819012425|946.74
1787073905|20260819012505|946.96
1787073910|20260819012510|946.86
1787073915|20260819012515|946.88
1787073920|20260819012520|946.87
1787073925|20260819012525|946.84
1787073935|20260819012535|946.52
1787073945|20260819012545|946.43
1787073955|20260819012555|946.62
1787073965|20260819012605|946.66
1787073970|20260819012610|946.66
1787073975|20260819012615|946.61
1787073980|20260819012620|946.62
1787073985|20260819012625|946.58
1787073995|20260819012635|946.59
1787074000|20260819012640|946.58
1787074005|20260819012645|946.62
1787074010|20260819012650|946.61
1787074015|20260819012655|946.62
1787074025|20260819012705|946.65
1787074030|20260819012710|946.72
1787074040|20260819012720|946.70
1787074045|20260819012725|946.70
1787074055|20260819012735|946.68
1787074065|20260819012745|946.66
1787074070|20260819012750|946.67
1787074075|20260819012755|946.68
1787074090|20260819012810|946.70
1787074095|20260819012815|946.56
1787074100|20260819012820|946.47
1787074105|20260819012825|946.49
1787074115|20260819012835|946.43
1787074120|20260819012840|946.49
1787074125|20260819012845|946.53
1787074130|20260819012850|946.51
1787074135|20260819012855|946.58
1787074145|20260819012905|946.74
1787074150|20260819012910|946.46
1787074155|20260819012915|946.47
1787074165|20260819012925|946.57
1787074180|20260819012940|946.60
1787074200|20260819013000|946.62
1787074205|20260819013005|946.42
1787074210|20260819013010|946.54
1787074215|20260819013015|946.43
1787074220|20260819013020|946.24
1787074225|20260819013025|946.30
1787074235|20260819013035|946.19
1787074240|20260819013040|946.19
1787074245|20260819013045|946.23
1787074250|20260819013050|946.05
1787074255|20260819013055|945.99
1787074265|20260819013105|945.75
1787074275|20260819013115|946.08
1787074280|20260819013120|946.14
1787074285|20260819013125|946.10
1787074295|20260819013135|946.04
1787074300|20260819013140|946.20
1787074305|20260819013145|946.21
1787074310|20260819013150|946.18
1787074315|20260819013155|946.25
1787074330|20260819013210|946.21
1787074335|20260819013215|946.18
1787074340|20260819013220|946.17
1787074345|20260819013225|946.16
1787074355|20260819013235|946.08
1787074360|20260819013240|946.19
1787074365|20260819013245|946.25
1787074370|20260819013250|946.27
1787074375|20260819013255|946.25
1787074385|20260819013305|946.53
1787074390|20260819013310|946.53
1787074395|20260819013315|946.59
1787074400|20260819013320|946.56
1787074405|20260819013325|946.59
1787074415|20260819013335|946.61
1787074420|20260819013340|946.62
1787074425|20260819013345|946.68
1787074430|20260819013350|946.67
1787074435|20260819013355|946.60
1787074445|20260819013405|946.60
1787074450|20260819013410|946.61
1787074455|20260819013415|946.62
1787074460|20260819013420|946.46
1787074465|20260819013425|946.50
1787074500|20260819013500|946.37
1787074505|20260819013505|946.37
1787074510|20260819013510|946.44
1787074515|20260819013515|946.45
1787074525|20260819013525|946.44
1787074535|20260819013535|946.40
1787074540|20260819013540|946.46
1787074545|20260819013545|946.53
1787074550|20260819013550|946.52
1787074555|20260819013555|946.46
1787074565|20260819013605|946.45
1787074570|20260819013610|946.45
1787074580|20260819013620|946.40
1787074585|20260819013625|946.38
1787074595|20260819013635|946.29
1787074600|20260819013640|946.31
1787074605|20260819013645|946.22
1787074615|20260819013655|946.39
1787074625|20260819013705|946.40
1787074630|20260819013710|946.36
1787074635|20260819013715|946.35
1787074640|20260819013720|946.37
1787074645|20260819013725|946.25
1787074655|20260819013735|946.08
1787074660|20260819013740|946.10
1787074665|20260819013745|946.16
1787074670|20260819013750|945.90
1787074675|20260819013755|945.79
1787074685|20260819013805|945.82
1787074690|20260819013810|945.69
1787074695|20260819013815|945.77
1787074700|20260819013820|945.93
1787074705|20260819013825|945.93
1787074715|20260819013835|945.98
1787074720|20260819013840|946.00
1787074725|20260819013845|946.04
1787074730|20260819013850|945.98
1787074735|20260819013855|946.02
1787074745|20260819013905|945.98
1787074750|20260819013910|946.00
1787074755|20260819013915|946.04
1787074760|20260819013920|945.99
1787074765|20260819013925|945.99
1787074800|20260819014000|945.95
1787074815|20260819014015|946.17
1787074820|20260819014020|946.31
1787074825|20260819014025|946.46
1787074835|20260819014035|946.45
1787074840|20260819014040|946.36
1787074845|20260819014045|946.38
1787074850|20260819014050|946.48
1787074855|20260819014055|946.48
1787074865|20260819014105|946.45
1787074870|20260819014110|946.44
1787074875|20260819014115|946.18
1787074880|20260819014120|946.18
1787074885|20260819014125|946.11
1787074895|20260819014135|946.08
1787074900|20260819014140|946.09
1787074925|20260819014205|946.13
1787074930|20260819014210|946.13
1787074935|20260819014215|946.11
1787074940|20260819014220|946.09
1787074955|20260819014235|946.05
1787074965|20260819014245|945.98
1787074970|20260819014250|945.94
1787074975|20260819014255|945.81
1787074985|20260819014305|945.69
1787074990|20260819014310|945.68
1787074995|20260819014315|945.63
1787075005|20260819014325|945.62
1787075015|20260819014335|945.65
1787075020|20260819014340|945.68
1787075025|20260819014345|945.69
1787075030|20260819014350|945.67
1787075035|20260819014355|945.68
1787075045|20260819014405|945.57
1787075050|20260819014410|945.58
1787075055|20260819014415|945.57
1787075100|20260819014500|945.20
1787075105|20260819014505|945.30
1787075110|20260819014510|945.10
1787075115|20260819014515|945.21
1787075135|20260819014535|945.31
1787075140|20260819014540|945.29
1787075145|20260819014545|945.27
1787075150|20260819014550|945.44
1787075155|20260819014555|945.45
1787075165|20260819014605|945.44
1787075175|20260819014615|945.46
1787075180|20260819014620|945.46
1787075185|20260819014625|945.45
1787075195|20260819014635|945.39
1787075205|20260819014645|945.31
1787075210|20260819014650|945.32
1787075215|20260819014655|945.30
1787075230|20260819014710|945.22
1787075235|20260819014715|945.24
1787075240|20260819014720|945.23
1787075245|20260819014725|945.23
1787075255|20260819014735|945.12
1787075260|20260819014740|945.16
1787075265|20260819014745|945.18
1787075270|20260819014750|945.17
1787075275|20260819014755|945.20
1787075285|20260819014805|945.11
1787075290|20260819014810|945.10
1787075295|20260819014815|945.01
1787075300|20260819014820|945.01
1787075305|20260819014825|945.01
1787075315|20260819014835|945.00
1787075320|20260819014840|944.95
1787075325|20260819014845|944.92
1787075335|20260819014855|944.83
1787075345|20260819014905|944.87
1787075350|20260819014910|944.80
1787075355|20260819014915|944.77
1787075365|20260819014925|944.83
1787075400|20260819015000|944.96
1787075405|20260819015005|944.96
1787075410|20260819015010|944.94
1787075415|20260819015015|944.96
1787075420|20260819015020|945.01
1787075425|20260819015025|945.04
1787075435|20260819015035|945.08
1787075440|20260819015040|945.13
1787075445|20260819015045|945.26
1787075450|20260819015050|945.25
1787075455|20260819015055|945.26
1787075465|20260819015105|945.32
1787075470|20260819015110|945.25
1787075475|20260819015115|945.31
1787075480|20260819015120|945.25
1787075485|20260819015125|945.26
1787075495|20260819015135|945.21
1787075500|20260819015140|945.14
1787075505|20260819015145|945.18
1787075510|20260819015150|945.16
1787075515|20260819015155|945.17
1787075525|20260819015205|945.15
1787075530|20260819015210|945.14
1787075535|20260819015215|945.21
1787075540|20260819015220|945.17
1787075545|20260819015225|945.15
1787075560|20260819015240|945.16
1787075565|20260819015245|945.21
1787075570|20260819015250|945.20
1787075575|20260819015255|945.18
1787075585|20260819015305|945.15
1787075590|20260819015310|945.16
1787075595|20260819015315|945.07
1787075600|20260819015320|945.03
1787075605|20260819015325|945.08
1787075615|20260819015335|945.06
1787075620|20260819015340|945.09
1787075625|20260819015345|945.13
1787075630|20260819015350|945.15
1787075635|20260819015355|945.18
1787075645|20260819015405|945.12
1787075650|20260819015410|945.12
1787075655|20260819015415|945.11
1787075660|20260819015420|945.14
1787075665|20260819015425|945.09
1787075675|20260819015435|945.12
1787075680|20260819015440|945.08
1787075700|20260819015500|945.09
1787075705|20260819015505|945.08
1787075710|20260819015510|945.02
1787075715|20260819015515|945.04
1787075720|20260819015520|945.17
1787075735|20260819015535|945.14
1787075740|20260819015540|945.07
1787075745|20260819015545|945.08
1787075750|20260819015550|945.04
1787075755|20260819015555|945.06
1787075760|20260819015600|945.06
1787075765|20260819015605|944.96
1787075770|20260819015610|944.84
1787075775|20260819015615|944.94
1787075780|20260819015620|944.92
1787075785|20260819015625|944.92
1787075795|20260819015635|944.95
1787075800|20260819015640|944.83
1787075805|20260819015645|944.86
1787075810|20260819015650|944.86
1787075825|20260819015705|944.92
1787075835|20260819015715|945.01
1787075840|20260819015720|944.97
1787075845|20260819015725|944.96
1787075855|20260819015735|944.97
1787075860|20260819015740|944.94
1787075865|20260819015745|944.93
1787075870|20260819015750|944.93
1787075885|20260819015805|944.89
1787075890|20260819015810|944.91
1787075900|20260819015820|944.84
1787075905|20260819015825|944.86
1787075915|20260819015835|944.73
1787075920|20260819015840|944.70
1787075925|20260819015845|944.73
1787075930|20260819015850|944.78
1787075945|20260819015905|944.94
1787075950|20260819015910|944.93
1787075955|20260819015915|944.90
1787075960|20260819015920|944.87
1787075965|20260819015925|944.92
1787076015|20260819020015|944.77
1787076020|20260819020020|944.52
1787076040|20260819020040|944.59
1787076045|20260819020045|944.57
1787076065|20260819020105|944.65
1787076070|20260819020110|944.69
1787076080|20260819020120|944.69
1787076085|20260819020125|944.66
1787076100|20260819020140|944.66
1787076105|20260819020145|944.73
1787076110|20260819020150|944.73
1787076125|20260819020205|944.68
1787076130|20260819020210|944.77
1787076135|20260819020215|944.77
1787076140|20260819020220|944.76
1787076145|20260819020225|944.76
1787076155|20260819020235|944.65
1787076160|20260819020240|944.67
1787076165|20260819020245|944.60
1787076170|20260819020250|944.61
1787076175|20260819020255|944.54
1787076185|20260819020305|944.47
1787076190|20260819020310|944.42
1787076195|20260819020315|944.33
1787076205|20260819020325|944.34
1787076225|20260819020345|944.27
1787076230|20260819020350|944.22
1787076235|20260819020355|944.19
1787076245|20260819020405|944.15
1787076250|20260819020410|944.02
1787076255|20260819020415|944.11
1787076260|20260819020420|944.03
1787076265|20260819020425|943.88
1787076305|20260819020505|943.96
1787076310|20260819020510|944.00
1787076315|20260819020515|944.00
1787076320|20260819020520|944.09
1787076325|20260819020525|943.99
1787076340|20260819020540|944.09
1787076345|20260819020545|944.16
1787076350|20260819020550|944.14
1787076355|20260819020555|944.13
1787076360|20260819020600|944.14
1787076370|20260819020610|943.97
1787076375|20260819020615|944.00
1787076380|20260819020620|943.99
1787076400|20260819020640|944.04
1787076405|20260819020645|944.01
1787076410|20260819020650|944.00
1787076425|20260819020705|944.18
1787076430|20260819020710|944.15
1787076435|20260819020715|944.17
1787076440|20260819020720|944.14
1787076455|20260819020735|944.15
1787076465|20260819020745|944.33
1787076470|20260819020750|944.41
1787076475|20260819020755|944.41
1787076485|20260819020805|944.33
1787076490|20260819020810|944.30
1787076500|20260819020820|944.08
1787076505|20260819020825|944.19
1787076515|20260819020835|944.17
1787076525|20260819020845|944.24
1787076535|20260819020855|944.23
1787076545|20260819020905|944.16
1787076555|20260819020915|944.14
1787076560|20260819020920|944.12
1787076595|20260819020955|944.32
1787076600|20260819021000|944.38
1787076605|20260819021005|944.50
1787076610|20260819021010|944.52
1787076615|20260819021015|944.52
1787076625|20260819021025|944.46
1787076640|20260819021040|944.33
1787076645|20260819021045|944.44
1787076650|20260819021050|944.42
1787076655|20260819021055|944.41
1787076670|20260819021110|944.33
1787076680|20260819021120|944.25
1787076685|20260819021125|944.19
1787076695|20260819021135|944.24
1787076700|20260819021140|944.21
1787076705|20260819021145|944.09
1787076710|20260819021150|944.13
1787076715|20260819021155|944.08
1787076725|20260819021205|944.03
1787076730|20260819021210|944.06
1787076735|20260819021215|943.90
1787076740|20260819021220|943.97
1787076755|20260819021235|944.03
1787076765|20260819021245|943.96
1787076770|20260819021250|943.96
1787076775|20260819021255|944.06
1787076785|20260819021305|944.06
1787076790|20260819021310|944.15
1787076795|20260819021315|944.24
1787076800|20260819021320|944.46
1787076805|20260819021325|944.66
1787076820|20260819021340|944.71
1787076830|20260819021350|944.79
1787076835|20260819021355|944.87
1787076845|20260819021405|944.79
1787076850|20260819021410|944.81
1787076855|20260819021415|944.85
1787076860|20260819021420|944.81
1787076900|20260819021500|944.97
1787076905|20260819021505|944.93
1787076910|20260819021510|944.98
1787076915|20260819021515|944.96
1787076925|20260819021525|944.94
1787076940|20260819021540|945.01
1787076945|20260819021545|945.01
1787076950|20260819021550|944.93
1787076955|20260819021555|944.89
1787076965|20260819021605|944.93
1787076970|20260819021610|944.89
1787076975|20260819021615|944.94
1787076980|20260819021620|944.96
1787076985|20260819021625|944.98
1787076995|20260819021635|945.02
1787077000|20260819021640|944.94
1787077005|20260819021645|944.94
1787077010|20260819021650|944.95
1787077015|20260819021655|944.90
1787077020|20260819021700|944.88
1787077025|20260819021705|944.80
1787077030|20260819021710|944.77
1787077035|20260819021715|944.80
1787077040|20260819021720|944.81
1787077045|20260819021725|944.98
1787077060|20260819021740|944.91
1787077065|20260819021745|944.92
1787077070|20260819021750|944.90
1787077075|20260819021755|944.93
1787077080|20260819021800|944.93
1787077085|20260819021805|944.95
1787077095|20260819021815|945.05
1787077100|20260819021820|945.05
1787077105|20260819021825|945.10
1787077115|20260819021835|945.12
1787077120|20260819021840|945.11
1787077125|20260819021845|945.10
1787077130|20260819021850|945.10
1787077135|20260819021855|945.11
1787077140|20260819021900|945.10
1787077145|20260819021905|945.09
1787077150|20260819021910|945.10
1787077160|20260819021920|945.13
1787077165|20260819021925|945.12
1787077200|20260819022000|945.18
1787077205|20260819022005|945.19
1787077210|20260819022010|945.26
1787077215|20260819022015|945.26
1787077220|20260819022020|945.22
1787077225|20260819022025|945.16
1787077235|20260819022035|945.20
1787077240|20260819022040|945.17
1787077245|20260819022045|945.13
1787077250|20260819022050|945.13
1787077255|20260819022055|945.13
1787077265|20260819022105|945.16
1787077270|20260819022110|945.25
1787077275|20260819022115|945.21
1787077280|20260819022120|945.17
1787077285|20260819022125|945.16
1787077295|20260819022135|945.16
1787077300|20260819022140|945.17
1787077305|20260819022145|945.12
1787077310|20260819022150|945.16
1787077315|20260819022155|945.13
1787077320|20260819022200|945.19
1787077325|20260819022205|945.17
1787077330|20260819022210|945.13
1787077335|20260819022215|945.15
1787077340|20260819022220|945.11
1787077355|20260819022235|945.03
1787077360|20260819022240|944.94
1787077370|20260819022250|944.84
1787077375|20260819022255|944.74
1787077385|20260819022305|944.68
1787077390|20260819022310|944.73
1787077400|20260819022320|944.63
1787077405|20260819022325|944.63
1787077415|20260819022335|944.52
1787077420|20260819022340|944.55
1787077425|20260819022345|944.59
1787077430|20260819022350|944.60
1787077435|20260819022355|944.61
1787077440|20260819022400|944.57
1787077445|20260819022405|944.83
1787077455|20260819022415|944.85
1787077460|20260819022420|944.79
1787077465|20260819022425|944.70
1787077500|20260819022500|944.73
1787077505|20260819022505|944.73
1787077510|20260819022510|944.80
1787077515|20260819022515|944.89
1787077520|20260819022520|944.75
1787077525|20260819022525|944.75
1787077535|20260819022535|944.71
1787077540|20260819022540|944.72
1787077545|20260819022545|944.76
1787077550|20260819022550|944.82
1787077555|20260819022555|944.82
1787077565|20260819022605|944.93
1787077570|20260819022610|944.98
1787077575|20260819022615|944.97
1787077580|20260819022620|944.99
1787077585|20260819022625|944.98
1787077600|20260819022640|944.98
1787077605|20260819022645|945.03
1787077615|20260819022655|944.96
1787077625|20260819022705|945.00
1787077645|20260819022725|944.98
1787077655|20260819022735|944.96
1787077660|20260819022740|944.91
1787077665|20260819022745|944.91
1787077670|20260819022750|944.94
1787077675|20260819022755|945.02
1787077685|20260819022805|945.01
1787077690|20260819022810|945.24
1787077695|20260819022815|945.31
1787077705|20260819022825|945.44
1787077715|20260819022835|945.56
1787077720|20260819022840|945.58
1787077725|20260819022845|945.55
1787077735|20260819022855|945.57
1787077745|20260819022905|945.55
1787077750|20260819022910|945.57
1787077755|20260819022915|945.57
1787077760|20260819022920|945.53
1787077765|20260819022925|945.52
1787077795|20260819022955|945.49
1787077800|20260819023000|945.47
1787077805|20260819023005|945.48
1787077810|20260819023010|945.45
1787077815|20260819023015|945.48
1787077820|20260819023020|945.46
1787077825|20260819023025|945.47
1787077835|20260819023035|945.49
1787077840|20260819023040|945.53
1787077845|20260819023045|945.53
1787077850|20260819023050|945.51
1787077855|20260819023055|945.45
1787077860|20260819023100|945.46
1787077865|20260819023105|945.31
1787077870|20260819023110|945.28
1787077875|20260819023115|945.32
1787077880|20260819023120|945.29
1787077885|20260819023125|945.19
1787077895|20260819023135|945.26
1787077900|20260819023140|945.30
1787077905|20260819023145|945.37
1787077925|20260819023205|945.37
1787077930|20260819023210|945.38
1787077935|20260819023215|945.33
1787077940|20260819023220|945.25
1787077955|20260819023235|945.32
1787077960|20260819023240|945.27
1787077965|20260819023245|945.21
1787077975|20260819023255|945.24
1787077980|20260819023300|945.21
1787077985|20260819023305|945.23
1787077990|20260819023310|945.27
1787077995|20260819023315|945.27
1787078000|20260819023320|945.28
1787078005|20260819023325|945.13
1787078015|20260819023335|945.10
1787078020|20260819023340|945.09
1787078035|20260819023355|944.97
1787078045|20260819023405|945.01
1787078055|20260819023415|945.01
1787078060|20260819023420|945.01
1787078065|20260819023425|945.10
1787078105|20260819023505|945.33
1787078110|20260819023510|945.30
1787078115|20260819023515|945.27
1787078120|20260819023520|945.24
1787078125|20260819023525|945.24
1787078135|20260819023535|945.43
1787078140|20260819023540|945.35
1787078145|20260819023545|945.33
1787078150|20260819023550|945.32
1787078155|20260819023555|945.31
1787078165|20260819023605|945.42
1787078170|20260819023610|945.33
1787078175|20260819023615|945.30
1787078180|20260819023620|945.31
1787078195|20260819023635|945.21
1787078200|20260819023640|945.13
1787078205|20260819023645|945.13
1787078210|20260819023650|945.13
1787078215|20260819023655|945.19
1787078225|20260819023705|945.20
1787078230|20260819023710|945.18
1787078235|20260819023715|945.15
1787078255|20260819023735|945.20
1787078260|20260819023740|945.16
1787078265|20260819023745|945.29
1787078275|20260819023755|945.22
1787078280|20260819023800|945.17
1787078285|20260819023805|945.19
1787078295|20260819023815|945.11
1787078300|20260819023820|945.11
1787078315|20260819023835|945.11
1787078320|20260819023840|945.28
1787078325|20260819023845|945.23
1787078335|20260819023855|945.27
1787078340|20260819023900|945.30
1787078350|20260819023910|945.22
1787078355|20260819023915|945.24
1787078360|20260819023920|945.23
1787078365|20260819023925|945.17
1787078400|20260819024000|945.38
1787078405|20260819024005|945.34
1787078410|20260819024010|945.25
1787078415|20260819024015|945.24
1787078420|20260819024020|945.12
1787078425|20260819024025|945.11
1787078440|20260819024040|944.98
1787078445|20260819024045|944.91
1787078455|20260819024055|944.90
1787078460|20260819024100|944.86
1787078470|20260819024110|944.76
1787078475|20260819024115|944.78
1787078480|20260819024120|944.82
1787078485|20260819024125|944.76
1787078495|20260819024135|944.76
1787078500|20260819024140|944.74
1787078505|20260819024145|944.68
1787078510|20260819024150|944.65
1787078515|20260819024155|944.64
1787078520|20260819024200|944.62
1787078530|20260819024210|944.57
1787078535|20260819024215|944.65
1787078555|20260819024235|944.58
1787078560|20260819024240|944.59
1787078565|20260819024245|944.54
1787078570|20260819024250|944.52
1787078585|20260819024305|944.52
1787078590|20260819024310|944.47
1787078595|20260819024315|944.49
1787078600|20260819024320|944.51
1787078605|20260819024325|944.58
1787078615|20260819024335|944.56
1787078620|20260819024340|944.57
1787078625|20260819024345|944.49
1787078630|20260819024350|944.47
1787078635|20260819024355|944.47
1787078645|20260819024405|944.37
1787078650|20260819024410|944.28
1787078655|20260819024415|944.28
1787078660|20260819024420|944.29
1787078665|20260819024425|944.12
1787078690|20260819024450|944.00
1787078705|20260819024505|944.15
1787078710|20260819024510|944.14
1787078715|20260819024515|944.17
1787078720|20260819024520|944.28
1787078725|20260819024525|944.28
1787078735|20260819024535|944.25
1787078740|20260819024540|944.28
1787078745|20260819024545|944.29
1787078750|20260819024550|944.30
1787078755|20260819024555|944.28
1787078760|20260819024600|944.28
1787078765|20260819024605|944.28
1787078770|20260819024610|944.20
1787078775|20260819024615|944.21
1787078780|20260819024620|944.24
1787078785|20260819024625|944.19
1787078795|20260819024635|944.29
1787078800|20260819024640|944.28
1787078810|20260819024650|944.20
1787078815|20260819024655|944.21
1787078825|20260819024705|944.25
1787078830|20260819024710|944.35
1787078835|20260819024715|944.26
1787078840|20260819024720|944.26
1787078845|20260819024725|944.27
1787078855|20260819024735|944.37
1787078860|20260819024740|944.35
1787078865|20260819024745|944.33
1787078870|20260819024750|944.32
1787078875|20260819024755|944.31
1787078885|20260819024805|944.30
1787078890|20260819024810|944.30
1787078900|20260819024820|944.26
1787078905|20260819024825|944.16
1787078915|20260819024835|943.97
1787078930|20260819024850|944.05
1787078935|20260819024855|944.07
1787078945|20260819024905|944.05
1787078950|20260819024910|944.03
1787078955|20260819024915|944.03
1787078960|20260819024920|944.03
1787079000|20260819025000|944.10
1787079005|20260819025005|944.08
1787079010|20260819025010|944.17
1787079015|20260819025015|944.19
1787079020|20260819025020|944.18
1787079025|20260819025025|944.19
1787079035|20260819025035|944.16
1787079040|20260819025040|944.18
1787079050|20260819025050|944.17
1787079065|20260819025105|944.25
1787079080|20260819025120|944.23
1787079085|20260819025125|944.13
1787079095|20260819025135|944.16
1787079100|20260819025140|944.23
1787079105|20260819025145|944.26
1787079110|20260819025150|944.23
1787079125|20260819025205|944.20
1787079130|20260819025210|944.20
1787079135|20260819025215|944.20
1787079140|20260819025220|944.16
1787079145|20260819025225|944.24
1787079160|20260819025240|944.20
1787079165|20260819025245|944.17
1787079170|20260819025250|944.17
1787079175|20260819025255|944.17
1787079185|20260819025305|944.22
1787079190|20260819025310|944.21
1787079195|20260819025315|944.19
1787079200|20260819025320|944.22
1787079205|20260819025325|944.25
1787079215|20260819025335|944.33
1787079220|20260819025340|944.35
1787079225|20260819025345|944.31
1787079230|20260819025350|944.24
1787079235|20260819025355|944.24
1787079240|20260819025400|944.24
1787079260|20260819025420|944.23
1787079265|20260819025425|944.29
1787079305|20260819025505|944.24
1787079315|20260819025515|944.23
1787079325|20260819025525|944.30
1787079335|20260819025535|944.36
1787079340|20260819025540|944.37
1787079350|20260819025550|944.46
1787079355|20260819025555|944.48
1787079365|20260819025605|944.34
1787079370|20260819025610|944.36
1787079375|20260819025615|944.39
1787079380|20260819025620|944.35
1787079385|20260819025625|944.35
1787079395|20260819025635|944.29
1787079400|20260819025640|944.29
1787079405|20260819025645|944.25
1787079415|20260819025655|944.14
1787079425|20260819025705|944.15
1787079435|20260819025715|944.13
1787079440|20260819025720|944.21
1787079445|20260819025725|944.23
1787079455|20260819025735|944.24
1787079460|20260819025740|944.30
1787079475|20260819025755|944.27
1787079485|20260819025805|944.16
1787079495|20260819025815|944.14
1787079500|20260819025820|944.20
1787079505|20260819025825|944.19
1787079515|20260819025835|944.25
1787079520|20260819025840|944.17
1787079525|20260819025845|944.16
1787079530|20260819025850|944.16
1787079535|20260819025855|944.16
1787079555|20260819025915|944.19
1787079560|20260819025920|944.17
1787079565|20260819025925|944.23
1787079600|20260819030000|944.22
1787079605|20260819030005|944.17
1787079610|20260819030010|944.24
1787079615|20260819030015|944.40
1787079620|20260819030020|944.33
1787079625|20260819030025|944.15
1787079635|20260819030035|944.24
1787079640|20260819030040|944.47
1787079645|20260819030045|944.45
1787079650|20260819030050|944.40
1787079655|20260819030055|944.38
1787079665|20260819030105|944.29
1787079670|20260819030110|944.23
1787079675|20260819030115|944.45
1787079680|20260819030120|944.44
1787079685|20260819030125|944.49
1787079695|20260819030135|944.46
1787079700|20260819030140|944.43
1787079705|20260819030145|944.59
1787079710|20260819030150|944.59
1787079715|20260819030155|944.62
1787079725|20260819030205|944.68
1787079730|20260819030210|944.67
1787079735|20260819030215|944.53
1787079745|20260819030225|944.53
1787079755|20260819030235|944.74
1787079760|20260819030240|944.94
1787079765|20260819030245|944.93
1787079770|20260819030250|944.93
1787079775|20260819030255|944.84
1787079785|20260819030305|944.90
1787079790|20260819030310|944.80
1787079795|20260819030315|944.83
1787079800|20260819030320|944.82
1787079805|20260819030325|944.81
1787079815|20260819030335|944.86
1787079820|20260819030340|944.90
1787079825|20260819030345|944.90
1787079830|20260819030350|944.88
1787079835|20260819030355|944.92
1787079845|20260819030405|944.87
1787079850|20260819030410|944.85
1787079855|20260819030415|944.82
1787079860|20260819030420|944.84
1787079865|20260819030425|944.72
1787079900|20260819030500|944.26
1787079910|20260819030510|944.52
1787079915|20260819030515|944.41
1787079920|20260819030520|944.46
1787079925|20260819030525|944.47
1787079935|20260819030535|944.58
1787079945|20260819030545|944.60
1787079950|20260819030550|944.59
1787079955|20260819030555|944.56
1787079960|20260819030600|944.58
1787079965|20260819030605|944.62
1787079970|20260819030610|944.60
1787079975|20260819030615|944.54
1787079980|20260819030620|944.56
1787079985|20260819030625|944.56
1787079995|20260819030635|944.44
1787080000|20260819030640|944.49
1787080005|20260819030645|944.55
1787080010|20260819030650|944.50
1787080015|20260819030655|944.51
1787080025|20260819030705|944.49
1787080030|20260819030710|944.51
1787080035|20260819030715|944.52
1787080040|20260819030720|944.53
1787080045|20260819030725|944.52
1787080055|20260819030735|944.63
1787080060|20260819030740|944.56
1787080065|20260819030745|944.57
1787080070|20260819030750|944.57
1787080075|20260819030755|944.55
1787080085|20260819030805|944.55
1787080090|20260819030810|944.47
1787080095|20260819030815|944.48
1787080100|20260819030820|944.52
1787080105|20260819030825|944.52
1787080115|20260819030835|944.58
1787080120|20260819030840|944.58
1787080125|20260819030845|944.70
1787080130|20260819030850|944.70
1787080135|20260819030855|944.69
1787080145|20260819030905|944.72
1787080150|20260819030910|944.69
1787080155|20260819030915|944.69
1787080160|20260819030920|944.69
1787080165|20260819030925|944.70
1787080200|20260819031000|944.40
1787080205|20260819031005|944.38
1787080210|20260819031010|944.32
1787080215|20260819031015|944.32
1787080220|20260819031020|944.30
1787080235|20260819031035|944.30
1787080245|20260819031045|944.32
1787080250|20260819031050|944.38
1787080255|20260819031055|944.35
1787080270|20260819031110|944.45
1787080275|20260819031115|944.46
1787080280|20260819031120|944.43
1787080285|20260819031125|944.44
1787080295|20260819031135|944.41
1787080300|20260819031140|944.41
1787080305|20260819031145|944.38
1787080310|20260819031150|944.33
1787080315|20260819031155|944.33
1787080335|20260819031215|944.61
1787080345|20260819031225|944.50
1787080355|20260819031235|944.56
1787080360|20260819031240|944.59
1787080365|20260819031245|944.54
1787080370|20260819031250|944.57
1787080375|20260819031255|944.42
1787080380|20260819031300|944.52
1787080385|20260819031305|944.56
1787080390|20260819031310|944.56
1787080400|20260819031320|944.58
1787080405|20260819031325|944.52
1787080415|20260819031335|944.51
1787080420|20260819031340|944.54
1787080425|20260819031345|944.63
1787080435|20260819031355|944.64
1787080445|20260819031405|944.81
1787080455|20260819031415|944.75
1787080460|20260819031420|944.73
1787080465|20260819031425|944.80
1787080500|20260819031500|944.79
1787080505|20260819031505|944.78
1787080510|20260819031510|944.80
1787080515|20260819031515|944.82
1787080520|20260819031520|944.86
1787080525|20260819031525|944.90
1787080535|20260819031535|944.96
1787080540|20260819031540|944.97
1787080545|20260819031545|945.01
1787080555|20260819031555|945.01
1787080565|20260819031605|945.00
1787080570|20260819031610|945.09
1787080575|20260819031615|945.07
1787080580|20260819031620|945.09
1787080585|20260819031625|944.91
1787080595|20260819031635|944.81
1787080600|20260819031640|944.77
1787080605|20260819031645|944.85
1787080610|20260819031650|944.92
1787080615|20260819031655|944.89
1787080625|20260819031705|944.82
1787080630|20260819031710|944.80
1787080635|20260819031715|944.76
1787080640|20260819031720|944.88
1787080645|20260819031725|944.84
1787080655|20260819031735|944.84
1787080660|20260819031740|944.95
1787080665|20260819031745|945.02
1787080670|20260819031750|945.02
1787080675|20260819031755|945.02
1787080685|20260819031805|944.76
1787080690|20260819031810|944.68
1787080695|20260819031815|944.69
1787080700|20260819031820|944.68
1787080715|20260819031835|944.59
1787080720|20260819031840|944.60
1787080725|20260819031845|944.60
1787080730|20260819031850|944.60
1787080735|20260819031855|944.53
1787080745|20260819031905|944.54
1787080750|20260819031910|944.58
1787080760|20260819031920|944.51
1787080765|20260819031925|944.52
1787080800|20260819032000|944.20
1787080805|20260819032005|944.20
1787080810|20260819032010|944.13
1787080815|20260819032015|944.15
1787080820|20260819032020|944.18
1787080825|20260819032025|944.13
1787080835|20260819032035|944.20
1787080840|20260819032040|944.16
1787080845|20260819032045|944.14
1787080850|20260819032050|944.19
1787080855|20260819032055|944.18
1787080865|20260819032105|944.08
1787080870|20260819032110|944.06
1787080875|20260819032115|944.05
1787080880|20260819032120|944.09
1787080885|20260819032125|943.96
1787080895|20260819032135|944.05
1787080910|20260819032150|944.14
1787080935|20260819032215|944.28
1787080940|20260819032220|944.30
1787080945|20260819032225|944.31
1787080960|20260819032240|944.51
1787080965|20260819032245|944.61
1787080975|20260819032255|944.56
1787080985|20260819032305|944.53
1787080990|20260819032310|944.53
1787080995|20260819032315|944.47
1787081000|20260819032320|944.44
1787081005|20260819032325|944.33
1787081015|20260819032335|944.15
1787081020|20260819032340|944.13
1787081025|20260819032345|944.14
1787081030|20260819032350|944.20
1787081035|20260819032355|944.17
1787081045|20260819032405|944.08
1787081050|20260819032410|944.03
1787081055|20260819032415|943.90
1787081060|20260819032420|943.95
1787081105|20260819032505|943.90
1787081115|20260819032515|943.88
1787081120|20260819032520|943.85
1787081125|20260819032525|943.85
1787081135|20260819032535|943.90
1787081145|20260819032545|943.89
1787081150|20260819032550|943.83
1787081165|20260819032605|943.88
1787081170|20260819032610|943.93
1787081175|20260819032615|944.09
1787081185|20260819032625|944.13
1787081195|20260819032635|944.08
1787081200|20260819032640|944.00
1787081205|20260819032645|944.07
1787081210|20260819032650|944.08
1787081215|20260819032655|944.10
1787081225|20260819032705|944.12
1787081235|20260819032715|944.09
1787081240|20260819032720|944.12
1787081255|20260819032735|944.13
1787081260|20260819032740|944.14
1787081270|20260819032750|944.13
1787081275|20260819032755|944.13
1787081290|20260819032810|944.19
1787081295|20260819032815|944.22
1787081300|20260819032820|944.25
1787081315|20260819032835|944.35
1787081320|20260819032840|944.44
1787081325|20260819032845|944.45
1787081330|20260819032850|944.40
1787081335|20260819032855|944.40
1787081345|20260819032905|944.48
1787081350|20260819032910|944.50
1787081355|20260819032915|944.44
1787081360|20260819032920|944.29
1787081365|20260819032925|944.32
1787081395|20260819032955|944.33
1787081400|20260819033000|944.33
1787081405|20260819033005|944.22
1787081410|20260819033010|944.19
1787081415|20260819033015|944.19
1787081425|20260819033025|944.12
1787081435|20260819033035|944.29
1787081445|20260819033045|944.31
1787081450|20260819033050|944.26
1787081455|20260819033055|944.35
1787081465|20260819033105|944.38
1787081470|20260819033110|944.30
1787081475|20260819033115|944.32
1787081480|20260819033120|944.35
1787081495|20260819033135|944.54
1787081500|20260819033140|944.44
1787081505|20260819033145|944.48
1787081510|20260819033150|944.48
1787081515|20260819033155|944.48
1787081525|20260819033205|944.42
1787081530|20260819033210|944.45
1787081535|20260819033215|944.47
1787081565|20260819033245|944.67
1787081570|20260819033250|944.69
1787081575|20260819033255|944.66
1787081580|20260819033300|944.57
1787081585|20260819033305|944.53
1787081590|20260819033310|944.62
1787081595|20260819033315|944.60
1787081600|20260819033320|944.52
1787081605|20260819033325|944.40
1787081615|20260819033335|944.46
1787081620|20260819033340|944.41
1787081630|20260819033350|944.40
1787081635|20260819033355|944.39
1787081645|20260819033405|944.35
1787081650|20260819033410|944.40
1787081655|20260819033415|944.30
1787081660|20260819033420|944.30
1787081700|20260819033500|944.06
1787081705|20260819033505|944.18
1787081715|20260819033515|944.19
1787081720|20260819033520|944.18
1787081725|20260819033525|944.21
1787081735|20260819033535|944.12
1787081740|20260819033540|944.10
1787081745|20260819033545|944.09
1787081750|20260819033550|944.16
1787081755|20260819033555|944.13
1787081765|20260819033605|944.10
1787081770|20260819033610|944.11
1787081775|20260819033615|944.22
1787081780|20260819033620|944.21
1787081785|20260819033625|944.24
1787081795|20260819033635|944.19
1787081800|20260819033640|944.29
1787081805|20260819033645|944.37
1787081810|20260819033650|944.17
1787081815|20260819033655|944.12
1787081825|20260819033705|944.03
1787081830|20260819033710|944.01
1787081835|20260819033715|944.04
1787081840|20260819033720|944.09
1787081845|20260819033725|944.09
1787081855|20260819033735|944.10
1787081860|20260819033740|944.09
1787081865|20260819033745|944.07
1787081870|20260819033750|944.21
1787081880|20260819033800|944.25
1787081885|20260819033805|944.19
1787081890|20260819033810|944.22
1787081895|20260819033815|944.21
1787081905|20260819033825|944.18
1787081915|20260819033835|944.17
1787081920|20260819033840|944.13
1787081925|20260819033845|944.19
1787081930|20260819033850|944.28
1787081935|20260819033855|944.26
1787081945|20260819033905|944.34
1787081950|20260819033910|944.35
1787081955|20260819033915|944.35
1787081960|20260819033920|944.35
1787081965|20260819033925|944.33
1787082000|20260819034000|944.31
1787082005|20260819034005|944.32
1787082010|20260819034010|944.31
1787082020|20260819034020|944.45
1787082025|20260819034025|944.40
1787082050|20260819034050|944.53
1787082065|20260819034105|944.55
1787082070|20260819034110|944.54
1787082075|20260819034115|944.62
1787082080|20260819034120|944.62
1787082085|20260819034125|944.62
1787082095|20260819034135|944.79
1787082100|20260819034140|944.79
1787082105|20260819034145|944.79
1787082130|20260819034210|944.87
1787082135|20260819034215|944.84
1787082140|20260819034220|944.85
1787082145|20260819034225|944.86
1787082155|20260819034235|944.83
1787082160|20260819034240|944.84
1787082165|20260819034245|944.88
1787082170|20260819034250|944.88
1787082175|20260819034255|944.85
1787082185|20260819034305|944.81
1787082190|20260819034310|944.88
1787082195|20260819034315|944.87
1787082205|20260819034325|944.83
1787082215|20260819034335|944.82
1787082220|20260819034340|944.75
1787082225|20260819034345|944.76
1787082230|20260819034350|944.70
1787082235|20260819034355|944.70
1787082240|20260819034400|944.37
1787082245|20260819034405|944.24
1787082250|20260819034410|944.26
1787082255|20260819034415|944.01
1787082260|20260819034420|943.99
1787082265|20260819034425|943.94
1787082300|20260819034500|943.29
1787082305|20260819034505|943.06
1787082315|20260819034515|943.06
1787082320|20260819034520|943.20
1787082325|20260819034525|943.13
1787082335|20260819034535|943.35
1787082340|20260819034540|943.67
1787082345|20260819034545|943.66
1787082350|20260819034550|943.58
1787082355|20260819034555|943.63
1787082360|20260819034600|943.73
1787082365|20260819034605|943.84
1787082370|20260819034610|943.79
1787082375|20260819034615|943.84
1787082380|20260819034620|943.86
1787082385|20260819034625|943.73
1787082395|20260819034635|943.72
1787082400|20260819034640|943.80
1787082405|20260819034645|943.83
1787082410|20260819034650|943.91
1787082415|20260819034655|943.80
1787082425|20260819034705|943.69
1787082430|20260819034710|943.68
1787082435|20260819034715|943.50
1787082440|20260819034720|943.54
1787082445|20260819034725|943.57
1787082455|20260819034735|943.50
1787082460|20260819034740|943.52
1787082465|20260819034745|943.48
1787082470|20260819034750|943.52
1787082475|20260819034755|943.53
1787082480|20260819034800|943.48
1787082485|20260819034805|943.36
1787082515|20260819034835|942.67
1787082520|20260819034840|942.61
1787082525|20260819034845|942.73
1787082530|20260819034850|942.72
1787082535|20260819034855|942.63
1787082545|20260819034905|942.52
1787082550|20260819034910|942.50
1787082555|20260819034915|942.31
1787082560|20260819034920|942.27
1787082565|20260819034925|942.40
1787082600|20260819035000|942.33
1787082605|20260819035005|942.36
1787082610|20260819035010|941.96
1787082620|20260819035020|942.01
1787082625|20260819035025|942.17
1787082635|20260819035035|942.25
1787082640|20260819035040|942.30
1787082645|20260819035045|942.35
1787082650|20260819035050|942.46
1787082655|20260819035055|942.32
1787082665|20260819035105|942.29
1787082675|20260819035115|942.18
1787082680|20260819035120|941.96
1787082685|20260819035125|941.87
1787082695|20260819035135|941.96
1787082705|20260819035145|941.98
1787082710|20260819035150|941.96
1787082715|20260819035155|941.93
1787082725|20260819035205|941.66
1787082730|20260819035210|941.77
1787082735|20260819035215|941.68
1787082745|20260819035225|941.80
1787082755|20260819035235|941.90
1787082760|20260819035240|941.93
1787082765|20260819035245|941.76
1787082770|20260819035250|941.80
1787082775|20260819035255|941.86
1787082785|20260819035305|942.06
1787082795|20260819035315|942.08
1787082800|20260819035320|942.01
1787082815|20260819035335|942.20
1787082820|20260819035340|942.21
1787082830|20260819035350|942.07
1787082835|20260819035355|942.01
1787082855|20260819035415|941.86
1787082860|20260819035420|941.85
1787082865|20260819035425|941.75
1787082900|20260819035500|942.24
1787082915|20260819035515|942.00
1787082925|20260819035525|942.41
1787082935|20260819035535|942.32
1787082945|20260819035545|942.30
1787082965|20260819035605|942.16
1787082975|20260819035615|942.04
1787082980|20260819035620|941.87
1787083000|20260819035640|941.85
1787083005|20260819035645|941.86
1787083010|20260819035650|941.67
1787083035|20260819035715|941.57
1787083040|20260819035720|941.03
1787083065|20260819035745|941.15
1787083070|20260819035750|941.20
1787083075|20260819035755|941.36
1787083090|20260819035810|941.05
1787083095|20260819035815|941.18
1787083100|20260819035820|941.22
1787083105|20260819035825|941.39
1787083115|20260819035835|941.56
1787083120|20260819035840|941.61
1787083135|20260819035855|941.54
1787083145|20260819035905|942.05
1787083150|20260819035910|942.16
1787083155|20260819035915|942.16
1787083160|20260819035920|942.29
1787083165|20260819035925|942.30
1787083200|20260819040000|942.20
1787083205|20260819040005|942.27
1787083210|20260819040010|942.19
1787083215|20260819040015|942.26
1787083225|20260819040025|942.12
1787083240|20260819040040|942.01
1787083245|20260819040045|941.94
1787083275|20260819040115|941.81
1787083280|20260819040120|941.90
1787083285|20260819040125|941.86
1787083295|20260819040135|941.92
1787083300|20260819040140|941.90
1787083310|20260819040150|942.03
1787083330|20260819040210|942.35
1787083335|20260819040215|942.19
1787083340|20260819040220|942.23
1787083355|20260819040235|942.23
1787083360|20260819040240|942.20
1787083365|20260819040245|942.18
1787083370|20260819040250|942.22
1787083375|20260819040255|942.44
1787083385|20260819040305|942.34
1787083390|20260819040310|942.33
1787083400|20260819040320|942.20
1787083415|20260819040335|942.17
1787083420|20260819040340|942.19
1787083425|20260819040345|942.20
1787083435|20260819040355|941.91
1787083445|20260819040405|941.77
1787083450|20260819040410|941.83
1787083455|20260819040415|941.86
1787083460|20260819040420|941.82
1787083465|20260819040425|941.78
1787083480|20260819040440|941.89
1787083500|20260819040500|941.92
1787083505|20260819040505|942.01
1787083510|20260819040510|942.01
1787083515|20260819040515|941.97
1787083520|20260819040520|941.95
1787083525|20260819040525|941.98
1787083535|20260819040535|941.94
1787083540|20260819040540|941.90
1787083545|20260819040545|941.90
1787083550|20260819040550|941.90
1787083555|20260819040555|941.93
1787083560|20260819040600|941.91
1787083565|20260819040605|941.91
1787083570|20260819040610|941.87
1787083575|20260819040615|941.88
1787083580|20260819040620|941.87
1787083585|20260819040625|941.92
1787083600|20260819040640|942.01
1787083605|20260819040645|941.94
1787083610|20260819040650|941.94
1787083615|20260819040655|941.90
1787083625|20260819040705|941.96
1787083630|20260819040710|941.97
1787083635|20260819040715|941.96
1787083640|20260819040720|941.97
1787083645|20260819040725|941.95
1787083655|20260819040735|941.81
1787083660|20260819040740|941.86
1787083665|20260819040745|941.81
1787083670|20260819040750|941.82
1787083675|20260819040755|941.74
1787083680|20260819040800|941.74
1787083685|20260819040805|941.72
1787083695|20260819040815|941.66
1787083700|20260819040820|941.64
1787083705|20260819040825|941.66
1787083715|20260819040835|941.68
1787083720|20260819040840|941.72
1787083725|20260819040845|941.79
1787083730|20260819040850|941.76
1787083735|20260819040855|941.72
1787083745|20260819040905|941.67
1787083750|20260819040910|941.66
1787083755|20260819040915|941.70
1787083760|20260819040920|941.67
1787083765|20260819040925|941.73
1787083805|20260819041005|941.74
1787083815|20260819041015|941.81
1787083820|20260819041020|941.75
1787083825|20260819041025|941.75
1787083835|20260819041035|941.73
1787083845|20260819041045|941.84
1787083870|20260819041110|941.57
1787083875|20260819041115|941.58
1787083880|20260819041120|941.55
1787083885|20260819041125|941.57
1787083895|20260819041135|941.54
1787083900|20260819041140|941.54
1787083910|20260819041150|941.63
1787083915|20260819041155|941.63
1787083925|20260819041205|941.59
1787083930|20260819041210|941.59
1787083935|20260819041215|941.57
1787083940|20260819041220|941.65
1787083945|20260819041225|941.59
1787083965|20260819041245|941.62
1787083970|20260819041250|941.61
1787083975|20260819041255|941.64
1787083985|20260819041305|941.66
1787083990|20260819041310|941.81
1787083995|20260819041315|941.81
1787084000|20260819041320|941.42
1787084005|20260819041325|941.40
1787084015|20260819041335|941.38
1787084030|20260819041350|941.32
1787084035|20260819041355|941.31
1787084055|20260819041415|941.35
1787084105|20260819041505|941.51
1787084110|20260819041510|941.60
1787084115|20260819041515|941.60
1787084125|20260819041525|941.37
1787084140|20260819041540|941.13
1787084150|20260819041550|941.10
1787084170|20260819041610|941.23
1787084175|20260819041615|941.36
1787084185|20260819041625|941.29
1787084195|20260819041635|941.38
1787084200|20260819041640|941.34
1787084205|20260819041645|941.35
1787084210|20260819041650|941.39
1787084215|20260819041655|941.41
1787084230|20260819041710|941.45
1787084235|20260819041715|941.45
1787084240|20260819041720|941.41
1787084245|20260819041725|941.40
1787084255|20260819041735|941.43
1787084260|20260819041740|941.43
1787084265|20260819041745|941.49
1787084270|20260819041750|941.49
1787084275|20260819041755|941.52
1787084300|20260819041820|941.43
1787084315|20260819041835|941.38
1787084325|20260819041845|941.44
1787084330|20260819041850|941.49
1787084335|20260819041855|941.47
1787084345|20260819041905|941.46
1787084355|20260819041915|941.53
1787084360|20260819041920|941.52
1787084400|20260819042000|941.47
1787084405|20260819042005|941.47
1787084410|20260819042010|941.39
1787084420|20260819042020|941.30
1787084425|20260819042025|941.36
1787084435|20260819042035|941.11
1787084440|20260819042040|941.11
1787084445|20260819042045|941.04
1787084450|20260819042050|940.91
1787084455|20260819042055|940.86
1787084465|20260819042105|940.80
1787084470|20260819042110|940.75
1787084475|20260819042115|940.76
1787084480|20260819042120|940.29
1787084485|20260819042125|940.23
1787084495|20260819042135|940.04
1787084500|20260819042140|940.00
1787084505|20260819042145|940.13
1787084510|20260819042150|940.06
1787084520|20260819042200|940.33
1787084525|20260819042205|940.30
1787084530|20260819042210|940.32
1787084535|20260819042215|940.23
1787084540|20260819042220|940.42
1787084545|20260819042225|940.34
1787084555|20260819042235|940.46
1787084560|20260819042240|940.51
1787084565|20260819042245|940.52
1787084570|20260819042250|940.64
1787084575|20260819042255|940.66
1787084585|20260819042305|940.69
1787084595|20260819042315|940.73
1787084600|20260819042320|940.69
1787084605|20260819042325|940.70
1787084615|20260819042335|940.76
1787084620|20260819042340|940.72
1787084630|20260819042350|940.75
1787084635|20260819042355|940.70
1787084645|20260819042405|940.64
1787084650|20260819042410|940.74
1787084655|20260819042415|940.78
1787084660|20260819042420|940.71
1787084665|20260819042425|940.70
1787084710|20260819042510|940.64
1787084715|20260819042515|940.62
1787084720|20260819042520|940.62
1787084725|20260819042525|940.61
1787084735|20260819042535|940.58
1787084740|20260819042540|940.49
1787084745|20260819042545|940.57
1787084750|20260819042550|940.56
1787084755|20260819042555|940.55
1787084765|20260819042605|940.53
1787084770|20260819042610|940.58
1787084775|20260819042615|940.62
1787084785|20260819042625|940.59
1787084795|20260819042635|940.53
1787084800|20260819042640|940.57
1787084805|20260819042645|940.57
1787084810|20260819042650|940.58
1787084815|20260819042655|940.47
1787084825|20260819042705|940.47
1787084835|20260819042715|940.37
1787084840|20260819042720|940.37
1787084845|20260819042725|940.37
1787084860|20260819042740|940.37
1787084865|20260819042745|940.38
1787084870|20260819042750|940.48
1787084875|20260819042755|940.48
1787084880|20260819042800|940.52
1787084885|20260819042805|940.50
1787084890|20260819042810|940.50
1787084895|20260819042815|940.48
1787084905|20260819042825|940.45
1787084920|20260819042840|940.52
1787084925|20260819042845|940.57
1787084935|20260819042855|940.54
1787084945|20260819042905|940.64
1787084950|20260819042910|940.67
1787084955|20260819042915|940.63
1787084960|20260819042920|940.65
1787084965|20260819042925|940.55
1787085000|20260819043000|940.61
1787085005|20260819043005|940.64
1787085020|20260819043020|940.47
1787085025|20260819043025|940.40
1787085035|20260819043035|940.36
1787085040|20260819043040|940.43
1787085045|20260819043045|940.39
1787085050|20260819043050|940.38
1787085055|20260819043055|940.36
1787085065|20260819043105|940.46
1787085070|20260819043110|940.34
1787085075|20260819043115|940.34
1787085085|20260819043125|940.36
1787085100|20260819043140|940.38
1787085105|20260819043145|940.43
1787085125|20260819043205|940.39
1787085130|20260819043210|940.40
1787085135|20260819043215|940.42
1787085140|20260819043220|940.49
1787085145|20260819043225|940.52
1787085155|20260819043235|940.72
1787085160|20260819043240|940.73
1787085165|20260819043245|940.80
1787085170|20260819043250|940.76
1787085175|20260819043255|940.79
1787085185|20260819043305|940.80
1787085190|20260819043310|940.85
1787085205|20260819043325|940.83
1787085215|20260819043335|940.84
1787085220|20260819043340|940.83
1787085225|20260819043345|940.84
1787085230|20260819043350|940.85
1787085235|20260819043355|940.87
1787085245|20260819043405|940.86
1787085250|20260819043410|940.84
1787085255|20260819043415|940.83
1787085260|20260819043420|940.86
1787085265|20260819043425|940.84
1787085300|20260819043500|940.91
1787085305|20260819043505|940.91
1787085310|20260819043510|940.95
1787085315|20260819043515|940.96
1787085320|20260819043520|940.91
1787085335|20260819043535|940.87
1787085340|20260819043540|940.87
1787085345|20260819043545|940.90
1787085355|20260819043555|940.88
1787085360|20260819043600|940.87
1787085365|20260819043605|940.80
1787085370|20260819043610|940.81
1787085375|20260819043615|940.81
1787085380|20260819043620|940.67
1787085385|20260819043625|940.58
1787085395|20260819043635|940.63
1787085400|20260819043640|940.60
1787085415|20260819043655|940.64
1787085425|20260819043705|940.73
1787085430|20260819043710|940.79
1787085435|20260819043715|940.79
1787085440|20260819043720|940.70
1787085445|20260819043725|940.68
1787085455|20260819043735|940.66
1787085460|20260819043740|940.67
1787085470|20260819043750|940.62
1787085475|20260819043755|940.60
1787085485|20260819043805|940.53
1787085495|20260819043815|940.57
1787085500|20260819043820|940.72
1787085505|20260819043825|940.65
1787085515|20260819043835|940.72
1787085520|20260819043840|940.71
1787085530|20260819043850|940.83
1787085535|20260819043855|940.80
1787085540|20260819043900|940.73
1787085545|20260819043905|940.78
1787085550|20260819043910|940.74
1787085555|20260819043915|940.76
1787085560|20260819043920|940.73
1787085565|20260819043925|940.71
1787085600|20260819044000|940.61
1787085605|20260819044005|940.59
1787085610|20260819044010|940.58
1787085615|20260819044015|940.54
1787085620|20260819044020|940.52
1787085625|20260819044025|940.58
1787085640|20260819044040|940.74
1787085645|20260819044045|940.70
1787085650|20260819044050|940.68
1787085665|20260819044105|940.67
1787085680|20260819044120|940.66
1787085685|20260819044125|940.71
1787085695|20260819044135|940.68
1787085700|20260819044140|940.67
1787085705|20260819044145|940.69
1787085710|20260819044150|940.68
1787085715|20260819044155|940.34
1787085720|20260819044200|940.34
1787085725|20260819044205|940.38
1787085730|20260819044210|940.39
1787085735|20260819044215|940.37
1787085740|20260819044220|940.39
1787085760|20260819044240|940.08
1787085765|20260819044245|940.11
1787085770|20260819044250|940.08
1787085775|20260819044255|940.08
1787085785|20260819044305|940.23
1787085790|20260819044310|939.81
1787085795|20260819044315|939.70
1787085800|20260819044320|939.69
1787085805|20260819044325|939.70
1787085815|20260819044335|939.82
1787085830|20260819044350|939.88
1787085845|20260819044405|939.48
1787085850|20260819044410|939.40
1787085855|20260819044415|939.32
1787085860|20260819044420|939.39
1787085865|20260819044425|939.40
1787085900|20260819044500|939.37
1787085905|20260819044505|939.60
1787085910|20260819044510|939.57
1787085915|20260819044515|939.46
1787085920|20260819044520|939.42
1787085925|20260819044525|939.46
1787085935|20260819044535|939.37
1787085940|20260819044540|939.49
1787085945|20260819044545|939.50
1787085950|20260819044550|939.51
1787085955|20260819044555|939.50
1787085965|20260819044605|939.45
1787085980|20260819044620|939.36
1787085985|20260819044625|939.32
1787085995|20260819044635|939.28
1787086000|20260819044640|939.33
1787086005|20260819044645|939.22
1787086010|20260819044650|939.35
1787086015|20260819044655|939.33
1787086035|20260819044715|939.25
1787086040|20260819044720|939.23
1787086045|20260819044725|939.21
1787086055|20260819044735|939.22
1787086060|20260819044740|939.29
1787086065|20260819044745|939.26
1787086070|20260819044750|939.25
1787086075|20260819044755|939.17
1787086090|20260819044810|938.92
1787086100|20260819044820|938.89
1787086115|20260819044835|939.14
1787086120|20260819044840|939.13
1787086125|20260819044845|939.36
1787086130|20260819044850|939.38
1787086135|20260819044855|939.43
1787086140|20260819044900|939.45
1787086145|20260819044905|939.44
1787086150|20260819044910|939.45
1787086155|20260819044915|939.33
1787086160|20260819044920|939.30
1787086165|20260819044925|939.40
1787086200|20260819045000|939.50
1787086205|20260819045005|939.44
1787086210|20260819045010|939.39
1787086215|20260819045015|939.26
1787086220|20260819045020|939.41
1787086235|20260819045035|939.28
1787086240|20260819045040|939.26
1787086245|20260819045045|939.29
1787086250|20260819045050|939.29
1787086265|20260819045105|939.30
1787086270|20260819045110|939.37
1787086275|20260819045115|939.01
1787086285|20260819045125|938.94
1787086295|20260819045135|939.15
1787086300|20260819045140|939.16
1787086305|20260819045145|939.13
1787086315|20260819045155|939.08
1787086325|20260819045205|939.10
1787086330|20260819045210|939.12
1787086335|20260819045215|939.13
1787086340|20260819045220|939.05
1787086345|20260819045225|939.11
1787086365|20260819045245|939.32
1787086370|20260819045250|939.37
1787086390|20260819045310|939.45
1787086395|20260819045315|939.57
1787086400|20260819045320|939.55
1787086405|20260819045325|939.56
1787086420|20260819045340|939.40
1787086430|20260819045350|939.49
1787086445|20260819045405|939.55
1787086450|20260819045410|939.66
1787086455|20260819045415|939.60
1787086460|20260819045420|939.71
1787086505|20260819045505|939.89
1787086510|20260819045510|939.68
1787086515|20260819045515|939.87
1787086520|20260819045520|939.85
1787086535|20260819045535|939.86
1787086545|20260819045545|939.90
1787086550|20260819045550|939.87
1787086565|20260819045605|939.81
1787086575|20260819045615|939.76
1787086580|20260819045620|939.75
1787086585|20260819045625|939.61
1787086595|20260819045635|939.45
1787086600|20260819045640|939.46
1787086605|20260819045645|939.59
1787086610|20260819045650|939.60
1787086615|20260819045655|939.62
1787086625|20260819045705|939.68
1787086630|20260819045710|939.74
1787086635|20260819045715|939.73
1787086640|20260819045720|939.87
1787086645|20260819045725|939.80
1787086655|20260819045735|939.85
1787086660|20260819045740|939.87
1787086670|20260819045750|940.00
1787086675|20260819045755|940.04
1787086685|20260819045805|940.02
1787086690|20260819045810|940.05
1787086695|20260819045815|940.07
1787086700|20260819045820|940.03
1787086705|20260819045825|940.04
1787086715|20260819045835|939.93
1787086720|20260819045840|940.04
1787086735|20260819045855|939.90
1787086745|20260819045905|939.81
1787086750|20260819045910|939.82
1787086755|20260819045915|939.87
1787086765|20260819045925|939.73
1787090420|20260819060020|940.34
1787090425|20260819060025|940.42
1787090440|20260819060040|940.50
1787090445|20260819060045|940.50
1787090455|20260819060055|940.54
1787090465|20260819060105|940.56
1787090470|20260819060110|940.42
1787090475|20260819060115|940.51
1787090480|20260819060120|940.63
1787090485|20260819060125|940.46
1787090495|20260819060135|940.29
1787090500|20260819060140|940.28
1787090505|20260819060145|940.75
1787090510|20260819060150|940.76
1787090515|20260819060155|940.29
1787090525|20260819060205|940.45
1787090530|20260819060210|940.48
1787090535|20260819060215|940.51
1787090540|20260819060220|940.50
1787090545|20260819060225|940.50
1787090555|20260819060235|940.67
1787090560|20260819060240|940.67
1787090570|20260819060250|940.65
1787090575|20260819060255|940.78
1787090585|20260819060305|940.88
1787090590|20260819060310|940.49
1787090595|20260819060315|940.49
1787090600|20260819060320|940.48
1787090615|20260819060335|940.70
1787090620|20260819060340|940.73
1787090625|20260819060345|940.76
1787090630|20260819060350|940.80
1787090635|20260819060355|941.09
1787090645|20260819060405|941.01
1787090650|20260819060410|941.02
1787090655|20260819060415|940.97
1787090660|20260819060420|940.99
1787090665|20260819060425|940.99
1787090700|20260819060500|941.24
1787090705|20260819060505|941.28
1787090710|20260819060510|941.34
1787090715|20260819060515|941.50
1787090725|20260819060525|941.37
1787090740|20260819060540|941.65
1787090745|20260819060545|941.60
1787090750|20260819060550|941.73
1787090755|20260819060555|941.75
1787090760|20260819060600|941.28
1787090770|20260819060610|941.64
1787090775|20260819060615|941.65
1787090780|20260819060620|941.59
1787090795|20260819060635|941.63
1787090800|20260819060640|941.58
1787090805|20260819060645|941.60
1787090810|20260819060650|941.60
1787090815|20260819060655|941.39
1787090830|20260819060710|941.54
1787090835|20260819060715|941.57
1787090840|20260819060720|941.57
1787090845|20260819060725|941.57
1787090855|20260819060735|941.58
1787090860|20260819060740|941.61
1787090865|20260819060745|941.59
1787090870|20260819060750|941.59
1787090875|20260819060755|941.59
1787090880|20260819060800|941.61
1787090885|20260819060805|941.46
1787090890|20260819060810|941.51
1787090895|20260819060815|941.48
1787090900|20260819060820|941.50
1787090905|20260819060825|941.49
1787090920|20260819060840|941.63
1787090925|20260819060845|941.71
1787090930|20260819060850|941.69
1787090935|20260819060855|941.63
1787090940|20260819060900|941.72
1787090945|20260819060905|941.77
1787090950|20260819060910|941.68
1787090955|20260819060915|941.65
1787090960|20260819060920|941.69
1787091005|20260819061005|941.69
1787091010|20260819061010|941.60
1787091015|20260819061015|941.64
1787091020|20260819061020|941.61
1787091025|20260819061025|941.68
1787091035|20260819061035|941.80
1787091040|20260819061040|941.78
1787091045|20260819061045|941.74
1787091050|20260819061050|941.74
1787091055|20260819061055|941.73
1787091060|20260819061100|941.70
1787091070|20260819061110|941.65
1787091075|20260819061115|941.83
1787091080|20260819061120|941.79
1787091095|20260819061135|941.69
1787091100|20260819061140|941.83
1787091105|20260819061145|941.85
1787091110|20260819061150|941.82
1787091115|20260819061155|941.81
1787091125|20260819061205|941.70
1787091130|20260819061210|941.72
1787091135|20260819061215|941.64
1787091140|20260819061220|941.59
1787091145|20260819061225|941.66
1787091160|20260819061240|941.82
1787091165|20260819061245|941.77
1787091170|20260819061250|941.73
1787091175|20260819061255|941.70
1787091185|20260819061305|941.73
1787091190|20260819061310|941.71
1787091195|20260819061315|941.64
1787091200|20260819061320|941.64
1787091205|20260819061325|941.60
1787091215|20260819061335|941.60
1787091220|20260819061340|941.65
1787091235|20260819061355|941.65
1787091245|20260819061405|941.55
1787091250|20260819061410|941.59
1787091255|20260819061415|941.63
1787091265|20260819061425|941.63
1787091305|20260819061505|941.03
1787091310|20260819061510|941.48
1787091315|20260819061515|941.44
1787091320|20260819061520|941.41
1787091335|20260819061535|941.48
1787091340|20260819061540|941.42
1787091345|20260819061545|941.33
1787091350|20260819061550|941.36
1787091355|20260819061555|941.44
1787091365|20260819061605|941.53
1787091370|20260819061610|941.40
1787091375|20260819061615|941.35
1787091380|20260819061620|941.41
1787091385|20260819061625|941.25
1787091395|20260819061635|941.30
1787091400|20260819061640|941.19
1787091405|20260819061645|941.36
1787091410|20260819061650|941.16
1787091415|20260819061655|941.15
1787091420|20260819061700|941.15
1787091425|20260819061705|941.13
1787091430|20260819061710|941.15
1787091435|20260819061715|941.18
1787091440|20260819061720|941.26
1787091455|20260819061735|941.15
1787091460|20260819061740|941.17
1787091465|20260819061745|941.19
1787091470|20260819061750|941.14
1787091475|20260819061755|941.10
1787091480|20260819061800|941.05
1787091485|20260819061805|941.22
1787091490|20260819061810|941.24
1787091500|20260819061820|941.06
1787091505|20260819061825|940.99
1787091515|20260819061835|940.91
1787091520|20260819061840|941.04
1787091525|20260819061845|941.07
1787091535|20260819061855|941.14
1787091540|20260819061900|941.11
1787091545|20260819061905|941.11
1787091555|20260819061915|941.22
1787091560|20260819061920|941.26
1787091565|20260819061925|941.24
1787091600|20260819062000|940.90
1787091605|20260819062005|940.83
1787091610|20260819062010|941.01
1787091615|20260819062015|941.01
1787091625|20260819062025|940.77
1787091635|20260819062035|940.75
1787091645|20260819062045|940.93
1787091665|20260819062105|940.94
1787091670|20260819062110|940.86
1787091675|20260819062115|940.58
1787091680|20260819062120|940.50
1787091685|20260819062125|940.21
1787091695|20260819062135|940.22
1787091700|20260819062140|940.31
1787091710|20260819062150|939.88
1787091725|20260819062205|939.89
1787091730|20260819062210|939.88
1787091735|20260819062215|939.91
1787091745|20260819062225|939.91
1787091755|20260819062235|939.85
1787091760|20260819062240|939.91
1787091765|20260819062245|939.83
1787091770|20260819062250|939.82
1787091775|20260819062255|939.79
1787091785|20260819062305|939.89
1787091790|20260819062310|939.99
1787091795|20260819062315|939.92
1787091800|20260819062320|939.83
1787091815|20260819062335|939.92
1787091820|20260819062340|939.82
1787091825|20260819062345|939.88
1787091835|20260819062355|939.86
1787091845|20260819062405|940.04
1787091850|20260819062410|940.09
1787091855|20260819062415|940.14
1787091860|20260819062420|940.17
1787091865|20260819062425|940.08
1787091880|20260819062440|940.15
1787091900|20260819062500|940.02
1787091915|20260819062515|939.99
1787091920|20260819062520|940.04
1787091925|20260819062525|940.21
1787091935|20260819062535|940.37
1787091940|20260819062540|940.41
1787091945|20260819062545|940.41
1787091950|20260819062550|940.46
1787091955|20260819062555|940.51
1787091965|20260819062605|940.53
1787091975|20260819062615|940.55
1787091980|20260819062620|940.74
1787091995|20260819062635|940.16
1787092000|20260819062640|940.06
1787092005|20260819062645|940.06
1787092010|20260819062650|939.96
1787092015|20260819062655|940.17
1787092025|20260819062705|940.05
1787092030|20260819062710|939.96
1787092035|20260819062715|939.87
1787092040|20260819062720|939.91
1787092055|20260819062735|940.21
1787092060|20260819062740|940.13
1787092075|20260819062755|939.89
1787092085|20260819062805|939.96
1787092090|20260819062810|939.97
1787092095|20260819062815|940.15
1787092100|20260819062820|940.11
1787092105|20260819062825|940.09
1787092115|20260819062835|940.02
1787092120|20260819062840|940.06
1787092125|20260819062845|940.03
1787092130|20260819062850|940.17
1787092135|20260819062855|940.14
1787092145|20260819062905|940.21
1787092150|20260819062910|940.28
1787092165|20260819062925|940.17
1787092200|20260819063000|940.24
1787092205|20260819063005|940.26
1787092210|20260819063010|940.13
1787092215|20260819063015|940.09
1787092220|20260819063020|940.11
1787092225|20260819063025|940.13
1787092235|20260819063035|940.24
1787092240|20260819063040|940.19
1787092245|20260819063045|940.21
1787092250|20260819063050|940.29
1787092255|20260819063055|940.24
1787092265|20260819063105|940.15
1787092270|20260819063110|940.09
1787092280|20260819063120|940.01
1787092285|20260819063125|940.11
1787092295|20260819063135|940.10
1787092300|20260819063140|940.10
1787092305|20260819063145|940.10
1787092310|20260819063150|940.44
1787092315|20260819063155|940.20
1787092320|20260819063200|940.23
1787092325|20260819063205|940.14
1787092335|20260819063215|940.11
1787092340|20260819063220|940.11
1787092345|20260819063225|940.08
1787092355|20260819063235|940.08
1787092360|20260819063240|940.10
1787092370|20260819063250|940.12
1787092375|20260819063255|940.09
1787092385|20260819063305|940.11
1787092390|20260819063310|940.09
1787092395|20260819063315|940.12
1787092400|20260819063320|940.13
1787092405|20260819063325|940.15
1787092415|20260819063335|940.13
1787092420|20260819063340|940.10
1787092425|20260819063345|940.09
1787092430|20260819063350|940.02
1787092435|20260819063355|940.01
1787092445|20260819063405|940.23
1787092450|20260819063410|940.17
1787092455|20260819063415|940.10
1787092460|20260819063420|940.11
1787092465|20260819063425|940.14
1787092500|20260819063500|940.13
1787092510|20260819063510|940.17
1787092515|20260819063515|940.18
1787092520|20260819063520|940.20
1787092535|20260819063535|940.28
1787092540|20260819063540|940.20
1787092545|20260819063545|940.21
1787092550|20260819063550|940.24
1787092555|20260819063555|940.24
1787092565|20260819063605|940.17
1787092570|20260819063610|940.15
1787092575|20260819063615|940.21
1787092580|20260819063620|940.20
1787092585|20260819063625|940.19
1787092595|20260819063635|940.09
1787092600|20260819063640|940.06
1787092605|20260819063645|940.07
1787092630|20260819063710|939.91
1787092635|20260819063715|940.25
1787092640|20260819063720|940.20
1787092645|20260819063725|940.23
1787092660|20260819063740|939.79
1787092665|20260819063745|939.80
1787092675|20260819063755|939.82
1787092685|20260819063805|939.81
1787092690|20260819063810|940.20
1787092695|20260819063815|939.85
1787092700|20260819063820|939.84
1787092705|20260819063825|939.83
1787092715|20260819063835|939.90
1787092720|20260819063840|939.94
1787092725|20260819063845|939.95
1787092735|20260819063855|939.98
1787092745|20260819063905|939.90
1787092755|20260819063915|939.87
1787092760|20260819063920|939.87
1787092765|20260819063925|939.89
1787092800|20260819064000|939.72
1787092810|20260819064010|939.73
1787092815|20260819064015|939.79
1787092820|20260819064020|939.76
1787092825|20260819064025|940.14
1787092835|20260819064035|940.03
1787092840|20260819064040|940.03
1787092850|20260819064050|939.94
1787092855|20260819064055|939.68
1787092865|20260819064105|939.52
1787092870|20260819064110|939.75
1787092875|20260819064115|939.65
1787092880|20260819064120|939.73
1787092885|20260819064125|939.72
1787092895|20260819064135|939.77
1787092900|20260819064140|939.79
1787092905|20260819064145|939.77
1787092915|20260819064155|939.68
1787092925|20260819064205|939.82
1787092935|20260819064215|939.72
1787092940|20260819064220|939.72
1787092945|20260819064225|939.66
1787092955|20260819064235|939.66
1787092960|20260819064240|939.64
1787092965|20260819064245|939.62
1787092970|20260819064250|939.60
1787092975|20260819064255|939.60
1787092985|20260819064305|939.62
1787092990|20260819064310|939.64
1787093000|20260819064320|939.79
1787093005|20260819064325|939.71
1787093015|20260819064335|939.81
1787093020|20260819064340|939.81
1787093025|20260819064345|939.77
1787093030|20260819064350|939.71
1787093035|20260819064355|939.71
1787093040|20260819064400|939.68
1787093045|20260819064405|939.64
1787093050|20260819064410|939.65
1787093060|20260819064420|939.67
1787093105|20260819064505|939.72
1787093115|20260819064515|939.64
1787093120|20260819064520|939.69
1787093145|20260819064545|939.80
1787093155|20260819064555|939.66
1787093165|20260819064605|939.71
1787093170|20260819064610|939.65
1787093175|20260819064615|939.64
1787093185|20260819064625|939.61
1787093195|20260819064635|939.70
1787093200|20260819064640|939.75
1787093205|20260819064645|939.85
1787093210|20260819064650|939.81
1787093215|20260819064655|939.84
1787093225|20260819064705|939.82
1787093230|20260819064710|939.93
1787093235|20260819064715|939.91
1787093240|20260819064720|939.83
1787093245|20260819064725|939.84
1787093255|20260819064735|939.79
1787093260|20260819064740|939.74
1787093265|20260819064745|939.72
1787093285|20260819064805|939.75
1787093290|20260819064810|939.75
1787093295|20260819064815|939.76
1787093300|20260819064820|939.75
1787093305|20260819064825|939.76
1787093320|20260819064840|939.75
1787093325|20260819064845|939.75
1787093335|20260819064855|939.67
1787093345|20260819064905|939.70
1787093350|20260819064910|939.76
1787093355|20260819064915|939.76
1787093360|20260819064920|939.77
1787093365|20260819064925|939.80
1787093385|20260819064945|939.79
1787093400|20260819065000|939.93
1787093405|20260819065005|939.90
1787093410|20260819065010|939.90
1787093415|20260819065015|939.89
1787093420|20260819065020|939.90
1787093425|20260819065025|939.89
1787093435|20260819065035|939.92
1787093440|20260819065040|939.92
1787093445|20260819065045|939.90
1787093450|20260819065050|939.86
1787093455|20260819065055|939.89
1787093465|20260819065105|939.81
1787093470|20260819065110|939.83
1787093475|20260819065115|939.85
1787093480|20260819065120|939.81
1787093485|20260819065125|939.79
1787093495|20260819065135|939.88
1787093500|20260819065140|939.85
1787093505|20260819065145|939.83
1787093510|20260819065150|939.84
1787093515|20260819065155|939.81
1787093520|20260819065200|939.80
1787093525|20260819065205|939.76
1787093530|20260819065210|939.72
1787093535|20260819065215|939.80
1787093540|20260819065220|939.82
1787093545|20260819065225|939.85
1787093555|20260819065235|939.93
1787093560|20260819065240|939.93
1787093565|20260819065245|939.89
1787093570|20260819065250|939.85
1787093575|20260819065255|939.81
1787093585|20260819065305|939.80
1787093590|20260819065310|939.85
1787093595|20260819065315|939.86
1787093600|20260819065320|939.92
1787093605|20260819065325|939.94
1787093615|20260819065335|939.83
1787093620|20260819065340|939.79
1787093625|20260819065345|939.80
1787093635|20260819065355|939.96
1787093645|20260819065405|939.97
1787093650|20260819065410|940.03
1787093655|20260819065415|940.07
1787093660|20260819065420|940.06
1787093665|20260819065425|940.07
1787093700|20260819065500|939.97
1787093705|20260819065505|939.96
1787093710|20260819065510|939.96
1787093715|20260819065515|939.96
1787093725|20260819065525|939.89
1787093735|20260819065535|939.89
1787093740|20260819065540|939.89
1787093745|20260819065545|939.88
1787093765|20260819065605|939.83
1787093770|20260819065610|939.83
1787093775|20260819065615|939.90
1787093780|20260819065620|939.93
1787093785|20260819065625|939.98
1787093795|20260819065635|939.97
1787093800|20260819065640|939.87
1787093815|20260819065655|939.89
1787093825|20260819065705|939.77
1787093830|20260819065710|939.83
1787093835|20260819065715|939.84
1787093840|20260819065720|939.86
1787093845|20260819065725|939.85
1787093860|20260819065740|939.85
1787093865|20260819065745|939.77
1787093875|20260819065755|939.69
1787093885|20260819065805|939.65
1787093895|20260819065815|939.65
1787093905|20260819065825|939.64
1787093915|20260819065835|939.69
1787093925|20260819065845|939.65
1787093930|20260819065850|939.67
1787093935|20260819065855|939.67
1787093945|20260819065905|939.64
1787093950|20260819065910|939.64
1787093960|20260819065920|939.63
1787093965|20260819065925|939.74
1787094005|20260819070005|939.66
1787094010|20260819070010|939.68
1787094015|20260819070015|939.57
1787094020|20260819070020|939.57
1787094025|20260819070025|939.53
1787094035|20260819070035|939.58
1787094040|20260819070040|939.59
1787094045|20260819070045|939.62
1787094050|20260819070050|939.82
1787094055|20260819070055|939.85
1787094065|20260819070105|939.89
1787094070|20260819070110|939.89
1787094080|20260819070120|939.91
1787094085|20260819070125|940.03
1787094095|20260819070135|940.01
1787094100|20260819070140|940.19
1787094105|20260819070145|940.20
1787094110|20260819070150|940.10
1787094115|20260819070155|940.17
1787094125|20260819070205|940.12
1787094130|20260819070210|939.93
1787094140|20260819070220|940.06
1787094145|20260819070225|940.04
1787094155|20260819070235|940.08
1787094160|20260819070240|940.07
1787094165|20260819070245|940.11
1787094170|20260819070250|940.17
1787094175|20260819070255|940.21
1787094185|20260819070305|940.18
1787094190|20260819070310|940.18
1787094195|20260819070315|940.16
1787094200|20260819070320|940.18
1787094205|20260819070325|940.16
1787094215|20260819070335|940.20
1787094230|20260819070350|940.21
1787094250|20260819070410|940.23
1787094255|20260819070415|940.19
1787094260|20260819070420|940.09
1787094305|20260819070505|940.18
1787094310|20260819070510|940.19
1787094315|20260819070515|940.18
1787094320|20260819070520|940.23
1787094335|20260819070535|940.25
1787094340|20260819070540|940.20
1787094345|20260819070545|940.27
1787094350|20260819070550|940.37
1787094355|20260819070555|940.34
1787094360|20260819070600|940.49
1787094365|20260819070605|940.45
1787094370|20260819070610|940.49
1787094375|20260819070615|940.43
1787094380|20260819070620|940.57
1787094385|20260819070625|940.44
1787094395|20260819070635|940.46
1787094400|20260819070640|940.54
1787094405|20260819070645|940.53
1787094410|20260819070650|940.54
1787094415|20260819070655|940.53
1787094430|20260819070710|940.67
1787094435|20260819070715|940.67
1787094440|20260819070720|940.66
1787094445|20260819070725|940.65
1787094455|20260819070735|940.55
1787094460|20260819070740|940.63
1787094465|20260819070745|940.66
1787094470|20260819070750|940.64
1787094475|20260819070755|940.60
1787094480|20260819070800|940.57
1787094485|20260819070805|940.44
1787094490|20260819070810|940.35
1787094495|20260819070815|940.25
1787094500|20260819070820|940.09
1787094505|20260819070825|940.33
1787094515|20260819070835|940.27
1787094520|20260819070840|940.22
1787094525|20260819070845|940.21
1787094530|20260819070850|940.10
1787094535|20260819070855|940.10
1787094540|20260819070900|940.05
1787094545|20260819070905|940.03
1787094550|20260819070910|939.92
1787094555|20260819070915|939.91
1787094560|20260819070920|939.89
1787094565|20260819070925|939.90
1787094600|20260819071000|940.04
1787094605|20260819071005|940.02
1787094610|20260819071010|940.03
1787094615|20260819071015|939.94
1787094620|20260819071020|939.95
1787094625|20260819071025|939.95
1787094635|20260819071035|939.95
1787094640|20260819071040|940.00
1787094645|20260819071045|940.03
1787094650|20260819071050|939.95
1787094655|20260819071055|939.98
1787094665|20260819071105|939.95
1787094670|20260819071110|939.90
1787094680|20260819071120|939.82
1787094685|20260819071125|939.80
1787094695|20260819071135|939.66
1787094700|20260819071140|939.71
1787094705|20260819071145|939.82
1787094710|20260819071150|939.81
1787094715|20260819071155|939.85
1787094725|20260819071205|939.68
1787094730|20260819071210|939.62
1787094735|20260819071215|939.63
1787094740|20260819071220|939.70
1787094755|20260819071235|939.70
1787094760|20260819071240|939.70
1787094765|20260819071245|939.72
1787094770|20260819071250|939.75
1787094775|20260819071255|939.77
1787094780|20260819071300|939.82
1787094785|20260819071305|939.89
1787094790|20260819071310|939.85
1787094795|20260819071315|939.72
1787094800|20260819071320|939.57
1787094805|20260819071325|939.59
1787094815|20260819071335|939.66
1787094820|20260819071340|939.70
1787094825|20260819071345|939.70
1787094830|20260819071350|939.76
1787094835|20260819071355|939.74
1787094845|20260819071405|939.72
1787094850|20260819071410|939.81
1787094855|20260819071415|939.59
1787094860|20260819071420|939.50
1787094900|20260819071500|939.78
1787094905|20260819071505|939.65
1787094910|20260819071510|939.62
1787094915|20260819071515|939.56
1787094920|20260819071520|939.52
1787094925|20260819071525|939.55
1787094940|20260819071540|939.54
1787094945|20260819071545|939.59
1787094950|20260819071550|939.60
1787094955|20260819071555|939.60
1787094965|20260819071605|939.57
1787094970|20260819071610|939.47
1787094975|20260819071615|939.48
1787094980|20260819071620|939.48
1787094985|20260819071625|939.51
1787094995|20260819071635|939.53
1787095000|20260819071640|939.55
1787095005|20260819071645|939.66
1787095010|20260819071650|939.67
1787095015|20260819071655|939.62
1787095020|20260819071700|939.51
1787095030|20260819071710|939.65
1787095035|20260819071715|939.78
1787095040|20260819071720|939.87
1787095045|20260819071725|939.96
1787095055|20260819071735|939.94
1787095060|20260819071740|939.91
1787095065|20260819071745|939.96
1787095070|20260819071750|939.73
1787095075|20260819071755|939.67
1787095085|20260819071805|939.73
1787095090|20260819071810|939.61
1787095095|20260819071815|939.64
1787095100|20260819071820|939.64
1787095105|20260819071825|939.64
1787095115|20260819071835|939.64
1787095120|20260819071840|939.66
1787095125|20260819071845|939.68
1787095130|20260819071850|939.63
1787095135|20260819071855|939.65
1787095145|20260819071905|939.62
1787095150|20260819071910|939.71
1787095155|20260819071915|939.71
1787095160|20260819071920|939.67
1787095165|20260819071925|939.57
1787095200|20260819072000|939.40
1787095205|20260819072005|939.51
1787095210|20260819072010|939.52
1787095215|20260819072015|939.57
1787095220|20260819072020|939.59
1787095225|20260819072025|939.58
1787095235|20260819072035|939.59
1787095240|20260819072040|939.64
1787095245|20260819072045|939.65
1787095250|20260819072050|939.66
1787095260|20260819072100|939.62
1787095265|20260819072105|939.62
1787095270|20260819072110|939.63
1787095275|20260819072115|939.65
1787095280|20260819072120|939.81
1787095285|20260819072125|939.82
1787095295|20260819072135|939.80
1787095300|20260819072140|939.76
1787095310|20260819072150|939.77
1787095315|20260819072155|939.72
1787095320|20260819072200|939.70
1787095330|20260819072210|940.18
1787095335|20260819072215|940.37
1787095340|20260819072220|940.39
1787095345|20260819072225|940.43
1787095355|20260819072235|939.92
1787095360|20260819072240|939.99
1787095370|20260819072250|939.99
1787095375|20260819072255|940.03
1787095380|20260819072300|939.94
1787095385|20260819072305|939.84
1787095390|20260819072310|939.67
1787095395|20260819072315|939.61
1787095400|20260819072320|939.60
1787095405|20260819072325|939.70
1787095415|20260819072335|939.49
1787095420|20260819072340|939.45
1787095425|20260819072345|939.48
1787095430|20260819072350|939.49
1787095435|20260819072355|939.55
1787095445|20260819072405|939.66
1787095450|20260819072410|939.78
1787095455|20260819072415|939.74
1787095460|20260819072420|939.73
1787095465|20260819072425|939.53
1787095505|20260819072505|939.53
1787095510|20260819072510|939.59
1787095515|20260819072515|939.58
1787095520|20260819072520|939.62
1787095525|20260819072525|939.59
1787095535|20260819072535|939.34
1787095540|20260819072540|939.31
1787095545|20260819072545|939.41
1787095550|20260819072550|939.45
1787095555|20260819072555|939.38
1787095565|20260819072605|939.49
1787095570|20260819072610|939.44
1787095575|20260819072615|939.36
1787095580|20260819072620|939.34
1787095585|20260819072625|939.36
1787095590|20260819072630|939.43
1787095595|20260819072635|939.48
1787095600|20260819072640|939.49
1787095605|20260819072645|939.50
1787095610|20260819072650|939.47
1787095615|20260819072655|939.47
1787095625|20260819072705|939.39
1787095630|20260819072710|939.44
1787095635|20260819072715|939.43
1787095640|20260819072720|939.42
1787095645|20260819072725|939.33
1787095655|20260819072735|939.37
1787095660|20260819072740|939.41
1787095665|20260819072745|939.33
1787095670|20260819072750|939.34
1787095675|20260819072755|939.39
1787095680|20260819072800|939.44
1787095685|20260819072805|939.37
1787095690|20260819072810|939.14
1787095695|20260819072815|939.16
1787095700|20260819072820|939.15
1787095705|20260819072825|939.19
1787095715|20260819072835|939.03
1787095720|20260819072840|939.01
1787095725|20260819072845|939.11
1787095730|20260819072850|939.03
1787095740|20260819072900|939.00
1787095750|20260819072910|938.97
1787095755|20260819072915|938.98
1787095760|20260819072920|939.10
1787095765|20260819072925|938.95
1787095780|20260819072940|939.10
1787095800|20260819073000|939.05
1787095810|20260819073010|939.01
1787095815|20260819073015|938.95
1787095825|20260819073025|938.95
1787095835|20260819073035|939.01
1787095840|20260819073040|939.03
1787095845|20260819073045|938.95
1787095855|20260819073055|938.99
1787095865|20260819073105|939.04
1787095870|20260819073110|939.01
1787095875|20260819073115|939.04
1787095880|20260819073120|939.06
1787095895|20260819073135|939.20
1787095900|20260819073140|939.17
1787095910|20260819073150|939.39
1787095915|20260819073155|939.34
1787095925|20260819073205|939.36
1787095930|20260819073210|939.33
1787095935|20260819073215|939.30
1787095940|20260819073220|939.23
1787095945|20260819073225|939.23
1787095955|20260819073235|939.22
1787095960|20260819073240|939.13
1787095965|20260819073245|939.14
1787095975|20260819073255|939.09
1787095985|20260819073305|938.85
1787095990|20260819073310|938.71
1787095995|20260819073315|938.72
1787096000|20260819073320|938.65
1787096005|20260819073325|938.62
1787096015|20260819073335|938.42
1787096020|20260819073340|938.44
1787096025|20260819073345|938.42
1787096030|20260819073350|938.34
1787096035|20260819073355|938.57
1787096050|20260819073410|938.78
1787096055|20260819073415|938.74
1787096060|20260819073420|938.76
1787096065|20260819073425|938.72
1787096110|20260819073510|939.05
1787096115|20260819073515|938.93
1787096120|20260819073520|938.91
1787096135|20260819073535|938.91
1787096140|20260819073540|939.15
1787096145|20260819073545|939.07
1787096150|20260819073550|939.22
1787096155|20260819073555|939.26
1787096165|20260819073605|938.96
1787096175|20260819073615|938.93
1787096180|20260819073620|938.93
1787096185|20260819073625|938.91
1787096195|20260819073635|938.84
1787096200|20260819073640|938.85
1787096205|20260819073645|938.80
1787096210|20260819073650|938.82
1787096215|20260819073655|939.02
1787096220|20260819073700|939.08
1787096225|20260819073705|939.12
1787096230|20260819073710|939.15
1787096235|20260819073715|938.96
1787096240|20260819073720|939.01
1787096245|20260819073725|938.96
1787096255|20260819073735|938.86
1787096260|20260819073740|938.95
1787096265|20260819073745|938.91
1787096270|20260819073750|938.84
1787096275|20260819073755|938.77
1787096285|20260819073805|938.84
1787096290|20260819073810|938.83
1787096295|20260819073815|938.86
1787096300|20260819073820|938.86
1787096305|20260819073825|938.80
1787096315|20260819073835|938.67
1787096320|20260819073840|938.64
1787096325|20260819073845|938.65
1787096330|20260819073850|938.71
1787096335|20260819073855|938.69
1787096345|20260819073905|938.65
1787096350|20260819073910|938.69
1787096355|20260819073915|938.38
1787096360|20260819073920|938.30
1787096365|20260819073925|938.38
1787096400|20260819074000|938.65
1787096405|20260819074005|938.66
1787096410|20260819074010|938.78
1787096415|20260819074015|938.75
1787096420|20260819074020|938.64
1787096425|20260819074025|938.58
1787096435|20260819074035|938.52
1787096440|20260819074040|938.55
1787096445|20260819074045|938.54
1787096450|20260819074050|938.60
1787096455|20260819074055|938.60
1787096465|20260819074105|938.69
1787096470|20260819074110|938.66
1787096475|20260819074115|938.68
1787096480|20260819074120|938.65
1787096485|20260819074125|938.86
1787096495|20260819074135|938.75
1787096500|20260819074140|938.74
1787096505|20260819074145|938.59
1787096515|20260819074155|938.51
1787096525|20260819074205|938.55
1787096530|20260819074210|938.63
1787096535|20260819074215|938.64
1787096540|20260819074220|938.63
1787096545|20260819074225|938.67
1787096555|20260819074235|938.55
1787096560|20260819074240|938.60
1787096565|20260819074245|938.61
1787096575|20260819074255|938.61
1787096585|20260819074305|938.59
1787096590|20260819074310|938.64
1787096595|20260819074315|938.61
1787096600|20260819074320|938.61
1787096605|20260819074325|938.62
1787096615|20260819074335|938.71
1787096620|20260819074340|938.69
1787096625|20260819074345|938.83
1787096630|20260819074350|938.73
1787096635|20260819074355|938.65
1787096650|20260819074410|938.74
1787096655|20260819074415|938.73
1787096660|20260819074420|938.72
1787096665|20260819074425|938.88
1787096670|20260819074430|938.93
1787096685|20260819074445|938.90
1787096700|20260819074500|938.85
1787096705|20260819074505|938.91
1787096710|20260819074510|938.83
1787096715|20260819074515|938.87
1787096720|20260819074520|938.95
1787096740|20260819074540|939.01
1787096745|20260819074545|938.99
1787096750|20260819074550|939.15
1787096755|20260819074555|939.20
1787096765|20260819074605|939.28
1787096775|20260819074615|939.30
1787096780|20260819074620|939.33
1787096785|20260819074625|939.17
1787096795|20260819074635|939.18
1787096800|20260819074640|939.16
1787096805|20260819074645|939.18
1787096815|20260819074655|939.16
1787096820|20260819074700|939.14
1787096825|20260819074705|939.13
1787096830|20260819074710|939.11
1787096840|20260819074720|938.89
1787096845|20260819074725|938.96
1787096850|20260819074730|938.88
1787096855|20260819074735|938.92
1787096860|20260819074740|938.92
1787096865|20260819074745|938.89
1787096870|20260819074750|938.95
1787096875|20260819074755|938.97
1787096885|20260819074805|938.96
1787096890|20260819074810|939.04
1787096895|20260819074815|939.04
1787096900|20260819074820|939.00
1787096905|20260819074825|939.07
1787096920|20260819074840|939.00
1787096930|20260819074850|939.16
1787096935|20260819074855|939.17
1787096945|20260819074905|939.17
1787096950|20260819074910|939.19
1787096955|20260819074915|939.06
1787096960|20260819074920|939.07
1787096965|20260819074925|939.06
1787096980|20260819074940|938.90
1787096985|20260819074945|938.91
1787096990|20260819074950|938.94
1787097000|20260819075000|939.11
1787097005|20260819075005|939.12
1787097010|20260819075010|939.09
1787097015|20260819075015|939.15
1787097020|20260819075020|939.09
1787097025|20260819075025|939.10
1787097035|20260819075035|939.00
1787097040|20260819075040|938.96
1787097050|20260819075050|938.99
1787097055|20260819075055|938.98
1787097065|20260819075105|938.98
1787097070|20260819075110|938.92
1787097075|20260819075115|938.96
1787097080|20260819075120|938.97
1787097095|20260819075135|939.05
1787097105|20260819075145|939.07
1787097110|20260819075150|939.16
1787097115|20260819075155|939.15
1787097120|20260819075200|939.14
1787097145|20260819075225|939.16
1787097155|20260819075235|939.24
1787097160|20260819075240|939.32
1787097175|20260819075255|939.67
1787097185|20260819075305|939.69
1787097195|20260819075315|939.71
1787097205|20260819075325|939.64
1787097215|20260819075335|939.33
1787097220|20260819075340|939.48
1787097225|20260819075345|939.57
1787097230|20260819075350|939.57
1787097235|20260819075355|939.70
1787097245|20260819075405|939.65
1787097250|20260819075410|939.68
1787097255|20260819075415|939.72
1787097260|20260819075420|939.72
1787097280|20260819075440|939.72
1787097300|20260819075500|939.79
1787097310|20260819075510|939.68
1787097320|20260819075520|939.70
1787097325|20260819075525|939.62
1787097335|20260819075535|939.57
1787097340|20260819075540|939.59
1787097345|20260819075545|939.52
1787097350|20260819075550|939.54
1787097365|20260819075605|939.37
1787097370|20260819075610|939.30
1787097375|20260819075615|939.31
1787097380|20260819075620|939.30
1787097385|20260819075625|939.24
1787097395|20260819075635|939.25
1787097405|20260819075645|939.32
1787097410|20260819075650|939.29
1787097415|20260819075655|939.35
1787097425|20260819075705|939.34
1787097430|20260819075710|939.40
1787097435|20260819075715|939.43
1787097440|20260819075720|939.43
1787097445|20260819075725|939.45
1787097455|20260819075735|939.42
1787097460|20260819075740|939.44
1787097465|20260819075745|939.47
1787097475|20260819075755|939.49
1787097485|20260819075805|939.41
1787097500|20260819075820|939.47
1787097505|20260819075825|939.49
1787097515|20260819075835|939.54
1787097520|20260819075840|939.56
1787097525|20260819075845|939.53
1787097530|20260819075850|939.51
1787097535|20260819075855|939.52
1787097545|20260819075905|939.55
1787097550|20260819075910|939.60
1787097555|20260819075915|939.56
1787097560|20260819075920|939.55
1787097565|20260819075925|939.54
1787097600|20260819080000|939.57
1787097605|20260819080005|939.43
1787097610|20260819080010|939.33
1787097615|20260819080015|939.40
1787097620|20260819080020|939.38
1787097625|20260819080025|939.52
1787097635|20260819080035|939.48
1787097640|20260819080040|939.69
1787097645|20260819080045|939.84
1787097650|20260819080050|939.89
1787097655|20260819080055|939.89
1787097665|20260819080105|940.08
1787097670|20260819080110|940.00
1787097675|20260819080115|940.04
1787097685|20260819080125|940.04
1787097695|20260819080135|940.11
1787097700|20260819080140|940.22
1787097705|20260819080145|940.03
1787097710|20260819080150|940.05
1787097715|20260819080155|940.32
1787097725|20260819080205|940.47
1787097730|20260819080210|940.68
1787097735|20260819080215|940.68
1787097740|20260819080220|940.83
1787097755|20260819080235|940.55
1787097765|20260819080245|940.57
1787097770|20260819080250|940.56
1787097775|20260819080255|940.77
1787097785|20260819080305|940.62
1787097790|20260819080310|940.60
1787097795|20260819080315|940.59
1787097800|20260819080320|940.61
1787097805|20260819080325|940.60
1787097815|20260819080335|940.88
1787097825|20260819080345|940.74
1787097830|20260819080350|940.88
1787097835|20260819080355|941.18
1787097845|20260819080405|940.83
1787097850|20260819080410|940.83
1787097855|20260819080415|940.67
1787097860|20260819080420|940.58
1787097875|20260819080435|940.39
1787097900|20260819080500|940.40
1787097905|20260819080505|940.33
1787097915|20260819080515|940.26
1787097920|20260819080520|940.29
1787097925|20260819080525|940.36
1787097935|20260819080535|940.34
1787097940|20260819080540|940.43
1787097945|20260819080545|940.49
1787097955|20260819080555|940.50
1787097960|20260819080600|940.23
1787097965|20260819080605|940.44
1787097975|20260819080615|940.65
1787097980|20260819080620|940.81
1787097985|20260819080625|940.85
1787097995|20260819080635|940.98
1787098000|20260819080640|941.02
1787098005|20260819080645|941.20
1787098010|20260819080650|941.11
1787098015|20260819080655|941.07
1787098025|20260819080705|941.02
1787098030|20260819080710|940.95
1787098035|20260819080715|941.01
1787098040|20260819080720|941.00
1787098045|20260819080725|941.08
1787098055|20260819080735|941.16
1787098060|20260819080740|940.98
1787098065|20260819080745|940.97
1787098070|20260819080750|940.95
1787098075|20260819080755|940.94
1787098085|20260819080805|940.91
1787098090|20260819080810|940.85
1787098095|20260819080815|940.88
1787098100|20260819080820|940.85
1787098105|20260819080825|940.76
1787098115|20260819080835|940.85
1787098120|20260819080840|940.63
1787098125|20260819080845|940.68
1787098130|20260819080850|940.83
1787098135|20260819080855|940.95
1787098145|20260819080905|941.04
1787098150|20260819080910|941.11
1787098155|20260819080915|940.97
1787098160|20260819080920|940.93
1787098165|20260819080925|940.94
1787098180|20260819080940|941.05
1787098200|20260819081000|941.07
1787098205|20260819081005|941.02
1787098210|20260819081010|940.91
1787098215|20260819081015|941.01
1787098220|20260819081020|940.93
1787098225|20260819081025|940.93
1787098235|20260819081035|940.91
1787098240|20260819081040|941.10
1787098245|20260819081045|941.07
1787098255|20260819081055|941.08
1787098265|20260819081105|940.84
1787098270|20260819081110|940.79
1787098275|20260819081115|940.80
1787098280|20260819081120|940.79
1787098285|20260819081125|941.17
1787098295|20260819081135|941.19
1787098300|20260819081140|941.17
1787098305|20260819081145|941.15
1787098310|20260819081150|941.18
1787098315|20260819081155|941.15
1787098325|20260819081205|941.08
1787098330|20260819081210|941.15
1787098335|20260819081215|941.16
1787098340|20260819081220|941.10
1787098345|20260819081225|941.17
1787098355|20260819081235|941.42
1787098360|20260819081240|941.09
1787098365|20260819081245|941.19
1787098370|20260819081250|941.14
1787098375|20260819081255|941.24
1787098385|20260819081305|941.40
1787098390|20260819081310|941.50
1787098395|20260819081315|941.55
1787098400|20260819081320|941.53
1787098405|20260819081325|941.46
1787098415|20260819081335|941.67
1787098420|20260819081340|941.59
1787098425|20260819081345|941.58
1787098430|20260819081350|941.96
1787098435|20260819081355|941.89
1787098440|20260819081400|942.03
1787098445|20260819081405|942.03
1787098450|20260819081410|942.04
1787098455|20260819081415|942.08
1787098460|20260819081420|941.92
1787098465|20260819081425|941.89
1787098505|20260819081505|941.89
1787098510|20260819081510|941.75
1787098515|20260819081515|941.81
1787098520|20260819081520|941.74
1787098525|20260819081525|941.72
1787098535|20260819081535|941.93
1787098540|20260819081540|941.98
1787098545|20260819081545|942.02
1787098550|20260819081550|942.02
1787098555|20260819081555|941.97
1787098565|20260819081605|941.89
1787098575|20260819081615|941.77
1787098580|20260819081620|942.01
1787098585|20260819081625|941.94
1787098595|20260819081635|942.05
1787098600|20260819081640|942.10
1787098605|20260819081645|942.19
1787098610|20260819081650|942.32
1787098615|20260819081655|942.30
1787098625|20260819081705|942.26
1787098630|20260819081710|942.31
1787098635|20260819081715|942.18
1787098645|20260819081725|942.32
1787098660|20260819081740|942.29
1787098670|20260819081750|942.25
1787098675|20260819081755|942.18
1787098685|20260819081805|942.24
1787098695|20260819081815|942.32
1787098700|20260819081820|942.32
1787098705|20260819081825|942.30
1787098715|20260819081835|942.27
1787098720|20260819081840|942.21
1787098725|20260819081845|942.29
1787098730|20260819081850|942.34
1787098745|20260819081905|942.26
1787098750|20260819081910|942.27
1787098755|20260819081915|942.29
1787098760|20260819081920|942.26
1787098765|20260819081925|942.36
1787098800|20260819082000|941.83
1787098815|20260819082015|941.60
1787098820|20260819082020|941.69
1787098825|20260819082025|941.71
1787098835|20260819082035|941.72
1787098840|20260819082040|941.74
1787098845|20260819082045|941.79
1787098850|20260819082050|941.78
1787098855|20260819082055|941.62
1787098865|20260819082105|941.64
1787098870|20260819082110|941.66
1787098875|20260819082115|941.82
1787098880|20260819082120|941.80
1787098885|20260819082125|941.79
1787098895|20260819082135|941.82
1787098900|20260819082140|941.59
1787098905|20260819082145|941.59
1787098910|20260819082150|941.58
1787098915|20260819082155|941.53
1787098925|20260819082205|941.67
1787098930|20260819082210|941.71
1787098935|20260819082215|941.71
1787098940|20260819082220|941.78
1787098945|20260819082225|941.90
1787098955|20260819082235|942.01
1787098960|20260819082240|941.95
1787098965|20260819082245|941.96
1787098970|20260819082250|942.03
1787098975|20260819082255|942.14
1787098985|20260819082305|942.06
1787098990|20260819082310|942.24
1787098995|20260819082315|942.15
1787099000|20260819082320|942.19
1787099005|20260819082325|942.21
1787099015|20260819082335|942.19
1787099025|20260819082345|942.19
1787099030|20260819082350|942.18
1787099035|20260819082355|942.30
1787099040|20260819082400|942.37
1787099045|20260819082405|942.08
1787099050|20260819082410|941.95
1787099055|20260819082415|941.94
1787099060|20260819082420|941.92
1787099065|20260819082425|941.82
1787099100|20260819082500|941.74
1787099105|20260819082505|941.80
1787099110|20260819082510|941.68
1787099115|20260819082515|941.68
1787099120|20260819082520|941.69
1787099130|20260819082530|941.79
1787099135|20260819082535|941.81
1787099140|20260819082540|941.81
1787099145|20260819082545|941.75
1787099150|20260819082550|941.61
1787099155|20260819082555|941.59
1787099165|20260819082605|941.60
1787099170|20260819082610|941.49
1787099175|20260819082615|941.50
1787099180|20260819082620|941.42
1787099185|20260819082625|941.51
1787099190|20260819082630|941.49
1787099195|20260819082635|941.49
1787099200|20260819082640|941.48
1787099210|20260819082650|941.60
1787099215|20260819082655|941.70
1787099225|20260819082705|941.72
1787099230|20260819082710|941.73
1787099235|20260819082715|941.63
1787099240|20260819082720|941.56
1787099245|20260819082725|941.51
1787099250|20260819082730|941.42
1787099260|20260819082740|941.36
1787099265|20260819082745|941.33
1787099270|20260819082750|941.23
1787099275|20260819082755|940.97
1787099285|20260819082805|941.13
1787099290|20260819082810|941.34
1787099300|20260819082820|941.37
1787099305|20260819082825|941.34
1787099315|20260819082835|941.36
1787099320|20260819082840|941.37
1787099325|20260819082845|941.44
1787099330|20260819082850|941.42
1787099335|20260819082855|941.38
1787099340|20260819082900|941.53
1787099355|20260819082915|941.44
1787099360|20260819082920|941.51
1787099365|20260819082925|941.53
1787099375|20260819082935|941.52
1787099385|20260819082945|941.57
1787099400|20260819083000|941.62
1787099405|20260819083005|941.79
1787099410|20260819083010|941.71
1787099415|20260819083015|941.77
1787099425|20260819083025|941.78
1787099435|20260819083035|941.72
1787099440|20260819083040|941.82
1787099445|20260819083045|941.82
1787099450|20260819083050|941.91
1787099455|20260819083055|941.95
1787099470|20260819083110|942.11
1787099475|20260819083115|942.03
1787099480|20260819083120|942.05
1787099495|20260819083135|942.14
1787099500|20260819083140|942.18
1787099515|20260819083155|942.05
1787099525|20260819083205|942.14
1787099540|20260819083220|942.23
1787099545|20260819083225|942.01
1787099555|20260819083235|942.04
1787099560|20260819083240|942.06
1787099565|20260819083245|941.98
1787099570|20260819083250|941.95
1787099575|20260819083255|942.00
1787099585|20260819083305|941.85
1787099590|20260819083310|941.71
1787099595|20260819083315|941.58
1787099600|20260819083320|941.59
1787099605|20260819083325|941.43
1787099615|20260819083335|941.40
1787099620|20260819083340|941.43
1787099625|20260819083345|941.37
1787099635|20260819083355|941.12
1787099650|20260819083410|941.13
1787099655|20260819083415|941.17
1787099660|20260819083420|941.08
1787099665|20260819083425|941.23
1787099705|20260819083505|941.25
1787099710|20260819083510|941.29
1787099715|20260819083515|941.55
1787099720|20260819083520|941.56
1787099735|20260819083535|941.79
1787099740|20260819083540|941.81
1787099745|20260819083545|941.77
1787099750|20260819083550|941.69
1787099755|20260819083555|941.72
1787099765|20260819083605|941.69
1787099770|20260819083610|941.65
1787099775|20260819083615|941.54
1787099780|20260819083620|941.53
1787099785|20260819083625|941.37
1787099795|20260819083635|941.43
1787099800|20260819083640|941.64
1787099810|20260819083650|941.65
1787099815|20260819083655|941.70
1787099820|20260819083700|941.76
1787099825|20260819083705|941.57
1787099830|20260819083710|941.53
1787099835|20260819083715|941.55
1787099840|20260819083720|941.63
1787099855|20260819083735|941.56
1787099865|20260819083745|941.64
1787099870|20260819083750|941.70
1787099875|20260819083755|941.65
1787099885|20260819083805|941.90
1787099890|20260819083810|941.99
1787099895|20260819083815|942.00
1787099900|20260819083820|942.03
1787099905|20260819083825|942.10
1787099915|20260819083835|942.42
1787099920|20260819083840|942.47
1787099925|20260819083845|942.34
1787099930|20260819083850|942.25
1787099935|20260819083855|942.23
1787099945|20260819083905|942.27
1787099950|20260819083910|942.15
1787099960|20260819083920|942.16
1787100000|20260819084000|942.05
1787100005|20260819084005|942.12
1787100010|20260819084010|942.12
1787100020|20260819084020|942.03
1787100025|20260819084025|942.03
1787100035|20260819084035|942.08
1787100045|20260819084045|942.11
1787100050|20260819084050|942.27
1787100055|20260819084055|942.34
1787100065|20260819084105|942.33
1787100070|20260819084110|942.41
1787100075|20260819084115|942.44
1787100080|20260819084120|942.40
1787100085|20260819084125|942.46
1787100095|20260819084135|942.49
1787100100|20260819084140|942.50
1787100105|20260819084145|942.47
1787100110|20260819084150|942.43
1787100115|20260819084155|942.43
1787100125|20260819084205|942.40
1787100130|20260819084210|942.48
1787100135|20260819084215|942.45
1787100140|20260819084220|942.48
1787100145|20260819084225|942.61
1787100155|20260819084235|942.58
1787100160|20260819084240|942.36
1787100165|20260819084245|942.39
1787100175|20260819084255|942.38
1787100185|20260819084305|942.31
1787100190|20260819084310|942.33
1787100195|20260819084315|942.32
1787100200|20260819084320|942.40
1787100205|20260819084325|942.17
1787100215|20260819084335|942.15
1787100220|20260819084340|942.05
1787100225|20260819084345|942.09
1787100230|20260819084350|942.08
1787100235|20260819084355|942.09
1787100240|20260819084400|942.10
1787100245|20260819084405|942.07
1787100250|20260819084410|942.09
1787100255|20260819084415|942.04
1787100260|20260819084420|942.14
1787100265|20260819084425|942.18
1787100300|20260819084500|941.81
1787100305|20260819084505|941.94
1787100315|20260819084515|941.87
1787100320|20260819084520|941.89
1787100325|20260819084525|941.89
1787100335|20260819084535|941.89
1787100345|20260819084545|941.88
1787100350|20260819084550|941.89
1787100355|20260819084555|941.74
1787100365|20260819084605|941.79
1787100370|20260819084610|941.89
1787100375|20260819084615|941.88
1787100385|20260819084625|941.83
1787100410|20260819084650|941.80
1787100415|20260819084655|941.90
1787100425|20260819084705|941.82
1787100430|20260819084710|941.81
1787100435|20260819084715|941.85
1787100440|20260819084720|941.89
1787100445|20260819084725|941.79
1787100460|20260819084740|941.71
1787100475|20260819084755|941.71
1787100495|20260819084815|941.69
1787100500|20260819084820|941.73
1787100505|20260819084825|941.80
1787100515|20260819084835|941.87
1787100520|20260819084840|941.91
1787100525|20260819084845|941.89
1787100530|20260819084850|941.86
1787100535|20260819084855|941.81
1787100560|20260819084920|941.69
1787100565|20260819084925|941.59
1787100600|20260819085000|941.68
1787100605|20260819085005|941.70
1787100610|20260819085010|941.69
1787100615|20260819085015|941.75
1787100620|20260819085020|941.75
1787100625|20260819085025|941.77
1787100635|20260819085035|941.83
1787100640|20260819085040|941.84
1787100645|20260819085045|941.79
1787100655|20260819085055|941.76
1787100665|20260819085105|941.69
1787100680|20260819085120|941.60
1787100685|20260819085125|941.58
1787100695|20260819085135|941.62
1787100700|20260819085140|941.70
1787100705|20260819085145|941.79
1787100710|20260819085150|941.82
1787100725|20260819085205|941.84
1787100740|20260819085220|941.72
1787100745|20260819085225|941.71
1787100755|20260819085235|941.72
1787100760|20260819085240|941.70
1787100765|20260819085245|941.84
1787100770|20260819085250|942.05
1787100775|20260819085255|942.02
1787100785|20260819085305|941.95
1787100790|20260819085310|941.93
1787100795|20260819085315|941.97
1787100800|20260819085320|941.98
1787100805|20260819085325|942.03
1787100815|20260819085335|941.99
1787100820|20260819085340|941.95
1787100825|20260819085345|941.97
1787100835|20260819085355|942.00
1787100845|20260819085405|941.84
1787100850|20260819085410|941.98
1787100855|20260819085415|941.95
1787100865|20260819085425|941.98
1787100900|20260819085500|941.39
1787100905|20260819085505|941.58
1787100910|20260819085510|941.50
1787100915|20260819085515|941.54
1787100920|20260819085520|941.49
1787100925|20260819085525|941.48
1787100930|20260819085530|941.54
1787100935|20260819085535|941.44
1787100950|20260819085550|941.47
1787100955|20260819085555|941.38
1787100965|20260819085605|941.29
1787100970|20260819085610|941.27
1787100975|20260819085615|941.14
1787100980|20260819085620|941.14
1787100985|20260819085625|941.11
1787100990|20260819085630|941.06
1787101000|20260819085640|940.99
1787101005|20260819085645|940.76
1787101010|20260819085650|940.66
1787101015|20260819085655|940.84
1787101025|20260819085705|940.65
1787101030|20260819085710|940.63
1787101035|20260819085715|940.61
1787101040|20260819085720|940.78
1787101045|20260819085725|940.81
1787101055|20260819085735|940.98
1787101060|20260819085740|940.92
1787101065|20260819085745|940.89
1787101070|20260819085750|940.86
1787101075|20260819085755|940.95
1787101085|20260819085805|940.81
1787101090|20260819085810|940.68
1787101095|20260819085815|940.70
1787101100|20260819085820|940.74
1787101105|20260819085825|940.69
1787101115|20260819085835|940.73
1787101120|20260819085840|940.69
1787101125|20260819085845|940.55
1787101130|20260819085850|940.54
1787101135|20260819085855|940.53
1787101145|20260819085905|941.16
1787101150|20260819085910|941.08
1787101155|20260819085915|940.93
1787101160|20260819085920|940.94
1787101165|20260819085925|941.09
1787101200|20260819090000|940.71
1787101205|20260819090005|940.60
1787101210|20260819090010|940.56
1787101215|20260819090015|940.72
1787101220|20260819090020|940.01
1787101225|20260819090025|939.99
1787101240|20260819090040|939.88
1787101245|20260819090045|939.91
1787101250|20260819090050|939.81
1787101255|20260819090055|939.72
1787101265|20260819090105|939.15
1787101270|20260819090110|939.13
1787101275|20260819090115|939.32
1787101280|20260819090120|939.23
1787101285|20260819090125|939.18
1787101295|20260819090135|939.45
1787101300|20260819090140|938.78
1787101305|20260819090145|939.10
1787101310|20260819090150|939.22
1787101315|20260819090155|939.12
1787101325|20260819090205|939.01
1787101330|20260819090210|938.70
1787101335|20260819090215|938.74
1787101340|20260819090220|938.42
1787101345|20260819090225|937.84
1787101355|20260819090235|938.05
1787101360|20260819090240|938.46
1787101365|20260819090245|938.85
1787101375|20260819090255|938.58
1787101380|20260819090300|938.78
1787101385|20260819090305|939.07
1787101390|20260819090310|939.14
1787101395|20260819090315|938.70
1787101400|20260819090320|938.37
1787101405|20260819090325|938.59
1787101415|20260819090335|938.48
1787101420|20260819090340|938.41
1787101425|20260819090345|938.65
1787101435|20260819090355|938.59
1787101445|20260819090405|938.67
1787101450|20260819090410|938.96
1787101455|20260819090415|939.03
1787101465|20260819090425|938.69
1787101480|20260819090440|939.23
1787101495|20260819090455|939.43
1787101510|20260819090510|939.29
1787101515|20260819090515|939.60
1787101520|20260819090520|939.64
1787101525|20260819090525|939.45
1787101535|20260819090535|940.16
1787101540|20260819090540|940.17
1787101545|20260819090545|940.46
1787101550|20260819090550|940.31
1787101565|20260819090605|940.37
1787101570|20260819090610|940.63
1787101575|20260819090615|940.47
1787101580|20260819090620|940.52
1787101600|20260819090640|940.95
1787101605|20260819090645|941.09
1787101610|20260819090650|941.42
1787101625|20260819090705|940.60
1787101635|20260819090715|940.81
1787101640|20260819090720|940.82
1787101645|20260819090725|940.85
1787101655|20260819090735|940.85
1787101665|20260819090745|940.89
1787101685|20260819090805|940.56
1787101690|20260819090810|940.28
1787101695|20260819090815|940.52
1787101700|20260819090820|940.62
1787101705|20260819090825|940.93
1787101720|20260819090840|941.10
1787101725|20260819090845|941.22
1787101730|20260819090850|941.30
1787101735|20260819090855|941.47
1787101740|20260819090900|941.49
1787101745|20260819090905|941.52
1787101750|20260819090910|941.37
1787101760|20260819090920|941.40
1787101765|20260819090925|941.26
1787101800|20260819091000|940.98
1787101805|20260819091005|941.06
1787101810|20260819091010|941.06
1787101815|20260819091015|941.01
1787101820|20260819091020|940.89
1787101825|20260819091025|940.82
1787101835|20260819091035|940.48
1787101840|20260819091040|940.45
1787101845|20260819091045|940.53
1787101850|20260819091050|940.69
1787101855|20260819091055|940.72
1787101865|20260819091105|940.81
1787101870|20260819091110|940.83
1787101875|20260819091115|940.81
1787101895|20260819091135|940.80
1787101900|20260819091140|941.07
1787101905|20260819091145|941.07
1787101910|20260819091150|940.94
1787101915|20260819091155|940.88
1787101925|20260819091205|940.88
1787101930|20260819091210|940.98
1787101935|20260819091215|940.80
1787101940|20260819091220|940.67
1787101945|20260819091225|940.87
1787101960|20260819091240|941.00
1787101970|20260819091250|941.22
1787101975|20260819091255|941.04
1787101985|20260819091305|941.18
1787101990|20260819091310|941.30
1787101995|20260819091315|941.40
1787102000|20260819091320|941.47
1787102005|20260819091325|941.53
1787102015|20260819091335|941.68
1787102020|20260819091340|941.73
1787102025|20260819091345|941.70
1787102030|20260819091350|941.56
1787102035|20260819091355|941.66
1787102045|20260819091405|941.71
1787102050|20260819091410|941.64
1787102055|20260819091415|941.46
1787102060|20260819091420|941.70
1787102065|20260819091425|941.79
1787102100|20260819091500|941.87
1787102105|20260819091505|941.96
1787102110|20260819091510|941.96
1787102115|20260819091515|942.02
1787102125|20260819091525|942.12
1787102150|20260819091550|942.22
1787102155|20260819091555|941.97
1787102165|20260819091605|941.48
1787102170|20260819091610|941.51
1787102180|20260819091620|941.67
1787102185|20260819091625|941.75
1787102195|20260819091635|941.56
1787102200|20260819091640|941.53
1787102210|20260819091650|941.47
1787102215|20260819091655|941.25
1787102225|20260819091705|941.15
1787102230|20260819091710|941.03
1787102235|20260819091715|940.94
1787102255|20260819091735|940.63
1787102260|20260819091740|940.75
1787102265|20260819091745|940.96
1787102270|20260819091750|941.00
1787102290|20260819091810|941.28
1787102295|20260819091815|941.00
1787102300|20260819091820|940.89
1787102305|20260819091825|940.54
1787102315|20260819091835|940.35
1787102320|20260819091840|940.34
1787102325|20260819091845|939.92
1787102330|20260819091850|939.99
1787102335|20260819091855|940.15
1787102345|20260819091905|940.42
1787102350|20260819091910|940.18
1787102360|20260819091920|940.73
1787102365|20260819091925|940.84
1787102400|20260819092000|940.44
1787102405|20260819092005|940.73
1787102410|20260819092010|940.72
1787102415|20260819092015|940.86
1787102420|20260819092020|940.62
1787102425|20260819092025|940.66
1787102435|20260819092035|940.63
1787102440|20260819092040|940.66
1787102445|20260819092045|940.74
1787102450|20260819092050|940.72
1787102455|20260819092055|940.71
1787102465|20260819092105|940.94
1787102470|20260819092110|940.85
1787102475|20260819092115|940.69
1787102480|20260819092120|940.39
1787102485|20260819092125|940.39
1787102495|20260819092135|940.15
1787102500|20260819092140|940.08
1787102505|20260819092145|940.12
1787102510|20260819092150|940.21
1787102515|20260819092155|940.14
1787102530|20260819092210|939.63
1787102535|20260819092215|939.58
1787102540|20260819092220|939.60
1787102545|20260819092225|939.76
1787102560|20260819092240|940.07
1787102565|20260819092245|940.09
1787102570|20260819092250|940.06
1787102575|20260819092255|940.06
1787102585|20260819092305|940.11
1787102590|20260819092310|940.29
1787102600|20260819092320|940.22
1787102605|20260819092325|940.22
1787102615|20260819092335|940.29
1787102620|20260819092340|940.56
1787102625|20260819092345|940.67
1787102630|20260819092350|940.89
1787102635|20260819092355|940.47
1787102640|20260819092400|940.41
1787102645|20260819092405|940.41
1787102650|20260819092410|940.48
1787102655|20260819092415|940.46
1787102660|20260819092420|940.62
1787102665|20260819092425|940.60
1787102700|20260819092500|940.43
1787102705|20260819092505|940.52
1787102720|20260819092520|940.52
1787102725|20260819092525|940.85
1787102735|20260819092535|940.60
1787102740|20260819092540|940.53
1787102745|20260819092545|940.52
1787102750|20260819092550|940.53
1787102755|20260819092555|940.56
1787102760|20260819092600|940.52
1787102765|20260819092605|940.49
1787102770|20260819092610|940.56
1787102775|20260819092615|940.56
1787102785|20260819092625|940.14
1787102795|20260819092635|940.28
1787102800|20260819092640|940.50
1787102805|20260819092645|940.47
1787102810|20260819092650|940.68
1787102815|20260819092655|940.54
1787102830|20260819092710|940.39
1787102845|20260819092725|940.65
1787102855|20260819092735|940.67
1787102860|20260819092740|940.71
1787102865|20260819092745|940.68
1787102870|20260819092750|940.75
1787102875|20260819092755|940.82
1787102885|20260819092805|940.93
1787102895|20260819092815|941.00
1787102900|20260819092820|940.89
1787102905|20260819092825|941.05
1787102920|20260819092840|941.17
1787102925|20260819092845|941.19
1787102930|20260819092850|941.21
1787102935|20260819092855|941.28
1787102945|20260819092905|941.30
1787102950|20260819092910|941.32
1787102955|20260819092915|941.29
1787102960|20260819092920|941.28
1787102965|20260819092925|941.25
1787103000|20260819093000|941.59
1787103005|20260819093005|941.62
1787103010|20260819093010|941.62
1787103015|20260819093015|941.83
1787103020|20260819093020|941.53
1787103025|20260819093025|941.48
1787103035|20260819093035|941.94
1787103040|20260819093040|941.94
1787103045|20260819093045|941.90
1787103050|20260819093050|941.83
1787103055|20260819093055|941.96
1787103065|20260819093105|942.02
1787103070|20260819093110|942.16
1787103075|20260819093115|942.07
1787103080|20260819093120|942.02
1787103085|20260819093125|942.21
1787103095|20260819093135|942.07
1787103100|20260819093140|942.05
1787103105|20260819093145|942.20
1787103115|20260819093155|942.26
1787103120|20260819093200|942.33
1787103125|20260819093205|942.35
1787103130|20260819093210|942.30
1787103135|20260819093215|942.24
1787103140|20260819093220|942.17
1787103145|20260819093225|942.18
1787103155|20260819093235|942.08
1787103160|20260819093240|942.02
1787103165|20260819093245|942.05
1787103170|20260819093250|942.10
1787103175|20260819093255|942.13
1787103185|20260819093305|942.00
1787103190|20260819093310|941.98
1787103195|20260819093315|942.05
1787103200|20260819093320|942.01
1787103205|20260819093325|942.18
1787103215|20260819093335|942.15
1787103220|20260819093340|942.22
1787103225|20260819093345|942.20
1787103230|20260819093350|942.48
1787103235|20260819093355|942.69
1787103245|20260819093405|942.82
1787103250|20260819093410|943.01
1787103255|20260819093415|943.06
1787103260|20260819093420|943.11
1787103265|20260819093425|943.18
1787103275|20260819093435|943.07
1787103300|20260819093500|943.21
1787103305|20260819093505|943.30
1787103310|20260819093510|943.26
1787103315|20260819093515|943.35
1787103320|20260819093520|943.40
1787103325|20260819093525|943.40
1787103335|20260819093535|943.39
1787103340|20260819093540|943.45
1787103345|20260819093545|943.28
1787103350|20260819093550|943.23
1787103355|20260819093555|943.37
1787103365|20260819093605|943.36
1787103375|20260819093615|943.22
1787103380|20260819093620|943.34
1787103385|20260819093625|943.30
1787103395|20260819093635|943.36
1787103400|20260819093640|943.26
1787103405|20260819093645|943.39
1787103410|20260819093650|943.33
1787103415|20260819093655|943.41
1787103425|20260819093705|943.34
1787103430|20260819093710|943.46
1787103435|20260819093715|943.50
1787103440|20260819093720|943.59
1787103445|20260819093725|943.59
1787103455|20260819093735|943.55
1787103460|20260819093740|943.55
1787103470|20260819093750|943.65
1787103475|20260819093755|943.72
1787103490|20260819093810|943.84
1787103495|20260819093815|943.87
1787103500|20260819093820|943.86
1787103505|20260819093825|943.90
1787103515|20260819093835|943.96
1787103520|20260819093840|944.09
1787103525|20260819093845|944.35
1787103530|20260819093850|944.41
1787103535|20260819093855|944.41
1787103545|20260819093905|944.23
1787103550|20260819093910|944.15
1787103560|20260819093920|944.16
1787103565|20260819093925|944.26
1787103600|20260819094000|944.17
1787103605|20260819094005|944.26
1787103610|20260819094010|944.32
1787103615|20260819094015|944.42
1787103620|20260819094020|944.41
1787103625|20260819094025|944.72
1787103635|20260819094035|944.56
1787103640|20260819094040|944.47
1787103645|20260819094045|944.53
1787103650|20260819094050|944.57
1787103655|20260819094055|944.28
1787103665|20260819094105|944.31
1787103670|20260819094110|944.45
1787103675|20260819094115|944.39
1787103680|20260819094120|944.38
1787103695|20260819094135|944.63
1787103700|20260819094140|944.60
1787103705|20260819094145|944.50
1787103710|20260819094150|944.36
1787103725|20260819094205|944.34
1787103730|20260819094210|944.42
1787103735|20260819094215|944.37
1787103740|20260819094220|944.37
1787103755|20260819094235|944.51
1787103760|20260819094240|944.57
1787103765|20260819094245|944.55
1787103770|20260819094250|944.45
1787103775|20260819094255|944.45
1787103785|20260819094305|944.56
1787103790|20260819094310|944.38
1787103795|20260819094315|944.20
1787103800|20260819094320|944.16
1787103805|20260819094325|944.14
1787103815|20260819094335|944.09
1787103820|20260819094340|944.17
1787103825|20260819094345|944.15
1787103830|20260819094350|944.22
1787103835|20260819094355|944.22
1787103845|20260819094405|943.95
1787103850|20260819094410|944.09
1787103855|20260819094415|944.12
1787103860|20260819094420|944.16
1787103900|20260819094500|944.28
1787103905|20260819094505|944.28
1787103915|20260819094515|944.18
1787103920|20260819094520|944.13
1787103935|20260819094535|944.01
1787103940|20260819094540|943.97
1787103945|20260819094545|943.98
1787103950|20260819094550|944.05
1787103955|20260819094555|944.17
1787103970|20260819094610|944.19
1787103975|20260819094615|944.06
1787103980|20260819094620|943.90
1787103985|20260819094625|943.98
1787103995|20260819094635|943.88
1787104005|20260819094645|943.81
1787104010|20260819094650|943.87
1787104015|20260819094655|943.80
1787104030|20260819094710|943.88
1787104040|20260819094720|943.94
1787104045|20260819094725|943.90
1787104055|20260819094735|944.30
1787104060|20260819094740|944.35
1787104065|20260819094745|944.38
1787104070|20260819094750|944.45
1787104085|20260819094805|944.07
1787104090|20260819094810|943.79
1787104095|20260819094815|943.70
1787104100|20260819094820|943.67
1787104105|20260819094825|943.60
1787104115|20260819094835|943.54
1787104120|20260819094840|943.55
1787104125|20260819094845|943.59
1787104135|20260819094855|943.61
1787104145|20260819094905|943.66
1787104150|20260819094910|943.66
1787104160|20260819094920|943.58
1787104165|20260819094925|943.61
1787104200|20260819095000|943.32
1787104205|20260819095005|943.32
1787104210|20260819095010|943.43
1787104215|20260819095015|943.55
1787104220|20260819095020|943.54
1787104225|20260819095025|943.71
1787104235|20260819095035|943.68
1787104240|20260819095040|943.54
1787104250|20260819095050|943.82
1787104285|20260819095125|943.87
1787104295|20260819095135|944.06
1787104300|20260819095140|944.05
1787104305|20260819095145|944.07
1787104310|20260819095150|943.88
1787104315|20260819095155|943.87
1787104325|20260819095205|943.95
1787104330|20260819095210|943.85
1787104335|20260819095215|943.82
1787104340|20260819095220|943.78
1787104345|20260819095225|943.76
1787104355|20260819095235|943.73
1787104365|20260819095245|943.72
1787104370|20260819095250|943.66
1787104375|20260819095255|943.62
1787104385|20260819095305|943.71
1787104390|20260819095310|943.78
1787104395|20260819095315|943.85
1787104400|20260819095320|943.86
1787104405|20260819095325|943.93
1787104415|20260819095335|943.90
1787104420|20260819095340|943.82
1787104425|20260819095345|943.76
1787104435|20260819095355|943.80
1787104445|20260819095405|943.78
1787104455|20260819095415|944.10
1787104460|20260819095420|944.19
1787104465|20260819095425|944.25
1787104495|20260819095455|944.07
1787104505|20260819095505|943.89
1787104510|20260819095510|943.93
1787104515|20260819095515|943.94
1787104520|20260819095520|943.81
1787104545|20260819095545|944.25
1787104550|20260819095550|944.43
1787104555|20260819095555|944.38
1787104570|20260819095610|944.16
1787104580|20260819095620|944.11
1787104585|20260819095625|944.16
1787104600|20260819095640|944.00
1787104605|20260819095645|943.98
1787104610|20260819095650|944.10
1787104625|20260819095705|944.03
1787104630|20260819095710|944.11
1787104645|20260819095725|943.97
1787104660|20260819095740|943.81
1787104665|20260819095745|943.82
1787104670|20260819095750|943.87
1787104675|20260819095755|943.91
1787104685|20260819095805|943.87
1787104690|20260819095810|943.92
1787104695|20260819095815|943.94
1787104700|20260819095820|944.02
1787104705|20260819095825|943.94
1787104715|20260819095835|944.02
1787104730|20260819095850|944.28
1787104735|20260819095855|944.27
1787104745|20260819095905|944.36
1787104750|20260819095910|944.24
1787104755|20260819095915|944.27
1787104780|20260819095940|944.42
1787104805|20260819100005|944.54
1787104810|20260819100010|944.54
1787104815|20260819100015|944.40
1787104820|20260819100020|944.42
1787104830|20260819100030|944.57
1787104835|20260819100035|944.57
1787104840|20260819100040|944.54
1787104845|20260819100045|944.60
1787104850|20260819100050|944.61
1787104855|20260819100055|944.58
1787104860|20260819100100|944.61
1787104865|20260819100105|944.62
1787104870|20260819100110|944.65
1787104875|20260819100115|944.64
1787104880|20260819100120|944.62
1787104885|20260819100125|944.61
1787104895|20260819100135|944.64
1787104900|20260819100140|944.61
1787104905|20260819100145|944.48
1787104910|20260819100150|944.52
1787104915|20260819100155|944.51
1787104920|20260819100200|944.37
1787104925|20260819100205|944.38
1787104930|20260819100210|944.43
1787104935|20260819100215|944.32
1787104940|20260819100220|944.24
1787104945|20260819100225|944.14
1787104955|20260819100235|944.09
1787104960|20260819100240|944.06
1787104970|20260819100250|944.02
1787104975|20260819100255|943.94
1787104985|20260819100305|943.76
1787104995|20260819100315|943.50
1787105000|20260819100320|943.61
1787105005|20260819100325|943.70
1787105015|20260819100335|943.94
1787105020|20260819100340|943.99
1787105025|20260819100345|943.88
1787105030|20260819100350|943.83
1787105035|20260819100355|943.84
1787105045|20260819100405|943.84
1787105050|20260819100410|943.79
1787105055|20260819100415|943.78
1787105060|20260819100420|943.89
1787105065|20260819100425|944.03
1787105105|20260819100505|944.06
1787105115|20260819100515|943.90
1787105120|20260819100520|944.01
1787105135|20260819100535|944.12
1787105150|20260819100550|944.51
1787105170|20260819100610|944.43
1787105175|20260819100615|944.32
1787105180|20260819100620|944.11
1787105185|20260819100625|944.17
1787105195|20260819100635|944.19
1787105200|20260819100640|944.04
1787105205|20260819100645|943.97
1787105210|20260819100650|943.85
1787105215|20260819100655|943.84
1787105220|20260819100700|943.73
1787105225|20260819100705|943.86
1787105230|20260819100710|943.90
1787105235|20260819100715|943.91
1787105240|20260819100720|943.95
1787105245|20260819100725|943.92
1787105255|20260819100735|943.74
1787105270|20260819100750|943.89
1787105275|20260819100755|943.98
1787105285|20260819100805|944.08
1787105290|20260819100810|944.06
1787105295|20260819100815|944.08
1787105300|20260819100820|944.03
1787105305|20260819100825|944.04
1787105315|20260819100835|944.14
1787105320|20260819100840|944.23
1787105325|20260819100845|944.28
1787105330|20260819100850|944.23
1787105335|20260819100855|944.16
1787105345|20260819100905|944.22
1787105355|20260819100915|944.13
1787105360|20260819100920|944.22
1787105395|20260819100955|944.26
1787105400|20260819101000|944.38
1787105405|20260819101005|944.35
1787105410|20260819101010|944.36
1787105415|20260819101015|944.29
1787105420|20260819101020|944.36
1787105425|20260819101025|944.25
1787105435|20260819101035|944.33
1787105440|20260819101040|944.32
1787105445|20260819101045|944.33
1787105450|20260819101050|944.31
1787105455|20260819101055|944.31
1787105460|20260819101100|944.23
1787105470|20260819101110|944.18
1787105475|20260819101115|944.14
1787105480|20260819101120|944.24
1787105485|20260819101125|944.29
1787105495|20260819101135|944.28
1787105500|20260819101140|944.27
1787105505|20260819101145|944.24
1787105510|20260819101150|944.24
1787105515|20260819101155|944.05
1787105520|20260819101200|944.14
1787105530|20260819101210|944.24
1787105540|20260819101220|944.09
1787105545|20260819101225|944.20
1787105550|20260819101230|944.12
1787105560|20260819101240|944.15
1787105565|20260819101245|944.07
1787105570|20260819101250|943.93
1787105575|20260819101255|943.87
1787105585|20260819101305|943.86
1787105590|20260819101310|943.86
1787105595|20260819101315|943.97
1787105600|20260819101320|943.92
1787105605|20260819101325|943.98
1787105610|20260819101330|943.99
1787105615|20260819101335|944.02
1787105620|20260819101340|944.00
1787105635|20260819101355|943.96
1787105640|20260819101400|943.85
1787105645|20260819101405|943.87
1787105650|20260819101410|943.85
1787105655|20260819101415|943.73
1787105660|20260819101420|943.75
1787105665|20260819101425|943.79
1787105670|20260819101430|943.79
1787105680|20260819101440|943.92
1787105690|20260819101450|943.92
1787105695|20260819101455|943.90
1787105700|20260819101500|943.93
1787105705|20260819101505|943.88
1787105710|20260819101510|943.84
1787105715|20260819101515|943.89
1787105720|20260819101520|943.87
1787105725|20260819101525|943.89
1787105735|20260819101535|943.86
1787105740|20260819101540|943.75
1787105745|20260819101545|943.68
1787105750|20260819101550|943.76
1787105755|20260819101555|943.66
1787105760|20260819101600|943.78
1787105765|20260819101605|943.76
1787105770|20260819101610|944.39
1787105775|20260819101615|944.86
1787105780|20260819101620|944.99
1787105785|20260819101625|945.04
1787105800|20260819101640|944.66
1787105805|20260819101645|944.67
1787105810|20260819101650|944.53
1787105825|20260819101705|944.62
1787105830|20260819101710|944.65
1787105835|20260819101715|944.57
1787105840|20260819101720|944.61
1787105845|20260819101725|944.58
1787105850|20260819101730|944.71
1787105855|20260819101735|944.65
1787105870|20260819101750|944.70
1787105875|20260819101755|944.79
1787105885|20260819101805|944.54
1787105890|20260819101810|944.55
1787105895|20260819101815|944.33
1787105900|20260819101820|944.32
1787105910|20260819101830|944.41
1787105915|20260819101835|944.76
1787105920|20260819101840|944.74
1787105925|20260819101845|945.17
1787105930|20260819101850|945.00
1787105935|20260819101855|944.99
1787105945|20260819101905|944.94
1787105950|20260819101910|944.93
1787105955|20260819101915|944.94
1787105960|20260819101920|944.89
1787105970|20260819101930|944.90
1787105980|20260819101940|944.92
1787106000|20260819102000|944.95
1787106005|20260819102005|944.90
1787106010|20260819102010|944.93
1787106020|20260819102020|944.94
1787106025|20260819102025|944.77
1787106035|20260819102035|944.89
1787106040|20260819102040|944.81
1787106055|20260819102055|945.13
1787106065|20260819102105|945.20
1787106075|20260819102115|945.20
1787106080|20260819102120|945.22
1787106085|20260819102125|945.33
1787106100|20260819102140|945.33
1787106110|20260819102150|945.43
1787106115|20260819102155|945.48
1787106125|20260819102205|945.35
1787106130|20260819102210|945.33
1787106135|20260819102215|945.37
1787106145|20260819102225|945.26
1787106155|20260819102235|945.25
1787106160|20260819102240|945.17
1787106165|20260819102245|945.26
1787106170|20260819102250|945.24
1787106190|20260819102310|945.40
1787106195|20260819102315|945.45
1787106200|20260819102320|945.45
1787106215|20260819102335|945.48
1787106220|20260819102340|945.46
1787106225|20260819102345|945.47
1787106230|20260819102350|945.46
1787106235|20260819102355|945.52
1787106245|20260819102405|945.51
1787106250|20260819102410|945.43
1787106255|20260819102415|945.39
1787106260|20260819102420|945.39
1787106295|20260819102455|945.13
1787106300|20260819102500|945.09
1787106305|20260819102505|945.13
1787106310|20260819102510|945.24
1787106315|20260819102515|945.26
1787106320|20260819102520|945.28
1787106325|20260819102525|945.27
1787106340|20260819102540|945.21
1787106345|20260819102545|945.29
1787106350|20260819102550|945.24
1787106365|20260819102605|945.21
1787106370|20260819102610|945.41
1787106385|20260819102625|945.35
1787106395|20260819102635|945.37
1787106400|20260819102640|945.30
1787106405|20260819102645|945.29
1787106425|20260819102705|945.32
1787106430|20260819102710|945.19
1787106435|20260819102715|945.14
1787106440|20260819102720|945.24
1787106445|20260819102725|945.17
1787106455|20260819102735|945.23
1787106460|20260819102740|945.23
1787106465|20260819102745|945.22
1787106470|20260819102750|945.22
1787106490|20260819102810|945.24
1787106495|20260819102815|945.28
1787106500|20260819102820|945.23
1787106505|20260819102825|945.25
1787106515|20260819102835|945.23
1787106525|20260819102845|945.32
1787106530|20260819102850|945.35
1787106535|20260819102855|945.32
1787106545|20260819102905|945.19
1787106550|20260819102910|945.26
1787106555|20260819102915|945.24
1787106560|20260819102920|945.31
1787106565|20260819102925|945.33
1787106605|20260819103005|944.84
1787106610|20260819103010|944.85
1787106615|20260819103015|944.88
1787106620|20260819103020|945.07
1787106640|20260819103040|944.63
1787106645|20260819103045|944.68
1787106650|20260819103050|944.79
1787106655|20260819103055|944.67
1787106665|20260819103105|944.64
1787106670|20260819103110|944.64
1787106675|20260819103115|944.62
1787106680|20260819103120|944.75
1787106695|20260819103135|944.62
1787106700|20260819103140|944.59
1787106705|20260819103145|944.60
1787106710|20260819103150|944.51
1787106715|20260819103155|944.60
1787106725|20260819103205|944.48
1787106730|20260819103210|944.44
1787106740|20260819103220|944.55
1787106745|20260819103225|944.53
1787106755|20260819103235|944.51
1787106760|20260819103240|944.47
1787106765|20260819103245|944.55
1787106770|20260819103250|944.58
1787106775|20260819103255|944.61
1787106785|20260819103305|944.39
1787106790|20260819103310|944.38
1787106795|20260819103315|944.48
1787106815|20260819103335|944.58
1787106820|20260819103340|944.57
1787106845|20260819103405|944.69
1787106850|20260819103410|944.49
1787106855|20260819103415|944.40
1787106860|20260819103420|944.36
1787106890|20260819103450|944.35
1787106905|20260819103505|944.42
1787106910|20260819103510|944.47
1787106915|20260819103515|944.50
1787106935|20260819103535|944.46
1787106940|20260819103540|944.48
1787106945|20260819103545|944.48
1787106950|20260819103550|944.52
1787106955|20260819103555|944.47
1787106960|20260819103600|944.52
1787106965|20260819103605|944.59
1787106970|20260819103610|944.58
1787106980|20260819103620|944.48
1787106985|20260819103625|944.51
1787107005|20260819103645|944.56
1787107010|20260819103650|944.49
1787107015|20260819103655|944.45
1787107025|20260819103705|944.30
1787107030|20260819103710|944.61
1787107035|20260819103715|944.68
1787107040|20260819103720|944.61
1787107045|20260819103725|944.73
1787107055|20260819103735|944.72
1787107060|20260819103740|944.50
1787107065|20260819103745|944.56
1787107070|20260819103750|944.41
1787107075|20260819103755|944.26
1787107085|20260819103805|944.19
1787107090|20260819103810|944.17
1787107095|20260819103815|944.15
1787107100|20260819103820|944.06
1787107105|20260819103825|944.07
1787107115|20260819103835|944.02
1787107120|20260819103840|943.97
1787107125|20260819103845|944.06
1787107130|20260819103850|944.04
1787107135|20260819103855|944.11
1787107145|20260819103905|944.19
1787107160|20260819103920|944.10
1787107200|20260819104000|944.15
1787107205|20260819104005|944.17
1787107210|20260819104010|944.14
1787107215|20260819104015|944.13
1787107220|20260819104020|944.10
1787107225|20260819104025|944.06
1787107235|20260819104035|944.08
1787107240|20260819104040|944.06
1787107245|20260819104045|944.23
1787107250|20260819104050|944.33
1787107255|20260819104055|944.29
1787107265|20260819104105|944.36
1787107270|20260819104110|944.52
1787107275|20260819104115|944.39
1787107295|20260819104135|944.27
1787107300|20260819104140|944.34
1787107305|20260819104145|944.37
1787107310|20260819104150|944.38
1787107315|20260819104155|944.47
1787107325|20260819104205|944.56
1787107330|20260819104210|944.61
1787107335|20260819104215|944.60
1787107340|20260819104220|944.61
1787107345|20260819104225|944.65
1787107360|20260819104240|944.70
1787107365|20260819104245|944.70
1787107375|20260819104255|944.58
1787107390|20260819104310|944.61
1787107395|20260819104315|944.62
1787107400|20260819104320|944.64
1787107405|20260819104325|944.61
1787107420|20260819104340|944.47
1787107425|20260819104345|944.53
1787107430|20260819104350|944.52
1787107435|20260819104355|944.43
1787107440|20260819104400|944.19
1787107445|20260819104405|944.30
1787107450|20260819104410|944.25
1787107455|20260819104415|944.24
1787107460|20260819104420|944.25
1787107465|20260819104425|944.16
1787107500|20260819104500|944.11
1787107505|20260819104505|944.13
1787107510|20260819104510|944.15
1787107515|20260819104515|944.19
1787107520|20260819104520|944.22
1787107525|20260819104525|944.27
1787107535|20260819104535|944.17
1787107540|20260819104540|944.50
1787107550|20260819104550|944.42
1787107555|20260819104555|944.32
1787107565|20260819104605|944.30
1787107570|20260819104610|944.37
1787107575|20260819104615|944.39
1787107585|20260819104625|944.39
1787107595|20260819104635|944.33
1787107605|20260819104645|944.29
1787107610|20260819104650|944.27
1787107625|20260819104705|944.31
1787107630|20260819104710|944.29
1787107635|20260819104715|944.33
1787107640|20260819104720|944.29
1787107645|20260819104725|944.28
1787107655|20260819104735|944.08
1787107660|20260819104740|944.05
1787107665|20260819104745|943.95
1787107670|20260819104750|943.81
1787107685|20260819104805|944.06
1787107690|20260819104810|944.03
1787107695|20260819104815|944.02
1787107700|20260819104820|943.92
1787107705|20260819104825|943.94
1787107715|20260819104835|943.96
1787107720|20260819104840|943.96
1787107725|20260819104845|944.05
1787107730|20260819104850|944.13
1787107745|20260819104905|944.03
1787107750|20260819104910|944.04
1787107755|20260819104915|944.07
1787107760|20260819104920|944.07
1787107765|20260819104925|944.10
1787107790|20260819104950|944.11
1787107800|20260819105000|944.08
1787107805|20260819105005|944.06
1787107810|20260819105010|944.09
1787107815|20260819105015|944.18
1787107820|20260819105020|944.11
1787107825|20260819105025|944.08
1787107835|20260819105035|943.98
1787107840|20260819105040|943.96
1787107845|20260819105045|943.99
1787107850|20260819105050|944.01
1787107855|20260819105055|944.13
1787107865|20260819105105|944.24
1787107870|20260819105110|944.23
1787107875|20260819105115|944.23
1787107880|20260819105120|944.23
1787107885|20260819105125|944.17
1787107895|20260819105135|944.07
1787107900|20260819105140|944.09
1787107905|20260819105145|944.15
1787107915|20260819105155|944.10
1787107925|20260819105205|943.99
1787107930|20260819105210|943.99
1787107935|20260819105215|943.81
1787107940|20260819105220|943.77
1787107945|20260819105225|943.86
1787107955|20260819105235|943.85
1787107960|20260819105240|944.02
1787107965|20260819105245|943.98
1787107970|20260819105250|944.04
1787107975|20260819105255|943.99
1787107985|20260819105305|943.88
1787107990|20260819105310|943.78
1787107995|20260819105315|943.82
1787108000|20260819105320|943.78
1787108005|20260819105325|943.74
1787108015|20260819105335|943.61
1787108020|20260819105340|943.56
1787108025|20260819105345|943.58
1787108030|20260819105350|943.68
1787108035|20260819105355|943.69
1787108040|20260819105400|943.76
1787108045|20260819105405|943.76
1787108055|20260819105415|943.82
1787108060|20260819105420|943.72
1787108065|20260819105425|943.82
1787108100|20260819105500|943.70
1787108105|20260819105505|943.66
1787108110|20260819105510|943.69
1787108115|20260819105515|943.68
1787108120|20260819105520|943.68
1787108125|20260819105525|943.70
1787108135|20260819105535|943.81
1787108140|20260819105540|943.79
1787108145|20260819105545|943.79
1787108150|20260819105550|943.74
1787108155|20260819105555|943.73
1787108165|20260819105605|943.65
1787108170|20260819105610|943.67
1787108175|20260819105615|943.69
1787108180|20260819105620|943.70
1787108185|20260819105625|943.62
1787108200|20260819105640|943.20
1787108205|20260819105645|943.21
1787108210|20260819105650|943.28
1787108215|20260819105655|943.24
1787108225|20260819105705|943.31
1787108230|20260819105710|943.27
1787108235|20260819105715|943.57
1787108240|20260819105720|943.58
1787108255|20260819105735|943.68
1787108260|20260819105740|943.56
1787108265|20260819105745|943.57
1787108270|20260819105750|943.65
1787108275|20260819105755|943.64
1787108300|20260819105820|943.78
1787108305|20260819105825|943.75
1787108315|20260819105835|943.79
1787108320|20260819105840|943.78
1787108325|20260819105845|943.84
1787108330|20260819105850|943.81
1787108335|20260819105855|943.84
1787108345|20260819105905|943.76
1787108350|20260819105910|943.75
1787108355|20260819105915|943.79
1787108365|20260819105925|943.72
1787108405|20260819110005|943.81
1787108410|20260819110010|943.93
1787108415|20260819110015|943.82
1787108420|20260819110020|943.74
1787108425|20260819110025|943.85
1787108435|20260819110035|943.70
1787108440|20260819110040|943.69
1787108445|20260819110045|943.80
1787108450|20260819110050|943.92
1787108455|20260819110055|943.90
1787108460|20260819110100|943.83
1787108465|20260819110105|943.90
1787108470|20260819110110|943.93
1787108475|20260819110115|943.87
1787108480|20260819110120|943.79
1787108485|20260819110125|943.70
1787108495|20260819110135|943.60
1787108500|20260819110140|943.46
1787108505|20260819110145|943.54
1787108510|20260819110150|943.49
1787108515|20260819110155|943.46
1787108520|20260819110200|943.49
1787108525|20260819110205|943.47
1787108530|20260819110210|943.48
1787108535|20260819110215|943.30
1787108540|20260819110220|943.32
1787108545|20260819110225|943.39
1787108555|20260819110235|943.51
1787108560|20260819110240|943.52
1787108565|20260819110245|943.56
1787108585|20260819110305|943.64
1787108590|20260819110310|943.73
1787108595|20260819110315|943.70
1787108600|20260819110320|943.78
1787108605|20260819110325|943.76
1787108615|20260819110335|943.76
1787108620|20260819110340|943.81
1787108625|20260819110345|943.76
1787108630|20260819110350|943.59
1787108635|20260819110355|943.69
1787108645|20260819110405|943.70
1787108655|20260819110415|943.72
1787108660|20260819110420|943.82
1787108665|20260819110425|943.88
1787108700|20260819110500|943.93
1787108705|20260819110505|943.87
1787108715|20260819110515|943.81
1787108720|20260819110520|943.76
1787108725|20260819110525|943.71
1787108735|20260819110535|943.58
1787108740|20260819110540|943.58
1787108750|20260819110550|943.50
1787108765|20260819110605|943.40
1787108775|20260819110615|943.30
1787108785|20260819110625|943.53
1787108795|20260819110635|943.51
1787108800|20260819110640|943.45
1787108805|20260819110645|943.46
1787108810|20260819110650|943.26
1787108815|20260819110655|943.29
1787108820|20260819110700|943.21
1787108825|20260819110705|943.24
1787108830|20260819110710|943.29
1787108835|20260819110715|943.25
1787108840|20260819110720|943.25
1787108845|20260819110725|943.16
1787108855|20260819110735|943.24
1787108860|20260819110740|943.21
1787108865|20260819110745|943.27
1787108870|20260819110750|943.30
1787108875|20260819110755|943.29
1787108885|20260819110805|943.24
1787108890|20260819110810|943.25
1787108895|20260819110815|943.19
1787108900|20260819110820|943.10
1787108905|20260819110825|943.25
1787108915|20260819110835|943.26
1787108920|20260819110840|943.23
1787108925|20260819110845|943.23
1787108930|20260819110850|943.29
1787108935|20260819110855|943.34
1787108940|20260819110900|943.50
1787108945|20260819110905|943.47
1787108955|20260819110915|943.29
1787108960|20260819110920|943.25
1787108965|20260819110925|943.42
1787109000|20260819111000|943.52
1787109005|20260819111005|943.59
1787109010|20260819111010|943.60
1787109015|20260819111015|943.66
1787109020|20260819111020|943.58
1787109025|20260819111025|943.54
1787109035|20260819111035|943.56
1787109040|20260819111040|943.59
1787109045|20260819111045|943.62
1787109050|20260819111050|943.61
1787109055|20260819111055|943.60
1787109060|20260819111100|943.61
1787109065|20260819111105|943.64
1787109075|20260819111115|943.66
1787109080|20260819111120|943.55
1787109085|20260819111125|943.48
1787109095|20260819111135|943.61
1787109100|20260819111140|943.67
1787109105|20260819111145|943.68
1787109110|20260819111150|943.65
1787109115|20260819111155|943.66
1787109125|20260819111205|943.70
1787109130|20260819111210|943.65
1787109135|20260819111215|943.69
1787109140|20260819111220|943.63
1787109145|20260819111225|943.63
1787109155|20260819111235|943.64
1787109160|20260819111240|943.65
1787109165|20260819111245|943.61
1787109170|20260819111250|943.77
1787109175|20260819111255|943.80
1787109185|20260819111305|943.80
1787109190|20260819111310|943.76
1787109195|20260819111315|943.65
1787109200|20260819111320|943.74
1787109205|20260819111325|943.74
1787109215|20260819111335|943.72
1787109220|20260819111340|943.73
1787109225|20260819111345|943.73
1787109235|20260819111355|943.57
1787109300|20260819111500|943.68
