1790265600|20260925000000|918.95
1790265675|20260925000115|918.69
1790265680|20260925000120|918.58
1790265695|20260925000135|918.76
1790265700|20260925000140|918.80
1790265705|20260925000145|918.90
1790265710|20260925000150|918.98
1790265725|20260925000205|918.89
1790265730|20260925000210|919.06
1790265745|20260925000225|918.83
1790265760|20260925000240|918.97
1790265765|20260925000245|919.03
1790265770|20260925000250|919.01
1790265785|20260925000305|918.85
1790265790|20260925000310|918.93
1790265800|20260925000320|918.95
1790265805|20260925000325|918.80
1790265815|20260925000335|918.80
1790265825|20260925000345|919.01
1790265830|20260925000350|919.16
1790265835|20260925000355|919.03
1790265845|20260925000405|919.19
1790265865|20260925000425|919.09
1790265900|20260925000500|919.19
1790265905|20260925000505|919.35
1790265925|20260925000525|919.33
1790265935|20260925000535|919.54
1790265940|20260925000540|919.13
1790265950|20260925000550|919.20
1790265955|20260925000555|919.17
1790265965|20260925000605|919.19
1790265975|20260925000615|919.14
1790265980|20260925000620|919.16
1790265985|20260925000625|919.09
1790266000|20260925000640|918.62
1790266005|20260925000645|918.66
1790266010|20260925000650|918.63
1790266015|20260925000655|918.50
1790266025|20260925000705|918.48
1790266030|20260925000710|918.37
1790266040|20260925000720|918.40
1790266045|20260925000725|918.53
1790266055|20260925000735|918.30
1790266065|20260925000745|918.24
1790266070|20260925000750|918.28
1790266075|20260925000755|918.29
1790266085|20260925000805|918.37
1790266090|20260925000810|918.38
1790266095|20260925000815|918.34
1790266100|20260925000820|918.31
1790266115|20260925000835|918.28
1790266125|20260925000845|918.29
1790266135|20260925000855|918.23
1790266150|20260925000910|918.61
1790266155|20260925000915|918.15
1790266160|20260925000920|918.19
1790266165|20260925000925|918.18
1790266195|20260925000955|918.12
1790266200|20260925001000|918.12
1790266205|20260925001005|918.36
1790266210|20260925001010|918.47
1790266215|20260925001015|918.41
1790266220|20260925001020|918.44
1790266225|20260925001025|918.43
1790266235|20260925001035|918.35
1790266240|20260925001040|918.58
1790266245|20260925001045|918.42
1790266250|20260925001050|918.44
1790266270|20260925001110|918.42
1790266275|20260925001115|918.25
1790266280|20260925001120|918.38
1790266285|20260925001125|918.35
1790266300|20260925001140|918.23
1790266305|20260925001145|918.17
1790266310|20260925001150|918.20
1790266315|20260925001155|918.35
1790266330|20260925001210|918.37
1790266360|20260925001240|918.48
1790266365|20260925001245|918.47
1790266375|20260925001255|918.67
1790266385|20260925001305|918.28
1790266390|20260925001310|918.32
1790266400|20260925001320|918.31
1790266405|20260925001325|918.28
1790266420|20260925001340|918.35
1790266425|20260925001345|918.18
1790266430|20260925001350|918.32
1790266435|20260925001355|918.40
1790266445|20260925001405|918.40
1790266450|20260925001410|918.43
1790266460|20260925001420|918.41
1790266510|20260925001510|920.04
1790266535|20260925001535|919.94
1790266545|20260925001545|920.59
1790266555|20260925001555|921.48
1790266575|20260925001615|921.79
1790266580|20260925001620|922.40
1790266595|20260925001635|923.52
1790266600|20260925001640|923.53
1790266610|20260925001650|924.76
1790266615|20260925001655|925.02
1790266620|20260925001700|925.15
1790266625|20260925001705|924.88
1790266635|20260925001715|924.19
1790266640|20260925001720|924.67
1790266645|20260925001725|924.34
1790266660|20260925001740|925.33
1790266665|20260925001745|925.10
1790266675|20260925001755|924.16
1790266690|20260925001810|925.52
1790266705|20260925001825|924.62
1790266715|20260925001835|924.36
1790266720|20260925001840|924.32
1790266725|20260925001845|924.03
1790266735|20260925001855|923.46
1790266745|20260925001905|923.37
1790266750|20260925001910|923.72
1790266755|20260925001915|923.81
1790266760|20260925001920|923.26
1790266765|20260925001925|923.27
1790266795|20260925001955|922.35
1790266800|20260925002000|922.40
1790266805|20260925002005|923.13
1790266810|20260925002010|923.40
1790266825|20260925002025|924.28
1790266840|20260925002040|923.47
1790266850|20260925002050|922.83
1790266865|20260925002105|923.02
1790266870|20260925002110|923.14
1790266875|20260925002115|923.08
1790266910|20260925002150|923.55
1790266925|20260925002205|922.92
1790266940|20260925002220|923.47
1790266955|20260925002235|922.64
1790266960|20260925002240|922.90
1790266970|20260925002250|922.66
1790266975|20260925002255|922.61
1790266985|20260925002305|922.74
1790266990|20260925002310|922.67
1790266995|20260925002315|923.02
1790267000|20260925002320|923.06
1790267005|20260925002325|923.05
1790267015|20260925002335|922.72
1790267020|20260925002340|922.99
1790267025|20260925002345|922.45
1790267030|20260925002350|922.73
1790267035|20260925002355|922.66
1790267045|20260925002405|922.09
1790267050|20260925002410|922.15
1790267060|20260925002420|922.17
1790267105|20260925002505|923.09
1790267115|20260925002515|923.07
1790267120|20260925002520|922.62
1790267175|20260925002615|922.31
1790267180|20260925002620|922.40
1790267185|20260925002625|922.58
1790267195|20260925002635|922.92
1790267205|20260925002645|923.08
1790267215|20260925002655|922.76
1790267225|20260925002705|922.51
1790267230|20260925002710|922.58
1790267240|20260925002720|922.33
1790267255|20260925002735|923.05
1790267265|20260925002745|922.99
1790267270|20260925002750|923.15
1790267275|20260925002755|923.07
1790267285|20260925002805|922.76
1790267290|20260925002810|922.88
1790267295|20260925002815|923.02
1790267300|20260925002820|923.02
1790267315|20260925002835|922.70
1790267325|20260925002845|922.84
1790267330|20260925002850|922.74
1790267335|20260925002855|922.94
1790267345|20260925002905|922.75
1790267355|20260925002915|922.50
1790267360|20260925002920|922.68
1790267365|20260925002925|922.77
1790267390|20260925002950|923.18
1790267400|20260925003000|922.85
1790267415|20260925003015|923.08
1790267420|20260925003020|922.97
1790267435|20260925003035|923.40
1790267445|20260925003045|923.12
1790267450|20260925003050|923.10
1790267455|20260925003055|923.14
1790267470|20260925003110|923.09
1790267485|20260925003125|923.36
1790267495|20260925003135|922.97
1790267505|20260925003145|922.86
1790267515|20260925003155|922.49
1790267535|20260925003215|922.28
1790267540|20260925003220|922.33
1790267545|20260925003225|922.13
1790267555|20260925003235|922.16
1790267560|20260925003240|922.19
1790267565|20260925003245|922.24
1790267570|20260925003250|922.36
1790267575|20260925003255|922.10
1790267585|20260925003305|922.14
1790267590|20260925003310|922.04
1790267595|20260925003315|922.64
1790267600|20260925003320|922.66
1790267605|20260925003325|923.15
1790267620|20260925003340|923.06
1790267625|20260925003345|922.90
1790267630|20260925003350|923.16
1790267635|20260925003355|922.52
1790267645|20260925003405|922.77
1790267650|20260925003410|922.62
1790267655|20260925003415|922.59
1790267660|20260925003420|922.64
1790267665|20260925003425|922.68
1790267690|20260925003450|922.38
1790267695|20260925003455|922.62
1790267700|20260925003500|922.52
1790267705|20260925003505|922.66
1790267715|20260925003515|922.45
1790267720|20260925003520|922.26
1790267750|20260925003550|922.97
1790267755|20260925003555|922.88
1790267765|20260925003605|923.02
1790267770|20260925003610|923.17
1790267775|20260925003615|923.15
1790267795|20260925003635|923.42
1790267805|20260925003645|923.27
1790267815|20260925003655|923.18
1790267835|20260925003715|923.63
1790267840|20260925003720|923.31
1790267855|20260925003735|923.34
1790267860|20260925003740|923.59
1790267865|20260925003745|923.65
1790267870|20260925003750|923.42
1790267890|20260925003810|923.08
1790267895|20260925003815|923.19
1790267900|20260925003820|923.31
1790267915|20260925003835|923.22
1790267920|20260925003840|923.37
1790267925|20260925003845|923.04
1790267930|20260925003850|923.04
1790267935|20260925003855|922.87
1790267945|20260925003905|922.97
1790267950|20260925003910|922.90
1790267955|20260925003915|922.92
1790267960|20260925003920|923.11
1790267965|20260925003925|922.89
1790268005|20260925004005|923.21
1790268020|20260925004020|923.25
1790268025|20260925004025|923.15
1790268035|20260925004035|923.26
1790268045|20260925004045|923.50
1790268050|20260925004050|923.51
1790268055|20260925004055|923.67
1790268065|20260925004105|923.69
1790268075|20260925004115|923.67
1790268085|20260925004125|923.73
1790268095|20260925004135|923.66
1790268100|20260925004140|923.74
1790268110|20260925004150|923.65
1790268115|20260925004155|923.73
1790268130|20260925004210|924.34
1790268140|20260925004220|924.46
1790268155|20260925004235|924.80
1790268160|20260925004240|924.64
1790268165|20260925004245|924.91
1790268170|20260925004250|924.97
1790268175|20260925004255|924.81
1790268185|20260925004305|924.65
1790268200|20260925004320|924.27
1790268205|20260925004325|924.22
1790268220|20260925004340|924.00
1790268230|20260925004350|924.14
1790268235|20260925004355|923.90
1790268245|20260925004405|923.89
1790268305|20260925004505|922.43
1790268315|20260925004515|922.27
1790268320|20260925004520|922.29
1790268325|20260925004525|922.57
1790268340|20260925004540|922.75
1790268345|20260925004545|923.01
1790268370|20260925004610|922.58
1790268375|20260925004615|922.76
1790268380|20260925004620|922.56
1790268385|20260925004625|922.85
1790268395|20260925004635|922.94
1790268405|20260925004645|922.90
1790268430|20260925004710|922.96
1790268445|20260925004725|923.03
1790268470|20260925004750|922.77
1790268475|20260925004755|922.95
1790268485|20260925004805|923.08
1790268495|20260925004815|923.04
1790268500|20260925004820|923.02
1790268505|20260925004825|923.06
1790268515|20260925004835|922.99
1790268520|20260925004840|923.01
1790268525|20260925004845|923.02
1790268530|20260925004850|922.93
1790268550|20260925004910|922.98
1790268555|20260925004915|923.11
1790268560|20260925004920|922.88
1790268565|20260925004925|922.83
1790268600|20260925005000|922.96
1790268605|20260925005005|922.93
1790268610|20260925005010|923.01
1790268620|20260925005020|923.02
1790268650|20260925005050|922.67
1790268665|20260925005105|922.60
1790268675|20260925005115|922.85
1790268680|20260925005120|923.17
1790268695|20260925005135|923.39
1790268700|20260925005140|923.35
1790268705|20260925005145|923.38
1790268710|20260925005150|923.43
1790268715|20260925005155|923.52
1790268725|20260925005205|923.25
1790268730|20260925005210|923.16
1790268735|20260925005215|923.22
1790268740|20260925005220|923.15
1790268745|20260925005225|923.04
1790268755|20260925005235|923.00
1790268760|20260925005240|922.99
1790268765|20260925005245|922.91
1790268785|20260925005305|922.60
1790268790|20260925005310|922.49
1790268795|20260925005315|922.42
1790268800|20260925005320|922.35
1790268815|20260925005335|922.08
1790268820|20260925005340|921.98
1790268830|20260925005350|922.00
1790268835|20260925005355|921.95
1790268850|20260925005410|922.17
1790268855|20260925005415|922.28
1790268880|20260925005440|922.37
1790268910|20260925005510|922.32
1790268920|20260925005520|922.36
1790268935|20260925005535|922.47
1790268945|20260925005545|922.58
1790268950|20260925005550|922.79
1790268955|20260925005555|922.62
1790268965|20260925005605|922.47
1790268975|20260925005615|922.49
1790268980|20260925005620|922.64
1790269000|20260925005640|922.71
1790269005|20260925005645|922.63
1790269010|20260925005650|922.68
1790269015|20260925005655|922.70
1790269030|20260925005710|922.65
1790269035|20260925005715|922.86
1790269055|20260925005735|922.77
1790269060|20260925005740|922.87
1790269065|20260925005745|922.86
1790269070|20260925005750|922.89
1790269085|20260925005805|922.59
1790269090|20260925005810|922.77
1790269100|20260925005820|922.65
1790269115|20260925005835|922.88
1790269125|20260925005845|922.64
1790269130|20260925005850|922.73
1790269145|20260925005905|922.57
1790269150|20260925005910|922.65
1790269155|20260925005915|922.46
1790269160|20260925005920|922.54
1790269165|20260925005925|922.54
1790269200|20260925010000|922.33
1790269235|20260925010035|921.91
1790269240|20260925010040|921.84
1790269245|20260925010045|921.96
1790269250|20260925010050|921.95
1790269265|20260925010105|921.99
1790269270|20260925010110|922.20
1790269275|20260925010115|922.17
1790269280|20260925010120|922.17
1790269295|20260925010135|922.15
1790269305|20260925010145|922.39
1790269310|20260925010150|922.26
1790269340|20260925010220|921.78
1790269360|20260925010240|922.29
1790269365|20260925010245|922.19
1790269370|20260925010250|922.21
1790269385|20260925010305|922.61
1790269395|20260925010315|923.10
1790269405|20260925010325|923.19
1790269415|20260925010335|923.22
1790269420|20260925010340|923.45
1790269425|20260925010345|923.48
1790269435|20260925010355|922.96
1790269460|20260925010420|922.18
1790269465|20260925010425|922.25
1790269505|20260925010505|922.19
1790269515|20260925010515|922.21
1790269520|20260925010520|922.30
1790269525|20260925010525|922.51
1790269540|20260925010540|922.46
1790269545|20260925010545|922.13
1790269550|20260925010550|922.41
1790269555|20260925010555|922.24
1790269565|20260925010605|922.02
1790269575|20260925010615|921.95
1790269580|20260925010620|921.83
1790269585|20260925010625|921.93
1790269595|20260925010635|922.08
1790269600|20260925010640|922.11
1790269605|20260925010645|922.34
1790269610|20260925010650|922.28
1790269615|20260925010655|922.18
1790269635|20260925010715|922.19
1790269640|20260925010720|922.16
1790269645|20260925010725|922.30
1790269655|20260925010735|922.05
1790269660|20260925010740|922.01
1790269665|20260925010745|922.20
1790269670|20260925010750|922.24
1790269685|20260925010805|921.95
1790269695|20260925010815|921.93
1790269705|20260925010825|922.17
1790269720|20260925010840|921.99
1790269725|20260925010845|921.92
1790269735|20260925010855|922.00
1790269745|20260925010905|922.00
1790269750|20260925010910|922.17
1790269755|20260925010915|922.01
1790269760|20260925010920|921.81
1790269765|20260925010925|921.94
1790269800|20260925011000|921.86
1790269805|20260925011005|921.30
1790269815|20260925011015|921.51
1790269840|20260925011040|921.35
1790269845|20260925011045|921.14
1790269850|20260925011050|921.29
1790269855|20260925011055|921.47
1790269875|20260925011115|921.21
1790269885|20260925011125|921.20
1790269895|20260925011135|921.20
1790269900|20260925011140|921.24
1790269905|20260925011145|921.44
1790269910|20260925011150|921.42
1790269925|20260925011205|921.49
1790269935|20260925011215|921.42
1790269940|20260925011220|921.50
1790269960|20260925011240|921.35
1790269965|20260925011245|921.61
1790269970|20260925011250|921.54
1790269990|20260925011310|921.44
1790269995|20260925011315|921.66
1790270000|20260925011320|921.66
1790270005|20260925011325|921.67
1790270020|20260925011340|921.68
1790270025|20260925011345|921.65
1790270030|20260925011350|921.62
1790270035|20260925011355|921.77
1790270045|20260925011405|921.82
1790270050|20260925011410|921.68
1790270055|20260925011415|921.67
1790270060|20260925011420|921.71
1790270065|20260925011425|921.86
1790270080|20260925011440|922.27
1790270085|20260925011445|922.02
1790270100|20260925011500|921.86
1790270105|20260925011505|921.77
1790270110|20260925011510|921.64
1790270115|20260925011515|921.70
1790270120|20260925011520|921.57
1790270135|20260925011535|921.23
1790270140|20260925011540|921.14
1790270145|20260925011545|921.30
1790270150|20260925011550|921.07
1790270155|20260925011555|921.18
1790270165|20260925011605|921.09
1790270170|20260925011610|921.08
1790270175|20260925011615|921.26
1790270180|20260925011620|921.26
1790270185|20260925011625|921.38
1790270195|20260925011635|921.66
1790270200|20260925011640|921.79
1790270210|20260925011650|921.28
1790270215|20260925011655|921.28
1790270235|20260925011715|921.10
1790270255|20260925011735|921.16
1790270265|20260925011745|920.93
1790270270|20260925011750|920.93
1790270275|20260925011755|921.07
1790270285|20260925011805|920.74
1790270290|20260925011810|920.90
1790270300|20260925011820|920.65
1790270315|20260925011835|921.05
1790270320|20260925011840|920.92
1790270335|20260925011855|921.13
1790270345|20260925011905|921.09
1790270350|20260925011910|921.00
1790270355|20260925011915|921.05
1790270360|20260925011920|920.91
1790270400|20260925012000|920.04
1790270405|20260925012005|920.06
1790270410|20260925012010|920.19
1790270415|20260925012015|920.34
1790270420|20260925012020|920.18
1790270425|20260925012025|920.40
1790270435|20260925012035|920.32
1790270440|20260925012040|920.42
1790270470|20260925012110|920.36
1790270510|20260925012150|920.27
1790270515|20260925012155|920.50
1790270525|20260925012205|920.40
1790270530|20260925012210|920.46
1790270535|20260925012215|920.46
1790270545|20260925012225|920.65
1790270555|20260925012235|920.55
1790270560|20260925012240|920.53
1790270565|20260925012245|920.72
1790270570|20260925012250|920.65
1790270575|20260925012255|920.64
1790270585|20260925012305|920.37
1790270590|20260925012310|920.38
1790270600|20260925012320|920.45
1790270605|20260925012325|920.45
1790270615|20260925012335|920.54
1790270620|20260925012340|920.26
1790270625|20260925012345|920.26
1790270630|20260925012350|920.20
1790270635|20260925012355|920.25
1790270650|20260925012410|920.41
1790270655|20260925012415|920.32
1790270660|20260925012420|920.35
1790270665|20260925012425|920.49
1790270675|20260925012435|920.50
1790270680|20260925012440|920.13
1790270705|20260925012505|919.84
1790270710|20260925012510|919.75
1790270725|20260925012525|920.04
1790270735|20260925012535|919.70
1790270740|20260925012540|919.87
1790270745|20260925012545|919.87
1790270750|20260925012550|919.97
1790270755|20260925012555|919.95
1790270765|20260925012605|919.71
1790270800|20260925012640|919.50
1790270805|20260925012645|919.44
1790270810|20260925012650|919.38
1790270825|20260925012705|919.66
1790270835|20260925012715|919.64
1790270840|20260925012720|919.65
1790270845|20260925012725|919.54
1790270865|20260925012745|919.63
1790270885|20260925012805|919.80
1790270900|20260925012820|919.97
1790270915|20260925012835|920.04
1790270930|20260925012850|920.02
1790270935|20260925012855|920.25
1790270945|20260925012905|920.02
1790270950|20260925012910|920.24
1790270955|20260925012915|920.14
1790270965|20260925012925|919.95
1790270980|20260925012940|920.20
1790271005|20260925013005|920.19
1790271010|20260925013010|920.13
1790271015|20260925013015|920.35
1790271020|20260925013020|920.27
1790271040|20260925013040|920.31
1790271045|20260925013045|920.13
1790271050|20260925013050|920.08
1790271065|20260925013105|920.29
1790271080|20260925013120|920.55
1790271085|20260925013125|920.43
1790271100|20260925013140|920.44
1790271105|20260925013145|920.52
1790271110|20260925013150|920.52
1790271115|20260925013155|920.49
1790271125|20260925013205|920.51
1790271135|20260925013215|920.36
1790271140|20260925013220|920.28
1790271145|20260925013225|920.39
1790271155|20260925013235|920.38
1790271160|20260925013240|920.48
1790271165|20260925013245|920.42
1790271170|20260925013250|920.53
1790271175|20260925013255|920.79
1790271190|20260925013310|920.38
1790271200|20260925013320|920.40
1790271205|20260925013325|920.39
1790271220|20260925013340|920.86
1790271225|20260925013345|920.71
1790271235|20260925013355|920.80
1790271250|20260925013410|920.81
1790271255|20260925013415|921.03
1790271260|20260925013420|920.69
1790271280|20260925013440|920.33
1790271305|20260925013505|919.99
1790271310|20260925013510|920.08
1790271315|20260925013515|920.18
1790271320|20260925013520|920.04
1790271325|20260925013525|920.17
1790271340|20260925013540|920.26
1790271345|20260925013545|920.25
1790271350|20260925013550|920.21
1790271370|20260925013610|920.28
1790271375|20260925013615|920.10
1790271380|20260925013620|920.04
1790271385|20260925013625|920.06
1790271395|20260925013635|920.15
1790271400|20260925013640|920.18
1790271410|20260925013650|919.99
1790271415|20260925013655|920.23
1790271425|20260925013705|920.09
1790271430|20260925013710|920.17
1790271435|20260925013715|920.02
1790271440|20260925013720|920.09
1790271445|20260925013725|920.13
1790271460|20260925013740|920.10
1790271465|20260925013745|920.20
1790271470|20260925013750|920.12
1790271475|20260925013755|920.02
1790271485|20260925013805|920.01
1790271490|20260925013810|919.89
1790271495|20260925013815|920.01
1790271500|20260925013820|920.32
1790271515|20260925013835|920.02
1790271535|20260925013855|919.94
1790271545|20260925013905|920.01
1790271550|20260925013910|920.06
1790271555|20260925013915|920.18
1790271560|20260925013920|920.22
1790271565|20260925013925|920.01
1790271600|20260925014000|920.02
1790271605|20260925014005|920.15
1790271620|20260925014020|920.03
1790271640|20260925014040|919.97
1790271645|20260925014045|919.96
1790271655|20260925014055|920.00
1790271670|20260925014110|920.28
1790271675|20260925014115|919.91
1790271680|20260925014120|919.85
1790271695|20260925014135|919.91
1790271700|20260925014140|919.87
1790271705|20260925014145|919.86
1790271715|20260925014155|919.77
1790271725|20260925014205|919.59
1790271730|20260925014210|919.69
1790271735|20260925014215|919.71
1790271740|20260925014220|919.81
1790271755|20260925014235|919.91
1790271760|20260925014240|919.82
1790271765|20260925014245|919.82
1790271785|20260925014305|919.68
1790271790|20260925014310|919.56
1790271795|20260925014315|919.48
1790271800|20260925014320|919.26
1790271805|20260925014325|919.33
1790271815|20260925014335|919.23
1790271820|20260925014340|919.34
1790271825|20260925014345|919.34
1790271830|20260925014350|919.26
1790271835|20260925014355|919.40
1790271845|20260925014405|919.33
1790271850|20260925014410|919.56
1790271855|20260925014415|919.48
1790271860|20260925014420|919.25
1790271865|20260925014425|919.13
1790271875|20260925014435|919.12
1790271910|20260925014510|919.05
1790271915|20260925014515|919.16
1790271925|20260925014525|919.24
1790271935|20260925014535|919.36
1790271945|20260925014545|919.15
1790271950|20260925014550|919.16
1790271955|20260925014555|919.19
1790271965|20260925014605|919.22
1790271970|20260925014610|919.30
1790271975|20260925014615|919.39
1790271980|20260925014620|919.42
1790271985|20260925014625|919.34
1790272000|20260925014640|919.48
1790272005|20260925014645|919.48
1790272015|20260925014655|919.39
1790272025|20260925014705|919.43
1790272035|20260925014715|919.37
1790272040|20260925014720|919.37
1790272045|20260925014725|919.40
1790272060|20260925014740|919.30
1790272065|20260925014745|919.47
1790272075|20260925014755|919.35
1790272090|20260925014810|919.56
1790272100|20260925014820|919.50
1790272105|20260925014825|919.21
1790272115|20260925014835|919.22
1790272120|20260925014840|919.25
1790272145|20260925014905|919.12
1790272150|20260925014910|919.12
1790272155|20260925014915|919.02
1790272160|20260925014920|919.06
1790272165|20260925014925|919.04
1790272180|20260925014940|919.15
1790272205|20260925015005|919.13
1790272235|20260925015035|919.46
1790272240|20260925015040|919.35
1790272250|20260925015050|919.26
1790272255|20260925015055|919.41
1790272265|20260925015105|919.40
1790272270|20260925015110|919.43
1790272275|20260925015115|919.32
1790272280|20260925015120|919.36
1790272285|20260925015125|919.30
1790272295|20260925015135|919.34
1790272300|20260925015140|919.37
1790272305|20260925015145|919.30
1790272310|20260925015150|919.34
1790272325|20260925015205|919.23
1790272330|20260925015210|919.36
1790272335|20260925015215|919.47
1790272340|20260925015220|919.35
1790272345|20260925015225|919.38
1790272360|20260925015240|919.60
1790272370|20260925015250|919.61
1790272385|20260925015305|919.50
1790272390|20260925015310|919.44
1790272395|20260925015315|919.46
1790272400|20260925015320|919.55
1790272405|20260925015325|919.50
1790272420|20260925015340|919.66
1790272435|20260925015355|919.63
1790272445|20260925015405|919.54
1790272450|20260925015410|919.43
1790272455|20260925015415|919.52
1790272460|20260925015420|919.64
1790272465|20260925015425|919.92
1790272505|20260925015505|919.60
1790272510|20260925015510|919.64
1790272515|20260925015515|919.65
1790272520|20260925015520|919.62
1790272525|20260925015525|919.78
1790272535|20260925015535|919.82
1790272550|20260925015550|919.78
1790272555|20260925015555|919.72
1790272575|20260925015615|919.77
1790272580|20260925015620|919.95
1790272585|20260925015625|919.92
1790272595|20260925015635|919.84
1790272600|20260925015640|919.80
1790272605|20260925015645|920.07
1790272630|20260925015710|919.91
1790272640|20260925015720|919.99
1790272655|20260925015735|920.17
1790272660|20260925015740|920.32
1790272665|20260925015745|920.25
1790272670|20260925015750|920.25
1790272675|20260925015755|920.26
1790272685|20260925015805|920.39
1790272690|20260925015810|920.40
1790272695|20260925015815|920.33
1790272700|20260925015820|920.35
1790272705|20260925015825|920.30
1790272715|20260925015835|920.48
1790272720|20260925015840|920.51
1790272725|20260925015845|920.47
1790272735|20260925015855|920.73
1790272745|20260925015905|920.52
1790272750|20260925015910|920.54
1790272760|20260925015920|920.55
1790272765|20260925015925|920.66
1790272805|20260925020005|920.56
1790272810|20260925020010|920.60
1790272815|20260925020015|920.68
1790272820|20260925020020|920.49
1790272825|20260925020025|920.36
1790272840|20260925020040|920.51
1790272845|20260925020045|920.67
1790272850|20260925020050|920.70
1790272865|20260925020105|920.64
1790272870|20260925020110|920.70
1790272875|20260925020115|920.24
1790272880|20260925020120|920.16
1790272895|20260925020135|919.73
1790272900|20260925020140|919.71
1790272905|20260925020145|919.71
1790272910|20260925020150|919.60
1790272925|20260925020205|919.86
1790272935|20260925020215|919.38
1790272940|20260925020220|919.16
1790272945|20260925020225|919.24
1790272955|20260925020235|919.10
1790272960|20260925020240|919.26
1790272965|20260925020245|919.18
1790272975|20260925020255|919.20
1790272985|20260925020305|919.21
1790272990|20260925020310|919.15
1790272995|20260925020315|919.20
1790273000|20260925020320|919.23
1790273005|20260925020325|919.30
1790273015|20260925020335|919.18
1790273020|20260925020340|918.95
1790273025|20260925020345|918.83
1790273030|20260925020350|918.90
1790273035|20260925020355|918.75
1790273045|20260925020405|918.77
1790273050|20260925020410|918.68
1790273055|20260925020415|918.79
1790273060|20260925020420|918.98
1790273065|20260925020425|919.10
1790273110|20260925020510|918.95
1790273115|20260925020515|918.99
1790273120|20260925020520|919.03
1790273125|20260925020525|919.29
1790273135|20260925020535|919.38
1790273140|20260925020540|919.28
1790273155|20260925020555|919.32
1790273165|20260925020605|919.35
1790273170|20260925020610|919.24
1790273175|20260925020615|919.21
1790273180|20260925020620|919.40
1790273185|20260925020625|919.43
1790273195|20260925020635|919.72
1790273205|20260925020645|919.72
1790273215|20260925020655|920.00
1790273225|20260925020705|919.87
1790273235|20260925020715|919.63
1790273240|20260925020720|919.73
1790273245|20260925020725|919.73
1790273255|20260925020735|919.82
1790273270|20260925020750|919.90
1790273275|20260925020755|919.89
1790273285|20260925020805|920.24
1790273290|20260925020810|920.12
1790273295|20260925020815|920.01
1790273300|20260925020820|920.29
1790273305|20260925020825|919.92
1790273330|20260925020850|920.14
1790273345|20260925020905|919.80
1790273350|20260925020910|919.87
1790273355|20260925020915|919.82
1790273360|20260925020920|919.87
1790273365|20260925020925|919.88
1790273400|20260925021000|919.98
1790273405|20260925021005|920.03
1790273410|20260925021010|920.09
1790273415|20260925021015|920.15
1790273420|20260925021020|920.29
1790273425|20260925021025|920.36
1790273445|20260925021045|920.26
1790273450|20260925021050|920.28
1790273455|20260925021055|920.52
1790273465|20260925021105|920.65
1790273470|20260925021110|920.55
1790273475|20260925021115|920.71
1790273480|20260925021120|920.98
1790273485|20260925021125|920.98
1790273495|20260925021135|920.92
1790273535|20260925021215|921.07
1790273540|20260925021220|921.11
1790273555|20260925021235|921.08
1790273560|20260925021240|921.42
1790273565|20260925021245|921.22
1790273575|20260925021255|921.18
1790273585|20260925021305|921.20
1790273590|20260925021310|921.30
1790273600|20260925021320|921.39
1790273605|20260925021325|921.35
1790273625|20260925021345|921.53
1790273635|20260925021355|921.53
1790273645|20260925021405|921.66
1790273650|20260925021410|921.55
1790273655|20260925021415|921.51
1790273660|20260925021420|921.56
1790273665|20260925021425|921.44
1790273695|20260925021455|921.65
1790273705|20260925021505|921.58
1790273710|20260925021510|921.48
1790273720|20260925021520|921.57
1790273735|20260925021535|921.39
1790273745|20260925021545|921.52
1790273765|20260925021605|921.43
1790273775|20260925021615|921.88
1790273780|20260925021620|922.03
1790273785|20260925021625|921.99
1790273795|20260925021635|921.90
1790273815|20260925021655|921.75
1790273825|20260925021705|921.84
1790273835|20260925021715|921.78
1790273840|20260925021720|921.71
1790273845|20260925021725|921.51
1790273855|20260925021735|921.80
1790273865|20260925021745|921.57
1790273875|20260925021755|921.48
1790273885|20260925021805|921.79
1790273900|20260925021820|921.68
1790273905|20260925021825|921.72
1790273915|20260925021835|921.92
1790273925|20260925021845|921.65
1790273945|20260925021905|921.34
1790273950|20260925021910|921.36
1790273955|20260925021915|921.43
1790273960|20260925021920|921.42
1790274000|20260925022000|921.39
1790274005|20260925022005|921.55
1790274010|20260925022010|921.44
1790274015|20260925022015|921.21
1790274020|20260925022020|921.18
1790274025|20260925022025|921.15
1790274040|20260925022040|921.31
1790274045|20260925022045|921.13
1790274065|20260925022105|921.01
1790274070|20260925022110|921.06
1790274080|20260925022120|921.10
1790274085|20260925022125|921.09
1790274095|20260925022135|921.10
1790274100|20260925022140|921.17
1790274105|20260925022145|921.30
1790274115|20260925022155|921.20
1790274120|20260925022200|921.21
1790274125|20260925022205|921.37
1790274130|20260925022210|921.23
1790274135|20260925022215|921.25
1790274140|20260925022220|921.25
1790274145|20260925022225|921.15
1790274155|20260925022235|921.30
1790274160|20260925022240|921.24
1790274165|20260925022245|921.27
1790274170|20260925022250|921.20
1790274185|20260925022305|921.26
1790274190|20260925022310|921.24
1790274195|20260925022315|921.14
1790274200|20260925022320|921.26
1790274205|20260925022325|921.26
1790274215|20260925022335|921.39
1790274220|20260925022340|921.47
1790274225|20260925022345|921.46
1790274245|20260925022405|921.41
1790274250|20260925022410|921.48
1790274255|20260925022415|921.40
1790274260|20260925022420|921.44
1790274305|20260925022505|921.34
1790274310|20260925022510|921.46
1790274315|20260925022515|921.74
1790274320|20260925022520|921.67
1790274325|20260925022525|921.82
1790274335|20260925022535|922.05
1790274340|20260925022540|922.19
1790274345|20260925022545|922.09
1790274370|20260925022610|922.54
1790274375|20260925022615|922.43
1790274380|20260925022620|922.69
1790274400|20260925022640|922.44
1790274405|20260925022645|922.41
1790274410|20260925022650|922.40
1790274415|20260925022655|922.36
1790274425|20260925022705|922.46
1790274440|20260925022720|922.32
1790274445|20260925022725|922.28
1790274455|20260925022735|922.61
1790274465|20260925022745|922.43
1790274470|20260925022750|922.36
1790274475|20260925022755|922.39
1790274485|20260925022805|922.29
1790274490|20260925022810|922.43
1790274495|20260925022815|922.49
1790274500|20260925022820|922.40
1790274520|20260925022840|922.45
1790274525|20260925022845|922.53
1790274530|20260925022850|922.51
1790274535|20260925022855|922.61
1790274545|20260925022905|922.78
1790274550|20260925022910|922.84
1790274555|20260925022915|922.74
1790274560|20260925022920|922.61
1790274565|20260925022925|922.83
1790274605|20260925023005|922.64
1790274615|20260925023015|922.70
1790274620|20260925023020|922.56
1790274625|20260925023025|922.61
1790274640|20260925023040|922.80
1790274645|20260925023045|922.82
1790274650|20260925023050|922.73
1790274655|20260925023055|922.90
1790274665|20260925023105|922.83
1790274670|20260925023110|922.68
1790274675|20260925023115|922.69
1790274680|20260925023120|922.80
1790274685|20260925023125|922.49
1790274705|20260925023145|922.73
1790274710|20260925023150|922.73
1790274725|20260925023205|922.49
1790274730|20260925023210|922.46
1790274740|20260925023220|922.43
1790274745|20260925023225|922.40
1790274755|20260925023235|922.38
1790274765|20260925023245|922.27
1790274775|20260925023255|922.31
1790274785|20260925023305|922.16
1790274790|20260925023310|922.30
1790274795|20260925023315|922.34
1790274800|20260925023320|922.38
1790274805|20260925023325|922.40
1790274815|20260925023335|922.43
1790274820|20260925023340|922.41
1790274825|20260925023345|922.30
1790274830|20260925023350|922.30
1790274835|20260925023355|922.26
1790274850|20260925023410|922.15
1790274855|20260925023415|922.24
1790274860|20260925023420|922.09
1790274865|20260925023425|922.10
1790274905|20260925023505|921.71
1790274910|20260925023510|921.86
1790274915|20260925023515|921.68
1790274920|20260925023520|921.66
1790274925|20260925023525|921.55
1790274940|20260925023540|921.56
1790274945|20260925023545|921.86
1790274955|20260925023555|921.42
1790274970|20260925023610|921.65
1790274980|20260925023620|921.31
1790275000|20260925023640|921.33
1790275005|20260925023645|921.41
1790275010|20260925023650|921.39
1790275015|20260925023655|921.38
1790275030|20260925023710|921.14
1790275035|20260925023715|921.43
1790275040|20260925023720|921.38
1790275045|20260925023725|921.44
1790275060|20260925023740|921.31
1790275065|20260925023745|921.40
1790275075|20260925023755|921.33
1790275095|20260925023815|921.55
1790275100|20260925023820|921.56
1790275105|20260925023825|921.56
1790275115|20260925023835|921.57
1790275135|20260925023855|922.98
1790275150|20260925023910|923.88
1790275155|20260925023915|923.84
1790275160|20260925023920|923.79
1790275165|20260925023925|923.75
1790275195|20260925023955|923.43
1790275215|20260925024015|922.84
1790275225|20260925024025|922.76
1790275235|20260925024035|922.61
1790275240|20260925024040|922.45
1790275245|20260925024045|922.42
1790275250|20260925024050|922.38
1790275265|20260925024105|922.45
1790275270|20260925024110|922.36
1790275275|20260925024115|922.22
1790275280|20260925024120|922.26
1790275285|20260925024125|922.61
1790275295|20260925024135|922.59
1790275300|20260925024140|922.69
1790275305|20260925024145|922.47
1790275310|20260925024150|922.51
1790275315|20260925024155|922.77
1790275360|20260925024240|922.36
1790275370|20260925024250|922.49
1790275385|20260925024305|922.16
1790275390|20260925024310|922.00
1790275395|20260925024315|922.15
1790275400|20260925024320|921.80
1790275420|20260925024340|921.83
1790275425|20260925024345|921.80
1790275430|20260925024350|921.85
1790275435|20260925024355|921.63
1790275445|20260925024405|921.85
1790275450|20260925024410|921.94
1790275455|20260925024415|921.96
1790275465|20260925024425|921.97
1790275505|20260925024505|921.92
1790275510|20260925024510|922.06
1790275515|20260925024515|922.15
1790275520|20260925024520|922.15
1790275525|20260925024525|921.78
1790275545|20260925024545|922.33
1790275550|20260925024550|922.11
1790275555|20260925024555|922.11
1790275565|20260925024605|921.96
1790275570|20260925024610|921.91
1790275595|20260925024635|922.02
1790275600|20260925024640|921.98
1790275605|20260925024645|922.04
1790275610|20260925024650|922.18
1790275615|20260925024655|921.91
1790275620|20260925024700|921.98
1790275630|20260925024710|921.94
1790275635|20260925024715|922.07
1790275640|20260925024720|921.95
1790275660|20260925024740|921.78
1790275665|20260925024745|921.77
1790275670|20260925024750|921.80
1790275685|20260925024805|921.79
1790275700|20260925024820|922.00
1790275705|20260925024825|922.16
1790275725|20260925024845|922.02
1790275745|20260925024905|922.08
1790275755|20260925024915|921.93
1790275765|20260925024925|922.09
1790275800|20260925025000|922.44
1790275805|20260925025005|922.17
1790275810|20260925025010|922.18
1790275815|20260925025015|922.57
1790275820|20260925025020|922.17
1790275825|20260925025025|922.21
1790275840|20260925025040|922.55
1790275865|20260925025105|922.94
1790275870|20260925025110|922.92
1790275875|20260925025115|922.72
1790275885|20260925025125|922.42
1790275895|20260925025135|922.48
1790275900|20260925025140|922.54
1790275905|20260925025145|922.54
1790275925|20260925025205|922.62
1790275930|20260925025210|923.04
1790275935|20260925025215|922.78
1790275945|20260925025225|922.62
1790275955|20260925025235|922.63
1790275960|20260925025240|922.58
1790275965|20260925025245|922.68
1790275970|20260925025250|922.80
1790275975|20260925025255|922.71
1790275985|20260925025305|922.63
1790275990|20260925025310|922.60
1790275995|20260925025315|922.56
1790276015|20260925025335|922.53
1790276025|20260925025345|922.53
1790276045|20260925025405|922.46
1790276050|20260925025410|922.50
1790276055|20260925025415|922.47
1790276060|20260925025420|922.50
1790276065|20260925025425|922.46
1790276105|20260925025505|922.60
1790276115|20260925025515|922.70
1790276120|20260925025520|922.61
1790276125|20260925025525|922.44
1790276135|20260925025535|922.47
1790276140|20260925025540|922.51
1790276145|20260925025545|922.47
1790276150|20260925025550|922.46
1790276155|20260925025555|922.43
1790276160|20260925025600|922.45
1790276165|20260925025605|922.60
1790276170|20260925025610|922.59
1790276175|20260925025615|922.47
1790276180|20260925025620|922.57
1790276185|20260925025625|922.61
1790276195|20260925025635|922.71
1790276200|20260925025640|922.73
1790276205|20260925025645|922.69
1790276210|20260925025650|922.65
1790276215|20260925025655|922.73
1790276225|20260925025705|922.59
1790276230|20260925025710|922.72
1790276240|20260925025720|922.54
1790276245|20260925025725|922.41
1790276255|20260925025735|922.41
1790276260|20260925025740|922.43
1790276265|20260925025745|922.41
1790276270|20260925025750|922.40
1790276275|20260925025755|922.36
1790276285|20260925025805|922.48
1790276290|20260925025810|922.71
1790276295|20260925025815|922.45
1790276300|20260925025820|922.44
1790276305|20260925025825|922.40
1790276320|20260925025840|922.38
1790276325|20260925025845|922.34
1790276345|20260925025905|922.36
1790276355|20260925025915|922.62
1790276400|20260925030000|922.02
1790276405|20260925030005|922.02
1790276415|20260925030015|922.09
1790276420|20260925030020|922.01
1790276435|20260925030035|922.11
1790276440|20260925030040|922.02
1790276445|20260925030045|922.01
1790276465|20260925030105|922.05
1790276470|20260925030110|921.89
1790276475|20260925030115|921.85
1790276485|20260925030125|921.75
1790276495|20260925030135|921.86
1790276500|20260925030140|921.98
1790276505|20260925030145|921.45
1790276510|20260925030150|921.45
1790276525|20260925030205|922.31
1790276535|20260925030215|922.34
1790276540|20260925030220|922.52
1790276545|20260925030225|922.30
1790276555|20260925030235|922.45
1790276560|20260925030240|922.32
1790276565|20260925030245|922.05
1790276585|20260925030305|922.17
1790276590|20260925030310|922.22
1790276600|20260925030320|922.29
1790276605|20260925030325|922.07
1790276620|20260925030340|922.20
1790276635|20260925030355|922.06
1790276645|20260925030405|921.67
1790276650|20260925030410|921.65
1790276655|20260925030415|921.89
1790276660|20260925030420|921.89
1790276665|20260925030425|922.00
1790276710|20260925030510|921.94
1790276715|20260925030515|922.02
1790276720|20260925030520|921.97
1790276725|20260925030525|921.93
1790276745|20260925030545|921.92
1790276750|20260925030550|922.02
1790276765|20260925030605|921.98
1790276770|20260925030610|922.03
1790276775|20260925030615|922.04
1790276780|20260925030620|922.05
1790276785|20260925030625|922.16
1790276795|20260925030635|922.17
1790276805|20260925030645|922.41
1790276810|20260925030650|922.28
1790276825|20260925030705|922.15
1790276830|20260925030710|922.16
1790276835|20260925030715|922.14
1790276840|20260925030720|922.24
1790276845|20260925030725|922.30
1790276865|20260925030745|922.27
1790276870|20260925030750|922.47
1790276885|20260925030805|922.25
1790276890|20260925030810|922.21
1790276895|20260925030815|922.22
1790276900|20260925030820|922.18
1790276920|20260925030840|922.18
1790276925|20260925030845|922.16
1790276930|20260925030850|922.28
1790276945|20260925030905|922.21
1790276950|20260925030910|922.37
1790276960|20260925030920|922.11
1790276965|20260925030925|922.16
1790277005|20260925031005|922.34
1790277010|20260925031010|922.62
1790277020|20260925031020|922.15
1790277025|20260925031025|922.14
1790277040|20260925031040|921.97
1790277045|20260925031045|921.99
1790277050|20260925031050|921.94
1790277055|20260925031055|921.96
1790277060|20260925031100|921.95
1790277065|20260925031105|921.97
1790277075|20260925031115|921.81
1790277080|20260925031120|921.96
1790277085|20260925031125|921.93
1790277095|20260925031135|921.82
1790277100|20260925031140|921.87
1790277125|20260925031205|921.85
1790277130|20260925031210|921.89
1790277135|20260925031215|921.99
1790277140|20260925031220|921.98
1790277155|20260925031235|921.94
1790277175|20260925031255|922.05
1790277185|20260925031305|921.95
1790277195|20260925031315|921.96
1790277200|20260925031320|921.95
1790277205|20260925031325|921.96
1790277215|20260925031335|922.00
1790277220|20260925031340|922.07
1790277225|20260925031345|922.10
1790277255|20260925031415|921.87
1790277265|20260925031425|922.06
1790277280|20260925031440|921.84
1790277295|20260925031455|921.80
1790277305|20260925031505|922.05
1790277310|20260925031510|921.86
1790277315|20260925031515|921.86
1790277320|20260925031520|922.01
1790277325|20260925031525|921.92
1790277345|20260925031545|922.19
1790277350|20260925031550|922.13
1790277365|20260925031605|922.16
1790277370|20260925031610|922.19
1790277375|20260925031615|922.21
1790277400|20260925031640|922.21
1790277410|20260925031650|922.27
1790277415|20260925031655|922.30
1790277430|20260925031710|922.42
1790277435|20260925031715|922.42
1790277440|20260925031720|922.37
1790277445|20260925031725|922.35
1790277455|20260925031735|922.47
1790277465|20260925031745|922.64
1790277470|20260925031750|922.75
1790277475|20260925031755|922.34
1790277490|20260925031810|922.52
1790277500|20260925031820|922.49
1790277520|20260925031840|922.58
1790277525|20260925031845|922.60
1790277530|20260925031850|922.69
1790277535|20260925031855|922.56
1790277545|20260925031905|922.51
1790277550|20260925031910|922.36
1790277555|20260925031915|922.36
1790277560|20260925031920|922.24
1790277565|20260925031925|922.30
1790277600|20260925032000|922.49
1790277605|20260925032005|922.53
1790277610|20260925032010|922.48
1790277620|20260925032020|922.45
1790277625|20260925032025|922.29
1790277635|20260925032035|922.38
1790277640|20260925032040|922.35
1790277645|20260925032045|922.33
1790277650|20260925032050|922.33
1790277655|20260925032055|922.39
1790277680|20260925032120|922.24
1790277685|20260925032125|922.31
1790277710|20260925032150|922.49
1790277725|20260925032205|922.62
1790277755|20260925032235|922.82
1790277770|20260925032250|922.63
1790277775|20260925032255|922.62
1790277785|20260925032305|922.65
1790277790|20260925032310|922.54
1790277795|20260925032315|922.50
1790277800|20260925032320|922.69
1790277805|20260925032325|922.64
1790277820|20260925032340|922.81
1790277825|20260925032345|923.00
1790277845|20260925032405|922.95
1790277850|20260925032410|922.93
1790277855|20260925032415|923.03
1790277860|20260925032420|923.02
1790277905|20260925032505|923.27
1790277920|20260925032520|923.42
1790277925|20260925032525|923.52
1790277940|20260925032540|923.69
1790277945|20260925032545|923.49
1790277985|20260925032625|923.38
1790278005|20260925032645|923.37
1790278010|20260925032650|923.37
1790278025|20260925032705|923.52
1790278030|20260925032710|923.32
1790278035|20260925032715|923.27
1790278040|20260925032720|923.32
1790278045|20260925032725|923.30
1790278055|20260925032735|923.28
1790278065|20260925032745|923.18
1790278070|20260925032750|923.21
1790278075|20260925032755|923.37
1790278090|20260925032810|923.36
1790278095|20260925032815|923.14
1790278100|20260925032820|923.13
1790278105|20260925032825|923.09
1790278115|20260925032835|923.07
1790278120|20260925032840|923.07
1790278125|20260925032845|922.94
1790278135|20260925032855|923.24
1790278145|20260925032905|922.93
1790278150|20260925032910|923.07
1790278155|20260925032915|923.03
1790278160|20260925032920|922.85
1790278165|20260925032925|922.82
1790278200|20260925033000|922.77
1790278205|20260925033005|922.82
1790278215|20260925033015|922.82
1790278225|20260925033025|922.91
1790278235|20260925033035|922.98
1790278240|20260925033040|922.89
1790278245|20260925033045|922.93
1790278255|20260925033055|922.70
1790278265|20260925033105|922.74
1790278270|20260925033110|922.67
1790278275|20260925033115|922.76
1790278280|20260925033120|922.77
1790278285|20260925033125|922.77
1790278295|20260925033135|922.78
1790278300|20260925033140|922.75
1790278305|20260925033145|922.78
1790278310|20260925033150|922.97
1790278315|20260925033155|922.99
1790278325|20260925033205|923.00
1790278330|20260925033210|922.98
1790278335|20260925033215|922.95
1790278340|20260925033220|922.95
1790278345|20260925033225|922.75
1790278355|20260925033235|922.70
1790278360|20260925033240|922.83
1790278365|20260925033245|922.76
1790278370|20260925033250|922.73
1790278375|20260925033255|922.71
1790278385|20260925033305|922.78
1790278390|20260925033310|923.05
1790278395|20260925033315|922.92
1790278415|20260925033335|923.20
1790278420|20260925033340|922.81
1790278425|20260925033345|922.82
1790278430|20260925033350|922.81
1790278435|20260925033355|922.83
1790278445|20260925033405|922.82
1790278450|20260925033410|922.87
1790278465|20260925033425|922.79
1790278505|20260925033505|922.87
1790278510|20260925033510|923.01
1790278520|20260925033520|923.09
1790278525|20260925033525|923.08
1790278535|20260925033535|922.73
1790278540|20260925033540|922.72
1790278545|20260925033545|922.71
1790278565|20260925033605|922.97
1790278570|20260925033610|923.06
1790278575|20260925033615|923.28
1790278580|20260925033620|923.14
1790278585|20260925033625|923.47
1790278595|20260925033635|922.90
1790278605|20260925033645|922.90
1790278610|20260925033650|922.88
1790278625|20260925033705|922.82
1790278635|20260925033715|922.95
1790278640|20260925033720|922.87
1790278645|20260925033725|922.76
1790278665|20260925033745|922.72
1790278670|20260925033750|922.72
1790278675|20260925033755|922.72
1790278685|20260925033805|922.96
1790278690|20260925033810|922.97
1790278695|20260925033815|922.81
1790278700|20260925033820|923.01
1790278705|20260925033825|922.90
1790278725|20260925033845|922.92
1790278730|20260925033850|922.90
1790278735|20260925033855|922.91
1790278745|20260925033905|923.06
1790278750|20260925033910|923.02
1790278765|20260925033925|922.97
1790278800|20260925034000|923.63
1790278825|20260925034025|923.54
1790278835|20260925034035|923.45
1790278840|20260925034040|923.26
1790278845|20260925034045|923.26
1790278855|20260925034055|923.33
1790278865|20260925034105|923.21
1790278870|20260925034110|923.25
1790278875|20260925034115|923.23
1790278880|20260925034120|923.24
1790278885|20260925034125|923.24
1790278895|20260925034135|923.41
1790278905|20260925034145|923.41
1790278910|20260925034150|923.23
1790278925|20260925034205|923.21
1790278930|20260925034210|923.55
1790278940|20260925034220|923.17
1790278945|20260925034225|923.13
1790278955|20260925034235|923.22
1790278960|20260925034240|923.20
1790278965|20260925034245|923.24
1790278970|20260925034250|923.17
1790278975|20260925034255|923.20
1790278985|20260925034305|923.46
1790278995|20260925034315|923.64
1790279000|20260925034320|923.52
1790279005|20260925034325|923.33
1790279015|20260925034335|923.55
1790279020|20260925034340|923.37
1790279025|20260925034345|923.39
1790279030|20260925034350|923.37
1790279045|20260925034405|923.48
1790279050|20260925034410|923.57
1790279055|20260925034415|923.44
1790279065|20260925034425|923.45
1790279100|20260925034500|923.55
1790279105|20260925034505|923.41
1790279110|20260925034510|923.22
1790279115|20260925034515|923.37
1790279120|20260925034520|923.20
1790279125|20260925034525|923.17
1790279145|20260925034545|923.31
1790279150|20260925034550|923.37
1790279165|20260925034605|923.39
1790279170|20260925034610|923.37
1790279175|20260925034615|923.19
1790279180|20260925034620|923.23
1790279185|20260925034625|923.24
1790279200|20260925034640|923.26
1790279210|20260925034650|923.33
1790279215|20260925034655|923.32
1790279240|20260925034720|923.43
1790279245|20260925034725|923.48
1790279255|20260925034735|923.44
1790279260|20260925034740|923.49
1790279265|20260925034745|923.50
1790279270|20260925034750|923.63
1790279285|20260925034805|923.50
1790279295|20260925034815|923.23
1790279300|20260925034820|923.15
1790279315|20260925034835|923.32
1790279320|20260925034840|923.33
1790279330|20260925034850|923.48
1790279335|20260925034855|923.38
1790279345|20260925034905|923.32
1790279350|20260925034910|923.30
1790279355|20260925034915|923.37
1790279365|20260925034925|923.39
1790279400|20260925035000|923.16
1790279405|20260925035005|923.11
1790279410|20260925035010|923.17
1790279415|20260925035015|923.20
1790279420|20260925035020|923.14
1790279425|20260925035025|923.14
1790279440|20260925035040|922.98
1790279450|20260925035050|922.94
1790279465|20260925035105|923.01
1790279475|20260925035115|923.16
1790279480|20260925035120|923.11
1790279500|20260925035140|923.44
1790279505|20260925035145|923.16
1790279510|20260925035150|923.34
1790279515|20260925035155|923.08
1790279525|20260925035205|923.15
1790279530|20260925035210|923.15
1790279535|20260925035215|923.05
1790279540|20260925035220|923.06
1790279545|20260925035225|923.15
1790279555|20260925035235|923.19
1790279565|20260925035245|923.22
1790279575|20260925035255|923.22
1790279585|20260925035305|923.17
1790279590|20260925035310|923.15
1790279595|20260925035315|923.22
1790279600|20260925035320|923.22
1790279605|20260925035325|923.10
1790279615|20260925035335|923.12
1790279625|20260925035345|923.20
1790279630|20260925035350|923.16
1790279635|20260925035355|923.15
1790279645|20260925035405|923.28
1790279655|20260925035415|923.18
1790279660|20260925035420|923.22
1790279675|20260925035435|923.32
1790279705|20260925035505|923.42
1790279715|20260925035515|923.38
1790279720|20260925035520|923.27
1790279725|20260925035525|923.31
1790279735|20260925035535|923.20
1790279740|20260925035540|923.13
1790279745|20260925035545|923.13
1790279755|20260925035555|923.23
1790279770|20260925035610|923.16
1790279775|20260925035615|923.22
1790279780|20260925035620|923.24
1790279795|20260925035635|923.11
1790279800|20260925035640|923.12
1790279805|20260925035645|923.12
1790279810|20260925035650|923.21
1790279825|20260925035705|923.24
1790279830|20260925035710|923.22
1790279835|20260925035715|923.22
1790279840|20260925035720|923.20
1790279845|20260925035725|923.31
1790279865|20260925035745|923.28
1790279875|20260925035755|923.05
1790279890|20260925035810|923.00
1790279895|20260925035815|923.01
1790279900|20260925035820|923.03
1790279905|20260925035825|923.01
1790279915|20260925035835|922.99
1790279920|20260925035840|922.93
1790279930|20260925035850|922.91
1790279945|20260925035905|923.30
1790279950|20260925035910|922.85
1790279955|20260925035915|922.91
1790279960|20260925035920|922.92
1790279965|20260925035925|922.93
1790280000|20260925040000|923.16
1790280005|20260925040005|923.37
1790280015|20260925040015|923.06
1790280025|20260925040025|923.10
1790280035|20260925040035|923.27
1790280045|20260925040045|923.18
1790280050|20260925040050|923.22
1790280065|20260925040105|923.13
1790280070|20260925040110|923.00
1790280075|20260925040115|923.16
1790280080|20260925040120|923.19
1790280085|20260925040125|923.09
1790280105|20260925040145|922.97
1790280110|20260925040150|922.94
1790280125|20260925040205|923.06
1790280135|20260925040215|922.94
1790280140|20260925040220|922.94
1790280145|20260925040225|922.89
1790280155|20260925040235|922.79
1790280160|20260925040240|922.68
1790280165|20260925040245|922.70
1790280170|20260925040250|922.71
1790280175|20260925040255|922.79
1790280185|20260925040305|922.83
1790280200|20260925040320|922.74
1790280205|20260925040325|922.74
1790280215|20260925040335|922.61
1790280225|20260925040345|922.65
1790280230|20260925040350|922.94
1790280245|20260925040405|922.87
1790280250|20260925040410|923.02
1790280260|20260925040420|922.87
1790280265|20260925040425|922.85
1790280310|20260925040510|922.94
1790280315|20260925040515|922.97
1790280320|20260925040520|922.82
1790280325|20260925040525|922.93
1790280335|20260925040535|922.84
1790280340|20260925040540|922.79
1790280345|20260925040545|922.69
1790280350|20260925040550|922.65
1790280355|20260925040555|922.89
1790280370|20260925040610|922.77
1790280380|20260925040620|922.70
1790280385|20260925040625|922.73
1790280400|20260925040640|922.72
1790280405|20260925040645|922.74
1790280415|20260925040655|922.75
1790280425|20260925040705|922.79
1790280430|20260925040710|922.78
1790280435|20260925040715|922.77
1790280440|20260925040720|922.80
1790280445|20260925040725|922.80
1790280455|20260925040735|922.82
1790280485|20260925040805|922.80
1790280490|20260925040810|922.94
1790280495|20260925040815|922.93
1790280500|20260925040820|922.68
1790280505|20260925040825|922.69
1790280515|20260925040835|922.65
1790280520|20260925040840|922.67
1790280530|20260925040850|922.72
1790280535|20260925040855|922.70
1790280550|20260925040910|922.69
1790280555|20260925040915|922.65
1790280560|20260925040920|922.77
1790280580|20260925040940|922.56
1790280600|20260925041000|922.39
1790280605|20260925041005|922.42
1790280610|20260925041010|922.45
1790280615|20260925041015|922.46
1790280625|20260925041025|922.59
1790280640|20260925041040|922.67
1790280645|20260925041045|922.63
1790280655|20260925041055|922.81
1790280675|20260925041115|922.95
1790280685|20260925041125|922.78
1790280695|20260925041135|922.74
1790280700|20260925041140|922.71
1790280705|20260925041145|922.67
1790280710|20260925041150|922.69
1790280715|20260925041155|922.67
1790280730|20260925041210|922.94
1790280735|20260925041215|922.77
1790280740|20260925041220|922.90
1790280745|20260925041225|922.82
1790280755|20260925041235|922.85
1790280765|20260925041245|922.81
1790280775|20260925041255|922.62
1790280785|20260925041305|922.74
1790280800|20260925041320|922.60
1790280805|20260925041325|922.57
1790280815|20260925041335|922.56
1790280830|20260925041350|922.69
1790280835|20260925041355|922.67
1790280850|20260925041410|922.44
1790280855|20260925041415|922.44
1790280860|20260925041420|922.38
1790280905|20260925041505|922.30
1790280910|20260925041510|922.24
1790280915|20260925041515|922.34
1790280920|20260925041520|922.47
1790280925|20260925041525|922.47
1790280935|20260925041535|922.38
1790280940|20260925041540|922.41
1790280950|20260925041550|922.20
1790280955|20260925041555|922.09
1790280965|20260925041605|922.06
1790280970|20260925041610|922.05
1790280975|20260925041615|922.40
1790280980|20260925041620|922.23
1790280995|20260925041635|922.33
1790281000|20260925041640|922.10
1790281005|20260925041645|922.11
1790281015|20260925041655|922.08
1790281025|20260925041705|921.93
1790281030|20260925041710|921.94
1790281035|20260925041715|921.96
1790281040|20260925041720|922.09
1790281045|20260925041725|921.87
1790281055|20260925041735|921.89
1790281060|20260925041740|922.03
1790281065|20260925041745|921.59
1790281070|20260925041750|921.63
1790281075|20260925041755|921.64
1790281085|20260925041805|921.51
1790281090|20260925041810|921.43
1790281095|20260925041815|921.45
1790281100|20260925041820|921.42
1790281105|20260925041825|921.46
1790281115|20260925041835|921.49
1790281120|20260925041840|921.55
1790281125|20260925041845|921.65
1790281130|20260925041850|921.63
1790281135|20260925041855|921.22
1790281160|20260925041920|921.36
1790281200|20260925042000|921.30
1790281205|20260925042005|921.29
1790281215|20260925042015|921.16
1790281220|20260925042020|921.18
1790281225|20260925042025|921.19
1790281255|20260925042055|921.19
1790281265|20260925042105|921.19
1790281280|20260925042120|921.56
1790281300|20260925042140|921.24
1790281310|20260925042150|921.34
1790281315|20260925042155|921.35
1790281325|20260925042205|921.50
1790281335|20260925042215|921.38
1790281340|20260925042220|921.38
1790281345|20260925042225|921.37
1790281370|20260925042250|921.26
1790281385|20260925042305|921.19
1790281390|20260925042310|921.18
1790281400|20260925042320|921.31
1790281425|20260925042345|921.42
1790281430|20260925042350|921.24
1790281445|20260925042405|921.51
1790281450|20260925042410|921.39
1790281455|20260925042415|921.43
1790281460|20260925042420|921.76
1790281505|20260925042505|921.42
1790281510|20260925042510|921.28
1790281515|20260925042515|921.30
1790281525|20260925042525|921.53
1790281535|20260925042535|921.41
1790281540|20260925042540|921.49
1790281545|20260925042545|921.47
1790281550|20260925042550|921.57
1790281555|20260925042555|921.54
1790281565|20260925042605|921.57
1790281580|20260925042620|921.64
1790281595|20260925042635|921.48
1790281605|20260925042645|921.38
1790281610|20260925042650|921.39
1790281615|20260925042655|921.29
1790281625|20260925042705|921.41
1790281630|20260925042710|921.53
1790281635|20260925042715|921.52
1790281640|20260925042720|921.47
1790281645|20260925042725|921.42
1790281675|20260925042755|921.34
1790281690|20260925042810|921.46
1790281695|20260925042815|921.37
1790281700|20260925042820|921.45
1790281705|20260925042825|921.25
1790281715|20260925042835|921.44
1790281720|20260925042840|921.44
1790281725|20260925042845|921.25
1790281730|20260925042850|921.28
1790281735|20260925042855|921.26
1790281740|20260925042900|921.25
1790281745|20260925042905|921.29
1790281750|20260925042910|921.21
1790281755|20260925042915|921.30
1790281760|20260925042920|921.20
1790281765|20260925042925|921.23
1790281800|20260925043000|921.34
1790281805|20260925043005|921.32
1790281810|20260925043010|921.34
1790281815|20260925043015|921.48
1790281820|20260925043020|921.46
1790281825|20260925043025|921.30
1790281835|20260925043035|921.45
1790281840|20260925043040|921.29
1790281845|20260925043045|921.33
1790281865|20260925043105|921.59
1790281870|20260925043110|921.48
1790281875|20260925043115|921.66
1790281880|20260925043120|921.43
1790281885|20260925043125|921.43
1790281905|20260925043145|921.39
1790281910|20260925043150|921.40
1790281915|20260925043155|921.42
1790281935|20260925043215|921.54
1790281940|20260925043220|921.58
1790281945|20260925043225|921.62
1790281955|20260925043235|921.66
1790281965|20260925043245|921.67
1790281975|20260925043255|921.68
1790281995|20260925043315|921.79
1790282000|20260925043320|921.81
1790282005|20260925043325|921.75
1790282015|20260925043335|921.64
1790282025|20260925043345|921.66
1790282035|20260925043355|921.58
1790282045|20260925043405|921.61
1790282055|20260925043415|921.60
1790282060|20260925043420|921.59
1790282105|20260925043505|921.65
1790282110|20260925043510|921.66
1790282115|20260925043515|921.79
1790282140|20260925043540|921.67
1790282155|20260925043555|921.85
1790282165|20260925043605|921.70
1790282170|20260925043610|921.69
1790282175|20260925043615|921.96
1790282185|20260925043625|921.69
1790282195|20260925043635|921.64
1790282205|20260925043645|921.63
1790282225|20260925043705|921.68
1790282230|20260925043710|921.64
1790282235|20260925043715|921.78
1790282240|20260925043720|921.64
1790282245|20260925043725|921.63
1790282255|20260925043735|921.67
1790282260|20260925043740|921.63
1790282265|20260925043745|921.60
1790282280|20260925043800|921.52
1790282285|20260925043805|921.54
1790282290|20260925043810|921.54
1790282300|20260925043820|921.67
1790282305|20260925043825|921.77
1790282315|20260925043835|921.74
1790282320|20260925043840|921.76
1790282325|20260925043845|921.90
1790282330|20260925043850|921.90
1790282345|20260925043905|921.99
1790282350|20260925043910|921.85
1790282355|20260925043915|921.84
1790282360|20260925043920|922.05
1790282365|20260925043925|921.85
1790282400|20260925044000|922.14
1790282405|20260925044005|922.08
1790282410|20260925044010|922.10
1790282415|20260925044015|922.34
1790282425|20260925044025|922.27
1790282440|20260925044040|922.33
1790282445|20260925044045|922.34
1790282450|20260925044050|922.35
1790282465|20260925044105|922.41
1790282470|20260925044110|922.39
1790282480|20260925044120|922.42
1790282485|20260925044125|922.39
1790282495|20260925044135|922.63
1790282500|20260925044140|922.34
1790282505|20260925044145|922.32
1790282510|20260925044150|922.15
1790282515|20260925044155|922.21
1790282525|20260925044205|922.22
1790282530|20260925044210|922.25
1790282535|20260925044215|922.24
1790282545|20260925044225|922.28
1790282555|20260925044235|922.32
1790282565|20260925044245|922.46
1790282570|20260925044250|922.34
1790282575|20260925044255|922.33
1790282585|20260925044305|922.70
1790282590|20260925044310|922.31
1790282600|20260925044320|922.33
1790282615|20260925044335|922.34
1790282620|20260925044340|922.74
1790282625|20260925044345|922.57
1790282655|20260925044415|922.48
1790282660|20260925044420|922.64
1790282680|20260925044440|922.88
1790282700|20260925044500|922.51
1790282715|20260925044515|922.65
1790282720|20260925044520|922.95
1790282725|20260925044525|922.71
1790282735|20260925044535|922.79
1790282745|20260925044545|922.91
1790282750|20260925044550|922.83
1790282755|20260925044555|922.85
1790282765|20260925044605|922.79
1790282770|20260925044610|922.53
1790282780|20260925044620|922.57
1790282795|20260925044635|922.61
1790282805|20260925044645|922.40
1790282810|20260925044650|922.53
1790282815|20260925044655|922.55
1790282830|20260925044710|922.51
1790282835|20260925044715|923.16
1790282840|20260925044720|922.67
1790282845|20260925044725|922.68
1790282855|20260925044735|922.58
1790282860|20260925044740|922.59
1790282865|20260925044745|922.87
1790282870|20260925044750|922.67
1790282875|20260925044755|922.68
1790282885|20260925044805|922.58
1790282900|20260925044820|922.40
1790282905|20260925044825|922.43
1790282915|20260925044835|922.50
1790282925|20260925044845|922.76
1790282930|20260925044850|922.83
1790282945|20260925044905|922.66
1790282950|20260925044910|922.66
1790282955|20260925044915|922.83
1790282960|20260925044920|922.66
1790282965|20260925044925|922.72
1790283000|20260925045000|922.74
1790283005|20260925045005|922.86
1790283010|20260925045010|922.94
1790283015|20260925045015|922.89
1790283020|20260925045020|922.80
1790283025|20260925045025|922.73
1790283035|20260925045035|923.02
1790283040|20260925045040|922.66
1790283045|20260925045045|922.63
1790283055|20260925045055|922.61
1790283070|20260925045110|922.62
1790283080|20260925045120|922.80
1790283085|20260925045125|922.67
1790283095|20260925045135|922.73
1790283100|20260925045140|922.87
1790283105|20260925045145|922.75
1790283110|20260925045150|922.78
1790283125|20260925045205|922.74
1790283130|20260925045210|922.74
1790283135|20260925045215|922.69
1790283140|20260925045220|922.74
1790283155|20260925045235|922.66
1790283165|20260925045245|922.66
1790283170|20260925045250|922.66
1790283185|20260925045305|922.86
1790283190|20260925045310|922.67
1790283195|20260925045315|922.67
1790283205|20260925045325|922.68
1790283225|20260925045345|922.81
1790283230|20260925045350|922.81
1790283235|20260925045355|922.81
1790283250|20260925045410|922.84
1790283260|20260925045420|922.75
1790283265|20260925045425|922.75
1790283300|20260925045500|923.33
1790283305|20260925045505|923.17
1790283310|20260925045510|923.11
1790283315|20260925045515|923.07
1790283320|20260925045520|923.13
1790283325|20260925045525|923.22
1790283335|20260925045535|923.54
1790283345|20260925045545|923.23
1790283375|20260925045615|923.44
1790283380|20260925045620|923.30
1790283385|20260925045625|923.14
1790283395|20260925045635|923.10
1790283405|20260925045645|923.17
1790283410|20260925045650|923.29
1790283415|20260925045655|923.34
1790283425|20260925045705|923.20
1790283430|20260925045710|923.22
1790283435|20260925045715|923.36
1790283440|20260925045720|923.28
1790283445|20260925045725|923.44
1790283455|20260925045735|923.47
1790283465|20260925045745|923.39
1790283470|20260925045750|923.27
1790283475|20260925045755|923.54
1790283490|20260925045810|923.40
1790283495|20260925045815|923.41
1790283500|20260925045820|923.40
1790283505|20260925045825|923.49
1790283515|20260925045835|923.22
1790283520|20260925045840|923.49
1790283525|20260925045845|923.41
1790283545|20260925045905|923.16
1790287215|20260925060015|923.27
1790287220|20260925060020|922.89
1790287225|20260925060025|923.05
1790287235|20260925060035|923.18
1790287240|20260925060040|923.21
1790287245|20260925060045|923.34
1790287255|20260925060055|923.25
1790287265|20260925060105|923.33
1790287270|20260925060110|923.34
1790287275|20260925060115|923.02
1790287280|20260925060120|923.21
1790287285|20260925060125|923.12
1790287295|20260925060135|923.28
1790287300|20260925060140|923.12
1790287305|20260925060145|923.35
1790287310|20260925060150|923.42
1790287315|20260925060155|923.36
1790287325|20260925060205|923.41
1790287335|20260925060215|923.53
1790287340|20260925060220|923.45
1790287345|20260925060225|923.46
1790287355|20260925060235|923.59
1790287360|20260925060240|923.37
1790287365|20260925060245|923.26
1790287370|20260925060250|923.35
1790287375|20260925060255|923.24
1790287385|20260925060305|923.47
1790287390|20260925060310|923.37
1790287395|20260925060315|923.43
1790287400|20260925060320|923.69
1790287405|20260925060325|923.56
1790287415|20260925060335|923.52
1790287420|20260925060340|923.67
1790287430|20260925060350|923.63
1790287445|20260925060405|923.49
1790287450|20260925060410|923.48
1790287455|20260925060415|923.53
1790287460|20260925060420|923.25
1790287465|20260925060425|923.28
1790287480|20260925060440|923.33
1790287510|20260925060510|922.97
1790287515|20260925060515|922.88
1790287520|20260925060520|923.00
1790287525|20260925060525|922.74
1790287545|20260925060545|922.78
1790287550|20260925060550|922.79
1790287555|20260925060555|922.76
1790287565|20260925060605|922.91
1790287570|20260925060610|923.01
1790287575|20260925060615|923.04
1790287580|20260925060620|923.07
1790287585|20260925060625|923.12
1790287595|20260925060635|922.90
1790287600|20260925060640|922.99
1790287610|20260925060650|922.84
1790287630|20260925060710|922.80
1790287635|20260925060715|922.77
1790287640|20260925060720|922.75
1790287645|20260925060725|922.78
1790287655|20260925060735|922.81
1790287665|20260925060745|922.85
1790287670|20260925060750|923.00
1790287675|20260925060755|922.89
1790287685|20260925060805|923.06
1790287690|20260925060810|923.02
1790287695|20260925060815|923.02
1790287700|20260925060820|922.93
1790287705|20260925060825|922.93
1790287720|20260925060840|922.94
1790287725|20260925060845|922.84
1790287735|20260925060855|923.00
1790287755|20260925060915|922.73
1790287760|20260925060920|922.77
1790287765|20260925060925|922.89
1790287800|20260925061000|922.70
1790287805|20260925061005|922.81
1790287810|20260925061010|922.50
1790287815|20260925061015|922.51
1790287820|20260925061020|922.76
1790287825|20260925061025|922.79
1790287835|20260925061035|922.65
1790287845|20260925061045|922.75
1790287850|20260925061050|922.60
1790287855|20260925061055|922.77
1790287885|20260925061125|922.64
1790287900|20260925061140|922.47
1790287905|20260925061145|922.47
1790287930|20260925061210|922.94
1790287935|20260925061215|922.56
1790287940|20260925061220|922.55
1790287945|20260925061225|922.49
1790287955|20260925061235|922.48
1790287960|20260925061240|922.61
1790287965|20260925061245|922.64
1790287970|20260925061250|922.51
1790287990|20260925061310|922.65
1790287995|20260925061315|922.51
1790288005|20260925061325|922.57
1790288015|20260925061335|922.49
1790288020|20260925061340|922.45
1790288025|20260925061345|922.48
1790288030|20260925061350|922.48
1790288045|20260925061405|922.59
1790288050|20260925061410|922.40
1790288055|20260925061415|922.50
1790288065|20260925061425|922.65
1790288105|20260925061505|922.38
1790288110|20260925061510|922.62
1790288115|20260925061515|922.61
1790288120|20260925061520|922.47
1790288140|20260925061540|922.59
1790288155|20260925061555|922.54
1790288165|20260925061605|922.43
1790288180|20260925061620|922.53
1790288185|20260925061625|922.49
1790288195|20260925061635|922.33
1790288200|20260925061640|922.33
1790288205|20260925061645|922.33
1790288210|20260925061650|922.50
1790288215|20260925061655|922.36
1790288235|20260925061715|922.36
1790288240|20260925061720|922.47
1790288245|20260925061725|922.52
1790288255|20260925061735|922.34
1790288260|20260925061740|922.34
1790288270|20260925061750|922.47
1790288285|20260925061805|922.31
1790288290|20260925061810|922.29
1790288295|20260925061815|922.26
1790288300|20260925061820|922.37
1790288305|20260925061825|922.23
1790288315|20260925061835|922.19
1790288320|20260925061840|922.20
1790288325|20260925061845|922.19
1790288335|20260925061855|922.16
1790288355|20260925061915|922.28
1790288360|20260925061920|922.15
1790288365|20260925061925|921.99
1790288395|20260925061955|921.90
1790288400|20260925062000|921.97
1790288410|20260925062010|922.08
1790288420|20260925062020|921.92
1790288425|20260925062025|921.98
1790288435|20260925062035|922.04
1790288445|20260925062045|921.98
1790288455|20260925062055|922.01
1790288465|20260925062105|922.11
1790288470|20260925062110|922.11
1790288475|20260925062115|922.09
1790288480|20260925062120|922.09
1790288485|20260925062125|922.23
1790288495|20260925062135|922.18
1790288505|20260925062145|922.01
1790288510|20260925062150|922.01
1790288515|20260925062155|921.97
1790288525|20260925062205|921.88
1790288530|20260925062210|921.93
1790288535|20260925062215|922.07
1790288540|20260925062220|922.05
1790288545|20260925062225|921.86
1790288560|20260925062240|921.97
1790288565|20260925062245|921.97
1790288585|20260925062305|922.05
1790288590|20260925062310|922.17
1790288600|20260925062320|922.08
1790288605|20260925062325|922.00
1790288615|20260925062335|921.95
1790288620|20260925062340|922.18
1790288625|20260925062345|922.07
1790288645|20260925062405|922.11
1790288665|20260925062425|922.17
1790288705|20260925062505|922.31
1790288715|20260925062515|922.47
1790288720|20260925062520|922.44
1790288725|20260925062525|922.26
1790288740|20260925062540|922.39
1790288755|20260925062555|922.42
1790288765|20260925062605|922.47
1790288775|20260925062615|922.59
1790288795|20260925062635|922.54
1790288800|20260925062640|922.70
1790288805|20260925062645|922.67
1790288825|20260925062705|922.55
1790288830|20260925062710|922.54
1790288845|20260925062725|922.47
1790288855|20260925062735|922.56
1790288865|20260925062745|922.51
1790288895|20260925062815|922.62
1790288900|20260925062820|922.53
1790288905|20260925062825|922.56
1790288930|20260925062850|922.83
1790288935|20260925062855|922.60
1790288945|20260925062905|922.76
1790288950|20260925062910|922.76
1790288955|20260925062915|922.58
1790288960|20260925062920|922.70
1790289000|20260925063000|922.53
1790289005|20260925063005|922.57
1790289010|20260925063010|922.66
1790289015|20260925063015|922.75
1790289020|20260925063020|922.72
1790289025|20260925063025|922.75
1790289035|20260925063035|922.81
1790289045|20260925063045|922.90
1790289050|20260925063050|922.89
1790289065|20260925063105|922.67
1790289070|20260925063110|922.59
1790289075|20260925063115|922.56
1790289080|20260925063120|922.66
1790289085|20260925063125|922.82
1790289100|20260925063140|922.75
1790289105|20260925063145|922.61
1790289110|20260925063150|923.02
1790289125|20260925063205|922.58
1790289130|20260925063210|922.70
1790289135|20260925063215|922.55
1790289140|20260925063220|922.68
1790289145|20260925063225|922.59
1790289160|20260925063240|922.53
1790289170|20260925063250|922.62
1790289175|20260925063255|922.70
1790289185|20260925063305|922.61
1790289195|20260925063315|922.70
1790289200|20260925063320|922.61
1790289205|20260925063325|922.60
1790289215|20260925063335|922.59
1790289220|20260925063340|922.63
1790289225|20260925063345|922.66
1790289230|20260925063350|922.79
1790289235|20260925063355|922.70
1790289245|20260925063405|922.76
1790289255|20260925063415|922.94
1790289260|20260925063420|922.79
1790289265|20260925063425|922.73
1790289305|20260925063505|922.73
1790289310|20260925063510|922.84
1790289315|20260925063515|922.71
1790289320|20260925063520|922.71
1790289325|20260925063525|922.70
1790289335|20260925063535|922.68
1790289340|20260925063540|922.50
1790289345|20260925063545|922.53
1790289350|20260925063550|922.50
1790289355|20260925063555|922.51
1790289370|20260925063610|922.51
1790289375|20260925063615|922.48
1790289380|20260925063620|922.49
1790289405|20260925063645|922.62
1790289410|20260925063650|922.86
1790289415|20260925063655|922.62
1790289435|20260925063715|922.51
1790289440|20260925063720|922.50
1790289445|20260925063725|922.56
1790289455|20260925063735|922.47
1790289460|20260925063740|922.54
1790289465|20260925063745|922.59
1790289470|20260925063750|922.72
1790289485|20260925063805|922.61
1790289490|20260925063810|922.76
1790289495|20260925063815|922.57
1790289505|20260925063825|922.63
1790289520|20260925063840|922.70
1790289525|20260925063845|922.68
1790289530|20260925063850|922.68
1790289535|20260925063855|922.67
1790289545|20260925063905|922.58
1790289550|20260925063910|922.53
1790289555|20260925063915|922.64
1790289560|20260925063920|922.37
1790289565|20260925063925|922.19
1790289600|20260925064000|922.29
1790289605|20260925064005|922.40
1790289610|20260925064010|922.29
1790289615|20260925064015|922.14
1790289620|20260925064020|922.33
1790289625|20260925064025|922.58
1790289635|20260925064035|922.57
1790289650|20260925064050|922.50
1790289655|20260925064055|922.43
1790289665|20260925064105|922.46
1790289670|20260925064110|922.48
1790289675|20260925064115|922.52
1790289680|20260925064120|922.59
1790289685|20260925064125|922.69
1790289695|20260925064135|922.45
1790289715|20260925064155|922.68
1790289725|20260925064205|922.61
1790289730|20260925064210|922.63
1790289735|20260925064215|922.66
1790289740|20260925064220|922.79
1790289745|20260925064225|922.76
1790289765|20260925064245|922.61
1790289775|20260925064255|922.68
1790289785|20260925064305|922.80
1790289790|20260925064310|922.67
1790289795|20260925064315|922.74
1790289800|20260925064320|922.62
1790289825|20260925064345|922.49
1790289850|20260925064410|922.69
1790289855|20260925064415|922.63
1790289860|20260925064420|922.74
1790289865|20260925064425|922.57
1790289905|20260925064505|922.51
1790289910|20260925064510|922.71
1790289915|20260925064515|922.58
1790289945|20260925064545|922.76
1790289950|20260925064550|922.86
1790289955|20260925064555|922.76
1790289960|20260925064600|922.69
1790289965|20260925064605|922.69
1790289970|20260925064610|922.80
1790289975|20260925064615|922.68
1790289980|20260925064620|922.77
1790290000|20260925064640|922.80
1790290005|20260925064645|922.65
1790290010|20260925064650|922.91
1790290015|20260925064655|922.78
1790290025|20260925064705|922.78
1790290030|20260925064710|922.65
1790290035|20260925064715|922.65
1790290040|20260925064720|922.69
1790290065|20260925064745|922.53
1790290075|20260925064755|922.64
1790290085|20260925064805|922.54
1790290090|20260925064810|922.54
1790290100|20260925064820|922.55
1790290105|20260925064825|922.69
1790290145|20260925064905|922.77
1790290155|20260925064915|922.62
1790290160|20260925064920|922.77
1790290165|20260925064925|922.63
1790290170|20260925064930|922.77
1790290175|20260925064935|922.82
1790290205|20260925065005|922.61
1790290210|20260925065010|922.62
1790290215|20260925065015|922.62
1790290220|20260925065020|922.62
1790290225|20260925065025|922.64
1790290240|20260925065040|922.87
1790290245|20260925065045|922.74
1790290265|20260925065105|922.77
1790290270|20260925065110|922.74
1790290275|20260925065115|922.74
1790290280|20260925065120|922.76
1790290285|20260925065125|922.80
1790290295|20260925065135|922.67
1790290300|20260925065140|922.74
1790290325|20260925065205|922.62
1790290340|20260925065220|922.78
1790290345|20260925065225|922.78
1790290355|20260925065235|922.64
1790290360|20260925065240|922.65
1790290365|20260925065245|922.73
1790290371|20260925065251|922.87
1790290376|20260925065256|922.61
1790290381|20260925065301|922.61
1790290462|20260925065422|922.78
1790290520|20260925065520|922.97
1790290525|20260925065525|922.88
1790290535|20260925065535|922.95
1790290540|20260925065540|922.85
1790290565|20260925065605|923.14
1790290570|20260925065610|922.89
1790290575|20260925065615|922.90
1790290580|20260925065620|923.05
1790290585|20260925065625|923.10
1790290595|20260925065635|923.32
1790290600|20260925065640|923.41
1790290605|20260925065645|923.28
1790290630|20260925065710|922.97
1790290640|20260925065720|922.94
1790290655|20260925065735|923.06
1790290660|20260925065740|922.93
1790290665|20260925065745|922.97
1790290670|20260925065750|922.97
1790290685|20260925065805|922.91
1790290690|20260925065810|922.89
1790290695|20260925065815|922.91
1790290700|20260925065820|922.91
1790290720|20260925065840|922.94
1790290725|20260925065845|922.95
1790290745|20260925065905|922.97
1790290750|20260925065910|922.86
1790290755|20260925065915|923.04
1790290760|20260925065920|922.91
1790290800|20260925070000|922.83
1790290805|20260925070005|923.02
1790290810|20260925070010|923.19
1790290815|20260925070015|923.01
1790290820|20260925070020|923.05
1790290840|20260925070040|923.01
1790290845|20260925070045|923.10
1790290850|20260925070050|923.07
1790290855|20260925070055|923.08
1790290865|20260925070105|922.99
1790290870|20260925070110|923.00
1790290875|20260925070115|922.96
1790290880|20260925070120|923.12
1790290895|20260925070135|922.94
1790290900|20260925070140|922.91
1790290910|20260925070150|922.94
1790290915|20260925070155|922.96
1790290925|20260925070205|922.95
1790290930|20260925070210|922.90
1790290935|20260925070215|922.89
1790290940|20260925070220|922.92
1790290945|20260925070225|922.95
1790290955|20260925070235|922.91
1790290965|20260925070245|923.14
1790290975|20260925070255|923.08
1790290990|20260925070310|923.21
1790290995|20260925070315|923.14
1790291000|20260925070320|923.13
1790291005|20260925070325|923.20
1790291015|20260925070335|923.07
1790291025|20260925070345|923.38
1790291035|20260925070355|923.31
1790291045|20260925070405|923.35
1790291050|20260925070410|923.22
1790291055|20260925070415|923.13
1790291060|20260925070420|923.13
1790291110|20260925070510|923.15
1790291115|20260925070515|923.26
1790291120|20260925070520|923.09
1790291125|20260925070525|923.20
1790291140|20260925070540|923.32
1790291175|20260925070615|923.13
1790291180|20260925070620|923.20
1790291185|20260925070625|923.17
1790291195|20260925070635|923.22
1790291210|20260925070650|923.33
1790291225|20260925070705|923.31
1790291230|20260925070710|923.31
1790291235|20260925070715|923.16
1790291240|20260925070720|923.04
1790291245|20260925070725|923.18
1790291255|20260925070735|923.16
1790291265|20260925070745|923.21
1790291275|20260925070755|923.20
1790291285|20260925070805|923.06
1790291290|20260925070810|923.20
1790291295|20260925070815|923.29
1790291300|20260925070820|922.97
1790291305|20260925070825|922.87
1790291310|20260925070830|922.82
1790291315|20260925070835|922.84
1790291330|20260925070850|922.83
1790291345|20260925070905|922.90
1790291350|20260925070910|922.93
1790291355|20260925070915|922.90
1790291365|20260925070925|923.02
1790291405|20260925071005|923.04
1790291410|20260925071010|922.93
1790291415|20260925071015|922.97
1790291420|20260925071020|922.97
1790291440|20260925071040|923.08
1790291455|20260925071055|923.11
1790291465|20260925071105|922.95
1790291470|20260925071110|923.03
1790291475|20260925071115|923.04
1790291480|20260925071120|923.26
1790291495|20260925071135|923.06
1790291500|20260925071140|923.08
1790291505|20260925071145|923.02
1790291515|20260925071155|923.12
1790291535|20260925071215|923.12
1790291545|20260925071225|923.11
1790291560|20260925071240|923.24
1790291565|20260925071245|923.12
1790291570|20260925071250|923.21
1790291585|20260925071305|923.03
1790291600|20260925071320|923.04
1790291625|20260925071345|923.25
1790291630|20260925071350|923.25
1790291645|20260925071405|923.08
1790291650|20260925071410|923.01
1790291655|20260925071415|923.34
1790291660|20260925071420|923.36
1790291700|20260925071500|923.18
1790291705|20260925071505|922.97
1790291715|20260925071515|923.12
1790291720|20260925071520|923.00
1790291725|20260925071525|923.00
1790291735|20260925071535|923.04
1790291740|20260925071540|922.93
1790291745|20260925071545|923.12
1790291750|20260925071550|923.03
1790291770|20260925071610|923.10
1790291780|20260925071620|923.17
1790291785|20260925071625|923.00
1790291795|20260925071635|923.16
1790291815|20260925071655|922.99
1790291825|20260925071705|922.93
1790291830|20260925071710|923.05
1790291835|20260925071715|922.88
1790291840|20260925071720|922.78
1790291845|20260925071725|923.01
1790291855|20260925071735|922.89
1790291860|20260925071740|923.03
1790291865|20260925071745|923.13
1790291870|20260925071750|923.00
1790291875|20260925071755|922.99
1790291885|20260925071805|922.84
1790291895|20260925071815|922.97
1790291900|20260925071820|922.92
1790291905|20260925071825|923.01
1790291915|20260925071835|923.15
1790291920|20260925071840|923.03
1790291925|20260925071845|923.17
1790291935|20260925071855|923.17
1790291945|20260925071905|923.13
1790291955|20260925071915|923.17
1790291960|20260925071920|923.22
1790291965|20260925071925|923.34
1790292005|20260925072005|923.21
1790292010|20260925072010|923.23
1790292015|20260925072015|923.30
1790292020|20260925072020|923.29
1790292025|20260925072025|923.27
1790292035|20260925072035|923.26
1790292045|20260925072045|923.13
1790292050|20260925072050|922.84
1790292065|20260925072105|922.95
1790292070|20260925072110|922.90
1790292075|20260925072115|922.91
1790292080|20260925072120|922.87
1790292095|20260925072135|922.94
1790292100|20260925072140|922.94
1790292105|20260925072145|923.22
1790292110|20260925072150|923.05
1790292115|20260925072155|922.96
1790292125|20260925072205|923.11
1790292130|20260925072210|922.97
1790292140|20260925072220|922.95
1790292170|20260925072250|923.08
1790292175|20260925072255|923.08
1790292185|20260925072305|922.96
1790292190|20260925072310|922.98
1790292205|20260925072325|923.04
1790292215|20260925072335|923.05
1790292220|20260925072340|923.05
1790292230|20260925072350|922.82
1790292250|20260925072410|923.04
1790292255|20260925072415|922.96
1790292260|20260925072420|922.95
1790292305|20260925072505|922.94
1790292310|20260925072510|922.96
1790292345|20260925072545|923.01
1790292350|20260925072550|923.02
1790292365|20260925072605|922.83
1790292370|20260925072610|922.82
1790292375|20260925072615|922.75
1790292380|20260925072620|922.78
1790292385|20260925072625|922.78
1790292395|20260925072635|922.92
1790292400|20260925072640|922.92
1790292405|20260925072645|922.91
1790292410|20260925072650|922.80
1790292430|20260925072710|922.82
1790292435|20260925072715|922.85
1790292440|20260925072720|922.89
1790292445|20260925072725|922.78
1790292475|20260925072755|922.88
1790292485|20260925072805|922.88
1790292495|20260925072815|922.87
1790292500|20260925072820|923.00
1790292505|20260925072825|923.01
1790292515|20260925072835|922.87
1790292520|20260925072840|922.87
1790292525|20260925072845|922.87
1790292530|20260925072850|922.87
1790292545|20260925072905|922.86
1790292550|20260925072910|922.80
1790292555|20260925072915|922.91
1790292560|20260925072920|922.76
1790292600|20260925073000|922.76
1790292605|20260925073005|922.71
1790292610|20260925073010|922.70
1790292615|20260925073015|922.73
1790292620|20260925073020|922.75
1790292625|20260925073025|922.72
1790292645|20260925073045|922.61
1790292650|20260925073050|922.62
1790292655|20260925073055|922.71
1790292665|20260925073105|922.92
1790292670|20260925073110|922.92
1790292675|20260925073115|922.94
1790292680|20260925073120|922.76
1790292700|20260925073140|923.01
1790292705|20260925073145|922.86
1790292710|20260925073150|922.91
1790292715|20260925073155|923.02
1790292725|20260925073205|922.97
1790292735|20260925073215|922.90
1790292755|20260925073235|922.95
1790292760|20260925073240|922.80
1790292765|20260925073245|922.91
1790292770|20260925073250|922.91
1790292775|20260925073255|922.90
1790292785|20260925073305|923.04
1790292790|20260925073310|923.09
1790292795|20260925073315|923.22
1790292800|20260925073320|923.07
1790292815|20260925073335|923.17
1790292820|20260925073340|923.12
1790292830|20260925073350|923.08
1790292835|20260925073355|923.18
1790292855|20260925073415|923.11
1790292860|20260925073420|923.14
1790292865|20260925073425|922.87
1790292905|20260925073505|922.85
1790292910|20260925073510|922.98
1790292920|20260925073520|922.93
1790292925|20260925073525|922.92
1790292935|20260925073535|922.95
1790292940|20260925073540|923.10
1790292950|20260925073550|922.92
1790292955|20260925073555|923.24
1790292975|20260925073615|923.18
1790292980|20260925073620|923.22
1790292985|20260925073625|923.06
1790292995|20260925073635|922.95
1790293000|20260925073640|922.99
1790293005|20260925073645|923.02
1790293010|20260925073650|923.04
1790293015|20260925073655|923.07
1790293025|20260925073705|923.13
1790293030|20260925073710|922.97
1790293035|20260925073715|922.95
1790293040|20260925073720|923.07
1790293060|20260925073740|922.93
1790293065|20260925073745|923.06
1790293070|20260925073750|923.18
1790293085|20260925073805|923.05
1790293095|20260925073815|923.00
1790293100|20260925073820|923.15
1790293130|20260925073850|923.19
1790293135|20260925073855|923.19
1790293145|20260925073905|923.50
1790293150|20260925073910|923.38
1790293155|20260925073915|923.55
1790293160|20260925073920|923.45
1790293165|20260925073925|923.33
1790293200|20260925074000|923.28
1790293205|20260925074005|923.40
1790293210|20260925074010|923.32
1790293215|20260925074015|923.30
1790293220|20260925074020|923.35
1790293240|20260925074040|923.28
1790293245|20260925074045|923.14
1790293250|20260925074050|923.26
1790293255|20260925074055|923.56
1790293265|20260925074105|923.21
1790293275|20260925074115|923.25
1790293280|20260925074120|923.24
1790293300|20260925074140|923.17
1790293305|20260925074145|923.13
1790293310|20260925074150|923.15
1790293315|20260925074155|923.17
1790293325|20260925074205|923.27
1790293335|20260925074215|923.13
1790293340|20260925074220|923.13
1790293345|20260925074225|923.11
1790293375|20260925074255|923.10
1790293385|20260925074305|923.20
1790293395|20260925074315|923.20
1790293400|20260925074320|923.05
1790293405|20260925074325|923.08
1790293415|20260925074335|923.12
1790293420|20260925074340|923.14
1790293430|20260925074350|923.16
1790293445|20260925074405|923.13
1790293450|20260925074410|923.15
1790293455|20260925074415|923.16
1790293460|20260925074420|923.18
1790293465|20260925074425|923.18
1790293500|20260925074500|923.37
1790293505|20260925074505|923.24
1790293510|20260925074510|923.19
1790293515|20260925074515|923.19
1790293520|20260925074520|923.33
1790293535|20260925074535|923.23
1790293540|20260925074540|923.37
1790293545|20260925074545|923.18
1790293550|20260925074550|923.14
1790293555|20260925074555|923.10
1790293565|20260925074605|923.05
1790293570|20260925074610|923.20
1790293575|20260925074615|923.24
1790293580|20260925074620|923.21
1790293585|20260925074625|923.20
1790293595|20260925074635|922.94
1790293600|20260925074640|922.89
1790293605|20260925074645|923.10
1790293625|20260925074705|923.04
1790293630|20260925074710|923.04
1790293635|20260925074715|923.13
1790293640|20260925074720|923.10
1790293645|20260925074725|923.10
1790293665|20260925074745|923.09
1790293670|20260925074750|923.22
1790293675|20260925074755|923.09
1790293685|20260925074805|923.17
1790293695|20260925074815|923.02
1790293700|20260925074820|923.02
1790293705|20260925074825|923.01
1790293715|20260925074835|923.00
1790293725|20260925074845|922.92
1790293745|20260925074905|922.78
1790293750|20260925074910|922.79
1790293755|20260925074915|922.93
1790293760|20260925074920|922.88
1790293765|20260925074925|923.01
1790293805|20260925075005|922.68
1790293810|20260925075010|922.62
1790293815|20260925075015|922.58
1790293820|20260925075020|922.41
1790293825|20260925075025|922.58
1790293835|20260925075035|922.49
1790293840|20260925075040|922.46
1790293845|20260925075045|922.62
1790293865|20260925075105|922.55
1790293870|20260925075110|922.49
1790293900|20260925075140|922.28
1790293915|20260925075155|922.23
1790293925|20260925075205|922.35
1790293930|20260925075210|922.22
1790293935|20260925075215|922.34
1790293955|20260925075235|922.23
1790293960|20260925075240|922.36
1790293965|20260925075245|922.28
1790293970|20260925075250|922.45
1790293975|20260925075255|922.34
1790293985|20260925075305|922.42
1790293990|20260925075310|922.52
1790293995|20260925075315|922.38
1790294005|20260925075325|922.34
1790294020|20260925075340|922.14
1790294025|20260925075345|922.23
1790294030|20260925075350|922.13
1790294035|20260925075355|922.24
1790294045|20260925075405|922.06
1790294060|20260925075420|922.00
1790294105|20260925075505|921.95
1790294115|20260925075515|921.86
1790294120|20260925075520|921.77
1790294125|20260925075525|921.71
1790294140|20260925075540|921.49
1790294145|20260925075545|921.60
1790294150|20260925075550|921.66
1790294155|20260925075555|921.50
1790294170|20260925075610|921.71
1790294200|20260925075640|921.52
1790294215|20260925075655|921.57
1790294225|20260925075705|921.59
1790294230|20260925075710|921.68
1790294235|20260925075715|921.51
1790294245|20260925075725|921.70
1790294260|20260925075740|921.54
1790294265|20260925075745|921.61
1790294270|20260925075750|921.47
1790294285|20260925075805|921.66
1790294295|20260925075815|921.56
1790294300|20260925075820|921.63
1790294408|20260925080008|921.19
1790294413|20260925080013|921.14
1790294429|20260925080029|921.51
1790294434|20260925080034|921.58
1790294445|20260925080045|921.43
1790294605|20260925080325|922.01
1790294645|20260925080405|922.01
1790294650|20260925080410|922.18
1790294655|20260925080415|922.25
1790294665|20260925080425|922.35
1790294700|20260925080500|922.27
1790294705|20260925080505|922.28
1790294710|20260925080510|922.25
1790294715|20260925080515|922.24
1790294720|20260925080520|922.24
1790294725|20260925080525|922.26
1790294735|20260925080535|922.14
1790294740|20260925080540|922.15
1790294745|20260925080545|922.01
1790294750|20260925080550|922.20
1790294755|20260925080555|922.21
1790294760|20260925080600|922.14
1790294765|20260925080605|922.18
1790294770|20260925080610|922.31
1790295025|20260925081025|922.24
1790295030|20260925081030|922.11
1790295100|20260925081140|921.75
1790295105|20260925081145|921.81
1790295110|20260925081150|921.67
1790295125|20260925081205|921.68
1790295130|20260925081210|921.63
1790295135|20260925081215|921.57
1790295140|20260925081220|921.59
1790295160|20260925081240|921.63
1790295170|20260925081250|921.60
1790295185|20260925081305|921.43
1790295200|20260925081320|921.51
1790295220|20260925081340|921.60
1790295225|20260925081345|921.70
1790295250|20260925081410|921.74
1790295255|20260925081415|921.68
1790295260|20260925081420|921.71
1790295265|20260925081425|921.47
1790295305|20260925081505|921.30
1790295310|20260925081510|921.23
1790295315|20260925081515|921.31
1790295320|20260925081520|921.24
1790295325|20260925081525|921.21
1790295335|20260925081535|921.31
1790295340|20260925081540|921.49
1790295345|20260925081545|921.42
1790295365|20260925081605|921.63
1790295370|20260925081610|921.55
1790295375|20260925081615|921.61
1790295380|20260925081620|921.66
1790295385|20260925081625|921.54
1790295405|20260925081645|921.59
1790295415|20260925081655|921.71
1790295425|20260925081705|921.86
1790295430|20260925081710|921.98
1790295435|20260925081715|921.87
1790295440|20260925081720|921.94
1790295460|20260925081740|921.81
1790295470|20260925081750|921.80
1790295490|20260925081810|921.91
1790295495|20260925081815|921.93
1790295500|20260925081820|921.89
1790295505|20260925081825|921.92
1790295515|20260925081835|921.96
1790295525|20260925081845|921.84
1790295535|20260925081855|921.73
1790295550|20260925081910|921.83
1790295560|20260925081920|921.78
1790295565|20260925081925|921.75
1790295605|20260925082005|921.81
1790295610|20260925082010|921.80
1790295845|20260925082405|922.22
1790295850|20260925082410|922.24
1790295855|20260925082415|922.29
1790295865|20260925082425|922.33
1790295875|20260925082435|922.26
1790295905|20260925082505|922.09
1790295910|20260925082510|921.99
1790295915|20260925082515|922.06
1790295925|20260925082525|922.29
1790296141|20260925082901|922.14
1790296200|20260925083000|922.59
1790296265|20260925083105|921.92
1790296270|20260925083110|921.96
1790296275|20260925083115|921.73
1790296280|20260925083120|921.83
1790296285|20260925083125|921.98
1790296305|20260925083145|921.96
1790296315|20260925083155|922.04
1790296325|20260925083205|922.03
1790296330|20260925083210|922.06
1790296335|20260925083215|922.03
1790296345|20260925083225|922.00
1790296365|20260925083245|921.78
1790296370|20260925083250|921.94
1790296375|20260925083255|921.92
1790296385|20260925083305|922.44
1790296395|20260925083315|922.23
1790296400|20260925083320|922.24
1790296405|20260925083325|922.23
1790296415|20260925083335|922.27
1790296420|20260925083340|922.38
1790296425|20260925083345|922.31
1790296430|20260925083350|922.25
1790296445|20260925083405|922.18
1790296450|20260925083410|922.23
1790296455|20260925083415|922.02
1790296460|20260925083420|922.22
1790296505|20260925083505|922.40
1790296515|20260925083515|922.52
1790296520|20260925083520|922.35
1790296540|20260925083540|922.52
1790296545|20260925083545|922.55
1790296550|20260925083550|922.36
1790296555|20260925083555|922.49
1790296565|20260925083605|922.46
1790296575|20260925083615|922.39
1790296580|20260925083620|922.35
1790296585|20260925083625|922.35
1790296600|20260925083640|922.33
1790296605|20260925083645|922.30
1790296610|20260925083650|922.25
1790296625|20260925083705|922.44
1790296630|20260925083710|922.52
1790296635|20260925083715|922.37
1790296645|20260925083725|922.38
1790296670|20260925083750|922.20
1790296675|20260925083755|922.33
1790296690|20260925083810|922.35
1790296695|20260925083815|922.32
1790296705|20260925083825|922.37
1790296715|20260925083835|922.21
1790296720|20260925083840|922.14
1790296725|20260925083845|922.10
1790296735|20260925083855|922.11
1790296745|20260925083905|922.10
1790296750|20260925083910|922.13
1790296765|20260925083925|922.15
1790296780|20260925083940|922.26
1790296800|20260925084000|922.21
1790296805|20260925084005|922.21
1790296810|20260925084010|922.26
1790296815|20260925084015|922.36
1790296820|20260925084020|922.46
1790296825|20260925084025|922.47
1790296835|20260925084035|922.49
1790296840|20260925084040|922.50
1790296845|20260925084045|922.53
1790296850|20260925084050|922.75
1790296855|20260925084055|922.68
1790296865|20260925084105|922.59
1790296870|20260925084110|922.59
1790296885|20260925084125|922.61
1790296905|20260925084145|922.78
1790296915|20260925084155|922.83
1790296925|20260925084205|922.60
1790296930|20260925084210|922.63
1790296935|20260925084215|922.64
1790296940|20260925084220|922.59
1790296955|20260925084235|922.52
1790296965|20260925084245|922.49
1790296970|20260925084250|922.60
1790296985|20260925084305|922.69
1790297000|20260925084320|922.72
1790297005|20260925084325|922.63
1790297020|20260925084340|922.62
1790297025|20260925084345|922.61
1790297035|20260925084355|922.61
1790297045|20260925084405|922.73
1790297060|20260925084420|922.53
1790297065|20260925084425|922.55
1790297095|20260925084455|922.55
1790297100|20260925084500|922.67
1790297105|20260925084505|922.63
1790297110|20260925084510|922.69
1790297120|20260925084520|922.68
1790297135|20260925084535|922.67
1790297140|20260925084540|922.66
1790297145|20260925084545|922.73
1790297165|20260925084605|922.64
1790297180|20260925084620|922.60
1790297185|20260925084625|922.75
1790297195|20260925084635|922.60
1790297205|20260925084645|922.60
1790297210|20260925084650|922.58
1790297215|20260925084655|922.60
1790297235|20260925084715|922.63
1790297255|20260925084735|922.55
1790297260|20260925084740|922.49
1790297265|20260925084745|922.49
1790297270|20260925084750|922.51
1790297275|20260925084755|922.43
1790297285|20260925084805|922.47
1790297290|20260925084810|922.46
1790297295|20260925084815|922.46
1790297300|20260925084820|922.61
1790297305|20260925084825|922.58
1790297325|20260925084845|922.85
1790297330|20260925084850|922.88
1790297355|20260925084915|922.86
1790297360|20260925084920|922.89
1790297365|20260925084925|922.92
1790297400|20260925085000|923.05
1790297405|20260925085005|922.99
1790297415|20260925085015|923.00
1790297420|20260925085020|923.04
1790297440|20260925085040|923.30
1790297445|20260925085045|923.17
1790297450|20260925085050|923.15
1790297455|20260925085055|923.06
1790297475|20260925085115|922.94
1790297480|20260925085120|923.02
1790297485|20260925085125|923.10
1790297495|20260925085135|923.21
1790297505|20260925085145|923.14
1790297540|20260925085220|923.03
1790297545|20260925085225|923.07
1790297555|20260925085235|923.08
1790297560|20260925085240|923.05
1790297565|20260925085245|923.18
1790297570|20260925085250|922.99
1790297575|20260925085255|922.92
1790297585|20260925085305|923.03
1790297590|20260925085310|923.06
1790297595|20260925085315|922.94
1790297600|20260925085320|922.90
1790297605|20260925085325|922.90
1790297615|20260925085335|922.86
1790297625|20260925085345|922.99
1790297630|20260925085350|923.24
1790297635|20260925085355|923.06
1790297645|20260925085405|923.06
1790297660|20260925085420|922.99
1790297705|20260925085505|922.96
1790297710|20260925085510|922.96
1790297735|20260925085535|923.14
1790297740|20260925085540|923.28
1790297745|20260925085545|923.16
1790297765|20260925085605|923.16
1790297770|20260925085610|923.19
1790297775|20260925085615|923.31
1790297785|20260925085625|923.53
1790297800|20260925085640|923.45
1790297825|20260925085705|923.82
1790297830|20260925085710|923.98
1790297855|20260925085735|924.28
1790297860|20260925085740|924.37
1790297865|20260925085745|924.25
1790297870|20260925085750|924.18
1790297875|20260925085755|924.47
1790297885|20260925085805|924.52
1790297890|20260925085810|924.53
1790297900|20260925085820|924.61
1790297905|20260925085825|924.51
1790297920|20260925085840|924.45
1790297925|20260925085845|924.54
1790297945|20260925085905|924.45
1790297950|20260925085910|924.76
1790297955|20260925085915|924.48
1790297960|20260925085920|924.46
1790297965|20260925085925|924.54
1790298000|20260925090000|924.28
1790298005|20260925090005|924.22
1790298010|20260925090010|924.05
1790298015|20260925090015|924.24
1790298020|20260925090020|924.09
1790298025|20260925090025|924.08
1790298050|20260925090050|924.78
1790298055|20260925090055|924.88
1790298065|20260925090105|924.98
1790298080|20260925090120|925.10
1790298085|20260925090125|925.01
1790298095|20260925090135|925.10
1790298100|20260925090140|925.01
1790298110|20260925090150|925.02
1790298130|20260925090210|925.19
1790298135|20260925090215|925.13
1790298140|20260925090220|925.26
1790298145|20260925090225|925.11
1790298160|20260925090240|925.14
1790298170|20260925090250|925.16
1790298175|20260925090255|925.07
1790298185|20260925090305|925.13
1790298200|20260925090320|925.18
1790298215|20260925090335|925.19
1790298220|20260925090340|925.18
1790298225|20260925090345|925.28
1790298235|20260925090355|925.34
1790298245|20260925090405|925.16
1790298255|20260925090415|924.96
1790298260|20260925090420|925.03
1790298310|20260925090510|924.77
1790298315|20260925090515|924.81
1790298320|20260925090520|924.67
1790298325|20260925090525|924.77
1790298350|20260925090550|925.19
1790298355|20260925090555|925.01
1790298365|20260925090605|925.10
1790298370|20260925090610|925.06
1790298375|20260925090615|924.93
1790298380|20260925090620|925.10
1790298385|20260925090625|924.99
1790298395|20260925090635|925.22
1790298415|20260925090655|925.18
1790298445|20260925090725|925.08
1790298455|20260925090735|925.15
1790298460|20260925090740|925.50
1790298465|20260925090745|925.45
1790298475|20260925090755|925.16
1790298485|20260925090805|925.37
1790298490|20260925090810|925.32
1790298495|20260925090815|925.29
1790298505|20260925090825|925.35
1790298515|20260925090835|925.33
1790298535|20260925090855|925.46
1790298550|20260925090910|925.33
1790298560|20260925090920|925.48
1790298565|20260925090925|925.62
1790298605|20260925091005|925.42
1790298610|20260925091010|925.35
1790298615|20260925091015|925.54
1790298620|20260925091020|925.54
1790298625|20260925091025|925.53
1790298635|20260925091035|925.42
1790298650|20260925091050|925.52
1790298655|20260925091055|925.70
1790298665|20260925091105|925.62
1790298670|20260925091110|925.78
1790298675|20260925091115|925.84
1790298680|20260925091120|925.85
1790298695|20260925091135|925.91
1790298705|20260925091145|925.99
1790298715|20260925091155|926.16
1790298725|20260925091205|926.09
1790298730|20260925091210|926.08
1790298735|20260925091215|926.27
1790298740|20260925091220|926.25
1790298755|20260925091235|926.14
1790298760|20260925091240|926.21
1790298770|20260925091250|925.77
1790298775|20260925091255|925.71
1790298795|20260925091315|925.76
1790298800|20260925091320|925.85
1790298805|20260925091325|925.83
1790298815|20260925091335|925.82
1790298835|20260925091355|926.37
1790298845|20260925091405|926.20
1790298860|20260925091420|926.42
1790298865|20260925091425|926.42
1790298880|20260925091440|926.37
1790298905|20260925091505|926.63
1790298925|20260925091525|926.71
1790298940|20260925091540|926.77
1790298950|20260925091550|926.86
1790298965|20260925091605|926.74
1790298970|20260925091610|926.89
1790298975|20260925091615|926.78
1790298980|20260925091620|926.90
1790298985|20260925091625|926.87
1790298995|20260925091635|926.61
1790299000|20260925091640|926.65
1790299005|20260925091645|926.87
1790299010|20260925091650|926.63
1790299015|20260925091655|926.63
1790299025|20260925091705|926.74
1790299035|20260925091715|926.72
1790299040|20260925091720|926.77
1790299045|20260925091725|926.80
1790299060|20260925091740|926.83
1790299065|20260925091745|926.97
1790299070|20260925091750|927.00
1790299075|20260925091755|926.92
1790299090|20260925091810|927.04
1790299095|20260925091815|926.96
1790299100|20260925091820|926.74
1790299105|20260925091825|926.86
1790299115|20260925091835|926.66
1790299125|20260925091845|926.66
1790299130|20260925091850|926.64
1790299135|20260925091855|926.58
1790299155|20260925091915|926.58
1790299165|20260925091925|926.70
1790299200|20260925092000|926.65
1790299210|20260925092010|926.60
1790299215|20260925092015|926.60
1790299220|20260925092020|926.66
1790299225|20260925092025|926.80
1790299240|20260925092040|926.96
1790299245|20260925092045|927.15
1790299255|20260925092055|927.00
1790299265|20260925092105|926.98
1790299270|20260925092110|927.06
1790299275|20260925092115|927.12
1790299280|20260925092120|927.19
1790299305|20260925092145|926.84
1790299310|20260925092150|927.18
1790299325|20260925092205|927.59
1790299330|20260925092210|927.39
1790299335|20260925092215|927.36
1790299345|20260925092225|927.33
1790299355|20260925092235|927.42
1790299360|20260925092240|927.27
1790299385|20260925092305|927.26
1790299390|20260925092310|927.14
1790299395|20260925092315|926.95
1790299400|20260925092320|927.04
1790299405|20260925092325|927.10
1790299425|20260925092345|927.22
1790299430|20260925092350|927.24
1790299435|20260925092355|927.16
1790299445|20260925092405|927.15
1790299455|20260925092415|927.22
1790299460|20260925092420|927.23
1790299465|20260925092425|927.09
1790299505|20260925092505|927.32
1790299515|20260925092515|927.16
1790299520|20260925092520|927.40
1790299525|20260925092525|927.29
1790299545|20260925092545|927.35
1790299550|20260925092550|927.64
1790299565|20260925092605|927.18
1790299575|20260925092615|927.31
1790299580|20260925092620|927.58
1790299600|20260925092640|927.32
1790299605|20260925092645|927.31
1790299615|20260925092655|927.45
1790299630|20260925092710|927.52
1790299635|20260925092715|927.30
1790299640|20260925092720|927.23
1790299645|20260925092725|927.41
1790299660|20260925092740|927.37
1790299665|20260925092745|927.50
1790299670|20260925092750|927.18
1790299675|20260925092755|927.15
1790299685|20260925092805|927.38
1790299695|20260925092815|927.24
1790299700|20260925092820|927.05
1790299715|20260925092835|927.27
1790299720|20260925092840|927.36
1790299745|20260925092905|927.52
1790299750|20260925092910|927.39
1790299755|20260925092915|927.38
1790299760|20260925092920|927.51
1790299765|20260925092925|927.37
1790299800|20260925093000|927.48
1790299805|20260925093005|927.45
1790299810|20260925093010|927.41
1790299815|20260925093015|927.40
1790299825|20260925093025|927.32
1790299845|20260925093045|927.41
1790299850|20260925093050|927.09
1790299855|20260925093055|927.16
1790299865|20260925093105|927.11
1790299870|20260925093110|927.12
1790299875|20260925093115|927.11
1790299885|20260925093125|927.45
1790299910|20260925093150|927.31
1790299915|20260925093155|927.30
1790299925|20260925093205|927.30
1790299930|20260925093210|927.63
1790299935|20260925093215|927.60
1790299940|20260925093220|927.58
1790299945|20260925093225|927.67
1790299960|20260925093240|927.42
1790299965|20260925093245|927.29
1790299975|20260925093255|927.34
1790299985|20260925093305|927.51
1790299995|20260925093315|927.50
1790300030|20260925093350|927.46
1790300035|20260925093355|927.52
1790300055|20260925093415|927.21
1790300060|20260925093420|927.40
1790300080|20260925093440|927.28
1790300105|20260925093505|927.28
1790300110|20260925093510|927.12
1790300120|20260925093520|927.06
1790300125|20260925093525|927.02
1790300150|20260925093550|927.29
1790300170|20260925093610|927.63
1790300175|20260925093615|927.48
1790300180|20260925093620|927.56
1790300205|20260925093645|927.51
1790300210|20260925093650|927.54
1790300225|20260925093705|927.48
1790300230|20260925093710|927.62
1790300235|20260925093715|927.81
1790300240|20260925093720|927.62
1790300265|20260925093745|927.82
1790300270|20260925093750|927.58
1790300275|20260925093755|927.74
1790300285|20260925093805|927.70
1790300290|20260925093810|927.96
1790300295|20260925093815|927.74
1790300315|20260925093835|927.48
1790300320|20260925093840|927.67
1790300330|20260925093850|927.58
1790300345|20260925093905|927.71
1790300350|20260925093910|927.83
1790300355|20260925093915|927.68
1790300360|20260925093920|927.77
1790300365|20260925093925|927.67
1790300410|20260925094010|927.65
1790300415|20260925094015|927.80
1790300420|20260925094020|927.67
1790300435|20260925094035|927.51
1790300440|20260925094040|927.57
1790300445|20260925094045|927.80
1790300450|20260925094050|927.67
1790300455|20260925094055|927.71
1790300470|20260925094110|927.67
1790300480|20260925094120|927.88
1790300495|20260925094135|927.71
1790300500|20260925094140|927.81
1790300505|20260925094145|927.80
1790300510|20260925094150|927.74
1790300525|20260925094205|927.65
1790300530|20260925094210|927.70
1790300535|20260925094215|927.69
1790300540|20260925094220|927.87
1790300545|20260925094225|927.81
1790300555|20260925094235|927.69
1790300560|20260925094240|927.78
1790300565|20260925094245|927.64
1790300575|20260925094255|927.79
1790300585|20260925094305|927.89
1790300590|20260925094310|927.61
1790300595|20260925094315|927.70
1790300600|20260925094320|927.73
1790300605|20260925094325|927.71
1790300620|20260925094340|927.65
1790300625|20260925094345|927.89
1790300630|20260925094350|927.75
1790300650|20260925094410|927.75
1790300655|20260925094415|927.73
1790300665|20260925094425|927.84
1790300705|20260925094505|927.21
1790300710|20260925094510|927.31
1790300715|20260925094515|927.18
1790300725|20260925094525|927.17
1790300740|20260925094540|927.01
1790300745|20260925094545|927.01
1790300750|20260925094550|926.91
1790300765|20260925094605|927.02
1790300780|20260925094620|926.89
1790300795|20260925094635|926.91
1790300800|20260925094640|926.75
1790300805|20260925094645|926.81
1790300810|20260925094650|926.71
1790300815|20260925094655|926.69
1790300825|20260925094705|926.69
1790300830|20260925094710|926.79
1790300840|20260925094720|926.78
1790300845|20260925094725|926.63
1790300860|20260925094740|926.54
1790300890|20260925094810|926.54
1790300900|20260925094820|926.48
1790300905|20260925094825|926.43
1790300915|20260925094835|926.27
1790300925|20260925094845|926.39
1790300930|20260925094850|926.21
1790300935|20260925094855|926.35
1790300979|20260925094939|926.14
1790300984|20260925094944|926.14
1790301006|20260925095006|926.16
1790301011|20260925095011|926.12
1790301022|20260925095022|926.34
1790301033|20260925095033|926.19
1790301044|20260925095044|926.24
1790301116|20260925095156|925.88
1790301127|20260925095207|925.92
1790301132|20260925095212|925.96
1790301138|20260925095218|926.15
1790301143|20260925095223|926.17
1790301149|20260925095229|926.36
1790301154|20260925095234|926.28
1790301165|20260925095245|926.13
1790301187|20260925095307|926.19
1790301225|20260925095345|925.94
1790301265|20260925095425|926.08
1790301270|20260925095430|926.06
1790301300|20260925095500|926.13
1790301305|20260925095505|926.13
1790301315|20260925095515|926.21
1790301325|20260925095525|926.15
1790301335|20260925095535|926.17
1790301345|20260925095545|926.09
1790301350|20260925095550|926.08
1790301365|20260925095605|926.26
1790301370|20260925095610|926.11
1790301375|20260925095615|926.21
1790301380|20260925095620|926.42
1790301405|20260925095645|926.06
1790301435|20260925095715|926.14
1790301440|20260925095720|926.13
1790301445|20260925095725|926.34
1790301455|20260925095735|926.10
1790301460|20260925095740|926.23
1790301470|20260925095750|926.05
1790301490|20260925095810|926.37
1790301495|20260925095815|926.17
1790301500|20260925095820|926.30
1790301515|20260925095835|926.12
1790301525|20260925095845|926.11
1790301535|20260925095855|926.10
1790301555|20260925095915|926.37
1790301565|20260925095925|926.67
1790301600|20260925100000|926.37
1790301605|20260925100005|926.36
1790301610|20260925100010|926.26
1790301615|20260925100015|926.33
1790301620|20260925100020|926.43
1790301645|20260925100045|926.19
1790301650|20260925100050|926.20
1790301655|20260925100055|926.33
1790301665|20260925100105|926.34
1790301670|20260925100110|926.37
1790301675|20260925100115|926.29
1790301680|20260925100120|926.38
1790301685|20260925100125|926.32
1790301700|20260925100140|926.53
1790301705|20260925100145|926.49
1790301710|20260925100150|926.37
1790301730|20260925100210|926.40
1790301760|20260925100240|926.71
1790301765|20260925100245|926.87
1790301770|20260925100250|926.86
1790301785|20260925100305|926.78
1790301790|20260925100310|926.87
1790301820|20260925100340|926.87
1790301830|20260925100350|927.22
1790301850|20260925100410|926.85
1790301900|20260925100500|926.87
1790301905|20260925100505|926.95
1790301920|20260925100520|927.05
1790301925|20260925100525|927.24
1790301945|20260925100545|927.06
1790301965|20260925100605|926.99
1790301975|20260925100615|926.90
1790301980|20260925100620|926.90
1790301985|20260925100625|926.96
1790301995|20260925100635|927.10
1790302000|20260925100640|927.09
1790302005|20260925100645|927.22
1790302010|20260925100650|927.16
1790302015|20260925100655|927.40
1790302025|20260925100705|927.28
1790302030|20260925100710|927.37
1790302035|20260925100715|927.40
1790302040|20260925100720|927.45
1790302055|20260925100735|927.50
1790302060|20260925100740|927.52
1790302065|20260925100745|927.56
1790302100|20260925100820|927.48
1790302105|20260925100825|927.53
1790302120|20260925100840|927.22
1790302125|20260925100845|927.33
1790302130|20260925100850|927.36
1790302145|20260925100905|927.42
1790302155|20260925100915|927.51
1790302160|20260925100920|927.71
1790302165|20260925100925|927.94
1790302215|20260925101015|927.54
1790302220|20260925101020|927.58
1790302225|20260925101025|927.64
1790302235|20260925101035|927.60
1790302240|20260925101040|927.58
1790302245|20260925101045|927.72
1790302255|20260925101055|927.46
1790302265|20260925101105|927.36
1790302270|20260925101110|927.38
1790302275|20260925101115|927.24
1790302295|20260925101135|927.23
1790302315|20260925101155|927.30
1790302330|20260925101210|927.13
1790302340|20260925101220|927.15
1790302375|20260925101255|926.97
1790302385|20260925101305|926.90
1790302390|20260925101310|926.83
1790302395|20260925101315|926.78
1790302420|20260925101340|926.69
1790302425|20260925101345|926.97
1790302430|20260925101350|927.07
1790302435|20260925101355|927.17
1790302445|20260925101405|926.94
1790302450|20260925101410|926.97
1790302460|20260925101420|926.90
1790302465|20260925101425|927.03
1790302505|20260925101505|926.68
1790302525|20260925101525|926.95
1790302535|20260925101535|926.73
1790302545|20260925101545|926.54
1790302555|20260925101555|926.48
1790302570|20260925101610|926.57
1790302575|20260925101615|926.49
1790302580|20260925101620|926.41
1790302595|20260925101635|926.56
1790302605|20260925101645|926.40
1790302610|20260925101650|926.48
1790302625|20260925101705|926.49
1790302640|20260925101720|926.70
1790302655|20260925101735|926.48
1790302660|20260925101740|926.48
1790302665|20260925101745|926.63
1790302670|20260925101750|926.64
1790302685|20260925101805|926.52
1790302690|20260925101810|926.51
1790302695|20260925101815|926.52
1790302700|20260925101820|926.49
1790302720|20260925101840|926.48
1790302725|20260925101845|926.54
1790302755|20260925101915|926.71
1790302765|20260925101925|926.83
1790302790|20260925101950|926.79
1790302805|20260925102005|927.03
1790302810|20260925102010|927.02
1790302815|20260925102015|926.81
1790302820|20260925102020|926.80
1790302825|20260925102025|927.15
1790302835|20260925102035|926.99
1790302840|20260925102040|927.04
1790302845|20260925102045|927.03
1790302870|20260925102110|927.08
1790302875|20260925102115|927.07
1790302880|20260925102120|927.08
1790302885|20260925102125|926.95
1790302900|20260925102140|926.96
1790302910|20260925102150|927.14
1790302930|20260925102210|927.15
1790302935|20260925102215|927.12
1790302940|20260925102220|927.23
1790302945|20260925102225|926.86
1790302955|20260925102235|926.93
1790302960|20260925102240|927.02
1790302975|20260925102255|927.09
1790302985|20260925102305|927.00
1790302995|20260925102315|927.19
1790303000|20260925102320|927.25
1790303005|20260925102325|927.13
1790303015|20260925102335|927.01
1790303020|20260925102340|927.01
1790303025|20260925102345|926.92
1790303035|20260925102355|926.76
1790303050|20260925102410|926.80
1790303055|20260925102415|927.08
1790303060|20260925102420|926.98
1790303065|20260925102425|927.14
1790303110|20260925102510|926.71
1790303125|20260925102525|926.60
1790303135|20260925102535|926.60
1790303145|20260925102545|926.84
1790303150|20260925102550|926.87
1790303165|20260925102605|926.64
1790303170|20260925102610|926.66
1790303175|20260925102615|926.80
1790303185|20260925102625|926.73
1790303225|20260925102705|926.59
1790303230|20260925102710|926.58
1790303235|20260925102715|926.57
1790303240|20260925102720|926.58
1790303245|20260925102725|926.61
1790303265|20260925102745|926.57
1790303285|20260925102805|926.41
1790303295|20260925102815|926.49
1790303300|20260925102820|926.53
1790303315|20260925102835|926.80
1790303330|20260925102850|926.43
1790303335|20260925102855|926.42
1790303345|20260925102905|926.37
1790303350|20260925102910|926.37
1790303390|20260925102950|926.25
1790303400|20260925103000|926.22
1790303410|20260925103010|926.26
1790303415|20260925103015|926.24
1790303420|20260925103020|926.25
1790303425|20260925103025|926.16
1790303435|20260925103035|926.30
1790303440|20260925103040|926.30
1790303470|20260925103110|926.23
1790303475|20260925103115|926.22
1790303480|20260925103120|926.15
1790303485|20260925103125|926.16
1790303510|20260925103150|926.34
1790303515|20260925103155|926.28
1790303525|20260925103205|926.19
1790303530|20260925103210|926.06
1790303535|20260925103215|926.03
1790303540|20260925103220|926.03
1790303545|20260925103225|926.07
1790303570|20260925103250|926.35
1790303575|20260925103255|926.22
1790303585|20260925103305|926.34
1790303590|20260925103310|926.12
1790303595|20260925103315|926.15
1790303600|20260925103320|926.41
1790303615|20260925103335|926.25
1790303625|20260925103345|926.23
1790303630|20260925103350|926.36
1790303635|20260925103355|926.21
1790303645|20260925103405|926.15
1790303650|20260925103410|926.27
1790303655|20260925103415|926.27
1790303660|20260925103420|926.13
1790303705|20260925103505|926.09
1790303715|20260925103515|926.13
1790303720|20260925103520|926.01
1790303725|20260925103525|926.06
1790303735|20260925103535|925.97
1790303740|20260925103540|925.96
1790303745|20260925103545|925.95
1790303765|20260925103605|925.99
1790303770|20260925103610|925.98
1790303775|20260925103615|925.93
1790303780|20260925103620|925.92
1790303785|20260925103625|925.93
1790303795|20260925103635|925.90
1790303800|20260925103640|926.29
1790303805|20260925103645|926.41
1790303844|20260925103724|926.40
1790303849|20260925103729|926.00
1790304243|20260925104403|925.62
1790304249|20260925104409|925.87
1790304254|20260925104414|926.23
1790304260|20260925104420|926.01
1790304271|20260925104431|925.91
1790304277|20260925104437|925.97
1790304288|20260925104448|925.75
1790304300|20260925104500|925.78
1790304320|20260925104520|925.85
1790304340|20260925104540|925.52
1790304345|20260925104545|925.49
1790304365|20260925104605|925.58
1790304370|20260925104610|925.44
1790304375|20260925104615|925.45
1790304380|20260925104620|925.43
1790304385|20260925104625|925.48
1790304400|20260925104640|925.30
1790304405|20260925104645|925.26
1790304415|20260925104655|925.20
1790304435|20260925104715|925.37
1790304445|20260925104725|925.27
1790304455|20260925104735|925.62
1790304460|20260925104740|925.47
1790304465|20260925104745|925.47
1790304485|20260925104805|925.02
1790304495|20260925104815|925.04
1790304500|20260925104820|924.98
1790304505|20260925104825|924.94
1790304515|20260925104835|924.99
1790304520|20260925104840|924.94
1790304525|20260925104845|924.93
1790304530|20260925104850|924.94
1790304545|20260925104905|924.88
1790304550|20260925104910|925.03
1790304560|20260925104920|924.86
1790304600|20260925105000|925.00
1790304605|20260925105005|924.74
1790304610|20260925105010|924.63
1790304615|20260925105015|924.60
1790304620|20260925105020|924.63
1790304625|20260925105025|924.51
1790304635|20260925105035|924.44
1790304640|20260925105040|924.38
1790304650|20260925105050|924.52
1790304655|20260925105055|924.61
1790304665|20260925105105|924.44
1790304670|20260925105110|924.38
1790304675|20260925105115|924.40
1790304680|20260925105120|924.27
1790304685|20260925105125|924.28
1790304695|20260925105135|924.35
1790304700|20260925105140|924.40
1790304705|20260925105145|924.47
1790304710|20260925105150|924.19
1790304725|20260925105205|924.43
1790304730|20260925105210|924.35
1790304740|20260925105220|924.34
1790304745|20260925105225|924.37
1790304755|20260925105235|924.19
1790304760|20260925105240|924.18
1790304775|20260925105255|924.40
1790304790|20260925105310|924.32
1790304800|20260925105320|924.45
1790304805|20260925105325|924.47
1790304815|20260925105335|924.49
1790304825|20260925105345|924.84
1790304845|20260925105405|924.57
1790304850|20260925105410|924.64
1790304855|20260925105415|924.54
1790304860|20260925105420|924.56
1790304865|20260925105425|924.58
1790304875|20260925105435|924.68
1790304905|20260925105505|924.93
1790304910|20260925105510|924.96
1790304915|20260925105515|925.23
1790304925|20260925105525|925.01
1790304935|20260925105535|925.28
1790304945|20260925105545|925.30
1790304950|20260925105550|925.01
1790304985|20260925105625|925.39
1790305005|20260925105645|925.06
1790305010|20260925105650|925.11
1790305015|20260925105655|925.10
1790305025|20260925105705|925.00
1790305035|20260925105715|925.11
1790305055|20260925105735|925.27
1790305075|20260925105755|925.17
1790305085|20260925105805|925.18
1790305100|20260925105820|925.24
1790305105|20260925105825|925.27
1790305125|20260925105845|925.19
1790305145|20260925105905|925.34
1790305155|20260925105915|925.38
1790305160|20260925105920|925.79
1790305200|20260925110000|925.26
1790305205|20260925110005|925.24
1790305210|20260925110010|925.25
1790305215|20260925110015|925.30
1790305220|20260925110020|925.41
1790305225|20260925110025|925.46
1790305235|20260925110035|925.40
1790305250|20260925110050|925.64
1790305255|20260925110055|925.49
1790305275|20260925110115|925.32
1790305285|20260925110125|925.30
1790305295|20260925110135|925.13
1790305300|20260925110140|925.18
1790305305|20260925110145|925.11
1790305310|20260925110150|925.10
1790305330|20260925110210|925.12
1790305335|20260925110215|925.13
1790305340|20260925110220|925.04
1790305355|20260925110235|925.18
1790305365|20260925110245|925.27
1790305375|20260925110255|925.42
1790305385|20260925110305|925.05
1790305390|20260925110310|925.03
1790305400|20260925110320|925.04
1790305405|20260925110325|925.31
1790305415|20260925110335|925.11
1790305425|20260925110345|925.28
1790305445|20260925110405|925.12
1790305450|20260925110410|924.96
1790305455|20260925110415|924.97
1790305465|20260925110425|925.09
1790305505|20260925110505|925.25
1790305510|20260925110510|925.26
1790305515|20260925110515|925.30
1790305520|20260925110520|925.29
1790305525|20260925110525|925.34
1790305535|20260925110535|925.37
1790305540|20260925110540|925.58
1790305545|20260925110545|925.50
1790305550|20260925110550|925.72
1790305565|20260925110605|925.44
1790305575|20260925110615|925.46
1790305580|20260925110620|925.35
1790305585|20260925110625|925.36
1790305595|20260925110635|925.54
1790305605|20260925110645|925.76
1790305625|20260925110705|925.62
1790305635|20260925110715|925.62
1790305640|20260925110720|925.52
1790305645|20260925110725|925.63
1790305655|20260925110735|925.51
1790305660|20260925110740|925.50
1790305665|20260925110745|925.52
1790305670|20260925110750|925.58
1790305675|20260925110755|925.69
1790305685|20260925110805|925.77
1790305690|20260925110810|925.71
1790305695|20260925110815|925.77
1790305700|20260925110820|925.75
1790305705|20260925110825|925.90
1790305730|20260925110850|925.74
1790305735|20260925110855|925.49
1790305740|20260925110900|925.45
1790305745|20260925110905|925.50
1790305760|20260925110920|925.33
1790305765|20260925110925|925.36
1790305800|20260925111000|925.45
1790305805|20260925111005|925.53
1790305810|20260925111010|925.48
1790305815|20260925111015|925.31
1790305820|20260925111020|925.25
1790305825|20260925111025|925.28
1790305835|20260925111035|925.19
1790305840|20260925111040|925.30
1790305845|20260925111045|925.36
1790305850|20260925111050|925.27
1790305855|20260925111055|925.24
1790305870|20260925111110|925.57
1790305880|20260925111120|925.43
1790305885|20260925111125|925.42
1790305900|20260925111140|925.51
1790305905|20260925111145|925.48
1790305915|20260925111155|925.35
1790305925|20260925111205|925.40
1790305930|20260925111210|925.27
1790305935|20260925111215|925.52
1790305965|20260925111245|925.29
1790306000|20260925111320|925.37
1790306015|20260925111335|925.20
1790306025|20260925111345|925.08
1790306030|20260925111350|925.33
1790306060|20260925111420|925.12
1790306065|20260925111425|925.06
1790306105|20260925111505|925.25
1790306115|20260925111515|925.12
1790306120|20260925111520|925.05
1790306125|20260925111525|925.05
1790306135|20260925111535|925.29
1790306140|20260925111540|925.31
1790306145|20260925111545|925.43
1790306155|20260925111555|925.43
1790306165|20260925111605|925.46
1790306175|20260925111615|925.52
1790306185|20260925111625|925.41
1790306205|20260925111645|925.42
1790306215|20260925111655|925.31
1790306230|20260925111710|925.41
1790306633|20260925112353|925.11
1790306685|20260925112445|925.13
1790306700|20260925112500|925.02
1790306775|20260925112615|924.77
1790306827|20260925112707|924.35
1790306850|20260925112730|924.30
1790307170|20260925113250|923.96
1790307175|20260925113255|923.96
1790307185|20260925113305|924.16
1790307190|20260925113310|924.00
1790307200|20260925113320|923.82
1790307215|20260925113335|923.96
1790307220|20260925113340|923.97
1790307225|20260925113345|924.00
1790307235|20260925113355|923.96
1790307245|20260925113405|923.98
1790307250|20260925113410|924.10
1790307255|20260925113415|924.22
1790307260|20260925113420|923.92
1790307265|20260925113425|923.94
1790307305|20260925113505|923.85
1790307310|20260925113510|923.69
1790307315|20260925113515|923.64
1790307325|20260925113525|923.73
1790307335|20260925113535|923.73
1790307345|20260925113545|923.77
1790307355|20260925113555|923.63
1790307365|20260925113605|923.92
1790307370|20260925113610|923.77
1790307375|20260925113615|923.78
1790307380|20260925113620|923.51
1790307410|20260925113650|923.27
1790307425|20260925113705|923.12
1790307430|20260925113710|923.23
1790307435|20260925113715|923.22
1790307440|20260925113720|923.23
1790307445|20260925113725|923.19
1790307455|20260925113735|923.24
1790307460|20260925113740|923.22
1790307465|20260925113745|923.34
1790307475|20260925113755|923.21
1790307490|20260925113810|923.21
1790307500|20260925113820|923.27
1790307505|20260925113825|923.39
1790307515|20260925113835|923.36
1790307520|20260925113840|923.36
1790307525|20260925113845|923.41
1790307535|20260925113855|923.57
1790307545|20260925113905|923.52
1790307550|20260925113910|923.54
1790307555|20260925113915|923.33
1790307560|20260925113920|923.33
1790307600|20260925114000|923.33
1790307605|20260925114005|923.27
1790307610|20260925114010|923.27
1790307615|20260925114015|923.32
1790307620|20260925114020|923.34
1790307625|20260925114025|923.38
1790307635|20260925114035|923.39
1790307640|20260925114040|923.41
1790307665|20260925114105|923.37
1790307675|20260925114115|923.37
1790307680|20260925114120|923.41
1790307705|20260925114145|923.33
1790307710|20260925114150|923.36
1790307715|20260925114155|923.22
1790307725|20260925114205|923.30
1790307730|20260925114210|923.30
1790307735|20260925114215|923.30
1790307740|20260925114220|923.37
1790307755|20260925114235|923.61
1790307760|20260925114240|923.58
1790307765|20260925114245|923.72
1790307775|20260925114255|923.63
1790307785|20260925114305|923.61
1790307795|20260925114315|923.88
1790307800|20260925114320|923.49
1790307825|20260925114345|923.47
1790307835|20260925114355|923.82
1790307850|20260925114410|923.43
1790307855|20260925114415|923.44
1790307865|20260925114425|923.38
1790307880|20260925114440|923.39
1790307915|20260925114515|923.26
1790307920|20260925114520|923.25
1790307925|20260925114525|923.09
1790307935|20260925114535|923.15
1790307940|20260925114540|923.17
1790307945|20260925114545|923.21
1790307950|20260925114550|923.09
1790307965|20260925114605|922.83
1790307970|20260925114610|922.87
1790307980|20260925114620|923.00
1790307985|20260925114625|923.16
1790308000|20260925114640|922.85
1790308005|20260925114645|922.65
1790308010|20260925114650|922.82
1790308025|20260925114705|922.95
1790308030|20260925114710|922.85
1790308035|20260925114715|922.97
1790308040|20260925114720|922.78
1790308045|20260925114725|922.92
1790308060|20260925114740|922.79
1790308065|20260925114745|922.93
1790308070|20260925114750|922.77
1790308075|20260925114755|922.90
1790308085|20260925114805|922.90
1790308090|20260925114810|922.67
1790308095|20260925114815|922.76
1790308100|20260925114820|922.77
1790308105|20260925114825|922.65
1790308120|20260925114840|922.91
1790308130|20260925114850|922.77
1790308145|20260925114905|922.71
1790308150|20260925114910|922.86
1790308160|20260925114920|922.80
1790308165|20260925114925|922.79
1790308205|20260925115005|922.58
1790308225|20260925115025|923.01
1790308235|20260925115035|922.97
1790308240|20260925115040|922.89
1790308245|20260925115045|922.96
1790308265|20260925115105|922.85
1790308275|20260925115115|922.97
1790308280|20260925115120|922.86
1790308295|20260925115135|922.70
1790308305|20260925115145|923.13
1790308310|20260925115150|922.87
1790308315|20260925115155|922.89
1790308325|20260925115205|922.90
1790308330|20260925115210|922.93
1790308335|20260925115215|922.88
1790308340|20260925115220|922.88
1790308360|20260925115240|922.87
1790308365|20260925115245|922.89
1790308370|20260925115250|922.86
1790308390|20260925115310|922.80
1790308395|20260925115315|922.92
1790308400|20260925115320|922.86
1790308405|20260925115325|922.90
1790308415|20260925115335|922.74
1790308420|20260925115340|922.76
1790308425|20260925115345|923.04
1790308435|20260925115355|922.78
1790308450|20260925115410|922.74
1790308465|20260925115425|922.74
1790308505|20260925115505|922.96
1790308510|20260925115510|922.88
1790308520|20260925115520|922.85
1790308525|20260925115525|922.58
1790308535|20260925115535|922.56
1790308540|20260925115540|922.63
1790308545|20260925115545|922.57
1790308555|20260925115555|922.59
1790308565|20260925115605|922.65
1790308575|20260925115615|922.71
1790308585|20260925115625|922.59
1790308595|20260925115635|922.70
1790308615|20260925115655|922.64
1790308625|20260925115705|922.77
1790308630|20260925115710|922.59
1790308635|20260925115715|922.86
1790308640|20260925115720|922.51
1790308645|20260925115725|922.52
1790308655|20260925115735|922.58
1790308660|20260925115740|922.75
1790308665|20260925115745|922.55
1790308670|20260925115750|922.52
1790308675|20260925115755|922.63
1790308685|20260925115805|922.50
1790308695|20260925115815|922.61
1790308705|20260925115825|922.42
1790308715|20260925115835|922.46
1790308720|20260925115840|922.45
1790308725|20260925115845|922.44
1790308745|20260925115905|922.49
1790308750|20260925115910|922.49
1790308760|20260925115920|922.51
1790308800|20260925120000|922.37
1790308805|20260925120005|922.37
1790308810|20260925120010|922.32
1790308815|20260925120015|922.37
1790308820|20260925120020|922.45
1790308825|20260925120025|922.48
1790308840|20260925120040|922.34
1790308845|20260925120045|922.34
1790308850|20260925120050|922.31
1790308865|20260925120105|922.56
1790308875|20260925120115|922.40
1790308880|20260925120120|922.37
1790308885|20260925120125|922.47
1790308895|20260925120135|922.35
1790308900|20260925120140|922.45
1790308905|20260925120145|922.50
1790308910|20260925120150|922.49
1790308925|20260925120205|922.57
1790308930|20260925120210|922.87
1790308940|20260925120220|922.40
1790308945|20260925120225|922.37
1790308985|20260925120305|922.53
1790308995|20260925120315|922.24
1790309000|20260925120320|922.22
1790309005|20260925120325|922.27
1790309020|20260925120340|922.18
1790309025|20260925120345|922.09
1790309030|20260925120350|922.18
1790309045|20260925120405|922.50
1790309050|20260925120410|922.54
1790309055|20260925120415|922.53
1790309060|20260925120420|922.62
1790309065|20260925120425|922.53
1790309105|20260925120505|922.55
1790309110|20260925120510|922.55
1790309115|20260925120515|922.54
1790309120|20260925120520|922.58
1790309125|20260925120525|922.86
1790309135|20260925120535|922.59
1790309145|20260925120545|922.63
1790309150|20260925120550|922.70
1790309155|20260925120555|922.72
1790309165|20260925120605|922.67
1790309170|20260925120610|922.67
1790309175|20260925120615|922.64
1790309205|20260925120645|922.28
1790309210|20260925120650|922.62
1790309215|20260925120655|922.19
1790309225|20260925120705|922.36
1790309230|20260925120710|922.31
1790309245|20260925120725|922.20
1790309265|20260925120745|922.42
1790309275|20260925120755|922.41
1790309295|20260925120815|922.29
1790309300|20260925120820|922.29
1790309305|20260925120825|922.42
1790309320|20260925120840|922.34
1790309325|20260925120845|922.54
1790309330|20260925120850|922.59
1790309345|20260925120905|922.31
1790309350|20260925120910|922.17
1790309355|20260925120915|922.18
1790309360|20260925120920|922.18
1790309365|20260925120925|922.27
1790309380|20260925120940|922.44
1790309400|20260925121000|922.56
1790309405|20260925121005|922.55
1790309410|20260925121010|922.53
1790309415|20260925121015|922.39
1790309420|20260925121020|922.41
1790309425|20260925121025|922.37
1790309445|20260925121045|922.36
1790309450|20260925121050|922.47
1790309455|20260925121055|922.74
1790309465|20260925121105|922.39
1790309470|20260925121110|922.43
1790309480|20260925121120|922.27
1790309485|20260925121125|922.14
1790309495|20260925121135|922.27
1790309500|20260925121140|922.16
1790309510|20260925121150|922.22
1790309525|20260925121205|922.43
1790309535|20260925121215|922.64
1790309545|20260925121225|922.26
1790309560|20260925121240|922.25
1790309565|20260925121245|922.28
1790309570|20260925121250|922.44
1790309575|20260925121255|922.22
1790309585|20260925121305|922.28
1790309590|20260925121310|922.27
1790309595|20260925121315|922.28
1790309600|20260925121320|922.30
1790309605|20260925121325|922.36
1790309615|20260925121335|922.31
1790309620|20260925121340|922.23
1790309625|20260925121345|922.21
1790309630|20260925121350|922.22
1790309645|20260925121405|922.05
1790309660|20260925121420|921.94
1790309665|20260925121425|922.16
1790309705|20260925121505|921.81
1790309710|20260925121510|921.92
1790309715|20260925121515|921.92
1790309725|20260925121525|921.97
1790309745|20260925121545|922.07
1790309755|20260925121555|921.95
1790309765|20260925121605|922.01
1790309770|20260925121610|921.96
1790309775|20260925121615|921.98
1790309785|20260925121625|922.26
1790309795|20260925121635|921.94
1790309805|20260925121645|921.98
1790309810|20260925121650|922.09
1790309815|20260925121655|922.00
1790309830|20260925121710|922.01
1790309835|20260925121715|922.04
1790309840|20260925121720|922.14
1790309855|20260925121735|922.09
1790309860|20260925121740|922.07
1790309905|20260925121825|922.35
1790309915|20260925121835|922.04
1790309925|20260925121845|921.91
1790309930|20260925121850|921.90
1790309935|20260925121855|922.43
1790309945|20260925121905|921.87
1790309984|20260925121944|921.88
1790309989|20260925121949|922.07
1790310170|20260925122250|922.17
1790310185|20260925122305|922.40
1790310190|20260925122310|922.42
1790310205|20260925122325|922.19
1790310215|20260925122335|922.18
1790310220|20260925122340|922.20
1790310225|20260925122345|922.32
1790310230|20260925122350|922.22
1790310235|20260925122355|922.24
1790310245|20260925122405|922.50
1790310250|20260925122410|922.47
1790310260|20260925122420|922.59
1790310305|20260925122505|922.44
1790310310|20260925122510|922.45
1790310325|20260925122525|922.68
1790310335|20260925122535|922.62
1790310345|20260925122545|922.43
1790310350|20260925122550|922.44
1790310355|20260925122555|922.61
1790310360|20260925122600|922.59
1790310365|20260925122605|922.57
1790310370|20260925122610|922.42
1790310375|20260925122615|922.69
1790310380|20260925122620|922.58
1790310385|20260925122625|922.42
1790310400|20260925122640|922.43
1790310405|20260925122645|922.31
1790310410|20260925122650|922.50
1790310415|20260925122655|922.34
1790310435|20260925122715|922.35
1790310440|20260925122720|922.62
1790310455|20260925122735|922.70
1790310460|20260925122740|922.86
1790310465|20260925122745|922.62
1790310475|20260925122755|922.51
1790310485|20260925122805|922.49
1790310495|20260925122815|922.65
1790310524|20260925122844|922.68
1790310535|20260925122855|922.61
1790310635|20260925123035|922.58
1790310665|20260925123105|922.60
1790310695|20260925123135|922.63
1790310700|20260925123140|922.76
1790310705|20260925123145|922.57
1790310720|20260925123200|922.74
1790310725|20260925123205|922.55
1790310735|20260925123215|922.70
1790310755|20260925123235|922.70
1790310765|20260925123245|922.54
1790310770|20260925123250|922.56
1790310800|20260925123320|922.40
1790310805|20260925123325|922.47
1790310815|20260925123335|922.73
1790310820|20260925123340|922.65
1790310825|20260925123345|922.55
1790310830|20260925123350|922.55
1790310835|20260925123355|922.68
1790310845|20260925123405|922.56
1790310855|20260925123415|922.55
1790310860|20260925123420|922.81
1790310865|20260925123425|922.58
1790310905|20260925123505|922.68
1790310910|20260925123510|922.80
1790310915|20260925123515|922.93
1790310925|20260925123525|922.85
1790310935|20260925123535|922.49
1790310940|20260925123540|922.58
1790310965|20260925123605|922.53
1790310970|20260925123610|922.61
1790310975|20260925123615|922.60
1790310980|20260925123620|922.52
1790310985|20260925123625|922.50
1790311000|20260925123640|922.48
1790311005|20260925123645|922.52
1790311010|20260925123650|922.49
1790311030|20260925123710|922.74
1790311035|20260925123715|922.48
1790311055|20260925123735|922.50
1790311060|20260925123740|922.50
1790311065|20260925123745|922.48
1790311070|20260925123750|922.47
1790311085|20260925123805|922.52
1790311090|20260925123810|922.52
1790311095|20260925123815|922.52
1790311100|20260925123820|922.70
1790311105|20260925123825|922.60
1790311115|20260925123835|922.97
1790311120|20260925123840|922.84
1790311125|20260925123845|922.77
1790311130|20260925123850|922.76
1790311135|20260925123855|922.76
1790311150|20260925123910|922.41
1790311155|20260925123915|922.45
1790311160|20260925123920|922.39
1790311165|20260925123925|922.41
1790311190|20260925123950|922.55
1790311220|20260925124020|922.53
1790311225|20260925124025|922.64
1790311235|20260925124035|922.56
1790311240|20260925124040|922.77
1790311245|20260925124045|922.76
1790311255|20260925124055|922.77
1790311270|20260925124110|922.76
1790311275|20260925124115|922.76
1790311295|20260925124135|922.92
1790311300|20260925124140|922.85
1790311305|20260925124145|922.89
1790311310|20260925124150|922.79
1790311315|20260925124155|922.93
1790311325|20260925124205|922.77
1790311330|20260925124210|922.77
1790311340|20260925124220|922.80
1790311365|20260925124245|922.97
1790311370|20260925124250|923.08
1790311385|20260925124305|922.86
1790311390|20260925124310|922.84
1790311400|20260925124320|923.04
1790311405|20260925124325|922.93
1790311420|20260925124340|923.06
1790311435|20260925124355|922.88
1790311445|20260925124405|922.82
1790311455|20260925124415|922.97
1790311465|20260925124425|922.88
1790311510|20260925124510|922.77
1790311515|20260925124515|922.78
1790311540|20260925124540|923.06
1790311550|20260925124550|923.06
1790311555|20260925124555|922.88
1790311565|20260925124605|923.02
1790311570|20260925124610|922.97
1790311575|20260925124615|922.92
1790311585|20260925124625|923.17
1790311595|20260925124635|922.90
1790311625|20260925124705|922.74
1790311630|20260925124710|922.89
1790311635|20260925124715|923.04
1790311640|20260925124720|922.87
1790311660|20260925124740|922.68
1790311665|20260925124745|922.63
1790311675|20260925124755|922.63
1790311685|20260925124805|922.61
1790311695|20260925124815|922.61
1790311720|20260925124840|922.62
1790311725|20260925124845|922.63
1790311735|20260925124855|922.58
1790311745|20260925124905|922.72
1790311750|20260925124910|922.72
1790311800|20260925125000|922.39
1790311805|20260925125005|922.14
1790311810|20260925125010|922.08
1790311820|20260925125020|921.99
1790311835|20260925125035|922.13
1790311845|20260925125045|921.99
1790311850|20260925125050|921.93
1790311870|20260925125110|922.11
1790311880|20260925125120|922.08
1790311895|20260925125135|922.32
1790311900|20260925125140|922.27
1790311905|20260925125145|922.41
1790311910|20260925125150|922.34
1790311935|20260925125215|922.02
1790311940|20260925125220|922.16
1790311945|20260925125225|922.18
1790311960|20260925125240|922.24
1790311965|20260925125245|921.95
1790311970|20260925125250|922.26
1790311975|20260925125255|921.88
1790312005|20260925125325|922.09
1790312015|20260925125335|921.96
1790312020|20260925125340|921.69
1790312030|20260925125350|921.83
1790312035|20260925125355|921.89
1790312045|20260925125405|921.79
1790312055|20260925125415|922.03
1790312060|20260925125420|922.05
1790312065|20260925125425|922.00
1790312110|20260925125510|922.04
1790312115|20260925125515|921.86
1790312120|20260925125520|921.98
1790312125|20260925125525|921.95
1790312135|20260925125535|921.75
1790312140|20260925125540|921.75
1790312150|20260925125550|921.67
1790312155|20260925125555|921.73
1790312170|20260925125610|921.70
1790312175|20260925125615|921.66
1790312180|20260925125620|921.71
1790312210|20260925125650|920.94
1790312215|20260925125655|921.13
1790312230|20260925125710|921.11
1790312235|20260925125715|921.20
1790312245|20260925125725|921.23
1790312255|20260925125735|921.20
1790312260|20260925125740|921.33
1790312265|20260925125745|920.97
1790312270|20260925125750|921.00
1790312275|20260925125755|921.06
1790312285|20260925125805|920.90
1790312290|20260925125810|921.29
1790312295|20260925125815|921.04
1790312300|20260925125820|920.85
1790312305|20260925125825|920.83
1790312320|20260925125840|920.75
1790312325|20260925125845|920.92
1790312330|20260925125850|921.01
1790312335|20260925125855|920.95
1790312360|20260925125920|920.82
1790312365|20260925125925|920.84
1790312380|20260925125940|920.86
1790312400|20260925130000|920.83
1790312405|20260925130005|920.54
1790312410|20260925130010|920.60
1790312435|20260925130035|920.47
1790312440|20260925130040|920.47
1790312445|20260925130045|920.67
1790312450|20260925130050|920.82
1790312455|20260925130055|920.84
1790312470|20260925130110|920.90
1790312475|20260925130115|921.06
1790312485|20260925130125|921.12
1790312495|20260925130135|920.94
1790312505|20260925130145|920.82
1790312515|20260925130155|920.84
1790312530|20260925130210|920.62
1790312535|20260925130215|920.64
1790312540|20260925130220|920.56
1790312570|20260925130250|920.45
1790312575|20260925130255|920.50
1790312585|20260925130305|920.51
1790312590|20260925130310|920.36
1790312595|20260925130315|920.55
1790312600|20260925130320|920.74
1790312620|20260925130340|920.53
1790312630|20260925130350|920.48
1790312635|20260925130355|920.46
1790312645|20260925130405|920.48
1790312650|20260925130410|920.49
1790312655|20260925130415|920.30
1790312660|20260925130420|920.29
1790312665|20260925130425|920.14
1790312695|20260925130455|920.28
1790312705|20260925130505|920.15
1790312720|20260925130520|920.64
1790312740|20260925130540|920.68
1790312745|20260925130545|920.49
1790312750|20260925130550|920.77
1790312770|20260925130610|920.57
1790312775|20260925130615|920.44
1790312785|20260925130625|920.39
1790312800|20260925130640|920.38
1790312805|20260925130645|920.40
1790312810|20260925130650|920.30
1790312825|20260925130705|920.34
1790312840|20260925130720|920.27
1790312855|20260925130735|920.36
1790312860|20260925130740|920.27
1790312865|20260925130745|920.32
1790312890|20260925130810|919.98
1790312895|20260925130815|919.97
1790312900|20260925130820|920.01
1790312905|20260925130825|919.99
1790312920|20260925130840|920.33
1790312925|20260925130845|920.16
1790312930|20260925130850|920.20
1790312945|20260925130905|920.47
1790312950|20260925130910|920.46
1790312955|20260925130915|920.52
1790312960|20260925130920|920.60
1790313000|20260925131000|920.09
1790313005|20260925131005|920.06
1790313010|20260925131010|920.13
1790313015|20260925131015|920.16
1790313025|20260925131025|920.30
1790313040|20260925131040|919.87
1790313045|20260925131045|919.67
1790313050|20260925131050|919.59
1790313055|20260925131055|919.63
1790313065|20260925131105|919.63
1790313070|20260925131110|919.59
1790313075|20260925131115|919.69
1790313080|20260925131120|919.60
1790313085|20260925131125|919.56
1790313095|20260925131135|919.66
1790313100|20260925131140|919.85
1790313115|20260925131155|919.90
1790313125|20260925131205|920.04
1790313130|20260925131210|919.95
1790313135|20260925131215|919.97
1790313140|20260925131220|919.98
1790313145|20260925131225|920.00
1790313155|20260925131235|920.08
1790313160|20260925131240|920.01
1790313165|20260925131245|919.88
1790313170|20260925131250|919.55
1790313175|20260925131255|919.66
1790313190|20260925131310|919.65
1790313200|20260925131320|919.62
1790313215|20260925131335|919.59
1790313220|20260925131340|919.58
1790313230|20260925131350|919.66
1790313235|20260925131355|919.70
1790313245|20260925131405|919.51
1790313255|20260925131415|919.57
1790313260|20260925131420|919.44
1790313265|20260925131425|919.64
1790313290|20260925131450|919.50
1790313340|20260925131540|919.76
1790313345|20260925131545|920.07
1790313355|20260925131555|920.09
1790313370|20260925131610|919.81
1790313395|20260925131635|919.86
1790313400|20260925131640|919.96
1790313405|20260925131645|919.99
1790313410|20260925131650|920.12
1790313415|20260925131655|920.03
1790313425|20260925131705|920.07
1790313430|20260925131710|920.15
1790313435|20260925131715|920.31
1790313455|20260925131735|920.21
1790313460|20260925131740|920.18
1790313465|20260925131745|920.13
1790313470|20260925131750|920.30
1790313485|20260925131805|920.42
1790313495|20260925131815|920.12
1790313515|20260925131835|920.17
1790313520|20260925131840|920.20
1790313530|20260925131850|920.27
1790313535|20260925131855|920.34
1790313545|20260925131905|920.12
1790313550|20260925131910|920.17
1790313555|20260925131915|920.06
1790313560|20260925131920|920.07
1790313565|20260925131925|920.23
1790313600|20260925132000|920.24
1790313605|20260925132005|920.27
1790313610|20260925132010|920.40
1790313615|20260925132015|920.39
1790313620|20260925132020|920.39
1790313625|20260925132025|920.35
1790313635|20260925132035|920.37
1790313640|20260925132040|920.39
1790313645|20260925132045|920.43
1790313660|20260925132100|920.42
1790313665|20260925132105|920.39
1790313670|20260925132110|920.43
1790313675|20260925132115|920.35
1790313680|20260925132120|920.45
1790313685|20260925132125|920.46
1790313695|20260925132135|920.45
1790313700|20260925132140|920.45
1790313705|20260925132145|920.58
1790313715|20260925132155|920.45
1790313730|20260925132210|920.52
1790313735|20260925132215|920.54
1790313740|20260925132220|920.48
1790313745|20260925132225|920.53
1790313760|20260925132240|920.44
1790313765|20260925132245|920.58
1790313775|20260925132255|920.39
1790313785|20260925132305|920.44
1790313790|20260925132310|920.43
1790313795|20260925132315|920.48
1790313800|20260925132320|920.37
1790313805|20260925132325|920.39
1790313815|20260925132335|920.45
1790313820|20260925132340|920.37
1790313830|20260925132350|920.50
1790313850|20260925132410|920.47
1790313855|20260925132415|920.36
1790313860|20260925132420|920.48
1790313880|20260925132440|920.30
1790313905|20260925132505|920.06
1790313920|20260925132520|920.29
1790313945|20260925132545|920.30
1790313950|20260925132550|920.38
1790313955|20260925132555|920.46
1790313970|20260925132610|920.48
1790313975|20260925132615|920.43
1790313980|20260925132620|920.44
1790313985|20260925132625|920.44
1790314010|20260925132650|920.80
1790314015|20260925132655|920.60
1790314025|20260925132705|920.57
1790314035|20260925132715|920.77
1790314045|20260925132725|920.82
1790314055|20260925132735|920.64
1790314060|20260925132740|920.61
1790314065|20260925132745|920.67
1790314070|20260925132750|920.71
1790314085|20260925132805|921.02
1790314090|20260925132810|921.26
1790314095|20260925132815|921.05
1790314100|20260925132820|921.09
1790314105|20260925132825|921.21
1790314115|20260925132835|921.19
1790314120|20260925132840|921.47
1790314125|20260925132845|921.47
1790314130|20260925132850|921.03
1790314135|20260925132855|921.04
1790314155|20260925132915|921.09
1790314160|20260925132920|921.05
1790314165|20260925132925|921.31
1790314200|20260925133000|921.21
1790314210|20260925133010|921.04
1790314215|20260925133015|921.05
1790314220|20260925133020|920.87
1790314225|20260925133025|921.05
1790314235|20260925133035|921.05
1790314240|20260925133040|921.09
1790314250|20260925133050|921.23
1790314255|20260925133055|921.27
1790314270|20260925133110|921.65
1790314275|20260925133115|921.62
1790314280|20260925133120|921.75
1790314295|20260925133135|921.67
1790314305|20260925133145|921.82
1790314310|20260925133150|921.82
1790314315|20260925133155|921.79
1790314325|20260925133205|921.92
1790314340|20260925133220|922.06
1790314345|20260925133225|922.04
1790314355|20260925133235|922.26
1790314360|20260925133240|922.32
1790314375|20260925133255|922.25
1790314385|20260925133305|922.14
1790314390|20260925133310|922.16
1790314425|20260925133345|922.60
1790314435|20260925133355|922.82
1790314445|20260925133405|922.80
1790314450|20260925133410|922.86
1790314455|20260925133415|923.03
1790314460|20260925133420|922.94
1790314500|20260925133500|922.05
1790314505|20260925133505|922.19
1790314510|20260925133510|922.13
1790314515|20260925133515|922.11
1790314520|20260925133520|922.23
1790314525|20260925133525|922.24
1790314535|20260925133535|922.29
1790314540|20260925133540|922.13
1790314545|20260925133545|922.03
1790314555|20260925133555|921.83
1790314570|20260925133610|921.70
1790314575|20260925133615|921.58
1790314580|20260925133620|921.52
1790314595|20260925133635|921.52
1790314600|20260925133640|921.49
1790314610|20260925133650|921.56
1790314615|20260925133655|921.88
1790314625|20260925133705|921.95
1790314635|20260925133715|922.23
1790314640|20260925133720|922.15
1790314655|20260925133735|922.16
1790314660|20260925133740|922.10
1790314665|20260925133745|922.02
1790314670|20260925133750|922.35
1790314675|20260925133755|922.13
1790314685|20260925133805|921.93
1790314695|20260925133815|921.89
1790314725|20260925133845|922.67
1790314745|20260925133905|922.39
1790314750|20260925133910|922.47
1790314760|20260925133920|922.37
1790314765|20260925133925|922.37
1790314780|20260925133940|923.25
1790314800|20260925134000|923.04
1790314805|20260925134005|923.04
1790314810|20260925134010|923.12
1790314815|20260925134015|923.17
1790314825|20260925134025|923.17
1790314840|20260925134040|923.03
1790314845|20260925134045|923.09
1790314855|20260925134055|923.27
1790314875|20260925134115|923.36
1790314885|20260925134125|923.35
1790314905|20260925134145|923.38
1790314925|20260925134205|923.16
1790314930|20260925134210|923.28
1790314935|20260925134215|923.35
1790314940|20260925134220|923.27
1790314945|20260925134225|923.14
1790314955|20260925134235|923.11
1790314960|20260925134240|923.19
1790314965|20260925134245|923.19
1790314970|20260925134250|923.16
1790314980|20260925134300|923.12
1790314985|20260925134305|922.99
1790314990|20260925134310|922.89
1790314995|20260925134315|922.80
1790315000|20260925134320|922.80
1790315005|20260925134325|922.84
1790315015|20260925134335|923.11
1790315020|20260925134340|922.96
1790315025|20260925134345|923.02
1790315035|20260925134355|923.01
1790315045|20260925134405|923.09
1790315050|20260925134410|923.04
1790315055|20260925134415|923.05
1790315105|20260925134505|923.28
1790315110|20260925134510|923.52
1790315115|20260925134515|923.47
1790315120|20260925134520|923.24
1790315125|20260925134525|923.17
1790315135|20260925134535|923.25
1790315145|20260925134545|923.25
1790315150|20260925134550|923.30
1790315165|20260925134605|923.26
1790315170|20260925134610|923.14
1790315175|20260925134615|923.15
1790315180|20260925134620|923.28
1790315195|20260925134635|923.22
1790315200|20260925134640|923.35
1790315205|20260925134645|923.33
1790315210|20260925134650|923.29
1790315225|20260925134705|923.54
1790315230|20260925134710|923.48
1790315235|20260925134715|923.45
1790315240|20260925134720|923.49
1790315245|20260925134725|923.18
1790315255|20260925134735|923.07
1790315260|20260925134740|922.98
1790315275|20260925134755|922.95
1790315290|20260925134810|922.87
1790315295|20260925134815|922.86
1790315305|20260925134825|922.86
1790315335|20260925134855|922.82
1790315355|20260925134915|922.72
1790315360|20260925134920|922.67
1790315365|20260925134925|922.56
1790315405|20260925135005|922.46
1790315415|20260925135015|922.47
1790315420|20260925135020|922.32
1790315425|20260925135025|922.28
1790315435|20260925135035|922.46
1790315440|20260925135040|922.46
1790315445|20260925135045|922.55
1790315450|20260925135050|922.62
1790315480|20260925135120|922.68
1790315485|20260925135125|922.49
1790315495|20260925135135|922.53
1790315500|20260925135140|922.48
1790315505|20260925135145|922.44
1790315510|20260925135150|922.60
1790315515|20260925135155|922.63
1790315525|20260925135205|922.65
1790315540|20260925135220|922.74
1790315545|20260925135225|922.70
1790315555|20260925135235|922.65
1790315560|20260925135240|922.60
1790315565|20260925135245|922.73
1790315570|20260925135250|922.68
1790315595|20260925135315|922.27
1790315600|20260925135320|922.26
1790315615|20260925135335|922.15
1790315620|20260925135340|922.12
1790315625|20260925135345|922.08
1790315635|20260925135355|922.04
1790315645|20260925135405|922.05
1790315650|20260925135410|922.01
1790315660|20260925135420|922.01
1790315665|20260925135425|922.15
1790315705|20260925135505|921.98
1790315710|20260925135510|921.87
1790315715|20260925135515|921.90
1790315725|20260925135525|921.92
1790315735|20260925135535|921.90
1790315765|20260925135605|921.90
1790315770|20260925135610|922.05
1790315785|20260925135625|921.98
1790315795|20260925135635|921.91
1790315800|20260925135640|922.29
1790315810|20260925135650|922.07
1790315815|20260925135655|922.09
1790315825|20260925135705|921.54
1790315830|20260925135710|921.42
1790315835|20260925135715|921.45
1790315855|20260925135735|921.56
1790315865|20260925135745|921.67
1790315870|20260925135750|921.76
1790315875|20260925135755|921.50
1790315885|20260925135805|921.56
1790315890|20260925135810|921.69
1790315900|20260925135820|921.72
1790315915|20260925135835|921.54
1790315930|20260925135850|921.74
1790315935|20260925135855|921.73
1790315945|20260925135905|921.92
1790315995|20260925135955|921.66
1790316000|20260925140000|921.66
1790316005|20260925140005|921.94
1790316015|20260925140015|922.17
1790316035|20260925140035|922.38
1790316040|20260925140040|922.26
1790316045|20260925140045|922.24
1790316050|20260925140050|922.39
1790316055|20260925140055|922.24
1790316065|20260925140105|922.07
1790316070|20260925140110|922.00
1790316075|20260925140115|921.98
1790316085|20260925140125|922.23
1790316095|20260925140135|922.36
1790316105|20260925140145|922.61
1790316115|20260925140155|922.62
1790316125|20260925140205|922.63
1790316135|20260925140215|922.75
1790316140|20260925140220|922.70
1790316155|20260925140235|922.61
1790316160|20260925140240|922.63
1790316195|20260925140315|922.33
1790316225|20260925140345|922.41
1790316265|20260925140425|922.40
1790316305|20260925140505|922.75
1790316310|20260925140510|922.78
1790316315|20260925140515|922.83
1790316320|20260925140520|922.90
1790316325|20260925140525|922.74
1790316335|20260925140535|922.61
1790316345|20260925140545|922.34
1790316365|20260925140605|922.09
1790316370|20260925140610|922.12
1790316380|20260925140620|922.10
1790316385|20260925140625|922.04
1790316395|20260925140635|922.09
1790316400|20260925140640|922.22
1790316405|20260925140645|921.94
1790316410|20260925140650|921.95
1790316415|20260925140655|921.99
1790316430|20260925140710|921.95
1790316435|20260925140715|921.96
1790316460|20260925140740|922.00
1790316465|20260925140745|921.96
1790316470|20260925140750|921.93
1790316500|20260925140820|921.78
1790316505|20260925140825|921.95
1790316515|20260925140835|921.81
1790316520|20260925140840|921.95
1790316525|20260925140845|921.87
1790316530|20260925140850|921.88
1790316535|20260925140855|921.85
1790316545|20260925140905|921.87
1790316550|20260925140910|921.87
1790316555|20260925140915|922.06
1790316565|20260925140925|921.88
1790316620|20260925141020|922.06
1790316635|20260925141035|922.21
1790316650|20260925141050|922.55
1790316670|20260925141110|922.51
1790316675|20260925141115|922.55
1790316700|20260925141140|922.82
1790316710|20260925141150|922.98
1790316715|20260925141155|923.00
1790316740|20260925141220|923.30
1790316745|20260925141225|923.26
1790316790|20260925141310|923.22
1790316850|20260925141410|923.20
1790316855|20260925141415|923.09
1790316890|20260925141450|923.30
1790316905|20260925141505|923.30
1790316910|20260925141510|923.28
1790316920|20260925141520|923.56
1790316925|20260925141525|923.46
1790316935|20260925141535|923.72
1790316945|20260925141545|923.60
1790316975|20260925141615|923.91
1790316995|20260925141635|924.17
1790317000|20260925141640|924.19
1790317010|20260925141650|924.67
1790317030|20260925141710|924.55
1790317035|20260925141715|924.50
1790317060|20260925141740|924.91
1790317070|20260925141750|924.28
1790317075|20260925141755|924.27
1790317085|20260925141805|924.41
1790317090|20260925141810|924.32
1790317120|20260925141840|924.15
1790317125|20260925141845|924.31
1790317130|20260925141850|924.30
1790317145|20260925141905|924.19
1790317150|20260925141910|924.13
1790317155|20260925141915|924.16
1790317160|20260925141920|924.03
1790317165|20260925141925|924.14
1790317210|20260925142010|924.23
1790317220|20260925142020|924.46
1790317240|20260925142040|924.34
1790317275|20260925142115|924.38
1790317295|20260925142135|924.62
1790317305|20260925142145|924.47
1790317315|20260925142155|924.42
1790317330|20260925142210|924.27
1790317335|20260925142215|924.29
1790317345|20260925142225|924.35
1790317360|20260925142240|924.14
1790317375|20260925142255|924.20
1790317399|20260925142319|923.89
1790317545|20260925142545|923.95
1790317555|20260925142555|923.94
1790317585|20260925142625|923.91
1790317600|20260925142640|923.84
1790317605|20260925142645|923.86
1790317610|20260925142650|923.83
1790317615|20260925142655|923.83
1790317630|20260925142710|923.80
1790317635|20260925142715|923.78
1790317640|20260925142720|923.81
1790317655|20260925142735|923.96
1790317660|20260925142740|923.95
1790317670|20260925142750|923.87
1790317685|20260925142805|924.01
1790317690|20260925142810|923.89
1790317695|20260925142815|923.92
1790317700|20260925142820|923.87
1790317705|20260925142825|923.78
1790317715|20260925142835|923.82
1790317720|20260925142840|923.71
1790317730|20260925142850|923.47
1790317735|20260925142855|923.43
1790317745|20260925142905|923.42
1790317750|20260925142910|923.42
1790317760|20260925142920|923.61
1790317800|20260925143000|923.36
1790317815|20260925143015|923.73
1790317820|20260925143020|923.47
1790317835|20260925143035|923.45
1790317840|20260925143040|923.39
1790317845|20260925143045|923.51
1790317855|20260925143055|923.52
1790317865|20260925143105|923.39
1790317875|20260925143115|923.49
1790317885|20260925143125|923.59
1790317895|20260925143135|923.39
1790317900|20260925143140|923.43
1790317905|20260925143145|923.47
1790317915|20260925143155|923.44
1790317925|20260925143205|923.39
1790317935|20260925143215|923.53
1790317940|20260925143220|923.50
1790317960|20260925143240|923.55
1790317975|20260925143255|923.49
1790317980|20260925143300|923.46
1790317985|20260925143305|923.47
1790317990|20260925143310|923.49
1790317995|20260925143315|923.48
1790318005|20260925143325|923.43
1790318025|20260925143345|923.43
1790318030|20260925143350|923.56
1790318045|20260925143405|923.47
1790318055|20260925143415|923.47
1790318065|20260925143425|923.58
1790318095|20260925143455|923.64
1790318100|20260925143500|923.73
1790318105|20260925143505|923.72
1790318110|20260925143510|923.87
1790318115|20260925143515|923.96
1790318120|20260925143520|923.94
1790318135|20260925143535|923.71
1790318140|20260925143540|923.59
1790318145|20260925143545|923.59
1790318150|20260925143550|923.80
1790318175|20260925143615|923.80
1790318180|20260925143620|923.77
1790318185|20260925143625|923.73
1790318200|20260925143640|923.91
1790318205|20260925143645|923.83
1790318215|20260925143655|923.41
1790318225|20260925143705|923.34
1790318230|20260925143710|923.45
1790318235|20260925143715|923.63
1790318240|20260925143720|923.45
1790318245|20260925143725|923.48
1790318255|20260925143735|923.56
1790318260|20260925143740|923.62
1790318265|20260925143745|923.61
1790318270|20260925143750|923.86
1790318285|20260925143805|923.74
1790318290|20260925143810|923.92
1790318295|20260925143815|923.64
1790318300|20260925143820|923.60
1790318305|20260925143825|923.66
1790318315|20260925143835|923.76
1790318339|20260925143859|923.83
1790318345|20260925143905|923.76
1790318369|20260925143929|923.62
1790318410|20260925144010|923.84
1790318416|20260925144016|923.82
1790318422|20260925144022|923.80
1790318428|20260925144028|923.86
1790318440|20260925144040|924.11
1790318470|20260925144110|923.81
1790318485|20260925144125|924.00
1790318495|20260925144135|923.95
1790318500|20260925144140|924.03
1790318505|20260925144145|924.01
1790318510|20260925144150|924.18
1790318515|20260925144155|923.81
1790318535|20260925144215|923.77
1790318540|20260925144220|923.75
1790318545|20260925144225|923.72
1790318560|20260925144240|923.87
1790318565|20260925144245|923.94
1790318575|20260925144255|923.90
1790318590|20260925144310|923.95
1790318595|20260925144315|923.87
1790318600|20260925144320|923.87
1790318605|20260925144325|924.12
1790318615|20260925144335|924.00
1790318620|20260925144340|923.74
1790318625|20260925144345|923.74
1790318645|20260925144405|923.66
1790318650|20260925144410|923.69
1790318655|20260925144415|923.71
1790318665|20260925144425|923.71
1790318705|20260925144505|923.70
1790318715|20260925144515|923.65
1790318720|20260925144520|923.65
1790318745|20260925144545|923.74
1790318755|20260925144555|923.77
1790318765|20260925144605|923.84
1790318775|20260925144615|923.76
1790318795|20260925144635|923.77
1790318810|20260925144650|923.89
1790318825|20260925144705|924.10
1790318835|20260925144715|924.06
1790318840|20260925144720|923.91
1790318845|20260925144725|923.72
1790318855|20260925144735|923.60
1790318860|20260925144740|923.67
1790318865|20260925144745|923.77
1790318870|20260925144750|923.80
1790318875|20260925144755|923.70
1790318885|20260925144805|923.65
1790318890|20260925144810|923.58
1790318895|20260925144815|923.60
1790318900|20260925144820|923.71
1790318915|20260925144835|923.67
1790318920|20260925144840|923.65
1790318930|20260925144850|923.88
1790318935|20260925144855|923.93
1790318955|20260925144915|923.84
1790318975|20260925144935|923.96
1790318980|20260925144940|923.80
1790319000|20260925145000|923.77
1790319005|20260925145005|923.73
1790319015|20260925145015|923.87
1790319020|20260925145020|923.87
1790319045|20260925145045|923.43
1790319050|20260925145050|923.44
1790319055|20260925145055|923.42
1790319075|20260925145115|923.66
1790319085|20260925145125|923.58
1790319095|20260925145135|923.44
1790319125|20260925145205|923.56
1790319135|20260925145215|923.71
1790319145|20260925145225|923.60
1790319160|20260925145240|923.51
1790319165|20260925145245|923.49
1790319205|20260925145325|923.47
1790319215|20260925145335|923.60
1790319220|20260925145340|923.43
1790319230|20260925145350|923.39
1790319280|20260925145440|923.41
1790319300|20260925145500|923.65
1790319305|20260925145505|923.86
1790319310|20260925145510|923.69
1790319320|20260925145520|923.47
1790319325|20260925145525|923.43
1790319335|20260925145535|923.42
1790319340|20260925145540|923.51
1790319345|20260925145545|923.60
1790319350|20260925145550|923.60
1790319355|20260925145555|923.94
1790319375|20260925145615|923.93
1790319380|20260925145620|924.03
1790319385|20260925145625|923.80
1790319400|20260925145640|923.91
1790319405|20260925145645|923.79
1790319415|20260925145655|923.87
1790319425|20260925145705|923.91
1790319435|20260925145715|923.95
1790319445|20260925145725|924.05
1790319460|20260925145740|923.84
1790319465|20260925145745|923.86
1790319470|20260925145750|923.88
1790319475|20260925145755|924.37
1790319490|20260925145810|923.97
1790319495|20260925145815|924.07
1790319500|20260925145820|923.92
1790319505|20260925145825|923.81
1790319515|20260925145835|923.83
1790319525|20260925145845|923.86
1790319535|20260925145855|923.78
1790319550|20260925145910|923.75
1790319555|20260925145915|923.62
1790319565|20260925145925|923.49
1790319600|20260925150000|923.55
1790319605|20260925150005|923.56
1790319615|20260925150015|924.05
1790319620|20260925150020|924.28
1790319625|20260925150025|924.18
1790319635|20260925150035|924.64
1790319640|20260925150040|924.37
1790319645|20260925150045|924.37
1790319650|20260925150050|924.35
1790319655|20260925150055|924.40
1790319675|20260925150115|924.34
1790319680|20260925150120|924.29
1790319685|20260925150125|924.19
1790319695|20260925150135|924.23
1790319705|20260925150145|924.17
1790319710|20260925150150|923.95
1790319730|20260925150210|923.97
1790319740|20260925150220|923.81
1790319745|20260925150225|923.73
1790319760|20260925150240|923.72
1790319765|20260925150245|923.68
1790319770|20260925150250|923.62
1790319785|20260925150305|923.62
1790319790|20260925150310|923.59
1790319795|20260925150315|923.64
1790319800|20260925150320|923.65
1790319805|20260925150325|923.56
1790319815|20260925150335|923.33
1790319820|20260925150340|923.34
1790319830|20260925150350|923.66
1790319835|20260925150355|923.72
1790319845|20260925150405|923.71
1790319850|20260925150410|923.62
1790319855|20260925150415|923.81
1790319860|20260925150420|923.63
1790319900|20260925150500|923.07
1790319905|20260925150505|923.17
1790319910|20260925150510|923.17
1790319915|20260925150515|923.37
1790319920|20260925150520|923.47
1790319935|20260925150535|923.90
1790319945|20260925150545|923.72
1790319950|20260925150550|923.90
1790319955|20260925150555|923.94
1790319970|20260925150610|923.79
1790319975|20260925150615|923.84
1790319985|20260925150625|923.67
1790319995|20260925150635|923.73
1790320000|20260925150640|923.69
1790320005|20260925150645|923.82
1790320025|20260925150705|923.93
1790320035|20260925150715|924.21
1790320040|20260925150720|924.15
1790320045|20260925150725|924.08
1790320060|20260925150740|924.24
1790320065|20260925150745|923.90
1790320070|20260925150750|924.03
1790320075|20260925150755|924.00
1790320085|20260925150805|923.99
1790320090|20260925150810|924.00
1790320105|20260925150825|924.04
1790320120|20260925150840|924.14
1790320125|20260925150845|924.08
1790320130|20260925150850|923.71
1790320145|20260925150905|923.79
1790320150|20260925150910|923.93
1790320155|20260925150915|923.59
1790320160|20260925150920|923.61
1790320205|20260925151005|923.81
1790320215|20260925151015|924.04
1790320220|20260925151020|923.85
1790320225|20260925151025|923.86
1790320255|20260925151055|923.62
1790320275|20260925151115|923.47
1790320280|20260925151120|923.62
1790320300|20260925151140|923.94
1790320305|20260925151145|923.95
1790320310|20260925151150|923.95
1790320315|20260925151155|923.91
1790320325|20260925151205|923.71
1790320330|20260925151210|923.51
1790320335|20260925151215|923.55
1790320340|20260925151220|923.64
1790320345|20260925151225|923.65
1790320355|20260925151235|923.24
1790320360|20260925151240|923.26
1790320365|20260925151245|923.28
1790320375|20260925151255|923.31
1790320400|20260925151320|923.67
1790320425|20260925151345|923.79
1790320430|20260925151350|923.62
1790320445|20260925151405|923.71
1790320455|20260925151415|923.49
1790320465|20260925151425|923.64
1790320495|20260925151455|923.34
1790320505|20260925151505|923.58
1790320535|20260925151535|923.69
1790320540|20260925151540|923.62
1790320545|20260925151545|923.59
1790320550|20260925151550|923.55
1790320555|20260925151555|923.66
1790320570|20260925151610|923.63
1790320575|20260925151615|923.60
1790320580|20260925151620|923.68
1790320585|20260925151625|923.85
1790320600|20260925151640|923.98
1790320605|20260925151645|923.57
1790320610|20260925151650|923.56
1790320625|20260925151705|923.53
1790320630|20260925151710|923.51
1790320635|20260925151715|923.29
1790320640|20260925151720|923.32
1790320645|20260925151725|923.32
1790320655|20260925151735|923.28
1790320660|20260925151740|923.28
1790320665|20260925151745|923.39
1790320670|20260925151750|923.29
1790320675|20260925151755|923.42
1790320685|20260925151805|923.34
1790320695|20260925151815|923.25
1790320700|20260925151820|923.31
1790320715|20260925151835|923.31
1790320720|20260925151840|923.38
1790320730|20260925151850|923.34
1790320735|20260925151855|923.25
1790320745|20260925151905|923.31
1790320800|20260925152000|923.00
1790320805|20260925152005|923.00
1790320815|20260925152015|923.05
1790320820|20260925152020|922.79
1790320825|20260925152025|922.86
1790320840|20260925152040|923.10
1790320850|20260925152050|923.12
1790320855|20260925152055|923.17
1790320865|20260925152105|923.24
1790320870|20260925152110|923.23
1790320875|20260925152115|923.20
1790320880|20260925152120|923.13
1790320885|20260925152125|923.34
1790320900|20260925152140|923.37
1790320905|20260925152145|923.35
1790320915|20260925152155|923.23
1790320925|20260925152205|923.37
1790320940|20260925152220|923.40
1790320945|20260925152225|923.21
1790320955|20260925152235|923.11
1790320960|20260925152240|923.33
1790320975|20260925152255|923.17
1790320985|20260925152305|923.28
1790320990|20260925152310|923.19
1790320995|20260925152315|923.25
1790321000|20260925152320|923.40
1790321005|20260925152325|923.28
1790321015|20260925152335|923.23
1790321020|20260925152340|923.28
1790321025|20260925152345|923.37
1790321030|20260925152350|923.41
1790321035|20260925152355|923.38
1790321045|20260925152405|923.51
1790321050|20260925152410|923.43
1790321055|20260925152415|923.14
1790321060|20260925152420|923.43
1790321100|20260925152500|923.21
1790321105|20260925152505|923.20
1790321110|20260925152510|923.19
1790321115|20260925152515|923.51
1790321120|20260925152520|923.31
1790321125|20260925152525|923.37
1790321135|20260925152535|923.45
1790321140|20260925152540|923.47
1790321155|20260925152555|923.48
1790321170|20260925152610|923.12
1790321175|20260925152615|923.31
1790321180|20260925152620|923.22
1790321185|20260925152625|923.27
1790321195|20260925152635|923.02
1790321200|20260925152640|922.92
1790321205|20260925152645|922.88
1790321225|20260925152705|922.97
1790321230|20260925152710|922.95
1790321235|20260925152715|922.65
1790321240|20260925152720|922.64
1790321245|20260925152725|922.86
1790321255|20260925152735|922.84
1790321260|20260925152740|922.83
1790321265|20260925152745|922.79
1790321270|20260925152750|922.93
1790321275|20260925152755|922.89
1790321285|20260925152805|923.32
1790321300|20260925152820|923.13
1790321320|20260925152840|923.16
1790321330|20260925152850|923.03
1790321335|20260925152855|923.06
1790321365|20260925152925|922.90
1790321369|20260925152929|922.94
1790321374|20260925152934|922.95
1790321400|20260925153000|923.12
1790321450|20260925153050|923.33
1790321455|20260925153055|923.40
1790321465|20260925153105|923.40
1790321470|20260925153110|923.55
1790321475|20260925153115|923.74
1790321480|20260925153120|923.74
1790321485|20260925153125|923.97
1790321495|20260925153135|923.85
1790321505|20260925153145|923.75
1790321525|20260925153205|923.68
1790321530|20260925153210|923.66
1790321540|20260925153220|923.66
1790321545|20260925153225|923.65
1790321560|20260925153240|923.54
1790321590|20260925153310|923.03
1790321595|20260925153315|923.29
1790321600|20260925153320|923.15
1790321605|20260925153325|923.16
1790321615|20260925153335|923.24
1790321620|20260925153340|923.11
1790321625|20260925153345|922.91
1790321630|20260925153350|922.94
1790321645|20260925153405|922.76
1790321650|20260925153410|922.83
1790321655|20260925153415|923.10
1790321660|20260925153420|922.84
1790321665|20260925153425|922.79
1790321705|20260925153505|923.55
1790321710|20260925153510|923.58
1790321720|20260925153520|923.66
1790321725|20260925153525|923.99
1790321735|20260925153535|924.32
1790321740|20260925153540|924.34
1790321755|20260925153555|924.59
1790321765|20260925153605|924.05
1790321770|20260925153610|924.09
1790321775|20260925153615|924.18
1790321780|20260925153620|924.05
1790321785|20260925153625|924.02
1790321795|20260925153635|924.00
1790321800|20260925153640|924.03
1790321815|20260925153655|924.31
1790321825|20260925153705|924.09
1790321830|20260925153710|924.30
1790321835|20260925153715|924.03
1790321840|20260925153720|924.17
1790321855|20260925153735|924.26
1790321860|20260925153740|924.16
1790321865|20260925153745|924.12
1790321890|20260925153810|924.44
1790321895|20260925153815|924.46
1790321900|20260925153820|924.44
1790321905|20260925153825|924.28
1790321915|20260925153835|924.34
1790321920|20260925153840|924.35
1790321925|20260925153845|924.31
1790321935|20260925153855|924.17
1790321945|20260925153905|924.04
1790321950|20260925153910|924.17
1790321980|20260925153940|923.95
1790322010|20260925154010|923.56
1790322015|20260925154015|923.64
1790322020|20260925154020|923.72
1790322025|20260925154025|923.71
1790322035|20260925154035|923.69
1790322040|20260925154040|923.63
1790322045|20260925154045|923.53
1790322050|20260925154050|923.42
1790322055|20260925154055|923.45
1790322070|20260925154110|923.33
1790322075|20260925154115|923.65
1790322085|20260925154125|923.42
1790322095|20260925154135|923.54
1790322100|20260925154140|923.44
1790322105|20260925154145|923.71
1790322110|20260925154150|923.62
1790322115|20260925154155|923.74
1790322125|20260925154205|923.63
1790322135|20260925154215|923.69
1790322140|20260925154220|923.69
1790322145|20260925154225|923.69
1790322155|20260925154235|923.74
1790322160|20260925154240|923.78
1790322165|20260925154245|923.78
1790322175|20260925154255|923.78
1790322185|20260925154305|923.97
1790322190|20260925154310|923.83
1790322195|20260925154315|923.82
1790322200|20260925154320|924.06
1790322220|20260925154340|923.85
1790322225|20260925154345|923.81
1790322245|20260925154405|923.67
1790322255|20260925154415|923.67
1790322260|20260925154420|923.66
1790322295|20260925154455|923.67
1790322325|20260925154525|923.96
1790322495|20260925154815|924.32
1790322690|20260925155130|924.05
1790322715|20260925155155|924.05
1790322730|20260925155210|924.08
1790322755|20260925155235|924.21
1790322760|20260925155240|924.09
1790322770|20260925155250|924.20
1790322775|20260925155255|924.33
1790322790|20260925155310|924.34
1790322795|20260925155315|924.47
1790322800|20260925155320|924.91
1790322805|20260925155325|924.52
1790322820|20260925155340|924.51
1790322825|20260925155345|924.53
1790322845|20260925155405|924.34
1790322850|20260925155410|924.35
1790322855|20260925155415|924.25
1790322860|20260925155420|924.27
1790322905|20260925155505|924.10
1790322910|20260925155510|924.09
1790322915|20260925155515|924.20
1790322920|20260925155520|924.30
1790322925|20260925155525|924.22
1790322935|20260925155535|924.25
1790322940|20260925155540|924.16
1790322945|20260925155545|924.33
1790322965|20260925155605|924.36
1790322970|20260925155610|924.37
1790322975|20260925155615|924.38
1790322980|20260925155620|924.38
1790322985|20260925155625|924.38
1790323000|20260925155640|924.39
1790323005|20260925155645|924.31
1790323010|20260925155650|924.47
1790323015|20260925155655|924.31
1790323025|20260925155705|924.58
1790323035|20260925155715|924.61
1790323040|20260925155720|924.78
1790323045|20260925155725|924.80
1790323055|20260925155735|924.63
1790323060|20260925155740|924.61
1790323065|20260925155745|924.63
1790323070|20260925155750|924.54
1790323075|20260925155755|924.55
1790323085|20260925155805|924.43
1790323090|20260925155810|924.47
1790323095|20260925155815|924.66
1790323100|20260925155820|924.63
1790323105|20260925155825|924.51
1790323115|20260925155835|924.34
1790323125|20260925155845|924.55
1790323135|20260925155855|924.37
1790323145|20260925155905|924.40
1790323150|20260925155910|924.48
1790323165|20260925155925|924.50
1790323175|20260925155935|924.48
1790323180|20260925155940|924.50
1790323195|20260925155955|924.45
1790323200|20260925160000|924.55
1790323205|20260925160005|924.53
1790323210|20260925160010|924.40
1790323215|20260925160015|924.39
1790323220|20260925160020|924.30
1790323225|20260925160025|924.29
1790323240|20260925160040|924.69
1790323245|20260925160045|924.66
1790323265|20260925160105|924.62
1790323270|20260925160110|924.53
1790323275|20260925160115|924.69
1790323295|20260925160135|924.39
1790323300|20260925160140|924.31
1790323305|20260925160145|924.26
1790323310|20260925160150|924.21
1790323335|20260925160215|924.16
1790323340|20260925160220|923.89
1790323345|20260925160225|923.94
1790323365|20260925160245|923.77
1790323370|20260925160250|923.69
1790323385|20260925160305|923.84
1790323395|20260925160315|923.67
1790323400|20260925160320|923.63
1790323405|20260925160325|923.69
1790323410|20260925160330|923.66
1790323420|20260925160340|923.61
1790323445|20260925160405|923.43
1790323450|20260925160410|923.50
1790323455|20260925160415|923.44
1790323465|20260925160425|923.56
1790323470|20260925160430|923.57
1790323510|20260925160510|923.46
1790323515|20260925160515|923.53
1790323535|20260925160535|923.85
1790323540|20260925160540|923.85
1790323545|20260925160545|923.92
1790323550|20260925160550|923.70
1790323555|20260925160555|923.82
1790323565|20260925160605|923.62
1790323570|20260925160610|923.88
1790323575|20260925160615|923.76
1790323580|20260925160620|923.71
1790323585|20260925160625|923.76
1790323605|20260925160645|924.11
1790323625|20260925160705|923.93
1790323630|20260925160710|923.92
1790323635|20260925160715|923.85
1790323640|20260925160720|923.88
1790323645|20260925160725|923.92
1790323655|20260925160735|924.01
1790323660|20260925160740|923.80
1790323665|20260925160745|923.83
1790323670|20260925160750|924.09
1790323675|20260925160755|924.03
1790323685|20260925160805|924.07
1790323695|20260925160815|923.87
1790323705|20260925160825|924.02
1790323720|20260925160840|923.96
1790323730|20260925160850|924.07
1790323735|20260925160855|924.01
1790323745|20260925160905|924.15
1790323750|20260925160910|924.09
1790323755|20260925160915|924.41
1790323765|20260925160925|924.10
1790323800|20260925161000|924.04
1790323815|20260925161015|924.28
1790323820|20260925161020|924.54
1790323825|20260925161025|924.46
1790323835|20260925161035|924.24
1790323840|20260925161040|924.34
1790323845|20260925161045|924.20
1790323850|20260925161050|924.33
1790323855|20260925161055|924.31
1790323865|20260925161105|924.35
1790323875|20260925161115|924.51
1790323880|20260925161120|924.37
1790323895|20260925161135|924.32
1790323900|20260925161140|924.35
1790323905|20260925161145|924.36
1790323925|20260925161205|924.56
1790323930|20260925161210|924.54
1790323935|20260925161215|924.48
1790323940|20260925161220|924.50
1790323965|20260925161245|924.39
1790323970|20260925161250|924.42
1790323975|20260925161255|924.54
1790323995|20260925161315|924.90
1790324000|20260925161320|924.73
1790324005|20260925161325|924.76
1790324015|20260925161335|925.00
1790324025|20260925161345|924.68
1790324030|20260925161350|924.72
1790324045|20260925161405|924.78
1790324050|20260925161410|924.81
1790324055|20260925161415|924.81
1790324065|20260925161425|925.09
1790324100|20260925161500|925.00
1790324105|20260925161505|925.02
1790324110|20260925161510|925.04
1790324115|20260925161515|925.04
1790324120|20260925161520|924.99
1790324125|20260925161525|924.97
1790324135|20260925161535|925.21
1790324140|20260925161540|925.35
1790324150|20260925161550|925.18
1790324155|20260925161555|925.26
1790324165|20260925161605|925.29
1790324170|20260925161610|925.38
1790324175|20260925161615|925.32
1790324180|20260925161620|925.36
1790324185|20260925161625|925.17
1790324195|20260925161635|925.11
1790324205|20260925161645|925.13
1790324215|20260925161655|925.53
1790324230|20260925161710|925.21
1790324235|20260925161715|925.21
1790324240|20260925161720|925.24
1790324245|20260925161725|925.18
1790324255|20260925161735|924.87
1790324260|20260925161740|924.80
1790324265|20260925161745|924.86
1790324270|20260925161750|924.88
1790324275|20260925161755|924.72
1790324285|20260925161805|924.89
1790324300|20260925161820|924.67
1790324315|20260925161835|924.76
1790324325|20260925161845|924.77
1790324330|20260925161850|924.72
1790324335|20260925161855|924.75
1790324345|20260925161905|924.74
1790324350|20260925161910|924.74
1790324355|20260925161915|924.71
1790324360|20260925161920|924.90
1790324400|20260925162000|924.73
1790324405|20260925162005|924.79
1790324410|20260925162010|924.79
1790324415|20260925162015|924.68
1790324420|20260925162020|924.70
1790324425|20260925162025|924.71
1790324440|20260925162040|924.82
1790324445|20260925162045|924.85
1790324450|20260925162050|924.95
1790324470|20260925162110|924.54
1790324475|20260925162115|924.56
1790324480|20260925162120|924.49
1790324485|20260925162125|924.52
1790324515|20260925162155|924.53
1790324525|20260925162205|924.58
1790324530|20260925162210|924.68
1790324535|20260925162215|924.72
1790324540|20260925162220|924.60
1790324545|20260925162225|924.54
1790324555|20260925162235|924.38
1790324560|20260925162240|924.50
1790324585|20260925162305|924.68
1790324590|20260925162310|924.63
1790324595|20260925162315|924.67
1790324615|20260925162335|924.40
1790324620|20260925162340|924.37
1790324625|20260925162345|924.39
1790324645|20260925162405|924.67
1790324660|20260925162420|924.41
1790324705|20260925162505|924.76
1790324710|20260925162510|924.62
1790324715|20260925162515|924.46
1790324740|20260925162540|924.53
1790324745|20260925162545|924.39
1790324750|20260925162550|924.37
1790324765|20260925162605|924.41
1790324770|20260925162610|924.48
1790324780|20260925162620|924.38
1790324785|20260925162625|924.25
1790324795|20260925162635|924.32
1790324810|20260925162650|924.39
1790324825|20260925162705|924.46
1790324830|20260925162710|924.49
1790324835|20260925162715|924.47
1790324840|20260925162720|924.51
1790324865|20260925162745|924.56
1790324870|20260925162750|924.47
1790324885|20260925162805|924.52
1790324890|20260925162810|924.83
1790324895|20260925162815|924.78
1790324905|20260925162825|924.79
1790324920|20260925162840|924.94
1790324925|20260925162845|924.98
1790324945|20260925162905|925.27
1790324955|20260925162915|925.47
1790324960|20260925162920|925.33
1790324965|20260925162925|925.28
1790325000|20260925163000|925.47
1790325005|20260925163005|925.33
1790325010|20260925163010|925.41
1790325015|20260925163015|925.39
1790325020|20260925163020|925.37
1790325040|20260925163040|925.40
1790325045|20260925163045|925.34
1790325065|20260925163105|925.32
1790325070|20260925163110|925.35
1790325075|20260925163115|925.39
1790325080|20260925163120|925.40
1790325085|20260925163125|925.38
1790325095|20260925163135|925.43
1790325100|20260925163140|925.44
1790325105|20260925163145|925.47
1790325125|20260925163205|925.70
1790325130|20260925163210|925.85
1790325135|20260925163215|925.84
1790325145|20260925163225|925.99
1790325160|20260925163240|925.96
1790325185|20260925163305|925.97
1790325190|20260925163310|926.28
1790325200|20260925163320|926.25
1790325205|20260925163325|926.20
1790325215|20260925163335|926.18
1790325220|20260925163340|926.19
1790325225|20260925163345|926.37
1790325230|20260925163350|926.45
1790325245|20260925163405|926.41
1790325250|20260925163410|926.28
1790325300|20260925163500|926.49
1790325305|20260925163505|926.14
1790325310|20260925163510|926.16
1790325325|20260925163525|926.19
1790325335|20260925163535|926.28
1790325340|20260925163540|926.23
1790325365|20260925163605|926.29
1790325370|20260925163610|926.28
1790325375|20260925163615|926.34
1790325385|20260925163625|926.41
1790325395|20260925163635|926.42
1790325410|20260925163650|926.26
1790325425|20260925163705|925.94
1790325435|20260925163715|925.94
1790325440|20260925163720|926.17
1790325445|20260925163725|926.02
1790325455|20260925163735|926.02
1790325460|20260925163740|925.91
1790325465|20260925163745|925.92
1790325470|20260925163750|925.97
1790325485|20260925163805|925.97
1790325490|20260925163810|926.14
1790325495|20260925163815|925.76
1790325500|20260925163820|925.89
1790325505|20260925163825|925.81
1790325525|20260925163845|925.92
1790325530|20260925163850|925.90
1790325535|20260925163855|926.04
1790325545|20260925163905|925.88
1790325550|20260925163910|925.85
1790325555|20260925163915|926.03
1790325600|20260925164000|926.03
1790325605|20260925164005|925.98
1790325610|20260925164010|926.02
1790325620|20260925164020|925.92
1790325625|20260925164025|925.91
1790325655|20260925164055|926.07
1790325665|20260925164105|926.13
1790325670|20260925164110|926.12
1790325675|20260925164115|926.25
1790325680|20260925164120|926.28
1790325685|20260925164125|926.00
1790325705|20260925164145|926.13
1790325715|20260925164155|926.18
1790325725|20260925164205|926.21
1790325730|20260925164210|926.30
1790325735|20260925164215|926.32
1790325740|20260925164220|926.29
1790325745|20260925164225|926.25
1790325770|20260925164250|926.51
1790325775|20260925164255|926.54
1790325785|20260925164305|926.45
1790325790|20260925164310|926.35
1790325795|20260925164315|926.38
1790325800|20260925164320|926.58
1790325805|20260925164325|926.63
1790325815|20260925164335|926.68
1790325820|20260925164340|926.59
1790325825|20260925164345|926.62
1790325835|20260925164355|926.57
1790325845|20260925164405|926.61
1790325850|20260925164410|926.65
1790325855|20260925164415|926.69
1790325860|20260925164420|926.67
1790325865|20260925164425|926.70
1790325880|20260925164440|927.02
1790325910|20260925164510|927.08
1790325915|20260925164515|927.13
1790325925|20260925164525|927.13
1790325935|20260925164535|927.27
1790325945|20260925164545|927.34
1790325950|20260925164550|927.27
1790325975|20260925164615|927.40
1790325985|20260925164625|927.60
1790326005|20260925164645|928.18
1790326025|20260925164705|927.85
1790326030|20260925164710|927.53
1790326040|20260925164720|927.35
1790326045|20260925164725|927.38
1790326055|20260925164735|927.61
1790326065|20260925164745|927.49
1790326070|20260925164750|927.39
1790326075|20260925164755|927.13
1790326085|20260925164805|927.16
1790326090|20260925164810|926.93
1790326095|20260925164815|926.80
1790326100|20260925164820|926.76
1790326120|20260925164840|926.82
1790326125|20260925164845|926.81
1790326130|20260925164850|927.15
1790326145|20260925164905|926.97
1790326155|20260925164915|926.95
1790326160|20260925164920|926.90
1790326165|20260925164925|926.96
1790326200|20260925165000|927.02
1790326205|20260925165005|927.06
1790326210|20260925165010|926.81
1790326215|20260925165015|927.00
1790326220|20260925165020|926.97
1790326240|20260925165040|926.87
1790326245|20260925165045|926.81
1790326250|20260925165050|926.76
1790326265|20260925165105|926.91
1790326270|20260925165110|927.04
1790326280|20260925165120|926.95
1790326295|20260925165135|926.95
1790326300|20260925165140|927.01
1790326310|20260925165150|926.82
1790326315|20260925165155|926.84
1790326325|20260925165205|927.10
1790326330|20260925165210|927.22
1790326335|20260925165215|927.29
1790326340|20260925165220|927.32
1790326345|20260925165225|927.33
1790326355|20260925165235|927.40
1790326360|20260925165240|927.26
1790326365|20260925165245|927.30
1790326375|20260925165255|927.34
1790326385|20260925165305|927.14
1790326390|20260925165310|927.13
1790326415|20260925165335|927.24
1790326420|20260925165340|927.09
1790326425|20260925165345|927.08
1790326430|20260925165350|927.19
1790326435|20260925165355|927.17
1790326445|20260925165405|927.13
1790326450|20260925165410|927.23
1790326455|20260925165415|927.01
1790326460|20260925165420|927.04
1790326495|20260925165455|926.92
1790326510|20260925165510|927.24
1790326515|20260925165515|927.31
1790326520|20260925165520|927.31
1790326525|20260925165525|927.31
1790326545|20260925165545|927.32
1790326566|20260925165606|927.55
1790326570|20260925165610|927.43
1790326575|20260925165615|927.47
1790326585|20260925165625|927.40
1790326595|20260925165635|927.44
1790326605|20260925165645|927.43
1790326625|20260925165705|927.40
1790326635|20260925165715|927.45
1790326640|20260925165720|927.33
1790326645|20260925165725|927.41
1790326665|20260925165745|927.31
1790326670|20260925165750|927.31
1790326675|20260925165755|927.29
1790326685|20260925165805|927.54
1790326690|20260925165810|927.54
1790326695|20260925165815|927.70
1790326700|20260925165820|927.62
1790326705|20260925165825|927.65
1790326715|20260925165835|927.56
1790326720|20260925165840|927.76
1790326725|20260925165845|927.54
1790326730|20260925165850|927.56
1790326745|20260925165905|927.53
1790326750|20260925165910|927.53
1790326755|20260925165915|927.61
1790326760|20260925165920|927.55
1790326765|20260925165925|927.46
1790326800|20260925170000|927.49
1790326805|20260925170005|927.50
1790326810|20260925170010|927.47
1790326815|20260925170015|927.36
1790326820|20260925170020|927.49
1790326825|20260925170025|927.57
1790326840|20260925170040|927.61
1790326845|20260925170045|927.53
1790326855|20260925170055|927.78
1790326865|20260925170105|928.02
1790326900|20260925170140|928.18
1790326905|20260925170145|927.73
1790326925|20260925170205|927.69
1790326930|20260925170210|927.80
1790326935|20260925170215|927.82
1790326940|20260925170220|927.87
1790326945|20260925170225|927.89
1790326955|20260925170235|927.93
1790326960|20260925170240|928.20
1790326970|20260925170250|928.15
1790326990|20260925170310|927.83
1790326995|20260925170315|927.92
1790327000|20260925170320|928.11
1790327005|20260925170325|928.14
1790327020|20260925170340|928.19
1790327025|20260925170345|928.26
1790327030|20260925170350|928.34
1790327055|20260925170415|928.46
1790327065|20260925170425|928.14
1790327110|20260925170510|927.74
1790327115|20260925170515|927.56
1790327120|20260925170520|927.60
1790327125|20260925170525|927.59
1790327135|20260925170535|927.56
1790327140|20260925170540|927.67
1790327145|20260925170545|927.70
1790327150|20260925170550|927.74
1790327170|20260925170610|927.79
1790327180|20260925170620|927.66
1790327185|20260925170625|927.58
1790327195|20260925170635|927.55
1790327200|20260925170640|927.64
1790327230|20260925170710|927.77
1790327240|20260925170720|927.60
1790327245|20260925170725|927.82
1790327260|20260925170740|927.85
1790327300|20260925170820|927.88
1790327315|20260925170835|927.82
1790327325|20260925170845|927.89
1790327330|20260925170850|927.90
1790327335|20260925170855|928.07
1790327345|20260925170905|928.17
1790327350|20260925170910|928.28
1790327355|20260925170915|928.29
1790327400|20260925171000|928.23
1790327405|20260925171005|928.30
1790327415|20260925171015|928.28
1790327420|20260925171020|928.16
1790327435|20260925171035|928.03
1790327440|20260925171040|927.92
1790327445|20260925171045|927.99
1790327465|20260925171105|928.19
1790327470|20260925171110|928.27
1790327475|20260925171115|928.11
1790327480|20260925171120|928.22
1790327485|20260925171125|928.02
1790327495|20260925171135|927.79
1790327500|20260925171140|927.95
1790327510|20260925171150|927.87
1790327525|20260925171205|927.83
1790327530|20260925171210|927.72
1790327535|20260925171215|928.14
1790327540|20260925171220|928.01
1790327545|20260925171225|928.13
1790327555|20260925171235|927.71
1790327560|20260925171240|927.96
1790327565|20260925171245|927.96
1790327570|20260925171250|928.06
1790327590|20260925171310|928.10
1790327595|20260925171315|928.05
1790327600|20260925171320|928.03
1790327605|20260925171325|927.88
1790327615|20260925171335|927.82
1790327620|20260925171340|928.13
1790327625|20260925171345|927.99
1790327635|20260925171355|927.96
1790327645|20260925171405|927.85
1790327650|20260925171410|927.70
1790327655|20260925171415|927.71
1790327665|20260925171425|927.77
1790327705|20260925171505|927.53
1790327710|20260925171510|927.38
1790327715|20260925171515|927.68
1790327720|20260925171520|927.61
1790327725|20260925171525|927.64
1790327735|20260925171535|927.36
1790327740|20260925171540|927.38
1790327745|20260925171545|927.38
1790327750|20260925171550|927.40
1790327755|20260925171555|927.42
1790327765|20260925171605|927.40
1790327770|20260925171610|927.38
1790327775|20260925171615|927.37
1790327780|20260925171620|927.35
1790327805|20260925171645|927.31
1790327825|20260925171705|927.24
1790327835|20260925171715|927.26
1790327840|20260925171720|927.23
1790327845|20260925171725|927.21
1790327860|20260925171740|927.15
1790327890|20260925171810|927.17
1790327895|20260925171815|927.06
1790327900|20260925171820|927.05
1790327905|20260925171825|927.11
1790327925|20260925171845|927.46
1790327930|20260925171850|927.52
1790327955|20260925171915|927.47
1790327960|20260925171920|927.66
1790327965|20260925171925|927.76
1790328000|20260925172000|927.37
1790328010|20260925172010|927.38
1790328025|20260925172025|927.27
1790328035|20260925172035|927.38
1790328040|20260925172040|927.23
1790328045|20260925172045|927.26
1790328050|20260925172050|927.27
1790328055|20260925172055|927.28
1790328065|20260925172105|927.35
1790328075|20260925172115|927.53
1790328080|20260925172120|927.44
1790328085|20260925172125|927.51
1790328095|20260925172135|927.33
1790328100|20260925172140|927.12
1790328125|20260925172205|927.29
1790328135|20260925172215|927.45
1790328140|20260925172220|927.52
1790328160|20260925172240|927.65
1790328165|20260925172245|927.65
1790328175|20260925172255|928.22
1790328190|20260925172310|928.03
1790328219|20260925172339|927.55
1790328415|20260925172655|926.81
1790328425|20260925172705|926.81
1790328440|20260925172720|926.83
1790328455|20260925172735|926.94
1790328465|20260925172745|926.80
1790328470|20260925172750|926.73
1790328475|20260925172755|926.76
1790328485|20260925172805|926.72
1790328495|20260925172815|926.66
1790328500|20260925172820|926.66
1790328505|20260925172825|926.75
1790328520|20260925172840|926.84
1790328525|20260925172845|926.82
1790328530|20260925172850|926.80
1790328545|20260925172905|926.59
1790328550|20260925172910|926.58
1790328555|20260925172915|926.67
1790328565|20260925172925|926.71
1790328580|20260925172940|926.73
1790328600|20260925173000|926.77
1790328605|20260925173005|926.75
1790328610|20260925173010|926.96
1790328620|20260925173020|926.94
1790328625|20260925173025|926.90
1790328635|20260925173035|926.78
1790328640|20260925173040|926.93
1790328645|20260925173045|926.87
1790328650|20260925173050|927.00
1790328665|20260925173105|927.25
1790328675|20260925173115|927.55
1790328680|20260925173120|927.42
1790328685|20260925173125|927.37
1790328695|20260925173135|926.93
1790328705|20260925173145|927.21
1790328710|20260925173150|927.33
1790328715|20260925173155|927.49
1790328725|20260925173205|927.54
1790328740|20260925173220|927.81
1790328755|20260925173235|927.69
1790328765|20260925173245|927.60
1790328770|20260925173250|927.69
1790328785|20260925173305|928.02
1790328790|20260925173310|928.01
1790328795|20260925173315|927.88
1790328800|20260925173320|927.89
1790328805|20260925173325|927.94
1790328815|20260925173335|928.03
1790328820|20260925173340|928.03
1790328825|20260925173345|927.88
1790328830|20260925173350|927.76
1790328835|20260925173355|927.96
1790328845|20260925173405|927.94
1790328850|20260925173410|927.90
1790328855|20260925173415|928.03
1790328860|20260925173420|928.02
1790328905|20260925173505|928.00
1790328910|20260925173510|927.98
1790328915|20260925173515|928.00
1790328935|20260925173535|928.00
1790328940|20260925173540|928.13
1790328945|20260925173545|927.99
1790328955|20260925173555|927.99
1790328965|20260925173605|928.11
1790328975|20260925173615|928.03
1790328980|20260925173620|927.94
1790329010|20260925173650|927.82
1790329030|20260925173710|927.81
1790329035|20260925173715|927.78
1790329045|20260925173725|927.67
1790329065|20260925173745|927.66
1790329085|20260925173805|927.73
1790329095|20260925173815|927.68
1790329100|20260925173820|927.65
1790329115|20260925173835|927.59
1790329130|20260925173850|927.57
1790329135|20260925173855|927.49
1790329145|20260925173905|927.26
1790329150|20260925173910|927.17
1790329155|20260925173915|927.14
1790329160|20260925173920|927.30
1790329165|20260925173925|927.27
1790329220|20260925174020|927.50
1790329239|20260925174039|927.47
1790329271|20260925174111|927.31
1790329411|20260925174331|927.30
1790329420|20260925174340|927.23
1790329430|20260925174350|927.40
1790329445|20260925174405|927.67
1790329465|20260925174425|927.58
1790329500|20260925174500|927.75
1790329505|20260925174505|927.76
1790329510|20260925174510|927.59
1790329520|20260925174520|927.74
1790329525|20260925174525|927.46
1790329540|20260925174540|927.32
1790329545|20260925174545|927.41
1790329565|20260925174605|927.45
1790329575|20260925174615|927.51
1790329580|20260925174620|927.52
1790329585|20260925174625|927.59
1790329600|20260925174640|927.44
1790329605|20260925174645|927.54
1790329615|20260925174655|927.34
1790329625|20260925174705|927.34
1790329630|20260925174710|927.31
1790329635|20260925174715|927.35
1790329645|20260925174725|927.22
1790329655|20260925174735|927.24
1790329660|20260925174740|927.31
1790329665|20260925174745|927.28
1790329670|20260925174750|927.22
1790329685|20260925174805|927.02
1790329690|20260925174810|927.02
1790329695|20260925174815|927.06
1790329700|20260925174820|927.08
1790329705|20260925174825|926.96
1790329715|20260925174835|927.05
1790329720|20260925174840|927.05
1790329730|20260925174850|927.22
1790329745|20260925174905|927.17
1790329750|20260925174910|927.20
1790329755|20260925174915|927.21
1790329760|20260925174920|927.26
1790329765|20260925174925|927.24
1790329805|20260925175005|927.20
1790329810|20260925175010|927.20
1790329820|20260925175020|927.08
1790329825|20260925175025|927.17
1790329840|20260925175040|927.06
1790329845|20260925175045|927.06
1790329850|20260925175050|927.02
1790329855|20260925175055|927.00
1790329865|20260925175105|927.06
1790329870|20260925175110|927.02
1790329875|20260925175115|926.99
1790329880|20260925175120|927.08
1790329885|20260925175125|927.09
1790329895|20260925175135|927.14
1790329900|20260925175140|927.23
1790329905|20260925175145|927.12
1790329910|20260925175150|927.08
1790329915|20260925175155|927.06
1790329925|20260925175205|927.05
1790329930|20260925175210|927.46
1790329935|20260925175215|927.11
1790329945|20260925175225|927.25
1790329965|20260925175245|927.21
1790329975|20260925175255|927.15
1790329990|20260925175310|927.08
1790330000|20260925175320|927.10
1790330005|20260925175325|926.98
1790330020|20260925175340|927.18
1790330035|20260925175355|927.33
1790330045|20260925175405|927.28
1790330055|20260925175415|927.34
1790330060|20260925175420|927.29
1790330105|20260925175505|927.21
1790330110|20260925175510|927.28
1790330115|20260925175515|927.15
1790330125|20260925175525|927.10
1790330135|20260925175535|927.12
1790330140|20260925175540|927.16
1790330145|20260925175545|927.19
1790330150|20260925175550|927.17
1790330155|20260925175555|927.15
1790330165|20260925175605|926.86
1790330170|20260925175610|927.04
1790330175|20260925175615|926.91
1790330180|20260925175620|927.12
1790330185|20260925175625|927.02
1790330200|20260925175640|927.21
1790330205|20260925175645|927.18
1790330215|20260925175655|927.32
1790330225|20260925175705|927.15
1790330230|20260925175710|927.42
1790330235|20260925175715|927.16
1790330240|20260925175720|927.41
1790330255|20260925175735|927.24
1790330265|20260925175745|927.27
1790330275|20260925175755|927.26
1790330285|20260925175805|927.19
1790330290|20260925175810|927.32
1790330295|20260925175815|927.33
1790330300|20260925175820|927.65
1790330305|20260925175825|927.56
1790330315|20260925175835|927.60
1790330330|20260925175850|927.80
1790330350|20260925175910|927.51
1790330355|20260925175915|927.50
1790330365|20260925175925|927.51
1790330400|20260925180000|927.71
1790330410|20260925180010|927.52
1790330425|20260925180025|927.84
1790330435|20260925180035|927.94
1790330440|20260925180040|927.87
1790330450|20260925180050|927.97
1790330455|20260925180055|928.13
1790330465|20260925180105|927.88
1790330475|20260925180115|927.97
1790330485|20260925180125|927.79
1790330495|20260925180135|927.68
1790330500|20260925180140|927.68
1790330510|20260925180150|927.68
1790330515|20260925180155|927.68
1790330525|20260925180205|927.68
1790330530|20260925180210|927.80
1790330545|20260925180225|927.64
1790330560|20260925180240|927.81
1790330570|20260925180250|927.76
1790330585|20260925180305|927.95
1790330595|20260925180315|927.71
1790330600|20260925180320|927.71
1790330605|20260925180325|927.70
1790330615|20260925180335|927.57
1790330620|20260925180340|927.83
1790330625|20260925180345|927.61
1790330645|20260925180405|927.71
1790330650|20260925180410|927.76
1790330655|20260925180415|927.78
1790330660|20260925180420|927.68
1790330705|20260925180505|927.74
1790330710|20260925180510|927.91
1790330715|20260925180515|928.17
1790330720|20260925180520|927.95
1790330735|20260925180535|927.98
1790330740|20260925180540|928.00
1790330745|20260925180545|928.26
1790330755|20260925180555|928.37
1790330765|20260925180605|928.42
1790330770|20260925180610|928.41
1790330775|20260925180615|928.41
1790330780|20260925180620|928.24
1790330785|20260925180625|928.21
1790330800|20260925180640|928.35
1790330810|20260925180650|928.27
1790330825|20260925180705|928.39
1790330830|20260925180710|928.34
1790330835|20260925180715|928.41
1790330840|20260925180720|928.38
1790330845|20260925180725|928.41
1790330855|20260925180735|928.41
1790330920|20260925180840|928.69
1790330950|20260925180910|929.21
1790330995|20260925180955|929.18
1790331000|20260925181000|929.07
1790331005|20260925181005|929.10
1790331010|20260925181010|928.91
1790331015|20260925181015|929.03
1790331020|20260925181020|929.07
1790331025|20260925181025|928.76
1790331035|20260925181035|928.87
1790331045|20260925181045|928.89
1790331050|20260925181050|928.91
1790331055|20260925181055|928.92
1790331065|20260925181105|928.78
1790331070|20260925181110|929.03
1790331075|20260925181115|929.06
1790331080|20260925181120|928.72
1790331085|20260925181125|928.88
1790331100|20260925181140|928.89
1790331105|20260925181145|928.98
1790331115|20260925181155|929.06
1790331130|20260925181210|929.18
1790331135|20260925181215|929.14
1790331140|20260925181220|928.88
1790331155|20260925181235|929.04
1790331165|20260925181245|929.25
1790331170|20260925181250|929.22
1790331185|20260925181305|929.31
1790331190|20260925181310|929.25
1790331195|20260925181315|929.26
1790331200|20260925181320|929.40
1790331205|20260925181325|929.20
1790331220|20260925181340|929.79
1790331245|20260925181405|930.01
1790331250|20260925181410|930.13
1790331255|20260925181415|930.02
1790331265|20260925181425|930.18
1790331305|20260925181505|930.50
1790331310|20260925181510|930.35
1790331315|20260925181515|930.35
1790331320|20260925181520|930.27
1790331325|20260925181525|930.09
1790331350|20260925181550|930.13
1790331365|20260925181605|930.33
1790331370|20260925181610|930.34
1790331375|20260925181615|930.07
1790331385|20260925181625|930.18
1790331395|20260925181635|930.15
1790331400|20260925181640|930.16
1790331405|20260925181645|929.84
1790331410|20260925181650|929.91
1790331415|20260925181655|930.04
1790331425|20260925181705|929.76
1790331430|20260925181710|929.79
1790331440|20260925181720|929.85
1790331445|20260925181725|929.83
1790331460|20260925181740|929.81
1790331465|20260925181745|929.76
1790331470|20260925181750|929.89
1790331490|20260925181810|929.90
1790331495|20260925181815|929.83
1790331505|20260925181825|929.83
1790331545|20260925181905|929.79
1790331550|20260925181910|929.71
1790331555|20260925181915|929.76
1790331560|20260925181920|929.89
1790331565|20260925181925|929.63
1790331605|20260925182005|929.85
1790331610|20260925182010|929.87
1790331615|20260925182015|929.99
1790331620|20260925182020|930.01
1790331625|20260925182025|929.83
1790331635|20260925182035|929.99
1790331640|20260925182040|929.85
1790331650|20260925182050|929.87
1790331670|20260925182110|930.11
1790331675|20260925182115|929.98
1790331680|20260925182120|929.98
1790331695|20260925182135|930.30
1790331700|20260925182140|929.98
1790331705|20260925182145|929.91
1790331710|20260925182150|930.03
1790331715|20260925182155|930.18
1790331725|20260925182205|930.22
1790331730|20260925182210|930.21
1790331740|20260925182220|930.20
1790331745|20260925182225|930.28
1790331755|20260925182235|930.35
1790331760|20260925182240|930.42
1790331765|20260925182245|930.49
1790331770|20260925182250|930.62
1790331775|20260925182255|930.44
1790331800|20260925182320|930.61
1790331805|20260925182325|930.46
1790331820|20260925182340|930.43
1790331825|20260925182345|930.48
1790331850|20260925182410|930.77
1790331855|20260925182415|930.55
1790331865|20260925182425|930.70
1790331905|20260925182505|930.32
1790331915|20260925182515|930.29
1790331920|20260925182520|930.25
1790331945|20260925182545|930.61
1790331950|20260925182550|930.67
1790331965|20260925182605|930.70
1790331975|20260925182615|930.61
1790331980|20260925182620|930.66
1790331985|20260925182625|930.65
1790331995|20260925182635|930.66
1790332000|20260925182640|930.69
1790332005|20260925182645|930.69
1790332015|20260925182655|930.66
1790332030|20260925182710|930.79
1790332035|20260925182715|930.65
1790332040|20260925182720|930.79
1790332060|20260925182740|930.69
1790332065|20260925182745|930.61
1790332070|20260925182750|930.60
1790332085|20260925182805|930.51
1790332090|20260925182810|930.52
1790332095|20260925182815|930.51
1790332100|20260925182820|930.47
1790332105|20260925182825|930.44
1790332120|20260925182840|930.60
1790332130|20260925182850|930.52
1790332145|20260925182905|930.56
1790332150|20260925182910|930.56
1790332155|20260925182915|930.55
1790332160|20260925182920|930.55
1790332165|20260925182925|930.68
1790332200|20260925183000|930.57
1790332205|20260925183005|930.58
1790332215|20260925183015|930.48
1790332225|20260925183025|930.60
1790332235|20260925183035|930.62
1790332245|20260925183045|930.72
1790332270|20260925183110|930.57
1790332275|20260925183115|930.59
1790332280|20260925183120|930.59
1790332285|20260925183125|930.60
1790332295|20260925183135|930.59
1790332310|20260925183150|930.53
1790332315|20260925183155|930.55
1790332325|20260925183205|930.81
1790332340|20260925183220|930.33
1790332345|20260925183225|930.39
1790332360|20260925183240|930.25
1790332365|20260925183245|930.36
1790332385|20260925183305|930.08
1790332395|20260925183315|929.96
1790332400|20260925183320|929.98
1790332415|20260925183335|930.05
1790332425|20260925183345|930.11
1790332430|20260925183350|930.27
1790332445|20260925183405|930.12
1790332450|20260925183410|929.94
1790332455|20260925183415|929.94
1790332460|20260925183420|929.95
1790332465|20260925183425|930.22
1790332500|20260925183500|930.05
1790332505|20260925183505|930.14
1790332510|20260925183510|930.12
1790332515|20260925183515|930.12
1790332520|20260925183520|930.23
1790332525|20260925183525|930.25
1790332535|20260925183535|930.20
1790332540|20260925183540|930.17
1790332545|20260925183545|930.15
1790332550|20260925183550|930.11
1790332555|20260925183555|930.14
1790332565|20260925183605|930.08
1790332575|20260925183615|930.27
1790332580|20260925183620|930.07
1790332605|20260925183645|930.15
1790332615|20260925183655|930.19
1790332625|20260925183705|930.24
1790332630|20260925183710|930.19
1790332635|20260925183715|930.21
1790332640|20260925183720|930.21
1790332660|20260925183740|930.08
1790332665|20260925183745|930.22
1790332675|20260925183755|930.02
1790332685|20260925183805|930.13
1790332690|20260925183810|930.10
1790332700|20260925183820|929.99
1790332705|20260925183825|929.89
1790332715|20260925183835|929.64
1790332720|20260925183840|929.56
1790332725|20260925183845|929.56
1790332745|20260925183905|929.51
1790332750|20260925183910|929.49
1790332760|20260925183920|929.55
1790332765|20260925183925|929.51
1790332805|20260925184005|929.54
1790332815|20260925184015|929.43
1790332820|20260925184020|929.43
1790332825|20260925184025|929.42
1790332845|20260925184045|929.30
1790332850|20260925184050|929.29
1790332855|20260925184055|929.28
1790332865|20260925184105|929.45
1790332870|20260925184110|929.52
1790332875|20260925184115|929.33
1790332880|20260925184120|929.35
1790332885|20260925184125|929.32
1790332895|20260925184135|929.60
1790332905|20260925184145|929.34
1790332915|20260925184155|929.39
1790332930|20260925184210|929.45
1790332955|20260925184235|929.68
1790332965|20260925184245|929.80
1790332975|20260925184255|929.66
1790332985|20260925184305|929.48
1790332990|20260925184310|929.51
1790332995|20260925184315|929.65
1790333000|20260925184320|929.64
1790333005|20260925184325|929.74
1790333025|20260925184345|929.73
1790333035|20260925184355|929.74
1790333045|20260925184405|929.83
1790333050|20260925184410|929.89
1790333060|20260925184420|929.89
1790333080|20260925184440|930.39
1790333100|20260925184500|930.01
1790333105|20260925184505|929.94
1790333115|20260925184515|929.97
1790333125|20260925184525|930.01
1790333145|20260925184545|930.18
1790333150|20260925184550|930.06
1790333170|20260925184610|929.81
1790333180|20260925184620|929.78
1790333205|20260925184645|929.62
1790333210|20260925184650|929.81
1790333215|20260925184655|929.91
1790333225|20260925184705|929.81
1790333230|20260925184710|929.80
1790333235|20260925184715|929.89
1790333240|20260925184720|929.99
1790333255|20260925184735|930.02
1790333260|20260925184740|930.04
1790333265|20260925184745|930.17
1790333285|20260925184805|930.07
1790333290|20260925184810|930.18
1790333300|20260925184820|930.10
1790333305|20260925184825|930.20
1790333315|20260925184835|930.03
1790333330|20260925184850|930.19
1790333345|20260925184905|929.96
1790333355|20260925184915|930.04
1790333360|20260925184920|930.26
1790333365|20260925184925|930.04
1790333405|20260925185005|929.92
1790333410|20260925185010|930.02
1790333420|20260925185020|930.11
1790333440|20260925185040|930.00
1790333445|20260925185045|930.08
1790333450|20260925185050|929.87
1790333465|20260925185105|929.96
1790333475|20260925185115|930.19
1790333480|20260925185120|930.14
1790333495|20260925185135|930.21
1790333505|20260925185145|930.10
1790333510|20260925185150|930.07
1790333515|20260925185155|930.05
1790333525|20260925185205|930.08
1790333530|20260925185210|930.10
1790333535|20260925185215|930.13
1790333540|20260925185220|930.30
1790333545|20260925185225|930.42
1790333560|20260925185240|930.13
1790333565|20260925185245|930.26
1790333570|20260925185250|930.16
1790333575|20260925185255|930.16
1790333585|20260925185305|930.09
1790333595|20260925185315|929.93
1790333600|20260925185320|929.91
1790333605|20260925185325|929.90
1790333625|20260925185345|930.13
1790333630|20260925185350|930.15
1790333635|20260925185355|930.14
1790333645|20260925185405|930.16
1790333650|20260925185410|930.21
1790333655|20260925185415|930.23
1790333660|20260925185420|930.37
1790333665|20260925185425|930.42
1790333690|20260925185450|930.82
1790333705|20260925185505|930.83
1790333710|20260925185510|930.72
1790333715|20260925185515|930.81
1790333720|20260925185520|930.83
1790333725|20260925185525|931.00
1790333735|20260925185535|930.98
1790333740|20260925185540|931.05
1790333745|20260925185545|931.05
1790333750|20260925185550|931.01
1790333770|20260925185610|931.07
1790333775|20260925185615|931.01
1790333780|20260925185620|931.03
1790333785|20260925185625|931.21
1790333805|20260925185645|931.26
1790333810|20260925185650|931.14
1790333815|20260925185655|931.29
1790333825|20260925185705|931.29
1790333840|20260925185720|931.26
1790333845|20260925185725|931.24
1790333860|20260925185740|931.23
1790333865|20260925185745|931.20
1790333870|20260925185750|931.14
1790333885|20260925185805|930.98
1790333890|20260925185810|931.09
1790333905|20260925185825|931.09
1790333915|20260925185835|931.28
1790333920|20260925185840|931.05
1790333925|20260925185845|931.18
1790333930|20260925185850|931.18
1790333935|20260925185855|931.13
1790333940|20260925185900|931.17
1790333945|20260925185905|931.08
1790333950|20260925185910|931.11
1790333955|20260925185915|931.04
1790333960|20260925185920|930.95
1790333965|20260925185925|931.17
1790334000|20260925190000|931.10
1790334005|20260925190005|931.28
1790334010|20260925190010|931.25
1790334015|20260925190015|931.02
1790334020|20260925190020|931.23
1790334025|20260925190025|931.18
1790334035|20260925190035|931.23
1790334040|20260925190040|931.03
1790334050|20260925190050|931.27
1790334055|20260925190055|931.30
1790334065|20260925190105|931.22
1790334070|20260925190110|931.22
1790334080|20260925190120|931.16
1790334085|20260925190125|931.20
1790334095|20260925190135|931.29
1790334100|20260925190140|931.18
1790334105|20260925190145|931.20
1790334115|20260925190155|931.11
1790334125|20260925190205|931.07
1790334130|20260925190210|931.07
1790334135|20260925190215|931.11
1790334140|20260925190220|930.92
1790334160|20260925190240|931.39
1790334170|20260925190250|930.97
1790334175|20260925190255|930.98
1790334185|20260925190305|930.94
1790334190|20260925190310|930.96
1790334195|20260925190315|930.96
1790334200|20260925190320|930.94
1790334205|20260925190325|931.03
1790334220|20260925190340|930.92
1790334225|20260925190345|930.99
1790334230|20260925190350|930.95
1790334235|20260925190355|931.08
1790334245|20260925190405|931.06
1790334250|20260925190410|930.98
1790334255|20260925190415|930.93
1790334260|20260925190420|931.00
1790334265|20260925190425|931.14
1790334310|20260925190510|931.02
1790334315|20260925190515|931.04
1790334325|20260925190525|931.09
1790334340|20260925190540|931.11
1790334345|20260925190545|931.14
1790334355|20260925190555|931.16
1790334365|20260925190605|931.18
1790334370|20260925190610|931.17
1790334375|20260925190615|931.28
1790334385|20260925190625|931.28
1790334395|20260925190635|931.45
1790334405|20260925190645|931.33
1790334410|20260925190650|931.46
1790334415|20260925190655|931.57
1790334425|20260925190705|931.52
1790334430|20260925190710|931.54
1790334435|20260925190715|931.47
1790334440|20260925190720|931.54
1790334445|20260925190725|931.61
1790334455|20260925190735|931.90
1790334460|20260925190740|932.04
1790334465|20260925190745|931.88
1790334475|20260925190755|931.76
1790334485|20260925190805|931.83
1790334490|20260925190810|931.76
1790334495|20260925190815|931.71
1790334505|20260925190825|931.71
1790334515|20260925190835|931.64
1790334525|20260925190845|931.86
1790334530|20260925190850|931.97
1790334550|20260925190910|931.87
1790334555|20260925190915|932.13
1790334565|20260925190925|931.91
1790334600|20260925191000|932.28
1790334610|20260925191010|931.86
1790334615|20260925191015|931.86
1790334620|20260925191020|932.04
1790334625|20260925191025|932.05
1790334635|20260925191035|932.13
1790334645|20260925191045|932.04
1790334665|20260925191105|932.12
1790334670|20260925191110|932.15
1790334709|20260925191149|932.12
1790334715|20260925191155|932.10
1790334743|20260925191223|931.75
1790334769|20260925191249|931.86
1790334788|20260925191308|931.81
1790334955|20260925191555|931.51
1790334975|20260925191615|931.50
1790335015|20260925191655|931.63
1790335025|20260925191705|931.60
1790335030|20260925191710|931.35
1790335035|20260925191715|931.58
1790335040|20260925191720|931.27
1790335045|20260925191725|931.26
1790335055|20260925191735|931.32
1790335065|20260925191745|931.34
1790335070|20260925191750|931.22
1790335075|20260925191755|931.28
1790335085|20260925191805|931.21
1790335090|20260925191810|931.46
1790335095|20260925191815|931.23
1790335100|20260925191820|931.21
1790335105|20260925191825|931.31
1790335115|20260925191835|931.29
1790335120|20260925191840|931.28
1790335125|20260925191845|931.20
1790335135|20260925191855|931.24
1790335155|20260925191915|931.13
1790335160|20260925191920|931.11
1790335200|20260925192000|931.22
1790335205|20260925192005|931.26
1790335210|20260925192010|931.09
1790335215|20260925192015|931.07
1790335220|20260925192020|931.09
1790335225|20260925192025|931.10
1790335235|20260925192035|930.96
1790335245|20260925192045|931.04
1790335250|20260925192050|931.06
1790335255|20260925192055|931.04
1790335265|20260925192105|930.82
1790335275|20260925192115|930.87
1790335280|20260925192120|930.84
1790335305|20260925192145|930.99
1790335315|20260925192155|931.10
1790335325|20260925192205|931.00
1790335335|20260925192215|931.00
1790335345|20260925192225|930.88
1790335360|20260925192240|930.87
1790335365|20260925192245|931.04
1790335370|20260925192250|930.84
1790335375|20260925192255|930.92
1790335385|20260925192305|930.93
1790335390|20260925192310|930.96
1790335395|20260925192315|931.00
1790335400|20260925192320|930.93
1790335405|20260925192325|930.92
1790335415|20260925192335|930.94
1790335425|20260925192345|930.82
1790335430|20260925192350|930.72
1790335435|20260925192355|930.96
1790335450|20260925192410|930.80
1790335455|20260925192415|930.94
1790335460|20260925192420|930.98
1790335499|20260925192459|931.09
1790335505|20260925192505|930.94
1790335558|20260925192558|930.77
1790335571|20260925192611|930.73
1790335577|20260925192617|930.75
1790335668|20260925192748|930.54
1790335740|20260925192900|930.06
1790335795|20260925192955|929.85
1790335805|20260925193005|929.83
1790335835|20260925193035|930.15
1790335845|20260925193045|930.11
1790335850|20260925193050|930.15
1790335855|20260925193055|929.97
1790335865|20260925193105|929.98
1790335875|20260925193115|929.98
1790335880|20260925193120|929.92
1790335895|20260925193135|930.30
1790335900|20260925193140|930.23
1790335919|20260925193159|930.08
1790335925|20260925193205|929.90
1790335998|20260925193318|929.99
1790336055|20260925193415|929.91
1790336065|20260925193425|929.89
1790336075|20260925193435|929.68
1790336099|20260925193459|929.85
1790336134|20260925193534|929.75
1790336165|20260925193605|930.27
1790336263|20260925193743|929.42
1790336310|20260925193830|929.53
1790336345|20260925193905|929.42
1790336350|20260925193910|929.29
1790336355|20260925193915|929.29
1790336360|20260925193920|929.12
1790336365|20260925193925|929.04
1790336405|20260925194005|928.78
1790336415|20260925194015|928.84
1790336425|20260925194025|928.87
1790336440|20260925194040|928.95
1790336445|20260925194045|928.89
1790336450|20260925194050|928.90
1790336455|20260925194055|929.05
1790336465|20260925194105|928.98
1790336475|20260925194115|928.93
1790336480|20260925194120|928.96
1790336485|20260925194125|928.92
1790336495|20260925194135|929.07
1790336500|20260925194140|929.08
1790336505|20260925194145|929.03
1790336510|20260925194150|928.99
1790336525|20260925194205|929.00
1790336540|20260925194220|929.07
1790336555|20260925194235|929.08
1790336560|20260925194240|929.01
1790336565|20260925194245|929.09
1790336570|20260925194250|929.21
1790336575|20260925194255|928.83
1790336585|20260925194305|928.93
1790336595|20260925194315|928.98
1790336600|20260925194320|928.82
1790336605|20260925194325|928.94
1790336615|20260925194335|928.95
1790336620|20260925194340|928.89
1790336625|20260925194345|928.91
1790336635|20260925194355|928.98
1790336645|20260925194405|929.02
1790336650|20260925194410|929.04
1790336655|20260925194415|929.06
1790336660|20260925194420|929.15
1790336665|20260925194425|929.10
1790336705|20260925194505|929.15
1790336710|20260925194510|929.03
1790336715|20260925194515|929.04
1790336720|20260925194520|929.27
1790336725|20260925194525|929.03
1790336735|20260925194535|929.02
1790336740|20260925194540|929.20
1790336745|20260925194545|928.97
1790336750|20260925194550|929.06
1790336755|20260925194555|929.04
1790336765|20260925194605|928.99
1790336770|20260925194610|928.91
1790336775|20260925194615|928.96
1790336780|20260925194620|928.87
1790336785|20260925194625|928.85
1790336795|20260925194635|929.01
1790336800|20260925194640|929.03
1790336805|20260925194645|929.10
1790336810|20260925194650|928.99
1790336815|20260925194655|929.20
1790336825|20260925194705|929.37
1790336830|20260925194710|929.37
1790336835|20260925194715|929.69
1790336840|20260925194720|929.47
1790336855|20260925194735|929.55
1790336865|20260925194745|929.52
1790336870|20260925194750|929.52
1790336875|20260925194755|929.70
1790336885|20260925194805|929.52
1790336890|20260925194810|929.48
1790336895|20260925194815|929.55
1790336905|20260925194825|929.35
1790336920|20260925194840|929.55
1790336930|20260925194850|929.54
1790336935|20260925194855|929.52
1790336945|20260925194905|929.54
1790336950|20260925194910|929.56
1790336955|20260925194915|929.64
1790336960|20260925194920|929.56
1790336965|20260925194925|929.62
1790337005|20260925195005|929.34
1790337010|20260925195010|929.41
1790337020|20260925195020|929.39
1790337025|20260925195025|929.45
1790337035|20260925195035|929.48
1790337040|20260925195040|929.54
1790337045|20260925195045|929.61
1790337050|20260925195050|929.66
1790337055|20260925195055|929.87
1790337065|20260925195105|929.69
1790337070|20260925195110|929.67
1790337075|20260925195115|929.77
1790337080|20260925195120|929.56
1790337085|20260925195125|929.40
1790337095|20260925195135|929.57
1790337105|20260925195145|929.67
1790337110|20260925195150|929.66
1790337115|20260925195155|929.61
1790337125|20260925195205|929.59
1790337130|20260925195210|929.64
1790337135|20260925195215|929.73
1790337155|20260925195235|929.77
1790337165|20260925195245|929.69
1790337170|20260925195250|929.68
1790337175|20260925195255|929.75
1790337185|20260925195305|929.64
1790337190|20260925195310|929.66
1790337195|20260925195315|929.68
1790337200|20260925195320|929.72
1790337220|20260925195340|929.71
1790337225|20260925195345|929.73
1790337235|20260925195355|929.74
1790337245|20260925195405|929.70
1790337250|20260925195410|929.71
1790337260|20260925195420|929.68
1790337265|20260925195425|929.64
1790337305|20260925195505|929.57
1790337315|20260925195515|929.65
1790337320|20260925195520|929.72
1790337325|20260925195525|929.57
1790337335|20260925195535|929.77
1790337340|20260925195540|929.97
1790337345|20260925195545|929.90
1790337350|20260925195550|929.83
1790337355|20260925195555|929.97
1790337360|20260925195600|929.83
1790337365|20260925195605|929.83
1790337370|20260925195610|929.82
1790337375|20260925195615|929.86
1790337380|20260925195620|929.67
1790337385|20260925195625|929.76
1790337395|20260925195635|929.82
1790337400|20260925195640|929.82
1790337405|20260925195645|929.90
1790337410|20260925195650|929.83
1790337415|20260925195655|929.64
1790337435|20260925195715|929.79
1790337440|20260925195720|929.87
1790337460|20260925195740|929.73
1790337470|20260925195750|929.89
1790337485|20260925195805|929.79
1790337490|20260925195810|929.72
1790337495|20260925195815|929.91
1790337500|20260925195820|929.78
1790337505|20260925195825|929.75
1790337515|20260925195835|929.93
1790337520|20260925195840|929.77
1790337525|20260925195845|929.74
1790337530|20260925195850|929.81
1790337555|20260925195915|929.88
1790337579|20260925195939|929.63
1790337615|20260925200015|929.33
1790337625|20260925200025|929.50
1790337655|20260925200055|929.26
1790337665|20260925200105|929.57
1790337670|20260925200110|929.69
1790337675|20260925200115|929.60
1790337680|20260925200120|929.57
1790337700|20260925200140|929.72
1790337705|20260925200145|929.87
1790337715|20260925200155|929.63
1790337725|20260925200205|929.65
1790337755|20260925200235|929.54
1790337760|20260925200240|929.58
1790337765|20260925200245|929.58
1790337775|20260925200255|929.81
1790337785|20260925200305|929.74
1790337795|20260925200315|929.70
1790337800|20260925200320|929.70
1790337815|20260925200335|929.59
1790337820|20260925200340|929.55
1790337825|20260925200345|929.50
1790337830|20260925200350|929.55
1790337835|20260925200355|929.60
1790337859|20260925200419|929.63
1790337879|20260925200439|929.54
1790337925|20260925200525|929.55
1790337938|20260925200538|929.59
1790337965|20260925200605|929.26
1790337970|20260925200610|929.17
1790337985|20260925200625|929.25
1790337991|20260925200631|929.24
1790338030|20260925200710|929.74
1790338040|20260925200720|929.79
1790338090|20260925200810|929.67
1790338100|20260925200820|929.59
1790338110|20260925200830|929.39
1790338115|20260925200835|929.37
1790338120|20260925200840|929.27
1790338125|20260925200845|929.30
1790338130|20260925200850|929.41
1790338135|20260925200855|929.33
1790338145|20260925200905|929.36
1790338150|20260925200910|929.38
1790338155|20260925200915|929.37
1790338160|20260925200920|929.37
1790338200|20260925201000|929.58
1790338205|20260925201005|929.56
1790338210|20260925201010|929.63
1790338215|20260925201015|929.75
1790338235|20260925201035|929.61
1790338245|20260925201045|929.58
1790338255|20260925201055|929.06
1790338265|20260925201105|928.99
1790338270|20260925201110|929.12
1790338275|20260925201115|929.12
1790338280|20260925201120|929.10
1790338285|20260925201125|929.09
1790338295|20260925201135|929.29
1790338300|20260925201140|929.59
1790338310|20260925201150|929.61
1790338325|20260925201205|929.49
1790338330|20260925201210|929.43
1790338335|20260925201215|929.51
1790338340|20260925201220|929.52
1790338345|20260925201225|929.55
1790338355|20260925201235|929.43
1790338360|20260925201240|929.37
1790338365|20260925201245|929.35
1790338380|20260925201300|929.39
1790338385|20260925201305|929.22
1790338390|20260925201310|929.37
1790338400|20260925201320|929.00
1790338405|20260925201325|928.90
1790338415|20260925201335|928.87
1790338420|20260925201340|928.83
1790338425|20260925201345|928.84
1790338430|20260925201350|928.96
1790338435|20260925201355|928.72
1790338450|20260925201410|928.62
1790338460|20260925201420|928.41
1790338465|20260925201425|928.45
1790338505|20260925201505|928.84
1790338515|20260925201515|928.86
1790338525|20260925201525|928.94
1790338545|20260925201545|929.06
1790338550|20260925201550|928.83
1790338565|20260925201605|929.02
1790338570|20260925201610|929.19
1790338580|20260925201620|928.86
1790338585|20260925201625|929.09
1790338595|20260925201635|928.73
1790338600|20260925201640|928.69
1790338605|20260925201645|928.63
1790338625|20260925201705|928.42
1790338630|20260925201710|928.55
1790338635|20260925201715|928.53
1790338645|20260925201725|928.79
1790338655|20260925201735|928.69
1790338665|20260925201745|928.84
1790338675|20260925201755|928.75
1790338685|20260925201805|928.34
1790338690|20260925201810|928.48
1790338695|20260925201815|928.56
1790338700|20260925201820|928.39
1790338715|20260925201835|928.61
1790338720|20260925201840|928.61
1790338725|20260925201845|928.47
1790338730|20260925201850|928.61
1790338745|20260925201905|928.37
1790338750|20260925201910|928.37
1790338755|20260925201915|928.29
1790338760|20260925201920|928.75
1790338765|20260925201925|928.43
1790338810|20260925202010|928.72
1790338820|20260925202020|928.41
1790338835|20260925202035|928.41
1790338845|20260925202045|928.75
1790338850|20260925202050|929.34
1790338870|20260925202110|929.23
1790338875|20260925202115|929.51
1790338880|20260925202120|929.67
1790338895|20260925202135|929.88
1790338910|20260925202150|930.02
1790338925|20260925202205|929.95
1790338930|20260925202210|930.18
1790338935|20260925202215|930.05
1790338940|20260925202220|930.11
1790338945|20260925202225|930.13
1790338960|20260925202240|930.17
1790338965|20260925202245|930.22
1790338970|20260925202250|930.23
1790338975|20260925202255|930.16
1790338990|20260925202310|929.79
1790338995|20260925202315|929.94
1790339000|20260925202320|929.97
1790339005|20260925202325|929.99
1790339015|20260925202335|929.71
1790339020|20260925202340|929.83
1790339030|20260925202350|929.60
1790339079|20260925202439|929.78
1790339198|20260925202638|930.53
1790339212|20260925202652|930.38
1790339284|20260925202804|930.50
1790339330|20260925202850|930.83
1790339365|20260925202925|930.39
1790339400|20260925203000|930.22
1790339445|20260925203045|929.61
1790339537|20260925203217|929.02
1790339550|20260925203230|928.67
1790339580|20260925203300|928.93
1790339590|20260925203310|928.89
1790339600|20260925203320|928.95
1790339620|20260925203340|928.91
1790339625|20260925203345|928.95
1790339630|20260925203350|928.94
1790339645|20260925203405|929.07
1790339650|20260925203410|929.08
1790339655|20260925203415|929.17
1790339660|20260925203420|929.24
1790339665|20260925203425|929.14
1790339705|20260925203505|929.30
1790339710|20260925203510|929.40
1790339715|20260925203515|929.48
1790339720|20260925203520|929.20
1790339735|20260925203535|929.08
1790339750|20260925203550|928.99
1790339755|20260925203555|928.96
1790339765|20260925203605|928.73
1790339770|20260925203610|928.76
1790339775|20260925203615|928.57
1790339780|20260925203620|928.59
1790339785|20260925203625|928.70
1790339795|20260925203635|928.51
1790339800|20260925203640|928.66
1790339805|20260925203645|928.58
1790339810|20260925203650|928.71
1790339815|20260925203655|928.66
1790339825|20260925203705|928.62
1790339830|20260925203710|928.78
1790339835|20260925203715|928.81
1790339840|20260925203720|928.64
1790339845|20260925203725|928.66
1790339865|20260925203745|928.76
1790339875|20260925203755|928.81
1790339885|20260925203805|929.00
1790339895|20260925203815|929.07
1790339900|20260925203820|929.05
1790339905|20260925203825|928.97
1790339915|20260925203835|928.89
1790339920|20260925203840|928.94
1790339925|20260925203845|928.86
1790339945|20260925203905|929.04
1790339950|20260925203910|929.12
1790339955|20260925203915|929.14
1790339960|20260925203920|929.02
1790340000|20260925204000|929.36
1790340005|20260925204005|929.27
1790340010|20260925204010|929.24
1790340015|20260925204015|929.24
1790340020|20260925204020|929.12
1790340025|20260925204025|929.15
1790340035|20260925204035|929.25
1790340045|20260925204045|929.16
1790340055|20260925204055|928.60
1790340065|20260925204105|928.71
1790340075|20260925204115|928.97
1790340080|20260925204120|928.94
1790340105|20260925204145|928.84
1790340110|20260925204150|928.89
1790340115|20260925204155|928.95
1790340125|20260925204205|928.90
1790340135|20260925204215|928.87
1790340140|20260925204220|929.09
1790340145|20260925204225|928.93
1790340185|20260925204305|928.49
1790340190|20260925204310|928.45
1790340195|20260925204315|928.46
1790340200|20260925204320|928.53
1790340205|20260925204325|928.53
1790340215|20260925204335|928.53
1790340235|20260925204355|928.28
1790340245|20260925204405|928.46
1790340255|20260925204415|928.57
1790340260|20260925204420|928.47
1790340265|20260925204425|928.46
1790340305|20260925204505|929.27
1790340310|20260925204510|929.23
1790340315|20260925204515|929.05
1790340320|20260925204520|929.00
1790340345|20260925204545|929.01
1790340350|20260925204550|929.01
1790340355|20260925204555|929.41
1790340370|20260925204610|929.58
1790340375|20260925204615|929.56
1790340380|20260925204620|929.59
1790340400|20260925204640|929.31
1790340410|20260925204650|929.14
1790340415|20260925204655|929.16
1790340425|20260925204705|930.17
1790340430|20260925204710|929.76
1790340435|20260925204715|929.56
1790340440|20260925204720|929.43
1790340445|20260925204725|929.41
1790340460|20260925204740|929.49
1790340465|20260925204745|929.79
1790340475|20260925204755|930.55
1790340485|20260925204805|930.58
1790340490|20260925204810|930.31
1790340500|20260925204820|930.22
1790340505|20260925204825|929.82
1790340525|20260925204845|929.96
1790340535|20260925204855|929.72
1790340540|20260925204900|929.58
1790340545|20260925204905|929.38
1790340550|20260925204910|929.38
1790340555|20260925204915|929.28
1790340600|20260925205000|929.13
1790340605|20260925205005|929.46
1790340610|20260925205010|929.32
1790340615|20260925205015|929.16
1790340620|20260925205020|929.40
1790340625|20260925205025|929.13
1790340635|20260925205035|929.17
1790340640|20260925205040|929.26
1790340645|20260925205045|929.19
1790340655|20260925205055|929.47
1790340665|20260925205105|929.29
1790340670|20260925205110|929.22
1790340675|20260925205115|928.99
1790340680|20260925205120|928.83
1790340685|20260925205125|928.98
1790340700|20260925205140|928.78
1790340705|20260925205145|928.79
1790340715|20260925205155|929.05
1790340730|20260925205210|928.81
1790340735|20260925205215|928.47
1790340740|20260925205220|928.48
1790340755|20260925205235|928.43
1790340760|20260925205240|928.40
1790340775|20260925205255|928.27
1790340780|20260925205300|928.31
1790340790|20260925205310|928.29
1790340795|20260925205315|928.16
1790340805|20260925205325|928.40
1790340820|20260925205340|928.75
1790340830|20260925205350|928.77
1790340845|20260925205405|929.03
1790340850|20260925205410|929.09
1790340855|20260925205415|929.07
1790340860|20260925205420|929.17
1790340865|20260925205425|928.81
1790340905|20260925205505|928.63
1790340910|20260925205510|928.60
1790340920|20260925205520|928.59
1790340935|20260925205535|928.71
1790340945|20260925205545|928.53
1790340965|20260925205605|928.62
1790340970|20260925205610|928.65
1790340975|20260925205615|928.62
1790340980|20260925205620|928.71
1790340985|20260925205625|928.85
1790340995|20260925205635|928.67
1790341000|20260925205640|928.69
1790341005|20260925205645|928.86
1790341010|20260925205650|928.71
1790341025|20260925205705|928.58
1790341030|20260925205710|928.58
1790341055|20260925205735|928.68
1790341060|20260925205740|928.76
1790341065|20260925205745|928.53
1790341070|20260925205750|928.54
1790341075|20260925205755|928.71
1790341085|20260925205805|928.43
1790341090|20260925205810|928.45
1790341100|20260925205820|928.76
1790341115|20260925205835|928.47
1790341120|20260925205840|928.56
1790341130|20260925205850|928.58
1790341145|20260925205905|928.64
1790341155|20260925205915|928.64
1790341160|20260925205920|928.90
1790341165|20260925205925|928.70
1790341200|20260925210000|928.37
1790341205|20260925210005|928.44
1790341210|20260925210010|928.66
1790341215|20260925210015|928.37
1790341220|20260925210020|928.31
1790341240|20260925210040|928.39
1790341245|20260925210045|928.51
1790341270|20260925210110|927.89
1790341275|20260925210115|927.97
1790341295|20260925210135|927.66
1790341300|20260925210140|927.74
1790341310|20260925210150|927.73
1790341315|20260925210155|927.75
1790341325|20260925210205|927.79
1790341335|20260925210215|927.83
1790341340|20260925210220|927.36
1790341345|20260925210225|927.47
1790341360|20260925210240|927.46
1790341365|20260925210245|927.03
1790341370|20260925210250|927.07
1790341385|20260925210305|927.40
1790341390|20260925210310|927.35
1790341400|20260925210320|927.60
1790341420|20260925210340|927.46
1790341425|20260925210345|927.35
1790341430|20260925210350|927.53
1790341445|20260925210405|927.38
1790341450|20260925210410|927.41
1790341455|20260925210415|927.47
1790341460|20260925210420|927.64
1790341465|20260925210425|927.80
1790341500|20260925210500|927.08
1790341505|20260925210505|927.04
1790341515|20260925210515|927.30
1790341520|20260925210520|927.20
1790341525|20260925210525|927.24
1790341545|20260925210545|927.36
1790341555|20260925210555|927.62
1790341565|20260925210605|927.49
1790341580|20260925210620|927.57
1790341585|20260925210625|927.73
1790341600|20260925210640|927.95
1790341605|20260925210645|927.98
1790341610|20260925210650|928.00
1790341625|20260925210705|928.44
1790341635|20260925210715|928.13
1790341640|20260925210720|928.18
1790341645|20260925210725|928.05
1790341655|20260925210735|927.96
1790341660|20260925210740|927.87
1790341665|20260925210745|927.78
1790341675|20260925210755|928.11
1790341685|20260925210805|928.21
1790341690|20260925210810|928.25
1790341695|20260925210815|928.34
1790341700|20260925210820|928.09
1790341705|20260925210825|928.08
1790341720|20260925210840|928.17
1790341725|20260925210845|928.12
1790341735|20260925210855|928.04
1790341750|20260925210910|928.05
1790341755|20260925210915|928.10
1790341760|20260925210920|928.15
1790341765|20260925210925|928.08
1790341780|20260925210940|928.09
1790341800|20260925211000|928.44
1790341805|20260925211005|928.29
1790341810|20260925211010|928.19
1790341815|20260925211015|928.12
1790341820|20260925211020|928.14
1790341825|20260925211025|928.15
1790341835|20260925211035|928.14
1790341840|20260925211040|928.19
1790341845|20260925211045|928.20
1790341855|20260925211055|928.21
1790341865|20260925211105|927.89
1790341870|20260925211110|928.04
1790341875|20260925211115|927.89
1790341880|20260925211120|927.82
1790341885|20260925211125|927.86
1790341910|20260925211150|928.36
1790341930|20260925211210|927.89
1790341935|20260925211215|927.91
1790341940|20260925211220|927.97
1790341945|20260925211225|928.04
1790341955|20260925211235|928.15
1790341960|20260925211240|928.17
1790341965|20260925211245|928.10
1790341975|20260925211255|928.02
1790341990|20260925211310|927.85
1790341995|20260925211315|928.03
1790342000|20260925211320|927.82
1790342015|20260925211335|927.89
1790342020|20260925211340|927.90
1790342025|20260925211345|927.89
1790342030|20260925211350|927.79
1790342045|20260925211405|927.73
1790342055|20260925211415|927.84
1790342060|20260925211420|927.67
1790342105|20260925211505|927.19
1790342115|20260925211515|927.37
1790342125|20260925211525|927.12
1790342140|20260925211540|926.90
1790342150|20260925211550|927.09
1790342155|20260925211555|927.18
1790342165|20260925211605|927.24
1790342170|20260925211610|927.29
1790342175|20260925211615|927.29
1790342185|20260925211625|927.16
1790342200|20260925211640|927.21
1790342205|20260925211645|927.37
1790342225|20260925211705|927.12
1790342230|20260925211710|927.30
1790342235|20260925211715|927.27
1790342240|20260925211720|927.32
1790342245|20260925211725|927.35
1790342260|20260925211740|927.51
1790342265|20260925211745|927.32
1790342275|20260925211755|927.35
1790342295|20260925211815|927.22
1790342300|20260925211820|927.15
1790342305|20260925211825|927.21
1790342315|20260925211835|927.13
1790342320|20260925211840|927.08
1790342325|20260925211845|927.01
1790342330|20260925211850|927.37
1790342335|20260925211855|927.12
1790342355|20260925211915|927.10
1790342365|20260925211925|926.83
1790342400|20260925212000|926.75
1790342405|20260925212005|926.71
1790342415|20260925212015|926.56
1790342420|20260925212020|926.51
1790342425|20260925212025|926.50
1790342435|20260925212035|926.42
1790342440|20260925212040|926.51
1790342445|20260925212045|926.58
1790342450|20260925212050|926.60
1790342455|20260925212055|926.43
1790342465|20260925212105|926.47
1790342480|20260925212120|926.66
1790342485|20260925212125|926.67
1790342500|20260925212140|926.48
1790342505|20260925212145|926.48
1790342525|20260925212205|926.55
1790342530|20260925212210|926.55
1790342535|20260925212215|926.35
1790342540|20260925212220|926.33
1790342545|20260925212225|926.31
1790342555|20260925212235|926.25
1790342560|20260925212240|926.32
1790342565|20260925212245|926.46
1790342575|20260925212255|926.50
1790342585|20260925212305|926.57
1790342590|20260925212310|926.39
1790342595|20260925212315|926.50
1790342600|20260925212320|925.97
1790342620|20260925212340|925.98
1790342630|20260925212350|925.87
1790342635|20260925212355|925.82
1790342645|20260925212405|925.74
1790342650|20260925212410|925.79
1790342665|20260925212425|925.88
1790342705|20260925212505|925.81
1790342715|20260925212515|925.69
1790342725|20260925212525|925.47
1790342755|20260925212555|925.40
1790342765|20260925212605|924.97
1790342775|20260925212615|924.86
1790342780|20260925212620|924.54
1790342795|20260925212635|924.67
1790342800|20260925212640|924.72
1790342805|20260925212645|924.59
1790342810|20260925212650|924.75
1790342815|20260925212655|924.77
1790342825|20260925212705|924.74
1790342835|20260925212715|924.74
1790342840|20260925212720|924.69
1790342845|20260925212725|924.69
1790342855|20260925212735|924.70
1790342865|20260925212745|924.77
1790342875|20260925212755|924.62
1790342885|20260925212805|924.62
1790342890|20260925212810|924.57
1790342905|20260925212825|924.61
1790342915|20260925212835|924.70
1790342925|20260925212845|924.73
1790342945|20260925212905|924.49
1790342950|20260925212910|924.54
1790342955|20260925212915|924.51
1790342960|20260925212920|924.45
1790342965|20260925212925|924.32
1790343000|20260925213000|924.15
1790343005|20260925213005|924.20
1790343010|20260925213010|923.87
1790343015|20260925213015|923.98
1790343020|20260925213020|924.07
1790343025|20260925213025|923.57
1790343035|20260925213035|923.35
1790343040|20260925213040|923.33
1790343045|20260925213045|924.03
1790343055|20260925213055|924.00
1790343065|20260925213105|923.55
1790343070|20260925213110|923.37
1790343075|20260925213115|923.56
1790343080|20260925213120|923.35
1790343085|20260925213125|923.74
1790343095|20260925213135|923.49
1790343100|20260925213140|923.70
1790343105|20260925213145|923.65
1790343110|20260925213150|923.78
1790343130|20260925213210|923.83
1790343135|20260925213215|923.62
1790343145|20260925213225|923.84
1790343155|20260925213235|924.02
1790343160|20260925213240|923.74
1790343165|20260925213245|924.32
1790343185|20260925213305|924.43
1790343190|20260925213310|924.29
1790343195|20260925213315|924.29
1790343200|20260925213320|924.39
1790343205|20260925213325|924.32
1790343220|20260925213340|924.29
1790343225|20260925213345|924.28
1790343245|20260925213405|924.56
1790343250|20260925213410|924.50
1790343265|20260925213425|924.81
1790343305|20260925213505|924.39
1790343310|20260925213510|924.38
1790343315|20260925213515|924.36
1790343320|20260925213520|924.51
1790343325|20260925213525|924.38
1790343335|20260925213535|924.34
1790343340|20260925213540|924.22
1790343370|20260925213610|924.18
1790343375|20260925213615|924.19
1790343385|20260925213625|924.46
1790343395|20260925213635|924.51
1790343430|20260925213710|924.72
1790343435|20260925213715|924.73
1790343440|20260925213720|924.97
1790343445|20260925213725|925.11
1790343455|20260925213735|925.07
1790343460|20260925213740|925.33
1790343465|20260925213745|925.32
1790343470|20260925213750|925.26
1790343475|20260925213755|925.23
1790343485|20260925213805|925.35
1790343495|20260925213815|925.31
1790343500|20260925213820|925.32
1790343520|20260925213840|925.08
1790343525|20260925213845|925.00
1790343530|20260925213850|925.00
1790343535|20260925213855|925.09
1790343545|20260925213905|925.02
1790343555|20260925213915|924.57
1790343560|20260925213920|924.61
1790343565|20260925213925|924.51
1790343600|20260925214000|924.81
1790343605|20260925214005|924.77
1790343610|20260925214010|924.82
1790343615|20260925214015|924.78
1790343620|20260925214020|924.74
1790343625|20260925214025|924.73
1790343645|20260925214045|924.51
1790343650|20260925214050|924.48
1790343655|20260925214055|924.47
1790343665|20260925214105|924.48
1790343675|20260925214115|924.53
1790343680|20260925214120|924.51
1790343685|20260925214125|924.38
1790343695|20260925214135|924.66
1790343700|20260925214140|924.73
1790343710|20260925214150|924.61
1790343725|20260925214205|924.79
1790343735|20260925214215|924.80
1790343755|20260925214235|924.88
1790343760|20260925214240|924.46
1790343775|20260925214255|924.61
1790343790|20260925214310|924.53
1790343795|20260925214315|924.54
1790343800|20260925214320|924.43
1790343815|20260925214335|924.32
1790343825|20260925214345|924.24
1790343835|20260925214355|924.00
1790343855|20260925214415|924.49
1790343860|20260925214420|924.58
1790343865|20260925214425|924.45
1790343915|20260925214515|924.31
1790343920|20260925214520|924.34
1790343925|20260925214525|924.38
1790343935|20260925214535|924.39
1790343940|20260925214540|924.31
1790343945|20260925214545|924.31
1790343965|20260925214605|924.32
1790343970|20260925214610|924.31
1790343975|20260925214615|924.20
1790343980|20260925214620|923.88
1790343985|20260925214625|923.97
1790343995|20260925214635|923.61
1790344000|20260925214640|923.69
1790344005|20260925214645|923.76
1790344015|20260925214655|923.92
1790344025|20260925214705|924.01
1790344030|20260925214710|923.64
1790344035|20260925214715|923.47
1790344045|20260925214725|923.43
1790344055|20260925214735|923.43
1790344060|20260925214740|923.47
1790344065|20260925214745|923.28
1790344070|20260925214750|923.38
1790344075|20260925214755|923.65
1790344085|20260925214805|923.71
1790344090|20260925214810|923.69
1790344095|20260925214815|923.98
1790344100|20260925214820|923.70
1790344120|20260925214840|923.52
1790344125|20260925214845|923.43
1790344130|20260925214850|923.42
1790344145|20260925214905|923.60
1790344155|20260925214915|923.75
1790344160|20260925214920|923.77
1790344205|20260925215005|923.98
1790344210|20260925215010|924.08
1790344235|20260925215035|924.59
1790344240|20260925215040|924.55
1790344245|20260925215045|924.43
1790344265|20260925215105|924.32
1790344270|20260925215110|924.21
1790344275|20260925215115|924.20
1790344280|20260925215120|924.38
1790344285|20260925215125|924.66
1790344295|20260925215135|924.81
1790344300|20260925215140|924.92
1790344305|20260925215145|924.97
1790344310|20260925215150|925.10
1790344315|20260925215155|925.06
1790344325|20260925215205|924.79
1790344330|20260925215210|925.06
1790344335|20260925215215|925.06
1790344340|20260925215220|925.08
1790344345|20260925215225|925.08
1790344355|20260925215235|924.99
1790344375|20260925215255|925.07
1790344385|20260925215305|924.97
1790344390|20260925215310|924.98
1790344395|20260925215315|924.91
1790344400|20260925215320|924.90
1790344405|20260925215325|924.91
1790344415|20260925215335|924.80
1790344420|20260925215340|924.98
1790344425|20260925215345|924.75
1790344435|20260925215355|924.84
1790344445|20260925215405|924.83
1790344450|20260925215410|924.81
1790344455|20260925215415|924.83
1790344460|20260925215420|924.87
1790344465|20260925215425|924.73
1790344505|20260925215505|924.66
1790344510|20260925215510|924.94
1790344520|20260925215520|924.44
1790344525|20260925215525|924.44
1790344535|20260925215535|924.46
1790344604|20260925215644|923.99
