1788796804|20260908000004|952.52
1788796815|20260908000015|952.61
1788796820|20260908000020|952.56
1788796825|20260908000025|952.55
1788796835|20260908000035|952.56
1788796840|20260908000040|952.54
1788796845|20260908000045|952.42
1788796850|20260908000050|952.41
1788796855|20260908000055|952.35
1788796860|20260908000100|952.35
1788796865|20260908000105|952.38
1788796870|20260908000110|952.32
1788796875|20260908000115|952.35
1788796880|20260908000120|952.28
1788796885|20260908000125|952.35
1788796895|20260908000135|952.38
1788796900|20260908000140|952.35
1788796905|20260908000145|952.35
1788796910|20260908000150|952.33
1788796915|20260908000155|952.36
1788796925|20260908000205|952.36
1788796930|20260908000210|952.36
1788796935|20260908000215|952.35
1788796940|20260908000220|952.35
1788796945|20260908000225|952.37
1788796955|20260908000235|952.33
1788796960|20260908000240|952.33
1788796965|20260908000245|952.32
1788796975|20260908000255|952.29
1788796985|20260908000305|952.27
1788796990|20260908000310|952.28
1788796995|20260908000315|952.24
1788797000|20260908000320|952.21
1788797005|20260908000325|952.21
1788797015|20260908000335|952.35
1788797020|20260908000340|952.36
1788797025|20260908000345|952.36
1788797030|20260908000350|952.36
1788797035|20260908000355|952.32
1788797040|20260908000400|952.34
1788797045|20260908000405|952.34
1788797050|20260908000410|952.34
1788797055|20260908000415|952.38
1788797060|20260908000420|952.41
1788797105|20260908000505|952.44
1788797115|20260908000515|952.40
1788797120|20260908000520|952.39
1788797125|20260908000525|952.38
1788797135|20260908000535|952.35
1788797140|20260908000540|952.40
1788797145|20260908000545|952.40
1788797150|20260908000550|952.40
1788797155|20260908000555|952.40
1788797160|20260908000600|952.39
1788797165|20260908000605|952.35
1788797170|20260908000610|952.42
1788797175|20260908000615|952.39
1788797180|20260908000620|952.39
1788797185|20260908000625|952.41
1788797195|20260908000635|952.41
1788797205|20260908000645|952.42
1788797210|20260908000650|952.42
1788797225|20260908000705|952.44
1788797230|20260908000710|952.42
1788797235|20260908000715|952.46
1788797240|20260908000720|952.60
1788797245|20260908000725|952.60
1788797255|20260908000735|952.59
1788797260|20260908000740|952.62
1788797265|20260908000745|952.60
1788797275|20260908000755|952.56
1788797280|20260908000800|952.56
1788797285|20260908000805|952.56
1788797290|20260908000810|952.56
1788797295|20260908000815|952.56
1788797300|20260908000820|952.64
1788797305|20260908000825|952.66
1788797315|20260908000835|952.60
1788797320|20260908000840|952.61
1788797325|20260908000845|952.56
1788797330|20260908000850|952.58
1788797340|20260908000900|952.57
1788797345|20260908000905|952.58
1788797350|20260908000910|952.58
1788797360|20260908000920|952.66
1788797405|20260908001005|952.77
1788797415|20260908001015|952.72
1788797420|20260908001020|952.74
1788797435|20260908001035|952.75
1788797440|20260908001040|952.74
1788797445|20260908001045|952.82
1788797450|20260908001050|952.82
1788797470|20260908001110|952.93
1788797475|20260908001115|952.92
1788797480|20260908001120|952.94
1788797485|20260908001125|952.93
1788797495|20260908001135|952.89
1788797500|20260908001140|952.96
1788797505|20260908001145|952.92
1788797510|20260908001150|952.99
1788797525|20260908001205|953.04
1788797530|20260908001210|953.12
1788797540|20260908001220|953.07
1788797545|20260908001225|953.07
1788797555|20260908001235|953.06
1788797560|20260908001240|953.03
1788797570|20260908001250|953.01
1788797580|20260908001300|952.99
1788797585|20260908001305|953.01
1788797590|20260908001310|952.99
1788797595|20260908001315|953.03
1788797600|20260908001320|952.99
1788797605|20260908001325|952.99
1788797615|20260908001335|953.04
1788797625|20260908001345|953.01
1788797630|20260908001350|953.12
1788797635|20260908001355|953.11
1788797640|20260908001400|953.11
1788797645|20260908001405|953.15
1788797650|20260908001410|953.06
1788797660|20260908001420|953.05
1788797665|20260908001425|952.85
1788797700|20260908001500|952.74
1788797705|20260908001505|952.80
1788797710|20260908001510|952.83
1788797715|20260908001515|952.86
1788797720|20260908001520|952.79
1788797725|20260908001525|952.72
1788797735|20260908001535|952.72
1788797740|20260908001540|952.74
1788797745|20260908001545|952.77
1788797750|20260908001550|952.74
1788797755|20260908001555|952.74
1788797760|20260908001600|952.74
1788797765|20260908001605|952.73
1788797770|20260908001610|952.70
1788797775|20260908001615|952.67
1788797780|20260908001620|952.64
1788797785|20260908001625|952.67
1788797795|20260908001635|952.56
1788797800|20260908001640|952.57
1788797805|20260908001645|952.57
1788797810|20260908001650|952.55
1788797815|20260908001655|952.55
1788797825|20260908001705|952.63
1788797830|20260908001710|952.61
1788797835|20260908001715|952.44
1788797840|20260908001720|952.41
1788797860|20260908001740|952.34
1788797865|20260908001745|952.34
1788797875|20260908001755|952.33
1788797885|20260908001805|952.33
1788797890|20260908001810|952.33
1788797895|20260908001815|952.31
1788797900|20260908001820|952.28
1788797905|20260908001825|952.33
1788797915|20260908001835|952.33
1788797920|20260908001840|952.35
1788797925|20260908001845|952.31
1788797930|20260908001850|952.32
1788797935|20260908001855|952.32
1788797950|20260908001910|952.27
1788797955|20260908001915|952.26
1788797960|20260908001920|952.22
1788797965|20260908001925|952.20
1788797975|20260908001935|952.19
1788798000|20260908002000|952.28
1788798005|20260908002005|952.25
1788798010|20260908002010|952.27
1788798015|20260908002015|952.33
1788798020|20260908002020|952.35
1788798025|20260908002025|952.36
1788798035|20260908002035|952.37
1788798040|20260908002040|952.37
1788798045|20260908002045|952.36
1788798050|20260908002050|952.36
1788798065|20260908002105|952.31
1788798075|20260908002115|952.26
1788798080|20260908002120|952.30
1788798085|20260908002125|952.30
1788798095|20260908002135|952.34
1788798100|20260908002140|952.33
1788798105|20260908002145|952.33
1788798110|20260908002150|952.28
1788798115|20260908002155|952.33
1788798120|20260908002200|952.33
1788798125|20260908002205|952.31
1788798130|20260908002210|952.31
1788798135|20260908002215|952.28
1788798140|20260908002220|952.28
1788798145|20260908002225|952.24
1788798155|20260908002235|952.30
1788798160|20260908002240|952.20
1788798170|20260908002250|952.29
1788798185|20260908002305|952.35
1788798190|20260908002310|952.35
1788798200|20260908002320|952.32
1788798205|20260908002325|952.36
1788798215|20260908002335|952.37
1788798220|20260908002340|952.36
1788798225|20260908002345|952.36
1788798230|20260908002350|952.36
1788798235|20260908002355|952.36
1788798245|20260908002405|952.33
1788798250|20260908002410|952.36
1788798255|20260908002415|952.33
1788798260|20260908002420|952.41
1788798265|20260908002425|952.41
1788798310|20260908002510|952.30
1788798315|20260908002515|952.26
1788798320|20260908002520|952.25
1788798325|20260908002525|952.30
1788798340|20260908002540|952.29
1788798345|20260908002545|952.29
1788798350|20260908002550|952.35
1788798355|20260908002555|952.32
1788798360|20260908002600|952.30
1788798365|20260908002605|952.28
1788798370|20260908002610|952.32
1788798375|20260908002615|952.29
1788798380|20260908002620|952.28
1788798385|20260908002625|952.32
1788798395|20260908002635|952.44
1788798400|20260908002640|952.44
1788798405|20260908002645|952.44
1788798410|20260908002650|952.48
1788798415|20260908002655|952.41
1788798425|20260908002705|952.46
1788798430|20260908002710|952.52
1788798440|20260908002720|952.43
1788798445|20260908002725|952.43
1788798455|20260908002735|952.45
1788798465|20260908002745|952.50
1788798470|20260908002750|952.47
1788798475|20260908002755|952.47
1788798485|20260908002805|952.38
1788798490|20260908002810|952.37
1788798495|20260908002815|952.38
1788798500|20260908002820|952.38
1788798505|20260908002825|952.36
1788798515|20260908002835|952.46
1788798520|20260908002840|952.46
1788798525|20260908002845|952.41
1788798530|20260908002850|952.38
1788798535|20260908002855|952.35
1788798540|20260908002900|952.38
1788798545|20260908002905|952.38
1788798550|20260908002910|952.43
1788798555|20260908002915|952.36
1788798560|20260908002920|952.32
1788798565|20260908002925|952.38
1788798605|20260908003005|952.31
1788798610|20260908003010|952.36
1788798615|20260908003015|952.33
1788798620|20260908003020|952.35
1788798625|20260908003025|952.33
1788798635|20260908003035|952.29
1788798640|20260908003040|952.29
1788798645|20260908003045|952.35
1788798650|20260908003050|952.35
1788798655|20260908003055|952.35
1788798665|20260908003105|952.34
1788798670|20260908003110|952.29
1788798675|20260908003115|952.27
1788798680|20260908003120|952.27
1788798685|20260908003125|952.24
1788798695|20260908003135|952.26
1788798700|20260908003140|952.30
1788798705|20260908003145|952.26
1788798710|20260908003150|952.31
1788798715|20260908003155|952.35
1788798725|20260908003205|952.35
1788798735|20260908003215|952.35
1788798740|20260908003220|952.35
1788798745|20260908003225|952.34
1788798755|20260908003235|952.36
1788798760|20260908003240|952.36
1788798765|20260908003245|952.39
1788798770|20260908003250|952.31
1788798775|20260908003255|952.35
1788798780|20260908003300|952.34
1788798790|20260908003310|952.35
1788798795|20260908003315|952.37
1788798800|20260908003320|952.38
1788798815|20260908003335|952.38
1788798825|20260908003345|952.26
1788798830|20260908003350|952.29
1788798835|20260908003355|952.31
1788798840|20260908003400|952.26
1788798845|20260908003405|952.23
1788798850|20260908003410|952.15
1788798855|20260908003415|952.15
1788798860|20260908003420|952.14
1788798865|20260908003425|952.22
1788798895|20260908003455|952.09
1788798900|20260908003500|952.13
1788798905|20260908003505|952.16
1788798910|20260908003510|952.15
1788798915|20260908003515|952.22
1788798920|20260908003520|952.27
1788798925|20260908003525|952.21
1788798930|20260908003530|952.21
1788798935|20260908003535|952.28
1788798940|20260908003540|952.26
1788798945|20260908003545|952.28
1788798950|20260908003550|952.28
1788798955|20260908003555|952.28
1788798965|20260908003605|952.23
1788798970|20260908003610|952.15
1788798980|20260908003620|952.18
1788798985|20260908003625|952.16
1788799000|20260908003640|952.12
1788799005|20260908003645|952.12
1788799010|20260908003650|952.12
1788799015|20260908003655|952.14
1788799025|20260908003705|952.15
1788799030|20260908003710|952.08
1788799035|20260908003715|952.10
1788799040|20260908003720|952.08
1788799045|20260908003725|952.18
1788799055|20260908003735|952.12
1788799060|20260908003740|952.11
1788799065|20260908003745|952.11
1788799070|20260908003750|952.09
1788799075|20260908003755|952.13
1788799085|20260908003805|952.13
1788799090|20260908003810|952.12
1788799095|20260908003815|952.12
1788799100|20260908003820|952.12
1788799105|20260908003825|952.12
1788799115|20260908003835|952.12
1788799120|20260908003840|952.12
1788799125|20260908003845|952.11
1788799130|20260908003850|952.13
1788799135|20260908003855|952.10
1788799145|20260908003905|952.04
1788799150|20260908003910|952.01
1788799160|20260908003920|952.04
1788799165|20260908003925|952.00
1788799200|20260908004000|952.07
1788799205|20260908004005|952.04
1788799210|20260908004010|952.02
1788799225|20260908004025|952.26
1788799235|20260908004035|952.30
1788799240|20260908004040|952.28
1788799250|20260908004050|952.27
1788799255|20260908004055|952.32
1788799260|20260908004100|952.33
1788799265|20260908004105|952.37
1788799270|20260908004110|952.35
1788799275|20260908004115|952.35
1788799280|20260908004120|952.34
1788799300|20260908004140|952.28
1788799305|20260908004145|952.33
1788799310|20260908004150|952.33
1788799315|20260908004155|952.33
1788799325|20260908004205|952.31
1788799335|20260908004215|952.32
1788799340|20260908004220|952.32
1788799355|20260908004235|952.29
1788799360|20260908004240|952.30
1788799365|20260908004245|952.26
1788799370|20260908004250|952.29
1788799385|20260908004305|952.25
1788799390|20260908004310|952.32
1788799395|20260908004315|952.31
1788799400|20260908004320|952.29
1788799405|20260908004325|952.30
1788799415|20260908004335|952.30
1788799425|20260908004345|952.27
1788799430|20260908004350|952.36
1788799445|20260908004405|952.35
1788799450|20260908004410|952.35
1788799455|20260908004415|952.38
1788799465|20260908004425|952.38
1788799505|20260908004505|952.46
1788799510|20260908004510|952.49
1788799515|20260908004515|952.52
1788799520|20260908004520|952.44
1788799525|20260908004525|952.48
1788799535|20260908004535|952.41
1788799540|20260908004540|952.37
1788799545|20260908004545|952.39
1788799550|20260908004550|952.40
1788799555|20260908004555|952.36
1788799560|20260908004600|952.30
1788799565|20260908004605|952.33
1788799570|20260908004610|952.34
1788799585|20260908004625|952.33
1788799600|20260908004640|952.30
1788799610|20260908004650|952.27
1788799615|20260908004655|952.24
1788799625|20260908004705|952.24
1788799630|20260908004710|952.24
1788799635|20260908004715|952.24
1788799640|20260908004720|952.24
1788799645|20260908004725|952.24
1788799655|20260908004735|952.24
1788799660|20260908004740|952.21
1788799665|20260908004745|952.21
1788799670|20260908004750|952.21
1788799675|20260908004755|952.23
1788799680|20260908004800|952.23
1788799685|20260908004805|952.23
1788799690|20260908004810|952.26
1788799695|20260908004815|952.27
1788799700|20260908004820|952.27
1788799705|20260908004825|952.26
1788799715|20260908004835|952.26
1788799720|20260908004840|952.25
1788799725|20260908004845|952.35
1788799730|20260908004850|952.28
1788799735|20260908004855|952.30
1788799745|20260908004905|952.26
1788799750|20260908004910|952.28
1788799755|20260908004915|952.28
1788799765|20260908004925|952.28
1788799805|20260908005005|952.31
1788799810|20260908005010|952.32
1788799820|20260908005020|952.47
1788799825|20260908005025|952.49
1788799835|20260908005035|952.51
1788799840|20260908005040|952.49
1788799845|20260908005045|952.49
1788799850|20260908005050|952.49
1788799855|20260908005055|952.50
1788799860|20260908005100|952.51
1788799865|20260908005105|952.51
1788799880|20260908005120|952.50
1788799885|20260908005125|952.50
1788799895|20260908005135|952.47
1788799900|20260908005140|952.47
1788799905|20260908005145|952.45
1788799910|20260908005150|952.45
1788799915|20260908005155|952.45
1788799925|20260908005205|952.44
1788799930|20260908005210|952.44
1788799935|20260908005215|952.48
1788799940|20260908005220|952.48
1788799945|20260908005225|952.45
1788799955|20260908005235|952.42
1788799960|20260908005240|952.42
1788799970|20260908005250|952.42
1788799975|20260908005255|952.42
1788799980|20260908005300|952.42
1788799985|20260908005305|952.40
1788799990|20260908005310|952.37
1788799995|20260908005315|952.35
1788800000|20260908005320|952.33
1788800005|20260908005325|952.33
1788800015|20260908005335|952.33
1788800020|20260908005340|952.33
1788800025|20260908005345|952.33
1788800030|20260908005350|952.49
1788800035|20260908005355|952.42
1788800040|20260908005400|952.42
1788800050|20260908005410|952.28
1788800055|20260908005415|952.28
1788800065|20260908005425|952.31
1788800100|20260908005500|952.26
1788800105|20260908005505|952.26
1788800110|20260908005510|952.27
1788800115|20260908005515|952.27
1788800120|20260908005520|952.24
1788800125|20260908005525|952.24
1788800135|20260908005535|952.28
1788800140|20260908005540|952.29
1788800145|20260908005545|952.27
1788800150|20260908005550|952.27
1788800155|20260908005555|952.30
1788800160|20260908005600|952.27
1788800165|20260908005605|952.30
1788800170|20260908005610|952.27
1788800175|20260908005615|952.30
1788800180|20260908005620|952.30
1788800185|20260908005625|952.30
1788800195|20260908005635|952.30
1788800200|20260908005640|952.30
1788800205|20260908005645|952.26
1788800210|20260908005650|952.30
1788800215|20260908005655|952.25
1788800230|20260908005710|952.24
1788800235|20260908005715|952.26
1788800240|20260908005720|952.26
1788800245|20260908005725|952.29
1788800255|20260908005735|952.27
1788800260|20260908005740|952.24
1788800265|20260908005745|952.26
1788800270|20260908005750|952.28
1788800275|20260908005755|952.28
1788800285|20260908005805|952.27
1788800290|20260908005810|952.30
1788800295|20260908005815|952.26
1788800300|20260908005820|952.29
1788800305|20260908005825|952.29
1788800315|20260908005835|952.29
1788800320|20260908005840|952.32
1788800330|20260908005850|952.34
1788800335|20260908005855|952.34
1788800340|20260908005900|952.45
1788800345|20260908005905|952.47
1788800350|20260908005910|952.41
1788800355|20260908005915|952.44
1788800360|20260908005920|952.44
1788800410|20260908010010|952.56
1788800415|20260908010015|952.56
1788800420|20260908010020|952.56
1788800435|20260908010035|952.58
1788800440|20260908010040|952.62
1788800445|20260908010045|952.60
1788800450|20260908010050|952.59
1788800460|20260908010100|952.61
1788800475|20260908010115|952.59
1788800480|20260908010120|952.59
1788800495|20260908010135|952.63
1788800500|20260908010140|952.63
1788800515|20260908010155|952.63
1788800520|20260908010200|952.63
1788800525|20260908010205|952.59
1788800530|20260908010210|952.42
1788800535|20260908010215|952.42
1788800540|20260908010220|952.36
1788800545|20260908010225|952.39
1788800560|20260908010240|952.39
1788800570|20260908010250|952.39
1788800575|20260908010255|952.39
1788800585|20260908010305|952.40
1788800590|20260908010310|952.40
1788800595|20260908010315|952.40
1788800605|20260908010325|952.40
1788800615|20260908010335|952.35
1788800620|20260908010340|952.37
1788800625|20260908010345|952.35
1788800630|20260908010350|952.37
1788800635|20260908010355|952.37
1788800650|20260908010410|952.37
1788800655|20260908010415|952.29
1788800660|20260908010420|952.29
1788800665|20260908010425|952.32
1788800680|20260908010440|952.38
1788800700|20260908010500|952.38
1788800705|20260908010505|952.38
1788800710|20260908010510|952.38
1788800715|20260908010515|952.38
1788800720|20260908010520|952.47
1788800725|20260908010525|952.47
1788800735|20260908010535|952.58
1788800740|20260908010540|952.58
1788800745|20260908010545|952.56
1788800750|20260908010550|952.56
1788800755|20260908010555|952.50
1788800775|20260908010615|952.38
1788800780|20260908010620|952.34
1788800785|20260908010625|952.34
1788800795|20260908010635|952.20
1788800800|20260908010640|952.17
1788800805|20260908010645|952.17
1788800830|20260908010710|952.21
1788800835|20260908010715|952.21
1788800840|20260908010720|952.21
1788800845|20260908010725|952.22
1788800860|20260908010740|952.14
1788800865|20260908010745|952.14
1788800870|20260908010750|952.15
1788800885|20260908010805|952.19
1788800890|20260908010810|952.16
1788800895|20260908010815|952.20
1788800915|20260908010835|952.24
1788800920|20260908010840|952.22
1788800930|20260908010850|952.29
1788800935|20260908010855|952.34
1788800945|20260908010905|952.37
1788800950|20260908010910|952.35
1788800955|20260908010915|952.35
1788800960|20260908010920|952.35
1788800965|20260908010925|952.35
1788801005|20260908011005|952.25
1788801010|20260908011010|952.15
1788801015|20260908011015|952.17
1788801020|20260908011020|952.14
1788801035|20260908011035|952.20
1788801050|20260908011050|952.20
1788801060|20260908011100|952.18
1788801075|20260908011115|952.18
1788801080|20260908011120|952.18
1788801085|20260908011125|952.18
1788801100|20260908011140|952.14
1788801110|20260908011150|952.19
1788801115|20260908011155|952.19
1788801125|20260908011205|952.19
1788801130|20260908011210|952.19
1788801135|20260908011215|952.21
1788801140|20260908011220|952.21
1788801145|20260908011225|952.10
1788801155|20260908011235|952.01
1788801160|20260908011240|952.01
1788801165|20260908011245|952.00
1788801170|20260908011250|952.03
1788801175|20260908011255|952.03
1788801185|20260908011305|952.02
1788801190|20260908011310|952.02
1788801195|20260908011315|952.01
1788801200|20260908011320|952.01
1788801205|20260908011325|952.07
1788801215|20260908011335|952.05
1788801220|20260908011340|952.09
1788801225|20260908011345|952.06
1788801230|20260908011350|952.01
1788801235|20260908011355|952.01
1788801245|20260908011405|951.98
1788801250|20260908011410|952.03
1788801255|20260908011415|951.99
1788801260|20260908011420|951.99
1788801265|20260908011425|952.02
1788801300|20260908011500|952.04
1788801305|20260908011505|952.07
1788801310|20260908011510|952.09
1788801315|20260908011515|952.05
1788801320|20260908011520|952.05
1788801325|20260908011525|952.09
1788801335|20260908011535|952.06
1788801340|20260908011540|952.11
1788801345|20260908011545|952.11
1788801350|20260908011550|952.06
1788801355|20260908011555|952.08
1788801365|20260908011605|952.08
1788801370|20260908011610|952.08
1788801375|20260908011615|952.08
1788801380|20260908011620|952.06
1788801385|20260908011625|952.08
1788801395|20260908011635|952.06
1788801400|20260908011640|952.06
1788801410|20260908011650|952.13
1788801415|20260908011655|952.13
1788801420|20260908011700|952.13
1788801425|20260908011705|952.13
1788801430|20260908011710|952.13
1788801435|20260908011715|952.12
1788801440|20260908011720|952.12
1788801445|20260908011725|952.18
1788801465|20260908011745|952.31
1788801470|20260908011750|952.31
1788801475|20260908011755|952.28
1788801480|20260908011800|952.28
1788801495|20260908011815|952.29
1788801500|20260908011820|952.29
1788801505|20260908011825|952.28
1788801515|20260908011835|952.28
1788801520|20260908011840|952.30
1788801525|20260908011845|952.30
1788801535|20260908011855|952.35
1788801540|20260908011900|952.35
1788801545|20260908011905|952.35
1788801550|20260908011910|952.35
1788801555|20260908011915|952.35
1788801560|20260908011920|952.35
1788801600|20260908012000|952.29
1788801605|20260908012005|952.24
1788801610|20260908012010|952.20
1788801615|20260908012015|952.20
1788801620|20260908012020|952.20
1788801625|20260908012025|952.20
1788801635|20260908012035|952.23
1788801640|20260908012040|952.26
1788801645|20260908012045|952.24
1788801650|20260908012050|952.24
1788801655|20260908012055|952.25
1788801665|20260908012105|952.22
1788801670|20260908012110|952.25
1788801675|20260908012115|952.27
1788801680|20260908012120|952.22
1788801685|20260908012125|952.22
1788801695|20260908012135|952.19
1788801700|20260908012140|952.19
1788801705|20260908012145|952.15
1788801710|20260908012150|952.15
1788801715|20260908012155|952.18
1788801720|20260908012200|952.18
1788801725|20260908012205|952.14
1788801730|20260908012210|952.14
1788801735|20260908012215|952.15
1788801740|20260908012220|952.18
1788801745|20260908012225|952.24
1788801755|20260908012235|952.21
1788801760|20260908012240|952.21
1788801770|20260908012250|952.21
1788801775|20260908012255|952.21
1788801785|20260908012305|952.18
1788801795|20260908012315|952.16
1788801800|20260908012320|952.15
1788801805|20260908012325|952.12
1788801815|20260908012335|952.12
1788801820|20260908012340|952.12
1788801830|20260908012350|952.09
1788801835|20260908012355|952.06
1788801845|20260908012405|952.06
1788801850|20260908012410|952.11
1788801855|20260908012415|952.11
1788801860|20260908012420|952.11
1788801865|20260908012425|952.11
1788801905|20260908012505|952.14
1788801910|20260908012510|952.14
1788801915|20260908012515|952.16
1788801920|20260908012520|952.11
1788801925|20260908012525|952.16
1788801935|20260908012535|952.16
1788801940|20260908012540|952.18
1788801945|20260908012545|952.18
1788801950|20260908012550|952.21
1788801955|20260908012555|952.19
1788801965|20260908012605|952.01
1788801970|20260908012610|952.03
1788801975|20260908012615|952.03
1788801980|20260908012620|952.03
1788801985|20260908012625|952.03
1788801995|20260908012635|952.03
1788802000|20260908012640|952.03
1788802005|20260908012645|952.06
1788802015|20260908012655|952.03
1788802025|20260908012705|952.06
1788802030|20260908012710|952.04
1788802035|20260908012715|952.04
1788802040|20260908012720|952.05
1788802045|20260908012725|952.05
1788802055|20260908012735|952.05
1788802060|20260908012740|952.05
1788802065|20260908012745|952.07
1788802070|20260908012750|952.07
1788802075|20260908012755|952.07
1788802080|20260908012800|952.07
1788802085|20260908012805|952.07
1788802095|20260908012815|952.07
1788802100|20260908012820|952.07
1788802105|20260908012825|952.03
1788802115|20260908012835|952.09
1788802120|20260908012840|952.05
1788802125|20260908012845|952.05
1788802130|20260908012850|952.05
1788802135|20260908012855|952.07
1788802140|20260908012900|952.11
1788802145|20260908012905|952.11
1788802155|20260908012915|952.14
1788802160|20260908012920|952.14
1788802165|20260908012925|952.11
1788802200|20260908013000|952.08
1788802205|20260908013005|952.14
1788802210|20260908013010|952.13
1788802215|20260908013015|952.13
1788802220|20260908013020|952.13
1788802225|20260908013025|952.08
1788802240|20260908013040|952.13
1788802245|20260908013045|951.85
1788802250|20260908013050|951.86
1788802255|20260908013055|951.86
1788802260|20260908013100|951.86
1788802270|20260908013110|951.84
1788802275|20260908013115|951.85
1788802280|20260908013120|951.88
1788802285|20260908013125|951.86
1788802295|20260908013135|951.88
1788802300|20260908013140|951.88
1788802305|20260908013145|951.88
1788802310|20260908013150|951.88
1788802315|20260908013155|951.88
1788802320|20260908013200|951.86
1788802325|20260908013205|951.86
1788802335|20260908013215|951.86
1788802340|20260908013220|951.88
1788802345|20260908013225|951.83
1788802355|20260908013235|951.79
1788802360|20260908013240|951.79
1788802365|20260908013245|951.79
1788802370|20260908013250|951.79
1788802375|20260908013255|951.76
1788802385|20260908013305|951.79
1788802390|20260908013310|951.79
1788802395|20260908013315|951.79
1788802400|20260908013320|951.79
1788802405|20260908013325|951.79
1788802410|20260908013330|951.76
1788802420|20260908013340|951.57
1788802425|20260908013345|951.64
1788802430|20260908013350|951.64
1788802435|20260908013355|951.63
1788802440|20260908013400|951.59
1788802445|20260908013405|951.59
1788802455|20260908013415|951.59
1788802490|20260908013450|951.61
1788802505|20260908013505|951.59
1788802510|20260908013510|951.56
1788802525|20260908013525|951.60
1788802535|20260908013535|951.57
1788802540|20260908013540|951.56
1788802545|20260908013545|951.59
1788802555|20260908013555|951.59
1788802560|20260908013600|951.59
1788802565|20260908013605|951.62
1788802570|20260908013610|951.62
1788802575|20260908013615|951.65
1788802580|20260908013620|951.65
1788802585|20260908013625|951.65
1788802595|20260908013635|951.65
1788802600|20260908013640|951.68
1788802605|20260908013645|951.68
1788802610|20260908013650|951.71
1788802615|20260908013655|951.68
1788802620|20260908013700|951.68
1788802625|20260908013705|951.66
1788802630|20260908013710|951.66
1788802640|20260908013720|951.66
1788802645|20260908013725|951.66
1788802655|20260908013735|951.68
1788802665|20260908013745|951.68
1788802670|20260908013750|951.68
1788802675|20260908013755|951.62
1788802685|20260908013805|951.72
1788802690|20260908013810|951.74
1788802695|20260908013815|951.69
1788802700|20260908013820|951.69
1788802720|20260908013840|951.63
1788802725|20260908013845|951.63
1788802730|20260908013850|951.63
1788802735|20260908013855|951.63
1788802745|20260908013905|951.63
1788802750|20260908013910|951.61
1788802755|20260908013915|951.61
1788802760|20260908013920|951.58
1788802765|20260908013925|951.58
1788802795|20260908013955|951.60
1788802805|20260908014005|951.66
1788802810|20260908014010|951.66
1788802815|20260908014015|951.64
1788802820|20260908014020|951.64
1788802825|20260908014025|951.64
1788802840|20260908014040|951.59
1788802845|20260908014045|951.62
1788802850|20260908014050|951.62
1788802855|20260908014055|951.69
1788802865|20260908014105|951.69
1788802870|20260908014110|951.69
1788802875|20260908014115|951.69
1788802880|20260908014120|951.69
1788802885|20260908014125|951.69
1788802890|20260908014130|951.72
1788802895|20260908014135|951.72
1788802900|20260908014140|951.72
1788802905|20260908014145|951.72
1788802910|20260908014150|951.72
1788802915|20260908014155|951.72
1788802930|20260908014210|951.69
1788802935|20260908014215|951.72
1788802940|20260908014220|951.72
1788802945|20260908014225|951.72
1788802950|20260908014230|951.72
1788802955|20260908014235|951.75
1788802960|20260908014240|951.75
1788802965|20260908014245|951.75
1788802970|20260908014250|951.75
1788802975|20260908014255|951.75
1788802980|20260908014300|951.75
1788802985|20260908014305|951.75
1788802990|20260908014310|951.75
1788802995|20260908014315|951.75
1788803000|20260908014320|951.74
1788803015|20260908014335|951.74
1788803020|20260908014340|951.74
1788803025|20260908014345|951.74
1788803030|20260908014350|951.74
1788803035|20260908014355|951.74
1788803040|20260908014400|951.74
1788803045|20260908014405|951.74
1788803050|20260908014410|951.74
1788803055|20260908014415|951.74
1788803060|20260908014420|951.74
1788803065|20260908014425|951.74
1788803085|20260908014445|951.74
1788803105|20260908014505|951.76
1788803110|20260908014510|951.75
1788803120|20260908014520|951.61
1788803125|20260908014525|951.61
1788803130|20260908014530|951.59
1788803135|20260908014535|951.52
1788803140|20260908014540|951.55
1788803145|20260908014545|951.57
1788803150|20260908014550|951.57
1788803155|20260908014555|951.57
1788803165|20260908014605|951.59
1788803170|20260908014610|951.59
1788803175|20260908014615|951.59
1788803185|20260908014625|951.59
1788803195|20260908014635|951.57
1788803200|20260908014640|951.58
1788803205|20260908014645|951.59
1788803215|20260908014655|951.59
1788803225|20260908014705|951.64
1788803240|20260908014720|951.66
1788803245|20260908014725|951.66
1788803255|20260908014735|951.66
1788803260|20260908014740|951.66
1788803265|20260908014745|951.66
1788803270|20260908014750|951.66
1788803280|20260908014800|951.73
1788803285|20260908014805|951.64
1788803290|20260908014810|951.66
1788803295|20260908014815|951.65
1788803305|20260908014825|951.69
1788803325|20260908014845|951.68
1788803330|20260908014850|951.65
1788803335|20260908014855|951.66
1788803345|20260908014905|951.65
1788803355|20260908014915|951.68
1788803360|20260908014920|951.68
1788803375|20260908014935|951.67
1788803380|20260908014940|951.67
1788803395|20260908014955|951.67
1788803405|20260908015005|951.70
1788803410|20260908015010|951.66
1788803415|20260908015015|951.73
1788803420|20260908015020|951.74
1788803425|20260908015025|951.76
1788803430|20260908015030|951.76
1788803435|20260908015035|951.76
1788803440|20260908015040|951.73
1788803445|20260908015045|951.74
1788803450|20260908015050|951.74
1788803455|20260908015055|951.74
1788803465|20260908015105|951.74
1788803470|20260908015110|951.74
1788803475|20260908015115|951.74
1788803480|20260908015120|951.74
1788803485|20260908015125|951.70
1788803495|20260908015135|951.71
1788803500|20260908015140|951.71
1788803505|20260908015145|951.71
1788803510|20260908015150|951.71
1788803515|20260908015155|951.70
1788803525|20260908015205|951.67
1788803530|20260908015210|951.73
1788803535|20260908015215|951.73
1788803540|20260908015220|951.76
1788803545|20260908015225|951.76
1788803550|20260908015230|951.71
1788803555|20260908015235|951.71
1788803560|20260908015240|951.70
1788803565|20260908015245|951.70
1788803575|20260908015255|951.70
1788803580|20260908015300|951.67
1788803585|20260908015305|951.65
1788803595|20260908015315|951.54
1788803600|20260908015320|951.51
1788803605|20260908015325|951.48
1788803615|20260908015335|951.36
1788803620|20260908015340|951.36
1788803625|20260908015345|951.35
1788803630|20260908015350|951.34
1788803635|20260908015355|951.40
1788803645|20260908015405|951.42
1788803650|20260908015410|951.45
1788803655|20260908015415|951.45
1788803660|20260908015420|951.45
1788803665|20260908015425|951.48
1788803675|20260908015435|951.46
1788803680|20260908015440|951.44
1788803690|20260908015450|951.43
1788803710|20260908015510|951.38
1788803720|20260908015520|951.36
1788803725|20260908015525|951.38
1788803735|20260908015535|951.18
1788803740|20260908015540|951.22
1788803745|20260908015545|951.29
1788803755|20260908015555|951.27
1788803760|20260908015600|951.25
1788803765|20260908015605|951.17
1788803770|20260908015610|951.20
1788803775|20260908015615|951.14
1788803780|20260908015620|951.11
1788803785|20260908015625|951.12
1788803790|20260908015630|951.12
1788803795|20260908015635|951.03
1788803800|20260908015640|951.03
1788803805|20260908015645|951.03
1788803810|20260908015650|951.03
1788803815|20260908015655|951.03
1788803825|20260908015705|951.05
1788803830|20260908015710|951.06
1788803835|20260908015715|951.13
1788803845|20260908015725|951.17
1788803855|20260908015735|951.17
1788803865|20260908015745|951.25
1788803870|20260908015750|951.25
1788803875|20260908015755|951.24
1788803885|20260908015805|951.26
1788803890|20260908015810|951.23
1788803895|20260908015815|951.16
1788803900|20260908015820|951.16
1788803905|20260908015825|951.16
1788803915|20260908015835|951.16
1788803920|20260908015840|951.11
1788803925|20260908015845|951.10
1788803935|20260908015855|951.18
1788803945|20260908015905|951.14
1788803950|20260908015910|951.08
1788803955|20260908015915|951.09
1788803960|20260908015920|951.09
1788803965|20260908015925|951.07
1788804005|20260908020005|950.96
1788804015|20260908020015|950.91
1788804020|20260908020020|950.88
1788804025|20260908020025|950.91
1788804035|20260908020035|950.90
1788804040|20260908020040|950.84
1788804045|20260908020045|950.89
1788804050|20260908020050|950.99
1788804060|20260908020100|951.00
1788804065|20260908020105|950.90
1788804075|20260908020115|950.72
1788804105|20260908020145|950.74
1788804110|20260908020150|950.75
1788804120|20260908020200|950.73
1788804125|20260908020205|950.73
1788804130|20260908020210|950.75
1788804135|20260908020215|950.67
1788804140|20260908020220|950.67
1788804145|20260908020225|950.69
1788804150|20260908020230|950.87
1788804155|20260908020235|950.93
1788804160|20260908020240|950.96
1788804170|20260908020250|950.98
1788804175|20260908020255|950.99
1788804180|20260908020300|951.00
1788804185|20260908020305|951.01
1788804190|20260908020310|951.01
1788804195|20260908020315|951.01
1788804200|20260908020320|951.06
1788804205|20260908020325|951.14
1788804215|20260908020335|951.15
1788804220|20260908020340|951.19
1788804225|20260908020345|951.15
1788804230|20260908020350|951.21
1788804235|20260908020355|951.24
1788804245|20260908020405|951.24
1788804260|20260908020420|951.21
1788804265|20260908020425|951.21
1788804300|20260908020500|950.91
1788804305|20260908020505|950.85
1788804310|20260908020510|950.87
1788804315|20260908020515|950.87
1788804325|20260908020525|950.85
1788804330|20260908020530|950.84
1788804335|20260908020535|950.97
1788804340|20260908020540|951.04
1788804345|20260908020545|951.07
1788804350|20260908020550|951.07
1788804355|20260908020555|951.07
1788804360|20260908020600|951.07
1788804365|20260908020605|951.07
1788804370|20260908020610|951.05
1788804375|20260908020615|951.07
1788804380|20260908020620|951.15
1788804385|20260908020625|951.21
1788804395|20260908020635|951.21
1788804400|20260908020640|951.21
1788804405|20260908020645|951.21
1788804410|20260908020650|951.24
1788804420|20260908020700|951.23
1788804425|20260908020705|951.14
1788804430|20260908020710|951.17
1788804440|20260908020720|951.17
1788804445|20260908020725|951.17
1788804455|20260908020735|951.20
1788804465|20260908020745|951.21
1788804470|20260908020750|951.21
1788804475|20260908020755|951.21
1788804480|20260908020800|951.28
1788804485|20260908020805|951.33
1788804490|20260908020810|951.39
1788804495|20260908020815|951.36
1788804500|20260908020820|951.36
1788804505|20260908020825|951.36
1788804515|20260908020835|951.36
1788804520|20260908020840|951.36
1788804535|20260908020855|951.27
1788804550|20260908020910|951.23
1788804555|20260908020915|951.08
1788804560|20260908020920|951.10
1788804580|20260908020940|951.02
1788804610|20260908021010|951.28
1788804615|20260908021015|951.30
1788804620|20260908021020|951.14
1788804640|20260908021040|951.11
1788804645|20260908021045|951.11
1788804650|20260908021050|951.07
1788804655|20260908021055|951.13
1788804660|20260908021100|951.10
1788804670|20260908021110|951.10
1788804680|20260908021120|951.10
1788804685|20260908021125|951.10
1788804695|20260908021135|951.08
1788804710|20260908021150|951.02
1788804720|20260908021200|951.11
1788804725|20260908021205|951.09
1788804730|20260908021210|951.09
1788804735|20260908021215|951.03
1788804740|20260908021220|950.91
1788804745|20260908021225|950.83
1788804755|20260908021235|950.85
1788804760|20260908021240|950.85
1788804765|20260908021245|950.79
1788804770|20260908021250|950.79
1788804785|20260908021305|950.80
1788804790|20260908021310|950.83
1788804795|20260908021315|950.87
1788804800|20260908021320|950.87
1788804805|20260908021325|950.87
1788804810|20260908021330|950.87
1788804815|20260908021335|950.87
1788804820|20260908021340|950.85
1788804825|20260908021345|950.65
1788804830|20260908021350|950.58
1788804835|20260908021355|950.63
1788804845|20260908021405|950.64
1788804850|20260908021410|950.64
1788804855|20260908021415|950.64
1788804895|20260908021455|950.43
1788804900|20260908021500|950.49
1788804905|20260908021505|950.51
1788804910|20260908021510|950.44
1788804915|20260908021515|950.51
1788804920|20260908021520|950.49
1788804925|20260908021525|950.49
1788804935|20260908021535|950.47
1788804940|20260908021540|950.47
1788804945|20260908021545|950.48
1788804950|20260908021550|950.55
1788804955|20260908021555|950.55
1788804960|20260908021600|950.51
1788804965|20260908021605|950.35
1788804970|20260908021610|950.37
1788804975|20260908021615|950.30
1788804980|20260908021620|950.29
1788804985|20260908021625|950.31
1788804995|20260908021635|950.32
1788805000|20260908021640|950.25
1788805005|20260908021645|950.19
1788805010|20260908021650|950.26
1788805015|20260908021655|950.27
1788805020|20260908021700|950.24
1788805025|20260908021705|950.41
1788805030|20260908021710|950.41
1788805035|20260908021715|950.41
1788805040|20260908021720|950.30
1788805055|20260908021735|950.27
1788805060|20260908021740|950.26
1788805065|20260908021745|950.27
1788805070|20260908021750|950.29
1788805075|20260908021755|950.29
1788805085|20260908021805|950.29
1788805090|20260908021810|950.32
1788805095|20260908021815|950.39
1788805105|20260908021825|950.33
1788805115|20260908021835|950.39
1788805125|20260908021845|950.45
1788805130|20260908021850|950.45
1788805135|20260908021855|950.42
1788805140|20260908021900|950.42
1788805145|20260908021905|950.38
1788805150|20260908021910|950.27
1788805155|20260908021915|950.27
1788805160|20260908021920|950.30
1788805165|20260908021925|950.27
1788805205|20260908022005|950.47
1788805210|20260908022010|950.38
1788805220|20260908022020|950.40
1788805225|20260908022025|950.36
1788805235|20260908022035|950.33
1788805245|20260908022045|950.39
1788805250|20260908022050|950.39
1788805255|20260908022055|950.37
1788805270|20260908022110|950.41
1788805275|20260908022115|950.39
1788805280|20260908022120|950.39
1788805285|20260908022125|950.39
1788805295|20260908022135|950.40
1788805300|20260908022140|950.41
1788805305|20260908022145|950.48
1788805310|20260908022150|950.48
1788805315|20260908022155|950.48
1788805320|20260908022200|950.48
1788805325|20260908022205|950.50
1788805330|20260908022210|950.57
1788805335|20260908022215|950.72
1788805340|20260908022220|950.72
1788805345|20260908022225|950.70
1788805360|20260908022240|950.67
1788805365|20260908022245|950.71
1788805370|20260908022250|950.71
1788805375|20260908022255|950.72
1788805385|20260908022305|950.72
1788805390|20260908022310|950.72
1788805395|20260908022315|950.75
1788805400|20260908022320|950.68
1788805415|20260908022335|950.70
1788805425|20260908022345|950.62
1788805430|20260908022350|950.59
1788805435|20260908022355|950.59
1788805445|20260908022405|950.59
1788805450|20260908022410|950.62
1788805465|20260908022425|950.59
1788805500|20260908022500|950.59
1788805505|20260908022505|950.52
1788805515|20260908022515|950.58
1788805520|20260908022520|950.58
1788805525|20260908022525|950.59
1788805535|20260908022535|950.28
1788805540|20260908022540|950.15
1788805545|20260908022545|950.13
1788805550|20260908022550|950.23
1788805555|20260908022555|950.21
1788805560|20260908022600|950.21
1788805565|20260908022605|950.23
1788805570|20260908022610|950.21
1788805575|20260908022615|950.21
1788805580|20260908022620|950.20
1788805585|20260908022625|950.20
1788805595|20260908022635|950.23
1788805600|20260908022640|950.25
1788805605|20260908022645|950.25
1788805610|20260908022650|950.26
1788805615|20260908022655|950.26
1788805620|20260908022700|950.26
1788805625|20260908022705|950.30
1788805630|20260908022710|950.30
1788805645|20260908022725|950.36
1788805655|20260908022735|950.36
1788805660|20260908022740|950.39
1788805665|20260908022745|950.39
1788805670|20260908022750|950.51
1788805675|20260908022755|950.47
1788805680|20260908022800|950.50
1788805685|20260908022805|950.52
1788805700|20260908022820|950.55
1788805705|20260908022825|950.52
1788805715|20260908022835|950.72
1788805720|20260908022840|950.65
1788805725|20260908022845|950.65
1788805730|20260908022850|950.72
1788805735|20260908022855|950.80
1788805740|20260908022900|950.76
1788805745|20260908022905|950.66
1788805750|20260908022910|950.68
1788805760|20260908022920|950.74
1788805765|20260908022925|950.80
1788805810|20260908023010|950.78
1788805815|20260908023015|950.78
1788805820|20260908023020|950.78
1788805825|20260908023025|950.78
1788805835|20260908023035|950.78
1788805840|20260908023040|950.78
1788805845|20260908023045|950.78
1788805855|20260908023055|950.78
1788805865|20260908023105|950.78
1788805870|20260908023110|950.78
1788805875|20260908023115|950.78
1788805880|20260908023120|950.78
1788805885|20260908023125|950.78
1788805895|20260908023135|950.78
1788805900|20260908023140|950.78
1788805905|20260908023145|950.78
1788805910|20260908023150|950.78
1788805915|20260908023155|950.78
1788805920|20260908023200|950.78
1788805940|20260908023220|950.78
1788805945|20260908023225|950.78
1788805955|20260908023235|950.78
1788805960|20260908023240|950.78
1788805965|20260908023245|950.78
1788805970|20260908023250|950.78
1788805975|20260908023255|950.78
1788805980|20260908023300|950.78
1788805985|20260908023305|950.78
1788805990|20260908023310|950.78
1788805995|20260908023315|950.78
1788806000|20260908023320|950.78
1788806005|20260908023325|950.78
1788806015|20260908023335|950.78
1788806020|20260908023340|950.78
1788806030|20260908023350|950.78
1788806035|20260908023355|950.78
1788806045|20260908023405|950.78
1788806055|20260908023415|950.78
1788806065|20260908023425|950.78
1788806100|20260908023500|950.78
1788806105|20260908023505|950.78
1788806110|20260908023510|950.78
1788806115|20260908023515|950.78
1788806120|20260908023520|950.78
1788806125|20260908023525|950.78
1788806135|20260908023535|950.78
1788806140|20260908023540|950.78
1788806145|20260908023545|950.78
1788806155|20260908023555|950.78
1788806165|20260908023605|950.78
1788806170|20260908023610|950.78
1788806175|20260908023615|950.78
1788806180|20260908023620|950.78
1788806195|20260908023635|950.78
1788806205|20260908023645|950.78
1788806210|20260908023650|950.78
1788806215|20260908023655|950.78
1788806225|20260908023705|950.78
1788806230|20260908023710|950.78
1788806235|20260908023715|950.78
1788806240|20260908023720|950.78
1788806245|20260908023725|950.78
1788806255|20260908023735|950.78
1788806260|20260908023740|950.78
1788806270|20260908023750|950.78
1788806275|20260908023755|950.78
1788806285|20260908023805|950.78
1788806295|20260908023815|950.78
1788806300|20260908023820|950.78
1788806305|20260908023825|950.78
1788806315|20260908023835|950.78
1788806320|20260908023840|950.78
1788806325|20260908023845|950.78
1788806335|20260908023855|950.78
1788806345|20260908023905|950.78
1788806350|20260908023910|950.78
1788806360|20260908023920|950.78
1788806365|20260908023925|950.78
1788806400|20260908024000|950.78
1788806405|20260908024005|950.78
1788806410|20260908024010|950.78
1788806415|20260908024015|950.78
1788806420|20260908024020|950.78
1788806425|20260908024025|950.78
1788806440|20260908024040|950.78
1788806450|20260908024050|950.78
1788806455|20260908024055|950.78
1788806465|20260908024105|950.78
1788806470|20260908024110|950.78
1788806475|20260908024115|950.78
1788806480|20260908024120|950.78
1788806485|20260908024125|950.78
1788806495|20260908024135|950.78
1788806500|20260908024140|950.78
1788806505|20260908024145|950.78
1788806510|20260908024150|950.78
1788806515|20260908024155|950.78
1788806525|20260908024205|950.78
1788806530|20260908024210|950.78
1788806535|20260908024215|950.78
1788806545|20260908024225|950.78
1788806555|20260908024235|950.78
1788806560|20260908024240|950.78
1788806565|20260908024245|950.78
1788806570|20260908024250|950.78
1788806575|20260908024255|950.78
1788806585|20260908024305|950.78
1788806590|20260908024310|950.78
1788806595|20260908024315|950.78
1788806600|20260908024320|950.78
1788806605|20260908024325|950.78
1788806615|20260908024335|950.78
1788806620|20260908024340|950.78
1788806630|20260908024350|950.78
1788806635|20260908024355|950.78
1788806650|20260908024410|950.78
1788806655|20260908024415|950.78
1788806660|20260908024420|950.78
1788806700|20260908024500|950.78
1788806705|20260908024505|950.78
1788806710|20260908024510|950.78
1788806715|20260908024515|950.78
1788806720|20260908024520|950.78
1788806725|20260908024525|950.78
1788806735|20260908024535|950.78
1788806740|20260908024540|950.78
1788806745|20260908024545|950.78
1788806750|20260908024550|950.78
1788806765|20260908024605|950.78
1788806775|20260908024615|950.78
1788806780|20260908024620|950.78
1788806785|20260908024625|950.78
1788806795|20260908024635|950.78
1788806800|20260908024640|950.78
1788806805|20260908024645|950.78
1788806810|20260908024650|950.78
1788806815|20260908024655|950.78
1788806825|20260908024705|950.78
1788806830|20260908024710|950.78
1788806835|20260908024715|950.78
1788806840|20260908024720|950.78
1788806845|20260908024725|950.78
1788806855|20260908024735|950.78
1788806865|20260908024745|950.78
1788806870|20260908024750|950.78
1788806875|20260908024755|950.78
1788806885|20260908024805|950.78
1788806890|20260908024810|950.78
1788806895|20260908024815|950.78
1788806900|20260908024820|950.78
1788806905|20260908024825|950.78
1788806915|20260908024835|950.78
1788806920|20260908024840|950.78
1788806925|20260908024845|950.78
1788806945|20260908024905|950.78
1788806950|20260908024910|950.78
1788806955|20260908024915|950.78
1788806965|20260908024925|950.78
1788807000|20260908025000|950.78
1788807010|20260908025010|950.78
1788807015|20260908025015|950.78
1788807020|20260908025020|950.78
1788807025|20260908025025|950.78
1788807035|20260908025035|950.78
1788807045|20260908025045|950.78
1788807055|20260908025055|950.78
1788807065|20260908025105|950.78
1788807070|20260908025110|950.78
1788807075|20260908025115|950.78
1788807080|20260908025120|950.78
1788807100|20260908025140|950.78
1788807105|20260908025145|950.78
1788807110|20260908025150|950.78
1788807115|20260908025155|950.78
1788807125|20260908025205|950.78
1788807130|20260908025210|950.78
1788807135|20260908025215|950.78
1788807140|20260908025220|950.78
1788807145|20260908025225|950.78
1788807155|20260908025235|950.78
1788807160|20260908025240|950.78
1788807165|20260908025245|950.78
1788807175|20260908025255|950.78
1788807185|20260908025305|950.78
1788807200|20260908025320|950.78
1788807215|20260908025335|950.78
1788807220|20260908025340|950.78
1788807230|20260908025350|950.78
1788807245|20260908025405|950.78
1788807250|20260908025410|950.78
1788807255|20260908025415|950.78
1788807305|20260908025505|950.78
1788807315|20260908025515|950.78
1788807320|20260908025520|950.78
1788807325|20260908025525|950.78
1788807340|20260908025540|950.78
1788807345|20260908025545|950.78
1788807350|20260908025550|950.78
1788807355|20260908025555|950.78
1788807360|20260908025600|950.78
1788807365|20260908025605|950.78
1788807370|20260908025610|950.78
1788807375|20260908025615|950.78
1788807380|20260908025620|950.78
1788807385|20260908025625|950.78
1788807395|20260908025635|950.78
1788807400|20260908025640|950.78
1788807405|20260908025645|950.78
1788807410|20260908025650|950.78
1788807415|20260908025655|950.78
1788807425|20260908025705|950.78
1788807430|20260908025710|950.78
1788807435|20260908025715|950.78
1788807440|20260908025720|950.78
1788807445|20260908025725|950.78
1788807455|20260908025735|950.78
1788807460|20260908025740|950.78
1788807470|20260908025750|950.78
1788807475|20260908025755|950.78
1788807485|20260908025805|950.78
1788807490|20260908025810|950.78
1788807495|20260908025815|950.78
1788807500|20260908025820|950.78
1788807505|20260908025825|950.78
1788807510|20260908025830|950.78
1788807520|20260908025840|950.78
1788807525|20260908025845|950.78
1788807530|20260908025850|950.78
1788807535|20260908025855|950.78
1788807540|20260908025900|950.78
1788807545|20260908025905|950.78
1788807550|20260908025910|950.78
1788807555|20260908025915|950.78
1788807560|20260908025920|950.78
1788807565|20260908025925|950.78
1788807600|20260908030000|950.78
1788807605|20260908030005|950.78
1788807610|20260908030010|950.78
1788807615|20260908030015|950.78
1788807620|20260908030020|950.78
1788807635|20260908030035|950.78
1788807640|20260908030040|950.78
1788807645|20260908030045|950.78
1788807650|20260908030050|950.78
1788818410|20260908060010|951.77
1788818420|20260908060020|951.81
1788818425|20260908060025|951.88
1788818435|20260908060035|951.80
1788818445|20260908060045|952.05
1788818450|20260908060050|952.02
1788818455|20260908060055|952.02
1788818465|20260908060105|952.33
1788818470|20260908060110|952.38
1788818475|20260908060115|951.97
1788818480|20260908060120|951.81
1788818485|20260908060125|951.95
1788818495|20260908060135|952.12
1788818500|20260908060140|952.28
1788818505|20260908060145|952.41
1788818510|20260908060150|952.45
1788818515|20260908060155|952.43
1788818530|20260908060210|952.17
1788818535|20260908060215|952.08
1788818540|20260908060220|952.08
1788818545|20260908060225|952.14
1788818560|20260908060240|952.00
1788818570|20260908060250|951.82
1788818575|20260908060255|951.83
1788818585|20260908060305|951.88
1788818590|20260908060310|951.94
1788818600|20260908060320|951.86
1788818605|20260908060325|951.85
1788818615|20260908060335|951.85
1788818620|20260908060340|951.82
1788818625|20260908060345|951.68
1788818630|20260908060350|951.76
1788818635|20260908060355|951.92
1788818645|20260908060405|951.96
1788818655|20260908060415|951.96
1788818660|20260908060420|951.99
1788818665|20260908060425|951.88
1788818695|20260908060455|952.17
1788818705|20260908060505|952.18
1788818710|20260908060510|952.11
1788818715|20260908060515|952.07
1788818720|20260908060520|952.14
1788818725|20260908060525|952.21
1788818740|20260908060540|952.25
1788818745|20260908060545|952.20
1788818750|20260908060550|952.26
1788818755|20260908060555|952.23
1788818770|20260908060610|952.23
1788818775|20260908060615|952.22
1788818785|20260908060625|952.22
1788818795|20260908060635|952.22
1788818800|20260908060640|952.21
1788818805|20260908060645|952.21
1788818810|20260908060650|952.30
1788818815|20260908060655|952.30
1788818825|20260908060705|952.25
1788818830|20260908060710|952.27
1788818835|20260908060715|952.27
1788818840|20260908060720|952.22
1788818855|20260908060735|952.12
1788818860|20260908060740|952.07
1788818865|20260908060745|952.10
1788818870|20260908060750|952.10
1788818875|20260908060755|952.07
1788818890|20260908060810|952.03
1788818895|20260908060815|952.03
1788818905|20260908060825|952.05
1788818915|20260908060835|952.05
1788818925|20260908060845|952.01
1788818930|20260908060850|951.97
1788818935|20260908060855|951.99
1788818945|20260908060905|951.99
1788818950|20260908060910|952.00
1788818960|20260908060920|952.10
1788818965|20260908060925|952.12
1788818990|20260908060950|952.13
1788819000|20260908061000|952.10
1788819005|20260908061005|952.10
1788819010|20260908061010|952.05
1788819015|20260908061015|952.08
1788819020|20260908061020|952.22
1788819025|20260908061025|952.20
1788819035|20260908061035|952.14
1788819045|20260908061045|952.12
1788819050|20260908061050|952.11
1788819065|20260908061105|952.10
1788819070|20260908061110|952.14
1788819075|20260908061115|952.10
1788819080|20260908061120|952.10
1788819085|20260908061125|952.05
1788819100|20260908061140|952.15
1788819105|20260908061145|952.17
1788819110|20260908061150|952.18
1788819115|20260908061155|952.22
1788819120|20260908061200|952.14
1788819125|20260908061205|952.16
1788819130|20260908061210|952.14
1788819135|20260908061215|952.14
1788819140|20260908061220|952.14
1788819145|20260908061225|952.21
1788819155|20260908061235|952.15
1788819160|20260908061240|952.21
1788819165|20260908061245|952.11
1788819170|20260908061250|952.16
1788819175|20260908061255|952.11
1788819185|20260908061305|952.10
1788819195|20260908061315|952.14
1788819200|20260908061320|952.07
1788819215|20260908061335|952.11
1788819220|20260908061340|952.10
1788819225|20260908061345|952.05
1788819230|20260908061350|952.07
1788819235|20260908061355|952.07
1788819245|20260908061405|952.05
1788819255|20260908061415|952.05
1788819260|20260908061420|952.05
1788819265|20260908061425|952.05
1788819305|20260908061505|952.21
1788819315|20260908061515|952.20
1788819320|20260908061520|952.19
1788819325|20260908061525|952.19
1788819335|20260908061535|952.17
1788819340|20260908061540|952.17
1788819350|20260908061550|952.17
1788819355|20260908061555|952.17
1788819365|20260908061605|952.14
1788819375|20260908061615|952.09
1788819385|20260908061625|952.09
1788819400|20260908061640|952.08
1788819405|20260908061645|952.03
1788819410|20260908061650|952.08
1788819415|20260908061655|952.08
1788819430|20260908061710|952.13
1788819435|20260908061715|952.11
1788819445|20260908061725|952.14
1788819455|20260908061735|952.14
1788819460|20260908061740|952.14
1788819470|20260908061750|952.12
1788819475|20260908061755|952.07
1788819485|20260908061805|952.11
1788819490|20260908061810|952.10
1788819495|20260908061815|952.11
1788819500|20260908061820|952.11
1788819515|20260908061835|952.09
1788819520|20260908061840|952.09
1788819530|20260908061850|952.11
1788819535|20260908061855|952.13
1788819545|20260908061905|952.17
1788819550|20260908061910|952.18
1788819555|20260908061915|952.18
1788819560|20260908061920|952.21
1788819565|20260908061925|952.19
1788819600|20260908062000|952.23
1788819605|20260908062005|952.26
1788819610|20260908062010|952.23
1788819615|20260908062015|952.20
1788819620|20260908062020|952.20
1788819625|20260908062025|952.22
1788819635|20260908062035|952.22
1788819640|20260908062040|952.19
1788819645|20260908062045|952.20
1788819655|20260908062055|952.23
1788819665|20260908062105|952.14
1788819670|20260908062110|952.09
1788819675|20260908062115|952.02
1788819680|20260908062120|952.04
1788819685|20260908062125|952.04
1788819695|20260908062135|952.01
1788819700|20260908062140|952.00
1788819705|20260908062145|951.99
1788819710|20260908062150|951.92
1788819715|20260908062155|951.93
1788819730|20260908062210|951.98
1788819735|20260908062215|952.01
1788819740|20260908062220|951.98
1788819745|20260908062225|951.98
1788819755|20260908062235|952.00
1788819760|20260908062240|951.98
1788819765|20260908062245|951.98
1788819770|20260908062250|952.00
1788819775|20260908062255|951.97
1788819780|20260908062300|951.94
1788819785|20260908062305|951.94
1788819790|20260908062310|951.88
1788819795|20260908062315|951.86
1788819800|20260908062320|951.87
1788819805|20260908062325|951.85
1788819815|20260908062335|951.85
1788819820|20260908062340|951.84
1788819825|20260908062345|951.87
1788819830|20260908062350|951.84
1788819835|20260908062355|951.86
1788819840|20260908062400|951.81
1788819855|20260908062415|951.89
1788819860|20260908062420|951.86
1788819865|20260908062425|951.86
1788819905|20260908062505|951.88
1788819910|20260908062510|951.84
1788819915|20260908062515|951.81
1788819920|20260908062520|951.80
1788819925|20260908062525|951.74
1788819940|20260908062540|951.64
1788819945|20260908062545|951.64
1788819950|20260908062550|951.63
1788819960|20260908062600|951.57
1788819965|20260908062605|951.54
1788819970|20260908062610|951.60
1788819980|20260908062620|951.57
1788819985|20260908062625|951.61
1788819995|20260908062635|951.60
1788820000|20260908062640|951.60
1788820005|20260908062645|951.58
1788820010|20260908062650|951.58
1788820020|20260908062700|951.50
1788820030|20260908062710|951.52
1788820035|20260908062715|951.53
1788820040|20260908062720|951.50
1788820045|20260908062725|951.52
1788820065|20260908062745|951.52
1788820070|20260908062750|951.52
1788820075|20260908062755|951.52
1788820085|20260908062805|951.52
1788820090|20260908062810|951.54
1788820095|20260908062815|951.53
1788820100|20260908062820|951.56
1788820105|20260908062825|951.52
1788820115|20260908062835|951.54
1788820120|20260908062840|951.55
1788820125|20260908062845|951.52
1788820130|20260908062850|951.52
1788820135|20260908062855|951.49
1788820140|20260908062900|951.55
1788820145|20260908062905|951.54
1788820150|20260908062910|951.56
1788820160|20260908062920|951.56
1788820165|20260908062925|951.56
1788820170|20260908062930|951.54
1788820175|20260908062935|951.54
1788820180|20260908062940|951.54
1788820205|20260908063005|951.45
1788820210|20260908063010|951.41
1788820220|20260908063020|951.40
1788820235|20260908063035|951.37
1788820240|20260908063040|951.37
1788820245|20260908063045|951.34
1788820250|20260908063050|951.40
1788820255|20260908063055|951.37
1788820260|20260908063100|951.35
1788820265|20260908063105|951.32
1788820270|20260908063110|951.35
1788820275|20260908063115|951.29
1788820295|20260908063135|951.33
1788820300|20260908063140|951.33
1788820305|20260908063145|951.37
1788820310|20260908063150|951.37
1788820315|20260908063155|951.34
1788820320|20260908063200|951.30
1788820325|20260908063205|951.30
1788820330|20260908063210|951.30
1788820335|20260908063215|951.30
1788820340|20260908063220|951.28
1788820345|20260908063225|951.33
1788820355|20260908063235|951.30
1788820360|20260908063240|951.30
1788820365|20260908063245|951.30
1788820375|20260908063255|951.28
1788820380|20260908063300|951.28
1788820385|20260908063305|951.31
1788820390|20260908063310|951.31
1788820400|20260908063320|951.31
1788820405|20260908063325|951.39
1788820415|20260908063335|951.33
1788820420|20260908063340|951.33
1788820425|20260908063345|951.36
1788820430|20260908063350|951.32
1788820435|20260908063355|951.39
1788820445|20260908063405|951.32
1788820450|20260908063410|951.32
1788820455|20260908063415|951.34
1788820460|20260908063420|951.39
1788820465|20260908063425|951.40
1788820480|20260908063440|951.31
1788820500|20260908063500|951.34
1788820505|20260908063505|951.32
1788820510|20260908063510|951.29
1788820515|20260908063515|951.27
1788820520|20260908063520|951.26
1788820535|20260908063535|951.32
1788820540|20260908063540|951.33
1788820545|20260908063545|951.29
1788820550|20260908063550|951.31
1788820555|20260908063555|951.31
1788820560|20260908063600|951.31
1788820565|20260908063605|951.33
1788820570|20260908063610|951.38
1788820575|20260908063615|951.33
1788820580|20260908063620|951.33
1788820590|20260908063630|951.31
1788820595|20260908063635|951.29
1788820600|20260908063640|951.27
1788820605|20260908063645|951.44
1788820610|20260908063650|951.43
1788820630|20260908063710|951.40
1788820635|20260908063715|951.40
1788820640|20260908063720|951.40
1788820645|20260908063725|951.40
1788820655|20260908063735|951.53
1788820660|20260908063740|951.54
1788820665|20260908063745|951.46
1788820670|20260908063750|951.46
1788820675|20260908063755|951.35
1788820680|20260908063800|951.33
1788820685|20260908063805|951.30
1788820690|20260908063810|951.34
1788820695|20260908063815|951.34
1788820700|20260908063820|951.35
1788820705|20260908063825|951.33
1788820715|20260908063835|951.40
1788820720|20260908063840|951.38
1788820725|20260908063845|951.37
1788820735|20260908063855|951.42
1788820745|20260908063905|951.37
1788820750|20260908063910|951.28
1788820755|20260908063915|951.24
1788820760|20260908063920|951.25
1788820765|20260908063925|951.28
1788820790|20260908063950|951.37
1788820795|20260908063955|951.35
1788820805|20260908064005|951.26
1788820810|20260908064010|951.20
1788820820|20260908064020|951.20
1788820825|20260908064025|951.20
1788820830|20260908064030|951.31
1788820835|20260908064035|951.37
1788820840|20260908064040|951.38
1788820850|20260908064050|951.43
1788820855|20260908064055|951.46
1788820860|20260908064100|951.36
1788820865|20260908064105|951.36
1788820875|20260908064115|951.36
1788820880|20260908064120|951.38
1788820885|20260908064125|951.38
1788820890|20260908064130|951.38
1788820895|20260908064135|951.38
1788820900|20260908064140|951.39
1788820905|20260908064145|951.39
1788820910|20260908064150|951.39
1788820915|20260908064155|951.31
1788820920|20260908064200|951.29
1788820925|20260908064205|951.32
1788820930|20260908064210|951.25
1788820935|20260908064215|951.25
1788820940|20260908064220|951.28
1788820945|20260908064225|951.28
1788820955|20260908064235|951.14
1788820965|20260908064245|951.14
1788820970|20260908064250|951.16
1788820975|20260908064255|951.19
1788820980|20260908064300|951.10
1788820995|20260908064315|951.14
1788821000|20260908064320|951.14
1788821020|20260908064340|951.07
1788821025|20260908064345|951.05
1788821030|20260908064350|951.16
1788821035|20260908064355|951.16
1788821040|20260908064400|951.16
1788821045|20260908064405|951.12
1788821050|20260908064410|951.15
1788821055|20260908064415|951.13
1788821060|20260908064420|951.10
1788821065|20260908064425|951.14
1788821100|20260908064500|951.16
1788821105|20260908064505|951.18
1788821110|20260908064510|951.22
1788821115|20260908064515|951.23
1788821120|20260908064520|951.20
1788821125|20260908064525|951.11
1788821135|20260908064535|951.05
1788821145|20260908064545|951.01
1788821150|20260908064550|951.01
1788821155|20260908064555|951.00
1788821160|20260908064600|950.95
1788821165|20260908064605|950.94
1788821170|20260908064610|950.90
1788821175|20260908064615|950.89
1788821180|20260908064620|950.98
1788821185|20260908064625|950.97
1788821195|20260908064635|951.03
1788821200|20260908064640|950.95
1788821205|20260908064645|950.98
1788821210|20260908064650|950.98
1788821225|20260908064705|950.98
1788821230|20260908064710|950.98
1788821235|20260908064715|950.92
1788821240|20260908064720|950.94
1788821245|20260908064725|950.87
1788821260|20260908064740|950.89
1788821265|20260908064745|950.89
1788821280|20260908064800|950.86
1788821285|20260908064805|950.89
1788821290|20260908064810|950.92
1788821295|20260908064815|950.90
1788821300|20260908064820|950.92
1788821305|20260908064825|950.77
1788821315|20260908064835|950.78
1788821320|20260908064840|950.82
1788821325|20260908064845|950.80
1788821330|20260908064850|950.73
1788821335|20260908064855|950.83
1788821340|20260908064900|950.77
1788821345|20260908064905|950.83
1788821350|20260908064910|950.83
1788821365|20260908064925|950.79
1788821405|20260908065005|950.81
1788821415|20260908065015|950.81
1788821420|20260908065020|950.81
1788821425|20260908065025|950.84
1788821440|20260908065040|950.83
1788821445|20260908065045|950.85
1788821455|20260908065055|950.89
1788821465|20260908065105|950.88
1788821475|20260908065115|950.84
1788821480|20260908065120|950.91
1788821485|20260908065125|950.88
1788821495|20260908065135|950.88
1788821525|20260908065205|950.85
1788821530|20260908065210|950.87
1788821535|20260908065215|950.92
1788821540|20260908065220|950.92
1788821555|20260908065235|950.89
1788821560|20260908065240|950.88
1788821565|20260908065245|950.88
1788821570|20260908065250|950.94
1788821575|20260908065255|950.94
1788821585|20260908065305|950.91
1788821590|20260908065310|950.88
1788821595|20260908065315|950.89
1788821600|20260908065320|950.86
1788821605|20260908065325|950.93
1788821615|20260908065335|950.92
1788821620|20260908065340|950.92
1788821630|20260908065350|950.89
1788821635|20260908065355|950.89
1788821645|20260908065405|950.89
1788821650|20260908065410|950.86
1788821655|20260908065415|950.89
1788821660|20260908065420|950.92
1788821665|20260908065425|950.92
1788821700|20260908065500|951.05
1788821710|20260908065510|951.11
1788821715|20260908065515|951.16
1788821720|20260908065520|951.05
1788821725|20260908065525|951.03
1788821735|20260908065535|951.03
1788821740|20260908065540|951.03
1788821745|20260908065545|951.05
1788821750|20260908065550|951.03
1788821755|20260908065555|951.05
1788821765|20260908065605|951.05
1788821770|20260908065610|951.03
1788821775|20260908065615|951.03
1788821780|20260908065620|951.05
1788821785|20260908065625|951.03
1788821795|20260908065635|951.07
1788821800|20260908065640|951.03
1788821810|20260908065650|951.06
1788821815|20260908065655|951.07
1788821830|20260908065710|950.93
1788821835|20260908065715|950.93
1788821845|20260908065725|950.96
1788821860|20260908065740|950.99
1788821865|20260908065745|950.99
1788821870|20260908065750|951.03
1788821890|20260908065810|950.98
1788821895|20260908065815|950.94
1788821900|20260908065820|951.04
1788821905|20260908065825|951.05
1788821915|20260908065835|951.03
1788821925|20260908065845|951.02
1788821930|20260908065850|951.03
1788821935|20260908065855|951.02
1788821945|20260908065905|951.02
1788821950|20260908065910|951.02
1788821960|20260908065920|951.02
1788821965|20260908065925|951.02
1788822020|20260908070020|951.05
1788822025|20260908070025|951.02
1788822035|20260908070035|951.02
1788822040|20260908070040|951.02
1788822045|20260908070045|951.06
1788822050|20260908070050|951.06
1788822055|20260908070055|951.06
1788822065|20260908070105|951.12
1788822070|20260908070110|951.23
1788822075|20260908070115|951.28
1788822080|20260908070120|951.27
1788822085|20260908070125|951.27
1788822095|20260908070135|951.40
1788822100|20260908070140|951.38
1788822105|20260908070145|951.39
1788822110|20260908070150|951.27
1788822115|20260908070155|951.27
1788822125|20260908070205|951.34
1788822135|20260908070215|951.37
1788822145|20260908070225|951.35
1788822155|20260908070235|951.35
1788822165|20260908070245|951.35
1788822170|20260908070250|951.38
1788822175|20260908070255|951.36
1788822185|20260908070305|951.45
1788822190|20260908070310|951.48
1788822195|20260908070315|951.50
1788822200|20260908070320|951.45
1788822205|20260908070325|951.52
1788822215|20260908070335|951.50
1788822220|20260908070340|951.48
1788822225|20260908070345|951.48
1788822230|20260908070350|951.49
1788822245|20260908070405|951.71
1788822250|20260908070410|951.74
1788822255|20260908070415|951.76
1788822260|20260908070420|951.74
1788822265|20260908070425|951.72
1788822305|20260908070505|951.92
1788822310|20260908070510|951.94
1788822315|20260908070515|951.96
1788822320|20260908070520|951.92
1788822335|20260908070535|952.03
1788822340|20260908070540|952.08
1788822350|20260908070550|951.87
1788822355|20260908070555|951.87
1788822365|20260908070605|951.97
1788822370|20260908070610|951.96
1788822375|20260908070615|951.92
1788822380|20260908070620|951.95
1788822385|20260908070625|951.80
1788822395|20260908070635|951.84
1788822400|20260908070640|951.78
1788822405|20260908070645|951.78
1788822410|20260908070650|951.85
1788822415|20260908070655|951.86
1788822425|20260908070705|951.84
1788822430|20260908070710|951.84
1788822435|20260908070715|951.76
1788822445|20260908070725|951.77
1788822455|20260908070735|951.94
1788822465|20260908070745|951.98
1788822485|20260908070805|951.79
1788822490|20260908070810|951.86
1788822500|20260908070820|951.84
1788822505|20260908070825|951.86
1788822515|20260908070835|951.85
1788822520|20260908070840|951.81
1788822525|20260908070845|951.81
1788822530|20260908070850|951.82
1788822535|20260908070855|951.87
1788822545|20260908070905|951.85
1788822550|20260908070910|951.82
1788822555|20260908070915|951.82
1788822560|20260908070920|951.82
1788822565|20260908070925|951.84
1788822605|20260908071005|951.69
1788822610|20260908071010|951.81
1788822615|20260908071015|951.81
1788822620|20260908071020|951.87
1788822625|20260908071025|951.72
1788822640|20260908071040|951.70
1788822645|20260908071045|951.66
1788822650|20260908071050|951.66
1788822655|20260908071055|951.70
1788822665|20260908071105|951.67
1788822670|20260908071110|951.69
1788822675|20260908071115|951.68
1788822695|20260908071135|951.71
1788822700|20260908071140|951.68
1788822705|20260908071145|951.65
1788822710|20260908071150|951.65
1788822715|20260908071155|951.65
1788822725|20260908071205|951.68
1788822730|20260908071210|951.67
1788822735|20260908071215|951.70
1788822740|20260908071220|951.70
1788822745|20260908071225|951.73
1788822760|20260908071240|951.71
1788822770|20260908071250|951.77
1788822785|20260908071305|951.80
1788822790|20260908071310|951.72
1788822795|20260908071315|951.72
1788822800|20260908071320|951.72
1788822805|20260908071325|951.72
1788822815|20260908071335|951.68
1788822820|20260908071340|951.68
1788822825|20260908071345|951.68
1788822845|20260908071405|951.75
1788822850|20260908071410|951.67
1788822860|20260908071420|951.77
1788822915|20260908071515|951.77
1788822920|20260908071520|951.75
1788822925|20260908071525|951.77
1788822935|20260908071535|951.60
1788822940|20260908071540|951.60
1788822945|20260908071545|951.54
1788822950|20260908071550|951.55
1788822955|20260908071555|951.60
1788822965|20260908071605|951.57
1788822970|20260908071610|951.59
1788822975|20260908071615|951.59
1788822985|20260908071625|951.59
1788822995|20260908071635|951.56
1788823005|20260908071645|951.61
1788823010|20260908071650|951.46
1788823020|20260908071700|951.63
1788823030|20260908071710|951.87
1788823035|20260908071715|951.86
1788823040|20260908071720|951.84
1788823045|20260908071725|951.80
1788823065|20260908071745|951.64
1788823070|20260908071750|951.61
1788823075|20260908071755|951.63
1788823085|20260908071805|951.57
1788823090|20260908071810|951.44
1788823095|20260908071815|951.48
1788823100|20260908071820|951.50
1788823105|20260908071825|951.49
1788823125|20260908071845|951.42
1788823135|20260908071855|951.40
1788823145|20260908071905|951.43
1788823150|20260908071910|951.43
1788823155|20260908071915|951.45
1788823160|20260908071920|951.48
1788823180|20260908071940|951.53
1788823200|20260908072000|951.62
1788823205|20260908072005|951.66
1788823210|20260908072010|951.78
1788823215|20260908072015|951.91
1788823220|20260908072020|951.79
1788823225|20260908072025|951.85
1788823235|20260908072035|951.90
1788823245|20260908072045|951.94
1788823250|20260908072050|951.92
1788823265|20260908072105|951.93
1788823270|20260908072110|951.90
1788823275|20260908072115|951.90
1788823295|20260908072135|951.88
1788823300|20260908072140|951.90
1788823305|20260908072145|951.90
1788823310|20260908072150|951.90
1788823315|20260908072155|951.90
1788823325|20260908072205|951.93
1788823330|20260908072210|951.94
1788823335|20260908072215|952.04
1788823340|20260908072220|952.09
1788823355|20260908072235|952.05
1788823360|20260908072240|952.03
1788823365|20260908072245|951.98
1788823370|20260908072250|952.06
1788823375|20260908072255|952.00
1788823385|20260908072305|951.96
1788823395|20260908072315|951.98
1788823400|20260908072320|951.95
1788823405|20260908072325|951.93
1788823415|20260908072335|951.69
1788823420|20260908072340|951.71
1788823425|20260908072345|951.72
1788823430|20260908072350|951.74
1788823435|20260908072355|951.73
1788823450|20260908072410|951.58
1788823455|20260908072415|951.50
1788823460|20260908072420|951.78
1788823465|20260908072425|951.65
1788823500|20260908072500|951.60
1788823505|20260908072505|951.63
1788823510|20260908072510|951.63
1788823515|20260908072515|951.69
1788823535|20260908072535|951.58
1788823540|20260908072540|951.58
1788823545|20260908072545|951.58
1788823550|20260908072550|951.45
1788823565|20260908072605|951.64
1788823575|20260908072615|951.74
1788823580|20260908072620|951.75
1788823585|20260908072625|951.86
1788823595|20260908072635|951.94
1788823610|20260908072650|952.02
1788823615|20260908072655|952.07
1788823625|20260908072705|952.07
1788823630|20260908072710|952.11
1788823635|20260908072715|952.02
1788823640|20260908072720|951.99
1788823645|20260908072725|951.96
1788823655|20260908072735|952.11
1788823660|20260908072740|952.03
1788823670|20260908072750|951.95
1788823685|20260908072805|951.88
1788823690|20260908072810|951.87
1788823695|20260908072815|951.82
1788823700|20260908072820|951.82
1788823705|20260908072825|951.79
1788823720|20260908072840|951.71
1788823725|20260908072845|951.71
1788823730|20260908072850|951.69
1788823735|20260908072855|951.69
1788823745|20260908072905|951.63
1788823750|20260908072910|951.67
1788823755|20260908072915|951.67
1788823760|20260908072920|951.65
1788823800|20260908073000|951.71
1788823820|20260908073020|951.84
1788823825|20260908073025|951.86
1788823850|20260908073050|951.84
1788823855|20260908073055|951.85
1788823870|20260908073110|951.84
1788823875|20260908073115|951.81
1788823880|20260908073120|951.81
1788823885|20260908073125|951.90
1788823900|20260908073140|951.92
1788823905|20260908073145|951.98
1788823910|20260908073150|951.96
1788823925|20260908073205|951.96
1788823930|20260908073210|951.88
1788823940|20260908073220|952.03
1788823945|20260908073225|952.03
1788823955|20260908073235|952.03
1788823960|20260908073240|952.14
1788823970|20260908073250|952.15
1788823990|20260908073310|952.29
1788823995|20260908073315|952.26
1788824000|20260908073320|952.27
1788824005|20260908073325|952.31
1788824015|20260908073335|952.31
1788824020|20260908073340|952.28
1788824025|20260908073345|952.26
1788824030|20260908073350|952.34
1788824035|20260908073355|952.77
1788824045|20260908073405|952.86
1788824050|20260908073410|952.93
1788824055|20260908073415|952.99
1788824060|20260908073420|952.95
1788824065|20260908073425|952.95
1788824105|20260908073505|953.65
1788824110|20260908073510|953.71
1788824115|20260908073515|953.73
1788824120|20260908073520|953.60
1788824125|20260908073525|953.64
1788824135|20260908073535|953.65
1788824145|20260908073545|953.66
1788824165|20260908073605|953.82
1788824170|20260908073610|953.73
1788824175|20260908073615|953.76
1788824180|20260908073620|953.73
1788824185|20260908073625|953.82
1788824195|20260908073635|953.84
1788824205|20260908073645|953.89
1788824215|20260908073655|953.94
1788824225|20260908073705|954.13
1788824230|20260908073710|954.24
1788824235|20260908073715|954.25
1788824240|20260908073720|954.24
1788824245|20260908073725|954.29
1788824255|20260908073735|953.58
1788824260|20260908073740|953.55
1788824265|20260908073745|953.29
1788824270|20260908073750|953.20
1788824275|20260908073755|953.24
1788824290|20260908073810|953.58
1788824305|20260908073825|953.68
1788824315|20260908073835|953.75
1788824320|20260908073840|953.72
1788824325|20260908073845|953.61
1788824330|20260908073850|953.58
1788824335|20260908073855|953.60
1788824345|20260908073905|953.76
1788824350|20260908073910|953.71
1788824355|20260908073915|953.74
1788824360|20260908073920|953.70
1788824365|20260908073925|953.92
1788824405|20260908074005|953.79
1788824410|20260908074010|953.84
1788824415|20260908074015|953.63
1788824420|20260908074020|953.61
1788824425|20260908074025|953.61
1788824435|20260908074035|953.66
1788824440|20260908074040|953.66
1788824445|20260908074045|953.62
1788824450|20260908074050|953.60
1788824455|20260908074055|953.70
1788824465|20260908074105|954.02
1788824470|20260908074110|953.94
1788824475|20260908074115|954.02
1788824480|20260908074120|953.99
1788824485|20260908074125|954.00
1788824495|20260908074135|953.95
1788824500|20260908074140|953.80
1788824505|20260908074145|953.90
1788824510|20260908074150|954.00
1788824515|20260908074155|954.00
1788824530|20260908074210|954.08
1788824535|20260908074215|954.11
1788824540|20260908074220|954.31
1788824545|20260908074225|954.51
1788824555|20260908074235|954.61
1788824570|20260908074250|954.62
1788824575|20260908074255|954.78
1788824585|20260908074305|954.81
1788824590|20260908074310|954.92
1788824595|20260908074315|954.94
1788824600|20260908074320|954.92
1788824605|20260908074325|954.90
1788824615|20260908074335|954.75
1788824620|20260908074340|954.73
1788824625|20260908074345|954.63
1788824630|20260908074350|954.55
1788824635|20260908074355|954.58
1788824655|20260908074415|954.87
1788824660|20260908074420|954.87
1788824665|20260908074425|954.91
1788824690|20260908074450|955.22
1788824705|20260908074505|955.41
1788824710|20260908074510|955.18
1788824715|20260908074515|955.10
1788824720|20260908074520|955.18
1788824725|20260908074525|955.36
1788824735|20260908074535|955.18
1788824740|20260908074540|955.19
1788824745|20260908074545|955.16
1788824750|20260908074550|955.08
1788824780|20260908074620|954.61
1788824795|20260908074635|954.59
1788824800|20260908074640|954.69
1788824805|20260908074645|954.64
1788824810|20260908074650|954.72
1788824815|20260908074655|954.65
1788824825|20260908074705|954.48
1788824830|20260908074710|954.59
1788824835|20260908074715|954.90
1788824840|20260908074720|954.81
1788824845|20260908074725|954.83
1788824855|20260908074735|954.83
1788824860|20260908074740|954.83
1788824865|20260908074745|954.99
1788824870|20260908074750|954.96
1788824875|20260908074755|954.98
1788824885|20260908074805|954.97
1788824890|20260908074810|954.93
1788824895|20260908074815|954.79
1788824900|20260908074820|954.83
1788824905|20260908074825|954.80
1788824915|20260908074835|954.96
1788824920|20260908074840|955.00
1788824925|20260908074845|955.02
1788824930|20260908074850|955.01
1788824935|20260908074855|954.95
1788824945|20260908074905|954.66
1788824960|20260908074920|954.86
1788824965|20260908074925|954.85
1788825000|20260908075000|955.13
1788825010|20260908075010|955.04
1788825015|20260908075015|955.12
1788825020|20260908075020|955.15
1788825035|20260908075035|955.10
1788825040|20260908075040|955.14
1788825045|20260908075045|955.15
1788825065|20260908075105|954.98
1788825070|20260908075110|955.03
1788825075|20260908075115|955.00
1788825080|20260908075120|955.02
1788825085|20260908075125|955.04
1788825095|20260908075135|954.97
1788825100|20260908075140|954.96
1788825105|20260908075145|954.99
1788825110|20260908075150|954.96
1788825115|20260908075155|954.94
1788825130|20260908075210|954.74
1788825135|20260908075215|954.69
1788825160|20260908075240|954.27
1788825165|20260908075245|954.33
1788825170|20260908075250|954.29
1788825175|20260908075255|954.25
1788825190|20260908075310|954.36
1788825205|20260908075325|954.37
1788825215|20260908075335|954.39
1788825220|20260908075340|954.34
1788825225|20260908075345|954.30
1788825235|20260908075355|954.11
1788825245|20260908075405|954.24
1788825250|20260908075410|954.06
1788825255|20260908075415|954.08
1788825260|20260908075420|954.08
1788825265|20260908075425|954.13
1788825305|20260908075505|954.00
1788825310|20260908075510|953.90
1788825315|20260908075515|953.98
1788825320|20260908075520|953.79
1788825335|20260908075535|953.78
1788825340|20260908075540|953.76
1788825345|20260908075545|953.73
1788825350|20260908075550|953.80
1788825355|20260908075555|953.75
1788825365|20260908075605|953.80
1788825370|20260908075610|953.82
1788825380|20260908075620|953.98
1788825385|20260908075625|953.98
1788825395|20260908075635|954.08
1788825400|20260908075640|954.23
1788825405|20260908075645|954.23
1788825415|20260908075655|954.20
1788825425|20260908075705|954.23
1788825435|20260908075715|954.45
1788825445|20260908075725|954.31
1788825465|20260908075745|954.23
1788825470|20260908075750|954.30
1788825475|20260908075755|954.49
1788825485|20260908075805|954.51
1788825490|20260908075810|954.50
1788825500|20260908075820|953.91
1788825505|20260908075825|954.02
1788825520|20260908075840|954.10
1788825525|20260908075845|954.02
1788825530|20260908075850|954.19
1788825535|20260908075855|954.19
1788825545|20260908075905|954.10
1788825550|20260908075910|954.22
1788825560|20260908075920|954.26
1788825600|20260908080000|954.34
1788825610|20260908080010|954.47
1788825615|20260908080015|954.27
1788825620|20260908080020|954.17
1788825625|20260908080025|954.09
1788825635|20260908080035|953.78
1788825640|20260908080040|953.94
1788825645|20260908080045|954.05
1788825650|20260908080050|953.87
1788825655|20260908080055|953.89
1788825660|20260908080100|953.84
1788825665|20260908080105|954.18
1788825670|20260908080110|954.06
1788825675|20260908080115|953.99
1788825680|20260908080120|954.11
1788825685|20260908080125|953.95
1788825690|20260908080130|953.89
1788825700|20260908080140|953.81
1788825705|20260908080145|953.72
1788825710|20260908080150|953.56
1788825715|20260908080155|953.48
1788825725|20260908080205|953.69
1788825730|20260908080210|953.55
1788825735|20260908080215|953.57
1788825740|20260908080220|953.71
1788825755|20260908080235|953.87
1788825760|20260908080240|954.00
1788825765|20260908080245|954.05
1788825770|20260908080250|953.93
1788825775|20260908080255|954.12
1788825785|20260908080305|953.69
1788825795|20260908080315|953.67
1788825800|20260908080320|953.79
1788825805|20260908080325|953.79
1788825815|20260908080335|953.96
1788825820|20260908080340|954.00
1788825825|20260908080345|954.03
1788825830|20260908080350|954.15
1788825835|20260908080355|954.27
1788825840|20260908080400|954.32
1788825850|20260908080410|954.00
1788825855|20260908080415|953.84
1788825860|20260908080420|953.74
1788825865|20260908080425|953.69
1788825910|20260908080510|953.55
1788825915|20260908080515|953.69
1788825920|20260908080520|953.33
1788825925|20260908080525|953.53
1788825935|20260908080535|953.52
1788825940|20260908080540|953.65
1788825945|20260908080545|953.59
1788825950|20260908080550|953.54
1788825955|20260908080555|953.63
1788825960|20260908080600|953.63
1788825970|20260908080610|953.42
1788825980|20260908080620|953.44
1788825985|20260908080625|953.45
1788826000|20260908080640|953.44
1788826005|20260908080645|953.45
1788826010|20260908080650|953.26
1788826015|20260908080655|953.21
1788826025|20260908080705|953.18
1788826030|20260908080710|953.32
1788826035|20260908080715|953.18
1788826040|20260908080720|953.24
1788826045|20260908080725|953.20
1788826055|20260908080735|953.32
1788826060|20260908080740|953.54
1788826065|20260908080745|953.50
1788826070|20260908080750|953.41
1788826075|20260908080755|953.38
1788826080|20260908080800|953.72
1788826085|20260908080805|953.69
1788826090|20260908080810|953.70
1788826095|20260908080815|953.72
1788826105|20260908080825|953.59
1788826115|20260908080835|953.55
1788826135|20260908080855|953.34
1788826140|20260908080900|953.40
1788826145|20260908080905|953.37
1788826150|20260908080910|953.46
1788826160|20260908080920|953.74
1788826165|20260908080925|953.56
1788826205|20260908081005|953.54
1788826210|20260908081010|953.52
1788826220|20260908081020|953.60
1788826225|20260908081025|953.46
1788826235|20260908081035|953.36
1788826240|20260908081040|953.55
1788826245|20260908081045|953.51
1788826250|20260908081050|953.45
1788826255|20260908081055|953.52
1788826265|20260908081105|953.55
1788826270|20260908081110|953.54
1788826280|20260908081120|953.47
1788826285|20260908081125|953.46
1788826300|20260908081140|953.62
1788826310|20260908081150|953.63
1788826320|20260908081200|953.49
1788826325|20260908081205|953.36
1788826330|20260908081210|953.35
1788826335|20260908081215|953.02
1788826340|20260908081220|952.94
1788826345|20260908081225|953.02
1788826355|20260908081235|952.96
1788826360|20260908081240|953.07
1788826365|20260908081245|952.91
1788826370|20260908081250|952.81
1788826375|20260908081255|952.86
1788826385|20260908081305|952.94
1788826390|20260908081310|952.98
1788826395|20260908081315|952.91
1788826405|20260908081325|952.89
1788826415|20260908081335|952.78
1788826420|20260908081340|952.94
1788826425|20260908081345|952.95
1788826430|20260908081350|952.88
1788826435|20260908081355|952.95
1788826440|20260908081400|953.03
1788826450|20260908081410|952.85
1788826455|20260908081415|952.82
1788826465|20260908081425|952.85
1788826500|20260908081500|953.09
1788826505|20260908081505|953.17
1788826515|20260908081515|953.12
1788826520|20260908081520|953.18
1788826525|20260908081525|953.10
1788826535|20260908081535|953.13
1788826540|20260908081540|953.08
1788826545|20260908081545|952.93
1788826550|20260908081550|953.04
1788826555|20260908081555|953.32
1788826565|20260908081605|953.44
1788826570|20260908081610|953.54
1788826575|20260908081615|953.47
1788826580|20260908081620|953.52
1788826585|20260908081625|953.86
1788826595|20260908081635|954.01
1788826600|20260908081640|953.86
1788826610|20260908081650|953.84
1788826615|20260908081655|953.70
1788826625|20260908081705|953.72
1788826630|20260908081710|953.63
1788826635|20260908081715|953.86
1788826665|20260908081745|954.49
1788826670|20260908081750|954.72
1788826675|20260908081755|954.76
1788826685|20260908081805|954.81
1788826690|20260908081810|954.74
1788826695|20260908081815|954.95
1788826700|20260908081820|955.00
1788826705|20260908081825|955.21
1788826715|20260908081835|955.25
1788826720|20260908081840|955.37
1788826725|20260908081845|955.54
1788826730|20260908081850|955.59
1788826735|20260908081855|955.76
1788826745|20260908081905|955.64
1788826750|20260908081910|955.46
1788826755|20260908081915|955.41
1788826760|20260908081920|955.20
1788826800|20260908082000|954.84
1788826805|20260908082005|954.79
1788826810|20260908082010|954.99
1788826815|20260908082015|955.00
1788826825|20260908082025|955.13
1788826835|20260908082035|955.49
1788826840|20260908082040|955.37
1788826850|20260908082050|955.33
1788826855|20260908082055|955.32
1788826870|20260908082110|955.75
1788826875|20260908082115|955.71
1788826880|20260908082120|955.71
1788826885|20260908082125|955.76
1788826895|20260908082135|955.76
1788826900|20260908082140|955.68
1788826910|20260908082150|955.58
1788826915|20260908082155|955.45
1788826925|20260908082205|955.25
1788826935|20260908082215|955.22
1788826960|20260908082240|954.50
1788826965|20260908082245|954.31
1788826970|20260908082250|954.35
1788826975|20260908082255|954.34
1788826985|20260908082305|954.40
1788826990|20260908082310|954.47
1788826995|20260908082315|954.42
1788827000|20260908082320|954.32
1788827005|20260908082325|954.41
1788827015|20260908082335|954.40
1788827035|20260908082355|954.09
1788827045|20260908082405|953.82
1788827050|20260908082410|953.77
1788827055|20260908082415|953.71
1788827060|20260908082420|953.66
1788827065|20260908082425|953.65
1788827105|20260908082505|953.76
1788827110|20260908082510|953.73
1788827115|20260908082515|953.73
1788827120|20260908082520|953.81
1788827125|20260908082525|953.76
1788827135|20260908082535|953.93
1788827140|20260908082540|953.89
1788827145|20260908082545|953.87
1788827155|20260908082555|953.92
1788827165|20260908082605|954.17
1788827170|20260908082610|954.22
1788827175|20260908082615|954.10
1788827180|20260908082620|953.93
1788827185|20260908082625|953.90
1788827195|20260908082635|953.98
1788827200|20260908082640|953.95
1788827205|20260908082645|953.93
1788827210|20260908082650|953.80
1788827215|20260908082655|953.72
1788827225|20260908082705|953.75
1788827235|20260908082715|953.75
1788827245|20260908082725|953.46
1788827260|20260908082740|953.27
1788827265|20260908082745|953.38
1788827285|20260908082805|953.46
1788827290|20260908082810|953.70
1788827295|20260908082815|953.78
1788827300|20260908082820|953.83
1788827305|20260908082825|953.83
1788827315|20260908082835|953.92
1788827325|20260908082845|953.93
1788827335|20260908082855|953.92
1788827355|20260908082915|954.00
1788827360|20260908082920|954.30
1788827400|20260908083000|954.10
1788827405|20260908083005|953.94
1788827410|20260908083010|953.97
1788827415|20260908083015|954.11
1788827420|20260908083020|954.17
1788827425|20260908083025|954.11
1788827430|20260908083030|954.26
1788827435|20260908083035|954.29
1788827440|20260908083040|954.36
1788827445|20260908083045|954.36
1788827450|20260908083050|954.43
1788827455|20260908083055|954.38
1788827460|20260908083100|954.39
1788827465|20260908083105|954.26
1788827470|20260908083110|954.12
1788827475|20260908083115|953.93
1788827495|20260908083135|954.36
1788827500|20260908083140|954.22
1788827505|20260908083145|954.15
1788827510|20260908083150|953.97
1788827515|20260908083155|954.02
1788827525|20260908083205|954.32
1788827535|20260908083215|954.42
1788827540|20260908083220|954.33
1788827555|20260908083235|954.32
1788827560|20260908083240|954.28
1788827565|20260908083245|954.25
1788827570|20260908083250|954.41
1788827575|20260908083255|954.32
1788827580|20260908083300|954.59
1788827585|20260908083305|954.50
1788827590|20260908083310|954.63
1788827595|20260908083315|954.71
1788827600|20260908083320|954.79
1788827605|20260908083325|954.78
1788827625|20260908083345|954.72
1788827635|20260908083355|954.67
1788827640|20260908083400|954.60
1788827645|20260908083405|954.50
1788827655|20260908083415|954.47
1788827660|20260908083420|954.38
1788827665|20260908083425|954.36
1788827670|20260908083430|954.46
1788827685|20260908083445|954.71
1788827710|20260908083510|954.76
1788827715|20260908083515|954.75
1788827725|20260908083525|954.70
1788827730|20260908083530|954.63
1788827735|20260908083535|954.51
1788827740|20260908083540|954.67
1788827745|20260908083545|954.64
1788827755|20260908083555|954.76
1788827765|20260908083605|954.70
1788827770|20260908083610|954.71
1788827790|20260908083630|954.89
1788827795|20260908083635|954.80
1788827800|20260908083640|954.80
1788827805|20260908083645|954.67
1788827815|20260908083655|954.88
1788827825|20260908083705|954.61
1788827830|20260908083710|954.65
1788827835|20260908083715|954.67
1788827840|20260908083720|954.50
1788827845|20260908083725|954.47
1788827855|20260908083735|954.43
1788827860|20260908083740|954.45
1788827865|20260908083745|954.28
1788827870|20260908083750|954.25
1788827880|20260908083800|954.34
1788827885|20260908083805|954.34
1788827890|20260908083810|954.31
1788827895|20260908083815|954.46
1788827900|20260908083820|954.43
1788827905|20260908083825|954.35
1788827915|20260908083835|954.42
1788827920|20260908083840|954.40
1788827925|20260908083845|954.39
1788827930|20260908083850|954.30
1788827935|20260908083855|954.33
1788827945|20260908083905|954.20
1788827950|20260908083910|954.33
1788827955|20260908083915|954.00
1788827960|20260908083920|954.08
1788827965|20260908083925|954.04
1788827975|20260908083935|953.98
1788827980|20260908083940|954.04
1788827990|20260908083950|954.22
1788828000|20260908084000|954.31
1788828005|20260908084005|954.25
1788828010|20260908084010|954.25
1788828015|20260908084015|954.23
1788828020|20260908084020|954.32
1788828025|20260908084025|954.18
1788828035|20260908084035|954.06
1788828040|20260908084040|954.51
1788828045|20260908084045|954.69
1788828050|20260908084050|954.85
1788828055|20260908084055|955.00
1788828065|20260908084105|954.99
1788828070|20260908084110|954.74
1788828075|20260908084115|954.68
1788828080|20260908084120|954.75
1788828085|20260908084125|954.72
1788828095|20260908084135|954.62
1788828100|20260908084140|954.64
1788828105|20260908084145|954.58
1788828110|20260908084150|954.51
1788828115|20260908084155|954.58
1788828120|20260908084200|954.59
1788828125|20260908084205|954.36
1788828130|20260908084210|954.38
1788828135|20260908084215|954.28
1788828140|20260908084220|954.25
1788828145|20260908084225|954.38
1788828155|20260908084235|954.31
1788828160|20260908084240|954.21
1788828165|20260908084245|954.28
1788828170|20260908084250|954.28
1788828175|20260908084255|954.27
1788828180|20260908084300|954.23
1788828190|20260908084310|954.09
1788828200|20260908084320|954.16
1788828205|20260908084325|954.22
1788828215|20260908084335|954.17
1788828220|20260908084340|953.93
1788828225|20260908084345|953.89
1788828230|20260908084350|953.92
1788828235|20260908084355|953.79
1788828245|20260908084405|953.61
1788828250|20260908084410|953.64
1788828255|20260908084415|953.60
1788828260|20260908084420|953.64
1788828265|20260908084425|953.65
1788828280|20260908084440|953.97
1788828290|20260908084450|954.02
1788828300|20260908084500|954.04
1788828305|20260908084505|954.01
1788828310|20260908084510|953.89
1788828315|20260908084515|953.92
1788828320|20260908084520|953.87
1788828325|20260908084525|953.91
1788828340|20260908084540|953.93
1788828345|20260908084545|954.03
1788828350|20260908084550|954.01
1788828360|20260908084600|953.93
1788828365|20260908084605|954.03
1788828370|20260908084610|953.96
1788828375|20260908084615|954.06
1788828380|20260908084620|954.31
1788828385|20260908084625|954.32
1788828395|20260908084635|954.14
1788828400|20260908084640|954.12
1788828405|20260908084645|954.10
1788828410|20260908084650|954.01
1788828415|20260908084655|954.01
1788828425|20260908084705|954.05
1788828435|20260908084715|953.93
1788828440|20260908084720|953.95
1788828445|20260908084725|953.91
1788828455|20260908084735|953.74
1788828460|20260908084740|953.74
1788828465|20260908084745|953.79
1788828470|20260908084750|953.77
1788828475|20260908084755|953.81
1788828480|20260908084800|953.78
1788828485|20260908084805|953.69
1788828490|20260908084810|953.70
1788828495|20260908084815|953.69
1788828500|20260908084820|953.45
1788828505|20260908084825|953.45
1788828515|20260908084835|953.44
1788828525|20260908084845|953.20
1788828530|20260908084850|953.23
1788828540|20260908084900|953.28
1788828545|20260908084905|953.26
1788828555|20260908084915|953.34
1788828560|20260908084920|953.36
1788828565|20260908084925|953.52
1788828590|20260908084950|953.68
1788828605|20260908085005|953.60
1788828610|20260908085010|953.61
1788828620|20260908085020|953.55
1788828625|20260908085025|953.58
1788828635|20260908085035|953.66
1788828640|20260908085040|953.67
1788828645|20260908085045|953.77
1788828650|20260908085050|953.76
1788828655|20260908085055|953.44
1788828660|20260908085100|953.47
1788828665|20260908085105|953.52
1788828670|20260908085110|953.71
1788828675|20260908085115|953.45
1788828680|20260908085120|953.40
1788828685|20260908085125|953.40
1788828700|20260908085140|953.58
1788828710|20260908085150|953.39
1788828715|20260908085155|953.38
1788828725|20260908085205|953.22
1788828730|20260908085210|953.12
1788828735|20260908085215|953.10
1788828740|20260908085220|953.10
1788828745|20260908085225|952.91
1788828750|20260908085230|952.94
1788828760|20260908085240|952.90
1788828765|20260908085245|953.04
1788828770|20260908085250|952.89
1788828775|20260908085255|952.92
1788828785|20260908085305|952.81
1788828790|20260908085310|952.98
1788828795|20260908085315|952.94
1788828800|20260908085320|952.72
1788828815|20260908085335|953.11
1788828820|20260908085340|952.95
1788828825|20260908085345|952.97
1788828830|20260908085350|952.93
1788828835|20260908085355|953.31
1788828840|20260908085400|953.33
1788828845|20260908085405|953.30
1788828850|20260908085410|953.18
1788828855|20260908085415|953.23
1788828860|20260908085420|953.18
1788828865|20260908085425|953.54
1788828900|20260908085500|953.97
1788828905|20260908085505|953.97
1788828910|20260908085510|954.43
1788828915|20260908085515|954.28
1788828920|20260908085520|954.46
1788828925|20260908085525|954.68
1788828935|20260908085535|954.53
1788828940|20260908085540|954.40
1788828945|20260908085545|954.40
1788828950|20260908085550|954.35
1788828955|20260908085555|954.49
1788828965|20260908085605|954.50
1788828970|20260908085610|954.50
1788828975|20260908085615|954.48
1788828980|20260908085620|954.46
1788828985|20260908085625|954.48
1788828995|20260908085635|954.45
1788829000|20260908085640|954.38
1788829005|20260908085645|954.36
1788829010|20260908085650|954.44
1788829015|20260908085655|954.31
1788829025|20260908085705|954.31
1788829030|20260908085710|954.33
1788829035|20260908085715|954.37
1788829040|20260908085720|954.28
1788829045|20260908085725|954.31
1788829055|20260908085735|954.76
1788829060|20260908085740|954.72
1788829065|20260908085745|954.74
1788829070|20260908085750|954.94
1788829080|20260908085800|954.90
1788829085|20260908085805|955.05
1788829090|20260908085810|955.00
1788829095|20260908085815|954.96
1788829100|20260908085820|954.72
1788829105|20260908085825|954.64
1788829115|20260908085835|954.78
1788829120|20260908085840|954.76
1788829130|20260908085850|954.89
1788829145|20260908085905|955.07
1788829150|20260908085910|955.17
1788829155|20260908085915|954.94
1788829160|20260908085920|955.12
1788829165|20260908085925|955.08
1788829205|20260908090005|955.36
1788829210|20260908090010|955.09
1788829215|20260908090015|954.98
1788829220|20260908090020|954.32
1788829225|20260908090025|954.49
1788829235|20260908090035|954.34
1788829240|20260908090040|954.68
1788829245|20260908090045|954.81
1788829250|20260908090050|954.70
1788829255|20260908090055|954.51
1788829265|20260908090105|954.75
1788829270|20260908090110|954.98
1788829280|20260908090120|955.10
1788829295|20260908090135|955.47
1788829300|20260908090140|955.25
1788829305|20260908090145|955.03
1788829310|20260908090150|954.71
1788829315|20260908090155|954.45
1788829330|20260908090210|954.84
1788829335|20260908090215|954.87
1788829340|20260908090220|954.47
1788829345|20260908090225|954.55
1788829355|20260908090235|955.02
1788829360|20260908090240|955.08
1788829365|20260908090245|954.99
1788829370|20260908090250|955.03
1788829375|20260908090255|955.05
1788829380|20260908090300|954.89
1788829395|20260908090315|954.39
1788829400|20260908090320|954.43
1788829405|20260908090325|954.24
1788829415|20260908090335|954.02
1788829420|20260908090340|953.87
1788829425|20260908090345|954.05
1788829430|20260908090350|954.15
1788829435|20260908090355|953.90
1788829440|20260908090400|953.66
1788829445|20260908090405|953.86
1788829450|20260908090410|953.41
1788829455|20260908090415|953.32
1788829460|20260908090420|953.44
1788829465|20260908090425|953.60
1788829480|20260908090440|953.35
1788829500|20260908090500|953.65
1788829505|20260908090505|953.64
1788829510|20260908090510|953.65
1788829515|20260908090515|953.90
1788829520|20260908090520|953.90
1788829525|20260908090525|953.67
1788829535|20260908090535|953.89
1788829540|20260908090540|953.95
1788829545|20260908090545|953.97
1788829550|20260908090550|953.98
1788829555|20260908090555|954.09
1788829560|20260908090600|953.98
1788829565|20260908090605|953.75
1788829570|20260908090610|953.59
1788829575|20260908090615|953.71
1788829580|20260908090620|953.74
1788829585|20260908090625|953.69
1788829590|20260908090630|953.69
1788829595|20260908090635|953.73
1788829600|20260908090640|953.42
1788829605|20260908090645|953.41
1788829610|20260908090650|953.39
1788829615|20260908090655|953.29
1788829620|20260908090700|953.39
1788829625|20260908090705|953.33
1788829630|20260908090710|953.38
1788829635|20260908090715|953.31
1788829640|20260908090720|953.35
1788829655|20260908090735|953.80
1788829660|20260908090740|953.88
1788829665|20260908090745|953.81
1788829670|20260908090750|953.87
1788829675|20260908090755|954.02
1788829680|20260908090800|954.07
1788829690|20260908090810|954.11
1788829695|20260908090815|954.12
1788829700|20260908090820|954.13
1788829715|20260908090835|953.87
1788829720|20260908090840|953.91
1788829725|20260908090845|953.91
1788829735|20260908090855|953.92
1788829745|20260908090905|953.62
1788829755|20260908090915|953.78
1788829765|20260908090925|953.90
1788829800|20260908091000|954.19
1788829805|20260908091005|954.15
1788829810|20260908091010|954.14
1788829815|20260908091015|954.08
1788829820|20260908091020|954.02
1788829825|20260908091025|954.12
1788829840|20260908091040|954.26
1788829845|20260908091045|954.26
1788829850|20260908091050|954.34
1788829855|20260908091055|954.36
1788829860|20260908091100|954.33
1788829865|20260908091105|954.58
1788829870|20260908091110|954.79
1788829875|20260908091115|955.01
1788829880|20260908091120|954.98
1788829895|20260908091135|955.36
1788829900|20260908091140|955.21
1788829905|20260908091145|955.14
1788829910|20260908091150|955.28
1788829925|20260908091205|955.20
1788829930|20260908091210|955.39
1788829935|20260908091215|955.16
1788829940|20260908091220|955.16
1788829945|20260908091225|955.16
1788829955|20260908091235|955.23
1788829960|20260908091240|955.27
1788829965|20260908091245|955.35
1788829970|20260908091250|955.39
1788829975|20260908091255|955.40
1788829980|20260908091300|955.68
1788829985|20260908091305|955.76
1788829990|20260908091310|955.83
1788829995|20260908091315|956.02
1788830000|20260908091320|955.79
1788830005|20260908091325|955.63
1788830015|20260908091335|955.81
1788830020|20260908091340|955.78
1788830025|20260908091345|955.68
1788830035|20260908091355|955.76
1788830040|20260908091400|955.70
1788830045|20260908091405|955.75
1788830050|20260908091410|955.57
1788830055|20260908091415|955.66
1788830060|20260908091420|955.81
1788830065|20260908091425|956.02
1788830100|20260908091500|955.50
1788830105|20260908091505|955.66
1788830110|20260908091510|955.94
1788830125|20260908091525|955.72
1788830135|20260908091535|955.88
1788830140|20260908091540|955.84
1788830145|20260908091545|955.80
1788830150|20260908091550|955.86
1788830155|20260908091555|955.87
1788830165|20260908091605|955.78
1788830170|20260908091610|955.68
1788830175|20260908091615|955.76
1788830180|20260908091620|955.76
1788830185|20260908091625|955.85
1788830195|20260908091635|955.52
1788830200|20260908091640|955.50
1788830205|20260908091645|955.45
1788830210|20260908091650|955.52
1788830230|20260908091710|955.58
1788830235|20260908091715|955.32
1788830255|20260908091735|955.51
1788830260|20260908091740|955.60
1788830265|20260908091745|955.60
1788830275|20260908091755|955.60
1788830285|20260908091805|955.82
1788830290|20260908091810|956.12
1788830295|20260908091815|955.87
1788830300|20260908091820|955.62
1788830305|20260908091825|955.60
1788830315|20260908091835|955.80
1788830320|20260908091840|955.82
1788830330|20260908091850|955.94
1788830335|20260908091855|956.12
1788830345|20260908091905|955.93
1788830350|20260908091910|955.58
1788830355|20260908091915|955.51
1788830360|20260908091920|955.43
1788830400|20260908092000|955.54
1788830405|20260908092005|955.53
1788830410|20260908092010|955.62
1788830415|20260908092015|955.71
1788830420|20260908092020|955.77
1788830425|20260908092025|955.76
1788830435|20260908092035|955.93
1788830440|20260908092040|955.83
1788830445|20260908092045|955.92
1788830450|20260908092050|955.81
1788830455|20260908092055|955.86
1788830460|20260908092100|955.76
1788830465|20260908092105|955.70
1788830470|20260908092110|955.83
1788830475|20260908092115|955.78
1788830485|20260908092125|955.83
1788830495|20260908092135|955.94
1788830500|20260908092140|956.06
1788830505|20260908092145|956.00
1788830510|20260908092150|955.76
1788830515|20260908092155|955.72
1788830525|20260908092205|955.72
1788830530|20260908092210|955.77
1788830535|20260908092215|955.68
1788830540|20260908092220|955.88
1788830545|20260908092225|955.90
1788830555|20260908092235|956.16
1788830560|20260908092240|956.14
1788830565|20260908092245|956.17
1788830570|20260908092250|956.30
1788830575|20260908092255|956.23
1788830585|20260908092305|956.36
1788830590|20260908092310|956.36
1788830595|20260908092315|956.43
1788830600|20260908092320|956.59
1788830615|20260908092335|956.72
1788830620|20260908092340|956.92
1788830625|20260908092345|956.92
1788830630|20260908092350|956.91
1788830635|20260908092355|956.99
1788830645|20260908092405|956.90
1788830650|20260908092410|956.74
1788830655|20260908092415|956.76
1788830660|20260908092420|956.63
1788830665|20260908092425|956.42
1788830705|20260908092505|956.75
1788830710|20260908092510|956.84
1788830715|20260908092515|956.71
1788830720|20260908092520|956.72
1788830735|20260908092535|956.83
1788830740|20260908092540|956.79
1788830745|20260908092545|956.90
1788830750|20260908092550|956.89
1788830755|20260908092555|956.85
1788830760|20260908092600|956.93
1788830770|20260908092610|956.81
1788830775|20260908092615|956.85
1788830780|20260908092620|956.97
1788830785|20260908092625|956.94
1788830795|20260908092635|956.90
1788830800|20260908092640|956.87
1788830805|20260908092645|956.78
1788830810|20260908092650|956.80
1788830820|20260908092700|956.80
1788830825|20260908092705|956.84
1788830830|20260908092710|956.78
1788830835|20260908092715|956.90
1788830845|20260908092725|956.88
1788830855|20260908092735|956.91
1788830860|20260908092740|957.01
1788830865|20260908092745|956.98
1788830870|20260908092750|957.07
1788830875|20260908092755|957.04
1788830880|20260908092800|957.09
1788830885|20260908092805|957.10
1788830890|20260908092810|957.12
1788830895|20260908092815|957.09
1788830900|20260908092820|956.93
1788830905|20260908092825|956.79
1788830915|20260908092835|956.59
1788830920|20260908092840|956.66
1788830925|20260908092845|956.32
1788830930|20260908092850|956.54
1788830935|20260908092855|956.55
1788830940|20260908092900|956.58
1788830950|20260908092910|956.68
1788830960|20260908092920|956.49
1788831005|20260908093005|956.83
1788831010|20260908093010|956.79
1788831020|20260908093020|956.55
1788831025|20260908093025|956.73
1788831035|20260908093035|956.65
1788831040|20260908093040|956.57
1788831045|20260908093045|956.49
1788831050|20260908093050|956.64
1788831055|20260908093055|956.69
1788831060|20260908093100|956.66
1788831070|20260908093110|956.60
1788831075|20260908093115|956.96
1788831080|20260908093120|956.98
1788831095|20260908093135|957.04
1788831100|20260908093140|957.20
1788831105|20260908093145|957.28
1788831110|20260908093150|957.24
1788831115|20260908093155|957.34
1788831120|20260908093200|957.22
1788831125|20260908093205|957.19
1788831130|20260908093210|957.24
1788831135|20260908093215|957.04
1788831145|20260908093225|956.72
1788831155|20260908093235|956.77
1788831160|20260908093240|956.65
1788831165|20260908093245|956.58
1788831170|20260908093250|956.64
1788831175|20260908093255|956.59
1788831185|20260908093305|956.66
1788831195|20260908093315|956.64
1788831220|20260908093340|956.59
1788831225|20260908093345|956.59
1788831230|20260908093350|956.53
1788831235|20260908093355|956.52
1788831260|20260908093420|956.42
1788831265|20260908093425|956.44
1788831280|20260908093440|956.32
1788831300|20260908093500|956.39
1788831305|20260908093505|956.32
1788831320|20260908093520|956.46
1788831325|20260908093525|956.37
1788831335|20260908093535|956.35
1788831340|20260908093540|956.41
1788831350|20260908093550|956.34
1788831355|20260908093555|956.36
1788831365|20260908093605|956.41
1788831370|20260908093610|956.34
1788831375|20260908093615|956.33
1788831380|20260908093620|956.32
1788831385|20260908093625|956.32
1788831395|20260908093635|956.37
1788831400|20260908093640|956.38
1788831405|20260908093645|956.54
1788831410|20260908093650|956.37
1788831430|20260908093710|956.33
1788831435|20260908093715|956.28
1788831440|20260908093720|956.44
1788831455|20260908093735|956.30
1788831465|20260908093745|956.30
1788831470|20260908093750|956.41
1788831475|20260908093755|956.34
1788831485|20260908093805|956.33
1788831490|20260908093810|956.37
1788831495|20260908093815|956.31
1788831505|20260908093825|956.29
1788831520|20260908093840|956.26
1788831525|20260908093845|956.35
1788831535|20260908093855|956.27
1788831545|20260908093905|956.18
1788831550|20260908093910|956.12
1788831560|20260908093920|956.12
1788831600|20260908094000|956.45
1788831605|20260908094005|956.57
1788831610|20260908094010|956.56
1788831620|20260908094020|956.82
1788831625|20260908094025|956.93
1788831635|20260908094035|956.93
1788831650|20260908094050|956.58
1788831655|20260908094055|956.56
1788831680|20260908094120|956.65
1788831685|20260908094125|956.62
1788831695|20260908094135|956.57
1788831700|20260908094140|956.51
1788831705|20260908094145|956.46
1788831710|20260908094150|956.57
1788831715|20260908094155|956.52
1788831725|20260908094205|956.61
1788831730|20260908094210|956.47
1788831735|20260908094215|956.58
1788831740|20260908094220|956.71
1788831745|20260908094225|956.74
1788831760|20260908094240|956.91
1788831765|20260908094245|956.91
1788831770|20260908094250|956.98
1788831775|20260908094255|956.67
1788831790|20260908094310|956.60
1788831795|20260908094315|956.85
1788831800|20260908094320|956.91
1788831805|20260908094325|956.97
1788831815|20260908094335|956.52
1788831820|20260908094340|956.66
1788831825|20260908094345|956.64
1788831830|20260908094350|956.58
1788831835|20260908094355|956.60
1788831845|20260908094405|956.49
1788831850|20260908094410|956.54
1788831855|20260908094415|956.68
1788831860|20260908094420|956.68
1788831865|20260908094425|956.56
1788831890|20260908094450|956.62
1788831905|20260908094505|956.80
1788831910|20260908094510|956.87
1788831915|20260908094515|956.89
1788831920|20260908094520|957.00
1788831925|20260908094525|957.19
1788831940|20260908094540|957.57
1788831945|20260908094545|957.44
1788831950|20260908094550|957.53
1788831955|20260908094555|957.39
1788831970|20260908094610|957.42
1788831980|20260908094620|957.33
1788831985|20260908094625|957.31
1788831995|20260908094635|957.30
1788832000|20260908094640|957.09
1788832005|20260908094645|957.09
1788832010|20260908094650|957.04
1788832015|20260908094655|957.06
1788832035|20260908094715|957.09
1788832040|20260908094720|957.27
1788832055|20260908094735|957.50
1788832060|20260908094740|957.55
1788832065|20260908094745|957.51
1788832070|20260908094750|957.60
1788832105|20260908094825|958.03
1788832120|20260908094840|957.99
1788832125|20260908094845|958.04
1788832130|20260908094850|957.98
1788832135|20260908094855|957.96
1788832145|20260908094905|957.95
1788832150|20260908094910|958.07
1788832155|20260908094915|958.04
1788832160|20260908094920|958.01
1788832165|20260908094925|957.94
1788832175|20260908094935|957.88
1788832180|20260908094940|957.92
1788832205|20260908095005|958.21
1788832210|20260908095010|958.08
1788832215|20260908095015|958.02
1788832220|20260908095020|957.99
1788832225|20260908095025|957.90
1788832235|20260908095035|957.65
1788832240|20260908095040|957.63
1788832245|20260908095045|957.67
1788832250|20260908095050|957.65
1788832255|20260908095055|957.83
1788832275|20260908095115|957.40
1788832280|20260908095120|957.32
1788832285|20260908095125|957.41
1788832295|20260908095135|957.27
1788832300|20260908095140|957.36
1788832305|20260908095145|957.37
1788832310|20260908095150|957.37
1788832315|20260908095155|957.30
1788832325|20260908095205|957.36
1788832330|20260908095210|957.32
1788832335|20260908095215|957.37
1788832340|20260908095220|957.28
1788832345|20260908095225|957.25
1788832355|20260908095235|957.33
1788832360|20260908095240|957.36
1788832365|20260908095245|957.45
1788832375|20260908095255|957.42
1788832385|20260908095305|957.63
1788832400|20260908095320|957.66
1788832405|20260908095325|957.58
1788832435|20260908095355|957.78
1788832445|20260908095405|957.86
1788832450|20260908095410|957.76
1788832455|20260908095415|957.71
1788832460|20260908095420|957.65
1788832465|20260908095425|957.62
1788832505|20260908095505|957.73
1788832510|20260908095510|957.70
1788832520|20260908095520|957.75
1788832525|20260908095525|957.72
1788832535|20260908095535|957.79
1788832540|20260908095540|957.77
1788832545|20260908095545|957.70
1788832550|20260908095550|957.71
1788832555|20260908095555|957.57
1788832560|20260908095600|957.54
1788832575|20260908095615|957.44
1788832600|20260908095640|957.83
1788832605|20260908095645|957.90
1788832610|20260908095650|957.88
1788832615|20260908095655|957.90
1788832625|20260908095705|957.89
1788832630|20260908095710|957.95
1788832635|20260908095715|957.89
1788832640|20260908095720|957.80
1788832655|20260908095735|957.70
1788832660|20260908095740|957.39
1788832665|20260908095745|957.40
1788832680|20260908095800|957.25
1788832685|20260908095805|957.23
1788832690|20260908095810|957.27
1788832695|20260908095815|957.30
1788832700|20260908095820|957.32
1788832705|20260908095825|957.26
1788832715|20260908095835|957.36
1788832720|20260908095840|957.33
1788832725|20260908095845|957.42
1788832730|20260908095850|957.44
1788832735|20260908095855|957.44
1788832745|20260908095905|957.41
1788832755|20260908095915|957.54
1788832760|20260908095920|957.37
1788832765|20260908095925|957.46
1788832800|20260908100000|957.33
1788832805|20260908100005|957.44
1788832815|20260908100015|957.48
1788832820|20260908100020|957.46
1788832825|20260908100025|957.39
1788832835|20260908100035|957.38
1788832840|20260908100040|957.47
1788832850|20260908100050|957.43
1788832855|20260908100055|957.50
1788832865|20260908100105|957.56
1788832875|20260908100115|957.73
1788832880|20260908100120|957.52
1788832885|20260908100125|957.54
1788832895|20260908100135|957.46
1788832900|20260908100140|957.49
1788832910|20260908100150|957.57
1788832920|20260908100200|957.43
1788832925|20260908100205|957.24
1788832930|20260908100210|957.30
1788832935|20260908100215|957.36
1788832940|20260908100220|957.09
1788832955|20260908100235|956.99
1788832960|20260908100240|956.97
1788832965|20260908100245|957.03
1788832970|20260908100250|957.17
1788832980|20260908100300|957.14
1788832985|20260908100305|957.14
1788832990|20260908100310|957.11
1788832995|20260908100315|957.04
1788833000|20260908100320|956.97
1788833005|20260908100325|956.74
1788833015|20260908100335|956.54
1788833020|20260908100340|956.52
1788833025|20260908100345|956.32
1788833030|20260908100350|956.37
1788833035|20260908100355|956.41
1788833040|20260908100400|956.51
1788833045|20260908100405|956.51
1788833050|20260908100410|956.52
1788833055|20260908100415|956.50
1788833060|20260908100420|956.48
1788833065|20260908100425|956.53
1788833080|20260908100440|956.58
1788833100|20260908100500|956.64
1788833110|20260908100510|956.71
1788833115|20260908100515|956.71
1788833125|20260908100525|956.65
1788833135|20260908100535|956.56
1788833140|20260908100540|956.48
1788833145|20260908100545|956.47
1788833150|20260908100550|956.51
1788833155|20260908100555|956.63
1788833160|20260908100600|956.61
1788833165|20260908100605|956.38
1788833170|20260908100610|956.34
1788833175|20260908100615|956.38
1788833180|20260908100620|956.45
1788833185|20260908100625|956.52
1788833195|20260908100635|956.40
1788833200|20260908100640|956.43
1788833205|20260908100645|956.42
1788833210|20260908100650|956.47
1788833215|20260908100655|956.47
1788833220|20260908100700|956.49
1788833230|20260908100710|956.48
1788833235|20260908100715|956.57
1788833240|20260908100720|956.56
1788833245|20260908100725|956.58
1788833255|20260908100735|956.52
1788833260|20260908100740|956.42
1788833270|20260908100750|956.43
1788833285|20260908100805|956.03
1788833320|20260908100840|955.85
1788833330|20260908100850|955.80
1788833335|20260908100855|955.84
1788833350|20260908100910|955.67
1788833355|20260908100915|955.65
1788833360|20260908100920|955.73
1788833365|20260908100925|955.69
1788833405|20260908101005|955.54
1788833415|20260908101015|955.76
1788833425|20260908101025|955.63
1788833445|20260908101045|955.29
1788833450|20260908101050|955.33
1788833460|20260908101100|955.35
1788833465|20260908101105|955.26
1788833475|20260908101115|955.11
1788833480|20260908101120|955.11
1788833485|20260908101125|955.03
1788833495|20260908101135|955.21
1788833510|20260908101150|955.36
1788833515|20260908101155|955.40
1788833520|20260908101200|955.43
1788833525|20260908101205|955.32
1788833530|20260908101210|955.30
1788833535|20260908101215|955.29
1788833540|20260908101220|955.31
1788833545|20260908101225|955.42
1788833555|20260908101235|955.70
1788833560|20260908101240|955.68
1788833570|20260908101250|955.70
1788833575|20260908101255|955.73
1788833580|20260908101300|955.92
1788833595|20260908101315|955.80
1788833600|20260908101320|955.77
1788833605|20260908101325|955.67
1788833615|20260908101335|955.70
1788833620|20260908101340|955.61
1788833625|20260908101345|955.44
1788833640|20260908101400|955.65
1788833645|20260908101405|955.61
1788833650|20260908101410|955.64
1788833655|20260908101415|955.53
1788833665|20260908101425|955.30
1788833700|20260908101500|955.44
1788833710|20260908101510|955.29
1788833715|20260908101515|955.33
1788833720|20260908101520|955.31
1788833725|20260908101525|955.19
1788833735|20260908101535|955.28
1788833740|20260908101540|955.31
1788833745|20260908101545|955.28
1788833755|20260908101555|955.14
1788833770|20260908101610|954.94
1788833780|20260908101620|954.98
1788833785|20260908101625|954.98
1788833795|20260908101635|954.98
1788833800|20260908101640|955.10
1788833805|20260908101645|955.28
1788833810|20260908101650|955.16
1788833815|20260908101655|955.24
1788833825|20260908101705|955.27
1788833830|20260908101710|955.21
1788833835|20260908101715|955.23
1788833855|20260908101735|955.31
1788833860|20260908101740|955.19
1788833865|20260908101745|955.23
1788833870|20260908101750|955.26
1788833875|20260908101755|955.32
1788833885|20260908101805|955.28
1788833890|20260908101810|955.25
1788833895|20260908101815|955.22
1788833900|20260908101820|955.20
1788833905|20260908101825|955.17
1788833920|20260908101840|955.15
1788833925|20260908101845|955.15
1788833930|20260908101850|955.15
1788833935|20260908101855|955.16
1788833945|20260908101905|955.21
1788833950|20260908101910|955.21
1788833955|20260908101915|955.23
1788833960|20260908101920|955.23
1788833980|20260908101940|955.12
1788834000|20260908102000|955.04
1788834005|20260908102005|955.07
1788834010|20260908102010|955.01
1788834015|20260908102015|955.01
1788834020|20260908102020|955.03
1788834025|20260908102025|955.05
1788834035|20260908102035|955.00
1788834040|20260908102040|954.99
1788834050|20260908102050|954.93
1788834055|20260908102055|954.97
1788834060|20260908102100|955.06
1788834065|20260908102105|954.94
1788834075|20260908102115|955.08
1788834080|20260908102120|955.07
1788834085|20260908102125|954.86
1788834090|20260908102130|954.95
1788834095|20260908102135|954.96
1788834100|20260908102140|955.00
1788834105|20260908102145|955.04
1788834110|20260908102150|955.04
1788834115|20260908102155|955.12
1788834125|20260908102205|955.33
1788834130|20260908102210|955.26
1788834135|20260908102215|955.22
1788834140|20260908102220|955.33
1788834145|20260908102225|955.34
1788834155|20260908102235|955.33
1788834160|20260908102240|955.34
1788834165|20260908102245|955.37
1788834170|20260908102250|955.40
1788834175|20260908102255|955.14
1788834185|20260908102305|955.05
1788834190|20260908102310|955.12
1788834195|20260908102315|955.15
1788834200|20260908102320|955.16
1788834205|20260908102325|955.22
1788834220|20260908102340|955.31
1788834225|20260908102345|955.26
1788834230|20260908102350|955.26
1788834235|20260908102355|955.34
1788834240|20260908102400|955.55
1788834250|20260908102410|955.62
1788834255|20260908102415|955.71
1788834265|20260908102425|955.61
1788834275|20260908102435|955.71
1788834285|20260908102445|955.63
1788834295|20260908102455|955.50
1788834300|20260908102500|955.46
1788834305|20260908102505|955.51
1788834310|20260908102510|955.55
1788834315|20260908102515|955.53
1788834320|20260908102520|955.43
1788834325|20260908102525|955.40
1788834335|20260908102535|955.38
1788834340|20260908102540|955.38
1788834350|20260908102550|955.42
1788834355|20260908102555|955.47
1788834360|20260908102600|955.40
1788834370|20260908102610|955.29
1788834375|20260908102615|955.44
1788834385|20260908102625|955.34
1788834425|20260908102705|955.33
1788834430|20260908102710|955.29
1788834435|20260908102715|955.34
1788834440|20260908102720|955.34
1788834445|20260908102725|955.36
1788834455|20260908102735|955.28
1788834460|20260908102740|955.28
1788834465|20260908102745|955.22
1788834470|20260908102750|955.17
1788834480|20260908102800|955.09
1788834485|20260908102805|955.13
1788834490|20260908102810|955.11
1788834495|20260908102815|955.01
1788834505|20260908102825|954.86
1788834515|20260908102835|954.78
1788834520|20260908102840|954.79
1788834525|20260908102845|954.60
1788834530|20260908102850|954.75
1788834535|20260908102855|954.73
1788834545|20260908102905|954.80
1788834555|20260908102915|954.65
1788834560|20260908102920|954.78
1788834565|20260908102925|954.76
1788834590|20260908102950|954.81
1788834605|20260908103005|954.83
1788834615|20260908103015|954.74
1788834620|20260908103020|954.69
1788834635|20260908103035|954.83
1788834650|20260908103050|954.93
1788834655|20260908103055|954.88
1788834660|20260908103100|954.88
1788834665|20260908103105|954.85
1788834670|20260908103110|954.86
1788834680|20260908103120|954.78
1788834695|20260908103135|954.55
1788834700|20260908103140|954.55
1788834705|20260908103145|954.38
1788834710|20260908103150|954.49
1788834720|20260908103200|954.61
1788834725|20260908103205|954.76
1788834730|20260908103210|954.68
1788834735|20260908103215|954.65
1788834740|20260908103220|954.83
1788834745|20260908103225|954.88
1788834755|20260908103235|954.89
1788834760|20260908103240|954.93
1788834765|20260908103245|954.79
1788834770|20260908103250|954.77
1788834780|20260908103300|954.55
1788834790|20260908103310|954.49
1788834805|20260908103325|954.54
1788834820|20260908103340|954.49
1788834825|20260908103345|954.46
1788834830|20260908103350|954.43
1788834835|20260908103355|954.53
1788834845|20260908103405|954.39
1788834850|20260908103410|954.34
1788834855|20260908103415|954.36
1788834860|20260908103420|954.40
1788834865|20260908103425|954.46
1788834880|20260908103440|954.48
1788834900|20260908103500|954.59
1788834905|20260908103505|954.55
1788834910|20260908103510|954.57
1788834915|20260908103515|954.42
1788834920|20260908103520|954.36
1788834935|20260908103535|954.41
1788834940|20260908103540|954.24
1788834945|20260908103545|954.33
1788834950|20260908103550|954.27
1788834955|20260908103555|954.31
1788834965|20260908103605|954.38
1788834970|20260908103610|954.38
1788834975|20260908103615|954.38
1788834980|20260908103620|954.29
1788834985|20260908103625|954.24
1788835000|20260908103640|954.26
1788835005|20260908103645|954.23
1788835010|20260908103650|954.25
1788835025|20260908103705|954.26
1788835035|20260908103715|954.32
1788835040|20260908103720|954.35
1788835045|20260908103725|954.21
1788835055|20260908103735|954.28
1788835060|20260908103740|954.24
1788835065|20260908103745|954.04
1788835070|20260908103750|954.08
1788835075|20260908103755|954.11
1788835080|20260908103800|954.17
1788835085|20260908103805|954.17
1788835090|20260908103810|954.19
1788835095|20260908103815|954.34
1788835100|20260908103820|954.30
1788835105|20260908103825|954.35
1788835115|20260908103835|954.31
1788835120|20260908103840|954.30
1788835125|20260908103845|954.34
1788835130|20260908103850|954.29
1788835135|20260908103855|954.37
1788835145|20260908103905|954.36
1788835150|20260908103910|954.44
1788835155|20260908103915|954.46
1788835160|20260908103920|954.42
1788835165|20260908103925|954.45
1788835200|20260908104000|954.47
1788835205|20260908104005|954.58
1788835215|20260908104015|954.71
1788835220|20260908104020|954.71
1788835225|20260908104025|954.77
1788835235|20260908104035|954.76
1788835240|20260908104040|954.75
1788835245|20260908104045|954.80
1788835250|20260908104050|954.81
1788835255|20260908104055|954.82
1788835265|20260908104105|954.87
1788835270|20260908104110|954.57
1788835275|20260908104115|954.61
1788835280|20260908104120|954.57
1788835285|20260908104125|954.60
1788835295|20260908104135|954.64
1788835300|20260908104140|954.54
1788835305|20260908104145|954.46
1788835310|20260908104150|954.47
1788835315|20260908104155|954.46
1788835325|20260908104205|954.39
1788835330|20260908104210|954.34
1788835335|20260908104215|954.37
1788835340|20260908104220|954.37
1788835345|20260908104225|954.40
1788835355|20260908104235|954.43
1788835365|20260908104245|954.43
1788835370|20260908104250|954.41
1788835375|20260908104255|954.52
1788835385|20260908104305|954.51
1788835390|20260908104310|954.44
1788835395|20260908104315|954.53
1788835400|20260908104320|954.60
1788835405|20260908104325|954.44
1788835415|20260908104335|954.45
1788835420|20260908104340|954.34
1788835425|20260908104345|954.24
1788835430|20260908104350|954.36
1788835435|20260908104355|954.78
1788835445|20260908104405|954.87
1788835455|20260908104415|954.94
1788835460|20260908104420|954.91
1788835465|20260908104425|954.98
1788835475|20260908104435|955.01
1788835505|20260908104505|955.10
1788835510|20260908104510|955.11
1788835520|20260908104520|955.11
1788835525|20260908104525|955.09
1788835540|20260908104540|955.30
1788835545|20260908104545|955.19
1788835550|20260908104550|954.94
1788835555|20260908104555|954.87
1788835565|20260908104605|955.00
1788835570|20260908104610|954.87
1788835580|20260908104620|954.86
1788835585|20260908104625|954.86
1788835595|20260908104635|954.59
1788835600|20260908104640|954.50
1788835610|20260908104650|954.52
1788835615|20260908104655|954.54
1788835625|20260908104705|954.45
1788835635|20260908104715|954.84
1788835660|20260908104740|954.88
1788835665|20260908104745|954.87
1788835670|20260908104750|954.83
1788835675|20260908104755|954.82
1788835680|20260908104800|954.85
1788835685|20260908104805|954.71
1788835695|20260908104815|954.64
1788835700|20260908104820|954.49
1788835705|20260908104825|954.53
1788835710|20260908104830|954.59
1788835715|20260908104835|954.58
1788835720|20260908104840|954.61
1788835725|20260908104845|954.69
1788835735|20260908104855|954.67
1788835745|20260908104905|954.66
1788835755|20260908104915|954.56
1788835760|20260908104920|954.55
1788835765|20260908104925|954.47
1788835810|20260908105010|954.68
1788835815|20260908105015|954.67
1788835820|20260908105020|954.71
1788835825|20260908105025|954.82
1788835835|20260908105035|954.77
1788835840|20260908105040|954.72
1788835845|20260908105045|954.71
1788835850|20260908105050|954.69
1788835855|20260908105055|954.85
1788835860|20260908105100|954.74
1788835870|20260908105110|954.55
1788835875|20260908105115|954.55
1788835880|20260908105120|954.54
1788835895|20260908105135|954.56
1788835900|20260908105140|954.56
1788835905|20260908105145|954.50
1788835910|20260908105150|954.43
1788835915|20260908105155|954.49
1788835935|20260908105215|954.42
1788835940|20260908105220|954.28
1788835945|20260908105225|954.33
1788835960|20260908105240|954.22
1788835965|20260908105245|954.17
1788835970|20260908105250|954.27
1788835980|20260908105300|954.26
1788835985|20260908105305|954.21
1788835990|20260908105310|954.20
1788835995|20260908105315|954.14
1788836000|20260908105320|954.06
1788836005|20260908105325|954.06
1788836011|20260908105331|953.99
1788836020|20260908105340|953.97
1788836025|20260908105345|954.06
1788836040|20260908105400|954.01
1788836045|20260908105405|954.09
1788836050|20260908105410|954.07
1788836055|20260908105415|954.03
1788836060|20260908105420|954.08
1788836065|20260908105425|954.28
1788836070|20260908105430|954.28
1788836075|20260908105435|954.27
1788836080|20260908105440|954.25
1788836085|20260908105445|954.27
1788836090|20260908105450|954.29
1788836100|20260908105500|954.32
1788836105|20260908105505|954.31
1788836110|20260908105510|954.25
1788836115|20260908105515|954.26
1788836120|20260908105520|954.24
1788836125|20260908105525|954.19
1788836135|20260908105535|954.20
1788836140|20260908105540|954.25
1788836145|20260908105545|954.32
1788836150|20260908105550|954.35
1788836155|20260908105555|954.43
1788836165|20260908105605|954.47
1788836175|20260908105615|954.51
1788836180|20260908105620|954.50
1788836185|20260908105625|954.58
1788836195|20260908105635|954.62
1788836200|20260908105640|954.66
1788836205|20260908105645|954.67
1788836210|20260908105650|954.57
1788836215|20260908105655|954.57
1788836220|20260908105700|954.58
1788836225|20260908105705|954.57
1788836230|20260908105710|954.48
1788836235|20260908105715|954.45
1788836240|20260908105720|954.36
1788836245|20260908105725|954.40
1788836255|20260908105735|954.35
1788836260|20260908105740|954.31
1788836265|20260908105745|954.30
1788836275|20260908105755|954.46
1788836280|20260908105800|954.58
1788836285|20260908105805|954.51
1788836290|20260908105810|954.46
1788836295|20260908105815|954.49
1788836300|20260908105820|954.48
1788836305|20260908105825|954.48
1788836315|20260908105835|954.48
1788836320|20260908105840|954.54
1788836325|20260908105845|954.54
1788836330|20260908105850|954.52
1788836335|20260908105855|954.52
1788836340|20260908105900|954.52
1788836345|20260908105905|954.54
1788836350|20260908105910|954.63
1788836355|20260908105915|954.65
1788836360|20260908105920|954.65
1788836365|20260908105925|954.73
1788836390|20260908105950|954.63
1788836405|20260908110005|954.59
1788836410|20260908110010|954.52
1788836415|20260908110015|954.49
1788836420|20260908110020|954.54
1788836425|20260908110025|954.35
1788836435|20260908110035|954.35
1788836450|20260908110050|954.37
1788836455|20260908110055|954.35
1788836465|20260908110105|954.26
1788836470|20260908110110|954.44
1788836475|20260908110115|954.53
1788836495|20260908110135|954.44
1788836500|20260908110140|954.43
1788836505|20260908110145|954.30
1788836515|20260908110155|954.28
1788836530|20260908110210|954.49
1788836535|20260908110215|954.45
1788836540|20260908110220|954.53
1788836545|20260908110225|954.57
1788836555|20260908110235|954.55
1788836560|20260908110240|954.50
1788836565|20260908110245|954.57
1788836570|20260908110250|954.57
1788836585|20260908110305|954.70
1788836590|20260908110310|954.72
1788836595|20260908110315|954.75
1788836600|20260908110320|954.74
1788836605|20260908110325|954.75
1788836615|20260908110335|954.80
1788836625|20260908110345|954.78
1788836630|20260908110350|954.78
1788836635|20260908110355|954.79
1788836645|20260908110405|954.72
1788836655|20260908110415|954.74
1788836680|20260908110440|954.68
1788836705|20260908110505|954.83
1788836710|20260908110510|954.81
1788836715|20260908110515|954.81
1788836720|20260908110520|954.89
1788836725|20260908110525|954.90
1788836735|20260908110535|954.99
1788836740|20260908110540|955.02
1788836750|20260908110550|955.00
1788836765|20260908110605|955.00
1788836775|20260908110615|954.99
1788836780|20260908110620|954.97
1788836795|20260908110635|954.94
1788836800|20260908110640|954.75
1788836810|20260908110650|954.81
1788836815|20260908110655|954.82
1788836825|20260908110705|954.84
1788836830|20260908110710|954.86
1788836835|20260908110715|954.95
1788836840|20260908110720|954.95
1788836855|20260908110735|955.05
1788836865|20260908110745|955.03
1788836870|20260908110750|955.06
1788836875|20260908110755|954.99
1788836885|20260908110805|955.09
1788836895|20260908110815|954.91
1788836900|20260908110820|954.93
1788836905|20260908110825|954.98
1788836915|20260908110835|955.05
1788836930|20260908110850|955.21
1788836935|20260908110855|955.20
1788836955|20260908110915|955.32
1788836960|20260908110920|955.35
1788836965|20260908110925|955.39
1788837000|20260908111000|955.86
1788837010|20260908111010|955.74
1788837015|20260908111015|955.78
1788837025|20260908111025|955.86
1788837035|20260908111035|955.85
1788837040|20260908111040|955.81
1788837050|20260908111050|955.88
1788837055|20260908111055|955.93
1788837075|20260908111115|956.04
1788837080|20260908111120|955.94
1788837085|20260908111125|955.83
1788837095|20260908111135|955.76
1788837105|20260908111145|955.72
1788837115|20260908111155|955.86
1788837125|20260908111205|955.77
1788837130|20260908111210|955.76
1788837135|20260908111215|955.80
1788837155|20260908111235|955.75
1788837165|20260908111245|955.74
1788837170|20260908111250|955.79
1788837185|20260908111305|955.90
1788837190|20260908111310|955.88
1788837195|20260908111315|955.80
1788837220|20260908111340|955.81
1788837225|20260908111345|955.75
1788837230|20260908111350|955.68
1788837235|20260908111355|955.66
1788837245|20260908111405|955.55
1788837250|20260908111410|955.76
1788837255|20260908111415|955.76
1788837265|20260908111425|955.77
1788837275|20260908111435|955.63
1788837295|20260908111455|955.71
1788837305|20260908111505|955.75
1788837310|20260908111510|955.70
1788837320|20260908111520|955.72
1788837335|20260908111535|955.67
1788837340|20260908111540|955.68
1788837345|20260908111545|955.63
1788837355|20260908111555|955.63
1788837365|20260908111605|955.65
1788837370|20260908111610|955.65
1788837375|20260908111615|955.61
1788837380|20260908111620|955.58
1788837385|20260908111625|955.63
1788837395|20260908111635|955.69
1788837405|20260908111645|955.75
1788837410|20260908111650|955.73
1788837415|20260908111655|955.71
1788837430|20260908111710|955.65
1788837435|20260908111715|955.68
1788837440|20260908111720|955.68
1788837455|20260908111735|956.03
1788837460|20260908111740|955.96
1788837465|20260908111745|956.01
1788837485|20260908111805|956.00
1788837490|20260908111810|956.03
1788837495|20260908111815|956.08
1788837500|20260908111820|956.15
1788837505|20260908111825|956.14
1788837520|20260908111840|956.21
1788837525|20260908111845|956.34
1788837530|20260908111850|956.30
1788837535|20260908111855|956.48
1788837545|20260908111905|956.53
1788837550|20260908111910|956.49
1788837555|20260908111915|956.48
1788837560|20260908111920|956.65
1788837565|20260908111925|956.77
1788837580|20260908111940|956.96
1788837600|20260908112000|956.99
1788837605|20260908112005|957.18
1788837610|20260908112010|957.14
1788837615|20260908112015|957.21
1788837620|20260908112020|957.35
1788837625|20260908112025|957.12
1788837635|20260908112035|957.18
1788837640|20260908112040|957.30
1788837645|20260908112045|957.25
1788837650|20260908112050|957.52
1788837655|20260908112055|957.63
1788837665|20260908112105|957.94
1788837670|20260908112110|957.87
1788837680|20260908112120|957.37
1788837685|20260908112125|957.38
1788837695|20260908112135|957.12
1788837700|20260908112140|957.06
1788837715|20260908112155|956.98
1788837725|20260908112205|956.96
1788837730|20260908112210|956.97
1788837735|20260908112215|957.06
1788837740|20260908112220|957.03
1788837745|20260908112225|957.11
1788837755|20260908112235|956.97
1788837760|20260908112240|956.86
1788837765|20260908112245|957.20
1788837770|20260908112250|957.27
1788837775|20260908112255|957.24
1788837785|20260908112305|957.61
1788837790|20260908112310|957.49
1788837795|20260908112315|957.52
1788837800|20260908112320|957.39
1788837805|20260908112325|957.43
1788837815|20260908112335|957.43
1788837820|20260908112340|957.45
1788837825|20260908112345|957.46
1788837830|20260908112350|957.65
1788837835|20260908112355|957.70
1788837845|20260908112405|957.76
1788837850|20260908112410|957.55
1788837855|20260908112415|957.59
1788837860|20260908112420|957.49
1788837865|20260908112425|957.42
1788837910|20260908112510|957.35
1788837915|20260908112515|957.35
1788837920|20260908112520|957.36
1788837925|20260908112525|957.33
1788837935|20260908112535|957.15
1788837940|20260908112540|957.08
1788837945|20260908112545|957.06
1788837955|20260908112555|956.92
1788837960|20260908112600|957.15
1788837965|20260908112605|956.76
1788837970|20260908112610|956.76
1788837975|20260908112615|956.85
1788837980|20260908112620|956.85
1788837985|20260908112625|956.82
1788837995|20260908112635|956.78
1788838000|20260908112640|956.77
1788838005|20260908112645|956.88
1788838010|20260908112650|956.94
1788838015|20260908112655|956.87
1788838020|20260908112700|956.88
1788838025|20260908112705|956.80
1788838030|20260908112710|956.82
1788838035|20260908112715|956.71
1788838040|20260908112720|956.65
1788838045|20260908112725|956.65
1788838055|20260908112735|956.46
1788838060|20260908112740|956.42
1788838065|20260908112745|956.43
1788838070|20260908112750|956.47
1788838085|20260908112805|956.53
1788838090|20260908112810|956.41
1788838095|20260908112815|956.36
1788838100|20260908112820|956.42
1788838115|20260908112835|956.17
1788838125|20260908112845|956.17
1788838135|20260908112855|956.16
1788838145|20260908112905|956.12
1788838150|20260908112910|956.31
1788838155|20260908112915|956.23
1788838160|20260908112920|956.23
1788838185|20260908112945|956.34
1788838205|20260908113005|956.52
1788838210|20260908113010|956.51
1788838215|20260908113015|956.50
1788838220|20260908113020|956.55
1788838225|20260908113025|956.56
1788838235|20260908113035|956.63
1788838240|20260908113040|956.73
1788838245|20260908113045|956.83
1788838250|20260908113050|956.91
1788838255|20260908113055|956.89
1788838260|20260908113100|956.90
1788838265|20260908113105|956.81
1788838275|20260908113115|956.80
1788838280|20260908113120|956.70
1788838285|20260908113125|956.70
1788838295|20260908113135|956.75
1788838305|20260908113145|956.69
1788838310|20260908113150|956.70
1788838315|20260908113155|956.67
1788838320|20260908113200|956.67
1788838325|20260908113205|956.59
1788838330|20260908113210|956.54
1788838335|20260908113215|956.62
1788838340|20260908113220|956.49
1788838345|20260908113225|956.44
1788838360|20260908113240|956.55
1788838365|20260908113245|956.50
1788838370|20260908113250|956.45
1788838380|20260908113300|956.34
1788838385|20260908113305|956.36
1788838390|20260908113310|956.31
1788838395|20260908113315|956.26
1788838400|20260908113320|956.25
1788838405|20260908113325|956.04
1788838420|20260908113340|956.08
1788838425|20260908113345|956.08
1788838430|20260908113350|956.05
1788838435|20260908113355|956.14
1788838445|20260908113405|956.15
1788838450|20260908113410|956.23
1788838460|20260908113420|956.12
1788838500|20260908113500|956.18
1788838510|20260908113510|956.13
1788838515|20260908113515|956.14
1788838520|20260908113520|956.14
1788838525|20260908113525|956.17
1788838540|20260908113540|956.08
1788838555|20260908113555|956.06
1788838560|20260908113600|956.06
1788838565|20260908113605|956.20
1788838570|20260908113610|956.21
1788838575|20260908113615|956.25
1788838580|20260908113620|956.19
1788838585|20260908113625|956.19
1788838595|20260908113635|956.21
1788838600|20260908113640|956.21
1788838610|20260908113650|956.19
1788838615|20260908113655|956.20
1788838625|20260908113705|956.18
1788838630|20260908113710|956.19
1788838635|20260908113715|956.19
1788838640|20260908113720|956.15
1788838645|20260908113725|956.15
1788838655|20260908113735|956.10
1788838660|20260908113740|956.13
1788838665|20260908113745|956.14
1788838670|20260908113750|956.20
1788838675|20260908113755|956.20
1788838685|20260908113805|956.05
1788838690|20260908113810|956.01
1788838695|20260908113815|956.05
1788838700|20260908113820|956.03
1788838705|20260908113825|956.03
1788838715|20260908113835|956.04
1788838720|20260908113840|955.99
1788838725|20260908113845|956.06
1788838730|20260908113850|956.01
1788838735|20260908113855|955.98
1788838740|20260908113900|956.03
1788838745|20260908113905|955.97
1788838750|20260908113910|956.00
1788838755|20260908113915|955.95
1788838760|20260908113920|955.95
1788838765|20260908113925|955.94
1788838800|20260908114000|956.04
1788838805|20260908114005|956.02
1788838810|20260908114010|956.03
1788838815|20260908114015|956.06
1788838820|20260908114020|956.03
1788838825|20260908114025|956.02
1788838835|20260908114035|956.02
1788838840|20260908114040|956.03
1788838855|20260908114055|956.16
1788838865|20260908114105|956.19
1788838870|20260908114110|956.18
1788838875|20260908114115|956.20
1788838880|20260908114120|956.22
1788838895|20260908114135|956.22
1788838900|20260908114140|956.22
1788838905|20260908114145|956.23
1788838910|20260908114150|956.20
1788838915|20260908114155|956.18
1788838925|20260908114205|956.17
1788838930|20260908114210|956.17
1788838940|20260908114220|956.24
1788838960|20260908114240|956.24
1788838965|20260908114245|956.24
1788838970|20260908114250|956.24
1788838975|20260908114255|956.27
1788838985|20260908114305|956.31
1788838990|20260908114310|956.45
1788838995|20260908114315|956.40
1788839000|20260908114320|956.46
1788839005|20260908114325|956.46
1788839015|20260908114335|956.39
1788839020|20260908114340|956.40
1788839025|20260908114345|956.40
1788839030|20260908114350|956.45
1788839035|20260908114355|956.44
1788839045|20260908114405|956.37
1788839050|20260908114410|956.40
1788839055|20260908114415|956.44
1788839060|20260908114420|956.35
1788839065|20260908114425|956.35
1788839095|20260908114455|956.40
1788839100|20260908114500|956.38
1788839105|20260908114505|956.41
1788839110|20260908114510|956.34
1788839115|20260908114515|956.36
1788839120|20260908114520|956.38
1788839135|20260908114535|956.36
1788839140|20260908114540|956.48
1788839145|20260908114545|956.58
1788839150|20260908114550|956.51
1788839155|20260908114555|956.56
1788839165|20260908114605|956.66
1788839170|20260908114610|956.48
1788839175|20260908114615|956.56
1788839185|20260908114625|956.68
1788839195|20260908114635|956.70
1788839200|20260908114640|956.68
1788839210|20260908114650|956.66
1788839220|20260908114700|956.68
1788839225|20260908114705|956.72
1788839235|20260908114715|956.73
1788839240|20260908114720|956.71
1788839245|20260908114725|956.74
1788839260|20260908114740|956.85
1788839265|20260908114745|956.85
1788839275|20260908114755|956.94
1788839285|20260908114805|956.72
1788839290|20260908114810|956.94
1788839295|20260908114815|956.94
1788839300|20260908114820|957.03
1788839305|20260908114825|957.00
1788839315|20260908114835|956.99
1788839320|20260908114840|956.95
1788839325|20260908114845|956.97
1788839330|20260908114850|956.99
1788839335|20260908114855|957.11
1788839345|20260908114905|957.10
1788839350|20260908114910|957.16
1788839355|20260908114915|957.20
1788839360|20260908114920|957.19
1788839405|20260908115005|957.16
1788839420|20260908115020|957.23
1788839440|20260908115040|957.41
1788839445|20260908115045|957.39
1788839450|20260908115050|957.35
1788839455|20260908115055|957.34
1788839460|20260908115100|957.34
1788839465|20260908115105|957.38
1788839470|20260908115110|957.40
1788839475|20260908115115|957.32
1788839480|20260908115120|957.35
1788839485|20260908115125|957.31
1788839495|20260908115135|957.35
1788839505|20260908115145|957.30
1788839510|20260908115150|957.19
1788839515|20260908115155|957.14
1788839535|20260908115215|956.92
1788839540|20260908115220|957.04
1788839545|20260908115225|957.06
1788839555|20260908115235|956.97
1788839560|20260908115240|957.00
1788839565|20260908115245|957.13
1788839580|20260908115300|957.15
1788839585|20260908115305|957.11
1788839590|20260908115310|957.13
1788839600|20260908115320|957.13
1788839605|20260908115325|957.10
1788839610|20260908115330|957.10
1788839615|20260908115335|957.06
1788839620|20260908115340|957.12
1788839625|20260908115345|957.21
1788839635|20260908115355|957.10
1788839640|20260908115400|957.06
1788839645|20260908115405|956.96
1788839650|20260908115410|957.12
1788839655|20260908115415|957.23
1788839660|20260908115420|957.12
1788839670|20260908115430|957.10
1788839685|20260908115445|957.23
1788839700|20260908115500|957.26
1788839705|20260908115505|957.26
1788839710|20260908115510|957.26
1788839715|20260908115515|957.26
1788839720|20260908115520|957.26
1788839725|20260908115525|957.30
1788839735|20260908115535|957.28
1788839740|20260908115540|957.21
1788839745|20260908115545|957.21
1788839755|20260908115555|957.16
1788839770|20260908115610|957.19
1788839775|20260908115615|957.16
1788839785|20260908115625|957.19
1788839795|20260908115635|957.15
1788839800|20260908115640|957.27
1788839805|20260908115645|957.25
1788839810|20260908115650|957.41
1788839815|20260908115655|957.41
1788839820|20260908115700|957.36
1788839825|20260908115705|957.37
1788839830|20260908115710|957.40
1788839850|20260908115730|957.38
1788839855|20260908115735|957.32
1788839860|20260908115740|957.35
1788839865|20260908115745|957.28
1788839870|20260908115750|957.33
1788839875|20260908115755|957.37
1788839885|20260908115805|957.37
1788839890|20260908115810|957.37
1788839895|20260908115815|957.38
1788839900|20260908115820|957.41
1788839905|20260908115825|957.42
1788839915|20260908115835|957.38
1788839920|20260908115840|957.38
1788839925|20260908115845|957.36
1788839930|20260908115850|957.48
1788839935|20260908115855|957.49
1788839945|20260908115905|957.51
1788839950|20260908115910|957.51
1788839955|20260908115915|957.54
1788839960|20260908115920|957.58
1788839965|20260908115925|957.59
1788839995|20260908115955|957.45
1788840000|20260908120000|957.56
1788840005|20260908120005|957.60
1788840010|20260908120010|957.53
1788840020|20260908120020|957.54
1788840035|20260908120035|957.82
1788840040|20260908120040|957.72
1788840050|20260908120050|957.99
1788840055|20260908120055|958.30
1788840075|20260908120115|957.96
1788840080|20260908120120|957.93
1788840085|20260908120125|957.77
1788840095|20260908120135|957.64
1788840100|20260908120140|957.65
1788840105|20260908120145|957.64
1788840110|20260908120150|957.62
1788840115|20260908120155|957.66
1788840120|20260908120200|957.70
1788840125|20260908120205|957.70
1788840130|20260908120210|957.75
1788840135|20260908120215|957.70
1788840140|20260908120220|957.69
1788840155|20260908120235|957.91
1788840160|20260908120240|957.90
1788840165|20260908120245|957.96
1788840170|20260908120250|957.98
1788840175|20260908120255|957.87
1788840180|20260908120300|957.80
1788840200|20260908120320|957.84
1788840205|20260908120325|957.90
1788840215|20260908120335|957.92
1788840220|20260908120340|957.97
1788840225|20260908120345|958.00
1788840230|20260908120350|958.05
1788840235|20260908120355|958.30
1788840245|20260908120405|958.29
1788840250|20260908120410|958.31
1788840255|20260908120415|958.31
1788840260|20260908120420|958.31
1788840290|20260908120450|958.33
1788840315|20260908120515|958.43
1788840335|20260908120535|958.47
1788840340|20260908120540|958.58
1788840345|20260908120545|958.56
1788840355|20260908120555|958.55
1788840360|20260908120600|958.58
1788840365|20260908120605|958.54
1788840375|20260908120615|958.44
1788840385|20260908120625|958.43
1788840395|20260908120635|958.43
1788840400|20260908120640|958.51
1788840405|20260908120645|958.42
1788840410|20260908120650|958.45
1788840415|20260908120655|958.36
1788840420|20260908120700|958.25
1788840425|20260908120705|958.33
1788840435|20260908120715|958.20
1788840440|20260908120720|958.26
1788840445|20260908120725|958.21
1788840455|20260908120735|958.27
1788840460|20260908120740|958.38
1788840465|20260908120745|958.33
1788840470|20260908120750|958.43
1788840475|20260908120755|958.43
1788840480|20260908120800|958.36
1788840485|20260908120805|958.33
1788840490|20260908120810|958.24
1788840495|20260908120815|958.15
1788840500|20260908120820|958.11
1788840505|20260908120825|958.01
1788840520|20260908120840|958.03
1788840535|20260908120855|958.04
1788840545|20260908120905|958.01
1788840550|20260908120910|957.96
1788840555|20260908120915|957.90
1788840560|20260908120920|957.87
1788840565|20260908120925|958.02
1788840590|20260908120950|958.04
1788840615|20260908121015|958.10
1788840620|20260908121020|958.18
1788840625|20260908121025|958.07
1788840635|20260908121035|958.47
1788840640|20260908121040|958.45
1788840645|20260908121045|958.34
1788840650|20260908121050|958.28
1788840665|20260908121105|958.27
1788840670|20260908121110|958.29
1788840675|20260908121115|958.23
1788840680|20260908121120|958.25
1788840685|20260908121125|958.20
1788840695|20260908121135|958.13
1788840700|20260908121140|958.10
1788840705|20260908121145|958.10
1788840725|20260908121205|958.17
1788840735|20260908121215|958.19
1788840755|20260908121235|958.32
1788840760|20260908121240|958.34
1788840765|20260908121245|958.46
1788840770|20260908121250|958.24
1788840775|20260908121255|958.17
1788840780|20260908121300|958.08
1788840785|20260908121305|958.03
1788840790|20260908121310|958.08
1788840795|20260908121315|958.06
1788840800|20260908121320|958.04
1788840805|20260908121325|958.05
1788840815|20260908121335|958.05
1788840820|20260908121340|957.99
1788840825|20260908121345|957.85
1788840845|20260908121405|957.94
1788840850|20260908121410|957.94
1788840855|20260908121415|958.01
1788840900|20260908121500|957.91
1788840905|20260908121505|957.75
1788840915|20260908121515|957.71
1788840920|20260908121520|957.79
1788840925|20260908121525|957.84
1788840935|20260908121535|957.77
1788840940|20260908121540|957.72
1788840945|20260908121545|957.72
1788840950|20260908121550|957.77
1788840960|20260908121600|957.80
1788840965|20260908121605|957.76
1788840975|20260908121615|958.09
1788840990|20260908121630|958.02
1788840995|20260908121635|958.00
1788841000|20260908121640|957.98
1788841005|20260908121645|957.98
1788841010|20260908121650|957.98
1788841015|20260908121655|957.98
1788841025|20260908121705|957.95
1788841030|20260908121710|957.94
1788841035|20260908121715|957.97
1788841055|20260908121735|957.84
1788841060|20260908121740|957.84
1788841065|20260908121745|957.87
1788841075|20260908121755|957.91
1788841080|20260908121800|957.84
1788841085|20260908121805|957.90
1788841090|20260908121810|957.91
1788841095|20260908121815|957.90
1788841100|20260908121820|957.82
1788841110|20260908121830|957.86
1788841115|20260908121835|957.84
1788841120|20260908121840|957.84
1788841125|20260908121845|957.84
1788841135|20260908121855|957.89
1788841140|20260908121900|957.79
1788841145|20260908121905|957.74
1788841150|20260908121910|957.70
1788841155|20260908121915|957.67
1788841160|20260908121920|957.57
1788841165|20260908121925|957.60
1788841170|20260908121930|957.65
1788841175|20260908121935|957.70
1788841185|20260908121945|957.59
1788841190|20260908121950|957.56
1788841195|20260908121955|957.56
1788841200|20260908122000|957.69
1788841205|20260908122005|957.71
1788841210|20260908122010|957.74
1788841225|20260908122025|957.65
1788841240|20260908122040|957.51
1788841245|20260908122045|957.51
1788841255|20260908122055|957.40
1788841265|20260908122105|957.42
1788841270|20260908122110|957.52
1788841275|20260908122115|957.52
1788841280|20260908122120|957.52
1788841285|20260908122125|957.57
1788841295|20260908122135|957.44
1788841305|20260908122145|957.38
1788841315|20260908122155|957.20
1788841330|20260908122210|956.93
1788841335|20260908122215|957.04
1788841345|20260908122225|956.91
1788841360|20260908122240|956.80
1788841365|20260908122245|956.84
1788841375|20260908122255|956.83
1788841385|20260908122305|956.72
1788841400|20260908122320|956.71
1788841405|20260908122325|956.68
1788841415|20260908122335|956.87
1788841420|20260908122340|956.72
1788841425|20260908122345|956.69
1788841430|20260908122350|956.72
1788841435|20260908122355|956.72
1788841450|20260908122410|956.54
1788841455|20260908122415|956.57
1788841460|20260908122420|956.67
1788841510|20260908122510|956.54
1788841535|20260908122535|956.53
1788841540|20260908122540|956.55
1788841545|20260908122545|956.52
1788841565|20260908122605|956.54
1788841575|20260908122615|956.58
1788841580|20260908122620|956.58
1788841585|20260908122625|956.56
1788841595|20260908122635|956.59
1788841600|20260908122640|956.65
1788841605|20260908122645|956.53
1788841615|20260908122655|956.51
1788841620|20260908122700|956.52
1788841625|20260908122705|956.49
1788841630|20260908122710|956.48
1788841635|20260908122715|956.50
1788841640|20260908122720|956.47
1788841645|20260908122725|956.47
1788841655|20260908122735|956.25
1788841660|20260908122740|956.22
1788841665|20260908122745|956.20
1788841670|20260908122750|956.36
1788841680|20260908122800|956.35
1788841695|20260908122815|956.31
1788841700|20260908122820|956.37
1788841705|20260908122825|956.34
1788841720|20260908122840|956.37
1788841725|20260908122845|956.38
1788841730|20260908122850|956.32
1788841735|20260908122855|956.32
1788841740|20260908122900|956.30
1788841745|20260908122905|956.23
1788841805|20260908123005|956.33
1788841815|20260908123015|956.36
1788841825|20260908123025|956.34
1788841835|20260908123035|956.37
1788841840|20260908123040|956.47
1788841845|20260908123045|956.51
1788841855|20260908123055|956.46
1788841880|20260908123120|956.43
1788841905|20260908123145|956.42
1788841910|20260908123150|956.39
1788841915|20260908123155|956.39
1788841925|20260908123205|956.47
1788841930|20260908123210|956.32
1788841935|20260908123215|956.39
1788841940|20260908123220|956.39
1788841955|20260908123235|956.28
1788841965|20260908123245|956.48
1788841970|20260908123250|956.48
1788841990|20260908123310|956.59
1788842000|20260908123320|956.50
1788842005|20260908123325|956.54
1788842015|20260908123335|956.54
1788842020|20260908123340|956.59
1788842025|20260908123345|956.57
1788842030|20260908123350|956.57
1788842035|20260908123355|956.58
1788842040|20260908123400|956.54
1788842045|20260908123405|956.58
1788842050|20260908123410|956.66
1788842060|20260908123420|956.82
1788842065|20260908123425|956.75
1788842075|20260908123435|956.74
1788842080|20260908123440|956.71
1788842085|20260908123445|956.64
1788842095|20260908123455|956.63
1788842100|20260908123500|956.63
1788842105|20260908123505|956.62
1788842110|20260908123510|956.75
1788842115|20260908123515|956.72
1788842125|20260908123525|956.65
1788842140|20260908123540|956.71
1788842145|20260908123545|956.72
1788842155|20260908123555|956.61
1788842170|20260908123610|956.70
1788842175|20260908123615|956.64
1788842185|20260908123625|956.65
1788842200|20260908123640|956.71
1788842205|20260908123645|956.75
1788842225|20260908123705|956.87
1788842240|20260908123720|956.65
1788842255|20260908123735|956.59
1788842265|20260908123745|956.68
1788842270|20260908123750|956.67
1788842275|20260908123755|956.63
1788842295|20260908123815|956.63
1788842300|20260908123820|956.70
1788842315|20260908123835|956.57
1788842320|20260908123840|956.62
1788842325|20260908123845|956.60
1788842335|20260908123855|956.54
1788842365|20260908123925|956.64
1788842405|20260908124005|956.76
1788842415|20260908124015|956.85
1788842425|20260908124025|956.84
1788842435|20260908124035|956.84
1788842440|20260908124040|956.82
1788842445|20260908124045|956.93
1788842450|20260908124050|956.92
1788842455|20260908124055|956.99
1788842470|20260908124110|956.99
1788842475|20260908124115|957.07
1788842500|20260908124140|957.01
1788842505|20260908124145|956.98
1788842510|20260908124150|956.98
1788842515|20260908124155|956.96
1788842525|20260908124205|956.93
1788842535|20260908124215|956.93
1788842540|20260908124220|956.97
1788842560|20260908124240|956.88
1788842565|20260908124245|956.90
1788842570|20260908124250|956.83
1788842590|20260908124310|957.00
1788842595|20260908124315|957.04
1788842600|20260908124320|957.07
1788842615|20260908124335|957.12
1788842620|20260908124340|957.11
1788842625|20260908124345|957.23
1788842630|20260908124350|957.22
1788842635|20260908124355|957.16
1788842645|20260908124405|957.07
1788842655|20260908124415|957.05
1788842665|20260908124425|957.12
1788842705|20260908124505|957.21
1788842710|20260908124510|957.26
1788842720|20260908124520|957.09
1788842745|20260908124545|957.02
1788842755|20260908124555|957.05
1788842765|20260908124605|957.01
1788842770|20260908124610|957.07
1788842775|20260908124615|957.05
1788842780|20260908124620|957.10
1788842785|20260908124625|957.09
1788842800|20260908124640|956.96
1788842805|20260908124645|956.97
1788842815|20260908124655|956.94
1788842825|20260908124705|957.00
1788842830|20260908124710|957.00
1788842840|20260908124720|957.03
1788842845|20260908124725|956.87
1788842855|20260908124735|957.08
1788842860|20260908124740|957.05
1788842865|20260908124745|957.03
1788842870|20260908124750|957.05
1788842875|20260908124755|956.95
1788842885|20260908124805|957.05
1788842890|20260908124810|957.01
1788842900|20260908124820|956.96
1788842905|20260908124825|956.90
1788842915|20260908124835|956.86
1788842920|20260908124840|956.94
1788842925|20260908124845|956.91
1788842930|20260908124850|956.91
1788842935|20260908124855|956.90
1788842950|20260908124910|956.99
1788842960|20260908124920|956.91
1788842965|20260908124925|956.96
1788843005|20260908125005|956.84
1788843010|20260908125010|956.84
1788843015|20260908125015|956.85
1788843040|20260908125040|956.91
1788843045|20260908125045|956.91
1788843050|20260908125050|956.88
1788843070|20260908125110|956.86
1788843075|20260908125115|956.84
1788843095|20260908125135|957.01
1788843100|20260908125140|957.01
1788843105|20260908125145|957.01
1788843110|20260908125150|957.01
1788843115|20260908125155|957.01
1788843130|20260908125210|956.87
1788843140|20260908125220|956.83
1788843155|20260908125235|956.91
1788843160|20260908125240|956.85
1788843170|20260908125250|956.82
1788843175|20260908125255|956.84
1788843185|20260908125305|956.93
1788843190|20260908125310|956.93
1788843195|20260908125315|956.91
1788843205|20260908125325|956.79
1788843220|20260908125340|956.80
1788843225|20260908125345|956.78
1788843230|20260908125350|956.82
1788843235|20260908125355|956.80
1788843245|20260908125405|956.87
1788843255|20260908125415|956.82
1788843260|20260908125420|956.79
1788843305|20260908125505|956.93
1788843310|20260908125510|956.94
1788843320|20260908125520|956.85
1788843335|20260908125535|956.81
1788843340|20260908125540|956.79
1788843345|20260908125545|956.78
1788843350|20260908125550|956.77
1788843355|20260908125555|956.78
1788843365|20260908125605|956.82
1788843370|20260908125610|956.83
1788843375|20260908125615|956.92
1788843385|20260908125625|956.93
1788843395|20260908125635|956.89
1788843400|20260908125640|956.89
1788843405|20260908125645|956.93
1788843410|20260908125650|956.90
1788843425|20260908125705|956.86
1788843430|20260908125710|956.89
1788843435|20260908125715|956.87
1788843440|20260908125720|956.88
1788843445|20260908125725|956.88
1788843455|20260908125735|957.21
1788843460|20260908125740|957.25
1788843465|20260908125745|957.29
1788843470|20260908125750|957.33
1788843475|20260908125755|957.35
1788843485|20260908125805|957.43
1788843490|20260908125810|957.39
1788843495|20260908125815|957.52
1788843500|20260908125820|957.67
1788843515|20260908125835|957.84
1788843520|20260908125840|957.91
1788843525|20260908125845|957.97
1788843530|20260908125850|957.90
1788843535|20260908125855|957.94
1788843545|20260908125905|957.84
1788843550|20260908125910|957.71
1788843555|20260908125915|957.64
1788843560|20260908125920|957.62
1788843565|20260908125925|957.54
1788843605|20260908130005|957.23
1788843615|20260908130015|957.20
1788843620|20260908130020|957.09
1788843625|20260908130025|957.09
1788843640|20260908130040|957.21
1788843645|20260908130045|957.18
1788843650|20260908130050|957.21
1788843655|20260908130055|957.24
1788843670|20260908130110|957.25
1788843675|20260908130115|957.34
1788843680|20260908130120|957.32
1788843685|20260908130125|957.37
1788843695|20260908130135|957.28
1788843700|20260908130140|957.27
1788843705|20260908130145|957.26
1788843715|20260908130155|957.31
1788843725|20260908130205|957.35
1788843730|20260908130210|957.33
1788843735|20260908130215|957.38
1788843740|20260908130220|957.46
1788843755|20260908130235|957.40
1788843760|20260908130240|957.39
1788843765|20260908130245|957.39
1788843770|20260908130250|957.48
1788843775|20260908130255|957.42
1788843785|20260908130305|957.39
1788843795|20260908130315|957.22
1788843800|20260908130320|957.20
1788843805|20260908130325|957.20
1788843815|20260908130335|957.14
1788843830|20260908130350|957.10
1788843835|20260908130355|957.08
1788843845|20260908130405|957.05
1788843850|20260908130410|957.02
1788843855|20260908130415|956.98
1788843860|20260908130420|956.95
1788843865|20260908130425|956.95
1788843910|20260908130510|956.59
1788843915|20260908130515|956.55
1788843920|20260908130520|956.70
1788843925|20260908130525|956.58
1788843965|20260908130605|956.66
1788843975|20260908130615|956.80
1788843985|20260908130625|956.69
1788843995|20260908130635|956.67
1788844000|20260908130640|956.71
1788844010|20260908130650|956.53
1788844015|20260908130655|956.60
1788844025|20260908130705|956.54
1788844030|20260908130710|956.56
1788844035|20260908130715|956.52
1788844040|20260908130720|956.47
1788844055|20260908130735|956.46
1788844065|20260908130745|956.55
1788844070|20260908130750|956.55
1788844090|20260908130810|956.34
1788844095|20260908130815|956.24
1788844100|20260908130820|956.23
1788844105|20260908130825|956.27
1788844115|20260908130835|956.19
1788844125|20260908130845|956.25
1788844130|20260908130850|956.16
1788844145|20260908130905|956.15
1788844160|20260908130920|955.91
1788844165|20260908130925|955.92
1788844205|20260908131005|956.12
1788844210|20260908131010|955.95
1788844215|20260908131015|955.96
1788844220|20260908131020|955.94
1788844225|20260908131025|955.91
1788844235|20260908131035|955.97
1788844240|20260908131040|956.02
1788844245|20260908131045|956.03
1788844265|20260908131105|955.73
1788844280|20260908131120|955.94
1788844285|20260908131125|955.96
1788844300|20260908131140|955.71
1788844310|20260908131150|955.78
1788844325|20260908131205|955.56
1788844330|20260908131210|955.54
1788844335|20260908131215|955.47
1788844340|20260908131220|955.48
1788844345|20260908131225|955.28
1788844355|20260908131235|955.45
1788844365|20260908131245|955.53
1788844370|20260908131250|955.48
1788844375|20260908131255|955.53
1788844385|20260908131305|955.55
1788844395|20260908131315|955.55
1788844400|20260908131320|955.53
1788844405|20260908131325|955.53
1788844415|20260908131335|955.60
1788844420|20260908131340|955.46
1788844425|20260908131345|955.43
1788844430|20260908131350|955.39
1788844435|20260908131355|955.44
1788844445|20260908131405|955.48
1788844450|20260908131410|955.52
1788844455|20260908131415|955.58
1788844460|20260908131420|955.37
1788844465|20260908131425|955.35
1788844510|20260908131510|955.21
1788844515|20260908131515|955.09
1788844520|20260908131520|955.22
1788844525|20260908131525|955.26
1788844535|20260908131535|955.19
1788844540|20260908131540|955.23
1788844550|20260908131550|955.30
1788844555|20260908131555|955.28
1788844560|20260908131600|955.27
1788844565|20260908131605|955.25
1788844575|20260908131615|955.33
1788844580|20260908131620|955.31
1788844600|20260908131640|955.30
1788844605|20260908131645|955.44
1788844620|20260908131700|955.54
1788844625|20260908131705|955.40
1788844630|20260908131710|955.46
1788844635|20260908131715|955.43
1788844640|20260908131720|955.40
1788844645|20260908131725|955.43
1788844660|20260908131740|955.62
1788844665|20260908131745|955.50
1788844670|20260908131750|955.45
1788844675|20260908131755|955.51
1788844685|20260908131805|955.57
1788844690|20260908131810|955.51
1788844695|20260908131815|955.51
1788844700|20260908131820|955.56
1788844705|20260908131825|955.54
1788844715|20260908131835|955.47
1788844720|20260908131840|955.40
1788844725|20260908131845|955.52
1788844740|20260908131900|955.49
1788844745|20260908131905|955.56
1788844750|20260908131910|955.54
1788844760|20260908131920|955.62
1788844780|20260908131940|955.66
1788844805|20260908132005|955.63
1788844815|20260908132015|955.68
1788844820|20260908132020|955.66
1788844835|20260908132035|955.63
1788844845|20260908132045|955.67
1788844850|20260908132050|955.73
1788844855|20260908132055|955.79
1788844860|20260908132100|955.93
1788844865|20260908132105|955.90
1788844870|20260908132110|955.77
1788844880|20260908132120|955.81
1788844885|20260908132125|955.85
1788844905|20260908132145|955.88
1788844910|20260908132150|955.87
1788844915|20260908132155|955.87
1788844920|20260908132200|955.91
1788844925|20260908132205|956.01
1788844930|20260908132210|956.12
1788844935|20260908132215|956.07
1788844945|20260908132225|955.66
1788844955|20260908132235|955.73
1788844960|20260908132240|955.73
1788844965|20260908132245|955.61
1788844970|20260908132250|955.65
1788844975|20260908132255|955.55
1788844980|20260908132300|955.61
1788844985|20260908132305|955.49
1788844990|20260908132310|955.44
1788844995|20260908132315|955.56
1788845000|20260908132320|955.69
1788845005|20260908132325|955.63
1788845015|20260908132335|955.66
1788845020|20260908132340|955.67
1788845025|20260908132345|955.48
1788845040|20260908132400|955.04
1788845045|20260908132405|954.91
1788845050|20260908132410|954.89
1788845055|20260908132415|954.91
1788845100|20260908132500|954.75
1788845105|20260908132505|954.65
1788845110|20260908132510|954.67
1788845115|20260908132515|954.65
1788845120|20260908132520|954.76
1788845125|20260908132525|954.72
1788845135|20260908132535|954.65
1788845145|20260908132545|954.61
1788845150|20260908132550|954.65
1788845155|20260908132555|954.72
1788845165|20260908132605|954.56
1788845170|20260908132610|954.45
1788845175|20260908132615|954.42
1788845180|20260908132620|954.56
1788845185|20260908132625|954.52
1788845195|20260908132635|954.56
1788845200|20260908132640|954.49
1788845205|20260908132645|954.31
1788845210|20260908132650|954.36
1788845215|20260908132655|954.37
1788845220|20260908132700|954.36
1788845225|20260908132705|954.46
1788845235|20260908132715|954.37
1788845240|20260908132720|954.32
1788845255|20260908132735|954.26
1788845260|20260908132740|954.28
1788845265|20260908132745|954.20
1788845270|20260908132750|954.28
1788845285|20260908132805|954.17
1788845290|20260908132810|954.01
1788845295|20260908132815|954.08
1788845300|20260908132820|954.11
1788845310|20260908132830|954.06
1788845315|20260908132835|954.00
1788845320|20260908132840|954.05
1788845325|20260908132845|954.06
1788845330|20260908132850|954.00
1788845335|20260908132855|954.06
1788845345|20260908132905|953.93
1788845350|20260908132910|954.09
1788845360|20260908132920|954.13
1788845365|20260908132925|954.12
1788845375|20260908132935|953.97
1788845390|20260908132950|953.98
1788845395|20260908132955|953.95
1788845405|20260908133005|953.84
1788845410|20260908133010|953.98
1788845415|20260908133015|954.23
1788845420|20260908133020|954.29
1788845425|20260908133025|954.45
1788845440|20260908133040|954.63
1788845445|20260908133045|954.84
1788845450|20260908133050|954.74
1788845460|20260908133100|954.64
1788845465|20260908133105|954.42
1788845470|20260908133110|954.31
1788845475|20260908133115|954.22
1788845480|20260908133120|954.20
1788845485|20260908133125|954.24
1788845495|20260908133135|954.32
1788845500|20260908133140|954.33
1788845505|20260908133145|954.16
1788845510|20260908133150|954.04
1788845515|20260908133155|954.03
1788845525|20260908133205|953.61
1788845530|20260908133210|953.66
1788845540|20260908133220|953.99
1788845545|20260908133225|953.91
1788845560|20260908133240|953.91
1788845570|20260908133250|953.89
1788845585|20260908133305|953.77
1788845595|20260908133315|953.71
1788845600|20260908133320|953.77
1788845605|20260908133325|953.65
1788845615|20260908133335|953.70
1788845620|20260908133340|953.79
1788845625|20260908133345|953.72
1788845630|20260908133350|953.81
1788845635|20260908133355|953.92
1788845640|20260908133400|953.90
1788845645|20260908133405|953.81
1788845650|20260908133410|954.03
1788845655|20260908133415|954.00
1788845660|20260908133420|954.07
1788845665|20260908133425|954.06
1788845680|20260908133440|954.26
1788845700|20260908133500|954.30
1788845705|20260908133505|954.00
1788845710|20260908133510|954.14
1788845715|20260908133515|954.21
1788845720|20260908133520|954.39
1788845725|20260908133525|954.44
1788845735|20260908133535|954.32
1788845740|20260908133540|954.27
1788845745|20260908133545|954.24
1788845750|20260908133550|954.27
1788845755|20260908133555|954.22
1788845765|20260908133605|954.19
1788845770|20260908133610|954.12
1788845775|20260908133615|954.07
1788845780|20260908133620|954.13
1788845785|20260908133625|954.15
1788845795|20260908133635|954.30
1788845800|20260908133640|954.34
1788845805|20260908133645|954.34
1788845825|20260908133705|954.30
1788845830|20260908133710|954.28
1788845835|20260908133715|954.33
1788845840|20260908133720|954.38
1788845845|20260908133725|954.48
1788845855|20260908133735|954.44
1788845860|20260908133740|954.47
1788845865|20260908133745|954.44
1788845870|20260908133750|954.30
1788845875|20260908133755|954.39
1788845885|20260908133805|954.26
1788845890|20260908133810|954.23
1788845895|20260908133815|954.26
1788845900|20260908133820|954.26
1788845905|20260908133825|954.28
1788845915|20260908133835|954.39
1788845920|20260908133840|954.54
1788845925|20260908133845|954.52
1788845930|20260908133850|954.70
1788845935|20260908133855|954.65
1788845950|20260908133910|954.87
1788845960|20260908133920|954.85
1788846000|20260908134000|955.16
1788846010|20260908134010|955.18
1788846020|20260908134020|954.85
1788846025|20260908134025|954.87
1788846035|20260908134035|954.90
1788846040|20260908134040|954.79
1788846050|20260908134050|954.88
1788846065|20260908134105|954.88
1788846070|20260908134110|954.95
1788846075|20260908134115|954.91
1788846080|20260908134120|954.91
1788846085|20260908134125|954.88
1788846095|20260908134135|954.91
1788846100|20260908134140|955.02
1788846105|20260908134145|954.97
1788846110|20260908134150|955.07
1788846115|20260908134155|954.99
1788846125|20260908134205|955.06
1788846130|20260908134210|955.04
1788846135|20260908134215|955.06
1788846140|20260908134220|955.10
1788846145|20260908134225|955.14
1788846160|20260908134240|954.90
1788846165|20260908134245|954.97
1788846170|20260908134250|955.07
1788846175|20260908134255|955.07
1788846185|20260908134305|955.09
1788846195|20260908134315|955.05
1788846200|20260908134320|954.95
1788846205|20260908134325|955.02
1788846215|20260908134335|954.97
1788846220|20260908134340|954.82
1788846235|20260908134355|954.82
1788846245|20260908134405|954.78
1788846250|20260908134410|954.80
1788846260|20260908134420|954.86
1788846310|20260908134510|954.94
1788846315|20260908134515|954.90
1788846320|20260908134520|954.88
1788846350|20260908134550|955.44
1788846355|20260908134555|955.42
1788846365|20260908134605|955.58
1788846370|20260908134610|955.50
1788846375|20260908134615|955.43
1788846395|20260908134635|955.43
1788846400|20260908134640|955.39
1788846405|20260908134645|955.30
1788846415|20260908134655|954.96
1788846425|20260908134705|954.92
1788846435|20260908134715|954.67
1788846440|20260908134720|954.67
1788846445|20260908134725|954.78
1788846455|20260908134735|954.70
1788846460|20260908134740|954.65
1788846465|20260908134745|954.75
1788846470|20260908134750|954.73
1788846475|20260908134755|954.79
1788846480|20260908134800|954.76
1788846495|20260908134815|954.65
1788846500|20260908134820|954.65
1788846505|20260908134825|954.67
1788846520|20260908134840|955.03
1788846525|20260908134845|954.84
1788846535|20260908134855|954.73
1788846545|20260908134905|954.39
1788846550|20260908134910|954.53
1788846555|20260908134915|954.56
1788846600|20260908135000|954.79
1788846605|20260908135005|954.67
1788846610|20260908135010|954.73
1788846615|20260908135015|954.64
1788846620|20260908135020|954.56
1788846625|20260908135025|954.45
1788846635|20260908135035|954.45
1788846640|20260908135040|954.62
1788846645|20260908135045|954.56
1788846650|20260908135050|954.49
1788846665|20260908135105|954.21
1788846670|20260908135110|954.23
1788846675|20260908135115|954.26
1788846680|20260908135120|954.30
1788846695|20260908135135|954.25
1788846700|20260908135140|954.29
1788846710|20260908135150|954.25
1788846715|20260908135155|954.33
1788846725|20260908135205|954.18
1788846730|20260908135210|954.20
1788846740|20260908135220|954.13
1788846745|20260908135225|954.15
1788846760|20260908135240|954.34
1788846770|20260908135250|954.38
1788846775|20260908135255|954.26
1788846785|20260908135305|954.14
1788846790|20260908135310|954.14
1788846805|20260908135325|953.84
1788846815|20260908135335|953.92
1788846820|20260908135340|953.83
1788846830|20260908135350|953.77
1788846835|20260908135355|953.77
1788846845|20260908135405|953.90
1788846850|20260908135410|954.16
1788846855|20260908135415|954.10
1788846860|20260908135420|954.01
1788846865|20260908135425|953.95
1788846905|20260908135505|953.59
1788846910|20260908135510|953.66
1788846915|20260908135515|953.65
1788846920|20260908135520|953.63
1788846925|20260908135525|953.65
1788846935|20260908135535|953.44
1788846940|20260908135540|953.44
1788846945|20260908135545|953.34
1788846950|20260908135550|953.29
1788846960|20260908135600|953.22
1788846965|20260908135605|953.25
1788846985|20260908135625|953.19
1788847005|20260908135645|953.36
1788847010|20260908135650|953.42
1788847015|20260908135655|953.44
1788847020|20260908135700|953.62
1788847025|20260908135705|953.63
1788847045|20260908135725|953.55
1788847055|20260908135735|953.41
1788847060|20260908135740|953.43
1788847065|20260908135745|953.43
1788847085|20260908135805|953.60
1788847090|20260908135810|953.59
1788847095|20260908135815|953.52
1788847100|20260908135820|953.66
1788847105|20260908135825|953.57
1788847115|20260908135835|953.55
1788847120|20260908135840|953.63
1788847125|20260908135845|953.65
1788847130|20260908135850|953.62
1788847135|20260908135855|953.63
1788847140|20260908135900|953.62
1788847145|20260908135905|953.77
1788847155|20260908135915|953.80
1788847160|20260908135920|953.80
1788847165|20260908135925|953.79
1788847200|20260908140000|953.48
1788847205|20260908140005|953.58
1788847215|20260908140015|953.27
1788847225|20260908140025|953.23
1788847235|20260908140035|953.53
1788847250|20260908140050|953.52
1788847255|20260908140055|953.51
1788847260|20260908140100|953.41
1788847265|20260908140105|953.31
1788847280|20260908140120|953.23
1788847285|20260908140125|953.08
1788847305|20260908140145|953.06
1788847315|20260908140155|952.94
1788847325|20260908140205|952.58
1788847330|20260908140210|952.66
1788847340|20260908140220|952.67
1788847345|20260908140225|952.49
1788847355|20260908140235|952.27
1788847360|20260908140240|952.16
1788847375|20260908140255|952.53
1788847380|20260908140300|952.60
1788847385|20260908140305|952.62
1788847395|20260908140315|952.43
1788847400|20260908140320|952.52
1788847415|20260908140335|952.65
1788847420|20260908140340|952.49
1788847425|20260908140345|952.45
1788847430|20260908140350|952.41
1788847435|20260908140355|952.41
1788847445|20260908140405|952.46
1788847460|20260908140420|952.30
1788847465|20260908140425|952.31
1788847500|20260908140500|952.65
1788847510|20260908140510|952.21
1788847515|20260908140515|951.96
1788847520|20260908140520|951.85
1788847525|20260908140525|951.75
1788847535|20260908140535|951.97
1788847540|20260908140540|952.17
1788847545|20260908140545|952.19
1788847550|20260908140550|952.21
1788847565|20260908140605|952.30
1788847570|20260908140610|952.34
1788847575|20260908140615|952.35
1788847580|20260908140620|952.30
1788847585|20260908140625|952.21
1788847595|20260908140635|952.32
1788847600|20260908140640|952.38
1788847625|20260908140705|952.38
1788847630|20260908140710|952.42
1788847640|20260908140720|952.24
1788847655|20260908140735|952.48
1788847660|20260908140740|952.52
1788847665|20260908140745|952.42
1788847670|20260908140750|952.46
1788847685|20260908140805|952.47
1788847695|20260908140815|952.48
1788847700|20260908140820|952.50
1788847705|20260908140825|952.60
1788847715|20260908140835|952.54
1788847720|20260908140840|952.51
1788847725|20260908140845|952.44
1788847730|20260908140850|952.48
1788847735|20260908140855|952.42
1788847745|20260908140905|952.25
1788847750|20260908140910|952.29
1788847755|20260908140915|952.27
1788847760|20260908140920|952.25
1788847765|20260908140925|952.26
1788847800|20260908141000|952.26
1788847805|20260908141005|952.23
1788847815|20260908141015|951.97
1788847820|20260908141020|951.99
1788847825|20260908141025|951.83
1788847835|20260908141035|951.93
1788847845|20260908141045|951.94
1788847850|20260908141050|951.91
1788847860|20260908141100|951.97
1788847865|20260908141105|951.92
1788847870|20260908141110|951.93
1788847875|20260908141115|951.87
1788847880|20260908141120|951.83
1788847885|20260908141125|951.75
1788847895|20260908141135|951.73
1788847905|20260908141145|951.79
1788847910|20260908141150|951.82
1788847915|20260908141155|951.68
1788847925|20260908141205|951.86
1788847935|20260908141215|951.80
1788847940|20260908141220|951.63
1788847955|20260908141235|951.45
1788847960|20260908141240|951.45
1788847965|20260908141245|951.44
1788847970|20260908141250|951.50
1788847975|20260908141255|951.44
1788847985|20260908141305|951.24
1788847990|20260908141310|951.49
1788847995|20260908141315|951.54
1788848000|20260908141320|951.50
1788848015|20260908141335|951.76
1788848020|20260908141340|951.89
1788848025|20260908141345|951.86
1788848030|20260908141350|951.91
1788848035|20260908141355|951.84
1788848045|20260908141405|951.83
1788848050|20260908141410|951.86
1788848060|20260908141420|951.96
1788848065|20260908141425|951.96
1788848075|20260908141435|951.98
1788848105|20260908141505|951.74
1788848110|20260908141510|951.67
1788848115|20260908141515|951.62
1788848120|20260908141520|951.44
1788848125|20260908141525|951.44
1788848135|20260908141535|951.35
1788848140|20260908141540|951.36
1788848145|20260908141545|951.35
1788848165|20260908141605|951.03
1788848170|20260908141610|951.15
1788848175|20260908141615|951.15
1788848180|20260908141620|951.09
1788848185|20260908141625|950.96
1788848195|20260908141635|951.23
1788848200|20260908141640|951.32
1788848205|20260908141645|951.33
1788848210|20260908141650|951.02
1788848230|20260908141710|951.13
1788848235|20260908141715|951.08
1788848245|20260908141725|951.05
1788848255|20260908141735|951.18
1788848265|20260908141745|951.18
1788848275|20260908141755|951.15
1788848285|20260908141805|950.77
1788848290|20260908141810|950.85
1788848295|20260908141815|950.97
1788848315|20260908141835|950.93
1788848320|20260908141840|950.81
1788848325|20260908141845|950.66
1788848330|20260908141850|950.59
1788848335|20260908141855|950.59
1788848345|20260908141905|950.48
1788848350|20260908141910|950.51
1788848355|20260908141915|950.09
1788848360|20260908141920|950.11
1788848400|20260908142000|949.84
1788848410|20260908142010|949.91
1788848415|20260908142015|949.85
1788848420|20260908142020|949.98
1788848425|20260908142025|949.99
1788848430|20260908142030|950.12
1788848435|20260908142035|950.15
1788848440|20260908142040|950.18
1788848445|20260908142045|950.12
1788848455|20260908142055|950.27
1788848465|20260908142105|950.53
1788848475|20260908142115|950.43
1788848480|20260908142120|950.60
1788848485|20260908142125|950.60
1788848490|20260908142130|950.74
1788848495|20260908142135|950.79
1788848500|20260908142140|950.62
1788848505|20260908142145|950.68
1788848515|20260908142155|950.74
1788848525|20260908142205|950.69
1788848530|20260908142210|950.78
1788848535|20260908142215|950.69
1788848540|20260908142220|950.65
1788848545|20260908142225|950.31
1788848555|20260908142235|950.36
1788848560|20260908142240|950.42
1788848570|20260908142250|950.70
1788848575|20260908142255|950.66
1788848585|20260908142305|950.74
1788848595|20260908142315|950.58
1788848600|20260908142320|950.46
1788848605|20260908142325|950.37
1788848610|20260908142330|950.31
1788848615|20260908142335|950.14
1788848620|20260908142340|950.28
1788848625|20260908142345|950.25
1788848630|20260908142350|950.08
1788848635|20260908142355|950.04
1788848640|20260908142400|950.00
1788848645|20260908142405|950.02
1788848650|20260908142410|950.10
1788848655|20260908142415|950.15
1788848660|20260908142420|950.04
1788848665|20260908142425|949.96
1788848675|20260908142435|950.00
1788848690|20260908142450|950.22
1788848695|20260908142455|950.23
1788848705|20260908142505|950.18
1788848710|20260908142510|950.15
1788848715|20260908142515|950.26
1788848720|20260908142520|950.27
1788848725|20260908142525|950.24
1788848730|20260908142530|950.30
1788848740|20260908142540|950.34
1788848745|20260908142545|950.10
1788848750|20260908142550|950.08
1788848755|20260908142555|950.04
1788848760|20260908142600|950.12
1788848765|20260908142605|950.04
1788848770|20260908142610|949.96
1788848775|20260908142615|950.14
1788848780|20260908142620|950.22
1788848795|20260908142635|950.03
1788848805|20260908142645|949.87
1788848810|20260908142650|950.01
1788848815|20260908142655|950.05
1788848820|20260908142700|949.82
1788848830|20260908142710|949.92
1788848840|20260908142720|949.74
1788848845|20260908142725|949.74
1788848855|20260908142735|949.83
1788848860|20260908142740|949.70
1788848865|20260908142745|949.63
1788848870|20260908142750|949.65
1788848875|20260908142755|949.66
1788848885|20260908142805|949.55
1788848900|20260908142820|949.38
1788848905|20260908142825|949.51
1788848910|20260908142830|949.61
1788848915|20260908142835|949.64
1788848920|20260908142840|949.85
1788848925|20260908142845|949.70
1788848930|20260908142850|949.79
1788848935|20260908142855|949.66
1788848940|20260908142900|949.61
1788848945|20260908142905|949.64
1788848950|20260908142910|949.64
1788848955|20260908142915|949.64
1788848960|20260908142920|949.73
1788848965|20260908142925|949.82
1788848975|20260908142935|949.98
1788848990|20260908142950|949.65
1788848995|20260908142955|949.59
1788849000|20260908143000|949.46
1788849005|20260908143005|949.46
1788849010|20260908143010|949.43
1788849015|20260908143015|949.53
1788849020|20260908143020|949.79
1788849025|20260908143025|949.76
1788849040|20260908143040|949.75
1788849045|20260908143045|949.85
1788849055|20260908143055|949.62
1788849065|20260908143105|949.40
1788849070|20260908143110|949.43
1788849075|20260908143115|949.29
1788849080|20260908143120|949.23
1788849085|20260908143125|949.35
1788849095|20260908143135|949.46
1788849100|20260908143140|949.54
1788849105|20260908143145|949.60
1788849110|20260908143150|949.62
1788849115|20260908143155|949.60
1788849125|20260908143205|949.72
1788849130|20260908143210|949.79
1788849135|20260908143215|949.80
1788849140|20260908143220|950.08
1788849145|20260908143225|949.93
1788849155|20260908143235|950.04
1788849160|20260908143240|950.01
1788849175|20260908143255|949.94
1788849185|20260908143305|949.91
1788849190|20260908143310|949.91
1788849195|20260908143315|949.78
1788849200|20260908143320|949.71
1788849205|20260908143325|949.84
1788849220|20260908143340|949.86
1788849225|20260908143345|949.89
1788849230|20260908143350|949.87
1788849250|20260908143410|949.87
1788849255|20260908143415|950.00
1788849260|20260908143420|950.01
1788849265|20260908143425|949.80
1788849305|20260908143505|950.06
1788849310|20260908143510|949.98
1788849315|20260908143515|949.84
1788849320|20260908143520|949.72
1788849325|20260908143525|949.87
1788849340|20260908143540|949.73
1788849365|20260908143605|949.79
1788849370|20260908143610|949.76
1788849385|20260908143625|949.88
1788849395|20260908143635|949.50
1788849400|20260908143640|949.45
1788849415|20260908143655|949.38
1788849425|20260908143705|949.35
1788849430|20260908143710|949.25
1788849435|20260908143715|949.28
1788849440|20260908143720|949.26
1788849445|20260908143725|949.13
1788849460|20260908143740|949.52
1788849465|20260908143745|949.45
1788849470|20260908143750|949.45
1788849475|20260908143755|949.54
1788849485|20260908143805|949.88
1788849490|20260908143810|949.84
1788849495|20260908143815|950.20
1788849500|20260908143820|950.19
1788849505|20260908143825|950.07
1788849515|20260908143835|950.19
1788849520|20260908143840|950.25
1788849525|20260908143845|950.21
1788849545|20260908143905|950.07
1788849555|20260908143915|950.17
1788849560|20260908143920|950.07
1788849565|20260908143925|950.24
1788849600|20260908144000|950.26
1788849605|20260908144005|950.36
1788849610|20260908144010|950.40
1788849615|20260908144015|950.56
1788849620|20260908144020|950.56
1788849625|20260908144025|950.57
1788849635|20260908144035|950.63
1788849640|20260908144040|950.59
1788849645|20260908144045|950.77
1788849650|20260908144050|950.77
1788849655|20260908144055|950.74
1788849665|20260908144105|950.69
1788849670|20260908144110|950.51
1788849675|20260908144115|950.52
1788849685|20260908144125|950.60
1788849700|20260908144140|950.53
1788849705|20260908144145|950.51
1788849710|20260908144150|950.65
1788849725|20260908144205|950.59
1788849735|20260908144215|950.51
1788849740|20260908144220|950.59
1788849745|20260908144225|950.66
1788849755|20260908144235|950.53
1788849760|20260908144240|950.65
1788849765|20260908144245|950.63
1788849770|20260908144250|950.68
1788849775|20260908144255|950.67
1788849785|20260908144305|950.64
1788849795|20260908144315|950.60
1788849800|20260908144320|950.62
1788849805|20260908144325|950.56
1788849815|20260908144335|950.60
1788849825|20260908144345|950.66
1788849830|20260908144350|950.63
1788849835|20260908144355|950.72
1788849845|20260908144405|951.06
1788849850|20260908144410|951.06
1788849860|20260908144420|951.15
1788849880|20260908144440|951.15
1788849905|20260908144505|951.04
1788849910|20260908144510|951.06
1788849915|20260908144515|951.06
1788849925|20260908144525|951.07
1788849935|20260908144535|951.06
1788849940|20260908144540|950.89
1788849945|20260908144545|950.82
1788849950|20260908144550|950.79
1788849955|20260908144555|950.69
1788849965|20260908144605|950.75
1788849970|20260908144610|950.75
1788849980|20260908144620|950.79
1788849985|20260908144625|950.81
1788849995|20260908144635|950.94
1788850000|20260908144640|950.94
1788850005|20260908144645|950.98
1788850010|20260908144650|950.96
1788850015|20260908144655|951.00
1788850025|20260908144705|951.14
1788850030|20260908144710|951.14
1788850035|20260908144715|951.05
1788850040|20260908144720|951.01
1788850055|20260908144735|951.00
1788850060|20260908144740|951.03
1788850065|20260908144745|950.83
1788850070|20260908144750|950.82
1788850075|20260908144755|950.71
1788850090|20260908144810|950.82
1788850095|20260908144815|950.82
1788850100|20260908144820|950.84
1788850105|20260908144825|950.98
1788850115|20260908144835|951.00
1788850120|20260908144840|951.07
1788850125|20260908144845|950.92
1788850130|20260908144850|950.95
1788850145|20260908144905|950.97
1788850150|20260908144910|950.88
1788850155|20260908144915|950.92
1788850160|20260908144920|950.98
1788850165|20260908144925|951.06
1788850205|20260908145005|951.01
1788850210|20260908145010|950.99
1788850215|20260908145015|951.01
1788850220|20260908145020|951.00
1788850225|20260908145025|951.05
1788850235|20260908145035|951.18
1788850240|20260908145040|951.21
1788850245|20260908145045|951.20
1788850250|20260908145050|951.15
1788850255|20260908145055|951.22
1788850265|20260908145105|951.34
1788850275|20260908145115|951.27
1788850280|20260908145120|951.26
1788850285|20260908145125|951.31
1788850295|20260908145135|951.06
1788850300|20260908145140|951.09
1788850305|20260908145145|950.82
1788850310|20260908145150|950.83
1788850315|20260908145155|950.76
1788850325|20260908145205|950.75
1788850330|20260908145210|950.73
1788850335|20260908145215|950.75
1788850340|20260908145220|950.74
1788850345|20260908145225|950.71
1788850355|20260908145235|950.73
1788850360|20260908145240|950.81
1788850365|20260908145245|950.82
1788850375|20260908145255|950.87
1788850385|20260908145305|950.85
1788850390|20260908145310|950.78
1788850395|20260908145315|950.66
1788850400|20260908145320|950.61
1788850405|20260908145325|950.55
1788850420|20260908145340|950.38
1788850425|20260908145345|950.22
1788850435|20260908145355|950.27
1788850445|20260908145405|950.23
1788850450|20260908145410|950.34
1788850455|20260908145415|950.34
1788850460|20260908145420|950.44
1788850465|20260908145425|950.54
1788850475|20260908145435|950.52
1788850495|20260908145455|950.40
1788850505|20260908145505|950.37
1788850510|20260908145510|950.31
1788850515|20260908145515|950.47
1788850520|20260908145520|950.51
1788850525|20260908145525|950.38
1788850535|20260908145535|950.40
1788850540|20260908145540|950.38
1788850545|20260908145545|950.32
1788850550|20260908145550|950.44
1788850555|20260908145555|950.43
1788850565|20260908145605|950.38
1788850570|20260908145610|950.33
1788850575|20260908145615|950.29
1788850580|20260908145620|950.33
1788850585|20260908145625|950.39
1788850600|20260908145640|950.31
1788850605|20260908145645|950.29
1788850610|20260908145650|950.23
1788850615|20260908145655|950.16
1788850625|20260908145705|950.17
1788850630|20260908145710|950.17
1788850635|20260908145715|950.25
1788850640|20260908145720|950.19
1788850645|20260908145725|950.26
1788850655|20260908145735|950.28
1788850660|20260908145740|950.24
1788850665|20260908145745|950.26
1788850670|20260908145750|950.20
1788850675|20260908145755|950.32
1788850690|20260908145810|950.24
1788850695|20260908145815|950.17
1788850700|20260908145820|950.27
1788850705|20260908145825|950.35
1788850715|20260908145835|950.39
1788850720|20260908145840|950.41
1788850725|20260908145845|950.34
1788850730|20260908145850|950.32
1788850735|20260908145855|950.27
1788850745|20260908145905|950.27
1788850750|20260908145910|950.20
1788850755|20260908145915|950.16
1788850760|20260908145920|950.20
1788850765|20260908145925|950.29
1788850805|20260908150005|950.11
1788850810|20260908150010|950.01
1788850815|20260908150015|950.02
1788850820|20260908150020|950.17
1788850825|20260908150025|949.99
1788850835|20260908150035|950.26
1788850845|20260908150045|949.96
1788850855|20260908150055|950.05
1788850865|20260908150105|949.98
1788850880|20260908150120|950.03
1788850885|20260908150125|949.99
1788850895|20260908150135|950.01
1788850900|20260908150140|950.04
1788850905|20260908150145|950.29
1788850910|20260908150150|950.36
1788850915|20260908150155|950.50
1788850925|20260908150205|950.75
1788850930|20260908150210|950.73
1788850935|20260908150215|950.67
1788850940|20260908150220|950.56
1788850945|20260908150225|950.60
1788850955|20260908150235|950.44
1788850960|20260908150240|950.49
1788850965|20260908150245|950.43
1788850970|20260908150250|950.35
1788850975|20260908150255|950.38
1788850985|20260908150305|950.35
1788850990|20260908150310|950.33
1788851000|20260908150320|950.59
1788851020|20260908150340|950.40
1788851025|20260908150345|950.49
1788851030|20260908150350|950.46
1788851035|20260908150355|950.46
1788851045|20260908150405|950.88
1788851050|20260908150410|950.88
1788851055|20260908150415|951.00
1788851060|20260908150420|951.05
1788851065|20260908150425|950.93
1788851095|20260908150455|951.20
1788851110|20260908150510|951.28
1788851115|20260908150515|951.27
1788851120|20260908150520|951.23
1788851140|20260908150540|951.12
1788851145|20260908150545|951.06
1788851150|20260908150550|951.17
1788851165|20260908150605|951.26
1788851170|20260908150610|951.27
1788851175|20260908150615|951.22
1788851185|20260908150625|951.28
1788851195|20260908150635|951.35
1788851200|20260908150640|951.36
1788851205|20260908150645|951.28
1788851210|20260908150650|951.19
1788851215|20260908150655|951.24
1788851235|20260908150715|951.24
1788851240|20260908150720|950.98
1788851245|20260908150725|950.87
1788851255|20260908150735|950.88
1788851265|20260908150745|950.97
1788851285|20260908150805|950.92
1788851290|20260908150810|950.92
1788851295|20260908150815|951.05
1788851305|20260908150825|950.95
1788851310|20260908150830|950.84
1788851315|20260908150835|950.92
1788851320|20260908150840|951.04
1788851325|20260908150845|951.05
1788851330|20260908150850|951.09
1788851335|20260908150855|951.08
1788851340|20260908150900|951.08
1788851345|20260908150905|951.05
1788851350|20260908150910|951.03
1788851355|20260908150915|951.08
1788851360|20260908150920|951.10
1788851365|20260908150925|950.99
1788851380|20260908150940|951.12
1788851405|20260908151005|950.95
1788851410|20260908151010|950.94
1788851415|20260908151015|950.94
1788851420|20260908151020|950.94
1788851425|20260908151025|950.93
1788851435|20260908151035|950.93
1788851440|20260908151040|950.87
1788851445|20260908151045|950.80
1788851450|20260908151050|950.80
1788851460|20260908151100|950.81
1788851470|20260908151110|950.83
1788851475|20260908151115|950.80
1788851480|20260908151120|950.78
1788851485|20260908151125|950.78
1788851500|20260908151140|950.79
1788851505|20260908151145|950.83
1788851510|20260908151150|950.82
1788851515|20260908151155|950.84
1788851525|20260908151205|950.77
1788851530|20260908151210|950.71
1788851535|20260908151215|950.80
1788851540|20260908151220|950.63
1788851545|20260908151225|950.73
1788851555|20260908151235|950.68
1788851560|20260908151240|950.69
1788851565|20260908151245|950.69
1788851570|20260908151250|950.54
1788851575|20260908151255|950.60
1788851585|20260908151305|950.67
1788851590|20260908151310|950.55
1788851600|20260908151320|950.65
1788851620|20260908151340|950.77
1788851625|20260908151345|950.72
1788851630|20260908151350|950.63
1788851645|20260908151405|950.41
1788851650|20260908151410|950.52
1788851655|20260908151415|950.11
1788851660|20260908151420|950.18
1788851665|20260908151425|950.04
1788851695|20260908151455|950.31
1788851700|20260908151500|950.34
1788851705|20260908151505|949.95
1788851710|20260908151510|949.96
1788851715|20260908151515|949.87
1788851720|20260908151520|950.01
1788851725|20260908151525|949.99
1788851735|20260908151535|950.03
1788851740|20260908151540|950.04
1788851750|20260908151550|949.95
1788851755|20260908151555|949.86
1788851765|20260908151605|949.97
1788851770|20260908151610|949.97
1788851775|20260908151615|949.82
1788851780|20260908151620|949.85
1788851785|20260908151625|949.82
1788851795|20260908151635|949.80
1788851800|20260908151640|949.87
1788851805|20260908151645|949.87
1788851815|20260908151655|949.92
1788851825|20260908151705|949.90
1788851830|20260908151710|949.75
1788851835|20260908151715|949.82
1788851840|20260908151720|949.85
1788851845|20260908151725|949.94
1788851855|20260908151735|949.88
1788851860|20260908151740|949.83
1788851865|20260908151745|949.91
1788851870|20260908151750|949.94
1788851890|20260908151810|949.83
1788851895|20260908151815|949.85
1788851900|20260908151820|949.82
1788851905|20260908151825|949.72
1788851915|20260908151835|949.68
1788851925|20260908151845|949.80
1788851930|20260908151850|949.75
1788851935|20260908151855|949.75
1788851945|20260908151905|949.72
1788851950|20260908151910|949.64
1788851955|20260908151915|949.68
1788851960|20260908151920|949.61
1788851965|20260908151925|949.62
1788852005|20260908152005|950.13
1788852010|20260908152010|949.99
1788852015|20260908152015|950.07
1788852020|20260908152020|950.20
1788852025|20260908152025|950.02
1788852040|20260908152040|950.02
1788852045|20260908152045|950.02
1788852050|20260908152050|950.03
1788852055|20260908152055|950.06
1788852065|20260908152105|950.26
1788852070|20260908152110|950.24
1788852075|20260908152115|950.17
1788852080|20260908152120|950.20
1788852095|20260908152135|950.20
1788852100|20260908152140|950.21
1788852105|20260908152145|950.21
1788852110|20260908152150|950.19
1788852125|20260908152205|949.89
1788852130|20260908152210|949.99
1788852135|20260908152215|950.13
1788852140|20260908152220|950.13
1788852145|20260908152225|950.07
1788852155|20260908152235|949.89
1788852165|20260908152245|949.81
1788852170|20260908152250|949.79
1788852185|20260908152305|949.80
1788852190|20260908152310|949.77
1788852195|20260908152315|949.75
1788852200|20260908152320|949.77
1788852205|20260908152325|949.50
1788852215|20260908152335|949.70
1788852220|20260908152340|949.68
1788852225|20260908152345|949.69
1788852235|20260908152355|949.81
1788852245|20260908152405|949.79
1788852255|20260908152415|949.97
1788852265|20260908152425|949.97
1788852290|20260908152450|949.85
1788852295|20260908152455|949.88
1788852305|20260908152505|949.88
1788852310|20260908152510|949.80
1788852315|20260908152515|949.66
1788852320|20260908152520|949.72
1788852335|20260908152535|949.90
1788852340|20260908152540|949.78
1788852355|20260908152555|949.88
1788852370|20260908152610|949.83
1788852375|20260908152615|949.78
1788852380|20260908152620|949.94
1788852385|20260908152625|950.01
1788852395|20260908152635|949.91
1788852400|20260908152640|949.94
1788852405|20260908152645|949.98
1788852415|20260908152655|949.98
1788852425|20260908152705|950.07
1788852430|20260908152710|950.24
1788852435|20260908152715|950.26
1788852440|20260908152720|950.28
1788852445|20260908152725|950.33
1788852460|20260908152740|950.09
1788852465|20260908152745|950.10
1788852470|20260908152750|950.11
1788852475|20260908152755|950.17
1788852485|20260908152805|950.02
1788852490|20260908152810|949.96
1788852495|20260908152815|949.93
1788852500|20260908152820|950.06
1788852515|20260908152835|949.94
1788852520|20260908152840|949.96
1788852525|20260908152845|949.99
1788852545|20260908152905|950.07
1788852550|20260908152910|949.97
1788852555|20260908152915|949.98
1788852560|20260908152920|949.99
1788852565|20260908152925|949.98
1788852575|20260908152935|949.84
1788852590|20260908152950|949.76
1788852605|20260908153005|949.82
1788852610|20260908153010|949.89
1788852615|20260908153015|949.84
1788852620|20260908153020|949.78
1788852625|20260908153025|949.80
1788852640|20260908153040|949.89
1788852645|20260908153045|949.96
1788852650|20260908153050|950.06
1788852655|20260908153055|949.93
1788852665|20260908153105|949.97
1788852670|20260908153110|949.94
1788852675|20260908153115|950.03
1788852685|20260908153125|950.12
1788852695|20260908153135|950.08
1788852700|20260908153140|950.09
1788852705|20260908153145|950.14
1788852710|20260908153150|950.24
1788852715|20260908153155|950.33
1788852725|20260908153205|950.30
1788852730|20260908153210|950.42
1788852735|20260908153215|950.45
1788852740|20260908153220|950.47
1788852745|20260908153225|950.38
1788852755|20260908153235|950.40
1788852760|20260908153240|950.49
1788852765|20260908153245|950.57
1788852770|20260908153250|950.52
1788852775|20260908153255|950.38
1788852780|20260908153300|950.42
1788852785|20260908153305|950.45
1788852795|20260908153315|950.39
1788852800|20260908153320|950.40
1788852805|20260908153325|950.38
1788852815|20260908153335|950.39
1788852820|20260908153340|950.41
1788852825|20260908153345|950.15
1788852830|20260908153350|949.96
1788852835|20260908153355|949.81
1788852845|20260908153405|949.40
1788852850|20260908153410|949.37
1788852855|20260908153415|949.33
1788852860|20260908153420|949.36
1788852865|20260908153425|949.33
1788852900|20260908153500|949.00
1788852905|20260908153505|948.89
1788852910|20260908153510|948.83
1788852915|20260908153515|948.89
1788852920|20260908153520|948.91
1788852925|20260908153525|948.97
1788852935|20260908153535|949.22
1788852940|20260908153540|949.19
1788852950|20260908153550|949.17
1788852955|20260908153555|949.08
1788852965|20260908153605|949.05
1788852970|20260908153610|949.10
1788852975|20260908153615|949.09
1788852980|20260908153620|949.10
1788852985|20260908153625|949.15
1788852995|20260908153635|949.17
1788853000|20260908153640|949.02
1788853005|20260908153645|949.04
1788853010|20260908153650|949.08
1788853025|20260908153705|949.06
1788853030|20260908153710|949.08
1788853035|20260908153715|949.03
1788853040|20260908153720|949.05
1788853045|20260908153725|949.14
1788853055|20260908153735|949.05
1788853060|20260908153740|948.81
1788853065|20260908153745|948.58
1788853070|20260908153750|948.52
1788853085|20260908153805|948.89
1788853090|20260908153810|948.90
1788853095|20260908153815|948.88
1788853100|20260908153820|948.82
1788853105|20260908153825|948.82
1788853115|20260908153835|948.71
1788853120|20260908153840|948.61
1788853125|20260908153845|948.60
1788853135|20260908153855|948.37
1788853145|20260908153905|948.32
1788853150|20260908153910|948.29
1788853155|20260908153915|948.24
1788853160|20260908153920|948.26
1788853165|20260908153925|948.14
1788853200|20260908154000|947.91
1788853205|20260908154005|948.15
1788853210|20260908154010|948.22
1788853215|20260908154015|948.20
1788853220|20260908154020|948.20
1788853235|20260908154035|948.28
1788853245|20260908154045|948.50
1788853250|20260908154050|948.51
1788853255|20260908154055|948.63
1788853265|20260908154105|948.54
1788853270|20260908154110|948.60
1788853275|20260908154115|948.65
1788853280|20260908154120|948.73
1788853295|20260908154135|948.79
1788853300|20260908154140|948.80
1788853305|20260908154145|948.74
1788853310|20260908154150|948.42
1788853325|20260908154205|948.26
1788853335|20260908154215|947.82
1788853340|20260908154220|947.79
1788853345|20260908154225|947.72
1788853375|20260908154255|947.88
1788853385|20260908154305|947.81
1788853390|20260908154310|947.95
1788853395|20260908154315|948.02
1788853400|20260908154320|948.03
1788853405|20260908154325|948.06
1788853415|20260908154335|948.15
1788853420|20260908154340|948.35
1788853425|20260908154345|948.32
1788853430|20260908154350|948.41
1788853435|20260908154355|948.39
1788853450|20260908154410|948.28
1788853455|20260908154415|948.29
1788853460|20260908154420|948.31
1788853465|20260908154425|948.31
1788853505|20260908154505|948.53
1788853510|20260908154510|948.33
1788853515|20260908154515|948.44
1788853520|20260908154520|948.47
1788853525|20260908154525|948.43
1788853535|20260908154535|948.46
1788853540|20260908154540|948.43
1788853545|20260908154545|948.55
1788853550|20260908154550|948.58
1788853570|20260908154610|948.83
1788853575|20260908154615|948.80
1788853580|20260908154620|948.76
1788853585|20260908154625|948.84
1788853595|20260908154635|948.84
1788853600|20260908154640|948.84
1788853605|20260908154645|948.81
1788853610|20260908154650|948.88
1788853615|20260908154655|948.65
1788853625|20260908154705|948.67
1788853630|20260908154710|948.67
1788853635|20260908154715|948.70
1788853640|20260908154720|948.73
1788853645|20260908154725|948.63
1788853655|20260908154735|948.61
1788853660|20260908154740|948.51
1788853665|20260908154745|948.56
1788853670|20260908154750|948.57
1788853685|20260908154805|948.54
1788853695|20260908154815|948.47
1788853700|20260908154820|948.52
1788853705|20260908154825|948.64
1788853715|20260908154835|948.58
1788853720|20260908154840|948.48
1788853745|20260908154905|948.55
1788853750|20260908154910|948.55
1788853760|20260908154920|948.36
1788853765|20260908154925|948.25
1788853780|20260908154940|948.27
1788853805|20260908155005|948.06
1788853820|20260908155020|947.87
1788853825|20260908155025|948.00
1788853835|20260908155035|947.86
1788853845|20260908155045|947.72
1788853855|20260908155055|947.79
1788853865|20260908155105|947.78
1788853870|20260908155110|947.75
1788853875|20260908155115|947.81
1788853880|20260908155120|947.86
1788853885|20260908155125|947.80
1788853900|20260908155140|947.68
1788853905|20260908155145|947.65
1788853910|20260908155150|947.58
1788853925|20260908155205|947.59
1788853930|20260908155210|947.64
1788853935|20260908155215|947.58
1788853945|20260908155225|947.50
1788853955|20260908155235|947.55
1788853960|20260908155240|947.64
1788853965|20260908155245|947.75
1788853975|20260908155255|947.70
1788853985|20260908155305|947.76
1788853990|20260908155310|947.66
1788853995|20260908155315|947.87
1788854000|20260908155320|947.72
1788854005|20260908155325|947.68
1788854015|20260908155335|947.84
1788854020|20260908155340|947.83
1788854025|20260908155345|947.84
1788854030|20260908155350|947.84
1788854035|20260908155355|947.73
1788854045|20260908155405|947.70
1788854050|20260908155410|947.82
1788854060|20260908155420|947.83
1788854065|20260908155425|947.66
1788854110|20260908155510|947.57
1788854115|20260908155515|947.55
1788854120|20260908155520|947.55
1788854125|20260908155525|947.60
1788854135|20260908155535|947.71
1788854140|20260908155540|947.81
1788854145|20260908155545|947.86
1788854150|20260908155550|947.96
1788854170|20260908155610|947.82
1788854175|20260908155615|947.86
1788854180|20260908155620|947.86
1788854185|20260908155625|947.84
1788854195|20260908155635|947.81
1788854200|20260908155640|947.86
1788854205|20260908155645|947.89
1788854210|20260908155650|947.84
1788854215|20260908155655|947.90
1788854225|20260908155705|947.92
1788854230|20260908155710|947.68
1788854235|20260908155715|947.72
1788854240|20260908155720|947.38
1788854245|20260908155725|947.33
1788854255|20260908155735|947.29
1788854260|20260908155740|947.29
1788854265|20260908155745|947.40
1788854285|20260908155805|947.39
1788854290|20260908155810|947.36
1788854295|20260908155815|947.42
1788854300|20260908155820|947.40
1788854305|20260908155825|947.42
1788854315|20260908155835|947.53
1788854320|20260908155840|947.53
1788854325|20260908155845|947.51
1788854330|20260908155850|947.49
1788854335|20260908155855|947.49
1788854345|20260908155905|947.61
1788854350|20260908155910|947.65
1788854355|20260908155915|947.70
1788854360|20260908155920|947.73
1788854365|20260908155925|947.73
1788854410|20260908160010|947.55
1788854415|20260908160015|947.52
1788854420|20260908160020|947.40
1788854425|20260908160025|947.79
1788854435|20260908160035|947.63
1788854440|20260908160040|947.69
1788854445|20260908160045|947.72
1788854450|20260908160050|947.59
1788854455|20260908160055|947.69
1788854460|20260908160100|947.55
1788854465|20260908160105|947.43
1788854475|20260908160115|947.22
1788854485|20260908160125|947.22
1788854495|20260908160135|947.14
1788854500|20260908160140|947.36
1788854505|20260908160145|947.44
1788854510|20260908160150|947.30
1788854515|20260908160155|947.30
1788854520|20260908160200|947.24
1788854525|20260908160205|947.24
1788854530|20260908160210|947.22
1788854535|20260908160215|947.17
1788854540|20260908160220|946.96
1788854545|20260908160225|946.96
1788854555|20260908160235|947.13
1788854560|20260908160240|947.16
1788854565|20260908160245|947.09
1788854570|20260908160250|947.00
1788854585|20260908160305|947.08
1788854590|20260908160310|947.07
1788854595|20260908160315|947.09
1788854600|20260908160320|947.16
1788854605|20260908160325|947.16
1788854615|20260908160335|947.25
1788854625|20260908160345|947.30
1788854630|20260908160350|947.39
1788854645|20260908160405|947.21
1788854650|20260908160410|947.02
1788854660|20260908160420|947.03
1788854665|20260908160425|947.17
1788854705|20260908160505|947.41
1788854710|20260908160510|947.33
1788854715|20260908160515|947.28
1788854720|20260908160520|947.31
1788854725|20260908160525|947.30
1788854735|20260908160535|947.54
1788854745|20260908160545|947.63
1788854750|20260908160550|947.75
1788854755|20260908160555|947.79
1788854765|20260908160605|947.74
1788854770|20260908160610|947.85
1788854775|20260908160615|948.01
1788854780|20260908160620|948.09
1788854785|20260908160625|947.95
1788854795|20260908160635|947.98
1788854800|20260908160640|948.19
1788854805|20260908160645|948.15
1788854810|20260908160650|948.18
1788854815|20260908160655|948.13
1788854825|20260908160705|948.30
1788854830|20260908160710|948.44
1788854835|20260908160715|948.38
1788854840|20260908160720|948.21
1788854855|20260908160735|947.92
1788854860|20260908160740|948.00
1788854865|20260908160745|947.96
1788854870|20260908160750|947.93
1788854875|20260908160755|947.87
1788854880|20260908160800|947.96
1788854890|20260908160810|948.05
1788854895|20260908160815|947.95
1788854900|20260908160820|947.63
1788854915|20260908160835|947.24
1788854920|20260908160840|947.21
1788854925|20260908160845|947.32
1788854930|20260908160850|947.17
1788854935|20260908160855|947.26
1788854940|20260908160900|947.38
1788854945|20260908160905|947.39
1788854950|20260908160910|947.39
1788854955|20260908160915|947.37
1788854960|20260908160920|947.39
1788854965|20260908160925|947.24
1788855005|20260908161005|946.73
1788855010|20260908161010|946.96
1788855015|20260908161015|946.88
1788855020|20260908161020|946.91
1788855025|20260908161025|946.99
1788855035|20260908161035|947.04
1788855045|20260908161045|947.02
1788855050|20260908161050|947.04
1788855055|20260908161055|946.97
1788855070|20260908161110|947.15
1788855080|20260908161120|947.30
1788855085|20260908161125|947.24
1788855095|20260908161135|947.23
1788855100|20260908161140|947.22
1788855105|20260908161145|947.23
1788855110|20260908161150|947.12
1788855125|20260908161205|947.12
1788855130|20260908161210|947.16
1788855140|20260908161220|947.19
1788855145|20260908161225|947.37
1788855150|20260908161230|947.53
1788855155|20260908161235|947.56
1788855160|20260908161240|947.66
1788855165|20260908161245|947.62
1788855170|20260908161250|947.69
1788855175|20260908161255|947.76
1788855185|20260908161305|947.72
1788855195|20260908161315|947.62
1788855200|20260908161320|947.65
1788855205|20260908161325|947.66
1788855215|20260908161335|947.58
1788855220|20260908161340|947.51
1788855225|20260908161345|947.42
1788855230|20260908161350|947.31
1788855235|20260908161355|947.25
1788855240|20260908161400|947.26
1788855245|20260908161405|947.24
1788855255|20260908161415|947.13
1788855265|20260908161425|947.15
1788855280|20260908161440|947.29
1788855295|20260908161455|947.24
1788855300|20260908161500|947.29
1788855305|20260908161505|947.28
1788855310|20260908161510|947.29
1788855315|20260908161515|947.35
1788855320|20260908161520|947.40
1788855325|20260908161525|947.38
1788855335|20260908161535|947.45
1788855340|20260908161540|947.58
1788855345|20260908161545|947.56
1788855350|20260908161550|947.55
1788855365|20260908161605|947.52
1788855370|20260908161610|947.65
1788855375|20260908161615|947.66
1788855380|20260908161620|947.61
1788855395|20260908161635|947.63
1788855405|20260908161645|947.56
1788855410|20260908161650|947.42
1788855415|20260908161655|947.46
1788855425|20260908161705|947.33
1788855430|20260908161710|947.33
1788855435|20260908161715|947.34
1788855440|20260908161720|947.31
1788855445|20260908161725|947.29
1788855455|20260908161735|947.50
1788855460|20260908161740|947.53
1788855465|20260908161745|947.44
1788855470|20260908161750|947.40
1788855475|20260908161755|947.59
1788855490|20260908161810|947.74
1788855500|20260908161820|947.64
1788855505|20260908161825|947.72
1788855520|20260908161840|947.67
1788855525|20260908161845|947.66
1788855535|20260908161855|947.52
1788855550|20260908161910|947.48
1788855555|20260908161915|947.54
1788855560|20260908161920|947.61
1788855565|20260908161925|947.83
1788855605|20260908162005|947.95
1788855610|20260908162010|947.82
1788855615|20260908162015|947.83
1788855620|20260908162020|947.77
1788855625|20260908162025|947.71
1788855640|20260908162040|947.66
1788855645|20260908162045|947.58
1788855650|20260908162050|947.65
1788855655|20260908162055|947.66
1788855670|20260908162110|947.46
1788855675|20260908162115|947.41
1788855680|20260908162120|947.47
1788855695|20260908162135|947.41
1788855700|20260908162140|947.20
1788855705|20260908162145|947.23
1788855710|20260908162150|947.27
1788855715|20260908162155|947.23
1788855725|20260908162205|947.25
1788855735|20260908162215|947.26
1788855740|20260908162220|947.40
1788855745|20260908162225|947.43
1788855760|20260908162240|947.35
1788855765|20260908162245|947.32
1788855775|20260908162255|947.52
1788855785|20260908162305|947.56
1788855790|20260908162310|947.57
1788855795|20260908162315|947.55
1788855800|20260908162320|947.44
1788855805|20260908162325|947.41
1788855815|20260908162335|947.58
1788855820|20260908162340|947.60
1788855825|20260908162345|947.58
1788855830|20260908162350|947.53
1788855835|20260908162355|947.63
1788855845|20260908162405|947.63
1788855850|20260908162410|947.63
1788855855|20260908162415|947.64
1788855860|20260908162420|948.05
1788855865|20260908162425|948.02
1788855870|20260908162430|947.92
1788855895|20260908162455|948.09
1788855900|20260908162500|948.13
1788855905|20260908162505|948.23
1788855910|20260908162510|948.19
1788855915|20260908162515|948.25
1788855920|20260908162520|948.27
1788855925|20260908162525|948.31
1788855930|20260908162530|948.33
1788855935|20260908162535|948.36
1788855940|20260908162540|948.37
1788855945|20260908162545|948.49
1788855950|20260908162550|948.48
1788855955|20260908162555|948.51
1788855960|20260908162600|948.53
1788855965|20260908162605|948.47
1788855970|20260908162610|948.44
1788855975|20260908162615|948.43
1788855980|20260908162620|948.32
1788855985|20260908162625|948.23
1788855990|20260908162630|948.35
1788855995|20260908162635|948.35
1788856000|20260908162640|948.39
1788856005|20260908162645|948.39
1788856010|20260908162650|948.41
1788856015|20260908162655|948.40
1788856025|20260908162705|948.35
1788856030|20260908162710|948.46
1788856035|20260908162715|948.42
1788856040|20260908162720|948.48
1788856045|20260908162725|948.46
1788856055|20260908162735|948.37
1788856060|20260908162740|948.36
1788856065|20260908162745|948.38
1788856070|20260908162750|948.37
1788856075|20260908162755|948.35
1788856080|20260908162800|948.27
1788856085|20260908162805|948.29
1788856090|20260908162810|948.32
1788856095|20260908162815|948.24
1788856100|20260908162820|948.36
1788856105|20260908162825|948.31
1788856110|20260908162830|948.29
1788856115|20260908162835|948.23
1788856120|20260908162840|948.18
1788856125|20260908162845|948.39
1788856130|20260908162850|948.33
1788856135|20260908162855|948.33
1788856140|20260908162900|948.39
1788856145|20260908162905|948.30
1788856155|20260908162915|948.24
1788856160|20260908162920|948.24
1788856165|20260908162925|948.26
1788856180|20260908162940|948.18
1788856200|20260908163000|948.21
1788856205|20260908163005|948.02
1788856210|20260908163010|948.04
1788856220|20260908163020|948.04
1788856225|20260908163025|948.09
1788856235|20260908163035|948.19
1788856240|20260908163040|948.13
1788856245|20260908163045|947.90
1788856250|20260908163050|947.98
1788856255|20260908163055|948.02
1788856265|20260908163105|948.48
1788856270|20260908163110|948.35
1788856275|20260908163115|948.28
1788856280|20260908163120|948.21
1788856285|20260908163125|948.05
1788856295|20260908163135|948.25
1788856300|20260908163140|948.27
1788856305|20260908163145|947.97
1788856310|20260908163150|947.96
1788856315|20260908163155|948.07
1788856325|20260908163205|948.32
1788856330|20260908163210|948.48
1788856335|20260908163215|948.36
1788856340|20260908163220|948.30
1788856345|20260908163225|948.31
1788856355|20260908163235|948.38
1788856360|20260908163240|948.34
1788856365|20260908163245|948.52
1788856370|20260908163250|948.57
1788856375|20260908163255|948.57
1788856385|20260908163305|948.41
1788856395|20260908163315|948.43
1788856400|20260908163320|948.46
1788856405|20260908163325|948.54
1788856415|20260908163335|948.73
1788856420|20260908163340|948.70
1788856435|20260908163355|948.71
1788856445|20260908163405|948.62
1788856450|20260908163410|948.65
1788856455|20260908163415|948.57
1788856460|20260908163420|948.59
1788856465|20260908163425|948.58
1788856505|20260908163505|948.95
1788856510|20260908163510|948.94
1788856520|20260908163520|948.70
1788856525|20260908163525|948.61
1788856535|20260908163535|948.57
1788856540|20260908163540|948.59
1788856545|20260908163545|948.55
1788856550|20260908163550|948.49
1788856555|20260908163555|948.50
1788856565|20260908163605|948.49
1788856570|20260908163610|948.43
1788856585|20260908163625|948.56
1788856600|20260908163640|948.23
1788856610|20260908163650|948.23
1788856625|20260908163705|948.46
1788856630|20260908163710|948.51
1788856635|20260908163715|948.49
1788856640|20260908163720|948.35
1788856655|20260908163735|948.24
1788856660|20260908163740|948.17
1788856665|20260908163745|948.07
1788856670|20260908163750|948.12
1788856675|20260908163755|948.29
1788856685|20260908163805|948.29
1788856690|20260908163810|948.31
1788856695|20260908163815|948.31
1788856700|20260908163820|948.29
1788856705|20260908163825|948.29
1788856715|20260908163835|948.39
1788856720|20260908163840|948.50
1788856725|20260908163845|948.52
1788856730|20260908163850|948.46
1788856735|20260908163855|948.48
1788856745|20260908163905|948.48
1788856755|20260908163915|948.43
1788856760|20260908163920|948.41
1788856765|20260908163925|948.51
1788856805|20260908164005|948.43
1788856810|20260908164010|948.41
1788856815|20260908164015|948.45
1788856820|20260908164020|948.43
1788856825|20260908164025|948.29
1788856835|20260908164035|948.21
1788856840|20260908164040|948.23
1788856845|20260908164045|948.23
1788856850|20260908164050|948.23
1788856855|20260908164055|948.29
1788856865|20260908164105|948.23
1788856870|20260908164110|948.28
1788856875|20260908164115|948.20
1788856880|20260908164120|948.21
1788856885|20260908164125|948.27
1788856900|20260908164140|948.19
1788856905|20260908164145|948.15
1788856910|20260908164150|948.06
1788856915|20260908164155|948.11
1788856925|20260908164205|948.12
1788856935|20260908164215|948.25
1788856940|20260908164220|948.24
1788856955|20260908164235|948.19
1788856960|20260908164240|948.15
1788856965|20260908164245|948.21
1788856970|20260908164250|948.11
1788856975|20260908164255|948.09
1788856985|20260908164305|948.02
1788856990|20260908164310|948.04
1788856995|20260908164315|948.14
1788857000|20260908164320|948.04
1788857015|20260908164335|947.91
1788857020|20260908164340|947.94
1788857025|20260908164345|947.82
1788857030|20260908164350|947.86
1788857035|20260908164355|947.80
1788857045|20260908164405|947.78
1788857055|20260908164415|947.76
1788857060|20260908164420|947.74
1788857065|20260908164425|947.69
1788857105|20260908164505|947.80
1788857110|20260908164510|947.63
1788857115|20260908164515|947.49
1788857120|20260908164520|947.47
1788857125|20260908164525|947.50
1788857135|20260908164535|947.47
1788857140|20260908164540|947.77
1788857145|20260908164545|947.91
1788857150|20260908164550|948.76
1788857155|20260908164555|948.84
1788857170|20260908164610|948.65
1788857175|20260908164615|948.50
1788857180|20260908164620|948.85
1788857185|20260908164625|948.99
1788857200|20260908164640|948.51
1788857205|20260908164645|948.62
1788857210|20260908164650|948.61
1788857215|20260908164655|948.69
1788857225|20260908164705|948.55
1788857235|20260908164715|948.25
1788857240|20260908164720|948.29
1788857245|20260908164725|948.21
1788857255|20260908164735|948.14
1788857260|20260908164740|948.14
1788857265|20260908164745|947.94
1788857270|20260908164750|948.12
1788857275|20260908164755|948.18
1788857285|20260908164805|948.12
1788857295|20260908164815|948.20
1788857300|20260908164820|947.96
1788857305|20260908164825|947.89
1788857315|20260908164835|947.84
1788857320|20260908164840|947.79
1788857330|20260908164850|947.62
1788857335|20260908164855|947.61
1788857345|20260908164905|947.47
1788857360|20260908164920|947.57
1788857365|20260908164925|947.67
1788857405|20260908165005|948.02
1788857410|20260908165010|948.05
1788857415|20260908165015|948.19
1788857420|20260908165020|948.25
1788857425|20260908165025|948.14
1788857435|20260908165035|948.10
1788857440|20260908165040|948.21
1788857445|20260908165045|948.00
1788857450|20260908165050|947.94
1788857455|20260908165055|947.84
1788857465|20260908165105|947.85
1788857470|20260908165110|947.83
1788857475|20260908165115|947.83
1788857480|20260908165120|947.89
1788857485|20260908165125|947.91
1788857495|20260908165135|947.91
1788857500|20260908165140|947.82
1788857505|20260908165145|947.77
1788857515|20260908165155|947.75
1788857530|20260908165210|947.77
1788857535|20260908165215|947.83
1788857540|20260908165220|947.85
1788857545|20260908165225|947.71
1788857555|20260908165235|947.75
1788857560|20260908165240|947.77
1788857565|20260908165245|947.77
1788857570|20260908165250|947.73
1788857575|20260908165255|947.73
1788857585|20260908165305|947.78
1788857590|20260908165310|947.70
1788857595|20260908165315|947.76
1788857600|20260908165320|947.74
1788857605|20260908165325|947.76
1788857615|20260908165335|947.83
1788857620|20260908165340|947.79
1788857625|20260908165345|947.77
1788857630|20260908165350|947.75
1788857635|20260908165355|947.74
1788857645|20260908165405|947.70
1788857655|20260908165415|947.74
1788857660|20260908165420|947.84
1788857665|20260908165425|947.81
1788857675|20260908165435|947.91
1788857710|20260908165510|947.70
1788857715|20260908165515|947.76
1788857720|20260908165520|947.73
1788857725|20260908165525|947.75
1788857735|20260908165535|947.64
1788857745|20260908165545|947.65
1788857750|20260908165550|947.68
1788857765|20260908165605|947.65
1788857770|20260908165610|947.70
1788857775|20260908165615|947.77
1788857780|20260908165620|947.89
1788857785|20260908165625|947.89
1788857795|20260908165635|947.92
1788857805|20260908165645|947.82
1788857810|20260908165650|947.89
1788857815|20260908165655|948.04
1788857825|20260908165705|948.04
1788857835|20260908165715|947.92
1788857840|20260908165720|947.99
1788857845|20260908165725|947.97
1788857855|20260908165735|947.91
1788857860|20260908165740|947.93
1788857865|20260908165745|948.08
1788857870|20260908165750|948.15
1788857875|20260908165755|948.13
1788857885|20260908165805|947.98
1788857890|20260908165810|948.11
1788857895|20260908165815|948.13
1788857900|20260908165820|948.13
1788857905|20260908165825|948.16
1788857920|20260908165840|948.14
1788857925|20260908165845|948.06
1788857930|20260908165850|948.07
1788857935|20260908165855|948.06
1788857945|20260908165905|947.95
1788857950|20260908165910|947.94
1788857960|20260908165920|947.95
1788857965|20260908165925|947.93
1788858005|20260908170005|948.05
1788858010|20260908170010|947.74
1788858015|20260908170015|947.73
1788858020|20260908170020|947.75
1788858035|20260908170035|947.67
1788858040|20260908170040|947.72
1788858045|20260908170045|947.87
1788858050|20260908170050|947.92
1788858055|20260908170055|947.88
1788858065|20260908170105|947.84
1788858070|20260908170110|947.86
1788858075|20260908170115|947.95
1788858080|20260908170120|947.94
1788858085|20260908170125|947.98
1788858095|20260908170135|948.04
1788858100|20260908170140|948.02
1788858105|20260908170145|948.07
1788858110|20260908170150|948.12
1788858115|20260908170155|948.07
1788858125|20260908170205|947.97
1788858130|20260908170210|947.97
1788858135|20260908170215|948.06
1788858140|20260908170220|948.03
1788858145|20260908170225|948.05
1788858155|20260908170235|947.95
1788858160|20260908170240|947.90
1788858165|20260908170245|947.91
1788858170|20260908170250|947.89
1788858175|20260908170255|947.97
1788858185|20260908170305|948.22
1788858190|20260908170310|948.26
1788858200|20260908170320|948.31
1788858235|20260908170355|948.39
1788858245|20260908170405|948.34
1788858250|20260908170410|948.30
1788858255|20260908170415|948.42
1788858260|20260908170420|948.43
1788858265|20260908170425|948.36
1788858305|20260908170505|948.60
1788858310|20260908170510|948.59
1788858315|20260908170515|948.56
1788858320|20260908170520|948.63
1788858325|20260908170525|948.55
1788858335|20260908170535|948.67
1788858340|20260908170540|948.71
1788858345|20260908170545|948.67
1788858350|20260908170550|948.58
1788858355|20260908170555|948.63
1788858365|20260908170605|948.86
1788858370|20260908170610|948.82
1788858375|20260908170615|948.77
1788858385|20260908170625|948.74
1788858395|20260908170635|948.70
1788858400|20260908170640|948.71
1788858405|20260908170645|948.95
1788858410|20260908170650|948.76
1788858415|20260908170655|948.69
1788858425|20260908170705|948.54
1788858430|20260908170710|948.51
1788858435|20260908170715|948.37
1788858440|20260908170720|948.39
1788858445|20260908170725|948.34
1788858455|20260908170735|948.41
1788858460|20260908170740|948.42
1788858470|20260908170750|948.40
1788858475|20260908170755|948.42
1788858485|20260908170805|948.55
1788858490|20260908170810|948.53
1788858495|20260908170815|948.50
1788858500|20260908170820|948.55
1788858505|20260908170825|948.48
1788858515|20260908170835|948.49
1788858520|20260908170840|948.57
1788858525|20260908170845|948.57
1788858535|20260908170855|948.31
1788858545|20260908170905|948.39
1788858605|20260908171005|948.39
1788858615|20260908171015|948.44
1788858620|20260908171020|948.48
1788858635|20260908171035|948.56
1788858640|20260908171040|948.54
1788858645|20260908171045|948.60
1788858650|20260908171050|948.54
1788858655|20260908171055|948.54
1788858680|20260908171120|948.67
1788858685|20260908171125|948.71
1788858695|20260908171135|948.71
1788858710|20260908171150|948.70
1788858725|20260908171205|948.81
1788858730|20260908171210|948.90
1788858735|20260908171215|948.97
1788858745|20260908171225|948.94
1788858755|20260908171235|948.89
1788858765|20260908171245|948.92
1788858775|20260908171255|948.91
1788858785|20260908171305|948.86
1788858790|20260908171310|948.86
1788858795|20260908171315|948.89
1788858800|20260908171320|948.66
1788858805|20260908171325|948.66
1788858815|20260908171335|948.61
1788858820|20260908171340|948.66
1788858825|20260908171345|948.66
1788858830|20260908171350|948.65
1788858835|20260908171355|948.68
1788858845|20260908171405|948.69
1788858850|20260908171410|948.72
1788858855|20260908171415|948.71
1788858860|20260908171420|948.75
1788858865|20260908171425|948.84
1788858905|20260908171505|948.83
1788858910|20260908171510|948.79
1788858915|20260908171515|948.82
1788858920|20260908171520|948.79
1788858925|20260908171525|948.80
1788858935|20260908171535|948.82
1788858940|20260908171540|948.82
1788858945|20260908171545|948.87
1788858950|20260908171550|948.93
1788858955|20260908171555|948.89
1788858960|20260908171600|948.89
1788858965|20260908171605|948.89
1788858970|20260908171610|948.83
1788858975|20260908171615|948.87
1788858980|20260908171620|948.91
1788858985|20260908171625|948.96
1788858995|20260908171635|948.95
1788859000|20260908171640|948.99
1788859005|20260908171645|949.02
1788859010|20260908171650|949.04
1788859020|20260908171700|949.01
1788859025|20260908171705|949.14
1788859030|20260908171710|949.09
1788859035|20260908171715|949.14
1788859040|20260908171720|949.12
1788859045|20260908171725|949.14
1788859055|20260908171735|949.21
1788859060|20260908171740|949.21
1788859065|20260908171745|949.19
1788859070|20260908171750|949.17
1788859075|20260908171755|949.18
1788859080|20260908171800|949.21
1788859085|20260908171805|949.13
1788859090|20260908171810|949.15
1788859095|20260908171815|949.13
1788859100|20260908171820|949.15
1788859105|20260908171825|949.17
1788859120|20260908171840|949.09
1788859130|20260908171850|949.11
1788859135|20260908171855|948.82
1788859145|20260908171905|948.80
1788859150|20260908171910|948.81
1788859155|20260908171915|948.81
1788859160|20260908171920|948.87
1788859165|20260908171925|948.96
1788859205|20260908172005|948.63
1788859210|20260908172010|948.63
1788859215|20260908172015|948.66
1788859220|20260908172020|948.69
1788859225|20260908172025|948.73
1788859235|20260908172035|948.71
1788859245|20260908172045|948.77
1788859250|20260908172050|948.68
1788859255|20260908172055|948.70
1788859265|20260908172105|948.38
1788859270|20260908172110|948.37
1788859275|20260908172115|948.20
1788859285|20260908172125|948.21
1788859300|20260908172140|948.39
1788859305|20260908172145|948.30
1788859310|20260908172150|948.43
1788859315|20260908172155|948.41
1788859325|20260908172205|948.39
1788859340|20260908172220|948.43
1788859355|20260908172235|948.41
1788859365|20260908172245|948.47
1788859370|20260908172250|948.44
1788859380|20260908172300|948.50
1788859385|20260908172305|948.48
1788859390|20260908172310|948.49
1788859395|20260908172315|948.45
1788859405|20260908172325|948.22
1788859410|20260908172330|948.23
1788859420|20260908172340|948.09
1788859425|20260908172345|948.13
1788859435|20260908172355|948.13
1788859445|20260908172405|948.08
1788859450|20260908172410|948.12
1788859455|20260908172415|948.15
1788859460|20260908172420|948.15
1788859465|20260908172425|948.18
1788859470|20260908172430|948.18
1788859490|20260908172450|948.17
1788859495|20260908172455|948.20
1788859500|20260908172500|948.19
1788859505|20260908172505|948.11
1788859510|20260908172510|948.08
1788859515|20260908172515|948.17
1788859520|20260908172520|948.04
1788859525|20260908172525|948.10
1788859535|20260908172535|948.10
1788859540|20260908172540|948.09
1788859545|20260908172545|948.17
1788859550|20260908172550|948.32
1788859555|20260908172555|948.39
1788859565|20260908172605|948.48
1788859570|20260908172610|948.50
1788859575|20260908172615|948.43
1788859585|20260908172625|948.21
1788859595|20260908172635|948.23
1788859600|20260908172640|948.05
1788859605|20260908172645|948.05
1788859610|20260908172650|947.97
1788859615|20260908172655|947.97
1788859625|20260908172705|947.92
1788859630|20260908172710|947.92
1788859635|20260908172715|947.89
1788859640|20260908172720|947.94
1788859645|20260908172725|948.17
1788859655|20260908172735|948.11
1788859660|20260908172740|948.16
1788859665|20260908172745|948.02
1788859670|20260908172750|948.04
1788859675|20260908172755|948.10
1788859685|20260908172805|948.10
1788859690|20260908172810|948.01
1788859695|20260908172815|948.01
1788859700|20260908172820|948.00
1788859705|20260908172825|948.02
1788859715|20260908172835|948.18
1788859720|20260908172840|948.18
1788859725|20260908172845|948.22
1788859730|20260908172850|948.26
1788859735|20260908172855|948.28
1788859745|20260908172905|947.88
1788859750|20260908172910|947.90
1788859760|20260908172920|947.95
1788859765|20260908172925|947.92
1788859790|20260908172950|947.81
1788859795|20260908172955|947.79
1788859805|20260908173005|947.74
1788859815|20260908173015|947.78
1788859820|20260908173020|947.72
1788859825|20260908173025|947.88
1788859835|20260908173035|947.52
1788859840|20260908173040|947.58
1788859845|20260908173045|947.72
1788859850|20260908173050|947.82
1788859855|20260908173055|947.88
1788859865|20260908173105|947.71
1788859870|20260908173110|947.57
1788859875|20260908173115|947.88
1788859880|20260908173120|948.01
1788859885|20260908173125|948.04
1788859900|20260908173140|948.01
1788859905|20260908173145|948.12
1788859915|20260908173155|948.21
1788859925|20260908173205|948.46
1788859930|20260908173210|948.71
1788859935|20260908173215|948.61
1788859940|20260908173220|948.70
1788859945|20260908173225|948.53
1788859955|20260908173235|948.51
1788859960|20260908173240|948.47
1788859965|20260908173245|948.33
1788859970|20260908173250|948.32
1788859975|20260908173255|948.29
1788859985|20260908173305|948.43
1788859990|20260908173310|948.63
1788859995|20260908173315|948.58
1788860000|20260908173320|948.45
1788860005|20260908173325|948.44
1788860015|20260908173335|948.45
1788860020|20260908173340|948.47
1788860030|20260908173350|948.45
1788860035|20260908173355|948.30
1788860045|20260908173405|948.25
1788860050|20260908173410|948.43
1788860055|20260908173415|948.41
1788860060|20260908173420|948.34
1788860065|20260908173425|948.31
1788860105|20260908173505|948.46
1788860110|20260908173510|948.47
1788860115|20260908173515|948.41
1788860120|20260908173520|948.46
1788860125|20260908173525|948.54
1788860135|20260908173535|948.48
1788860140|20260908173540|948.52
1788860145|20260908173545|948.52
1788860150|20260908173550|948.50
1788860155|20260908173555|948.54
1788860160|20260908173600|948.60
1788860165|20260908173605|948.52
1788860170|20260908173610|948.46
1788860175|20260908173615|948.53
1788860195|20260908173635|948.46
1788860200|20260908173640|948.38
1788860205|20260908173645|948.47
1788860210|20260908173650|948.47
1788860215|20260908173655|948.47
1788860225|20260908173705|948.45
1788860230|20260908173710|948.51
1788860235|20260908173715|948.43
1788860240|20260908173720|948.45
1788860255|20260908173735|948.56
1788860260|20260908173740|948.43
1788860265|20260908173745|948.43
1788860275|20260908173755|948.47
1788860285|20260908173805|948.50
1788860295|20260908173815|948.49
1788860300|20260908173820|948.50
1788860305|20260908173825|948.48
1788860315|20260908173835|948.46
1788860325|20260908173845|948.54
1788860345|20260908173905|948.46
1788860350|20260908173910|948.48
1788860355|20260908173915|948.68
1788860360|20260908173920|948.62
1788860365|20260908173925|948.64
1788860380|20260908173940|948.65
1788860400|20260908174000|948.70
1788860405|20260908174005|948.74
1788860410|20260908174010|948.74
1788860420|20260908174020|948.74
1788860425|20260908174025|948.74
1788860435|20260908174035|948.70
1788860440|20260908174040|948.73
1788860450|20260908174050|949.35
1788860465|20260908174105|949.19
1788860470|20260908174110|949.11
1788860475|20260908174115|949.11
1788860485|20260908174125|949.42
1788860500|20260908174140|950.05
1788860510|20260908174150|949.88
1788860515|20260908174155|950.00
1788860525|20260908174205|949.89
1788860530|20260908174210|949.77
1788860535|20260908174215|949.74
1788860540|20260908174220|949.83
1788860545|20260908174225|949.93
1788860555|20260908174235|950.02
1788860560|20260908174240|949.95
1788860565|20260908174245|949.98
1788860570|20260908174250|949.85
1788860575|20260908174255|949.89
1788860585|20260908174305|949.62
1788860590|20260908174310|949.64
1788860595|20260908174315|949.59
1788860615|20260908174335|949.78
1788860620|20260908174340|949.83
1788860625|20260908174345|949.91
1788860630|20260908174350|949.78
1788860635|20260908174355|949.80
1788860645|20260908174405|949.45
1788860660|20260908174420|949.33
1788860665|20260908174425|949.26
1788860675|20260908174435|949.31
1788860705|20260908174505|949.59
1788860715|20260908174515|949.65
1788860720|20260908174520|949.65
1788860735|20260908174535|949.69
1788860740|20260908174540|949.66
1788860745|20260908174545|949.69
1788860755|20260908174555|949.73
1788860775|20260908174615|949.84
1788860780|20260908174620|949.87
1788860785|20260908174625|949.89
1788860795|20260908174635|949.82
1788860800|20260908174640|949.97
1788860805|20260908174645|949.90
1788860810|20260908174650|949.90
1788860815|20260908174655|949.86
1788860825|20260908174705|949.86
1788860830|20260908174710|949.94
1788860835|20260908174715|949.96
1788860840|20260908174720|949.96
1788860845|20260908174725|949.97
1788860855|20260908174735|949.81
1788860875|20260908174755|949.88
1788860885|20260908174805|949.82
1788860890|20260908174810|949.82
1788860895|20260908174815|949.80
1788860900|20260908174820|949.73
1788860905|20260908174825|949.70
1788860915|20260908174835|949.73
1788860920|20260908174840|949.70
1788860925|20260908174845|949.70
1788860935|20260908174855|949.79
1788860950|20260908174910|949.73
1788860955|20260908174915|949.80
1788861000|20260908175000|949.99
1788861005|20260908175005|950.11
1788861015|20260908175015|950.04
1788861020|20260908175020|950.06
1788861025|20260908175025|950.05
1788861035|20260908175035|950.25
1788861040|20260908175040|950.18
1788861045|20260908175045|950.24
1788861050|20260908175050|950.26
1788861055|20260908175055|950.21
1788861060|20260908175100|950.23
1788861070|20260908175110|950.25
1788861075|20260908175115|950.31
1788861080|20260908175120|950.34
1788861085|20260908175125|950.31
1788861095|20260908175135|950.36
1788861100|20260908175140|950.33
1788861105|20260908175145|950.32
1788861110|20260908175150|950.32
1788861115|20260908175155|950.45
1788861125|20260908175205|950.44
1788861135|20260908175215|950.51
1788861140|20260908175220|950.50
1788861145|20260908175225|950.46
1788861150|20260908175230|950.45
1788861155|20260908175235|950.50
1788861160|20260908175240|950.43
1788861165|20260908175245|950.46
1788861170|20260908175250|950.48
1788861180|20260908175300|950.28
1788861190|20260908175310|950.37
1788861195|20260908175315|950.30
1788861200|20260908175320|950.32
1788861205|20260908175325|950.29
1788861210|20260908175330|950.31
1788861215|20260908175335|950.31
1788861220|20260908175340|950.32
1788861225|20260908175345|950.33
1788861230|20260908175350|950.23
1788861235|20260908175355|950.23
1788861240|20260908175400|950.23
1788861245|20260908175405|950.24
1788861250|20260908175410|950.21
1788861255|20260908175415|950.21
1788861260|20260908175420|950.21
1788861265|20260908175425|950.21
1788861280|20260908175440|950.29
1788861285|20260908175445|950.33
1788861290|20260908175450|950.30
1788861305|20260908175505|950.43
1788861315|20260908175515|950.38
1788861320|20260908175520|950.41
1788861325|20260908175525|950.36
1788861335|20260908175535|950.26
1788861340|20260908175540|950.25
1788861345|20260908175545|950.29
1788861350|20260908175550|950.36
1788861355|20260908175555|950.31
1788861360|20260908175600|950.41
1788861365|20260908175605|950.33
1788861375|20260908175615|950.33
1788861380|20260908175620|950.33
1788861385|20260908175625|950.35
1788861395|20260908175635|950.36
1788861400|20260908175640|950.32
1788861405|20260908175645|950.32
1788861410|20260908175650|950.32
1788861415|20260908175655|950.26
1788861425|20260908175705|950.23
1788861430|20260908175710|950.03
1788861435|20260908175715|950.04
1788861440|20260908175720|950.04
1788861445|20260908175725|950.03
1788861455|20260908175735|949.98
1788861460|20260908175740|949.98
1788861465|20260908175745|950.02
1788861470|20260908175750|950.05
1788861475|20260908175755|950.03
1788861480|20260908175800|949.97
1788861485|20260908175805|950.01
1788861490|20260908175810|950.02
1788861495|20260908175815|950.02
1788861500|20260908175820|950.05
1788861505|20260908175825|950.05
1788861515|20260908175835|950.08
1788861520|20260908175840|950.02
1788861525|20260908175845|950.03
1788861535|20260908175855|950.14
1788861540|20260908175900|950.23
1788861545|20260908175905|950.28
1788861550|20260908175910|950.25
1788861560|20260908175920|950.29
1788861600|20260908180000|949.94
1788861605|20260908180005|949.91
1788861615|20260908180015|949.83
1788861620|20260908180020|949.88
1788861625|20260908180025|949.77
1788861635|20260908180035|949.78
1788861640|20260908180040|949.87
1788861645|20260908180045|949.86
1788861660|20260908180100|949.77
1788861665|20260908180105|949.82
1788861670|20260908180110|949.81
1788861680|20260908180120|949.72
1788861695|20260908180135|949.72
1788861700|20260908180140|949.84
1788861705|20260908180145|949.78
1788861710|20260908180150|949.78
1788861715|20260908180155|949.78
1788861720|20260908180200|949.71
1788861725|20260908180205|949.67
1788861730|20260908180210|949.68
1788861735|20260908180215|949.62
1788861740|20260908180220|949.53
1788861745|20260908180225|949.54
1788861755|20260908180235|949.51
1788861760|20260908180240|949.39
1788861765|20260908180245|949.36
1788861775|20260908180255|949.24
1788861785|20260908180305|949.31
1788861790|20260908180310|949.26
1788861795|20260908180315|949.40
1788861800|20260908180320|949.43
1788861805|20260908180325|949.47
1788861815|20260908180335|949.42
1788861820|20260908180340|949.47
1788861825|20260908180345|949.42
1788861830|20260908180350|949.40
1788861850|20260908180410|949.34
1788861855|20260908180415|949.33
1788861860|20260908180420|949.32
1788861865|20260908180425|949.19
1788861870|20260908180430|949.24
1788861885|20260908180445|949.09
1788861900|20260908180500|948.97
1788861905|20260908180505|948.96
1788861910|20260908180510|948.84
1788861915|20260908180515|948.82
1788861920|20260908180520|948.78
1788861925|20260908180525|948.71
1788861935|20260908180535|948.67
1788861940|20260908180540|948.69
1788861945|20260908180545|948.75
1788861950|20260908180550|948.77
1788861955|20260908180555|948.74
1788861960|20260908180600|948.74
1788861965|20260908180605|948.79
1788861975|20260908180615|948.88
1788861995|20260908180635|948.74
1788862000|20260908180640|948.76
1788862005|20260908180645|948.79
1788862010|20260908180650|948.81
1788862015|20260908180655|948.73
1788862035|20260908180715|948.79
1788862040|20260908180720|948.81
1788862045|20260908180725|948.78
1788862055|20260908180735|948.78
1788862065|20260908180745|948.65
1788862075|20260908180755|948.79
1788862085|20260908180805|948.56
1788862090|20260908180810|948.55
1788862095|20260908180815|948.57
1788862100|20260908180820|948.57
1788862105|20260908180825|948.62
1788862115|20260908180835|948.68
1788862125|20260908180845|948.71
1788862130|20260908180850|948.75
1788862140|20260908180900|948.71
1788862145|20260908180905|948.65
1788862150|20260908180910|948.70
1788862155|20260908180915|948.67
1788862160|20260908180920|948.61
1788862165|20260908180925|948.61
1788862205|20260908181005|948.58
1788862210|20260908181010|948.51
1788862220|20260908181020|948.24
1788862225|20260908181025|948.29
1788862235|20260908181035|948.28
1788862240|20260908181040|948.34
1788862245|20260908181045|948.37
1788862260|20260908181100|948.34
1788862265|20260908181105|948.21
1788862270|20260908181110|948.25
1788862275|20260908181115|948.32
1788862285|20260908181125|948.28
1788862295|20260908181135|948.30
1788862300|20260908181140|948.37
1788862305|20260908181145|948.26
1788862315|20260908181155|948.12
1788862320|20260908181200|948.06
1788862325|20260908181205|948.07
1788862330|20260908181210|948.05
1788862335|20260908181215|948.03
1788862340|20260908181220|948.07
1788862345|20260908181225|948.21
1788862355|20260908181235|948.18
1788862360|20260908181240|948.19
1788862365|20260908181245|948.30
1788862380|20260908181300|948.16
1788862385|20260908181305|948.20
1788862395|20260908181315|948.11
1788862400|20260908181320|948.10
1788862405|20260908181325|948.12
1788862415|20260908181335|948.21
1788862420|20260908181340|948.19
1788862425|20260908181345|948.19
1788862430|20260908181350|948.23
1788862435|20260908181355|948.24
1788862445|20260908181405|948.33
1788862455|20260908181415|948.48
1788862460|20260908181420|948.46
1788862465|20260908181425|948.52
1788862500|20260908181500|948.55
1788862505|20260908181505|948.48
1788862515|20260908181515|948.61
1788862520|20260908181520|948.63
1788862525|20260908181525|948.61
1788862535|20260908181535|948.62
1788862540|20260908181540|948.65
1788862545|20260908181545|948.73
1788862550|20260908181550|948.77
1788862560|20260908181600|948.82
1788862565|20260908181605|948.87
1788862570|20260908181610|948.88
1788862580|20260908181620|948.79
1788862585|20260908181625|948.82
1788862595|20260908181635|948.76
1788862600|20260908181640|948.74
1788862605|20260908181645|948.71
1788862610|20260908181650|948.76
1788862615|20260908181655|948.75
1788862625|20260908181705|948.76
1788862630|20260908181710|948.76
1788862635|20260908181715|948.83
1788862640|20260908181720|948.88
1788862645|20260908181725|948.89
1788862655|20260908181735|948.89
1788862660|20260908181740|948.90
1788862665|20260908181745|948.87
1788862670|20260908181750|948.91
1788862675|20260908181755|948.87
1788862685|20260908181805|948.86
1788862690|20260908181810|948.86
1788862695|20260908181815|948.87
1788862700|20260908181820|948.86
1788862705|20260908181825|948.73
1788862715|20260908181835|948.93
1788862720|20260908181840|948.96
1788862725|20260908181845|948.93
1788862730|20260908181850|948.90
1788862735|20260908181855|948.87
1788862745|20260908181905|948.93
1788862750|20260908181910|948.93
1788862755|20260908181915|948.91
1788862760|20260908181920|948.89
1788862765|20260908181925|948.94
1788862780|20260908181940|948.95
1788862800|20260908182000|948.95
1788862805|20260908182005|948.91
1788862810|20260908182010|948.81
1788862820|20260908182020|950.54
1788862825|20260908182025|950.41
1788862835|20260908182035|950.53
1788862840|20260908182040|950.24
1788862845|20260908182045|950.50
1788862855|20260908182055|950.42
1788862865|20260908182105|950.41
1788862870|20260908182110|950.27
1788862875|20260908182115|950.28
1788862880|20260908182120|949.96
1788862885|20260908182125|949.88
1788862895|20260908182135|950.32
1788862900|20260908182140|950.11
1788862905|20260908182145|950.06
1788862910|20260908182150|949.99
1788862915|20260908182155|950.09
1788862925|20260908182205|950.10
1788862930|20260908182210|949.94
1788862935|20260908182215|949.83
1788862940|20260908182220|949.72
1788862945|20260908182225|949.67
1788862955|20260908182235|949.94
1788862965|20260908182245|949.86
1788862975|20260908182255|949.63
1788862985|20260908182305|949.57
1788862990|20260908182310|949.62
1788862995|20260908182315|949.63
1788863000|20260908182320|949.55
1788863005|20260908182325|949.66
1788863015|20260908182335|949.75
1788863020|20260908182340|949.75
1788863025|20260908182345|949.70
1788863030|20260908182350|949.69
1788863035|20260908182355|949.65
1788863045|20260908182405|949.74
1788863050|20260908182410|949.72
1788863055|20260908182415|949.57
1788863060|20260908182420|949.51
1788863065|20260908182425|949.53
1788863110|20260908182510|949.46
1788863115|20260908182515|949.46
1788863120|20260908182520|949.49
1788863125|20260908182525|949.48
1788863135|20260908182535|949.45
1788863140|20260908182540|949.47
1788863145|20260908182545|949.48
1788863150|20260908182550|949.37
1788863155|20260908182555|949.40
1788863170|20260908182610|949.45
1788863175|20260908182615|949.47
1788863180|20260908182620|949.41
1788863185|20260908182625|949.28
1788863195|20260908182635|949.31
1788863200|20260908182640|949.26
1788863205|20260908182645|949.26
1788863210|20260908182650|949.30
1788863215|20260908182655|949.24
1788863225|20260908182705|949.34
1788863230|20260908182710|949.39
1788863235|20260908182715|949.39
1788863240|20260908182720|949.39
1788863255|20260908182735|949.39
1788863260|20260908182740|949.32
1788863265|20260908182745|949.38
1788863270|20260908182750|949.38
1788863275|20260908182755|949.32
1788863280|20260908182800|949.29
1788863285|20260908182805|949.32
1788863300|20260908182820|949.38
1788863305|20260908182825|949.40
1788863315|20260908182835|949.44
1788863320|20260908182840|949.39
1788863325|20260908182845|949.49
1788863330|20260908182850|949.48
1788863335|20260908182855|949.41
1788863340|20260908182900|949.26
1788863345|20260908182905|949.21
1788863350|20260908182910|949.16
1788863355|20260908182915|949.13
1788863360|20260908182920|949.06
1788863365|20260908182925|948.98
1788863380|20260908182940|949.18
1788863405|20260908183005|949.14
1788863410|20260908183010|949.14
1788863415|20260908183015|949.11
1788863420|20260908183020|949.05
1788863425|20260908183025|949.05
1788863435|20260908183035|949.05
1788863440|20260908183040|949.00
1788863445|20260908183045|948.97
1788863450|20260908183050|949.06
1788863455|20260908183055|948.97
1788863460|20260908183100|948.97
1788863465|20260908183105|949.00
1788863470|20260908183110|949.06
1788863475|20260908183115|948.96
1788863480|20260908183120|949.00
1788863495|20260908183135|949.09
1788863500|20260908183140|949.06
1788863505|20260908183145|949.07
1788863515|20260908183155|949.04
1788863525|20260908183205|949.01
1788863530|20260908183210|948.98
1788863535|20260908183215|948.89
1788863540|20260908183220|948.89
1788863545|20260908183225|948.91
1788863555|20260908183235|948.88
1788863565|20260908183245|948.95
1788863570|20260908183250|948.97
1788863575|20260908183255|948.95
1788863580|20260908183300|948.97
1788863585|20260908183305|948.95
1788863595|20260908183315|948.93
1788863600|20260908183320|948.89
1788863620|20260908183340|948.83
1788863630|20260908183350|948.75
1788863640|20260908183400|948.79
1788863645|20260908183405|948.79
1788863650|20260908183410|948.74
1788863655|20260908183415|948.73
1788863660|20260908183420|948.75
1788863665|20260908183425|948.81
1788863680|20260908183440|948.84
1788863685|20260908183445|948.84
1788863690|20260908183450|948.87
1788863700|20260908183500|948.67
1788863705|20260908183505|948.71
1788863710|20260908183510|948.76
1788863720|20260908183520|948.74
1788863725|20260908183525|948.64
1788863735|20260908183535|948.58
1788863740|20260908183540|948.53
1788863745|20260908183545|948.60
1788863750|20260908183550|948.62
1788863755|20260908183555|948.57
1788863765|20260908183605|948.70
1788863770|20260908183610|948.67
1788863780|20260908183620|948.66
1788863785|20260908183625|948.60
1788863795|20260908183635|948.56
1788863800|20260908183640|948.40
1788863805|20260908183645|948.45
1788863810|20260908183650|948.47
1788863815|20260908183655|948.44
1788863825|20260908183705|948.43
1788863835|20260908183715|948.45
1788863840|20260908183720|948.48
1788863855|20260908183735|948.40
1788863860|20260908183740|948.40
1788863865|20260908183745|948.38
1788863885|20260908183805|948.40
1788863890|20260908183810|948.39
1788863895|20260908183815|948.39
1788863900|20260908183820|948.36
1788863905|20260908183825|948.39
1788863915|20260908183835|948.38
1788863920|20260908183840|948.38
1788863925|20260908183845|948.44
1788863930|20260908183850|948.41
1788863935|20260908183855|948.28
1788863945|20260908183905|948.26
1788863950|20260908183910|948.28
1788863955|20260908183915|948.26
1788864005|20260908184005|948.22
1788864010|20260908184010|948.25
1788864015|20260908184015|948.24
1788864025|20260908184025|948.16
1788864035|20260908184035|948.13
1788864040|20260908184040|948.10
1788864045|20260908184045|948.01
1788864050|20260908184050|948.05
1788864055|20260908184055|948.05
1788864065|20260908184105|948.15
1788864070|20260908184110|948.26
1788864075|20260908184115|948.31
1788864080|20260908184120|948.26
1788864085|20260908184125|948.28
1788864095|20260908184135|948.31
1788864100|20260908184140|948.37
1788864110|20260908184150|948.38
1788864115|20260908184155|948.42
1788864125|20260908184205|948.45
1788864130|20260908184210|948.47
1788864140|20260908184220|948.61
1788864145|20260908184225|948.51
1788864155|20260908184235|948.65
1788864160|20260908184240|948.66
1788864170|20260908184250|948.79
1788864175|20260908184255|948.80
1788864190|20260908184310|948.84
1788864205|20260908184325|948.70
1788864215|20260908184335|948.70
1788864220|20260908184340|948.65
1788864225|20260908184345|948.60
1788864230|20260908184350|948.68
1788864235|20260908184355|948.61
1788864245|20260908184405|948.59
1788864250|20260908184410|948.73
1788864305|20260908184505|948.72
1788864315|20260908184515|948.69
1788864335|20260908184535|948.74
1788864340|20260908184540|948.75
1788864350|20260908184550|948.80
1788864355|20260908184555|948.84
1788864365|20260908184605|948.79
1788864370|20260908184610|948.82
1788864375|20260908184615|948.80
1788864380|20260908184620|948.75
1788864385|20260908184625|948.77
1788864395|20260908184635|948.82
1788864405|20260908184645|948.82
1788864410|20260908184650|948.87
1788864415|20260908184655|948.91
1788864425|20260908184705|948.94
1788864430|20260908184710|948.96
1788864440|20260908184720|948.93
1788864445|20260908184725|948.91
1788864455|20260908184735|948.86
1788864460|20260908184740|948.93
1788864465|20260908184745|948.96
1788864470|20260908184750|948.98
1788864475|20260908184755|949.02
1788864485|20260908184805|949.01
1788864495|20260908184815|949.01
1788864500|20260908184820|949.01
1788864505|20260908184825|949.00
1788864515|20260908184835|949.19
1788864525|20260908184845|949.18
1788864530|20260908184850|949.20
1788864535|20260908184855|949.33
1788864545|20260908184905|949.39
1788864550|20260908184910|949.30
1788864555|20260908184915|949.33
1788864560|20260908184920|949.34
1788864565|20260908184925|949.29
1788864605|20260908185005|949.10
1788864610|20260908185010|949.12
1788864620|20260908185020|949.19
1788864625|20260908185025|949.19
1788864635|20260908185035|949.21
1788864640|20260908185040|949.17
1788864650|20260908185050|949.31
1788864655|20260908185055|949.28
1788864665|20260908185105|949.27
1788864670|20260908185110|949.27
1788864675|20260908185115|949.28
1788864680|20260908185120|949.30
1788864700|20260908185140|949.21
1788864705|20260908185145|949.21
1788864710|20260908185150|949.11
1788864715|20260908185155|949.06
1788864725|20260908185205|949.06
1788864730|20260908185210|949.02
1788864735|20260908185215|949.01
1788864740|20260908185220|948.94
1788864755|20260908185235|948.91
1788864760|20260908185240|948.94
1788864765|20260908185245|948.93
1788864770|20260908185250|948.86
1788864775|20260908185255|948.83
1788864785|20260908185305|948.91
1788864790|20260908185310|948.89
1788864800|20260908185320|948.98
1788864805|20260908185325|948.95
1788864815|20260908185335|948.96
1788864820|20260908185340|948.99
1788864825|20260908185345|949.02
1788864830|20260908185350|949.04
1788864835|20260908185355|949.09
1788864845|20260908185405|949.10
1788864850|20260908185410|949.11
1788864855|20260908185415|949.10
1788864860|20260908185420|949.11
1788864865|20260908185425|949.09
1788864880|20260908185440|949.08
1788864905|20260908185505|949.12
1788864910|20260908185510|949.06
1788864915|20260908185515|948.95
1788864920|20260908185520|948.92
1788864940|20260908185540|948.98
1788864965|20260908185605|948.73
1788864970|20260908185610|948.81
1788864975|20260908185615|948.93
1788864980|20260908185620|948.87
1788864985|20260908185625|949.00
1788864995|20260908185635|949.22
1788865005|20260908185645|949.12
1788865010|20260908185650|949.12
1788865015|20260908185655|949.08
1788865025|20260908185705|949.14
1788865030|20260908185710|949.12
1788865035|20260908185715|949.18
1788865055|20260908185735|949.19
1788865060|20260908185740|949.18
1788865065|20260908185745|949.21
1788865070|20260908185750|949.27
1788865075|20260908185755|949.25
1788865085|20260908185805|949.21
1788865095|20260908185815|949.11
1788865100|20260908185820|949.12
1788865115|20260908185835|949.00
1788865120|20260908185840|948.83
1788865125|20260908185845|948.87
1788865130|20260908185850|948.85
1788865135|20260908185855|948.84
1788865145|20260908185905|948.76
1788865150|20260908185910|948.73
1788865155|20260908185915|948.62
1788865160|20260908185920|948.58
1788865165|20260908185925|948.58
1788865205|20260908190005|948.44
1788865215|20260908190015|948.50
1788865235|20260908190035|948.47
1788865240|20260908190040|948.57
1788865245|20260908190045|948.52
1788865250|20260908190050|948.40
1788865255|20260908190055|948.22
1788865265|20260908190105|948.47
1788865270|20260908190110|948.43
1788865275|20260908190115|948.55
1788865280|20260908190120|948.66
1788865285|20260908190125|948.59
1788865295|20260908190135|948.71
1788865300|20260908190140|948.74
1788865305|20260908190145|948.74
1788865310|20260908190150|948.72
1788865315|20260908190155|948.58
1788865325|20260908190205|948.65
1788865330|20260908190210|948.59
1788865335|20260908190215|948.61
1788865340|20260908190220|948.69
1788865345|20260908190225|948.66
1788865355|20260908190235|948.69
1788865370|20260908190250|948.62
1788865375|20260908190255|948.60
1788865390|20260908190310|948.65
1788865400|20260908190320|948.62
1788865405|20260908190325|948.65
1788865415|20260908190335|948.64
1788865425|20260908190345|948.61
1788865430|20260908190350|948.62
1788865435|20260908190355|948.64
1788865445|20260908190405|948.60
1788865450|20260908190410|948.40
1788865455|20260908190415|948.43
1788865460|20260908190420|948.43
1788865475|20260908190435|948.40
1788865505|20260908190505|948.45
1788865510|20260908190510|948.66
1788865515|20260908190515|948.61
1788865520|20260908190520|948.57
1788865525|20260908190525|948.43
1788865535|20260908190535|948.54
1788865540|20260908190540|948.57
1788865545|20260908190545|948.57
1788865550|20260908190550|948.53
1788865565|20260908190605|948.51
1788865570|20260908190610|948.44
1788865575|20260908190615|948.41
1788865580|20260908190620|948.35
1788865585|20260908190625|948.29
1788865600|20260908190640|948.38
1788865605|20260908190645|948.39
1788865610|20260908190650|948.22
1788865615|20260908190655|948.25
1788865625|20260908190705|948.29
1788865630|20260908190710|948.29
1788865640|20260908190720|948.26
1788865645|20260908190725|948.34
1788865655|20260908190735|948.29
1788865660|20260908190740|948.25
1788865665|20260908190745|948.21
1788865670|20260908190750|948.22
1788865690|20260908190810|948.21
1788865695|20260908190815|948.16
1788865700|20260908190820|948.23
1788865705|20260908190825|948.18
1788865720|20260908190840|947.89
1788865725|20260908190845|947.91
1788865730|20260908190850|947.91
1788865735|20260908190855|947.94
1788865745|20260908190905|948.01
1788865750|20260908190910|948.11
1788865760|20260908190920|948.86
1788865765|20260908190925|948.65
1788865805|20260908191005|948.68
1788865810|20260908191010|948.49
1788865820|20260908191020|948.41
1788865825|20260908191025|948.21
1788865835|20260908191035|948.16
1788865840|20260908191040|948.13
1788865845|20260908191045|948.03
1788865855|20260908191055|947.94
1788865865|20260908191105|948.03
1788865870|20260908191110|948.01
1788865875|20260908191115|948.11
1788865880|20260908191120|948.11
1788865885|20260908191125|948.02
1788865895|20260908191135|947.88
1788865900|20260908191140|947.96
1788865905|20260908191145|947.94
1788865925|20260908191205|947.91
1788865930|20260908191210|947.81
1788865935|20260908191215|947.76
1788865945|20260908191225|947.77
1788865955|20260908191235|947.65
1788865960|20260908191240|947.61
1788865965|20260908191245|947.61
1788865975|20260908191255|947.56
1788865985|20260908191305|947.43
1788865990|20260908191310|947.50
1788865995|20260908191315|947.47
1788866005|20260908191325|947.50
1788866035|20260908191355|947.73
1788866045|20260908191405|947.71
1788866055|20260908191415|947.83
1788866060|20260908191420|947.88
1788866065|20260908191425|947.96
1788866105|20260908191505|948.27
1788866110|20260908191510|948.34
1788866120|20260908191520|948.51
1788866135|20260908191535|948.32
1788866140|20260908191540|948.33
1788866145|20260908191545|948.33
1788866160|20260908191600|948.52
1788866165|20260908191605|948.64
1788866170|20260908191610|948.84
1788866175|20260908191615|948.89
1788866180|20260908191620|948.89
1788866185|20260908191625|949.05
1788866195|20260908191635|948.96
1788866200|20260908191640|948.95
1788866205|20260908191645|948.95
1788866215|20260908191655|949.22
1788866225|20260908191705|949.41
1788866230|20260908191710|949.39
1788866235|20260908191715|949.27
1788866240|20260908191720|949.21
1788866245|20260908191725|949.20
1788866260|20260908191740|949.35
1788866265|20260908191745|949.36
1788866270|20260908191750|949.38
1788866275|20260908191755|949.35
1788866280|20260908191800|949.25
1788866285|20260908191805|949.26
1788866290|20260908191810|949.25
1788866295|20260908191815|949.32
1788866300|20260908191820|949.28
1788866305|20260908191825|949.38
1788866315|20260908191835|949.44
1788866320|20260908191840|949.43
1788866325|20260908191845|949.38
1788866335|20260908191855|949.42
1788866345|20260908191905|949.52
1788866350|20260908191910|949.52
1788866360|20260908191920|949.61
1788866370|20260908191930|949.61
1788866375|20260908191935|949.61
1788866380|20260908191940|949.61
1788866385|20260908191945|949.63
1788866390|20260908191950|949.63
1788866400|20260908192000|949.65
1788866405|20260908192005|949.65
1788866410|20260908192010|949.65
1788866415|20260908192015|949.50
1788866420|20260908192020|949.52
1788866440|20260908192040|949.29
1788866450|20260908192050|949.38
1788866465|20260908192105|949.30
1788866470|20260908192110|949.23
1788866485|20260908192125|949.24
1788866495|20260908192135|949.12
1788866500|20260908192140|949.11
1788866505|20260908192145|949.08
1788866525|20260908192205|949.20
1788866530|20260908192210|949.28
1788866535|20260908192215|949.15
1788866540|20260908192220|949.17
1788866545|20260908192225|949.22
1788866565|20260908192245|949.21
1788866570|20260908192250|949.29
1788866575|20260908192255|949.27
1788866580|20260908192300|949.27
1788866585|20260908192305|949.26
1788866590|20260908192310|949.26
1788866595|20260908192315|949.21
1788866600|20260908192320|949.25
1788866605|20260908192325|949.27
1788866610|20260908192330|949.23
1788866630|20260908192350|949.16
1788866635|20260908192355|949.30
1788866640|20260908192400|949.26
1788866650|20260908192410|949.33
1788866655|20260908192415|949.27
1788866660|20260908192420|949.40
1788866665|20260908192425|949.40
1788866700|20260908192500|949.55
1788866710|20260908192510|949.53
1788866715|20260908192515|949.54
1788866720|20260908192520|949.53
1788866725|20260908192525|949.54
1788866735|20260908192535|949.44
1788866740|20260908192540|949.62
1788866745|20260908192545|949.66
1788866750|20260908192550|949.72
1788866755|20260908192555|949.71
1788866760|20260908192600|949.75
1788866765|20260908192605|949.76
1788866770|20260908192610|949.64
1788866775|20260908192615|949.59
1788866780|20260908192620|949.60
1788866785|20260908192625|949.63
1788866795|20260908192635|949.59
1788866800|20260908192640|949.62
1788866805|20260908192645|949.60
1788866810|20260908192650|949.64
1788866815|20260908192655|949.59
1788866825|20260908192705|949.63
1788866830|20260908192710|949.65
1788866835|20260908192715|949.71
1788866840|20260908192720|949.67
1788866845|20260908192725|949.65
1788866855|20260908192735|949.70
1788866860|20260908192740|949.71
1788866865|20260908192745|949.73
1788866870|20260908192750|949.72
1788866875|20260908192755|949.67
1788866880|20260908192800|949.56
1788866885|20260908192805|949.72
1788866895|20260908192815|949.75
1788866900|20260908192820|949.83
1788866905|20260908192825|949.90
1788866920|20260908192840|949.78
1788866925|20260908192845|949.83
1788866930|20260908192850|949.85
1788866935|20260908192855|949.86
1788866945|20260908192905|949.78
1788866950|20260908192910|949.67
1788866955|20260908192915|949.72
1788866960|20260908192920|949.72
1788866965|20260908192925|949.71
1788867000|20260908193000|949.69
1788867010|20260908193010|949.61
1788867015|20260908193015|949.50
1788867020|20260908193020|949.51
1788867025|20260908193025|949.59
1788867035|20260908193035|949.72
1788867045|20260908193045|949.58
1788867050|20260908193050|949.52
1788867055|20260908193055|949.54
1788867065|20260908193105|949.55
1788867070|20260908193110|949.58
1788867075|20260908193115|949.58
1788867080|20260908193120|949.63
1788867090|20260908193130|949.59
1788867095|20260908193135|949.64
1788867100|20260908193140|949.62
1788867105|20260908193145|949.62
1788867110|20260908193150|949.63
1788867115|20260908193155|949.60
1788867125|20260908193205|949.58
1788867130|20260908193210|949.51
1788867135|20260908193215|949.60
1788867140|20260908193220|949.53
1788867145|20260908193225|949.50
1788867150|20260908193230|949.49
1788867155|20260908193235|949.53
1788867165|20260908193245|949.55
1788867175|20260908193255|949.65
1788867190|20260908193310|949.93
1788867205|20260908193325|950.17
1788867215|20260908193335|950.29
1788867220|20260908193340|950.29
1788867225|20260908193345|950.24
1788867230|20260908193350|950.27
1788867235|20260908193355|950.29
1788867240|20260908193400|950.33
1788867245|20260908193405|950.30
1788867250|20260908193410|950.30
1788867255|20260908193415|950.23
1788867260|20260908193420|950.18
1788867265|20260908193425|950.20
1788867280|20260908193440|950.23
1788867305|20260908193505|950.48
1788867310|20260908193510|950.36
1788867315|20260908193515|950.38
1788867320|20260908193520|950.48
1788867325|20260908193525|950.46
1788867335|20260908193535|950.51
1788867340|20260908193540|950.54
1788867345|20260908193545|950.42
1788867350|20260908193550|950.31
1788867355|20260908193555|950.39
1788867360|20260908193600|950.37
1788867370|20260908193610|950.41
1788867375|20260908193615|950.35
1788867380|20260908193620|950.26
1788867395|20260908193635|950.43
1788867400|20260908193640|950.40
1788867405|20260908193645|950.44
1788867410|20260908193650|950.52
1788867420|20260908193700|950.60
1788867425|20260908193705|950.59
1788867430|20260908193710|950.62
1788867440|20260908193720|950.73
1788867460|20260908193740|950.90
1788867465|20260908193745|950.81
1788867470|20260908193750|950.85
1788867475|20260908193755|950.88
1788867480|20260908193800|951.00
1788867485|20260908193805|950.94
1788867490|20260908193810|950.70
1788867495|20260908193815|950.70
1788867500|20260908193820|950.81
1788867515|20260908193835|950.79
1788867520|20260908193840|950.84
1788867525|20260908193845|950.84
1788867530|20260908193850|950.77
1788867535|20260908193855|950.75
1788867540|20260908193900|950.64
1788867545|20260908193905|950.55
1788867550|20260908193910|950.58
1788867555|20260908193915|950.54
1788867560|20260908193920|950.60
1788867605|20260908194005|950.43
1788867610|20260908194010|950.43
1788867625|20260908194025|950.45
1788867635|20260908194035|950.49
1788867640|20260908194040|950.52
1788867650|20260908194050|950.54
1788867655|20260908194055|950.53
1788867660|20260908194100|950.67
1788867665|20260908194105|950.67
1788867680|20260908194120|950.52
1788867685|20260908194125|950.54
1788867695|20260908194135|950.51
1788867705|20260908194145|950.56
1788867710|20260908194150|950.50
1788867715|20260908194155|950.44
1788867725|20260908194205|950.46
1788867730|20260908194210|950.48
1788867735|20260908194215|950.59
1788867740|20260908194220|950.56
1788867745|20260908194225|950.51
1788867755|20260908194235|950.51
1788867760|20260908194240|950.44
1788867765|20260908194245|950.47
1788867770|20260908194250|950.37
1788867775|20260908194255|950.32
1788867780|20260908194300|950.32
1788867785|20260908194305|950.31
1788867790|20260908194310|950.43
1788867795|20260908194315|950.49
1788867800|20260908194320|950.68
1788867815|20260908194335|950.67
1788867820|20260908194340|950.68
1788867825|20260908194345|950.68
1788867830|20260908194350|950.65
1788867835|20260908194355|950.77
1788867840|20260908194400|950.67
1788867845|20260908194405|950.65
1788867850|20260908194410|950.61
1788867855|20260908194415|950.74
1788867860|20260908194420|950.79
1788867865|20260908194425|950.76
1788867900|20260908194500|950.08
1788867910|20260908194510|950.11
1788867915|20260908194515|950.14
1788867935|20260908194535|950.12
1788867940|20260908194540|950.15
1788867945|20260908194545|950.23
1788867955|20260908194555|950.18
1788867965|20260908194605|950.19
1788867970|20260908194610|950.24
1788867975|20260908194615|950.16
1788867985|20260908194625|950.17
1788867995|20260908194635|950.23
1788868000|20260908194640|950.12
1788868005|20260908194645|949.98
1788868010|20260908194650|949.95
1788868015|20260908194655|949.83
1788868025|20260908194705|949.95
1788868030|20260908194710|949.96
1788868040|20260908194720|949.84
1788868055|20260908194735|949.77
1788868060|20260908194740|949.63
1788868065|20260908194745|949.50
1788868070|20260908194750|949.47
1788868085|20260908194805|949.47
1788868090|20260908194810|949.41
1788868095|20260908194815|949.46
1788868100|20260908194820|949.41
1788868125|20260908194845|949.30
1788868130|20260908194850|949.22
1788868145|20260908194905|949.18
1788868150|20260908194910|949.27
1788868155|20260908194915|949.24
1788868160|20260908194920|949.31
1788868165|20260908194925|949.34
1788868205|20260908195005|949.25
1788868210|20260908195010|949.27
1788868215|20260908195015|949.31
1788868225|20260908195025|949.44
1788868235|20260908195035|949.39
1788868240|20260908195040|949.43
1788868245|20260908195045|949.75
1788868250|20260908195050|949.75
1788868255|20260908195055|949.79
1788868260|20260908195100|949.86
1788868265|20260908195105|949.85
1788868270|20260908195110|949.79
1788868275|20260908195115|949.59
1788868280|20260908195120|949.67
1788868285|20260908195125|949.62
1788868295|20260908195135|949.50
1788868300|20260908195140|949.52
1788868305|20260908195145|949.50
1788868310|20260908195150|949.50
1788868315|20260908195155|949.40
1788868320|20260908195200|949.24
1788868325|20260908195205|949.11
1788868330|20260908195210|949.06
1788868335|20260908195215|948.90
1788868340|20260908195220|948.91
1788868345|20260908195225|948.89
1788868355|20260908195235|948.84
1788868360|20260908195240|948.94
1788868365|20260908195245|948.98
1788868370|20260908195250|949.10
1788868375|20260908195255|949.06
1788868385|20260908195305|949.09
1788868390|20260908195310|948.92
1788868395|20260908195315|948.96
1788868400|20260908195320|949.08
1788868405|20260908195325|949.05
1788868415|20260908195335|949.07
1788868420|20260908195340|949.10
1788868425|20260908195345|949.12
1788868430|20260908195350|949.20
1788868435|20260908195355|949.20
1788868445|20260908195405|949.15
1788868450|20260908195410|949.28
1788868455|20260908195415|949.28
1788868460|20260908195420|949.28
1788868465|20260908195425|949.25
1788868480|20260908195440|949.28
1788868505|20260908195505|949.40
1788868510|20260908195510|949.40
1788868515|20260908195515|949.45
1788868520|20260908195520|949.54
1788868525|20260908195525|949.53
1788868535|20260908195535|949.67
1788868540|20260908195540|949.70
1788868545|20260908195545|949.77
1788868550|20260908195550|949.88
1788868560|20260908195600|949.85
1788868565|20260908195605|949.79
1788868575|20260908195615|949.78
1788868580|20260908195620|949.86
1788868585|20260908195625|949.89
1788868595|20260908195635|949.88
1788868600|20260908195640|949.90
1788868605|20260908195645|949.87
1788868610|20260908195650|949.89
1788868615|20260908195655|949.84
1788868620|20260908195700|949.84
1788868625|20260908195705|949.86
1788868630|20260908195710|949.88
1788868635|20260908195715|949.90
1788868640|20260908195720|949.90
1788868645|20260908195725|949.88
1788868655|20260908195735|949.87
1788868660|20260908195740|949.92
1788868670|20260908195750|949.89
1788868675|20260908195755|949.89
1788868680|20260908195800|949.90
1788868700|20260908195820|949.90
1788868705|20260908195825|949.94
1788868715|20260908195835|950.32
1788868720|20260908195840|950.31
1788868725|20260908195845|950.36
1788868730|20260908195850|950.37
1788868735|20260908195855|950.48
1788868745|20260908195905|950.38
1788868750|20260908195910|950.46
1788868755|20260908195915|950.50
1788868760|20260908195920|950.56
1788868765|20260908195925|950.67
1788868800|20260908200000|950.70
1788868805|20260908200005|950.71
1788868810|20260908200010|950.53
1788868815|20260908200015|950.58
1788868820|20260908200020|950.54
1788868835|20260908200035|950.22
1788868840|20260908200040|950.18
1788868845|20260908200045|950.13
1788868850|20260908200050|950.06
1788868855|20260908200055|950.17
1788868865|20260908200105|950.29
1788868870|20260908200110|950.18
1788868875|20260908200115|950.46
1788868880|20260908200120|950.48
1788868885|20260908200125|950.44
1788868895|20260908200135|950.52
1788868900|20260908200140|950.43
1788868910|20260908200150|950.27
1788868915|20260908200155|950.31
1788868920|20260908200200|950.37
1788868925|20260908200205|950.24
1788868930|20260908200210|950.20
1788868940|20260908200220|950.34
1788868945|20260908200225|950.35
1788868955|20260908200235|950.26
1788868960|20260908200240|950.20
1788868965|20260908200245|950.00
1788868970|20260908200250|949.97
1788868975|20260908200255|950.15
1788868980|20260908200300|950.14
1788868990|20260908200310|950.03
1788868995|20260908200315|950.03
1788869000|20260908200320|950.00
1788869005|20260908200325|950.02
1788869015|20260908200335|950.02
1788869020|20260908200340|949.90
1788869025|20260908200345|950.00
1788869030|20260908200350|949.96
1788869035|20260908200355|949.92
1788869050|20260908200410|950.01
1788869055|20260908200415|949.92
1788869060|20260908200420|950.01
1788869065|20260908200425|950.07
1788869100|20260908200500|949.91
1788869110|20260908200510|949.82
1788869120|20260908200520|949.95
1788869125|20260908200525|949.84
1788869135|20260908200535|949.81
1788869140|20260908200540|949.82
1788869145|20260908200545|949.86
1788869150|20260908200550|950.04
1788869155|20260908200555|950.12
1788869165|20260908200605|949.97
1788869170|20260908200610|949.84
1788869175|20260908200615|949.94
1788869180|20260908200620|949.95
1788869185|20260908200625|949.98
1788869195|20260908200635|949.90
1788869200|20260908200640|949.96
1788869205|20260908200645|949.94
1788869210|20260908200650|949.87
1788869230|20260908200710|950.08
1788869235|20260908200715|950.02
1788869245|20260908200725|950.13
1788869260|20260908200740|950.16
1788869265|20260908200745|950.15
1788869275|20260908200755|950.19
1788869290|20260908200810|950.19
1788869295|20260908200815|950.02
1788869305|20260908200825|950.22
1788869315|20260908200835|949.97
1788869320|20260908200840|949.95
1788869330|20260908200850|950.07
1788869335|20260908200855|949.98
1788869345|20260908200905|950.05
1788869350|20260908200910|950.00
1788869355|20260908200915|950.02
1788869365|20260908200925|949.99
1788869395|20260908200955|950.21
1788869400|20260908201000|950.12
1788869405|20260908201005|950.07
1788869410|20260908201010|950.11
1788869415|20260908201015|950.12
1788869420|20260908201020|950.14
1788869425|20260908201025|949.94
1788869435|20260908201035|949.96
1788869440|20260908201040|949.84
1788869445|20260908201045|949.80
1788869450|20260908201050|949.60
1788869455|20260908201055|949.61
1788869470|20260908201110|949.48
1788869480|20260908201120|949.36
1788869485|20260908201125|949.21
1788869495|20260908201135|949.03
1788869500|20260908201140|949.06
1788869505|20260908201145|949.25
1788869510|20260908201150|949.20
1788869525|20260908201205|949.01
1788869530|20260908201210|949.18
1788869535|20260908201215|949.08
1788869540|20260908201220|948.74
1788869545|20260908201225|948.76
1788869555|20260908201235|948.62
1788869560|20260908201240|948.44
1788869565|20260908201245|948.19
1788869570|20260908201250|948.20
1788869575|20260908201255|948.14
1788869590|20260908201310|947.95
1788869605|20260908201325|948.20
1788869620|20260908201340|948.17
1788869625|20260908201345|947.84
1788869630|20260908201350|947.83
1788869635|20260908201355|947.83
1788869650|20260908201410|947.59
1788869655|20260908201415|947.66
1788869660|20260908201420|947.77
1788869665|20260908201425|947.70
1788869700|20260908201500|947.52
1788869705|20260908201505|947.41
1788869710|20260908201510|947.02
1788869720|20260908201520|946.83
1788869725|20260908201525|946.32
1788869735|20260908201535|946.27
1788869740|20260908201540|946.26
1788869745|20260908201545|946.62
1788869750|20260908201550|946.56
1788869755|20260908201555|946.51
1788869770|20260908201610|947.11
1788869775|20260908201615|947.15
1788869785|20260908201625|947.14
1788869795|20260908201635|947.15
1788869805|20260908201645|947.06
1788869810|20260908201650|947.00
1788869815|20260908201655|946.92
1788869825|20260908201705|946.90
1788869830|20260908201710|947.17
1788869835|20260908201715|947.03
1788869840|20260908201720|946.94
1788869845|20260908201725|946.93
1788869855|20260908201735|947.18
1788869860|20260908201740|946.80
1788869865|20260908201745|946.74
1788869870|20260908201750|946.95
1788869875|20260908201755|946.75
1788869885|20260908201805|946.57
1788869890|20260908201810|946.72
1788869895|20260908201815|946.79
1788869900|20260908201820|946.75
1788869915|20260908201835|947.27
1788869925|20260908201845|947.32
1788869930|20260908201850|947.05
1788869935|20260908201855|947.04
1788869950|20260908201910|947.02
1788869955|20260908201915|946.79
1788869960|20260908201920|946.70
1788869965|20260908201925|946.95
1788870005|20260908202005|947.46
1788870010|20260908202010|947.03
1788870015|20260908202015|946.78
1788870020|20260908202020|946.76
1788870025|20260908202025|946.62
1788870035|20260908202035|947.41
1788870045|20260908202045|947.88
1788870055|20260908202055|948.07
1788870070|20260908202110|948.17
1788870085|20260908202125|948.26
1788870095|20260908202135|948.29
1788870100|20260908202140|948.32
1788870105|20260908202145|948.28
1788870110|20260908202150|948.18
1788870125|20260908202205|948.06
1788870130|20260908202210|948.05
1788870135|20260908202215|948.01
1788870140|20260908202220|947.85
1788870145|20260908202225|947.75
1788870155|20260908202235|947.73
1788870170|20260908202250|947.49
1788870175|20260908202255|947.40
1788870185|20260908202305|947.40
1788870190|20260908202310|947.39
1788870195|20260908202315|947.33
1788870200|20260908202320|947.27
1788870205|20260908202325|947.50
1788870215|20260908202335|947.50
1788870220|20260908202340|947.70
1788870225|20260908202345|947.77
1788870230|20260908202350|947.91
1788870235|20260908202355|947.90
1788870245|20260908202405|947.97
1788870250|20260908202410|947.92
1788870255|20260908202415|947.94
1788870265|20260908202425|947.89
1788870275|20260908202435|947.86
1788870305|20260908202505|948.24
1788870310|20260908202510|948.33
1788870315|20260908202515|948.29
1788870320|20260908202520|948.29
1788870325|20260908202525|948.31
1788870340|20260908202540|948.38
1788870345|20260908202545|948.46
1788870355|20260908202555|948.55
1788870365|20260908202605|948.78
1788870370|20260908202610|948.90
1788870380|20260908202620|948.83
1788870385|20260908202625|948.73
1788870395|20260908202635|948.70
1788870405|20260908202645|948.67
1788870410|20260908202650|948.74
1788870415|20260908202655|948.70
1788870425|20260908202705|948.85
1788870430|20260908202710|948.68
1788870435|20260908202715|948.96
1788870440|20260908202720|948.83
1788870445|20260908202725|948.74
1788870455|20260908202735|948.85
1788870460|20260908202740|948.91
1788870465|20260908202745|949.13
1788870470|20260908202750|949.06
1788870475|20260908202755|949.05
1788870480|20260908202800|949.00
1788870485|20260908202805|948.88
1788870500|20260908202820|948.71
1788870505|20260908202825|948.81
1788870515|20260908202835|948.64
1788870525|20260908202845|948.75
1788870530|20260908202850|948.80
1788870535|20260908202855|948.76
1788870545|20260908202905|948.87
1788870550|20260908202910|948.87
1788870555|20260908202915|949.12
1788870560|20260908202920|949.25
1788870600|20260908203000|949.64
1788870605|20260908203005|950.17
1788870610|20260908203010|949.84
1788870620|20260908203020|949.63
1788870625|20260908203025|949.62
1788870640|20260908203040|949.73
1788870645|20260908203045|949.68
1788870650|20260908203050|949.66
1788870655|20260908203055|949.74
1788870665|20260908203105|949.84
1788870670|20260908203110|949.78
1788870675|20260908203115|949.75
1788870680|20260908203120|949.78
1788870685|20260908203125|949.69
1788870690|20260908203130|949.76
1788870700|20260908203140|949.76
1788870705|20260908203145|949.71
1788870710|20260908203150|949.58
1788870715|20260908203155|949.49
1788870725|20260908203205|949.87
1788870735|20260908203215|950.25
1788870740|20260908203220|950.25
1788870745|20260908203225|950.20
1788870755|20260908203235|950.27
1788870760|20260908203240|950.48
1788870765|20260908203245|950.48
1788870770|20260908203250|950.60
1788870775|20260908203255|950.69
1788870785|20260908203305|950.79
1788870790|20260908203310|950.74
1788870795|20260908203315|950.73
1788870800|20260908203320|950.65
1788870805|20260908203325|950.54
1788870815|20260908203335|950.57
1788870820|20260908203340|950.52
1788870825|20260908203345|950.58
1788870830|20260908203350|950.65
1788870835|20260908203355|951.01
1788870850|20260908203410|950.88
1788870855|20260908203415|950.89
1788870860|20260908203420|950.88
1788870865|20260908203425|950.90
1788870900|20260908203500|950.45
1788870905|20260908203505|950.34
1788870910|20260908203510|950.11
1788870915|20260908203515|950.02
1788870920|20260908203520|949.83
1788870925|20260908203525|949.72
1788870940|20260908203540|949.72
1788870945|20260908203545|949.84
1788870950|20260908203550|949.82
1788870965|20260908203605|949.78
1788870970|20260908203610|949.94
1788870975|20260908203615|949.82
1788870980|20260908203620|949.86
1788870995|20260908203635|949.85
1788871000|20260908203640|949.93
1788871005|20260908203645|949.80
1788871010|20260908203650|949.69
1788871015|20260908203655|949.79
1788871025|20260908203705|950.04
1788871030|20260908203710|949.93
1788871035|20260908203715|949.81
1788871040|20260908203720|949.77
1788871045|20260908203725|949.69
1788871055|20260908203735|949.63
1788871060|20260908203740|949.56
1788871070|20260908203750|949.64
1788871075|20260908203755|949.57
1788871085|20260908203805|949.61
1788871090|20260908203810|949.41
1788871095|20260908203815|949.23
1788871100|20260908203820|949.19
1788871105|20260908203825|949.21
1788871120|20260908203840|949.00
1788871125|20260908203845|949.13
1788871130|20260908203850|949.20
1788871135|20260908203855|949.27
1788871145|20260908203905|949.26
1788871150|20260908203910|949.21
1788871165|20260908203925|949.22
1788871200|20260908204000|949.55
1788871205|20260908204005|949.62
1788871210|20260908204010|949.52
1788871215|20260908204015|949.24
1788871220|20260908204020|949.16
1788871225|20260908204025|949.26
1788871235|20260908204035|949.11
1788871240|20260908204040|949.22
1788871245|20260908204045|949.26
1788871250|20260908204050|949.16
1788871260|20260908204100|948.93
1788871265|20260908204105|948.88
1788871270|20260908204110|948.88
1788871275|20260908204115|948.94
1788871280|20260908204120|948.83
1788871285|20260908204125|948.90
1788871295|20260908204135|948.85
1788871300|20260908204140|948.92
1788871305|20260908204145|948.93
1788871310|20260908204150|948.94
1788871315|20260908204155|948.99
1788871325|20260908204205|949.11
1788871330|20260908204210|949.16
1788871335|20260908204215|949.16
1788871340|20260908204220|949.14
1788871345|20260908204225|949.16
1788871355|20260908204235|949.10
1788871360|20260908204240|949.08
1788871370|20260908204250|949.02
1788871375|20260908204255|948.90
1788871385|20260908204305|948.93
1788871390|20260908204310|948.79
1788871395|20260908204315|948.72
1788871400|20260908204320|948.73
1788871415|20260908204335|948.82
1788871420|20260908204340|948.70
1788871425|20260908204345|948.64
1788871435|20260908204355|948.44
1788871445|20260908204405|948.42
1788871450|20260908204410|948.34
1788871455|20260908204415|948.48
1788871460|20260908204420|948.38
1788871465|20260908204425|948.44
1788871505|20260908204505|948.47
1788871515|20260908204515|948.49
1788871520|20260908204520|948.59
1788871525|20260908204525|948.61
1788871535|20260908204535|948.51
1788871540|20260908204540|948.40
1788871545|20260908204545|948.43
1788871550|20260908204550|948.41
1788871555|20260908204555|948.48
1788871570|20260908204610|948.48
1788871575|20260908204615|948.51
1788871580|20260908204620|948.62
1788871585|20260908204625|948.68
1788871595|20260908204635|949.02
1788871600|20260908204640|948.96
1788871605|20260908204645|948.94
1788871610|20260908204650|948.71
1788871625|20260908204705|948.65
1788871630|20260908204710|948.94
1788871635|20260908204715|948.91
1788871640|20260908204720|948.89
1788871645|20260908204725|948.91
1788871655|20260908204735|949.21
1788871660|20260908204740|949.09
1788871665|20260908204745|949.19
1788871670|20260908204750|949.40
1788871675|20260908204755|949.37
1788871680|20260908204800|949.29
1788871685|20260908204805|949.28
1788871695|20260908204815|949.25
1788871705|20260908204825|949.31
1788871715|20260908204835|949.22
1788871720|20260908204840|949.22
1788871725|20260908204845|949.21
1788871730|20260908204850|948.96
1788871735|20260908204855|949.07
1788871745|20260908204905|949.01
1788871755|20260908204915|949.20
1788871765|20260908204925|949.49
1788871805|20260908205005|949.83
1788871810|20260908205010|949.75
1788871815|20260908205015|949.69
1788871820|20260908205020|949.78
1788871825|20260908205025|949.79
1788871835|20260908205035|949.75
1788871840|20260908205040|949.77
1788871845|20260908205045|949.80
1788871850|20260908205050|949.83
1788871855|20260908205055|949.76
1788871870|20260908205110|949.84
1788871875|20260908205115|949.79
1788871880|20260908205120|949.64
1788871885|20260908205125|949.77
1788871895|20260908205135|949.69
1788871900|20260908205140|949.67
1788871905|20260908205145|949.71
1788871915|20260908205155|949.83
1788871925|20260908205205|949.85
1788871930|20260908205210|949.70
1788871935|20260908205215|949.87
1788871940|20260908205220|949.76
1788871945|20260908205225|949.73
1788871955|20260908205235|949.88
1788871960|20260908205240|949.89
1788871965|20260908205245|949.88
1788871970|20260908205250|949.93
1788871975|20260908205255|950.01
1788871985|20260908205305|949.63
1788871990|20260908205310|949.65
1788871995|20260908205315|949.56
1788872000|20260908205320|949.58
1788872015|20260908205335|949.55
1788872030|20260908205350|949.60
1788872035|20260908205355|949.59
1788872040|20260908205400|949.59
1788872045|20260908205405|949.60
1788872050|20260908205410|949.68
1788872055|20260908205415|949.64
1788872065|20260908205425|949.72
1788872100|20260908205500|950.04
1788872105|20260908205505|949.99
1788872120|20260908205520|949.98
1788872125|20260908205525|950.15
1788872135|20260908205535|950.30
1788872140|20260908205540|950.30
1788872145|20260908205545|950.17
1788872150|20260908205550|950.07
1788872155|20260908205555|950.31
1788872160|20260908205600|950.44
1788872170|20260908205610|950.60
1788872175|20260908205615|950.60
1788872180|20260908205620|950.73
1788872185|20260908205625|950.61
1788872195|20260908205635|950.71
1788872200|20260908205640|950.66
1788872205|20260908205645|950.23
1788872210|20260908205650|950.16
1788872215|20260908205655|950.24
1788872225|20260908205705|950.37
1788872230|20260908205710|950.40
1788872235|20260908205715|950.36
1788872240|20260908205720|950.44
1788872255|20260908205735|950.56
1788872260|20260908205740|950.74
1788872265|20260908205745|950.78
1788872270|20260908205750|950.75
1788872275|20260908205755|950.74
1788872285|20260908205805|950.74
1788872290|20260908205810|950.83
1788872295|20260908205815|950.90
1788872300|20260908205820|950.86
1788872305|20260908205825|950.81
1788872315|20260908205835|950.61
1788872320|20260908205840|950.59
1788872325|20260908205845|950.71
1788872330|20260908205850|950.80
1788872335|20260908205855|950.88
1788872350|20260908205910|951.34
1788872355|20260908205915|951.30
1788872360|20260908205920|951.47
1788872365|20260908205925|951.32
1788872370|20260908205930|951.32
1788872380|20260908205940|951.59
1788872400|20260908210000|951.81
1788872405|20260908210005|951.99
1788872410|20260908210010|951.77
1788872415|20260908210015|951.81
1788872420|20260908210020|951.72
1788872425|20260908210025|951.49
1788872435|20260908210035|951.46
1788872440|20260908210040|951.21
1788872445|20260908210045|950.86
1788872450|20260908210050|950.73
1788872455|20260908210055|950.68
1788872465|20260908210105|950.86
1788872470|20260908210110|950.95
1788872475|20260908210115|950.84
1788872480|20260908210120|950.88
1788872495|20260908210135|950.67
1788872500|20260908210140|950.56
1788872505|20260908210145|950.39
1788872510|20260908210150|950.31
1788872520|20260908210200|950.27
1788872525|20260908210205|950.24
1788872540|20260908210220|950.23
1788872545|20260908210225|950.18
1788872555|20260908210235|950.26
1788872560|20260908210240|950.13
1788872565|20260908210245|950.05
1788872575|20260908210255|950.09
1788872580|20260908210300|950.24
1788872595|20260908210315|950.15
1788872600|20260908210320|950.16
1788872605|20260908210325|950.23
1788872615|20260908210335|950.42
1788872625|20260908210345|950.30
1788872630|20260908210350|950.29
1788872635|20260908210355|950.13
1788872640|20260908210400|950.11
1788872645|20260908210405|949.88
1788872650|20260908210410|950.00
1788872655|20260908210415|950.18
1788872660|20260908210420|950.05
1788872665|20260908210425|950.05
1788872700|20260908210500|950.60
1788872705|20260908210505|950.52
1788872720|20260908210520|950.73
1788872725|20260908210525|950.74
1788872735|20260908210535|950.62
1788872740|20260908210540|950.55
1788872745|20260908210545|950.39
1788872750|20260908210550|950.63
1788872755|20260908210555|950.66
1788872760|20260908210600|950.73
1788872765|20260908210605|950.49
1788872770|20260908210610|950.53
1788872775|20260908210615|950.61
1788872780|20260908210620|950.43
1788872785|20260908210625|950.42
1788872795|20260908210635|950.60
1788872800|20260908210640|950.52
1788872805|20260908210645|950.42
1788872810|20260908210650|950.43
1788872820|20260908210700|950.22
1788872825|20260908210705|950.17
1788872830|20260908210710|950.11
1788872835|20260908210715|950.08
1788872840|20260908210720|950.22
1788872860|20260908210740|950.28
1788872865|20260908210745|950.35
1788872875|20260908210755|950.53
1788872885|20260908210805|950.56
1788872890|20260908210810|950.62
1788872895|20260908210815|950.63
1788872900|20260908210820|950.62
1788872905|20260908210825|950.61
1788872915|20260908210835|950.35
1788872920|20260908210840|950.60
1788872925|20260908210845|950.48
1788872930|20260908210850|950.15
1788872935|20260908210855|950.18
1788872945|20260908210905|949.92
1788872950|20260908210910|949.84
1788872960|20260908210920|949.98
1788872965|20260908210925|950.02
1788873005|20260908211005|950.12
1788873010|20260908211010|950.16
1788873015|20260908211015|950.26
1788873020|20260908211020|950.29
1788873025|20260908211025|950.36
1788873035|20260908211035|950.37
1788873040|20260908211040|950.28
1788873045|20260908211045|950.24
1788873050|20260908211050|950.27
1788873060|20260908211100|950.61
1788873065|20260908211105|950.57
1788873070|20260908211110|950.63
1788873075|20260908211115|950.65
1788873080|20260908211120|950.63
1788873085|20260908211125|950.67
1788873095|20260908211135|950.63
1788873100|20260908211140|950.59
1788873105|20260908211145|950.54
1788873115|20260908211155|950.48
1788873120|20260908211200|950.46
1788873125|20260908211205|950.46
1788873130|20260908211210|950.61
1788873135|20260908211215|950.64
1788873140|20260908211220|950.58
1788873145|20260908211225|950.71
1788873155|20260908211235|950.93
1788873160|20260908211240|950.92
1788873165|20260908211245|950.95
1788873170|20260908211250|950.77
1788873175|20260908211255|950.76
1788873180|20260908211300|950.75
1788873185|20260908211305|950.74
1788873190|20260908211310|950.84
1788873195|20260908211315|950.82
1788873200|20260908211320|950.80
1788873205|20260908211325|950.76
1788873215|20260908211335|950.67
1788873220|20260908211340|950.78
1788873225|20260908211345|950.79
1788873230|20260908211350|950.73
1788873245|20260908211405|950.94
1788873250|20260908211410|951.00
1788873255|20260908211415|951.02
1788873260|20260908211420|951.06
1788873265|20260908211425|950.73
1788873300|20260908211500|951.14
1788873305|20260908211505|951.10
1788873310|20260908211510|950.85
1788873315|20260908211515|950.89
1788873320|20260908211520|950.90
1788873340|20260908211540|950.88
1788873345|20260908211545|950.76
1788873350|20260908211550|950.74
1788873355|20260908211555|950.78
1788873360|20260908211600|950.87
1788873365|20260908211605|950.87
1788873370|20260908211610|950.93
1788873375|20260908211615|950.84
1788873380|20260908211620|950.91
1788873385|20260908211625|951.18
1788873395|20260908211635|950.92
1788873400|20260908211640|950.66
1788873405|20260908211645|950.55
1788873410|20260908211650|950.57
1788873415|20260908211655|950.64
1788873425|20260908211705|950.80
1788873430|20260908211710|951.05
1788873435|20260908211715|950.96
1788873440|20260908211720|951.08
1788873445|20260908211725|951.19
1788873455|20260908211735|951.10
1788873460|20260908211740|951.22
1788873465|20260908211745|951.19
1788873470|20260908211750|951.15
1788873475|20260908211755|951.29
1788873480|20260908211800|951.07
1788873485|20260908211805|951.12
1788873490|20260908211810|951.18
1788873495|20260908211815|951.16
1788873500|20260908211820|951.21
1788873505|20260908211825|951.10
1788873515|20260908211835|951.22
1788873520|20260908211840|951.24
1788873525|20260908211845|951.13
1788873530|20260908211850|951.25
1788873535|20260908211855|951.32
1788873545|20260908211905|951.55
1788873550|20260908211910|951.51
1788873555|20260908211915|951.24
1788873560|20260908211920|951.26
1788873565|20260908211925|951.28
1788873605|20260908212005|951.07
1788873610|20260908212010|951.14
1788873615|20260908212015|951.11
1788873620|20260908212020|951.12
1788873625|20260908212025|951.00
1788873635|20260908212035|951.04
1788873640|20260908212040|951.15
1788873645|20260908212045|950.90
1788873650|20260908212050|950.72
1788873655|20260908212055|950.66
1788873665|20260908212105|950.61
1788873670|20260908212110|950.58
1788873675|20260908212115|950.59
1788873680|20260908212120|950.48
1788873685|20260908212125|950.56
1788873695|20260908212135|950.42
1788873700|20260908212140|950.18
1788873705|20260908212145|950.25
1788873710|20260908212150|950.22
1788873725|20260908212205|950.56
1788873730|20260908212210|950.48
1788873735|20260908212215|950.41
1788873740|20260908212220|950.32
1788873745|20260908212225|950.24
1788873755|20260908212235|950.39
1788873760|20260908212240|950.38
1788873770|20260908212250|950.29
1788873775|20260908212255|950.41
1788873785|20260908212305|950.69
1788873790|20260908212310|950.93
1788873795|20260908212315|950.88
1788873800|20260908212320|950.90
1788873805|20260908212325|950.80
1788873820|20260908212340|950.68
1788873825|20260908212345|950.66
1788873830|20260908212350|950.70
1788873835|20260908212355|950.80
1788873845|20260908212405|950.96
1788873850|20260908212410|950.96
1788873855|20260908212415|950.84
1788873860|20260908212420|950.88
1788873865|20260908212425|950.90
1788873905|20260908212505|949.88
1788873910|20260908212510|949.95
1788873915|20260908212515|949.92
1788873920|20260908212520|949.91
1788873925|20260908212525|949.96
1788873940|20260908212540|950.01
1788873945|20260908212545|949.89
1788873950|20260908212550|949.98
1788873955|20260908212555|949.91
1788873960|20260908212600|949.93
1788873970|20260908212610|949.84
1788873985|20260908212625|949.57
1788874000|20260908212640|949.63
1788874005|20260908212645|949.79
1788874010|20260908212650|949.73
1788874025|20260908212705|949.91
1788874030|20260908212710|949.95
1788874035|20260908212715|949.95
1788874040|20260908212720|949.93
1788874045|20260908212725|949.77
1788874055|20260908212735|949.51
1788874060|20260908212740|949.45
1788874065|20260908212745|949.33
1788874070|20260908212750|949.41
1788874075|20260908212755|949.53
1788874080|20260908212800|949.35
1788874085|20260908212805|949.38
1788874090|20260908212810|949.30
1788874095|20260908212815|949.31
1788874100|20260908212820|949.26
1788874105|20260908212825|949.34
1788874115|20260908212835|949.31
1788874120|20260908212840|949.29
1788874125|20260908212845|949.27
1788874130|20260908212850|949.25
1788874135|20260908212855|949.30
1788874140|20260908212900|949.33
1788874145|20260908212905|949.27
1788874150|20260908212910|949.34
1788874155|20260908212915|949.35
1788874160|20260908212920|949.39
1788874205|20260908213005|949.41
1788874210|20260908213010|949.50
1788874215|20260908213015|949.92
1788874225|20260908213025|950.37
1788874235|20260908213035|950.09
1788874240|20260908213040|950.11
1788874245|20260908213045|950.16
1788874250|20260908213050|950.38
1788874255|20260908213055|950.49
1788874270|20260908213110|950.40
1788874280|20260908213120|950.07
1788874285|20260908213125|950.29
1788874295|20260908213135|950.27
1788874305|20260908213145|950.28
1788874310|20260908213150|950.25
1788874315|20260908213155|950.23
1788874325|20260908213205|949.89
1788874330|20260908213210|949.61
1788874335|20260908213215|949.74
1788874340|20260908213220|949.39
1788874345|20260908213225|949.37
1788874355|20260908213235|949.22
1788874360|20260908213240|949.19
1788874365|20260908213245|949.43
1788874370|20260908213250|949.42
1788874375|20260908213255|949.48
1788874385|20260908213305|949.23
1788874390|20260908213310|949.14
1788874395|20260908213315|949.26
1788874400|20260908213320|949.30
1788874405|20260908213325|949.77
1788874415|20260908213335|949.94
1788874420|20260908213340|950.01
1788874425|20260908213345|950.06
1788874430|20260908213350|950.17
1788874435|20260908213355|950.24
1788874445|20260908213405|949.83
1788874450|20260908213410|949.74
1788874455|20260908213415|949.74
1788874460|20260908213420|949.91
1788874465|20260908213425|949.93
1788874500|20260908213500|948.92
1788874505|20260908213505|948.90
1788874525|20260908213525|948.78
1788874535|20260908213535|948.62
1788874540|20260908213540|948.70
1788874545|20260908213545|948.83
1788874555|20260908213555|948.72
1788874565|20260908213605|948.71
1788874570|20260908213610|948.96
1788874575|20260908213615|948.98
1788874580|20260908213620|948.83
1788874595|20260908213635|948.96
1788874600|20260908213640|949.01
1788874605|20260908213645|949.00
1788874610|20260908213650|948.86
1788874615|20260908213655|948.79
1788874630|20260908213710|948.74
1788874635|20260908213715|948.63
1788874640|20260908213720|948.59
1788874645|20260908213725|948.68
1788874655|20260908213735|948.75
1788874660|20260908213740|948.68
1788874665|20260908213745|949.03
1788874670|20260908213750|949.05
1788874675|20260908213755|949.24
1788874685|20260908213805|949.38
1788874690|20260908213810|949.48
1788874695|20260908213815|949.44
1788874700|20260908213820|949.46
1788874705|20260908213825|949.52
1788874715|20260908213835|949.46
1788874720|20260908213840|949.53
1788874725|20260908213845|949.63
1788874730|20260908213850|949.34
1788874735|20260908213855|949.21
1788874745|20260908213905|949.28
1788874750|20260908213910|949.42
1788874755|20260908213915|949.57
1788874760|20260908213920|949.71
1788874765|20260908213925|949.71
1788874805|20260908214005|949.04
1788874810|20260908214010|948.72
1788874815|20260908214015|948.81
1788874820|20260908214020|948.75
1788874825|20260908214025|948.64
1788874840|20260908214040|948.67
1788874855|20260908214055|948.36
1788874865|20260908214105|948.47
1788874870|20260908214110|948.30
1788874875|20260908214115|948.12
1788874880|20260908214120|948.21
1788874885|20260908214125|948.23
1788874895|20260908214135|948.27
1788874900|20260908214140|948.45
1788874905|20260908214145|948.26
1788874910|20260908214150|948.49
1788874915|20260908214155|948.55
1788874925|20260908214205|948.10
1788874935|20260908214215|947.81
1788874940|20260908214220|947.45
1788874955|20260908214235|947.26
1788874960|20260908214240|947.43
1788874965|20260908214245|947.50
1788874970|20260908214250|947.59
1788874975|20260908214255|947.45
1788874985|20260908214305|947.65
1788874990|20260908214310|947.70
1788874995|20260908214315|947.67
1788875000|20260908214320|947.68
1788875005|20260908214325|947.75
1788875015|20260908214335|947.80
1788875020|20260908214340|947.86
1788875025|20260908214345|948.10
1788875030|20260908214350|948.14
1788875035|20260908214355|948.12
1788875045|20260908214405|948.24
1788875050|20260908214410|948.48
1788875055|20260908214415|948.54
1788875060|20260908214420|948.57
1788875065|20260908214425|948.54
1788875105|20260908214505|948.58
1788875110|20260908214510|948.87
1788875120|20260908214520|948.98
1788875125|20260908214525|948.98
1788875135|20260908214535|948.94
1788875140|20260908214540|948.97
1788875145|20260908214545|948.47
1788875150|20260908214550|948.12
1788875155|20260908214555|948.24
1788875170|20260908214610|948.41
1788875200|20260908214640|948.26
1788875205|20260908214645|948.32
1788875215|20260908214655|948.62
1788875225|20260908214705|949.13
1788875230|20260908214710|949.19
1788875235|20260908214715|949.32
1788875240|20260908214720|949.46
1788875245|20260908214725|949.16
1788875255|20260908214735|948.89
1788875260|20260908214740|948.87
1788875265|20260908214745|948.91
1788875270|20260908214750|948.74
1788875275|20260908214755|948.71
1788875290|20260908214810|949.05
1788875300|20260908214820|949.24
1788875305|20260908214825|949.29
1788875315|20260908214835|949.56
1788875320|20260908214840|949.67
1788875325|20260908214845|949.41
1788875330|20260908214850|949.14
1788875345|20260908214905|949.00
1788875355|20260908214915|949.27
1788875365|20260908214925|949.30
1788875400|20260908215000|949.83
1788875405|20260908215005|949.85
1788875420|20260908215020|949.90
1788875425|20260908215025|949.88
1788875435|20260908215035|949.70
1788875445|20260908215045|949.74
1788875450|20260908215050|949.68
1788875455|20260908215055|949.76
1788875460|20260908215100|949.77
1788875465|20260908215105|949.63
1788875470|20260908215110|949.63
1788875475|20260908215115|949.77
1788875480|20260908215120|949.51
1788875495|20260908215135|949.30
1788875500|20260908215140|949.39
1788875505|20260908215145|949.30
1788875515|20260908215155|949.38
1788875525|20260908215205|949.20
1788875530|20260908215210|948.98
1788875535|20260908215215|948.81
1788875540|20260908215220|949.00
1788875555|20260908215235|949.00
1788875560|20260908215240|948.90
1788875565|20260908215245|949.10
1788875570|20260908215250|949.09
1788875575|20260908215255|948.99
1788875585|20260908215305|949.11
1788875590|20260908215310|949.13
1788875595|20260908215315|948.93
1788875600|20260908215320|948.96
1788875605|20260908215325|949.11
1788875615|20260908215335|948.81
1788875620|20260908215340|948.86
1788875625|20260908215345|949.03
1788875630|20260908215350|948.97
1788875635|20260908215355|949.06
1788875645|20260908215405|948.98
1788875650|20260908215410|948.93
1788875660|20260908215420|949.19
1788875665|20260908215425|949.34
1788875680|20260908215440|949.67
1788875705|20260908215505|950.22
1788875710|20260908215510|950.35
1788875720|20260908215520|950.39
1788875725|20260908215525|950.62
1788875735|20260908215535|950.33
1788875740|20260908215540|950.56
1788875745|20260908215545|950.49
1788875750|20260908215550|950.57
1788875755|20260908215555|950.73
1788875765|20260908215605|950.78
1788875770|20260908215610|950.72
1788875775|20260908215615|950.85
1788875780|20260908215620|950.80
1788875785|20260908215625|950.75
1788875795|20260908215635|950.30
1788875800|20260908215640|950.25
1788875805|20260908215645|950.32
1788875810|20260908215650|950.11
1788875815|20260908215655|950.30
1788875825|20260908215705|950.23
1788875830|20260908215710|950.22
1788875835|20260908215715|950.43
1788875840|20260908215720|950.46
1788875845|20260908215725|950.49
1788875855|20260908215735|950.53
1788875865|20260908215745|950.37
1788875870|20260908215750|950.42
1788875885|20260908215805|950.22
1788875890|20260908215810|950.15
1788875895|20260908215815|950.07
1788875900|20260908215820|950.14
1788875905|20260908215825|950.00
1788875915|20260908215835|950.04
1788875920|20260908215840|949.92
1788875925|20260908215845|949.98
1788875935|20260908215855|949.56
1788875940|20260908215900|949.54
1788875945|20260908215905|949.47
1788875950|20260908215910|949.48
1788875955|20260908215915|949.27
1788875960|20260908215920|948.76
1788875965|20260908215925|948.72
1788876000|20260908220000|948.37
1788876005|20260908220005|948.47
1788876015|20260908220015|948.75
1788876020|20260908220020|948.69
1788876025|20260908220025|948.74
1788876035|20260908220035|949.02
1788876040|20260908220040|949.11
1788876045|20260908220045|949.16
1788876050|20260908220050|948.98
1788876055|20260908220055|949.12
1788876070|20260908220110|949.12
1788876075|20260908220115|949.28
1788876080|20260908220120|949.45
1788876105|20260908220145|949.23
1788876110|20260908220150|949.30
1788876115|20260908220155|949.31
1788876120|20260908220200|949.36
1788876125|20260908220205|949.39
1788876135|20260908220215|948.90
1788876140|20260908220220|948.74
1788876145|20260908220225|948.77
1788876155|20260908220235|948.95
1788876160|20260908220240|948.89
1788876165|20260908220245|948.86
1788876175|20260908220255|948.75
1788876180|20260908220300|948.93
1788876185|20260908220305|948.75
1788876190|20260908220310|948.67
1788876195|20260908220315|948.87
1788876220|20260908220340|948.78
1788876225|20260908220345|948.57
1788876230|20260908220350|948.86
1788876235|20260908220355|949.01
1788876240|20260908220400|949.20
1788876245|20260908220405|949.14
1788876250|20260908220410|949.31
1788876255|20260908220415|949.16
1788876260|20260908220420|949.10
1788876265|20260908220425|949.12
1788876290|20260908220450|949.46
1788876300|20260908220500|949.73
1788876305|20260908220505|949.61
1788876310|20260908220510|949.75
1788876315|20260908220515|949.67
1788876320|20260908220520|949.76
1788876325|20260908220525|949.66
1788876335|20260908220535|949.32
1788876340|20260908220540|949.39
1788876345|20260908220545|949.69
1788876350|20260908220550|949.57
1788876355|20260908220555|949.50
1788876365|20260908220605|949.52
1788876370|20260908220610|949.47
1788876375|20260908220615|949.44
1788876380|20260908220620|949.18
1788876395|20260908220635|949.05
1788876400|20260908220640|949.06
1788876405|20260908220645|949.23
1788876410|20260908220650|949.23
1788876415|20260908220655|949.13
1788876425|20260908220705|949.47
1788876430|20260908220710|949.40
1788876435|20260908220715|949.44
1788876440|20260908220720|949.27
1788876445|20260908220725|949.37
1788876455|20260908220735|949.52
1788876460|20260908220740|949.67
1788876465|20260908220745|949.77
1788876470|20260908220750|949.81
1788876475|20260908220755|949.33
1788876485|20260908220805|949.03
1788876490|20260908220810|949.02
1788876495|20260908220815|949.19
1788876500|20260908220820|949.29
1788876505|20260908220825|949.33
1788876515|20260908220835|949.20
1788876520|20260908220840|949.21
1788876525|20260908220845|949.56
1788876535|20260908220855|949.58
1788876540|20260908220900|949.50
1788876545|20260908220905|949.66
1788876555|20260908220915|949.51
1788876560|20260908220920|949.56
1788876565|20260908220925|949.72
1788876600|20260908221000|949.30
1788876605|20260908221005|948.70
1788876610|20260908221010|948.54
1788876615|20260908221015|948.66
1788876620|20260908221020|948.63
1788876625|20260908221025|948.69
1788876640|20260908221040|948.83
1788876645|20260908221045|948.85
1788876655|20260908221055|948.77
1788876665|20260908221105|948.74
1788876670|20260908221110|948.59
1788876675|20260908221115|948.85
1788876680|20260908221120|948.85
1788876685|20260908221125|948.79
1788876700|20260908221140|948.84
1788876705|20260908221145|949.00
1788876710|20260908221150|948.84
1788876715|20260908221155|948.71
1788876725|20260908221205|948.63
1788876730|20260908221210|948.91
1788876735|20260908221215|948.86
1788876740|20260908221220|948.96
1788876745|20260908221225|948.94
1788876760|20260908221240|948.73
1788876765|20260908221245|948.90
1788876770|20260908221250|948.92
1788876785|20260908221305|948.92
1788876790|20260908221310|948.69
1788876795|20260908221315|948.56
1788876800|20260908221320|948.57
1788876805|20260908221325|948.55
1788876815|20260908221335|948.47
1788876820|20260908221340|948.55
1788876825|20260908221345|948.59
1788876830|20260908221350|948.54
1788876835|20260908221355|948.34
1788876845|20260908221405|948.34
1788876850|20260908221410|948.52
1788876860|20260908221420|948.19
1788876865|20260908221425|947.76
1788876905|20260908221505|948.05
1788876910|20260908221510|948.07
1788876915|20260908221515|948.31
1788876920|20260908221520|948.08
1788876935|20260908221535|948.30
1788876940|20260908221540|948.32
1788876945|20260908221545|948.27
1788876950|20260908221550|948.34
1788876980|20260908221620|948.38
1788876995|20260908221635|948.19
1788877000|20260908221640|948.22
1788877010|20260908221650|948.24
1788877035|20260908221715|948.43
1788877045|20260908221725|948.85
1788877055|20260908221735|948.80
1788877070|20260908221750|948.55
1788877075|20260908221755|948.57
1788877085|20260908221805|948.77
1788877095|20260908221815|948.68
1788877105|20260908221825|948.71
1788877120|20260908221840|948.58
1788877130|20260908221850|948.94
1788877135|20260908221855|949.23
1788877145|20260908221905|949.25
1788877150|20260908221910|949.21
1788877160|20260908221920|949.15
1788877165|20260908221925|949.26
1788877200|20260908222000|949.18
1788877205|20260908222005|949.29
1788877210|20260908222010|949.33
1788877215|20260908222015|949.32
1788877220|20260908222020|948.82
1788877225|20260908222025|948.67
1788877235|20260908222035|948.45
1788877240|20260908222040|948.44
1788877245|20260908222045|948.38
1788877250|20260908222050|948.40
1788877255|20260908222055|948.56
1788877270|20260908222110|948.87
1788877275|20260908222115|948.94
1788877280|20260908222120|948.69
1788877295|20260908222135|948.68
1788877300|20260908222140|948.76
1788877305|20260908222145|948.80
1788877310|20260908222150|948.83
1788877315|20260908222155|948.75
1788877325|20260908222205|948.80
1788877330|20260908222210|948.76
1788877335|20260908222215|948.88
1788877340|20260908222220|948.93
1788877345|20260908222225|948.92
1788877355|20260908222235|948.75
1788877360|20260908222240|948.87
1788877370|20260908222250|948.90
1788877375|20260908222255|948.80
1788877385|20260908222305|948.73
1788877390|20260908222310|948.77
1788877400|20260908222320|948.60
1788877405|20260908222325|948.69
1788877415|20260908222335|948.73
1788877420|20260908222340|948.74
1788877425|20260908222345|948.89
1788877435|20260908222355|949.33
1788877450|20260908222410|949.36
1788877455|20260908222415|949.43
1788877460|20260908222420|949.68
1788877465|20260908222425|949.61
1788877475|20260908222435|949.52
1788877505|20260908222505|949.62
1788877510|20260908222510|949.66
1788877515|20260908222515|949.62
1788877535|20260908222535|949.85
1788877545|20260908222545|949.77
1788877550|20260908222550|949.63
1788877555|20260908222555|949.72
1788877565|20260908222605|949.92
1788877570|20260908222610|949.84
1788877580|20260908222620|949.77
1788877585|20260908222625|949.94
1788877595|20260908222635|949.92
1788877600|20260908222640|949.78
1788877605|20260908222645|949.71
1788877610|20260908222650|949.69
1788877615|20260908222655|949.76
1788877625|20260908222705|949.60
1788877630|20260908222710|949.66
1788877635|20260908222715|949.70
1788877640|20260908222720|949.73
1788877645|20260908222725|949.63
1788877655|20260908222735|949.82
1788877660|20260908222740|949.78
1788877665|20260908222745|949.76
1788877670|20260908222750|949.73
1788877675|20260908222755|949.90
1788877685|20260908222805|949.94
1788877690|20260908222810|949.91
1788877695|20260908222815|949.94
1788877700|20260908222820|949.79
1788877715|20260908222835|949.55
1788877720|20260908222840|949.65
1788877730|20260908222850|949.61
1788877745|20260908222905|949.09
1788877755|20260908222915|949.07
1788877760|20260908222920|949.08
1788877765|20260908222925|949.20
1788877780|20260908222940|948.90
1788877800|20260908223000|948.55
1788877805|20260908223005|948.65
1788877810|20260908223010|948.63
1788877815|20260908223015|948.63
1788877820|20260908223020|948.26
1788877835|20260908223035|948.38
1788877840|20260908223040|948.36
1788877845|20260908223045|948.25
1788877850|20260908223050|948.45
1788877855|20260908223055|948.63
1788877865|20260908223105|948.43
1788877870|20260908223110|948.58
1788877875|20260908223115|948.66
1788877880|20260908223120|948.68
1788877885|20260908223125|948.65
1788877895|20260908223135|948.58
1788877900|20260908223140|948.41
1788877905|20260908223145|948.45
1788877910|20260908223150|948.51
1788877915|20260908223155|948.45
1788877930|20260908223210|948.51
1788877935|20260908223215|948.59
1788877940|20260908223220|948.60
1788877945|20260908223225|948.62
1788877955|20260908223235|948.62
1788877965|20260908223245|948.91
1788877975|20260908223255|948.95
1788877985|20260908223305|948.68
1788877990|20260908223310|948.79
1788877995|20260908223315|948.69
1788878005|20260908223325|948.89
1788878015|20260908223335|949.10
1788878020|20260908223340|948.99
1788878025|20260908223345|948.88
1788878030|20260908223350|948.75
1788878035|20260908223355|948.73
1788878045|20260908223405|948.59
1788878050|20260908223410|948.52
1788878055|20260908223415|948.62
1788878060|20260908223420|948.63
1788878065|20260908223425|948.62
1788878105|20260908223505|948.83
1788878110|20260908223510|948.84
1788878115|20260908223515|948.85
1788878120|20260908223520|948.93
1788878125|20260908223525|948.90
1788878135|20260908223535|948.94
1788878140|20260908223540|948.92
1788878145|20260908223545|948.91
1788878150|20260908223550|948.98
1788878155|20260908223555|948.97
1788878160|20260908223600|949.03
1788878165|20260908223605|948.98
1788878170|20260908223610|949.00
1788878175|20260908223615|949.02
1788878180|20260908223620|949.05
1788878185|20260908223625|948.97
1788878195|20260908223635|948.98
1788878205|20260908223645|948.96
1788878210|20260908223650|949.01
1788878215|20260908223655|948.81
1788878225|20260908223705|948.84
1788878230|20260908223710|948.61
1788878240|20260908223720|948.69
1788878245|20260908223725|948.69
1788878255|20260908223735|948.79
1788878260|20260908223740|948.83
1788878265|20260908223745|949.05
1788878329|20260908223849|948.87
