1787587205|20260825000005|1004.67
1787587210|20260825000010|1004.29
1787587225|20260825000025|1004.82
1787587235|20260825000035|1004.98
1787587240|20260825000040|1005.02
1787587245|20260825000045|1004.70
1787587250|20260825000050|1004.46
1787587255|20260825000055|1004.43
1787587265|20260825000105|1004.51
1787587270|20260825000110|1004.51
1787587275|20260825000115|1004.42
1787587280|20260825000120|1004.56
1787587285|20260825000125|1004.81
1787587295|20260825000135|1004.94
1787587300|20260825000140|1005.27
1787587305|20260825000145|1005.97
1787587310|20260825000150|1006.46
1787587315|20260825000155|1005.96
1787587320|20260825000200|1005.84
1787587325|20260825000205|1005.92
1787587330|20260825000210|1005.70
1787587335|20260825000215|1005.83
1787587340|20260825000220|1005.77
1787587355|20260825000235|1006.04
1787587360|20260825000240|1005.92
1787587365|20260825000245|1006.19
1787587370|20260825000250|1006.05
1787587375|20260825000255|1006.46
1787587380|20260825000300|1006.60
1787587385|20260825000305|1006.41
1787587390|20260825000310|1006.50
1787587395|20260825000315|1006.50
1787587400|20260825000320|1006.57
1787587405|20260825000325|1006.77
1787587415|20260825000335|1006.67
1787587420|20260825000340|1006.38
1787587425|20260825000345|1006.67
1787587430|20260825000350|1006.67
1787587435|20260825000355|1006.91
1787587440|20260825000400|1006.91
1787587445|20260825000405|1006.45
1787587450|20260825000410|1006.84
1787587455|20260825000415|1007.28
1787587460|20260825000420|1007.32
1787587465|20260825000425|1006.93
1787587500|20260825000500|1006.94
1787587505|20260825000505|1006.87
1787587510|20260825000510|1006.90
1787587515|20260825000515|1006.93
1787587520|20260825000520|1006.98
1787587535|20260825000535|1007.27
1787587540|20260825000540|1007.19
1787587545|20260825000545|1007.16
1787587550|20260825000550|1007.14
1787587555|20260825000555|1007.07
1787587560|20260825000600|1007.06
1787587565|20260825000605|1006.90
1787587570|20260825000610|1006.76
1787587575|20260825000615|1006.69
1787587585|20260825000625|1006.67
1787587595|20260825000635|1006.61
1787587600|20260825000640|1006.63
1787587605|20260825000645|1006.67
1787587610|20260825000650|1006.61
1787587615|20260825000655|1006.65
1787587625|20260825000705|1006.74
1787587630|20260825000710|1006.69
1787587635|20260825000715|1006.76
1787587640|20260825000720|1006.95
1787587660|20260825000740|1007.00
1787587670|20260825000750|1006.77
1787587685|20260825000805|1006.89
1787587690|20260825000810|1006.77
1787587695|20260825000815|1006.52
1787587700|20260825000820|1006.59
1787587705|20260825000825|1006.50
1787587715|20260825000835|1006.09
1787587720|20260825000840|1006.05
1787587725|20260825000845|1006.02
1787587730|20260825000850|1006.06
1787587735|20260825000855|1006.15
1787587740|20260825000900|1006.16
1787587745|20260825000905|1006.12
1787587750|20260825000910|1006.16
1787587760|20260825000920|1006.09
1787587765|20260825000925|1005.98
1787587790|20260825000950|1005.89
1787587805|20260825001005|1005.97
1787587810|20260825001010|1005.85
1787587815|20260825001015|1005.85
1787587820|20260825001020|1005.96
1787587840|20260825001040|1005.93
1787587845|20260825001045|1006.09
1787587850|20260825001050|1006.24
1787587855|20260825001055|1006.30
1787587860|20260825001100|1006.24
1787587865|20260825001105|1006.07
1787587870|20260825001110|1006.18
1787587875|20260825001115|1006.16
1787587895|20260825001135|1006.27
1787587900|20260825001140|1006.24
1787587905|20260825001145|1006.28
1787587910|20260825001150|1006.34
1787587915|20260825001155|1006.32
1787587920|20260825001200|1006.40
1787587925|20260825001205|1006.44
1787587930|20260825001210|1006.48
1787587935|20260825001215|1006.50
1787587940|20260825001220|1006.39
1787587945|20260825001225|1006.40
1787587955|20260825001235|1006.44
1787587965|20260825001245|1006.48
1787587970|20260825001250|1006.54
1787587975|20260825001255|1006.55
1787587985|20260825001305|1006.41
1787587990|20260825001310|1006.37
1787587995|20260825001315|1006.51
1787588000|20260825001320|1006.46
1787588005|20260825001325|1006.51
1787588015|20260825001335|1006.61
1787588020|20260825001340|1006.59
1787588025|20260825001345|1006.56
1787588035|20260825001355|1006.56
1787588050|20260825001410|1006.61
1787588055|20260825001415|1006.67
1787588060|20260825001420|1006.66
1787588065|20260825001425|1006.48
1787588100|20260825001500|1006.55
1787588105|20260825001505|1006.54
1787588110|20260825001510|1006.52
1787588115|20260825001515|1006.47
1787588125|20260825001525|1006.71
1787588145|20260825001545|1006.65
1787588165|20260825001605|1006.52
1787588175|20260825001615|1006.33
1787588180|20260825001620|1006.46
1787588195|20260825001635|1006.53
1787588200|20260825001640|1006.50
1787588205|20260825001645|1006.47
1787588210|20260825001650|1006.34
1787588215|20260825001655|1006.38
1787588220|20260825001700|1006.53
1787588225|20260825001705|1006.63
1787588235|20260825001715|1006.59
1787588245|20260825001725|1006.70
1787588255|20260825001735|1006.48
1787588260|20260825001740|1006.82
1787588265|20260825001745|1006.89
1787588275|20260825001755|1006.94
1787588285|20260825001805|1006.92
1787588290|20260825001810|1006.95
1787588300|20260825001820|1006.93
1787588305|20260825001825|1006.89
1787588315|20260825001835|1006.93
1787588320|20260825001840|1006.85
1787588325|20260825001845|1006.81
1787588335|20260825001855|1006.96
1787588345|20260825001905|1007.02
1787588350|20260825001910|1006.99
1787588355|20260825001915|1007.09
1787588360|20260825001920|1007.20
1787588365|20260825001925|1007.11
1787588410|20260825002010|1006.63
1787588420|20260825002020|1006.72
1787588425|20260825002025|1006.86
1787588435|20260825002035|1006.85
1787588440|20260825002040|1006.93
1787588445|20260825002045|1006.93
1787588450|20260825002050|1006.81
1787588455|20260825002055|1006.71
1787588465|20260825002105|1006.72
1787588475|20260825002115|1006.93
1787588480|20260825002120|1006.79
1787588485|20260825002125|1006.71
1787588495|20260825002135|1006.72
1787588500|20260825002140|1006.72
1787588505|20260825002145|1006.64
1787588515|20260825002155|1006.52
1787588520|20260825002200|1006.45
1787588525|20260825002205|1006.45
1787588530|20260825002210|1006.50
1787588535|20260825002215|1006.50
1787588540|20260825002220|1006.54
1787588555|20260825002235|1006.56
1787588560|20260825002240|1006.52
1787588565|20260825002245|1006.50
1787588570|20260825002250|1006.59
1787588575|20260825002255|1006.66
1787588585|20260825002305|1006.59
1787588590|20260825002310|1006.58
1787588595|20260825002315|1006.59
1787588600|20260825002320|1006.57
1787588605|20260825002325|1006.57
1787588615|20260825002335|1006.61
1787588625|20260825002345|1006.58
1787588630|20260825002350|1006.56
1787588640|20260825002400|1006.52
1787588645|20260825002405|1006.57
1787588655|20260825002415|1006.40
1787588660|20260825002420|1006.44
1787588665|20260825002425|1006.41
1787588700|20260825002500|1006.33
1787588705|20260825002505|1006.40
1787588710|20260825002510|1006.41
1787588715|20260825002515|1006.51
1787588720|20260825002520|1006.58
1787588725|20260825002525|1006.58
1787588735|20260825002535|1006.42
1787588740|20260825002540|1006.44
1787588745|20260825002545|1006.37
1787588750|20260825002550|1006.38
1787588755|20260825002555|1006.45
1787588760|20260825002600|1006.52
1787588770|20260825002610|1006.67
1787588775|20260825002615|1006.68
1787588780|20260825002620|1006.67
1787588785|20260825002625|1006.69
1787588795|20260825002635|1006.72
1787588810|20260825002650|1006.80
1787588815|20260825002655|1006.81
1787588820|20260825002700|1006.82
1787588825|20260825002705|1006.85
1787588830|20260825002710|1006.85
1787588840|20260825002720|1006.83
1787588845|20260825002725|1006.79
1787588865|20260825002745|1006.76
1787588875|20260825002755|1006.72
1787588885|20260825002805|1006.74
1787588895|20260825002815|1006.71
1787588900|20260825002820|1006.71
1787588905|20260825002825|1006.79
1787588915|20260825002835|1006.76
1787588920|20260825002840|1006.75
1787588930|20260825002850|1006.69
1787588945|20260825002905|1006.88
1787588950|20260825002910|1006.77
1787588955|20260825002915|1006.85
1787588960|20260825002920|1006.91
1787588965|20260825002925|1006.87
1787589005|20260825003005|1007.09
1787589010|20260825003010|1007.09
1787589020|20260825003020|1007.14
1787589025|20260825003025|1007.15
1787589035|20260825003035|1006.96
1787589040|20260825003040|1006.96
1787589045|20260825003045|1007.01
1787589050|20260825003050|1007.05
1787589065|20260825003105|1007.39
1787589070|20260825003110|1007.38
1787589085|20260825003125|1007.21
1787589095|20260825003135|1007.18
1787589100|20260825003140|1007.18
1787589105|20260825003145|1007.16
1787589120|20260825003200|1007.18
1787589125|20260825003205|1007.23
1787589130|20260825003210|1007.17
1787589135|20260825003215|1007.11
1787589145|20260825003225|1007.17
1787589155|20260825003235|1007.16
1787589160|20260825003240|1007.10
1787589165|20260825003245|1007.11
1787589170|20260825003250|1007.33
1787589175|20260825003255|1007.38
1787589180|20260825003300|1007.33
1787589185|20260825003305|1007.19
1787589195|20260825003315|1007.36
1787589200|20260825003320|1007.31
1787589220|20260825003340|1007.25
1787589230|20260825003350|1007.28
1787589235|20260825003355|1007.23
1787589240|20260825003400|1007.21
1787589245|20260825003405|1007.26
1787589250|20260825003410|1007.25
1787589260|20260825003420|1007.26
1787589300|20260825003500|1007.21
1787589305|20260825003505|1007.22
1787589310|20260825003510|1007.20
1787589315|20260825003515|1007.23
1787589320|20260825003520|1007.20
1787589325|20260825003525|1007.04
1787589335|20260825003535|1007.08
1787589345|20260825003545|1007.00
1787589350|20260825003550|1007.13
1787589355|20260825003555|1007.15
1787589360|20260825003600|1007.20
1787589365|20260825003605|1007.20
1787589370|20260825003610|1007.22
1787589375|20260825003615|1007.25
1787589395|20260825003635|1007.40
1787589400|20260825003640|1007.42
1787589405|20260825003645|1007.44
1787589425|20260825003705|1007.58
1787589430|20260825003710|1007.56
1787589435|20260825003715|1007.53
1787589440|20260825003720|1007.50
1787589445|20260825003725|1007.50
1787589455|20260825003735|1007.31
1787589460|20260825003740|1007.35
1787589465|20260825003745|1007.37
1787589475|20260825003755|1007.35
1787589490|20260825003810|1007.43
1787589495|20260825003815|1007.49
1787589500|20260825003820|1007.49
1787589505|20260825003825|1007.46
1787589515|20260825003835|1007.46
1787589520|20260825003840|1007.44
1787589525|20260825003845|1007.41
1787589535|20260825003855|1007.37
1787589540|20260825003900|1007.26
1787589545|20260825003905|1007.26
1787589550|20260825003910|1007.11
1787589555|20260825003915|1007.09
1787589560|20260825003920|1007.08
1787589565|20260825003925|1007.05
1787589580|20260825003940|1007.31
1787589605|20260825004005|1007.07
1787589610|20260825004010|1006.98
1787589615|20260825004015|1006.96
1787589620|20260825004020|1007.08
1787589640|20260825004040|1007.00
1787589645|20260825004045|1007.03
1787589650|20260825004050|1007.09
1787589665|20260825004105|1007.07
1787589670|20260825004110|1007.12
1787589675|20260825004115|1007.08
1787589680|20260825004120|1007.13
1787589700|20260825004140|1007.30
1787589705|20260825004145|1007.29
1787589715|20260825004155|1007.26
1787589720|20260825004200|1007.29
1787589725|20260825004205|1007.28
1787589730|20260825004210|1007.22
1787589735|20260825004215|1007.25
1787589740|20260825004220|1007.20
1787589745|20260825004225|1007.26
1787589755|20260825004235|1007.36
1787589765|20260825004245|1007.12
1787589770|20260825004250|1007.18
1787589775|20260825004255|1007.13
1787589780|20260825004300|1007.11
1787589785|20260825004305|1007.19
1787589790|20260825004310|1007.17
1787589795|20260825004315|1007.26
1787589800|20260825004320|1007.27
1787589815|20260825004335|1007.14
1787589820|20260825004340|1007.18
1787589825|20260825004345|1007.32
1787589830|20260825004350|1007.31
1787589835|20260825004355|1007.37
1787589840|20260825004400|1007.34
1787589845|20260825004405|1007.26
1787589855|20260825004415|1007.27
1787589860|20260825004420|1007.23
1787589865|20260825004425|1007.24
1787589900|20260825004500|1007.04
1787589905|20260825004505|1007.03
1787589910|20260825004510|1007.00
1787589915|20260825004515|1007.10
1787589920|20260825004520|1007.07
1787589925|20260825004525|1006.99
1787589935|20260825004535|1006.74
1787589940|20260825004540|1006.73
1787589945|20260825004545|1006.75
1787589950|20260825004550|1006.75
1787589970|20260825004610|1006.73
1787589980|20260825004620|1006.58
1787589985|20260825004625|1006.63
1787589995|20260825004635|1006.68
1787590000|20260825004640|1006.57
1787590005|20260825004645|1006.62
1787590010|20260825004650|1006.56
1787590015|20260825004655|1006.60
1787590025|20260825004705|1006.50
1787590030|20260825004710|1006.39
1787590035|20260825004715|1006.40
1787590040|20260825004720|1006.46
1787590045|20260825004725|1006.44
1787590055|20260825004735|1006.33
1787590060|20260825004740|1006.30
1787590065|20260825004745|1006.26
1787590075|20260825004755|1006.30
1787590080|20260825004800|1006.20
1787590085|20260825004805|1006.28
1787590090|20260825004810|1006.32
1787590095|20260825004815|1006.28
1787590100|20260825004820|1006.31
1787590115|20260825004835|1006.28
1787590120|20260825004840|1006.27
1787590125|20260825004845|1006.35
1787590130|20260825004850|1006.21
1787590135|20260825004855|1006.27
1787590150|20260825004910|1006.35
1787590155|20260825004915|1006.41
1787590160|20260825004920|1006.56
1787590205|20260825005005|1006.55
1787590210|20260825005010|1006.53
1787590215|20260825005015|1006.60
1787590220|20260825005020|1006.54
1787590225|20260825005025|1006.52
1787590235|20260825005035|1006.36
1787590240|20260825005040|1006.27
1787590245|20260825005045|1006.39
1787590250|20260825005050|1006.45
1787590255|20260825005055|1006.43
1787590265|20260825005105|1006.36
1787590270|20260825005110|1006.31
1787590275|20260825005115|1006.29
1787590280|20260825005120|1006.30
1787590285|20260825005125|1006.21
1787590295|20260825005135|1006.24
1787590300|20260825005140|1006.21
1787590305|20260825005145|1006.13
1787590310|20260825005150|1005.97
1787590315|20260825005155|1005.83
1787590320|20260825005200|1005.83
1787590325|20260825005205|1005.80
1787590330|20260825005210|1005.72
1787590340|20260825005220|1005.48
1787590345|20260825005225|1005.23
1787590355|20260825005235|1005.52
1787590360|20260825005240|1005.48
1787590365|20260825005245|1005.66
1787590370|20260825005250|1005.82
1787590375|20260825005255|1005.66
1787590385|20260825005305|1005.78
1787590390|20260825005310|1005.55
1787590395|20260825005315|1005.60
1787590405|20260825005325|1005.72
1787590415|20260825005335|1005.68
1787590420|20260825005340|1005.71
1787590435|20260825005355|1005.82
1787590445|20260825005405|1005.87
1787590450|20260825005410|1005.73
1787590455|20260825005415|1005.61
1787590460|20260825005420|1005.68
1787590465|20260825005425|1005.55
1787590480|20260825005440|1005.43
1787590500|20260825005500|1005.40
1787590510|20260825005510|1005.35
1787590515|20260825005515|1005.21
1787590520|20260825005520|1005.19
1787590525|20260825005525|1005.19
1787590535|20260825005535|1005.19
1787590540|20260825005540|1005.12
1787590545|20260825005545|1005.09
1787590550|20260825005550|1005.03
1787590560|20260825005600|1004.91
1787590565|20260825005605|1004.89
1787590570|20260825005610|1004.64
1787590575|20260825005615|1004.66
1787590580|20260825005620|1004.67
1787590585|20260825005625|1004.86
1787590595|20260825005635|1003.58
1787590600|20260825005640|1003.55
1787590605|20260825005645|1003.60
1787590610|20260825005650|1003.60
1787590625|20260825005705|1003.66
1787590640|20260825005720|1003.69
1787590645|20260825005725|1003.77
1787590655|20260825005735|1004.02
1787590660|20260825005740|1004.04
1787590670|20260825005750|1003.95
1787590680|20260825005800|1004.06
1787590685|20260825005805|1004.08
1787590690|20260825005810|1004.03
1787590700|20260825005820|1003.96
1787590705|20260825005825|1003.73
1787590715|20260825005835|1003.61
1787590720|20260825005840|1003.68
1787590725|20260825005845|1003.80
1787590735|20260825005855|1003.80
1787590745|20260825005905|1003.28
1787590750|20260825005910|1003.33
1787590755|20260825005915|1003.34
1787590760|20260825005920|1003.34
1787590765|20260825005925|1003.43
1787590800|20260825010000|1003.80
1787590805|20260825010005|1003.85
1787590810|20260825010010|1003.85
1787590815|20260825010015|1003.91
1787590820|20260825010020|1003.78
1787590825|20260825010025|1003.78
1787590840|20260825010040|1003.68
1787590845|20260825010045|1003.57
1787590850|20260825010050|1003.42
1787590855|20260825010055|1003.40
1787590865|20260825010105|1003.47
1787590870|20260825010110|1003.49
1787590875|20260825010115|1003.68
1787590880|20260825010120|1003.65
1787590885|20260825010125|1003.56
1787590895|20260825010135|1003.74
1787590900|20260825010140|1003.75
1787590905|20260825010145|1003.99
1787590910|20260825010150|1004.11
1787590915|20260825010155|1004.16
1787590920|20260825010200|1004.03
1787590925|20260825010205|1004.01
1787590930|20260825010210|1004.02
1787590940|20260825010220|1004.01
1787590945|20260825010225|1003.90
1787590955|20260825010235|1003.20
1787590960|20260825010240|1003.48
1787590965|20260825010245|1003.55
1787590970|20260825010250|1003.37
1787590975|20260825010255|1003.43
1787590985|20260825010305|1003.41
1787590990|20260825010310|1003.32
1787590995|20260825010315|1003.30
1787591000|20260825010320|1003.30
1787591005|20260825010325|1003.27
1787591015|20260825010335|1003.60
1787591020|20260825010340|1003.67
1787591025|20260825010345|1003.60
1787591035|20260825010355|1003.79
1787591045|20260825010405|1003.87
1787591050|20260825010410|1003.87
1787591055|20260825010415|1003.86
1787591060|20260825010420|1003.95
1787591090|20260825010450|1004.18
1787591100|20260825010500|1004.19
1787591105|20260825010505|1004.05
1787591110|20260825010510|1004.16
1787591115|20260825010515|1004.22
1787591120|20260825010520|1004.25
1787591125|20260825010525|1004.02
1787591135|20260825010535|1004.04
1787591140|20260825010540|1004.24
1787591145|20260825010545|1004.22
1787591150|20260825010550|1004.00
1787591155|20260825010555|1003.77
1787591170|20260825010610|1003.83
1787591175|20260825010615|1003.83
1787591180|20260825010620|1003.91
1787591185|20260825010625|1003.96
1787591195|20260825010635|1003.85
1787591200|20260825010640|1003.89
1787591205|20260825010645|1003.89
1787591210|20260825010650|1003.98
1787591215|20260825010655|1003.92
1787591225|20260825010705|1003.98
1787591230|20260825010710|1003.90
1787591235|20260825010715|1004.12
1787591240|20260825010720|1004.11
1787591255|20260825010735|1004.07
1787591265|20260825010745|1004.86
1787591270|20260825010750|1005.01
1787591285|20260825010805|1005.07
1787591290|20260825010810|1005.18
1787591295|20260825010815|1005.14
1787591300|20260825010820|1005.09
1787591305|20260825010825|1005.16
1787591315|20260825010835|1005.17
1787591320|20260825010840|1005.04
1787591325|20260825010845|1005.22
1787591330|20260825010850|1005.29
1787591335|20260825010855|1005.76
1787591345|20260825010905|1005.89
1787591355|20260825010915|1005.93
1787591360|20260825010920|1006.01
1787591365|20260825010925|1006.08
1787591400|20260825011000|1005.54
1787591405|20260825011005|1005.53
1787591410|20260825011010|1005.35
1787591415|20260825011015|1005.26
1787591420|20260825011020|1005.26
1787591425|20260825011025|1005.24
1787591435|20260825011035|1005.42
1787591440|20260825011040|1005.40
1787591445|20260825011045|1005.33
1787591455|20260825011055|1004.87
1787591465|20260825011105|1004.92
1787591470|20260825011110|1004.99
1787591475|20260825011115|1005.12
1787591480|20260825011120|1005.26
1787591485|20260825011125|1005.37
1787591495|20260825011135|1005.61
1787591500|20260825011140|1005.62
1787591505|20260825011145|1005.67
1787591510|20260825011150|1005.75
1787591515|20260825011155|1005.67
1787591525|20260825011205|1005.86
1787591540|20260825011220|1005.63
1787591545|20260825011225|1005.62
1787591555|20260825011235|1005.49
1787591560|20260825011240|1005.56
1787591565|20260825011245|1005.58
1787591570|20260825011250|1005.48
1787591575|20260825011255|1005.50
1787591580|20260825011300|1005.69
1787591585|20260825011305|1005.66
1787591590|20260825011310|1005.74
1787591595|20260825011315|1005.72
1787591600|20260825011320|1005.73
1787591605|20260825011325|1005.86
1787591615|20260825011335|1005.67
1787591630|20260825011350|1005.26
1787591635|20260825011355|1005.25
1787591645|20260825011405|1005.21
1787591650|20260825011410|1005.11
1787591655|20260825011415|1005.05
1787591660|20260825011420|1005.13
1787591665|20260825011425|1005.41
1787591705|20260825011505|1005.34
1787591710|20260825011510|1005.25
1787591715|20260825011515|1005.41
1787591720|20260825011520|1005.47
1787591725|20260825011525|1005.54
1787591740|20260825011540|1005.66
1787591745|20260825011545|1005.44
1787591750|20260825011550|1005.55
1787591755|20260825011555|1005.47
1787591765|20260825011605|1005.50
1787591775|20260825011615|1004.81
1787591780|20260825011620|1004.82
1787591785|20260825011625|1004.68
1787591800|20260825011640|1004.77
1787591810|20260825011650|1005.05
1787591815|20260825011655|1005.04
1787591830|20260825011710|1005.21
1787591840|20260825011720|1005.47
1787591845|20260825011725|1005.49
1787591860|20260825011740|1005.74
1787591865|20260825011745|1005.70
1787591870|20260825011750|1005.56
1787591875|20260825011755|1005.64
1787591885|20260825011805|1005.67
1787591890|20260825011810|1005.75
1787591915|20260825011835|1005.74
1787591930|20260825011850|1005.51
1787591935|20260825011855|1005.34
1787591945|20260825011905|1005.32
1787591950|20260825011910|1005.31
1787591955|20260825011915|1005.35
1787591960|20260825011920|1005.34
1787591965|20260825011925|1005.25
1787592005|20260825012005|1004.58
1787592010|20260825012010|1003.46
1787592015|20260825012015|1003.72
1787592020|20260825012020|1003.39
1787592025|20260825012025|1003.33
1787592040|20260825012040|1002.83
1787592045|20260825012045|1002.91
1787592050|20260825012050|1002.81
1787592065|20260825012105|1002.83
1787592070|20260825012110|1002.47
1787592075|20260825012115|1002.29
1787592080|20260825012120|1001.74
1787592085|20260825012125|1001.54
1787592095|20260825012135|1001.77
1787592100|20260825012140|1001.67
1787592115|20260825012155|1001.53
1787592130|20260825012210|1001.25
1787592135|20260825012215|1001.06
1787592140|20260825012220|1001.31
1787592145|20260825012225|1001.31
1787592155|20260825012235|1001.32
1787592160|20260825012240|1001.39
1787592165|20260825012245|1000.89
1787592170|20260825012250|1000.99
1787592175|20260825012255|1000.99
1787592190|20260825012310|1000.94
1787592195|20260825012315|1000.94
1787592200|20260825012320|1000.84
1787592205|20260825012325|1000.99
1787592215|20260825012335|1000.83
1787592225|20260825012345|1001.74
1787592230|20260825012350|1001.79
1787592235|20260825012355|1001.69
1787592245|20260825012405|1002.32
1787592260|20260825012420|1002.32
1787592265|20260825012425|1002.18
1787592280|20260825012440|1002.15
1787592305|20260825012505|1001.92
1787592310|20260825012510|1001.76
1787592315|20260825012515|1001.54
1787592320|20260825012520|1001.53
1787592325|20260825012525|1001.42
1787592340|20260825012540|1001.53
1787592345|20260825012545|1001.42
1787592350|20260825012550|1001.61
1787592355|20260825012555|1001.77
1787592365|20260825012605|1001.87
1787592370|20260825012610|1001.93
1787592375|20260825012615|1001.99
1787592380|20260825012620|1002.03
1787592385|20260825012625|1001.90
1787592395|20260825012635|1002.01
1787592400|20260825012640|1002.03
1787592405|20260825012645|1002.21
1787592415|20260825012655|1002.26
1787592425|20260825012705|1002.34
1787592430|20260825012710|1002.38
1787592435|20260825012715|1002.18
1787592440|20260825012720|1002.63
1787592445|20260825012725|1002.58
1787592455|20260825012735|1002.85
1787592460|20260825012740|1002.84
1787592465|20260825012745|1002.93
1787592470|20260825012750|1002.86
1787592475|20260825012755|1002.82
1787592485|20260825012805|1002.75
1787592490|20260825012810|1002.85
1787592495|20260825012815|1002.90
1787592500|20260825012820|1002.70
1787592505|20260825012825|1002.74
1787592515|20260825012835|1002.77
1787592520|20260825012840|1002.72
1787592525|20260825012845|1002.66
1787592535|20260825012855|1002.97
1787592545|20260825012905|1003.74
1787592555|20260825012915|1003.36
1787592560|20260825012920|1003.27
1787592565|20260825012925|1003.26
1787592600|20260825013000|1002.30
1787592605|20260825013005|1002.36
1787592610|20260825013010|1002.17
1787592615|20260825013015|1002.26
1787592620|20260825013020|1002.31
1787592625|20260825013025|1002.48
1787592640|20260825013040|1002.68
1787592645|20260825013045|1002.67
1787592650|20260825013050|1002.69
1787592655|20260825013055|1002.52
1787592670|20260825013110|1002.63
1787592680|20260825013120|1002.78
1787592695|20260825013135|1002.74
1787592700|20260825013140|1002.93
1787592705|20260825013145|1002.88
1787592710|20260825013150|1002.75
1787592715|20260825013155|1002.77
1787592725|20260825013205|1002.92
1787592740|20260825013220|1002.94
1787592755|20260825013235|1002.81
1787592760|20260825013240|1002.79
1787592770|20260825013250|1002.30
1787592775|20260825013255|1002.03
1787592785|20260825013305|1002.05
1787592790|20260825013310|1002.05
1787592795|20260825013315|1002.03
1787592800|20260825013320|1002.28
1787592805|20260825013325|1002.39
1787592815|20260825013335|1002.13
1787592825|20260825013345|1002.00
1787592835|20260825013355|1001.97
1787592845|20260825013405|1002.07
1787592855|20260825013415|1002.08
1787592860|20260825013420|1002.15
1787592865|20260825013425|1002.11
1787592905|20260825013505|1002.14
1787592910|20260825013510|1002.23
1787592915|20260825013515|1002.23
1787592920|20260825013520|1002.26
1787592925|20260825013525|1002.24
1787592940|20260825013540|1002.20
1787592950|20260825013550|1002.39
1787592955|20260825013555|1002.37
1787592960|20260825013600|1002.28
1787592965|20260825013605|1002.22
1787592970|20260825013610|1002.20
1787592975|20260825013615|1002.31
1787592980|20260825013620|1002.31
1787592985|20260825013625|1002.51
1787592995|20260825013635|1002.66
1787593000|20260825013640|1002.75
1787593005|20260825013645|1002.72
1787593010|20260825013650|1002.90
1787593015|20260825013655|1003.02
1787593025|20260825013705|1003.25
1787593035|20260825013715|1003.23
1787593040|20260825013720|1003.25
1787593045|20260825013725|1003.24
1787593055|20260825013735|1003.17
1787593065|20260825013745|1003.17
1787593070|20260825013750|1003.18
1787593075|20260825013755|1003.26
1787593085|20260825013805|1003.24
1787593095|20260825013815|1003.26
1787593100|20260825013820|1003.28
1787593105|20260825013825|1003.28
1787593115|20260825013835|1003.19
1787593120|20260825013840|1003.09
1787593130|20260825013850|1003.14
1787593135|20260825013855|1003.15
1787593145|20260825013905|1003.19
1787593160|20260825013920|1003.12
1787593165|20260825013925|1003.15
1787593195|20260825013955|1003.01
1787593215|20260825014015|1003.17
1787593220|20260825014020|1003.20
1787593225|20260825014025|1003.22
1787593235|20260825014035|1003.21
1787593240|20260825014040|1003.15
1787593245|20260825014045|1003.13
1787593250|20260825014050|1003.15
1787593265|20260825014105|1003.18
1787593275|20260825014115|1002.98
1787593280|20260825014120|1002.89
1787593285|20260825014125|1002.92
1787593295|20260825014135|1002.98
1787593300|20260825014140|1002.90
1787593305|20260825014145|1002.91
1787593315|20260825014155|1003.03
1787593320|20260825014200|1003.02
1787593325|20260825014205|1003.10
1787593330|20260825014210|1003.01
1787593335|20260825014215|1003.07
1787593340|20260825014220|1003.18
1787593345|20260825014225|1003.10
1787593360|20260825014240|1003.12
1787593365|20260825014245|1003.12
1787593370|20260825014250|1002.97
1787593375|20260825014255|1003.04
1787593380|20260825014300|1002.98
1787593385|20260825014305|1002.95
1787593390|20260825014310|1003.04
1787593400|20260825014320|1003.19
1787593405|20260825014325|1003.12
1787593415|20260825014335|1003.06
1787593420|20260825014340|1002.90
1787593425|20260825014345|1002.86
1787593430|20260825014350|1002.83
1787593435|20260825014355|1002.88
1787593440|20260825014400|1002.86
1787593445|20260825014405|1002.85
1787593450|20260825014410|1002.81
1787593455|20260825014415|1002.77
1787593460|20260825014420|1002.76
1787593465|20260825014425|1002.78
1787593500|20260825014500|1002.80
1787593505|20260825014505|1002.54
1787593510|20260825014510|1002.56
1787593515|20260825014515|1002.52
1787593520|20260825014520|1002.57
1787593525|20260825014525|1002.56
1787593535|20260825014535|1002.52
1787593540|20260825014540|1002.47
1787593545|20260825014545|1002.21
1787593550|20260825014550|1002.35
1787593555|20260825014555|1002.21
1787593560|20260825014600|1002.35
1787593565|20260825014605|1002.35
1787593570|20260825014610|1002.31
1787593575|20260825014615|1002.28
1787593580|20260825014620|1002.26
1787593585|20260825014625|1002.24
1787593595|20260825014635|1002.22
1787593600|20260825014640|1002.27
1787593615|20260825014655|1002.39
1787593625|20260825014705|1002.34
1787593630|20260825014710|1002.32
1787593635|20260825014715|1002.20
1787593640|20260825014720|1002.11
1787593645|20260825014725|1002.34
1787593655|20260825014735|1002.42
1787593660|20260825014740|1002.32
1787593665|20260825014745|1002.27
1787593670|20260825014750|1002.03
1787593675|20260825014755|1002.03
1787593680|20260825014800|1002.12
1787593685|20260825014805|1002.10
1787593690|20260825014810|1002.01
1787593695|20260825014815|1002.03
1787593700|20260825014820|1002.08
1787593705|20260825014825|1002.04
1787593715|20260825014835|1002.03
1787593720|20260825014840|1002.00
1787593725|20260825014845|1002.05
1787593730|20260825014850|1002.10
1787593735|20260825014855|1002.06
1787593745|20260825014905|1002.05
1787593750|20260825014910|1001.86
1787593755|20260825014915|1001.70
1787593760|20260825014920|1001.65
1787593765|20260825014925|1001.81
1787593790|20260825014950|1001.62
1787593800|20260825015000|1001.73
1787593805|20260825015005|1001.36
1787593810|20260825015010|1001.36
1787593815|20260825015015|1001.68
1787593820|20260825015020|1001.70
1787593825|20260825015025|1001.83
1787593835|20260825015035|1001.89
1787593840|20260825015040|1001.98
1787593845|20260825015045|1002.23
1787593850|20260825015050|1002.37
1787593855|20260825015055|1002.45
1787593865|20260825015105|1002.35
1787593870|20260825015110|1002.40
1787593880|20260825015120|1002.18
1787593885|20260825015125|1002.20
1787593895|20260825015135|1001.96
1787593900|20260825015140|1001.91
1787593905|20260825015145|1001.94
1787593910|20260825015150|1001.92
1787593915|20260825015155|1002.13
1787593920|20260825015200|1002.09
1787593925|20260825015205|1002.17
1787593930|20260825015210|1002.24
1787593935|20260825015215|1002.15
1787593940|20260825015220|1002.11
1787593945|20260825015225|1002.07
1787593955|20260825015235|1001.78
1787593960|20260825015240|1001.77
1787593965|20260825015245|1001.65
1787593970|20260825015250|1001.54
1787593975|20260825015255|1001.48
1787593980|20260825015300|1001.49
1787593985|20260825015305|1001.49
1787593990|20260825015310|1001.51
1787593995|20260825015315|1001.47
1787594005|20260825015325|1001.47
1787594015|20260825015335|1001.62
1787594020|20260825015340|1001.68
1787594025|20260825015345|1001.67
1787594030|20260825015350|1001.68
1787594035|20260825015355|1001.71
1787594040|20260825015400|1001.70
1787594045|20260825015405|1001.72
1787594050|20260825015410|1001.51
1787594055|20260825015415|1001.56
1787594065|20260825015425|1001.65
1787594100|20260825015500|1001.59
1787594105|20260825015505|1001.57
1787594110|20260825015510|1001.54
1787594115|20260825015515|1001.41
1787594120|20260825015520|1001.38
1787594125|20260825015525|1001.31
1787594135|20260825015535|1001.42
1787594140|20260825015540|1001.45
1787594145|20260825015545|1001.40
1787594150|20260825015550|1001.42
1787594155|20260825015555|1001.39
1787594165|20260825015605|1001.38
1787594170|20260825015610|1001.40
1787594180|20260825015620|1001.43
1787594195|20260825015635|1001.54
1787594200|20260825015640|1001.42
1787594205|20260825015645|1001.47
1787594210|20260825015650|1001.64
1787594220|20260825015700|1001.83
1787594225|20260825015705|1001.81
1787594230|20260825015710|1001.82
1787594235|20260825015715|1001.65
1787594240|20260825015720|1001.85
1787594245|20260825015725|1001.85
1787594255|20260825015735|1001.94
1787594260|20260825015740|1002.05
1787594265|20260825015745|1002.14
1787594270|20260825015750|1002.07
1787594280|20260825015800|1002.05
1787594295|20260825015815|1002.18
1787594315|20260825015835|1002.17
1787594320|20260825015840|1002.19
1787594325|20260825015845|1002.06
1787594330|20260825015850|1002.07
1787594335|20260825015855|1002.16
1787594345|20260825015905|1001.94
1787594350|20260825015910|1001.93
1787594355|20260825015915|1002.06
1787594360|20260825015920|1002.17
1787594365|20260825015925|1002.14
1787594390|20260825015950|1002.14
1787594405|20260825020005|1001.98
1787594410|20260825020010|1001.97
1787594415|20260825020015|1002.12
1787594420|20260825020020|1002.04
1787594435|20260825020035|1002.15
1787594440|20260825020040|1002.25
1787594445|20260825020045|1002.26
1787594465|20260825020105|1001.94
1787594470|20260825020110|1001.93
1787594475|20260825020115|1001.94
1787594495|20260825020135|1002.04
1787594500|20260825020140|1002.01
1787594505|20260825020145|1002.00
1787594510|20260825020150|1001.93
1787594515|20260825020155|1001.98
1787594525|20260825020205|1002.17
1787594530|20260825020210|1002.14
1787594535|20260825020215|1002.16
1787594540|20260825020220|1002.23
1787594545|20260825020225|1002.40
1787594555|20260825020235|1002.95
1787594560|20260825020240|1002.91
1787594565|20260825020245|1002.67
1787594570|20260825020250|1002.69
1787594575|20260825020255|1002.49
1787594580|20260825020300|1002.49
1787594585|20260825020305|1002.62
1787594590|20260825020310|1002.59
1787594595|20260825020315|1002.67
1787594600|20260825020320|1002.55
1787594605|20260825020325|1002.47
1787594610|20260825020330|1002.47
1787594615|20260825020335|1002.46
1787594625|20260825020345|1002.39
1787594630|20260825020350|1002.46
1787594635|20260825020355|1002.58
1787594640|20260825020400|1002.59
1787594645|20260825020405|1002.67
1787594650|20260825020410|1002.66
1787594655|20260825020415|1002.70
1787594660|20260825020420|1002.74
1787594665|20260825020425|1002.73
1787594670|20260825020430|1002.76
1787594685|20260825020445|1002.81
1787594690|20260825020450|1002.84
1787594695|20260825020455|1002.84
1787594705|20260825020505|1002.78
1787594710|20260825020510|1002.68
1787594715|20260825020515|1002.71
1787594720|20260825020520|1002.69
1787594725|20260825020525|1002.69
1787594730|20260825020530|1002.51
1787594735|20260825020535|1002.53
1787594740|20260825020540|1002.45
1787594745|20260825020545|1002.55
1787594755|20260825020555|1002.61
1787594760|20260825020600|1002.70
1787594765|20260825020605|1002.11
1787594770|20260825020610|1001.82
1787594775|20260825020615|1001.69
1787594780|20260825020620|1001.72
1787594785|20260825020625|1001.74
1787594795|20260825020635|1001.72
1787594800|20260825020640|1001.84
1787594805|20260825020645|1001.79
1787594810|20260825020650|1001.82
1787594815|20260825020655|1001.51
1787594825|20260825020705|1001.50
1787594830|20260825020710|1001.58
1787594835|20260825020715|1001.56
1787594845|20260825020725|1001.65
1787594850|20260825020730|1001.78
1787594855|20260825020735|1001.83
1787594860|20260825020740|1001.78
1787594865|20260825020745|1001.87
1787594870|20260825020750|1001.91
1787594875|20260825020755|1001.69
1787594880|20260825020800|1001.56
1787594885|20260825020805|1001.68
1787594895|20260825020815|1001.46
1787594900|20260825020820|1001.38
1787594905|20260825020825|1001.13
1787594915|20260825020835|1001.11
1787594920|20260825020840|1000.63
1787594930|20260825020850|1000.73
1787594950|20260825020910|999.62
1787594955|20260825020915|1000.09
1787594960|20260825020920|1000.19
1787594965|20260825020925|1000.28
1787594995|20260825020955|1001.17
1787595000|20260825021000|1001.07
1787595005|20260825021005|1000.90
1787595010|20260825021010|1000.85
1787595020|20260825021020|1000.91
1787595035|20260825021035|1001.30
1787595040|20260825021040|1001.32
1787595045|20260825021045|1001.26
1787595050|20260825021050|1001.38
1787595055|20260825021055|1001.35
1787595065|20260825021105|1001.27
1787595070|20260825021110|1001.20
1787595075|20260825021115|1001.23
1787595080|20260825021120|1001.27
1787595085|20260825021125|1001.31
1787595095|20260825021135|1001.40
1787595110|20260825021150|1001.47
1787595115|20260825021155|1001.50
1787595125|20260825021205|1001.62
1787595130|20260825021210|1001.41
1787595135|20260825021215|1001.30
1787595145|20260825021225|1001.15
1787595160|20260825021240|1001.15
1787595165|20260825021245|1001.17
1787595170|20260825021250|1001.09
1787595185|20260825021305|1000.99
1787595195|20260825021315|1001.00
1787595200|20260825021320|1000.94
1787595205|20260825021325|1000.86
1787595215|20260825021335|1000.82
1787595220|20260825021340|1000.65
1787595230|20260825021350|1000.88
1787595235|20260825021355|1000.89
1787595245|20260825021405|1000.95
1787595250|20260825021410|1001.13
1787595255|20260825021415|1001.24
1787595260|20260825021420|1001.04
1787595265|20260825021425|1001.20
1787595305|20260825021505|1001.13
1787595310|20260825021510|1001.07
1787595315|20260825021515|1001.06
1787595320|20260825021520|1001.05
1787595325|20260825021525|1001.12
1787595335|20260825021535|1000.88
1787595340|20260825021540|1001.03
1787595345|20260825021545|1001.18
1787595350|20260825021550|1001.35
1787595355|20260825021555|1001.49
1787595365|20260825021605|1001.34
1787595375|20260825021615|1001.30
1787595380|20260825021620|1001.41
1787595385|20260825021625|1001.45
1787595400|20260825021640|1001.42
1787595405|20260825021645|1001.36
1787595415|20260825021655|1000.88
1787595425|20260825021705|1000.85
1787595435|20260825021715|1000.93
1787595440|20260825021720|1000.87
1787595445|20260825021725|1000.97
1787595460|20260825021740|1000.97
1787595470|20260825021750|1000.84
1787595495|20260825021815|1000.86
1787595500|20260825021820|1000.69
1787595505|20260825021825|1000.67
1787595520|20260825021840|1000.85
1787595530|20260825021850|1000.64
1787595550|20260825021910|1000.19
1787595555|20260825021915|1000.28
1787595560|20260825021920|1000.26
1787595565|20260825021925|1000.23
1787595600|20260825022000|1000.31
1787595605|20260825022005|1000.05
1787595610|20260825022010|1000.14
1787595615|20260825022015|1000.38
1787595620|20260825022020|1000.57
1787595625|20260825022025|1000.58
1787595635|20260825022035|1000.65
1787595640|20260825022040|1000.68
1787595645|20260825022045|1000.74
1787595665|20260825022105|1000.94
1787595670|20260825022110|1000.87
1787595675|20260825022115|1000.90
1787595680|20260825022120|1001.07
1787595685|20260825022125|1001.02
1787595695|20260825022135|1000.98
1787595700|20260825022140|1001.13
1787595705|20260825022145|1001.20
1787595710|20260825022150|1001.25
1787595715|20260825022155|1001.38
1787595730|20260825022210|1001.50
1787595735|20260825022215|1001.54
1787595740|20260825022220|1001.70
1787595745|20260825022225|1001.70
1787595755|20260825022235|1001.78
1787595760|20260825022240|1001.88
1787595765|20260825022245|1001.95
1787595770|20260825022250|1001.98
1787595775|20260825022255|1001.88
1787595785|20260825022305|1001.82
1787595790|20260825022310|1001.80
1787595795|20260825022315|1001.95
1787595800|20260825022320|1001.94
1787595805|20260825022325|1001.94
1787595825|20260825022345|1002.01
1787595830|20260825022350|1001.79
1787595835|20260825022355|1001.85
1787595845|20260825022405|1001.98
1787595850|20260825022410|1001.97
1787595855|20260825022415|1002.01
1787595860|20260825022420|1002.01
1787595865|20260825022425|1001.99
1787595880|20260825022440|1001.92
1787595905|20260825022505|1002.02
1787595910|20260825022510|1002.22
1787595915|20260825022515|1002.23
1787595920|20260825022520|1002.23
1787595925|20260825022525|1002.30
1787595935|20260825022535|1002.88
1787595940|20260825022540|1002.72
1787595945|20260825022545|1002.64
1787595950|20260825022550|1002.62
1787595955|20260825022555|1002.64
1787595965|20260825022605|1002.68
1787595970|20260825022610|1002.68
1787595975|20260825022615|1002.75
1787595980|20260825022620|1002.78
1787595985|20260825022625|1002.84
1787595995|20260825022635|1002.71
1787596000|20260825022640|1002.71
1787596005|20260825022645|1002.67
1787596010|20260825022650|1002.71
1787596015|20260825022655|1002.74
1787596025|20260825022705|1002.79
1787596030|20260825022710|1002.88
1787596035|20260825022715|1002.91
1787596040|20260825022720|1003.01
1787596045|20260825022725|1002.94
1787596055|20260825022735|1002.91
1787596060|20260825022740|1003.01
1787596065|20260825022745|1003.19
1787596070|20260825022750|1003.24
1787596075|20260825022755|1003.26
1787596080|20260825022800|1003.16
1787596085|20260825022805|1003.16
1787596090|20260825022810|1003.24
1787596095|20260825022815|1003.22
1787596100|20260825022820|1002.88
1787596105|20260825022825|1002.89
1787596115|20260825022835|1002.76
1787596120|20260825022840|1002.74
1787596125|20260825022845|1002.73
1787596130|20260825022850|1002.73
1787596135|20260825022855|1002.63
1787596145|20260825022905|1002.61
1787596150|20260825022910|1002.63
1787596155|20260825022915|1002.62
1787596160|20260825022920|1002.59
1787596165|20260825022925|1002.60
1787596200|20260825023000|1002.91
1787596205|20260825023005|1002.96
1787596210|20260825023010|1002.91
1787596215|20260825023015|1002.93
1787596220|20260825023020|1002.94
1787596225|20260825023025|1003.09
1787596235|20260825023035|1003.13
1787596240|20260825023040|1003.11
1787596245|20260825023045|1003.01
1787596250|20260825023050|1002.90
1787596255|20260825023055|1002.79
1787596265|20260825023105|1002.78
1787596270|20260825023110|1002.77
1787596275|20260825023115|1002.73
1787596280|20260825023120|1002.87
1787596285|20260825023125|1002.83
1787596300|20260825023140|1002.70
1787596305|20260825023145|1002.55
1787596310|20260825023150|1002.25
1787596315|20260825023155|1002.21
1787596320|20260825023200|1002.26
1787596325|20260825023205|1002.29
1787596330|20260825023210|1002.23
1787596335|20260825023215|1002.15
1787596340|20260825023220|1002.19
1787596345|20260825023225|1002.12
1787596355|20260825023235|1002.19
1787596360|20260825023240|1002.29
1787596365|20260825023245|1002.50
1787596375|20260825023255|1002.40
1787596385|20260825023305|1002.39
1787596390|20260825023310|1002.26
1787596395|20260825023315|1002.21
1787596400|20260825023320|1002.19
1787596415|20260825023335|1002.13
1787596420|20260825023340|1001.80
1787596425|20260825023345|1001.83
1787596430|20260825023350|1001.84
1787596440|20260825023400|1001.85
1787596450|20260825023410|1001.70
1787596460|20260825023420|1001.65
1787596465|20260825023425|1001.56
1787596500|20260825023500|1001.64
1787596505|20260825023505|1001.09
1787596510|20260825023510|1001.20
1787596515|20260825023515|1001.14
1787596520|20260825023520|1001.17
1787596525|20260825023525|1001.17
1787596535|20260825023535|1001.27
1787596540|20260825023540|1001.18
1787596545|20260825023545|1001.26
1787596550|20260825023550|1001.29
1787596555|20260825023555|1001.25
1787596560|20260825023600|1001.20
1787596565|20260825023605|1001.21
1787596570|20260825023610|1001.19
1787596575|20260825023615|1001.13
1787596580|20260825023620|1001.13
1787596595|20260825023635|1000.90
1787596600|20260825023640|1001.08
1787596605|20260825023645|1001.13
1787596610|20260825023650|1001.00
1787596615|20260825023655|1000.74
1787596630|20260825023710|1000.69
1787596635|20260825023715|1000.56
1787596655|20260825023735|1000.24
1787596660|20260825023740|1000.21
1787596670|20260825023750|1000.14
1787596675|20260825023755|1000.18
1787596685|20260825023805|1000.12
1787596695|20260825023815|1000.16
1787596700|20260825023820|999.95
1787596705|20260825023825|999.97
1787596710|20260825023830|999.74
1787596715|20260825023835|999.76
1787596720|20260825023840|999.78
1787596725|20260825023845|999.92
1787596730|20260825023850|1000.01
1787596735|20260825023855|999.83
1787596740|20260825023900|999.75
1787596745|20260825023905|999.63
1787596750|20260825023910|999.63
1787596755|20260825023915|999.65
1787596765|20260825023925|999.73
1787596805|20260825024005|1000.71
1787596810|20260825024010|1000.80
1787596815|20260825024015|1000.92
1787596820|20260825024020|1000.85
1787596825|20260825024025|1000.93
1787596835|20260825024035|1000.90
1787596840|20260825024040|1000.92
1787596845|20260825024045|1000.93
1787596850|20260825024050|1001.20
1787596855|20260825024055|1001.22
1787596860|20260825024100|1001.22
1787596865|20260825024105|1001.25
1787596870|20260825024110|1001.22
1787596875|20260825024115|1001.35
1787596880|20260825024120|1001.35
1787596885|20260825024125|1001.44
1787596900|20260825024140|1001.49
1787596905|20260825024145|1001.56
1787596910|20260825024150|1001.61
1787596925|20260825024205|1001.32
1787596930|20260825024210|1001.38
1787596935|20260825024215|1001.41
1787596940|20260825024220|1001.43
1787596945|20260825024225|1001.46
1787596960|20260825024240|1001.62
1787596965|20260825024245|1001.67
1787596995|20260825024315|1001.70
1787597000|20260825024320|1001.72
1787597005|20260825024325|1001.64
1787597015|20260825024335|1001.58
1787597020|20260825024340|1001.67
1787597025|20260825024345|1001.70
1787597030|20260825024350|1001.80
1787597035|20260825024355|1001.70
1787597045|20260825024405|1001.71
1787597050|20260825024410|1001.81
1787597055|20260825024415|1001.79
1787597060|20260825024420|1001.70
1787597065|20260825024425|1001.61
1787597095|20260825024455|1001.82
1787597100|20260825024500|1001.77
1787597105|20260825024505|1001.68
1787597110|20260825024510|1001.77
1787597115|20260825024515|1001.82
1787597120|20260825024520|1001.68
1787597135|20260825024535|1001.67
1787597145|20260825024545|1001.80
1787597150|20260825024550|1001.81
1787597155|20260825024555|1001.66
1787597160|20260825024600|1001.67
1787597165|20260825024605|1001.44
1787597170|20260825024610|1001.43
1787597175|20260825024615|1001.45
1787597180|20260825024620|1001.39
1787597185|20260825024625|1001.43
1787597195|20260825024635|1001.44
1787597200|20260825024640|1001.48
1787597205|20260825024645|1001.55
1787597210|20260825024650|1001.53
1787597215|20260825024655|1001.62
1787597220|20260825024700|1001.63
1787597225|20260825024705|1001.50
1787597230|20260825024710|1001.51
1787597235|20260825024715|1001.50
1787597240|20260825024720|1001.49
1787597245|20260825024725|1001.53
1787597260|20260825024740|1001.43
1787597265|20260825024745|1001.44
1787597270|20260825024750|1001.41
1787597275|20260825024755|1001.46
1787597280|20260825024800|1001.46
1787597285|20260825024805|1001.11
1787597290|20260825024810|1001.08
1787597295|20260825024815|1001.11
1787597300|20260825024820|1001.11
1787597305|20260825024825|1001.11
1787597315|20260825024835|1001.13
1787597320|20260825024840|1001.10
1787597325|20260825024845|1001.09
1787597330|20260825024850|1001.14
1787597335|20260825024855|1001.12
1787597340|20260825024900|1001.15
1787597345|20260825024905|1001.37
1787597350|20260825024910|1001.19
1787597355|20260825024915|1001.26
1787597360|20260825024920|1001.23
1787597365|20260825024925|1001.23
1787597375|20260825024935|1001.40
1787597405|20260825025005|1001.37
1787597410|20260825025010|1001.32
1787597420|20260825025020|1001.43
1787597435|20260825025035|1001.48
1787597440|20260825025040|1001.45
1787597445|20260825025045|1001.39
1787597450|20260825025050|1001.43
1787597455|20260825025055|1001.42
1787597460|20260825025100|1001.44
1787597465|20260825025105|1001.45
1787597470|20260825025110|1001.46
1787597475|20260825025115|1001.44
1787597485|20260825025125|1001.40
1787597495|20260825025135|1001.42
1787597505|20260825025145|1001.36
1787597510|20260825025150|1001.36
1787597515|20260825025155|1001.38
1787597520|20260825025200|1001.38
1787597530|20260825025210|1001.45
1787597540|20260825025220|1001.62
1787597545|20260825025225|1001.61
1787597555|20260825025235|1001.42
1787597560|20260825025240|1001.52
1787597565|20260825025245|1001.46
1787597575|20260825025255|1001.37
1787597585|20260825025305|1001.46
1787597590|20260825025310|1001.68
1787597595|20260825025315|1001.52
1787597600|20260825025320|1001.61
1787597605|20260825025325|1001.72
1787597615|20260825025335|1001.77
1787597620|20260825025340|1001.76
1787597625|20260825025345|1001.73
1787597630|20260825025350|1001.64
1787597635|20260825025355|1001.59
1787597650|20260825025410|1001.53
1787597655|20260825025415|1001.59
1787597660|20260825025420|1001.58
1787597665|20260825025425|1001.57
1787597700|20260825025500|1001.47
1787597705|20260825025505|1001.47
1787597710|20260825025510|1001.56
1787597715|20260825025515|1001.55
1787597720|20260825025520|1001.64
1787597725|20260825025525|1001.53
1787597735|20260825025535|1001.64
1787597740|20260825025540|1001.54
1787597745|20260825025545|1001.55
1787597750|20260825025550|1001.56
1787597755|20260825025555|1001.63
1787597760|20260825025600|1001.63
1787597765|20260825025605|1001.67
1787597770|20260825025610|1001.61
1787597775|20260825025615|1001.69
1787597780|20260825025620|1001.69
1787597785|20260825025625|1001.61
1787597795|20260825025635|1001.73
1787597800|20260825025640|1001.67
1787597805|20260825025645|1001.69
1787597810|20260825025650|1001.60
1787597820|20260825025700|1001.61
1787597825|20260825025705|1001.60
1787597830|20260825025710|1001.60
1787597835|20260825025715|1001.59
1787597840|20260825025720|1001.69
1787597845|20260825025725|1002.09
1787597855|20260825025735|1001.94
1787597860|20260825025740|1002.02
1787597865|20260825025745|1002.05
1787597870|20260825025750|1002.06
1787597875|20260825025755|1002.06
1787597880|20260825025800|1002.04
1787597885|20260825025805|1002.15
1787597890|20260825025810|1002.16
1787597895|20260825025815|1002.17
1787597900|20260825025820|1002.16
1787597905|20260825025825|1002.21
1787597910|20260825025830|1002.21
1787597915|20260825025835|1002.20
1787597920|20260825025840|1002.15
1787597925|20260825025845|1002.05
1787597930|20260825025850|1002.08
1787597935|20260825025855|1002.07
1787597940|20260825025900|1002.05
1787597950|20260825025910|1002.15
1787597955|20260825025915|1002.18
1787597975|20260825025935|1002.23
1787597990|20260825025950|1002.04
1787597995|20260825025955|1002.04
1787598005|20260825030005|1002.03
1787598010|20260825030010|1002.16
1787598015|20260825030015|1002.14
1787598020|20260825030020|1002.20
1787598025|20260825030025|1002.02
1787598035|20260825030035|1002.31
1787598040|20260825030040|1002.36
1787598045|20260825030045|1002.34
1787598050|20260825030050|1002.41
1787598060|20260825030100|1002.50
1787598065|20260825030105|1002.57
1787598075|20260825030115|1002.69
1787598080|20260825030120|1002.70
1787598085|20260825030125|1002.82
1787598100|20260825030140|1002.78
1787598105|20260825030145|1002.83
1787598110|20260825030150|1002.90
1787598115|20260825030155|1002.93
1787598125|20260825030205|1002.91
1787598130|20260825030210|1002.87
1787598135|20260825030215|1002.86
1787598140|20260825030220|1002.89
1787598155|20260825030235|1002.89
1787598160|20260825030240|1002.84
1787598165|20260825030245|1002.95
1787598175|20260825030255|1002.74
1787598185|20260825030305|1002.76
1787598190|20260825030310|1002.87
1787598195|20260825030315|1002.87
1787598200|20260825030320|1002.81
1787598205|20260825030325|1002.72
1787598220|20260825030340|1002.42
1787598225|20260825030345|1002.43
1787598230|20260825030350|1002.50
1787598235|20260825030355|1002.45
1787598245|20260825030405|1002.52
1787598255|20260825030415|1002.50
1787598265|20260825030425|1002.55
1787598300|20260825030500|1002.57
1787598305|20260825030505|1002.64
1787598310|20260825030510|1002.59
1787598315|20260825030515|1002.60
1787598320|20260825030520|1002.62
1787598325|20260825030525|1002.55
1787598335|20260825030535|1002.62
1787598340|20260825030540|1002.57
1787598345|20260825030545|1002.59
1787598350|20260825030550|1002.61
1787598355|20260825030555|1002.62
1787598360|20260825030600|1002.64
1787598370|20260825030610|1002.68
1787598375|20260825030615|1002.78
1787598380|20260825030620|1002.80
1787598385|20260825030625|1002.74
1787598395|20260825030635|1002.63
1787598400|20260825030640|1002.62
1787598405|20260825030645|1002.60
1787598410|20260825030650|1002.59
1787598415|20260825030655|1002.61
1787598425|20260825030705|1002.68
1787598430|20260825030710|1002.62
1787598435|20260825030715|1002.62
1787598440|20260825030720|1002.59
1787598445|20260825030725|1002.56
1787598455|20260825030735|1002.08
1787598460|20260825030740|1002.06
1787598465|20260825030745|1002.09
1787598470|20260825030750|1002.18
1787598475|20260825030755|1002.24
1787598480|20260825030800|1002.23
1787598485|20260825030805|1002.21
1787598490|20260825030810|1002.19
1787598500|20260825030820|1002.10
1787598515|20260825030835|1002.20
1787598520|20260825030840|1002.25
1787598525|20260825030845|1002.25
1787598530|20260825030850|1002.48
1787598545|20260825030905|1002.73
1787598555|20260825030915|1002.83
1787598565|20260825030925|1002.66
1787598580|20260825030940|1002.59
1787598605|20260825031005|1002.47
1787598615|20260825031015|1002.39
1787598620|20260825031020|1002.39
1787598625|20260825031025|1002.36
1787598635|20260825031035|1002.38
1787598640|20260825031040|1002.38
1787598645|20260825031045|1002.46
1787598650|20260825031050|1002.48
1787598655|20260825031055|1002.43
1787598660|20260825031100|1002.41
1787598675|20260825031115|1002.40
1787598680|20260825031120|1002.28
1787598685|20260825031125|1002.27
1787598695|20260825031135|1002.38
1787598700|20260825031140|1002.42
1787598705|20260825031145|1002.35
1787598710|20260825031150|1002.43
1787598715|20260825031155|1002.43
1787598725|20260825031205|1002.45
1787598730|20260825031210|1002.43
1787598735|20260825031215|1002.24
1787598740|20260825031220|1002.19
1787598755|20260825031235|1002.23
1787598760|20260825031240|1002.19
1787598765|20260825031245|1002.17
1787598770|20260825031250|1002.04
1787598775|20260825031255|1002.03
1787598780|20260825031300|1002.04
1787598790|20260825031310|1002.06
1787598800|20260825031320|1002.03
1787598805|20260825031325|1002.03
1787598815|20260825031335|1002.05
1787598825|20260825031345|1002.04
1787598830|20260825031350|1002.04
1787598835|20260825031355|1002.04
1787598840|20260825031400|1002.03
1787598845|20260825031405|1002.05
1787598850|20260825031410|1002.04
1787598855|20260825031415|1001.97
1787598860|20260825031420|1001.99
1787598865|20260825031425|1002.04
1787598900|20260825031500|1002.02
1787598905|20260825031505|1002.03
1787598910|20260825031510|1002.01
1787598915|20260825031515|1002.08
1787598920|20260825031520|1002.08
1787598925|20260825031525|1002.08
1787598935|20260825031535|1002.04
1787598940|20260825031540|1002.03
1787598945|20260825031545|1002.02
1787598950|20260825031550|1001.99
1787598955|20260825031555|1001.99
1787598960|20260825031600|1001.96
1787598965|20260825031605|1001.92
1787598970|20260825031610|1002.03
1787598980|20260825031620|1002.08
1787598985|20260825031625|1002.03
1787599005|20260825031645|1002.02
1787599010|20260825031650|1002.04
1787599015|20260825031655|1002.06
1787599025|20260825031705|1002.07
1787599030|20260825031710|1002.09
1787599035|20260825031715|1002.11
1787599040|20260825031720|1002.13
1787599045|20260825031725|1002.16
1787599055|20260825031735|1002.74
1787599060|20260825031740|1002.70
1787599070|20260825031750|1002.74
1787599075|20260825031755|1002.73
1787599085|20260825031805|1002.90
1787599090|20260825031810|1002.69
1787599095|20260825031815|1002.72
1787599100|20260825031820|1002.71
1787599105|20260825031825|1002.71
1787599115|20260825031835|1002.88
1787599120|20260825031840|1002.93
1787599125|20260825031845|1002.93
1787599130|20260825031850|1002.93
1787599135|20260825031855|1002.98
1787599140|20260825031900|1003.14
1787599145|20260825031905|1003.11
1787599150|20260825031910|1003.17
1787599155|20260825031915|1003.15
1787599160|20260825031920|1003.16
1787599165|20260825031925|1003.17
1787599205|20260825032005|1003.41
1787599210|20260825032010|1003.38
1787599215|20260825032015|1003.36
1787599220|20260825032020|1003.43
1787599225|20260825032025|1003.42
1787599235|20260825032035|1003.29
1787599240|20260825032040|1003.31
1787599250|20260825032050|1003.45
1787599260|20260825032100|1003.61
1787599270|20260825032110|1003.79
1787599275|20260825032115|1003.79
1787599295|20260825032135|1003.61
1787599300|20260825032140|1003.56
1787599305|20260825032145|1003.65
1787599310|20260825032150|1003.62
1787599325|20260825032205|1003.64
1787599330|20260825032210|1003.64
1787599335|20260825032215|1003.62
1787599355|20260825032235|1003.66
1787599365|20260825032245|1003.65
1787599375|20260825032255|1003.69
1787599385|20260825032305|1003.66
1787599400|20260825032320|1003.82
1787599415|20260825032335|1003.64
1787599420|20260825032340|1003.56
1787599425|20260825032345|1003.60
1787599430|20260825032350|1003.57
1787599435|20260825032355|1003.52
1787599445|20260825032405|1003.54
1787599460|20260825032420|1003.49
1787599490|20260825032450|1003.47
1787599500|20260825032500|1003.31
1787599505|20260825032505|1003.35
1787599510|20260825032510|1003.44
1787599515|20260825032515|1003.43
1787599520|20260825032520|1003.37
1787599525|20260825032525|1003.11
1787599535|20260825032535|1003.14
1787599540|20260825032540|1003.16
1787599545|20260825032545|1003.15
1787599550|20260825032550|1003.15
1787599555|20260825032555|1003.23
1787599560|20260825032600|1003.21
1787599570|20260825032610|1003.10
1787599580|20260825032620|1003.19
1787599585|20260825032625|1003.18
1787599595|20260825032635|1003.18
1787599600|20260825032640|1003.10
1787599605|20260825032645|1003.10
1787599610|20260825032650|1003.09
1787599615|20260825032655|1003.09
1787599620|20260825032700|1003.04
1787599625|20260825032705|1002.97
1787599630|20260825032710|1002.86
1787599635|20260825032715|1002.88
1787599655|20260825032735|1002.84
1787599660|20260825032740|1002.82
1787599670|20260825032750|1002.94
1787599675|20260825032755|1002.94
1787599680|20260825032800|1002.98
1787599685|20260825032805|1003.20
1787599690|20260825032810|1003.20
1787599695|20260825032815|1003.16
1787599700|20260825032820|1003.02
1787599705|20260825032825|1003.02
1787599720|20260825032840|1003.12
1787599725|20260825032845|1003.16
1787599730|20260825032850|1003.18
1787599735|20260825032855|1003.17
1787599745|20260825032905|1003.21
1787599755|20260825032915|1003.29
1787599760|20260825032920|1003.26
1787599765|20260825032925|1003.20
1787599800|20260825033000|1003.13
1787599805|20260825033005|1003.08
1787599810|20260825033010|1003.07
1787599820|20260825033020|1003.09
1787599825|20260825033025|1003.06
1787599835|20260825033035|1002.99
1787599845|20260825033045|1003.04
1787599850|20260825033050|1003.06
1787599855|20260825033055|1003.02
1787599860|20260825033100|1003.09
1787599875|20260825033115|1003.14
1787599895|20260825033135|1003.01
1787599900|20260825033140|1003.12
1787599905|20260825033145|1003.09
1787599910|20260825033150|1003.16
1787599915|20260825033155|1003.13
1787599925|20260825033205|1003.19
1787599930|20260825033210|1003.07
1787599935|20260825033215|1003.11
1787599940|20260825033220|1003.07
1787599945|20260825033225|1002.98
1787599955|20260825033235|1003.03
1787599960|20260825033240|1003.03
1787599965|20260825033245|1002.89
1787599970|20260825033250|1003.00
1787599975|20260825033255|1002.98
1787600005|20260825033325|1003.05
1787600015|20260825033335|1003.14
1787600020|20260825033340|1003.12
1787600030|20260825033350|1003.19
1787600035|20260825033355|1003.18
1787600045|20260825033405|1003.26
1787600050|20260825033410|1003.31
1787600055|20260825033415|1003.29
1787600065|20260825033425|1003.27
1787600100|20260825033500|1003.03
1787600105|20260825033505|1002.98
1787600110|20260825033510|1003.02
1787600115|20260825033515|1003.05
1787600120|20260825033520|1003.01
1787600125|20260825033525|1003.04
1787600135|20260825033535|1003.03
1787600140|20260825033540|1003.04
1787600145|20260825033545|1003.09
1787600150|20260825033550|1003.15
1787600155|20260825033555|1003.19
1787600160|20260825033600|1003.14
1787600175|20260825033615|1003.35
1787600180|20260825033620|1003.38
1787600185|20260825033625|1003.38
1787600195|20260825033635|1003.61
1787600200|20260825033640|1003.68
1787600205|20260825033645|1003.70
1787600210|20260825033650|1003.76
1787600225|20260825033705|1004.00
1787600235|20260825033715|1003.92
1787600245|20260825033725|1003.82
1787600255|20260825033735|1003.89
1787600260|20260825033740|1003.86
1787600265|20260825033745|1003.86
1787600270|20260825033750|1003.81
1787600275|20260825033755|1003.87
1787600295|20260825033815|1004.01
1787600300|20260825033820|1003.98
1787600315|20260825033835|1003.97
1787600320|20260825033840|1003.95
1787600325|20260825033845|1004.01
1787600330|20260825033850|1003.98
1787600345|20260825033905|1004.06
1787600350|20260825033910|1004.10
1787600355|20260825033915|1004.12
1787600360|20260825033920|1004.04
1787600405|20260825034005|1003.85
1787600410|20260825034010|1003.88
1787600415|20260825034015|1003.97
1787600420|20260825034020|1003.97
1787600435|20260825034035|1003.92
1787600440|20260825034040|1003.92
1787600445|20260825034045|1003.92
1787600450|20260825034050|1003.94
1787600455|20260825034055|1003.98
1787600460|20260825034100|1003.99
1787600465|20260825034105|1003.97
1787600470|20260825034110|1003.98
1787600475|20260825034115|1004.09
1787600485|20260825034125|1004.18
1787600495|20260825034135|1004.16
1787600500|20260825034140|1004.34
1787600505|20260825034145|1004.37
1787600510|20260825034150|1004.27
1787600525|20260825034205|1004.28
1787600530|20260825034210|1004.28
1787600535|20260825034215|1004.88
1787600540|20260825034220|1004.92
1787600555|20260825034235|1004.70
1787600560|20260825034240|1004.47
1787600565|20260825034245|1004.48
1787600570|20260825034250|1004.62
1787600575|20260825034255|1004.25
1787600580|20260825034300|1004.36
1787600585|20260825034305|1004.50
1787600590|20260825034310|1004.60
1787600595|20260825034315|1004.62
1787600600|20260825034320|1004.74
1787600605|20260825034325|1004.77
1787600615|20260825034335|1004.82
1787600620|20260825034340|1004.81
1787600625|20260825034345|1004.99
1787600630|20260825034350|1005.02
1787600645|20260825034405|1005.04
1787600650|20260825034410|1004.96
1787600665|20260825034425|1005.01
1787600680|20260825034440|1005.07
1787600700|20260825034500|1005.01
1787600705|20260825034505|1004.96
1787600710|20260825034510|1005.03
1787600715|20260825034515|1005.01
1787600720|20260825034520|1005.12
1787600725|20260825034525|1005.10
1787600740|20260825034540|1005.19
1787600750|20260825034550|1005.12
1787600755|20260825034555|1005.00
1787600760|20260825034600|1005.00
1787600765|20260825034605|1005.06
1787600770|20260825034610|1005.08
1787600775|20260825034615|1005.09
1787600780|20260825034620|1005.06
1787600785|20260825034625|1005.10
1787600795|20260825034635|1005.15
1787600800|20260825034640|1005.02
1787600805|20260825034645|1005.11
1787600810|20260825034650|1005.06
1787600815|20260825034655|1005.12
1787600820|20260825034700|1005.03
1787600825|20260825034705|1004.93
1787600840|20260825034720|1005.13
1787600860|20260825034740|1005.36
1787600865|20260825034745|1005.37
1787600870|20260825034750|1005.39
1787600875|20260825034755|1005.43
1787600885|20260825034805|1005.47
1787600890|20260825034810|1005.46
1787600895|20260825034815|1005.41
1787600900|20260825034820|1005.67
1787600905|20260825034825|1005.68
1787600915|20260825034835|1005.63
1787600930|20260825034850|1005.71
1787600935|20260825034855|1005.76
1787600945|20260825034905|1005.76
1787600955|20260825034915|1005.84
1787600960|20260825034920|1006.01
1787600965|20260825034925|1005.98
1787600985|20260825034945|1005.83
1787601010|20260825035010|1006.03
1787601015|20260825035015|1006.05
1787601020|20260825035020|1006.22
1787601025|20260825035025|1006.15
1787601035|20260825035035|1005.93
1787601040|20260825035040|1005.99
1787601045|20260825035045|1005.48
1787601050|20260825035050|1005.51
1787601055|20260825035055|1005.59
1787601065|20260825035105|1005.58
1787601070|20260825035110|1005.46
1787601075|20260825035115|1005.53
1787601080|20260825035120|1005.53
1787601085|20260825035125|1005.53
1787601095|20260825035135|1005.55
1787601100|20260825035140|1005.47
1787601105|20260825035145|1005.51
1787601115|20260825035155|1005.60
1787601125|20260825035205|1005.64
1787601130|20260825035210|1005.61
1787601135|20260825035215|1005.60
1787601140|20260825035220|1005.59
1787601145|20260825035225|1005.46
1787601155|20260825035235|1005.59
1787601160|20260825035240|1005.63
1787601165|20260825035245|1005.65
1787601170|20260825035250|1005.75
1787601175|20260825035255|1005.68
1787601185|20260825035305|1005.63
1787601190|20260825035310|1005.57
1787601195|20260825035315|1005.39
1787601200|20260825035320|1005.37
1787601205|20260825035325|1005.37
1787601215|20260825035335|1005.45
1787601220|20260825035340|1005.47
1787601230|20260825035350|1005.33
1787601235|20260825035355|1005.38
1787601245|20260825035405|1005.45
1787601250|20260825035410|1005.45
1787601255|20260825035415|1005.47
1787601260|20260825035420|1005.54
1787601265|20260825035425|1005.52
1787601280|20260825035440|1005.47
1787601290|20260825035450|1005.57
1787601300|20260825035500|1005.58
1787601305|20260825035505|1005.54
1787601310|20260825035510|1005.50
1787601315|20260825035515|1005.57
1787601320|20260825035520|1005.60
1787601325|20260825035525|1005.74
1787601335|20260825035535|1005.78
1787601340|20260825035540|1005.81
1787601355|20260825035555|1005.36
1787601365|20260825035605|1005.43
1787601370|20260825035610|1005.43
1787601375|20260825035615|1005.52
1787601380|20260825035620|1005.52
1787601385|20260825035625|1005.42
1787601395|20260825035635|1005.47
1787601400|20260825035640|1005.57
1787601405|20260825035645|1005.53
1787601410|20260825035650|1005.51
1787601415|20260825035655|1005.57
1787601420|20260825035700|1005.40
1787601425|20260825035705|1005.49
1787601430|20260825035710|1005.45
1787601435|20260825035715|1005.47
1787601440|20260825035720|1005.36
1787601445|20260825035725|1005.31
1787601455|20260825035735|1005.10
1787601460|20260825035740|1005.02
1787601465|20260825035745|1005.22
1787601470|20260825035750|1005.17
1787601475|20260825035755|1005.23
1787601480|20260825035800|1005.21
1787601485|20260825035805|1005.22
1787601490|20260825035810|1005.22
1787601495|20260825035815|1005.25
1787601500|20260825035820|1005.26
1787601515|20260825035835|1005.32
1787601520|20260825035840|1005.33
1787601525|20260825035845|1005.28
1787601530|20260825035850|1005.25
1787601535|20260825035855|1005.25
1787601545|20260825035905|1005.27
1787601550|20260825035910|1005.44
1787601555|20260825035915|1005.39
1787601560|20260825035920|1005.43
1787601565|20260825035925|1005.35
1787601605|20260825040005|1005.26
1787601610|20260825040010|1005.36
1787601615|20260825040015|1005.62
1787601620|20260825040020|1005.61
1787601625|20260825040025|1005.46
1787601635|20260825040035|1005.45
1787601640|20260825040040|1005.48
1787601645|20260825040045|1005.49
1787601650|20260825040050|1005.53
1787601655|20260825040055|1005.51
1787601660|20260825040100|1005.45
1787601665|20260825040105|1005.44
1787601675|20260825040115|1005.58
1787601680|20260825040120|1005.60
1787601685|20260825040125|1005.75
1787601695|20260825040135|1005.72
1787601700|20260825040140|1005.71
1787601705|20260825040145|1005.68
1787601710|20260825040150|1005.68
1787601715|20260825040155|1005.67
1787601725|20260825040205|1005.67
1787601730|20260825040210|1005.68
1787601735|20260825040215|1005.55
1787601740|20260825040220|1005.49
1787601755|20260825040235|1005.47
1787601760|20260825040240|1005.49
1787601765|20260825040245|1005.45
1787601770|20260825040250|1005.47
1787601775|20260825040255|1005.42
1787601785|20260825040305|1005.44
1787601790|20260825040310|1005.45
1787601795|20260825040315|1005.48
1787601815|20260825040335|1005.50
1787601820|20260825040340|1005.46
1787601825|20260825040345|1005.42
1787601830|20260825040350|1005.40
1787601835|20260825040355|1005.45
1787601840|20260825040400|1005.42
1787601845|20260825040405|1005.43
1787601850|20260825040410|1005.41
1787601860|20260825040420|1005.45
1787601865|20260825040425|1005.43
1787601880|20260825040440|1005.97
1787601905|20260825040505|1005.89
1787601910|20260825040510|1005.98
1787601915|20260825040515|1005.95
1787601920|20260825040520|1005.92
1787601925|20260825040525|1005.87
1787601935|20260825040535|1005.87
1787601940|20260825040540|1005.86
1787601945|20260825040545|1005.81
1787601950|20260825040550|1005.82
1787601955|20260825040555|1005.81
1787601965|20260825040605|1005.79
1787601970|20260825040610|1005.85
1787601975|20260825040615|1005.89
1787601980|20260825040620|1005.88
1787601985|20260825040625|1005.88
1787602000|20260825040640|1005.85
1787602005|20260825040645|1005.87
1787602015|20260825040655|1005.87
1787602025|20260825040705|1005.81
1787602030|20260825040710|1005.85
1787602035|20260825040715|1005.87
1787602040|20260825040720|1005.86
1787602045|20260825040725|1005.83
1787602055|20260825040735|1005.73
1787602060|20260825040740|1005.74
1787602065|20260825040745|1005.72
1787602070|20260825040750|1005.72
1787602075|20260825040755|1005.79
1787602080|20260825040800|1005.77
1787602085|20260825040805|1005.83
1787602090|20260825040810|1005.80
1787602095|20260825040815|1005.81
1787602100|20260825040820|1005.80
1787602105|20260825040825|1005.83
1787602115|20260825040835|1005.74
1787602120|20260825040840|1005.76
1787602125|20260825040845|1005.73
1787602130|20260825040850|1005.75
1787602135|20260825040855|1005.78
1787602140|20260825040900|1005.79
1787602145|20260825040905|1005.78
1787602150|20260825040910|1005.78
1787602155|20260825040915|1005.76
1787602160|20260825040920|1005.74
1787602165|20260825040925|1005.74
1787602200|20260825041000|1005.73
1787602205|20260825041005|1005.94
1787602210|20260825041010|1005.89
1787602215|20260825041015|1005.92
1787602220|20260825041020|1005.91
1787602225|20260825041025|1005.90
1787602235|20260825041035|1005.89
1787602240|20260825041040|1005.89
1787602245|20260825041045|1005.91
1787602250|20260825041050|1005.90
1787602260|20260825041100|1005.88
1787602265|20260825041105|1005.89
1787602270|20260825041110|1005.87
1787602280|20260825041120|1006.03
1787602285|20260825041125|1005.99
1787602295|20260825041135|1005.78
1787602300|20260825041140|1005.76
1787602305|20260825041145|1005.74
1787602310|20260825041150|1005.75
1787602315|20260825041155|1005.73
1787602330|20260825041210|1005.30
1787602335|20260825041215|1005.16
1787602340|20260825041220|1005.17
1787602345|20260825041225|1005.15
1787602350|20260825041230|1005.20
1787602355|20260825041235|1005.21
1787602360|20260825041240|1005.22
1787602365|20260825041245|1005.23
1787602385|20260825041305|1005.12
1787602390|20260825041310|1005.14
1787602395|20260825041315|1005.14
1787602400|20260825041320|1005.21
1787602405|20260825041325|1005.24
1787602410|20260825041330|1005.23
1787602415|20260825041335|1005.23
1787602420|20260825041340|1005.18
1787602425|20260825041345|1005.14
1787602430|20260825041350|1005.16
1787602440|20260825041400|1005.24
1787602445|20260825041405|1005.22
1787602450|20260825041410|1005.23
1787602455|20260825041415|1005.12
1787602460|20260825041420|1005.12
1787602465|20260825041425|1005.14
1787602475|20260825041435|1005.15
1787602480|20260825041440|1005.14
1787602485|20260825041445|1005.08
1787602495|20260825041455|1005.08
1787602500|20260825041500|1005.07
1787602505|20260825041505|1005.08
1787602515|20260825041515|1005.19
1787602520|20260825041520|1005.25
1787602525|20260825041525|1005.25
1787602530|20260825041530|1005.22
1787602540|20260825041540|1005.25
1787602545|20260825041545|1005.21
1787602550|20260825041550|1005.64
1787602555|20260825041555|1005.65
1787602560|20260825041600|1005.74
1787602565|20260825041605|1005.70
1787602575|20260825041615|1005.68
1787602580|20260825041620|1005.71
1787602585|20260825041625|1005.70
1787602595|20260825041635|1005.70
1787602600|20260825041640|1005.70
1787602605|20260825041645|1005.71
1787602610|20260825041650|1005.76
1787602615|20260825041655|1005.73
1787602625|20260825041705|1005.71
1787602630|20260825041710|1005.64
1787602640|20260825041720|1005.68
1787602655|20260825041735|1005.73
1787602665|20260825041745|1005.66
1787602675|20260825041755|1005.66
1787602680|20260825041800|1005.65
1787602685|20260825041805|1005.65
1787602690|20260825041810|1005.65
1787602695|20260825041815|1005.64
1787602700|20260825041820|1005.61
1787602705|20260825041825|1005.60
1787602715|20260825041835|1005.59
1787602720|20260825041840|1005.54
1787602725|20260825041845|1005.60
1787602730|20260825041850|1005.58
1787602735|20260825041855|1005.57
1787602745|20260825041905|1005.48
1787602750|20260825041910|1005.51
1787602755|20260825041915|1005.53
1787602760|20260825041920|1005.45
1787602765|20260825041925|1005.44
1787602805|20260825042005|1005.31
1787602815|20260825042015|1005.31
1787602820|20260825042020|1005.27
1787602825|20260825042025|1005.28
1787602835|20260825042035|1005.23
1787602840|20260825042040|1005.27
1787602845|20260825042045|1005.32
1787602850|20260825042050|1005.31
1787602870|20260825042110|1005.34
1787602875|20260825042115|1005.46
1787602880|20260825042120|1005.39
1787602885|20260825042125|1005.36
1787602895|20260825042135|1005.34
1787602900|20260825042140|1005.34
1787602905|20260825042145|1005.35
1787602910|20260825042150|1005.35
1787602915|20260825042155|1005.22
1787602920|20260825042200|1005.12
1787602925|20260825042205|1005.13
1787602930|20260825042210|1005.10
1787602935|20260825042215|1005.32
1787602940|20260825042220|1005.27
1787602960|20260825042240|1005.23
1787602965|20260825042245|1005.23
1787602970|20260825042250|1005.34
1787602985|20260825042305|1005.46
1787602990|20260825042310|1005.46
1787602995|20260825042315|1005.46
1787603000|20260825042320|1005.45
1787603005|20260825042325|1005.45
1787603015|20260825042335|1005.43
1787603020|20260825042340|1005.40
1787603025|20260825042345|1005.38
1787603030|20260825042350|1005.38
1787603040|20260825042400|1005.39
1787603045|20260825042405|1005.38
1787603050|20260825042410|1005.24
1787603055|20260825042415|1005.31
1787603060|20260825042420|1005.24
1787603065|20260825042425|1005.15
1787603100|20260825042500|1005.12
1787603105|20260825042505|1005.08
1787603115|20260825042515|1005.03
1787603120|20260825042520|1005.02
1787603125|20260825042525|1005.04
1787603140|20260825042540|1005.02
1787603145|20260825042545|1005.01
1787603150|20260825042550|1005.02
1787603155|20260825042555|1005.03
1787603160|20260825042600|1005.02
1787603165|20260825042605|1005.01
1787603170|20260825042610|1005.01
1787603175|20260825042615|1005.00
1787603180|20260825042620|1005.00
1787603185|20260825042625|1005.02
1787603195|20260825042635|1004.98
1787603200|20260825042640|1004.92
1787603205|20260825042645|1004.86
1787603210|20260825042650|1004.86
1787603215|20260825042655|1004.86
1787603225|20260825042705|1004.86
1787603230|20260825042710|1004.90
1787603235|20260825042715|1004.90
1787603240|20260825042720|1004.93
1787603245|20260825042725|1004.89
1787603255|20260825042735|1004.80
1787603260|20260825042740|1004.78
1787603265|20260825042745|1004.78
1787603270|20260825042750|1004.77
1787603275|20260825042755|1004.77
1787603280|20260825042800|1004.76
1787603285|20260825042805|1004.76
1787603290|20260825042810|1004.80
1787603295|20260825042815|1004.79
1787603305|20260825042825|1004.79
1787603310|20260825042830|1004.84
1787603315|20260825042835|1004.83
1787603325|20260825042845|1004.82
1787603330|20260825042850|1004.84
1787603335|20260825042855|1004.83
1787603345|20260825042905|1004.80
1787603350|20260825042910|1004.83
1787603355|20260825042915|1004.84
1787603360|20260825042920|1004.82
1787603405|20260825043005|1004.89
1787603410|20260825043010|1004.90
1787603420|20260825043020|1004.84
1787603425|20260825043025|1004.84
1787603435|20260825043035|1004.89
1787603440|20260825043040|1004.89
1787603445|20260825043045|1004.90
1787603450|20260825043050|1004.90
1787603455|20260825043055|1004.90
1787603465|20260825043105|1004.94
1787603470|20260825043110|1004.90
1787603475|20260825043115|1004.89
1787603480|20260825043120|1004.83
1787603485|20260825043125|1004.79
1787603495|20260825043135|1004.80
1787603500|20260825043140|1004.82
1787603505|20260825043145|1004.83
1787603510|20260825043150|1004.83
1787603520|20260825043200|1004.64
1787603525|20260825043205|1004.69
1787603530|20260825043210|1004.67
1787603540|20260825043220|1004.66
1787603545|20260825043225|1004.68
1787603560|20260825043240|1004.68
1787603570|20260825043250|1004.71
1787603580|20260825043300|1004.74
1787603590|20260825043310|1004.72
1787603595|20260825043315|1004.72
1787603600|20260825043320|1004.70
1787603605|20260825043325|1004.70
1787603615|20260825043335|1004.68
1787603620|20260825043340|1004.69
1787603625|20260825043345|1004.70
1787603635|20260825043355|1004.70
1787603640|20260825043400|1004.70
1787603645|20260825043405|1004.70
1787603650|20260825043410|1004.70
1787603655|20260825043415|1004.70
1787603660|20260825043420|1004.68
1787603665|20260825043425|1004.70
1787603700|20260825043500|1004.68
1787603705|20260825043505|1004.69
1787603710|20260825043510|1004.69
1787603715|20260825043515|1004.70
1787603720|20260825043520|1004.64
1787603740|20260825043540|1004.57
1787603745|20260825043545|1004.60
1787603750|20260825043550|1004.61
1787603755|20260825043555|1004.61
1787603760|20260825043600|1004.61
1787603770|20260825043610|1004.64
1787603775|20260825043615|1004.64
1787603780|20260825043620|1004.63
1787603785|20260825043625|1004.66
1787603795|20260825043635|1004.68
1787603800|20260825043640|1004.69
1787603805|20260825043645|1004.70
1787603810|20260825043650|1004.67
1787603815|20260825043655|1004.64
1787603820|20260825043700|1004.62
1787603825|20260825043705|1004.61
1787603830|20260825043710|1004.64
1787603845|20260825043725|1004.69
1787603855|20260825043735|1004.64
1787603860|20260825043740|1004.65
1787603865|20260825043745|1004.66
1787603870|20260825043750|1004.72
1787603875|20260825043755|1004.72
1787603885|20260825043805|1004.65
1787603895|20260825043815|1004.67
1787603900|20260825043820|1004.67
1787603905|20260825043825|1004.67
1787603915|20260825043835|1004.68
1787603920|20260825043840|1004.68
1787603935|20260825043855|1004.71
1787603940|20260825043900|1004.71
1787603950|20260825043910|1004.66
1787603955|20260825043915|1004.65
1787603960|20260825043920|1004.65
1787603965|20260825043925|1004.65
1787604005|20260825044005|1004.66
1787604020|20260825044020|1004.64
1787604025|20260825044025|1004.64
1787604040|20260825044040|1004.66
1787604045|20260825044045|1004.66
1787604055|20260825044055|1004.69
1787604065|20260825044105|1004.67
1787604070|20260825044110|1004.69
1787604075|20260825044115|1004.70
1787604080|20260825044120|1004.68
1787604085|20260825044125|1004.67
1787604095|20260825044135|1004.66
1787604100|20260825044140|1004.56
1787604105|20260825044145|1004.53
1787604110|20260825044150|1004.53
1787604120|20260825044200|1004.47
1787604125|20260825044205|1004.46
1787604130|20260825044210|1004.50
1787604135|20260825044215|1004.46
1787604140|20260825044220|1004.45
1787604155|20260825044235|1004.42
1787604160|20260825044240|1004.42
1787604165|20260825044245|1004.44
1787604170|20260825044250|1004.43
1787604175|20260825044255|1004.46
1787604185|20260825044305|1004.43
1787604190|20260825044310|1004.40
1787604200|20260825044320|1004.42
1787604205|20260825044325|1004.38
1787604215|20260825044335|1004.40
1787604220|20260825044340|1004.41
1787604225|20260825044345|1004.44
1787604230|20260825044350|1004.47
1787604250|20260825044410|1004.48
1787604255|20260825044415|1004.47
1787604260|20260825044420|1004.47
1787604265|20260825044425|1004.47
1787604300|20260825044500|1004.51
1787604305|20260825044505|1004.51
1787604310|20260825044510|1004.59
1787604315|20260825044515|1004.40
1787604320|20260825044520|1004.41
1787604325|20260825044525|1004.68
1787604335|20260825044535|1004.80
1787604340|20260825044540|1004.57
1787604345|20260825044545|1004.57
1787604350|20260825044550|1004.83
1787604355|20260825044555|1004.64
1787604360|20260825044600|1004.53
1787604365|20260825044605|1004.40
1787604370|20260825044610|1004.63
1787604375|20260825044615|1004.62
1787604385|20260825044625|1004.50
1787604395|20260825044635|1004.46
1787604400|20260825044640|1004.46
1787604405|20260825044645|1004.68
1787604410|20260825044650|1004.79
1787604415|20260825044655|1004.80
1787604425|20260825044705|1004.85
1787604430|20260825044710|1004.91
1787604435|20260825044715|1004.94
1787604440|20260825044720|1004.88
1787604455|20260825044735|1004.93
1787604465|20260825044745|1004.98
1787604480|20260825044800|1005.03
1787604485|20260825044805|1004.99
1787604490|20260825044810|1004.99
1787604495|20260825044815|1004.99
1787604500|20260825044820|1004.93
1787604505|20260825044825|1004.93
1787604515|20260825044835|1004.88
1787604520|20260825044840|1004.91
1787604525|20260825044845|1004.90
1787604530|20260825044850|1005.09
1787604535|20260825044855|1005.08
1787604540|20260825044900|1005.07
1787604545|20260825044905|1005.02
1787604550|20260825044910|1005.03
1787604555|20260825044915|1005.03
1787604565|20260825044925|1005.04
1787604605|20260825045005|1004.98
1787604610|20260825045010|1005.00
1787604620|20260825045020|1004.98
1787604635|20260825045035|1004.79
1787604640|20260825045040|1004.89
1787604650|20260825045050|1004.96
1787604665|20260825045105|1004.88
1787604670|20260825045110|1004.89
1787604675|20260825045115|1004.85
1787604695|20260825045135|1004.89
1787604710|20260825045150|1004.75
1787604715|20260825045155|1004.75
1787604725|20260825045205|1004.77
1787604740|20260825045220|1004.80
1787604755|20260825045235|1004.77
1787604760|20260825045240|1004.77
1787604765|20260825045245|1004.82
1787604770|20260825045250|1004.84
1787604775|20260825045255|1004.83
1787604785|20260825045305|1004.89
1787604790|20260825045310|1004.90
1787604805|20260825045325|1004.88
1787604820|20260825045340|1004.87
1787604825|20260825045345|1004.94
1787604845|20260825045405|1004.96
1787604865|20260825045425|1005.04
1787604905|20260825045505|1005.24
1787604910|20260825045510|1005.23
1787604915|20260825045515|1005.18
1787604920|20260825045520|1005.11
1787604935|20260825045535|1005.26
1787604940|20260825045540|1004.99
1787604945|20260825045545|1004.95
1787604950|20260825045550|1004.95
1787604955|20260825045555|1004.92
1787604965|20260825045605|1005.05
1787604970|20260825045610|1005.10
1787604975|20260825045615|1005.11
1787604980|20260825045620|1005.11
1787604985|20260825045625|1005.08
1787604995|20260825045635|1005.13
1787605000|20260825045640|1005.12
1787605005|20260825045645|1005.11
1787605010|20260825045650|1005.14
1787605015|20260825045655|1005.12
1787605035|20260825045715|1005.20
1787605040|20260825045720|1005.19
1787605045|20260825045725|1005.27
1787605055|20260825045735|1005.36
1787605060|20260825045740|1005.35
1787605070|20260825045750|1005.44
1787605075|20260825045755|1005.44
1787605100|20260825045820|1005.46
1787605105|20260825045825|1005.38
1787605120|20260825045840|1005.29
1787605130|20260825045850|1005.27
1787605145|20260825045905|1005.22
1787608820|20260825060020|1005.91
1787608835|20260825060035|1005.87
1787608840|20260825060040|1005.98
1787608850|20260825060050|1005.97
1787608855|20260825060055|1006.05
1787608865|20260825060105|1006.36
1787608870|20260825060110|1006.28
1787608875|20260825060115|1006.38
1787608880|20260825060120|1006.38
1787608885|20260825060125|1006.28
1787608895|20260825060135|1006.18
1787608900|20260825060140|1006.14
1787608905|20260825060145|1006.27
1787608915|20260825060155|1006.34
1787608925|20260825060205|1006.35
1787608930|20260825060210|1006.32
1787608935|20260825060215|1006.17
1787608940|20260825060220|1006.19
1787608945|20260825060225|1006.23
1787608955|20260825060235|1006.14
1787608960|20260825060240|1006.16
1787608965|20260825060245|1006.16
1787608970|20260825060250|1006.14
1787608975|20260825060255|1006.03
1787608985|20260825060305|1005.86
1787608995|20260825060315|1005.77
1787609000|20260825060320|1005.87
1787609005|20260825060325|1005.83
1787609015|20260825060335|1006.15
1787609020|20260825060340|1006.24
1787609025|20260825060345|1006.11
1787609035|20260825060355|1005.99
1787609040|20260825060400|1006.23
1787609045|20260825060405|1006.16
1787609050|20260825060410|1006.04
1787609055|20260825060415|1006.05
1787609060|20260825060420|1006.23
1787609065|20260825060425|1006.18
1787609100|20260825060500|1006.22
1787609105|20260825060505|1006.23
1787609110|20260825060510|1006.22
1787609115|20260825060515|1006.21
1787609120|20260825060520|1006.17
1787609125|20260825060525|1006.23
1787609135|20260825060535|1006.32
1787609140|20260825060540|1006.41
1787609145|20260825060545|1006.42
1787609150|20260825060550|1006.44
1787609155|20260825060555|1006.55
1787609160|20260825060600|1006.43
1787609165|20260825060605|1006.48
1787609170|20260825060610|1006.46
1787609180|20260825060620|1006.69
1787609185|20260825060625|1006.59
1787609195|20260825060635|1006.54
1787609200|20260825060640|1006.51
1787609205|20260825060645|1006.54
1787609215|20260825060655|1006.60
1787609225|20260825060705|1006.66
1787609230|20260825060710|1006.61
1787609235|20260825060715|1006.64
1787609240|20260825060720|1006.68
1787609245|20260825060725|1006.75
1787609255|20260825060735|1006.72
1787609265|20260825060745|1006.88
1787609275|20260825060755|1006.88
1787609280|20260825060800|1006.88
1787609285|20260825060805|1006.94
1787609290|20260825060810|1006.97
1787609295|20260825060815|1006.99
1787609300|20260825060820|1007.04
1787609315|20260825060835|1007.18
1787609320|20260825060840|1007.14
1787609325|20260825060845|1007.12
1787609330|20260825060850|1007.21
1787609335|20260825060855|1007.15
1787609345|20260825060905|1007.18
1787609350|20260825060910|1007.26
1787609355|20260825060915|1007.24
1787609365|20260825060925|1007.28
1787609405|20260825061005|1006.90
1787609410|20260825061010|1007.07
1787609420|20260825061020|1007.05
1787609435|20260825061035|1007.05
1787609440|20260825061040|1007.11
1787609445|20260825061045|1007.02
1787609450|20260825061050|1007.05
1787609455|20260825061055|1007.03
1787609460|20260825061100|1006.84
1787609465|20260825061105|1006.79
1787609470|20260825061110|1006.86
1787609475|20260825061115|1006.94
1787609480|20260825061120|1006.94
1787609485|20260825061125|1006.96
1787609495|20260825061135|1006.92
1787609505|20260825061145|1006.99
1787609515|20260825061155|1007.00
1787609525|20260825061205|1006.99
1787609530|20260825061210|1006.97
1787609535|20260825061215|1006.96
1787609540|20260825061220|1006.94
1787609545|20260825061225|1006.87
1787609555|20260825061235|1006.86
1787609560|20260825061240|1006.83
1787609565|20260825061245|1006.83
1787609575|20260825061255|1006.96
1787609585|20260825061305|1006.87
1787609595|20260825061315|1006.83
1787609600|20260825061320|1006.91
1787609620|20260825061340|1006.84
1787609625|20260825061345|1006.83
1787609630|20260825061350|1006.82
1787609635|20260825061355|1006.85
1787609650|20260825061410|1006.77
1787609655|20260825061415|1006.71
1787609660|20260825061420|1006.76
1787609700|20260825061500|1006.84
1787609705|20260825061505|1006.88
1787609710|20260825061510|1006.91
1787609715|20260825061515|1006.92
1787609720|20260825061520|1006.97
1787609725|20260825061525|1006.92
1787609735|20260825061535|1006.89
1787609740|20260825061540|1006.90
1787609745|20260825061545|1007.01
1787609750|20260825061550|1007.00
1787609755|20260825061555|1007.00
1787609760|20260825061600|1007.00
1787609765|20260825061605|1006.97
1787609770|20260825061610|1006.97
1787609775|20260825061615|1006.96
1787609785|20260825061625|1006.98
1787609800|20260825061640|1006.96
1787609805|20260825061645|1006.94
1787609810|20260825061650|1006.94
1787609815|20260825061655|1006.95
1787609820|20260825061700|1006.94
1787609825|20260825061705|1006.95
1787609830|20260825061710|1006.91
1787609835|20260825061715|1006.92
1787609840|20260825061720|1007.00
1787609845|20260825061725|1006.97
1787609855|20260825061735|1006.99
1787609875|20260825061755|1006.91
1787609885|20260825061805|1006.90
1787609890|20260825061810|1006.95
1787609900|20260825061820|1006.93
1787609905|20260825061825|1006.93
1787609915|20260825061835|1006.91
1787609920|20260825061840|1006.92
1787609925|20260825061845|1006.90
1787609935|20260825061855|1006.89
1787609940|20260825061900|1006.88
1787609950|20260825061910|1006.86
1787609955|20260825061915|1006.87
1787609960|20260825061920|1006.81
1787609965|20260825061925|1006.81
1787609995|20260825061955|1006.67
1787610000|20260825062000|1006.70
1787610005|20260825062005|1006.63
1787610010|20260825062010|1006.60
1787610015|20260825062015|1006.60
1787610020|20260825062020|1006.64
1787610040|20260825062040|1006.78
1787610050|20260825062050|1006.78
1787610065|20260825062105|1006.84
1787610070|20260825062110|1006.83
1787610075|20260825062115|1006.85
1787610095|20260825062135|1006.84
1787610100|20260825062140|1006.87
1787610105|20260825062145|1006.83
1787610110|20260825062150|1006.82
1787610115|20260825062155|1006.82
1787610120|20260825062200|1006.83
1787610125|20260825062205|1006.80
1787610130|20260825062210|1006.81
1787610135|20260825062215|1006.75
1787610145|20260825062225|1006.80
1787610155|20260825062235|1006.89
1787610160|20260825062240|1006.89
1787610165|20260825062245|1006.89
1787610170|20260825062250|1006.81
1787610175|20260825062255|1006.84
1787610180|20260825062300|1006.86
1787610185|20260825062305|1006.81
1787610190|20260825062310|1006.84
1787610195|20260825062315|1006.84
1787610200|20260825062320|1006.82
1787610205|20260825062325|1006.78
1787610215|20260825062335|1006.78
1787610225|20260825062345|1006.79
1787610230|20260825062350|1006.73
1787610235|20260825062355|1006.74
1787610245|20260825062405|1006.71
1787610250|20260825062410|1006.72
1787610255|20260825062415|1006.76
1787610260|20260825062420|1006.74
1787610300|20260825062500|1006.79
1787610305|20260825062505|1006.78
1787610310|20260825062510|1006.79
1787610320|20260825062520|1006.76
1787610325|20260825062525|1006.76
1787610335|20260825062535|1006.76
1787610340|20260825062540|1006.74
1787610350|20260825062550|1006.76
1787610355|20260825062555|1006.76
1787610365|20260825062605|1006.75
1787610370|20260825062610|1006.75
1787610375|20260825062615|1006.74
1787610380|20260825062620|1006.74
1787610385|20260825062625|1006.75
1787610395|20260825062635|1006.76
1787610400|20260825062640|1006.76
1787610410|20260825062650|1006.76
1787610415|20260825062655|1006.67
1787610420|20260825062700|1006.70
1787610435|20260825062715|1006.67
1787610440|20260825062720|1006.65
1787610445|20260825062725|1006.66
1787610455|20260825062735|1006.67
1787610460|20260825062740|1006.67
1787610470|20260825062750|1006.62
1787610475|20260825062755|1006.61
1787610485|20260825062805|1006.55
1787610490|20260825062810|1006.56
1787610495|20260825062815|1006.54
1787610500|20260825062820|1006.56
1787610505|20260825062825|1006.56
1787610520|20260825062840|1006.47
1787610530|20260825062850|1006.53
1787610535|20260825062855|1006.56
1787610545|20260825062905|1006.57
1787610555|20260825062915|1006.52
1787610560|20260825062920|1006.54
1787610565|20260825062925|1006.59
1787610600|20260825063000|1006.64
1787610605|20260825063005|1006.66
1787610610|20260825063010|1006.90
1787610615|20260825063015|1006.87
1787610620|20260825063020|1006.84
1787610625|20260825063025|1006.84
1787610635|20260825063035|1006.84
1787610640|20260825063040|1006.85
1787610650|20260825063050|1006.78
1787610655|20260825063055|1006.72
1787610665|20260825063105|1006.63
1787610670|20260825063110|1006.64
1787610675|20260825063115|1006.66
1787610680|20260825063120|1006.65
1787610685|20260825063125|1006.63
1787610695|20260825063135|1006.64
1787610705|20260825063145|1006.53
1787610710|20260825063150|1006.56
1787610715|20260825063155|1006.64
1787610730|20260825063210|1006.61
1787610735|20260825063215|1006.65
1787610740|20260825063220|1006.65
1787610745|20260825063225|1006.67
1787610750|20260825063230|1006.75
1787610755|20260825063235|1006.71
1787610760|20260825063240|1006.72
1787610765|20260825063245|1006.69
1787610770|20260825063250|1006.70
1787610775|20260825063255|1006.70
1787610780|20260825063300|1006.71
1787610790|20260825063310|1006.73
1787610795|20260825063315|1006.76
1787610800|20260825063320|1006.77
1787610815|20260825063335|1006.94
1787610820|20260825063340|1006.94
1787610825|20260825063345|1006.88
1787610830|20260825063350|1006.88
1787610835|20260825063355|1006.88
1787610850|20260825063410|1006.83
1787610855|20260825063415|1006.83
1787610860|20260825063420|1006.81
1787610865|20260825063425|1006.83
1787610905|20260825063505|1006.90
1787610910|20260825063510|1006.89
1787610915|20260825063515|1007.24
1787610920|20260825063520|1007.25
1787610935|20260825063535|1007.21
1787610940|20260825063540|1007.20
1787610945|20260825063545|1007.22
1787610965|20260825063605|1007.21
1787610975|20260825063615|1007.19
1787610985|20260825063625|1007.29
1787610995|20260825063635|1007.36
1787611000|20260825063640|1007.34
1787611005|20260825063645|1007.34
1787611010|20260825063650|1007.33
1787611015|20260825063655|1007.33
1787611025|20260825063705|1007.31
1787611030|20260825063710|1007.30
1787611035|20260825063715|1007.32
1787611040|20260825063720|1007.32
1787611045|20260825063725|1007.36
1787611055|20260825063735|1007.28
1787611060|20260825063740|1007.29
1787611065|20260825063745|1007.25
1787611070|20260825063750|1007.23
1787611075|20260825063755|1007.24
1787611085|20260825063805|1007.24
1787611090|20260825063810|1007.22
1787611095|20260825063815|1007.27
1787611100|20260825063820|1007.27
1787611105|20260825063825|1007.27
1787611115|20260825063835|1007.23
1787611120|20260825063840|1007.28
1787611125|20260825063845|1007.27
1787611130|20260825063850|1007.27
1787611135|20260825063855|1007.27
1787611145|20260825063905|1007.30
1787611155|20260825063915|1007.31
1787611160|20260825063920|1007.28
1787611170|20260825063930|1007.27
1787611175|20260825063935|1007.29
1787611205|20260825064005|1007.24
1787611210|20260825064010|1007.25
1787611215|20260825064015|1007.28
1787611220|20260825064020|1007.27
1787611225|20260825064025|1007.30
1787611250|20260825064050|1007.25
1787611255|20260825064055|1007.24
1787611260|20260825064100|1007.24
1787611265|20260825064105|1007.24
1787611270|20260825064110|1007.22
1787611275|20260825064115|1007.20
1787611280|20260825064120|1007.20
1787611285|20260825064125|1007.21
1787611295|20260825064135|1007.19
1787611300|20260825064140|1007.20
1787611305|20260825064145|1007.27
1787611325|20260825064205|1007.30
1787611335|20260825064215|1007.28
1787611340|20260825064220|1007.29
1787611355|20260825064235|1007.34
1787611360|20260825064240|1007.36
1787611370|20260825064250|1007.34
1787611375|20260825064255|1007.35
1787611385|20260825064305|1007.35
1787611390|20260825064310|1007.32
1787611400|20260825064320|1007.33
1787611410|20260825064330|1007.37
1787611415|20260825064335|1007.36
1787611420|20260825064340|1007.34
1787611425|20260825064345|1007.36
1787611430|20260825064350|1007.38
1787611435|20260825064355|1007.39
1787611440|20260825064400|1007.38
1787611445|20260825064405|1007.39
1787611460|20260825064420|1007.40
1787611465|20260825064425|1007.38
1787611500|20260825064500|1007.45
1787611505|20260825064505|1007.41
1787611510|20260825064510|1007.41
1787611515|20260825064515|1007.40
1787611520|20260825064520|1007.40
1787611525|20260825064525|1007.38
1787611540|20260825064540|1007.37
1787611545|20260825064545|1007.34
1787611550|20260825064550|1007.37
1787611555|20260825064555|1007.40
1787611570|20260825064610|1007.39
1787611575|20260825064615|1007.39
1787611580|20260825064620|1007.41
1787611585|20260825064625|1007.40
1787611600|20260825064640|1007.49
1787611610|20260825064650|1007.50
1787611615|20260825064655|1007.50
1787611625|20260825064705|1007.49
1787611630|20260825064710|1007.49
1787611635|20260825064715|1007.48
1787611640|20260825064720|1007.50
1787611645|20260825064725|1007.49
1787611675|20260825064755|1007.45
1787611680|20260825064800|1007.46
1787611685|20260825064805|1007.46
1787611690|20260825064810|1007.48
1787611695|20260825064815|1007.53
1787611700|20260825064820|1007.47
1787611705|20260825064825|1007.49
1787611715|20260825064835|1007.46
1787611720|20260825064840|1007.47
1787611725|20260825064845|1007.48
1787611735|20260825064855|1007.54
1787611740|20260825064900|1007.52
1787611745|20260825064905|1007.51
1787611750|20260825064910|1007.49
1787611755|20260825064915|1007.50
1787611760|20260825064920|1007.52
1787611765|20260825064925|1007.55
1787611800|20260825065000|1007.64
1787611805|20260825065005|1007.65
1787611815|20260825065015|1007.67
1787611820|20260825065020|1007.67
1787611845|20260825065045|1007.66
1787611850|20260825065050|1007.64
1787611855|20260825065055|1007.65
1787611865|20260825065105|1007.69
1787611870|20260825065110|1007.65
1787611875|20260825065115|1007.66
1787611880|20260825065120|1007.66
1787611885|20260825065125|1008.02
1787611895|20260825065135|1008.16
1787611900|20260825065140|1008.09
1787611905|20260825065145|1008.08
1787611910|20260825065150|1008.10
1787611935|20260825065215|1007.98
1787611940|20260825065220|1008.00
1787611945|20260825065225|1008.00
1787611955|20260825065235|1007.99
1787611960|20260825065240|1008.03
1787611965|20260825065245|1008.06
1787611970|20260825065250|1008.04
1787611985|20260825065305|1008.01
1787611990|20260825065310|1008.01
1787611995|20260825065315|1008.04
1787612000|20260825065320|1008.10
1787612005|20260825065325|1008.20
1787612015|20260825065335|1008.19
1787612020|20260825065340|1008.20
1787612025|20260825065345|1008.17
1787612030|20260825065350|1008.14
1787612035|20260825065355|1008.15
1787612045|20260825065405|1008.09
1787612050|20260825065410|1008.08
1787612065|20260825065425|1008.10
1787612105|20260825065505|1008.10
1787612110|20260825065510|1008.05
1787612115|20260825065515|1008.05
1787612120|20260825065520|1008.05
1787612125|20260825065525|1008.06
1787612140|20260825065540|1008.03
1787612155|20260825065555|1008.03
1787612165|20260825065605|1008.28
1787612170|20260825065610|1008.24
1787612175|20260825065615|1008.30
1787612180|20260825065620|1008.35
1787612185|20260825065625|1008.38
1787612195|20260825065635|1008.40
1787612200|20260825065640|1008.48
1787612205|20260825065645|1008.49
1787612210|20260825065650|1008.51
1787612215|20260825065655|1008.56
1787612225|20260825065705|1008.53
1787612235|20260825065715|1008.52
1787612240|20260825065720|1008.52
1787612245|20260825065725|1008.49
1787612255|20260825065735|1008.51
1787612260|20260825065740|1008.54
1787612265|20260825065745|1008.53
1787612270|20260825065750|1008.57
1787612275|20260825065755|1008.55
1787612285|20260825065805|1008.62
1787612290|20260825065810|1008.63
1787612295|20260825065815|1008.63
1787612300|20260825065820|1008.65
1787612305|20260825065825|1008.63
1787612320|20260825065840|1008.65
1787612325|20260825065845|1008.64
1787612335|20260825065855|1008.65
1787612345|20260825065905|1008.59
1787612350|20260825065910|1008.60
1787612355|20260825065915|1008.70
1787612360|20260825065920|1008.71
1787612365|20260825065925|1008.87
1787612400|20260825070000|1008.78
1787612410|20260825070010|1009.09
1787612415|20260825070015|1009.11
1787612420|20260825070020|1009.10
1787612425|20260825070025|1009.07
1787612435|20260825070035|1009.16
1787612440|20260825070040|1009.16
1787612445|20260825070045|1009.13
1787612450|20260825070050|1009.15
1787612455|20260825070055|1009.14
1787612470|20260825070110|1009.06
1787612475|20260825070115|1009.06
1787612485|20260825070125|1008.95
1787612495|20260825070135|1008.95
1787612500|20260825070140|1009.00
1787612505|20260825070145|1009.07
1787612510|20260825070150|1008.97
1787612515|20260825070155|1009.02
1787612525|20260825070205|1008.90
1787612530|20260825070210|1008.87
1787612535|20260825070215|1008.92
1787612540|20260825070220|1008.95
1787612545|20260825070225|1008.95
1787612555|20260825070235|1008.87
1787612560|20260825070240|1008.88
1787612565|20260825070245|1008.94
1787612585|20260825070305|1008.90
1787612590|20260825070310|1008.94
1787612595|20260825070315|1008.95
1787612600|20260825070320|1008.95
1787612605|20260825070325|1008.97
1787612615|20260825070335|1009.01
1787612620|20260825070340|1009.03
1787612640|20260825070400|1009.03
1787612645|20260825070405|1009.02
1787612650|20260825070410|1009.03
1787612655|20260825070415|1009.03
1787612660|20260825070420|1009.03
1787612665|20260825070425|1009.03
1787612685|20260825070445|1009.03
1787612700|20260825070500|1008.93
1787612715|20260825070515|1008.87
1787612720|20260825070520|1008.86
1787612725|20260825070525|1008.87
1787612735|20260825070535|1009.00
1787612740|20260825070540|1009.00
1787612745|20260825070545|1008.99
1787612760|20260825070600|1008.99
1787612765|20260825070605|1008.99
1787612770|20260825070610|1008.93
1787612775|20260825070615|1008.92
1787612780|20260825070620|1008.93
1787612785|20260825070625|1008.94
1787612795|20260825070635|1008.89
1787612805|20260825070645|1008.82
1787612810|20260825070650|1008.79
1787612830|20260825070710|1008.83
1787612835|20260825070715|1008.81
1787612840|20260825070720|1008.78
1787612845|20260825070725|1008.70
1787612855|20260825070735|1008.70
1787612860|20260825070740|1008.68
1787612865|20260825070745|1008.66
1787612870|20260825070750|1008.65
1787612875|20260825070755|1008.66
1787612880|20260825070800|1008.64
1787612885|20260825070805|1008.78
1787612890|20260825070810|1008.76
1787612895|20260825070815|1008.78
1787612905|20260825070825|1008.80
1787612915|20260825070835|1008.83
1787612920|20260825070840|1008.99
1787612940|20260825070900|1008.95
1787612945|20260825070905|1008.99
1787612950|20260825070910|1009.02
1787612955|20260825070915|1009.04
1787612965|20260825070925|1009.08
1787613005|20260825071005|1009.15
1787613010|20260825071010|1009.13
1787613015|20260825071015|1009.11
1787613020|20260825071020|1009.11
1787613025|20260825071025|1009.12
1787613040|20260825071040|1009.20
1787613050|20260825071050|1009.20
1787613070|20260825071110|1009.67
1787613075|20260825071115|1009.67
1787613080|20260825071120|1009.75
1787613095|20260825071135|1009.70
1787613100|20260825071140|1009.71
1787613105|20260825071145|1009.65
1787613110|20260825071150|1009.66
1787613115|20260825071155|1009.68
1787613125|20260825071205|1009.75
1787613130|20260825071210|1009.77
1787613135|20260825071215|1009.72
1787613140|20260825071220|1009.71
1787613145|20260825071225|1009.50
1787613155|20260825071235|1009.38
1787613160|20260825071240|1009.42
1787613165|20260825071245|1009.41
1787613170|20260825071250|1009.50
1787613175|20260825071255|1009.42
1787613180|20260825071300|1009.45
1787613185|20260825071305|1009.45
1787613190|20260825071310|1009.42
1787613195|20260825071315|1009.46
1787613200|20260825071320|1009.46
1787613205|20260825071325|1009.46
1787613215|20260825071335|1009.48
1787613220|20260825071340|1009.46
1787613225|20260825071345|1009.47
1787613230|20260825071350|1009.40
1787613235|20260825071355|1009.52
1787613240|20260825071400|1009.52
1787613250|20260825071410|1009.53
1787613255|20260825071415|1009.55
1787613260|20260825071420|1009.50
1787613265|20260825071425|1009.56
1787613295|20260825071455|1009.70
1787613310|20260825071510|1009.90
1787613320|20260825071520|1010.11
1787613325|20260825071525|1010.31
1787613340|20260825071540|1010.50
1787613345|20260825071545|1010.44
1787613350|20260825071550|1010.50
1787613355|20260825071555|1010.51
1787613365|20260825071605|1010.50
1787613370|20260825071610|1010.60
1787613375|20260825071615|1010.58
1787613380|20260825071620|1010.60
1787613385|20260825071625|1010.74
1787613395|20260825071635|1010.65
1787613400|20260825071640|1010.70
1787613405|20260825071645|1010.72
1787613410|20260825071650|1010.73
1787613415|20260825071655|1010.63
1787613425|20260825071705|1010.54
1787613430|20260825071710|1010.54
1787613435|20260825071715|1010.55
1787613440|20260825071720|1010.63
1787613445|20260825071725|1010.60
1787613455|20260825071735|1010.48
1787613460|20260825071740|1010.49
1787613465|20260825071745|1010.53
1787613470|20260825071750|1010.51
1787613475|20260825071755|1010.48
1787613485|20260825071805|1010.48
1787613490|20260825071810|1010.49
1787613495|20260825071815|1010.52
1787613500|20260825071820|1010.53
1787613505|20260825071825|1010.54
1787613515|20260825071835|1010.52
1787613520|20260825071840|1010.50
1787613525|20260825071845|1010.50
1787613535|20260825071855|1010.59
1787613545|20260825071905|1010.41
1787613550|20260825071910|1010.37
1787613555|20260825071915|1010.34
1787613560|20260825071920|1010.32
1787613565|20260825071925|1010.35
1787613600|20260825072000|1010.34
1787613605|20260825072005|1010.34
1787613615|20260825072015|1010.43
1787613620|20260825072020|1010.43
1787613640|20260825072040|1010.38
1787613645|20260825072045|1010.40
1787613650|20260825072050|1010.42
1787613655|20260825072055|1010.29
1787613670|20260825072110|1010.34
1787613675|20260825072115|1010.33
1787613680|20260825072120|1010.31
1787613685|20260825072125|1010.35
1787613700|20260825072140|1010.39
1787613705|20260825072145|1010.40
1787613710|20260825072150|1010.40
1787613715|20260825072155|1010.42
1787613720|20260825072200|1010.30
1787613725|20260825072205|1010.30
1787613730|20260825072210|1010.29
1787613735|20260825072215|1010.23
1787613740|20260825072220|1010.22
1787613755|20260825072235|1010.27
1787613760|20260825072240|1010.27
1787613765|20260825072245|1010.36
1787613770|20260825072250|1010.34
1787613775|20260825072255|1010.36
1787613785|20260825072305|1010.36
1787613790|20260825072310|1010.38
1787613795|20260825072315|1010.42
1787613800|20260825072320|1010.40
1787613805|20260825072325|1010.32
1787613815|20260825072335|1010.14
1787613825|20260825072345|1010.12
1787613830|20260825072350|1010.27
1787613835|20260825072355|1010.29
1787613845|20260825072405|1010.33
1787613850|20260825072410|1010.35
1787613855|20260825072415|1010.36
1787613860|20260825072420|1010.46
1787613865|20260825072425|1010.32
1787613900|20260825072500|1010.29
1787613905|20260825072505|1010.29
1787613910|20260825072510|1010.29
1787613915|20260825072515|1010.24
1787613920|20260825072520|1010.30
1787613925|20260825072525|1010.24
1787613935|20260825072535|1010.10
1787613945|20260825072545|1010.08
1787613950|20260825072550|1010.12
1787613955|20260825072555|1010.08
1787613960|20260825072600|1010.10
1787613965|20260825072605|1010.09
1787613970|20260825072610|1010.05
1787613975|20260825072615|1010.06
1787613985|20260825072625|1010.10
1787613995|20260825072635|1010.04
1787614000|20260825072640|1010.03
1787614005|20260825072645|1009.94
1787614010|20260825072650|1009.98
1787614015|20260825072655|1009.97
1787614020|20260825072700|1010.00
1787614030|20260825072710|1009.90
1787614035|20260825072715|1009.58
1787614040|20260825072720|1009.63
1787614045|20260825072725|1009.59
1787614055|20260825072735|1009.48
1787614060|20260825072740|1009.28
1787614065|20260825072745|1009.33
1787614070|20260825072750|1009.34
1787614075|20260825072755|1009.37
1787614080|20260825072800|1009.30
1787614085|20260825072805|1009.23
1787614090|20260825072810|1009.28
1787614095|20260825072815|1009.19
1787614100|20260825072820|1009.25
1787614105|20260825072825|1009.31
1787614115|20260825072835|1009.29
1787614120|20260825072840|1009.26
1787614125|20260825072845|1009.14
1787614130|20260825072850|1009.16
1787614135|20260825072855|1009.17
1787614140|20260825072900|1009.12
1787614145|20260825072905|1009.14
1787614150|20260825072910|1009.20
1787614155|20260825072915|1009.24
1787614160|20260825072920|1009.24
1787614165|20260825072925|1009.25
1787614205|20260825073005|1009.08
1787614210|20260825073010|1008.96
1787614220|20260825073020|1008.97
1787614225|20260825073025|1008.92
1787614235|20260825073035|1008.94
1787614240|20260825073040|1008.78
1787614245|20260825073045|1008.78
1787614250|20260825073050|1009.38
1787614255|20260825073055|1009.25
1787614260|20260825073100|1009.27
1787614280|20260825073120|1009.27
1787614295|20260825073135|1008.97
1787614300|20260825073140|1008.99
1787614310|20260825073150|1009.03
1787614330|20260825073210|1009.07
1787614335|20260825073215|1009.07
1787614340|20260825073220|1009.15
1787614345|20260825073225|1009.17
1787614355|20260825073235|1009.12
1787614360|20260825073240|1009.16
1787614365|20260825073245|1009.13
1787614370|20260825073250|1009.24
1787614375|20260825073255|1009.23
1787614380|20260825073300|1009.23
1787614385|20260825073305|1009.24
1787614390|20260825073310|1009.41
1787614395|20260825073315|1009.40
1787614400|20260825073320|1009.36
1787614405|20260825073325|1009.42
1787614415|20260825073335|1009.45
1787614420|20260825073340|1009.39
1787614425|20260825073345|1009.41
1787614430|20260825073350|1009.44
1787614435|20260825073355|1009.40
1787614440|20260825073400|1009.43
1787614450|20260825073410|1009.44
1787614455|20260825073415|1009.46
1787614460|20260825073420|1009.46
1787614465|20260825073425|1009.58
1787614500|20260825073500|1009.82
1787614505|20260825073505|1009.81
1787614510|20260825073510|1009.77
1787614515|20260825073515|1009.73
1787614520|20260825073520|1009.70
1787614525|20260825073525|1009.68
1787614540|20260825073540|1009.67
1787614545|20260825073545|1009.69
1787614550|20260825073550|1009.69
1787614555|20260825073555|1009.74
1787614560|20260825073600|1009.69
1787614565|20260825073605|1009.68
1787614570|20260825073610|1009.68
1787614575|20260825073615|1009.67
1787614580|20260825073620|1009.69
1787614585|20260825073625|1009.69
1787614595|20260825073635|1009.78
1787614600|20260825073640|1009.75
1787614605|20260825073645|1009.76
1787614610|20260825073650|1009.82
1787614615|20260825073655|1009.89
1787614625|20260825073705|1009.84
1787614630|20260825073710|1009.90
1787614635|20260825073715|1009.98
1787614640|20260825073720|1010.06
1787614645|20260825073725|1010.04
1787614655|20260825073735|1009.97
1787614660|20260825073740|1010.04
1787614665|20260825073745|1010.01
1787614670|20260825073750|1010.07
1787614675|20260825073755|1010.06
1787614680|20260825073800|1010.08
1787614685|20260825073805|1010.11
1787614690|20260825073810|1010.10
1787614700|20260825073820|1010.36
1787614705|20260825073825|1010.46
1787614715|20260825073835|1010.39
1787614720|20260825073840|1010.52
1787614725|20260825073845|1010.44
1787614735|20260825073855|1010.46
1787614740|20260825073900|1010.48
1787614745|20260825073905|1010.44
1787614750|20260825073910|1010.45
1787614760|20260825073920|1010.60
1787614765|20260825073925|1010.58
1787614805|20260825074005|1010.40
1787614810|20260825074010|1010.39
1787614815|20260825074015|1010.50
1787614820|20260825074020|1010.51
1787614835|20260825074035|1010.57
1787614840|20260825074040|1010.56
1787614845|20260825074045|1010.57
1787614850|20260825074050|1010.53
1787614855|20260825074055|1010.59
1787614865|20260825074105|1010.59
1787614870|20260825074110|1010.60
1787614875|20260825074115|1010.71
1787614880|20260825074120|1010.61
1787614885|20260825074125|1010.48
1787614895|20260825074135|1010.56
1787614900|20260825074140|1010.55
1787614905|20260825074145|1010.56
1787614915|20260825074155|1010.55
1787614925|20260825074205|1010.57
1787614930|20260825074210|1010.56
1787614945|20260825074225|1010.64
1787614965|20260825074245|1010.63
1787614970|20260825074250|1010.64
1787614975|20260825074255|1010.66
1787614985|20260825074305|1010.75
1787614990|20260825074310|1010.71
1787614995|20260825074315|1010.70
1787615000|20260825074320|1010.73
1787615005|20260825074325|1010.71
1787615020|20260825074340|1010.70
1787615025|20260825074345|1010.65
1787615030|20260825074350|1010.67
1787615035|20260825074355|1010.68
1787615045|20260825074405|1010.70
1787615050|20260825074410|1010.72
1787615055|20260825074415|1010.73
1787615060|20260825074420|1010.66
1787615065|20260825074425|1010.61
1787615100|20260825074500|1010.69
1787615105|20260825074505|1010.76
1787615110|20260825074510|1010.68
1787615115|20260825074515|1010.61
1787615120|20260825074520|1010.61
1787615135|20260825074535|1010.54
1787615140|20260825074540|1010.51
1787615145|20260825074545|1010.57
1787615150|20260825074550|1010.57
1787615155|20260825074555|1010.64
1787615160|20260825074600|1010.64
1787615165|20260825074605|1010.44
1787615170|20260825074610|1010.61
1787615175|20260825074615|1010.52
1787615180|20260825074620|1010.47
1787615185|20260825074625|1010.48
1787615195|20260825074635|1010.49
1787615200|20260825074640|1010.50
1787615215|20260825074655|1010.61
1787615220|20260825074700|1010.62
1787615225|20260825074705|1010.56
1787615230|20260825074710|1010.59
1787615235|20260825074715|1010.60
1787615240|20260825074720|1010.53
1787615245|20260825074725|1010.52
1787615260|20260825074740|1010.61
1787615265|20260825074745|1010.59
1787615270|20260825074750|1010.49
1787615275|20260825074755|1010.47
1787615285|20260825074805|1010.62
1787615290|20260825074810|1010.59
1787615295|20260825074815|1010.59
1787615300|20260825074820|1010.62
1787615305|20260825074825|1010.63
1787615315|20260825074835|1010.44
1787615320|20260825074840|1010.52
1787615325|20260825074845|1010.55
1787615330|20260825074850|1010.51
1787615335|20260825074855|1010.55
1787615340|20260825074900|1010.57
1787615345|20260825074905|1010.52
1787615350|20260825074910|1010.86
1787615355|20260825074915|1010.86
1787615365|20260825074925|1010.85
1787615405|20260825075005|1010.90
1787615410|20260825075010|1010.94
1787615415|20260825075015|1011.07
1787615420|20260825075020|1011.99
1787615425|20260825075025|1011.78
1787615435|20260825075035|1011.55
1787615440|20260825075040|1011.69
1787615445|20260825075045|1011.68
1787615455|20260825075055|1011.67
1787615465|20260825075105|1011.81
1787615470|20260825075110|1011.82
1787615475|20260825075115|1011.86
1787615480|20260825075120|1011.88
1787615485|20260825075125|1011.92
1787615495|20260825075135|1011.57
1787615500|20260825075140|1011.20
1787615505|20260825075145|1011.21
1787615510|20260825075150|1011.11
1787615515|20260825075155|1011.11
1787615520|20260825075200|1011.14
1787615530|20260825075210|1011.00
1787615535|20260825075215|1011.10
1787615540|20260825075220|1011.06
1787615545|20260825075225|1011.02
1787615555|20260825075235|1011.31
1787615560|20260825075240|1011.31
1787615565|20260825075245|1011.36
1787615570|20260825075250|1011.27
1787615575|20260825075255|1011.28
1787615585|20260825075305|1011.14
1787615595|20260825075315|1011.02
1787615600|20260825075320|1011.02
1787615605|20260825075325|1011.01
1787615615|20260825075335|1010.84
1787615635|20260825075355|1010.86
1787615645|20260825075405|1011.30
1787615650|20260825075410|1011.31
1787615655|20260825075415|1011.37
1787615660|20260825075420|1011.44
1787615700|20260825075500|1011.30
1787615705|20260825075505|1011.21
1787615710|20260825075510|1011.20
1787615715|20260825075515|1011.25
1787615720|20260825075520|1011.15
1787615725|20260825075525|1011.19
1787615735|20260825075535|1011.13
1787615740|20260825075540|1011.11
1787615745|20260825075545|1011.04
1787615750|20260825075550|1011.15
1787615755|20260825075555|1011.16
1787615760|20260825075600|1011.10
1787615765|20260825075605|1011.02
1787615770|20260825075610|1011.00
1787615775|20260825075615|1010.98
1787615780|20260825075620|1011.07
1787615785|20260825075625|1011.06
1787615795|20260825075635|1011.02
1787615800|20260825075640|1011.03
1787615805|20260825075645|1010.98
1787615810|20260825075650|1011.04
1787615815|20260825075655|1011.04
1787615825|20260825075705|1011.10
1787615830|20260825075710|1011.06
1787615835|20260825075715|1011.07
1787615840|20260825075720|1011.21
1787615845|20260825075725|1011.21
1787615855|20260825075735|1011.32
1787615860|20260825075740|1011.19
1787615865|20260825075745|1011.19
1787615870|20260825075750|1011.12
1787615875|20260825075755|1011.26
1787615885|20260825075805|1011.10
1787615895|20260825075815|1011.37
1787615900|20260825075820|1011.31
1787615905|20260825075825|1011.32
1787615915|20260825075835|1011.34
1787615925|20260825075845|1011.32
1787615930|20260825075850|1011.17
1787615940|20260825075900|1011.04
1787615945|20260825075905|1011.02
1787615950|20260825075910|1011.02
1787615955|20260825075915|1011.02
1787615960|20260825075920|1011.03
1787615965|20260825075925|1011.04
1787616000|20260825080000|1011.41
1787616005|20260825080005|1011.68
1787616010|20260825080010|1011.39
1787616015|20260825080015|1011.16
1787616020|20260825080020|1011.83
1787616025|20260825080025|1011.79
1787616040|20260825080040|1013.15
1787616045|20260825080045|1012.90
1787616050|20260825080050|1013.15
1787616055|20260825080055|1013.26
1787616065|20260825080105|1013.35
1787616070|20260825080110|1013.32
1787616075|20260825080115|1013.28
1787616080|20260825080120|1013.30
1787616095|20260825080135|1012.84
1787616100|20260825080140|1012.65
1787616105|20260825080145|1012.63
1787616110|20260825080150|1012.72
1787616115|20260825080155|1012.69
1787616120|20260825080200|1012.53
1787616125|20260825080205|1012.55
1787616130|20260825080210|1012.55
1787616135|20260825080215|1012.73
1787616140|20260825080220|1012.60
1787616145|20260825080225|1012.46
1787616155|20260825080235|1012.22
1787616160|20260825080240|1012.24
1787616165|20260825080245|1012.18
1787616170|20260825080250|1012.35
1787616175|20260825080255|1012.33
1787616180|20260825080300|1012.29
1787616185|20260825080305|1012.16
1787616190|20260825080310|1011.96
1787616195|20260825080315|1011.76
1787616200|20260825080320|1012.04
1787616215|20260825080335|1012.07
1787616220|20260825080340|1012.08
1787616225|20260825080345|1011.71
1787616230|20260825080350|1011.70
1787616235|20260825080355|1011.57
1787616245|20260825080405|1011.51
1787616250|20260825080410|1011.61
1787616255|20260825080415|1011.41
1787616260|20260825080420|1011.59
1787616265|20260825080425|1011.50
1787616270|20260825080430|1011.43
1787616300|20260825080500|1010.79
1787616305|20260825080505|1010.75
1787616310|20260825080510|1010.80
1787616315|20260825080515|1010.63
1787616320|20260825080520|1010.70
1787616325|20260825080525|1010.53
1787616335|20260825080535|1010.56
1787616340|20260825080540|1010.66
1787616345|20260825080545|1010.86
1787616350|20260825080550|1010.88
1787616355|20260825080555|1011.03
1787616360|20260825080600|1011.39
1787616365|20260825080605|1011.17
1787616370|20260825080610|1011.27
1787616380|20260825080620|1011.39
1787616385|20260825080625|1011.45
1787616395|20260825080635|1011.45
1787616400|20260825080640|1011.49
1787616405|20260825080645|1011.40
1787616410|20260825080650|1011.70
1787616415|20260825080655|1011.71
1787616420|20260825080700|1012.05
1787616425|20260825080705|1012.17
1787616430|20260825080710|1012.15
1787616435|20260825080715|1012.26
1787616440|20260825080720|1012.21
1787616445|20260825080725|1012.34
1787616455|20260825080735|1012.60
1787616465|20260825080745|1012.88
1787616470|20260825080750|1012.76
1787616480|20260825080800|1012.65
1787616485|20260825080805|1012.77
1787616490|20260825080810|1012.68
1787616495|20260825080815|1012.73
1787616500|20260825080820|1012.15
1787616505|20260825080825|1012.17
1787616520|20260825080840|1012.22
1787616525|20260825080845|1012.34
1787616530|20260825080850|1012.39
1787616535|20260825080855|1012.44
1787616540|20260825080900|1012.38
1787616545|20260825080905|1012.29
1787616550|20260825080910|1012.14
1787616555|20260825080915|1012.09
1787616560|20260825080920|1012.24
1787616565|20260825080925|1012.23
1787616605|20260825081005|1011.80
1787616610|20260825081010|1011.90
1787616615|20260825081015|1011.79
1787616620|20260825081020|1011.81
1787616625|20260825081025|1011.80
1787616640|20260825081040|1011.82
1787616645|20260825081045|1011.88
1787616650|20260825081050|1011.88
1787616660|20260825081100|1012.10
1787616665|20260825081105|1011.92
1787616670|20260825081110|1011.92
1787616675|20260825081115|1011.90
1787616680|20260825081120|1012.03
1787616685|20260825081125|1012.04
1787616690|20260825081130|1012.24
1787616695|20260825081135|1011.96
1787616700|20260825081140|1012.07
1787616705|20260825081145|1011.99
1787616710|20260825081150|1011.81
1787616720|20260825081200|1011.74
1787616730|20260825081210|1011.69
1787616735|20260825081215|1011.57
1787616740|20260825081220|1011.52
1787616745|20260825081225|1011.48
1787616755|20260825081235|1011.71
1787616760|20260825081240|1011.95
1787616765|20260825081245|1012.02
1787616770|20260825081250|1012.19
1787616775|20260825081255|1012.14
1787616785|20260825081305|1012.32
1787616790|20260825081310|1012.07
1787616795|20260825081315|1012.11
1787616800|20260825081320|1012.15
1787616805|20260825081325|1012.09
1787616810|20260825081330|1012.24
1787616815|20260825081335|1012.22
1787616820|20260825081340|1012.37
1787616830|20260825081350|1012.36
1787616835|20260825081355|1012.68
1787616845|20260825081405|1012.91
1787616850|20260825081410|1012.91
1787616855|20260825081415|1013.02
1787616860|20260825081420|1013.13
1787616865|20260825081425|1012.87
1787616900|20260825081500|1013.72
1787616910|20260825081510|1013.62
1787616925|20260825081525|1013.25
1787616935|20260825081535|1012.80
1787616945|20260825081545|1012.63
1787616950|20260825081550|1012.58
1787616955|20260825081555|1012.67
1787616965|20260825081605|1012.79
1787616970|20260825081610|1012.67
1787616975|20260825081615|1012.32
1787616980|20260825081620|1012.24
1787616985|20260825081625|1012.30
1787616995|20260825081635|1012.33
1787617000|20260825081640|1012.35
1787617005|20260825081645|1012.23
1787617015|20260825081655|1012.41
1787617020|20260825081700|1012.23
1787617025|20260825081705|1012.28
1787617035|20260825081715|1011.91
1787617040|20260825081720|1011.97
1787617055|20260825081735|1012.39
1787617060|20260825081740|1012.41
1787617065|20260825081745|1012.34
1787617070|20260825081750|1012.22
1787617075|20260825081755|1012.07
1787617080|20260825081800|1012.15
1787617085|20260825081805|1012.07
1787617090|20260825081810|1011.97
1787617100|20260825081820|1011.83
1787617105|20260825081825|1012.09
1787617115|20260825081835|1012.31
1787617120|20260825081840|1012.38
1787617125|20260825081845|1012.40
1787617130|20260825081850|1012.26
1787617135|20260825081855|1012.44
1787617155|20260825081915|1012.01
1787617160|20260825081920|1012.28
1787617165|20260825081925|1012.21
1787617205|20260825082005|1011.72
1787617210|20260825082010|1011.65
1787617215|20260825082015|1011.68
1787617220|20260825082020|1011.66
1787617235|20260825082035|1011.28
1787617240|20260825082040|1011.41
1787617245|20260825082045|1011.64
1787617250|20260825082050|1011.74
1787617255|20260825082055|1011.88
1787617260|20260825082100|1011.75
1787617265|20260825082105|1011.85
1787617270|20260825082110|1011.71
1787617275|20260825082115|1011.82
1787617280|20260825082120|1011.77
1787617300|20260825082140|1011.71
1787617305|20260825082145|1011.89
1787617315|20260825082155|1011.68
1787617325|20260825082205|1011.70
1787617330|20260825082210|1011.74
1787617335|20260825082215|1011.63
1787617340|20260825082220|1011.63
1787617345|20260825082225|1011.66
1787617355|20260825082235|1011.61
1787617365|20260825082245|1011.59
1787617375|20260825082255|1011.67
1787617380|20260825082300|1011.64
1787617385|20260825082305|1011.72
1787617390|20260825082310|1011.77
1787617395|20260825082315|1011.86
1787617400|20260825082320|1011.79
1787617405|20260825082325|1011.66
1787617415|20260825082335|1011.26
1787617420|20260825082340|1011.50
1787617425|20260825082345|1011.51
1787617430|20260825082350|1011.59
1787617435|20260825082355|1011.71
1787617440|20260825082400|1011.76
1787617445|20260825082405|1011.84
1787617450|20260825082410|1011.87
1787617455|20260825082415|1011.71
1787617460|20260825082420|1011.73
1787617465|20260825082425|1011.70
1787617480|20260825082440|1011.58
1787617500|20260825082500|1011.39
1787617510|20260825082510|1011.18
1787617540|20260825082540|1010.91
1787617545|20260825082545|1010.88
1787617555|20260825082555|1010.84
1787617560|20260825082600|1010.89
1787617565|20260825082605|1010.82
1787617570|20260825082610|1010.71
1787617575|20260825082615|1010.83
1787617580|20260825082620|1010.87
1787617585|20260825082625|1010.96
1787617600|20260825082640|1010.92
1787617605|20260825082645|1011.01
1787617615|20260825082655|1010.97
1787617630|20260825082710|1011.13
1787617645|20260825082725|1011.12
1787617655|20260825082735|1011.02
1787617660|20260825082740|1011.19
1787617665|20260825082745|1011.08
1787617670|20260825082750|1010.98
1787617680|20260825082800|1011.07
1787617685|20260825082805|1011.05
1787617690|20260825082810|1010.97
1787617695|20260825082815|1011.02
1787617700|20260825082820|1011.04
1787617705|20260825082825|1011.21
1787617715|20260825082835|1011.27
1787617720|20260825082840|1011.40
1787617725|20260825082845|1011.68
1787617730|20260825082850|1011.61
1787617735|20260825082855|1011.63
1787617740|20260825082900|1012.15
1787617755|20260825082915|1012.05
1787617760|20260825082920|1011.94
1787617765|20260825082925|1012.17
1787617805|20260825083005|1011.92
1787617810|20260825083010|1012.14
1787617820|20260825083020|1012.18
1787617825|20260825083025|1012.07
1787617840|20260825083040|1012.18
1787617845|20260825083045|1012.60
1787617850|20260825083050|1012.31
1787617855|20260825083055|1012.61
1787617865|20260825083105|1012.65
1787617870|20260825083110|1012.65
1787617875|20260825083115|1012.58
1787617880|20260825083120|1012.55
1787617885|20260825083125|1012.73
1787617895|20260825083135|1012.80
1787617900|20260825083140|1013.14
1787617910|20260825083150|1013.51
1787617915|20260825083155|1013.66
1787617925|20260825083205|1013.78
1787617930|20260825083210|1013.91
1787617935|20260825083215|1013.49
1787617940|20260825083220|1013.83
1787617945|20260825083225|1013.81
1787617955|20260825083235|1013.88
1787617960|20260825083240|1013.98
1787617965|20260825083245|1014.05
1787617970|20260825083250|1014.01
1787617975|20260825083255|1013.81
1787617985|20260825083305|1013.25
1787617990|20260825083310|1013.47
1787617995|20260825083315|1013.33
1787618000|20260825083320|1013.31
1787618005|20260825083325|1013.24
1787618020|20260825083340|1013.21
1787618025|20260825083345|1013.05
1787618030|20260825083350|1013.14
1787618035|20260825083355|1013.17
1787618040|20260825083400|1013.10
1787618045|20260825083405|1013.01
1787618050|20260825083410|1012.99
1787618055|20260825083415|1012.90
1787618060|20260825083420|1013.05
1787618065|20260825083425|1012.93
1787618100|20260825083500|1013.23
1787618105|20260825083505|1013.24
1787618115|20260825083515|1013.36
1787618125|20260825083525|1013.25
1787618135|20260825083535|1013.19
1787618140|20260825083540|1013.27
1787618145|20260825083545|1013.29
1787618150|20260825083550|1013.31
1787618155|20260825083555|1013.42
1787618165|20260825083605|1013.53
1787618170|20260825083610|1013.43
1787618180|20260825083620|1013.56
1787618185|20260825083625|1013.51
1787618195|20260825083635|1013.55
1787618200|20260825083640|1013.70
1787618205|20260825083645|1013.87
1787618210|20260825083650|1014.16
1787618215|20260825083655|1014.14
1787618225|20260825083705|1014.11
1787618230|20260825083710|1014.13
1787618235|20260825083715|1014.26
1787618240|20260825083720|1014.31
1787618245|20260825083725|1014.26
1787618255|20260825083735|1014.48
1787618260|20260825083740|1014.33
1787618265|20260825083745|1014.35
1787618270|20260825083750|1014.38
1787618285|20260825083805|1014.40
1787618295|20260825083815|1014.37
1787618305|20260825083825|1014.57
1787618315|20260825083835|1014.40
1787618320|20260825083840|1014.44
1787618325|20260825083845|1014.57
1787618330|20260825083850|1014.85
1787618335|20260825083855|1014.85
1787618345|20260825083905|1014.78
1787618350|20260825083910|1014.76
1787618355|20260825083915|1014.72
1787618360|20260825083920|1014.73
1787618365|20260825083925|1014.49
1787618410|20260825084010|1014.54
1787618415|20260825084015|1014.56
1787618420|20260825084020|1014.59
1787618425|20260825084025|1014.64
1787618440|20260825084040|1014.26
1787618445|20260825084045|1014.18
1787618450|20260825084050|1014.23
1787618455|20260825084055|1014.32
1787618465|20260825084105|1014.60
1787618470|20260825084110|1014.61
1787618475|20260825084115|1014.68
1787618480|20260825084120|1014.77
1787618485|20260825084125|1014.72
1787618495|20260825084135|1014.84
1787618510|20260825084150|1014.75
1787618515|20260825084155|1014.85
1787618520|20260825084200|1014.74
1787618530|20260825084210|1014.95
1787618540|20260825084220|1014.85
1787618545|20260825084225|1014.68
1787618560|20260825084240|1015.04
1787618565|20260825084245|1014.86
1787618570|20260825084250|1014.86
1787618575|20260825084255|1014.86
1787618585|20260825084305|1014.83
1787618590|20260825084310|1014.74
1787618595|20260825084315|1014.75
1787618600|20260825084320|1014.64
1787618620|20260825084340|1014.52
1787618625|20260825084345|1014.40
1787618630|20260825084350|1014.48
1787618645|20260825084405|1014.57
1787618650|20260825084410|1014.44
1787618655|20260825084415|1014.46
1787618660|20260825084420|1014.48
1787618665|20260825084425|1014.31
1787618680|20260825084440|1014.29
1787618700|20260825084500|1014.31
1787618715|20260825084515|1014.40
1787618720|20260825084520|1014.49
1787618725|20260825084525|1014.35
1787618730|20260825084530|1014.45
1787618735|20260825084535|1014.46
1787618740|20260825084540|1014.44
1787618745|20260825084545|1014.49
1787618750|20260825084550|1014.48
1787618755|20260825084555|1014.57
1787618765|20260825084605|1014.39
1787618770|20260825084610|1014.11
1787618775|20260825084615|1014.01
1787618780|20260825084620|1013.94
1787618785|20260825084625|1013.62
1787618795|20260825084635|1013.88
1787618800|20260825084640|1013.96
1787618805|20260825084645|1014.01
1787618810|20260825084650|1013.86
1787618815|20260825084655|1013.74
1787618825|20260825084705|1013.73
1787618830|20260825084710|1013.54
1787618835|20260825084715|1013.45
1787618840|20260825084720|1013.51
1787618845|20260825084725|1013.59
1787618855|20260825084735|1013.70
1787618860|20260825084740|1013.79
1787618865|20260825084745|1013.79
1787618870|20260825084750|1013.44
1787618880|20260825084800|1013.23
1787618885|20260825084805|1013.27
1787618890|20260825084810|1013.21
1787618900|20260825084820|1013.99
1787618905|20260825084825|1014.23
1787618925|20260825084845|1014.04
1787618930|20260825084850|1014.42
1787618940|20260825084900|1013.98
1787618945|20260825084905|1014.21
1787618950|20260825084910|1014.26
1787618955|20260825084915|1014.20
1787618960|20260825084920|1014.20
1787618965|20260825084925|1013.98
1787619000|20260825085000|1014.15
1787619005|20260825085005|1014.17
1787619010|20260825085010|1014.20
1787619020|20260825085020|1014.27
1787619025|20260825085025|1014.23
1787619035|20260825085035|1014.22
1787619040|20260825085040|1014.23
1787619045|20260825085045|1014.24
1787619050|20260825085050|1014.33
1787619055|20260825085055|1014.28
1787619070|20260825085110|1014.05
1787619075|20260825085115|1014.11
1787619080|20260825085120|1013.96
1787619085|20260825085125|1013.93
1787619095|20260825085135|1013.96
1787619100|20260825085140|1013.87
1787619105|20260825085145|1013.90
1787619110|20260825085150|1013.86
1787619115|20260825085155|1013.77
1787619125|20260825085205|1013.69
1787619130|20260825085210|1013.48
1787619135|20260825085215|1013.42
1787619140|20260825085220|1013.46
1787619145|20260825085225|1013.26
1787619155|20260825085235|1013.33
1787619160|20260825085240|1013.30
1787619165|20260825085245|1013.19
1787619170|20260825085250|1013.16
1787619175|20260825085255|1013.17
1787619180|20260825085300|1013.31
1787619185|20260825085305|1013.30
1787619190|20260825085310|1013.25
1787619195|20260825085315|1013.25
1787619200|20260825085320|1013.38
1787619215|20260825085335|1013.21
1787619225|20260825085345|1013.21
1787619230|20260825085350|1013.59
1787619235|20260825085355|1013.41
1787619245|20260825085405|1013.37
1787619250|20260825085410|1013.41
1787619260|20260825085420|1013.21
1787619265|20260825085425|1013.21
1787619305|20260825085505|1013.16
1787619310|20260825085510|1013.25
1787619320|20260825085520|1013.26
1787619325|20260825085525|1013.12
1787619335|20260825085535|1013.11
1787619340|20260825085540|1013.05
1787619350|20260825085550|1012.87
1787619355|20260825085555|1012.89
1787619365|20260825085605|1012.85
1787619370|20260825085610|1012.85
1787619375|20260825085615|1012.87
1787619380|20260825085620|1012.79
1787619385|20260825085625|1012.76
1787619395|20260825085635|1012.98
1787619400|20260825085640|1013.10
1787619405|20260825085645|1013.06
1787619410|20260825085650|1013.00
1787619415|20260825085655|1012.95
1787619425|20260825085705|1013.13
1787619430|20260825085710|1013.14
1787619440|20260825085720|1013.25
1787619445|20260825085725|1013.27
1787619460|20260825085740|1013.18
1787619465|20260825085745|1013.27
1787619470|20260825085750|1013.27
1787619475|20260825085755|1013.21
1787619485|20260825085805|1013.25
1787619490|20260825085810|1013.26
1787619495|20260825085815|1013.29
1787619515|20260825085835|1013.17
1787619520|20260825085840|1013.31
1787619525|20260825085845|1013.32
1787619530|20260825085850|1013.28
1787619535|20260825085855|1013.27
1787619545|20260825085905|1013.09
1787619550|20260825085910|1013.19
1787619555|20260825085915|1013.10
1787619560|20260825085920|1012.87
1787619565|20260825085925|1012.84
1787619600|20260825090000|1012.41
1787619605|20260825090005|1012.33
1787619635|20260825090035|1011.71
1787619640|20260825090040|1011.56
1787619650|20260825090050|1010.61
1787619655|20260825090055|1010.46
1787619670|20260825090110|1009.96
1787619675|20260825090115|1010.25
1787619680|20260825090120|1010.49
1787619695|20260825090135|1010.46
1787619700|20260825090140|1010.31
1787619705|20260825090145|1010.23
1787619725|20260825090205|1010.36
1787619730|20260825090210|1010.50
1787619735|20260825090215|1010.52
1787619740|20260825090220|1010.48
1787619755|20260825090235|1010.43
1787619765|20260825090245|1010.22
1787619770|20260825090250|1010.23
1787619775|20260825090255|1010.26
1787619790|20260825090310|1009.64
1787619795|20260825090315|1009.57
1787619800|20260825090320|1009.79
1787619805|20260825090325|1009.82
1787619815|20260825090335|1010.17
1787619820|20260825090340|1010.26
1787619825|20260825090345|1010.22
1787619835|20260825090355|1010.20
1787619850|20260825090410|1010.39
1787619855|20260825090415|1010.08
1787619860|20260825090420|1010.49
1787619905|20260825090505|1010.58
1787619915|20260825090515|1010.60
1787619920|20260825090520|1010.31
1787619925|20260825090525|1010.35
1787619935|20260825090535|1009.60
1787619940|20260825090540|1009.61
1787619950|20260825090550|1009.68
1787619965|20260825090605|1009.88
1787619970|20260825090610|1009.90
1787619980|20260825090620|1009.90
1787619985|20260825090625|1009.68
1787619995|20260825090635|1009.81
1787620005|20260825090645|1010.18
1787620015|20260825090655|1010.65
1787620025|20260825090705|1010.90
1787620030|20260825090710|1011.23
1787620040|20260825090720|1011.31
1787620045|20260825090725|1011.40
1787620055|20260825090735|1011.34
1787620060|20260825090740|1011.00
1787620075|20260825090755|1011.11
1787620085|20260825090805|1011.00
1787620095|20260825090815|1010.83
1787620100|20260825090820|1010.50
1787620120|20260825090840|1010.68
1787620125|20260825090845|1010.91
1787620150|20260825090910|1011.18
1787620205|20260825091005|1011.26
1787620210|20260825091010|1011.23
1787620220|20260825091020|1011.25
1787620225|20260825091025|1010.77
1787620245|20260825091045|1010.72
1787620250|20260825091050|1010.77
1787620270|20260825091110|1010.70
1787620275|20260825091115|1010.74
1787620285|20260825091125|1010.91
1787620295|20260825091135|1010.72
1787620300|20260825091140|1010.66
1787620310|20260825091150|1010.35
1787620335|20260825091215|1010.84
1787620340|20260825091220|1010.78
1787620345|20260825091225|1010.75
1787620360|20260825091240|1010.77
1787620370|20260825091250|1010.77
1787620385|20260825091305|1010.91
1787620390|20260825091310|1010.86
1787620405|20260825091325|1010.92
1787620415|20260825091335|1011.00
1787620430|20260825091350|1010.98
1787620440|20260825091400|1011.18
1787620445|20260825091405|1011.30
1787620455|20260825091415|1010.98
1787620465|20260825091425|1010.92
1787620500|20260825091500|1011.17
1787620505|20260825091505|1011.06
1787620510|20260825091510|1010.89
1787620515|20260825091515|1010.57
1787620525|20260825091525|1010.37
1787620530|20260825091530|1010.41
1787620535|20260825091535|1010.39
1787620540|20260825091540|1010.63
1787620545|20260825091545|1010.45
1787620550|20260825091550|1010.51
1787620555|20260825091555|1010.60
1787620560|20260825091600|1010.13
1787620565|20260825091605|1009.99
1787620570|20260825091610|1010.03
1787620580|20260825091620|1010.43
1787620585|20260825091625|1010.64
1787620595|20260825091635|1010.65
1787620600|20260825091640|1010.64
1787620605|20260825091645|1010.68
1787620610|20260825091650|1010.48
1787620615|20260825091655|1010.49
1787620620|20260825091700|1010.61
1787620625|20260825091705|1010.62
1787620635|20260825091715|1010.66
1787620645|20260825091725|1011.05
1787620655|20260825091735|1011.34
1787620660|20260825091740|1011.35
1787620665|20260825091745|1011.28
1787620670|20260825091750|1011.09
1787620675|20260825091755|1011.00
1787620680|20260825091800|1010.70
1787620685|20260825091805|1010.44
1787620695|20260825091815|1010.66
1787620705|20260825091825|1010.69
1787620715|20260825091835|1010.80
1787620725|20260825091845|1010.90
1787620735|20260825091855|1011.08
1787620750|20260825091910|1011.20
1787620755|20260825091915|1011.14
1787620760|20260825091920|1011.30
1787620775|20260825091935|1011.22
1787620780|20260825091940|1011.19
1787620785|20260825091945|1011.20
1787620800|20260825092000|1011.07
1787620805|20260825092005|1010.98
1787620810|20260825092010|1010.78
1787620815|20260825092015|1010.55
1787620820|20260825092020|1010.73
1787620825|20260825092025|1010.71
1787620830|20260825092030|1010.64
1787620835|20260825092035|1010.50
1787620845|20260825092045|1010.59
1787620850|20260825092050|1010.65
1787620865|20260825092105|1010.38
1787620870|20260825092110|1010.29
1787620875|20260825092115|1010.38
1787620880|20260825092120|1010.36
1787620885|20260825092125|1010.31
1787620890|20260825092130|1010.23
1787620895|20260825092135|1010.34
1787620900|20260825092140|1010.17
1787620905|20260825092145|1010.43
1787620910|20260825092150|1010.35
1787620915|20260825092155|1010.33
1787620920|20260825092200|1010.31
1787620925|20260825092205|1010.64
1787620935|20260825092215|1010.64
1787620940|20260825092220|1010.54
1787620945|20260825092225|1010.40
1787620955|20260825092235|1010.00
1787620975|20260825092255|1010.07
1787620980|20260825092300|1010.01
1787620985|20260825092305|1010.04
1787620990|20260825092310|1009.99
1787620995|20260825092315|1009.86
1787621000|20260825092320|1009.48
1787621015|20260825092335|1009.32
1787621035|20260825092355|1009.09
1787621045|20260825092405|1008.83
1787621050|20260825092410|1008.98
1787621055|20260825092415|1008.96
1787621060|20260825092420|1008.95
1787621065|20260825092425|1008.82
1787621105|20260825092505|1008.54
1787621110|20260825092510|1008.50
1787621115|20260825092515|1008.77
1787621155|20260825092555|1008.42
1787621165|20260825092605|1008.60
1787621170|20260825092610|1008.63
1787621175|20260825092615|1008.63
1787621195|20260825092635|1008.86
1787621200|20260825092640|1008.77
1787621210|20260825092650|1008.37
1787621230|20260825092710|1008.34
1787621235|20260825092715|1008.31
1787621255|20260825092735|1008.44
1787621265|20260825092745|1008.81
1787621270|20260825092750|1008.94
1787621275|20260825092755|1009.16
1787621285|20260825092805|1009.50
1787621295|20260825092815|1009.47
1787621300|20260825092820|1009.63
1787621320|20260825092840|1009.65
1787621335|20260825092855|1009.76
1787621350|20260825092910|1009.69
1787621365|20260825092925|1009.47
1787621400|20260825093000|1009.08
1787621405|20260825093005|1009.24
1787621410|20260825093010|1009.28
1787621415|20260825093015|1009.38
1787621420|20260825093020|1009.33
1787621425|20260825093025|1009.28
1787621440|20260825093040|1009.37
1787621455|20260825093055|1009.45
1787621465|20260825093105|1009.34
1787621470|20260825093110|1009.27
1787621475|20260825093115|1009.42
1787621480|20260825093120|1009.30
1787621485|20260825093125|1009.18
1787621495|20260825093135|1009.04
1787621500|20260825093140|1009.14
1787621515|20260825093155|1009.35
1787621530|20260825093210|1009.38
1787621535|20260825093215|1009.53
1787621540|20260825093220|1009.57
1787621545|20260825093225|1009.79
1787621560|20260825093240|1009.64
1787621565|20260825093245|1009.67
1787621575|20260825093255|1009.97
1787621585|20260825093305|1009.60
1787621590|20260825093310|1009.70
1787621595|20260825093315|1009.71
1787621620|20260825093340|1009.79
1787621635|20260825093355|1009.50
1787621640|20260825093400|1009.53
1787621645|20260825093405|1009.52
1787621650|20260825093410|1009.42
1787621660|20260825093420|1009.45
1787621665|20260825093425|1009.41
1787621680|20260825093440|1009.38
1787621690|20260825093450|1008.89
1787621695|20260825093455|1008.97
1787621700|20260825093500|1008.70
1787621705|20260825093505|1008.82
1787621710|20260825093510|1008.59
1787621715|20260825093515|1008.53
1787621720|20260825093520|1008.76
1787621740|20260825093540|1008.63
1787621745|20260825093545|1008.90
1787621750|20260825093550|1008.97
1787621755|20260825093555|1008.95
1787621760|20260825093600|1009.05
1787621765|20260825093605|1009.05
1787621770|20260825093610|1009.12
1787621785|20260825093625|1009.62
1787621795|20260825093635|1009.73
1787621800|20260825093640|1009.80
1787621805|20260825093645|1010.04
1787621810|20260825093650|1010.12
1787621815|20260825093655|1010.00
1787621820|20260825093700|1009.90
1787621825|20260825093705|1009.92
1787621830|20260825093710|1009.79
1787621835|20260825093715|1009.85
1787621855|20260825093735|1009.98
1787621865|20260825093745|1009.51
1787621875|20260825093755|1009.63
1787621885|20260825093805|1009.55
1787621890|20260825093810|1009.59
1787621895|20260825093815|1009.40
1787621900|20260825093820|1009.45
1787621905|20260825093825|1009.33
1787621915|20260825093835|1009.07
1787621920|20260825093840|1009.33
1787621925|20260825093845|1009.36
1787621930|20260825093850|1009.38
1787621935|20260825093855|1009.34
1787621945|20260825093905|1009.28
1787621950|20260825093910|1009.09
1787621955|20260825093915|1009.08
1787621960|20260825093920|1009.06
1787621965|20260825093925|1008.95
1787621975|20260825093935|1009.05
1787622000|20260825094000|1009.20
1787622005|20260825094005|1009.02
1787622015|20260825094015|1009.32
1787622020|20260825094020|1009.13
1787622025|20260825094025|1009.22
1787622035|20260825094035|1009.09
1787622045|20260825094045|1009.19
1787622050|20260825094050|1009.19
1787622055|20260825094055|1009.10
1787622065|20260825094105|1009.23
1787622070|20260825094110|1009.26
1787622080|20260825094120|1009.43
1787622085|20260825094125|1009.49
1787622105|20260825094145|1009.54
1787622110|20260825094150|1009.67
1787622120|20260825094200|1009.61
1787622125|20260825094205|1009.56
1787622130|20260825094210|1009.60
1787622145|20260825094225|1009.99
1787622155|20260825094235|1010.11
1787622160|20260825094240|1010.18
1787622165|20260825094245|1010.08
1787622175|20260825094255|1010.01
1787622180|20260825094300|1010.01
1787622195|20260825094315|1010.12
1787622200|20260825094320|1010.12
1787622205|20260825094325|1010.01
1787622215|20260825094335|1009.41
1787622220|20260825094340|1009.30
1787622225|20260825094345|1009.60
1787622230|20260825094350|1009.75
1787622245|20260825094405|1009.92
1787622260|20260825094420|1010.16
1787622265|20260825094425|1010.23
1787622300|20260825094500|1009.74
1787622305|20260825094505|1009.76
1787622310|20260825094510|1009.92
1787622315|20260825094515|1009.90
1787622320|20260825094520|1009.90
1787622325|20260825094525|1009.95
1787622335|20260825094535|1010.05
1787622340|20260825094540|1010.02
1787622350|20260825094550|1009.97
1787622355|20260825094555|1009.80
1787622370|20260825094610|1009.96
1787622385|20260825094625|1009.38
1787622395|20260825094635|1009.35
1787622400|20260825094640|1009.50
1787622405|20260825094645|1009.82
1787622410|20260825094650|1009.94
1787622425|20260825094705|1009.75
1787622430|20260825094710|1009.43
1787622440|20260825094720|1008.98
1787622465|20260825094745|1009.37
1787622470|20260825094750|1009.72
1787622475|20260825094755|1009.74
1787622480|20260825094800|1009.90
1787622490|20260825094810|1010.04
1787622495|20260825094815|1010.27
1787622500|20260825094820|1010.32
1787622505|20260825094825|1010.45
1787622515|20260825094835|1010.47
1787622530|20260825094850|1010.88
1787622555|20260825094915|1010.82
1787622565|20260825094925|1010.81
1787622600|20260825095000|1010.90
1787622605|20260825095005|1010.94
1787622610|20260825095010|1010.76
1787622615|20260825095015|1010.55
1787622620|20260825095020|1010.58
1787622625|20260825095025|1009.70
1787622635|20260825095035|1009.50
1787622640|20260825095040|1009.39
1787622645|20260825095045|1009.47
1787622650|20260825095050|1009.66
1787622655|20260825095055|1009.51
1787622660|20260825095100|1009.48
1787622665|20260825095105|1009.15
1787622670|20260825095110|1009.22
1787622675|20260825095115|1009.64
1787622680|20260825095120|1009.62
1787622685|20260825095125|1009.69
1787622695|20260825095135|1009.76
1787622700|20260825095140|1010.04
1787622705|20260825095145|1010.09
1787622715|20260825095155|1010.09
1787622720|20260825095200|1009.74
1787622725|20260825095205|1009.77
1787622730|20260825095210|1009.78
1787622745|20260825095225|1009.89
1787622760|20260825095240|1010.03
1787622795|20260825095315|1010.01
1787622800|20260825095320|1010.11
1787622820|20260825095340|1009.79
1787622825|20260825095345|1009.64
1787622830|20260825095350|1009.65
1787622835|20260825095355|1009.54
1787622840|20260825095400|1009.56
1787622850|20260825095410|1009.34
1787622860|20260825095420|1009.16
1787622895|20260825095455|1008.54
1787622900|20260825095500|1008.56
1787622905|20260825095505|1008.75
1787622915|20260825095515|1008.72
1787622920|20260825095520|1008.77
1787622925|20260825095525|1008.50
1787622935|20260825095535|1008.45
1787622940|20260825095540|1008.09
1787622945|20260825095545|1008.09
1787622950|20260825095550|1008.20
1787622955|20260825095555|1008.46
1787622960|20260825095600|1008.34
1787622965|20260825095605|1008.34
1787622970|20260825095610|1008.47
1787622975|20260825095615|1008.46
1787622980|20260825095620|1008.50
1787622985|20260825095625|1008.52
1787623000|20260825095640|1008.54
1787623010|20260825095650|1008.42
1787623030|20260825095710|1008.21
1787623035|20260825095715|1008.27
1787623060|20260825095740|1008.27
1787623065|20260825095745|1008.33
1787623070|20260825095750|1008.29
1787623075|20260825095755|1008.21
1787623085|20260825095805|1008.18
1787623090|20260825095810|1008.07
1787623095|20260825095815|1008.10
1787623105|20260825095825|1007.95
1787623115|20260825095835|1007.96
1787623120|20260825095840|1007.98
1787623125|20260825095845|1007.90
1787623130|20260825095850|1007.81
1787623135|20260825095855|1007.57
1787623145|20260825095905|1007.35
1787623150|20260825095910|1007.31
1787623160|20260825095920|1007.15
1787623165|20260825095925|1007.10
1787623210|20260825100010|1007.12
1787623215|20260825100015|1007.17
1787623220|20260825100020|1007.17
1787623225|20260825100025|1006.99
1787623235|20260825100035|1007.17
1787623240|20260825100040|1007.14
1787623245|20260825100045|1007.16
1787623250|20260825100050|1007.22
1787623255|20260825100055|1007.26
1787623260|20260825100100|1007.32
1787623265|20260825100105|1007.38
1787623270|20260825100110|1007.48
1787623275|20260825100115|1007.67
1787623280|20260825100120|1007.95
1787623285|20260825100125|1007.89
1787623295|20260825100135|1007.65
1787623300|20260825100140|1007.59
1787623305|20260825100145|1007.59
1787623310|20260825100150|1007.31
1787623315|20260825100155|1007.54
1787623325|20260825100205|1007.55
1787623330|20260825100210|1007.58
1787623335|20260825100215|1007.57
1787623340|20260825100220|1007.36
1787623345|20260825100225|1007.32
1787623355|20260825100235|1006.71
1787623360|20260825100240|1006.90
1787623365|20260825100245|1006.77
1787623370|20260825100250|1006.69
1787623375|20260825100255|1006.77
1787623380|20260825100300|1006.72
1787623385|20260825100305|1006.67
1787623390|20260825100310|1006.44
1787623395|20260825100315|1006.57
1787623400|20260825100320|1006.48
1787623405|20260825100325|1006.48
1787623410|20260825100330|1006.43
1787623420|20260825100340|1006.04
1787623430|20260825100350|1005.97
1787623450|20260825100410|1005.70
1787623455|20260825100415|1005.76
1787623460|20260825100420|1005.85
1787623465|20260825100425|1005.81
1787623480|20260825100440|1005.72
1787623500|20260825100500|1005.52
1787623505|20260825100505|1005.62
1787623510|20260825100510|1005.67
1787623515|20260825100515|1005.50
1787623520|20260825100520|1005.28
1787623525|20260825100525|1005.12
1787623535|20260825100535|1004.82
1787623540|20260825100540|1004.84
1787623545|20260825100545|1004.70
1787623550|20260825100550|1004.67
1787623560|20260825100600|1004.37
1787623565|20260825100605|1003.91
1787623570|20260825100610|1003.66
1787623575|20260825100615|1003.73
1787623595|20260825100635|1003.86
1787623605|20260825100645|1003.81
1787623610|20260825100650|1003.78
1787623615|20260825100655|1003.75
1787623620|20260825100700|1003.46
1787623625|20260825100705|1003.16
1787623630|20260825100710|1003.80
1787623635|20260825100715|1003.99
1787623640|20260825100720|1004.14
1787623645|20260825100725|1003.98
1787623660|20260825100740|1004.36
1787623670|20260825100750|1004.03
1787623675|20260825100755|1003.72
1787623680|20260825100800|1003.45
1787623685|20260825100805|1003.33
1787623695|20260825100815|1003.20
1787623700|20260825100820|1003.57
1787623705|20260825100825|1003.12
1787623720|20260825100840|1003.79
1787623730|20260825100850|1004.04
1787623750|20260825100910|1004.14
1787623755|20260825100915|1004.08
1787623760|20260825100920|1003.72
1787623765|20260825100925|1003.16
1787623790|20260825100950|1003.68
1787623805|20260825101005|1003.95
1787623820|20260825101020|1004.06
1787623825|20260825101025|1004.06
1787623835|20260825101035|1004.35
1787623840|20260825101040|1004.27
1787623845|20260825101045|1004.01
1787623855|20260825101055|1004.04
1787623865|20260825101105|1004.11
1787623875|20260825101115|1004.02
1787623880|20260825101120|1004.14
1787623885|20260825101125|1004.11
1787623895|20260825101135|1004.36
1787623900|20260825101140|1004.28
1787623905|20260825101145|1004.05
1787623910|20260825101150|1003.92
1787623930|20260825101210|1003.75
1787623935|20260825101215|1003.41
1787623940|20260825101220|1003.25
1787623945|20260825101225|1003.49
1787623955|20260825101235|1003.45
1787623960|20260825101240|1003.39
1787623965|20260825101245|1003.37
1787623970|20260825101250|1003.37
1787623975|20260825101255|1003.28
1787623980|20260825101300|1003.27
1787623985|20260825101305|1003.27
1787623990|20260825101310|1003.23
1787623995|20260825101315|1003.24
1787624000|20260825101320|1003.06
1787624005|20260825101325|1003.12
1787624015|20260825101335|1003.39
1787624020|20260825101340|1003.27
1787624030|20260825101350|1002.96
1787624040|20260825101400|1002.91
1787624045|20260825101405|1002.85
1787624050|20260825101410|1002.80
1787624055|20260825101415|1002.94
1787624060|20260825101420|1002.94
1787624065|20260825101425|1002.90
1787624100|20260825101500|1003.56
1787624105|20260825101505|1003.43
1787624110|20260825101510|1003.40
1787624115|20260825101515|1003.60
1787624120|20260825101520|1003.49
1787624125|20260825101525|1003.37
1787624135|20260825101535|1003.69
1787624140|20260825101540|1003.48
1787624145|20260825101545|1003.46
1787624150|20260825101550|1003.67
1787624155|20260825101555|1003.66
1787624165|20260825101605|1003.60
1787624170|20260825101610|1003.78
1787624175|20260825101615|1003.46
1787624180|20260825101620|1003.75
1787624185|20260825101625|1004.10
1787624195|20260825101635|1004.14
1787624200|20260825101640|1004.14
1787624205|20260825101645|1004.29
1787624210|20260825101650|1004.39
1787624215|20260825101655|1004.34
1787624235|20260825101715|1004.56
1787624240|20260825101720|1004.60
1787624245|20260825101725|1004.73
1787624255|20260825101735|1004.39
1787624260|20260825101740|1004.47
1787624265|20260825101745|1004.51
1787624285|20260825101805|1004.47
1787624290|20260825101810|1004.32
1787624295|20260825101815|1004.41
1787624300|20260825101820|1004.88
1787624315|20260825101835|1005.04
1787624320|20260825101840|1005.01
1787624325|20260825101845|1004.87
1787624330|20260825101850|1004.87
1787624335|20260825101855|1004.96
1787624340|20260825101900|1004.90
1787624360|20260825101920|1004.98
1787624405|20260825102005|1005.28
1787624410|20260825102010|1005.34
1787624415|20260825102015|1005.21
1787624420|20260825102020|1005.30
1787624445|20260825102045|1005.51
1787624450|20260825102050|1005.68
1787624455|20260825102055|1005.66
1787624465|20260825102105|1005.72
1787624480|20260825102120|1005.85
1787624485|20260825102125|1005.88
1787624495|20260825102135|1005.97
1787624500|20260825102140|1005.93
1787624505|20260825102145|1005.98
1787624510|20260825102150|1005.96
1787624515|20260825102155|1006.10
1787624525|20260825102205|1006.00
1787624540|20260825102220|1006.23
1787624545|20260825102225|1006.26
1787624565|20260825102245|1006.17
1787624575|20260825102255|1006.02
1787624595|20260825102315|1005.89
1787624600|20260825102320|1006.02
1787624605|20260825102325|1006.05
1787624620|20260825102340|1006.15
1787624625|20260825102345|1006.11
1787624630|20260825102350|1006.02
1787624635|20260825102355|1005.99
1787624640|20260825102400|1006.05
1787624645|20260825102405|1006.06
1787624650|20260825102410|1006.07
1787624655|20260825102415|1006.09
1787624665|20260825102425|1006.09
1787624675|20260825102435|1006.26
1787624700|20260825102500|1006.17
1787624705|20260825102505|1006.19
1787624710|20260825102510|1006.27
1787624715|20260825102515|1006.26
1787624720|20260825102520|1006.21
1787624725|20260825102525|1006.05
1787624735|20260825102535|1006.08
1787624740|20260825102540|1005.86
1787624745|20260825102545|1005.91
1787624750|20260825102550|1006.19
1787624755|20260825102555|1006.18
1787624770|20260825102610|1006.28
1787624785|20260825102625|1006.20
1787624795|20260825102635|1006.40
1787624800|20260825102640|1006.32
1787624805|20260825102645|1006.29
1787624815|20260825102655|1006.20
1787624825|20260825102705|1006.32
1787624830|20260825102710|1006.40
1787624835|20260825102715|1006.46
1787624840|20260825102720|1006.54
1787624845|20260825102725|1006.56
1787624860|20260825102740|1006.42
1787624865|20260825102745|1006.43
1787624870|20260825102750|1006.42
1787624875|20260825102755|1006.62
1787624880|20260825102800|1006.57
1787624885|20260825102805|1006.59
1787624890|20260825102810|1006.59
1787624895|20260825102815|1006.62
1787624920|20260825102840|1006.60
1787624925|20260825102845|1006.66
1787624945|20260825102905|1006.67
1787624950|20260825102910|1006.66
1787624955|20260825102915|1006.63
1787624960|20260825102920|1006.56
1787624965|20260825102925|1006.64
1787625000|20260825103000|1006.64
1787625005|20260825103005|1006.37
1787625010|20260825103010|1005.74
1787625020|20260825103020|1005.84
1787625025|20260825103025|1005.60
1787625035|20260825103035|1005.48
1787625040|20260825103040|1005.61
1787625055|20260825103055|1005.72
1787625065|20260825103105|1005.57
1787625070|20260825103110|1005.77
1787625075|20260825103115|1005.57
1787625080|20260825103120|1005.84
1787625085|20260825103125|1006.06
1787625095|20260825103135|1005.99
1787625100|20260825103140|1005.94
1787625105|20260825103145|1006.17
1787625110|20260825103150|1006.07
1787625115|20260825103155|1005.95
1787625120|20260825103200|1006.08
1787625125|20260825103205|1005.93
1787625135|20260825103215|1005.86
1787625140|20260825103220|1006.04
1787625145|20260825103225|1006.04
1787625155|20260825103235|1005.93
1787625160|20260825103240|1005.93
1787625165|20260825103245|1005.33
1787625170|20260825103250|1004.84
1787625175|20260825103255|1004.69
1787625185|20260825103305|1004.74
1787625195|20260825103315|1004.66
1787625200|20260825103320|1004.52
1787625215|20260825103335|1004.30
1787625220|20260825103340|1004.29
1787625225|20260825103345|1004.30
1787625230|20260825103350|1004.41
1787625235|20260825103355|1003.83
1787625240|20260825103400|1003.91
1787625245|20260825103405|1004.07
1787625250|20260825103410|1004.04
1787625255|20260825103415|1004.39
1787625260|20260825103420|1004.61
1787625265|20260825103425|1004.60
1787625300|20260825103500|1004.51
1787625305|20260825103505|1004.48
1787625310|20260825103510|1004.56
1787625325|20260825103525|1004.45
1787625340|20260825103540|1004.57
1787625345|20260825103545|1004.24
1787625350|20260825103550|1004.15
1787625360|20260825103600|1003.95
1787625370|20260825103610|1004.07
1787625380|20260825103620|1004.05
1787625385|20260825103625|1003.95
1787625395|20260825103635|1003.92
1787625405|20260825103645|1004.15
1787625410|20260825103650|1004.33
1787625415|20260825103655|1004.19
1787625425|20260825103705|1003.75
1787625445|20260825103725|1003.85
1787625470|20260825103750|1003.76
1787625485|20260825103805|1003.85
1787625490|20260825103810|1003.95
1787625495|20260825103815|1003.77
1787625500|20260825103820|1003.91
1787625525|20260825103845|1003.60
1787625540|20260825103900|1003.26
1787625545|20260825103905|1003.30
1787625555|20260825103915|1003.50
1787625560|20260825103920|1003.49
1787625565|20260825103925|1003.75
1787625590|20260825103950|1003.84
1787625600|20260825104000|1003.77
1787625605|20260825104005|1003.91
1787625610|20260825104010|1003.79
1787625620|20260825104020|1004.02
1787625625|20260825104025|1004.17
1787625635|20260825104035|1004.22
1787625655|20260825104055|1003.73
1787625665|20260825104105|1003.63
1787625670|20260825104110|1003.85
1787625675|20260825104115|1003.85
1787625680|20260825104120|1003.97
1787625685|20260825104125|1004.05
1787625705|20260825104145|1004.42
1787625710|20260825104150|1004.19
1787625715|20260825104155|1004.26
1787625720|20260825104200|1004.25
1787625725|20260825104205|1004.27
1787625730|20260825104210|1004.34
1787625735|20260825104215|1004.29
1787625740|20260825104220|1004.31
1787625745|20260825104225|1004.47
1787625755|20260825104235|1004.60
1787625760|20260825104240|1004.53
1787625765|20260825104245|1004.56
1787625770|20260825104250|1004.68
1787625785|20260825104305|1004.67
1787625790|20260825104310|1004.61
1787625800|20260825104320|1004.08
1787625805|20260825104325|1003.84
1787625820|20260825104340|1003.74
1787625825|20260825104345|1003.63
1787625835|20260825104355|1003.83
1787625840|20260825104400|1003.73
1787625845|20260825104405|1003.76
1787625860|20260825104420|1003.25
1787625865|20260825104425|1003.08
1787625900|20260825104500|1001.43
1787625905|20260825104505|1001.50
1787625910|20260825104510|1001.43
1787625915|20260825104515|1001.29
1787625925|20260825104525|1001.46
1787625935|20260825104535|1001.65
1787625950|20260825104550|1001.67
1787625955|20260825104555|1001.50
1787625960|20260825104600|1001.49
1787625965|20260825104605|1001.68
1787625970|20260825104610|1001.69
1787625975|20260825104615|1001.65
1787625985|20260825104625|1001.93
1787626005|20260825104645|1001.62
1787626010|20260825104650|1001.63
1787626015|20260825104655|1001.41
1787626020|20260825104700|1001.53
1787626025|20260825104705|1001.52
1787626035|20260825104715|1001.49
1787626040|20260825104720|1001.34
1787626045|20260825104725|1002.27
1787626055|20260825104735|1002.51
1787626060|20260825104740|1002.18
1787626065|20260825104745|1002.01
1787626070|20260825104750|1002.01
1787626075|20260825104755|1002.17
1787626085|20260825104805|1002.16
1787626095|20260825104815|1002.12
1787626100|20260825104820|1002.43
1787626105|20260825104825|1002.36
1787626120|20260825104840|1002.39
1787626130|20260825104850|1001.81
1787626140|20260825104900|1002.11
1787626145|20260825104905|1002.09
1787626150|20260825104910|1002.01
1787626155|20260825104915|1002.16
1787626160|20260825104920|1002.07
1787626165|20260825104925|1001.93
1787626205|20260825105005|1001.57
1787626235|20260825105035|1001.53
1787626240|20260825105040|1001.49
1787626250|20260825105050|1001.73
1787626255|20260825105055|1002.01
1787626265|20260825105105|1002.05
1787626275|20260825105115|1001.15
1787626280|20260825105120|1001.05
1787626285|20260825105125|1001.06
1787626290|20260825105130|1000.86
1787626295|20260825105135|1000.94
1787626300|20260825105140|998.99
1787626305|20260825105145|999.10
1787626310|20260825105150|999.02
1787626315|20260825105155|998.96
1787626335|20260825105215|999.66
1787626355|20260825105235|1000.06
1787626360|20260825105240|1000.19
1787626365|20260825105245|1000.21
1787626370|20260825105250|1000.31
1787626385|20260825105305|999.66
1787626390|20260825105310|999.33
1787626395|20260825105315|1000.31
1787626405|20260825105325|1000.19
1787626415|20260825105335|1000.36
1787626420|20260825105340|1000.46
1787626425|20260825105345|999.86
1787626430|20260825105350|1000.27
1787626435|20260825105355|1000.45
1787626440|20260825105400|1000.47
1787626445|20260825105405|1000.53
1787626450|20260825105410|1000.58
1787626455|20260825105415|1000.74
1787626460|20260825105420|1000.69
1787626465|20260825105425|1000.37
1787626500|20260825105500|1000.13
1787626505|20260825105505|1000.19
1787626510|20260825105510|1000.15
1787626515|20260825105515|1000.48
1787626520|20260825105520|1000.51
1787626525|20260825105525|1000.40
1787626535|20260825105535|1000.59
1787626540|20260825105540|1000.60
1787626545|20260825105545|1000.57
1787626550|20260825105550|1000.52
1787626555|20260825105555|1000.34
1787626565|20260825105605|1000.53
1787626570|20260825105610|1000.15
1787626575|20260825105615|1000.26
1787626580|20260825105620|1000.42
1787626585|20260825105625|1000.39
1787626595|20260825105635|1000.06
1787626600|20260825105640|1000.06
1787626605|20260825105645|1000.07
1787626610|20260825105650|1000.07
1787626615|20260825105655|1000.05
1787626620|20260825105700|1000.29
1787626625|20260825105705|1000.26
1787626630|20260825105710|1000.24
1787626635|20260825105715|1000.41
1787626660|20260825105740|1000.14
1787626665|20260825105745|999.82
1787626670|20260825105750|999.93
1787626685|20260825105805|999.57
1787626690|20260825105810|999.47
1787626695|20260825105815|999.37
1787626700|20260825105820|999.56
1787626705|20260825105825|999.64
1787626720|20260825105840|999.57
1787626725|20260825105845|999.62
1787626735|20260825105855|999.57
1787626745|20260825105905|999.70
1787626750|20260825105910|999.66
1787626755|20260825105915|999.69
1787626760|20260825105920|999.83
1787626765|20260825105925|1000.11
1787626780|20260825105940|999.80
1787626805|20260825110005|1000.81
1787626810|20260825110010|1000.79
1787626815|20260825110015|1000.91
1787626825|20260825110025|1001.00
1787626835|20260825110035|1001.00
1787626840|20260825110040|1001.04
1787626850|20260825110050|1001.01
1787626855|20260825110055|1001.02
1787626860|20260825110100|1001.11
1787626865|20260825110105|1000.78
1787626870|20260825110110|1000.98
1787626875|20260825110115|1000.92
1787626880|20260825110120|1000.87
1787626895|20260825110135|1001.16
1787626900|20260825110140|1001.18
1787626905|20260825110145|1001.09
1787626925|20260825110205|1000.35
1787626935|20260825110215|1000.27
1787626940|20260825110220|1000.33
1787626945|20260825110225|1000.32
1787626955|20260825110235|1000.35
1787626960|20260825110240|1000.29
1787626965|20260825110245|1000.49
1787626970|20260825110250|1000.31
1787626975|20260825110255|1000.39
1787626980|20260825110300|1000.37
1787626985|20260825110305|1000.35
1787626995|20260825110315|1000.12
1787627000|20260825110320|1000.20
1787627020|20260825110340|999.89
1787627025|20260825110345|999.92
1787627030|20260825110350|999.78
1787627035|20260825110355|999.86
1787627045|20260825110405|999.48
1787627050|20260825110410|999.40
1787627060|20260825110420|999.74
1787627105|20260825110505|999.55
1787627115|20260825110515|1000.03
1787627120|20260825110520|1000.57
1787627125|20260825110525|1000.44
1787627135|20260825110535|1000.60
1787627140|20260825110540|1000.69
1787627145|20260825110545|1000.57
1787627150|20260825110550|1000.69
1787627155|20260825110555|1000.78
1787627165|20260825110605|1001.01
1787627170|20260825110610|1000.63
1787627175|20260825110615|1000.79
1787627185|20260825110625|1000.96
1787627200|20260825110640|1001.27
1787627205|20260825110645|1001.42
1787627210|20260825110650|1001.45
1787627215|20260825110655|1001.65
1787627225|20260825110705|1001.75
1787627230|20260825110710|1001.69
1787627235|20260825110715|1001.74
1787627240|20260825110720|1001.76
1787627245|20260825110725|1001.82
1787627255|20260825110735|1001.90
1787627260|20260825110740|1002.02
1787627270|20260825110750|1001.89
1787627275|20260825110755|1002.13
1787627285|20260825110805|1002.26
1787627295|20260825110815|1002.05
1787627305|20260825110825|1001.98
1787627315|20260825110835|1001.89
1787627325|20260825110845|1001.79
1787627330|20260825110850|1001.98
1787627335|20260825110855|1001.95
1787627345|20260825110905|1002.03
1787627350|20260825110910|1002.10
1787627355|20260825110915|1002.50
1787627360|20260825110920|1002.30
1787627365|20260825110925|1002.37
1787627380|20260825110940|1002.15
1787627400|20260825111000|1002.08
1787627405|20260825111005|1001.88
1787627415|20260825111015|1002.11
1787627420|20260825111020|1002.13
1787627425|20260825111025|1002.13
1787627435|20260825111035|1002.03
1787627440|20260825111040|1002.25
1787627445|20260825111045|1002.28
1787627450|20260825111050|1002.26
1787627455|20260825111055|1002.33
1787627465|20260825111105|1002.60
1787627470|20260825111110|1002.56
1787627475|20260825111115|1002.46
1787627480|20260825111120|1002.42
1787627485|20260825111125|1002.48
1787627495|20260825111135|1002.28
1787627500|20260825111140|1002.20
1787627505|20260825111145|1002.27
1787627510|20260825111150|1002.27
1787627515|20260825111155|1002.19
1787627525|20260825111205|1002.08
1787627530|20260825111210|1002.01
1787627535|20260825111215|1001.96
1787627540|20260825111220|1001.78
1787627545|20260825111225|1001.64
1787627555|20260825111235|1001.77
1787627565|20260825111245|1001.85
1787627570|20260825111250|1001.79
1787627575|20260825111255|1001.86
1787627585|20260825111305|1001.98
1787627600|20260825111320|1002.27
1787627615|20260825111335|1002.24
1787627620|20260825111340|1002.18
1787627625|20260825111345|1002.24
1787627635|20260825111355|1002.21
1787627645|20260825111405|1002.09
1787627650|20260825111410|1001.96
1787627655|20260825111415|1001.85
1787627660|20260825111420|1001.88
1787627665|20260825111425|1001.91
1787627670|20260825111430|1001.72
1787627705|20260825111505|1001.77
1787627715|20260825111515|1001.57
1787627720|20260825111520|1001.59
1787627725|20260825111525|1001.48
1787627740|20260825111540|1001.40
1787627745|20260825111545|1001.36
1787627750|20260825111550|1001.41
1787627755|20260825111555|1001.61
1787627760|20260825111600|1001.79
1787627765|20260825111605|1001.73
1787627770|20260825111610|1002.08
1787627775|20260825111615|1001.98
1787627780|20260825111620|1002.21
1787627785|20260825111625|1002.16
1787627795|20260825111635|1001.91
1787627800|20260825111640|1001.82
1787627805|20260825111645|1001.87
1787627810|20260825111650|1002.05
1787627815|20260825111655|1001.97
1787627820|20260825111700|1001.98
1787627825|20260825111705|1001.97
1787627830|20260825111710|1002.12
1787627835|20260825111715|1002.14
1787627840|20260825111720|1001.95
1787627845|20260825111725|1001.85
1787627855|20260825111735|1002.00
1787627860|20260825111740|1001.97
1787627870|20260825111750|1002.01
1787627875|20260825111755|1001.98
1787627885|20260825111805|1001.88
1787627890|20260825111810|1001.92
1787627895|20260825111815|1001.94
1787627900|20260825111820|1001.89
1787627905|20260825111825|1001.84
1787627920|20260825111840|1001.59
1787627925|20260825111845|1001.68
1787627930|20260825111850|1001.75
1787627935|20260825111855|1001.71
1787627945|20260825111905|1001.82
1787627950|20260825111910|1001.67
1787627955|20260825111915|1001.76
1787627965|20260825111925|1001.78
1787628010|20260825112010|1002.02
1787628015|20260825112015|1001.96
1787628020|20260825112020|1002.14
1787628035|20260825112035|1002.29
1787628040|20260825112040|1002.17
1787628045|20260825112045|1002.21
1787628050|20260825112050|1002.35
1787628055|20260825112055|1002.30
1787628060|20260825112100|1002.00
1787628065|20260825112105|1001.98
1787628070|20260825112110|1002.03
1787628075|20260825112115|1002.06
1787628095|20260825112135|1002.07
1787628100|20260825112140|1002.07
1787628105|20260825112145|1001.94
1787628110|20260825112150|1001.86
1787628120|20260825112200|1001.89
1787628125|20260825112205|1001.88
1787628130|20260825112210|1001.73
1787628135|20260825112215|1001.70
1787628140|20260825112220|1001.71
1787628145|20260825112225|1001.70
1787628175|20260825112255|1001.66
1787628180|20260825112300|1001.73
1787628185|20260825112305|1001.66
1787628190|20260825112310|1001.66
1787628195|20260825112315|1001.68
1787628200|20260825112320|1001.78
1787628205|20260825112325|1001.77
1787628215|20260825112335|1002.09
1787628220|20260825112340|1002.06
1787628225|20260825112345|1002.11
1787628230|20260825112350|1002.13
1787628235|20260825112355|1001.80
1787628240|20260825112400|1001.59
1787628245|20260825112405|1001.72
1787628250|20260825112410|1001.66
1787628255|20260825112415|1001.67
1787628260|20260825112420|1001.59
1787628265|20260825112425|1001.56
1787628300|20260825112500|1001.64
1787628310|20260825112510|1002.12
1787628315|20260825112515|1002.16
1787628320|20260825112520|1002.03
1787628325|20260825112525|1002.08
1787628335|20260825112535|1002.24
1787628340|20260825112540|1002.27
1787628345|20260825112545|1002.36
1787628355|20260825112555|1002.45
1787628365|20260825112605|1002.51
1787628370|20260825112610|1002.37
1787628380|20260825112620|1002.42
1787628395|20260825112635|1002.55
1787628400|20260825112640|1002.54
1787628405|20260825112645|1002.56
1787628410|20260825112650|1002.52
1787628415|20260825112655|1002.60
1787628420|20260825112700|1002.59
1787628425|20260825112705|1002.61
1787628430|20260825112710|1002.47
1787628435|20260825112715|1002.45
1787628440|20260825112720|1002.42
1787628445|20260825112725|1002.41
1787628455|20260825112735|1002.49
1787628460|20260825112740|1002.55
1787628465|20260825112745|1002.51
1787628470|20260825112750|1002.40
1787628475|20260825112755|1002.26
1787628480|20260825112800|1002.27
1787628485|20260825112805|1002.26
1787628490|20260825112810|1002.36
1787628495|20260825112815|1002.28
1787628515|20260825112835|1002.42
1787628520|20260825112840|1002.50
1787628525|20260825112845|1002.55
1787628530|20260825112850|1002.57
1787628535|20260825112855|1002.61
1787628540|20260825112900|1002.58
1787628545|20260825112905|1002.55
1787628550|20260825112910|1002.57
1787628555|20260825112915|1002.57
1787628560|20260825112920|1002.55
1787628565|20260825112925|1002.57
1787628585|20260825112945|1002.51
1787628605|20260825113005|1002.42
1787628610|20260825113010|1002.46
1787628615|20260825113015|1002.45
1787628620|20260825113020|1002.29
1787628625|20260825113025|1002.36
1787628640|20260825113040|1002.45
1787628645|20260825113045|1002.39
1787628650|20260825113050|1002.43
1787628655|20260825113055|1002.44
1787628665|20260825113105|1002.62
1787628670|20260825113110|1002.56
1787628680|20260825113120|1002.61
1787628685|20260825113125|1002.56
1787628695|20260825113135|1002.40
1787628700|20260825113140|1002.40
1787628705|20260825113145|1002.47
1787628710|20260825113150|1002.47
1787628715|20260825113155|1002.50
1787628720|20260825113200|1002.49
1787628725|20260825113205|1002.51
1787628730|20260825113210|1002.56
1787628740|20260825113220|1002.66
1787628745|20260825113225|1002.63
1787628755|20260825113235|1002.69
1787628760|20260825113240|1002.70
1787628765|20260825113245|1002.71
1787628770|20260825113250|1002.62
1787628775|20260825113255|1002.72
1787628785|20260825113305|1003.04
1787628790|20260825113310|1003.08
1787628795|20260825113315|1003.08
1787628800|20260825113320|1003.07
1787628805|20260825113325|1003.07
1787628815|20260825113335|1003.04
1787628820|20260825113340|1003.21
1787628825|20260825113345|1003.20
1787628830|20260825113350|1003.19
1787628835|20260825113355|1003.10
1787628845|20260825113405|1003.05
1787628850|20260825113410|1003.09
1787628860|20260825113420|1003.11
1787628865|20260825113425|1003.15
1787628900|20260825113500|1003.09
1787628910|20260825113510|1003.03
1787628915|20260825113515|1003.16
1787628925|20260825113525|1003.12
1787628940|20260825113540|1003.09
1787628945|20260825113545|1003.07
1787628950|20260825113550|1003.04
1787628965|20260825113605|1003.03
1787628970|20260825113610|1003.11
1787628980|20260825113620|1003.13
1787628995|20260825113635|1003.20
1787629000|20260825113640|1003.16
1787629005|20260825113645|1003.14
1787629010|20260825113650|1003.14
1787629025|20260825113705|1003.22
1787629030|20260825113710|1003.25
1787629035|20260825113715|1003.29
1787629040|20260825113720|1003.31
1787629045|20260825113725|1003.29
1787629055|20260825113735|1003.13
1787629060|20260825113740|1003.14
1787629065|20260825113745|1003.16
1787629070|20260825113750|1003.15
1787629075|20260825113755|1003.16
1787629080|20260825113800|1003.14
1787629085|20260825113805|1003.17
1787629095|20260825113815|1003.14
1787629100|20260825113820|1003.11
1787629105|20260825113825|1003.09
1787629115|20260825113835|1003.05
1787629130|20260825113850|1002.94
1787629135|20260825113855|1002.90
1787629140|20260825113900|1002.94
1787629145|20260825113905|1002.55
1787629150|20260825113910|1002.46
1787629155|20260825113915|1002.38
1787629160|20260825113920|1002.31
1787629190|20260825113950|1002.02
1787629210|20260825114010|1002.14
1787629220|20260825114020|1002.05
1787629225|20260825114025|1002.05
1787629235|20260825114035|1002.05
1787629260|20260825114100|1001.88
1787629265|20260825114105|1001.82
1787629270|20260825114110|1001.90
1787629275|20260825114115|1001.98
1787629280|20260825114120|1002.14
1787629285|20260825114125|1002.08
1787629295|20260825114135|1002.08
1787629300|20260825114140|1002.07
1787629305|20260825114145|1002.04
1787629310|20260825114150|1002.08
1787629315|20260825114155|1002.11
1787629320|20260825114200|1002.19
1787629325|20260825114205|1002.26
1787629330|20260825114210|1002.21
1787629335|20260825114215|1002.14
1787629340|20260825114220|1002.12
1787629345|20260825114225|1002.23
1787629350|20260825114230|1002.38
1787629355|20260825114235|1002.35
1787629360|20260825114240|1002.44
1787629365|20260825114245|1002.41
1787629370|20260825114250|1002.37
1787629375|20260825114255|1002.38
1787629380|20260825114300|1002.41
1787629385|20260825114305|1002.37
1787629390|20260825114310|1002.41
1787629395|20260825114315|1002.29
1787629405|20260825114325|1002.37
1787629415|20260825114335|1002.32
1787629420|20260825114340|1002.26
1787629425|20260825114345|1002.25
1787629435|20260825114355|1002.28
1787629460|20260825114420|1002.32
1787629465|20260825114425|1002.24
1787629500|20260825114500|1002.00
1787629515|20260825114515|1001.76
1787629525|20260825114525|1001.71
1787629535|20260825114535|1001.65
1787629540|20260825114540|1001.66
1787629545|20260825114545|1001.66
1787629550|20260825114550|1001.70
1787629555|20260825114555|1001.68
1787629560|20260825114600|1001.68
1787629565|20260825114605|1001.71
1787629570|20260825114610|1001.72
1787629575|20260825114615|1001.88
1787629585|20260825114625|1001.87
1787629595|20260825114635|1001.82
1787629600|20260825114640|1001.82
1787629605|20260825114645|1001.78
1787629610|20260825114650|1001.69
1787629615|20260825114655|1001.69
1787629620|20260825114700|1001.68
1787629630|20260825114710|1001.28
1787629645|20260825114725|1001.26
1787629660|20260825114740|1001.86
1787629670|20260825114750|1001.79
1787629675|20260825114755|1001.84
1787629680|20260825114800|1001.72
1787629685|20260825114805|1001.88
1787629690|20260825114810|1001.81
1787629700|20260825114820|1001.91
1787629705|20260825114825|1001.93
1787629715|20260825114835|1001.84
1787629720|20260825114840|1001.83
1787629725|20260825114845|1001.71
1787629735|20260825114855|1001.66
1787629745|20260825114905|1001.47
1787629750|20260825114910|1001.51
1787629755|20260825114915|1001.53
1787629765|20260825114925|1001.54
1787629805|20260825115005|1001.55
1787629810|20260825115010|1001.54
1787629815|20260825115015|1001.67
1787629820|20260825115020|1001.58
1787629835|20260825115035|1001.52
1787629850|20260825115050|1001.50
1787629855|20260825115055|1001.50
1787629870|20260825115110|1001.39
1787629875|20260825115115|1001.41
1787629895|20260825115135|1001.43
1787629905|20260825115145|1001.49
1787629910|20260825115150|1001.55
1787629915|20260825115155|1001.60
1787629925|20260825115205|1001.63
1787629930|20260825115210|1001.63
1787629935|20260825115215|1001.61
1787629940|20260825115220|1001.61
1787629955|20260825115235|1001.67
1787629960|20260825115240|1001.65
1787629965|20260825115245|1001.67
1787629970|20260825115250|1001.67
1787629980|20260825115300|1001.58
1787629985|20260825115305|1001.61
1787629990|20260825115310|1001.63
1787630000|20260825115320|1001.65
1787630005|20260825115325|1001.65
1787630020|20260825115340|1001.64
1787630025|20260825115345|1001.62
1787630030|20260825115350|1001.60
1787630040|20260825115400|1001.74
1787630045|20260825115405|1001.85
1787630050|20260825115410|1001.86
1787630055|20260825115415|1001.64
1787630060|20260825115420|1001.45
1787630065|20260825115425|1001.39
1787630100|20260825115500|1001.61
1787630110|20260825115510|1001.54
1787630115|20260825115515|1001.52
1787630120|20260825115520|1001.63
1787630125|20260825115525|1001.68
1787630135|20260825115535|1001.44
1787630140|20260825115540|1001.47
1787630145|20260825115545|1001.47
1787630150|20260825115550|1001.40
1787630170|20260825115610|1001.86
1787630175|20260825115615|1002.11
1787630185|20260825115625|1002.06
1787630195|20260825115635|1002.04
1787630205|20260825115645|1002.03
1787630210|20260825115650|1001.98
1787630215|20260825115655|1002.10
1787630225|20260825115705|1002.13
1787630230|20260825115710|1002.11
1787630235|20260825115715|1002.06
1787630240|20260825115720|1002.05
1787630245|20260825115725|1002.05
1787630255|20260825115735|1002.06
1787630265|20260825115745|1002.10
1787630275|20260825115755|1001.88
1787630280|20260825115800|1001.89
1787630285|20260825115805|1001.54
1787630290|20260825115810|1001.54
1787630295|20260825115815|1001.53
1787630300|20260825115820|1001.57
1787630305|20260825115825|1001.57
1787630315|20260825115835|1001.47
1787630325|20260825115845|1001.52
1787630330|20260825115850|1001.49
1787630335|20260825115855|1001.49
1787630340|20260825115900|1001.44
1787630345|20260825115905|1001.49
1787630350|20260825115910|1001.45
1787630355|20260825115915|1001.53
1787630360|20260825115920|1001.47
1787630365|20260825115925|1001.50
1787630390|20260825115950|1001.63
1787630405|20260825120005|1001.68
1787630410|20260825120010|1001.76
1787630415|20260825120015|1001.66
1787630425|20260825120025|1001.45
1787630435|20260825120035|1001.31
1787630440|20260825120040|1001.35
1787630445|20260825120045|1001.27
1787630450|20260825120050|1001.24
1787630455|20260825120055|1001.11
1787630465|20260825120105|1001.11
1787630470|20260825120110|1001.17
1787630475|20260825120115|1001.32
1787630480|20260825120120|1001.54
1787630485|20260825120125|1001.55
1787630495|20260825120135|1001.37
1787630500|20260825120140|1001.36
1787630510|20260825120150|1001.35
1787630515|20260825120155|1001.33
1787630525|20260825120205|1001.23
1787630535|20260825120215|1001.30
1787630540|20260825120220|1001.30
1787630545|20260825120225|1001.39
1787630560|20260825120240|1001.49
1787630565|20260825120245|1001.54
1787630570|20260825120250|1001.56
1787630575|20260825120255|1001.49
1787630580|20260825120300|1001.50
1787630585|20260825120305|1001.49
1787630590|20260825120310|1001.60
1787630600|20260825120320|1001.55
1787630605|20260825120325|1001.59
1787630615|20260825120335|1001.80
1787630620|20260825120340|1001.82
1787630625|20260825120345|1001.78
1787630630|20260825120350|1001.81
1787630635|20260825120355|1001.90
1787630640|20260825120400|1001.97
1787630645|20260825120405|1002.03
1787630650|20260825120410|1002.03
1787630655|20260825120415|1002.07
1787630700|20260825120500|1001.96
1787630705|20260825120505|1001.96
1787630710|20260825120510|1001.88
1787630715|20260825120515|1001.89
1787630720|20260825120520|1001.90
1787630725|20260825120525|1001.87
1787630735|20260825120535|1001.87
1787630740|20260825120540|1001.85
1787630745|20260825120545|1001.79
1787630750|20260825120550|1001.89
1787630755|20260825120555|1001.90
1787630760|20260825120600|1001.92
1787630770|20260825120610|1001.95
1787630775|20260825120615|1002.03
1787630780|20260825120620|1002.24
1787630785|20260825120625|1002.25
1787630795|20260825120635|1002.25
1787630805|20260825120645|1002.00
1787630810|20260825120650|1002.02
1787630820|20260825120700|1001.93
1787630825|20260825120705|1001.97
1787630835|20260825120715|1002.02
1787630840|20260825120720|1002.00
1787630845|20260825120725|1001.98
1787630855|20260825120735|1002.15
1787630860|20260825120740|1002.18
1787630865|20260825120745|1002.23
1787630870|20260825120750|1002.23
1787630875|20260825120755|1002.16
1787630885|20260825120805|1002.17
1787630890|20260825120810|1002.13
1787630895|20260825120815|1002.09
1787630900|20260825120820|1002.05
1787630905|20260825120825|1002.07
1787630915|20260825120835|1001.98
1787630920|20260825120840|1002.01
1787630925|20260825120845|1002.04
1787630930|20260825120850|1002.17
1787630935|20260825120855|1002.27
1787630940|20260825120900|1002.23
1787630945|20260825120905|1002.19
1787630955|20260825120915|1002.06
1787630960|20260825120920|1002.06
1787631005|20260825121005|1002.22
1787631010|20260825121010|1002.10
1787631015|20260825121015|1002.20
1787631025|20260825121025|1002.26
1787631035|20260825121035|1002.20
1787631040|20260825121040|1002.07
1787631050|20260825121050|1002.15
1787631060|20260825121100|1002.14
1787631065|20260825121105|1002.13
1787631070|20260825121110|1002.17
1787631075|20260825121115|1002.25
1787631080|20260825121120|1002.29
1787631085|20260825121125|1002.23
1787631095|20260825121135|1002.22
1787631100|20260825121140|1002.21
1787631105|20260825121145|1002.26
1787631110|20260825121150|1002.14
1787631115|20260825121155|1002.15
1787631125|20260825121205|1002.08
1787631130|20260825121210|1002.09
1787631140|20260825121220|1002.24
1787631145|20260825121225|1002.23
1787631155|20260825121235|1002.29
1787631160|20260825121240|1002.26
1787631165|20260825121245|1002.33
1787631170|20260825121250|1002.32
1787631175|20260825121255|1002.42
1787631180|20260825121300|1002.42
1787631185|20260825121305|1002.49
1787631190|20260825121310|1002.52
1787631195|20260825121315|1002.56
1787631200|20260825121320|1002.50
1787631205|20260825121325|1002.50
1787631215|20260825121335|1002.35
1787631220|20260825121340|1002.46
1787631225|20260825121345|1002.33
1787631235|20260825121355|1002.34
1787631245|20260825121405|1002.45
1787631250|20260825121410|1002.48
1787631255|20260825121415|1002.47
1787631260|20260825121420|1002.40
1787631265|20260825121425|1002.41
1787631310|20260825121510|1002.31
1787631325|20260825121525|1002.05
1787631335|20260825121535|1002.07
1787631340|20260825121540|1002.06
1787631350|20260825121550|1002.17
1787631375|20260825121615|1002.11
1787631385|20260825121625|1002.16
1787631400|20260825121640|1002.26
1787631405|20260825121645|1002.30
1787631410|20260825121650|1002.35
1787631425|20260825121705|1002.31
1787631430|20260825121710|1002.31
1787631435|20260825121715|1002.22
1787631440|20260825121720|1002.33
1787631445|20260825121725|1001.98
1787631465|20260825121745|1001.97
1787631470|20260825121750|1001.96
1787631475|20260825121755|1002.00
1787631485|20260825121805|1001.97
1787631490|20260825121810|1002.02
1787631495|20260825121815|1001.90
1787631505|20260825121825|1001.94
1787631515|20260825121835|1001.80
1787631520|20260825121840|1001.80
1787631525|20260825121845|1001.76
1787631530|20260825121850|1001.72
1787631535|20260825121855|1001.77
1787631545|20260825121905|1001.79
1787631555|20260825121915|1001.87
1787631560|20260825121920|1001.87
1787631565|20260825121925|1001.87
1787631595|20260825121955|1001.99
1787631600|20260825122000|1002.01
1787631605|20260825122005|1001.86
1787631610|20260825122010|1002.06
1787631615|20260825122015|1001.91
1787631620|20260825122020|1001.93
1787631625|20260825122025|1001.99
1787631635|20260825122035|1001.96
1787631645|20260825122045|1002.03
1787631650|20260825122050|1001.99
1787631660|20260825122100|1002.00
1787631665|20260825122105|1002.02
1787631670|20260825122110|1001.94
1787631675|20260825122115|1001.82
1787631680|20260825122120|1001.75
1787631685|20260825122125|1001.77
1787631695|20260825122135|1001.69
1787631700|20260825122140|1001.67
1787631705|20260825122145|1001.67
1787631710|20260825122150|1001.78
1787631725|20260825122205|1001.56
1787631730|20260825122210|1001.52
1787631740|20260825122220|1001.43
1787631745|20260825122225|1001.25
1787631750|20260825122230|1001.16
1787631755|20260825122235|1001.25
1787631760|20260825122240|1001.16
1787631765|20260825122245|1001.17
1787631770|20260825122250|1001.25
1787631775|20260825122255|1001.27
1787631785|20260825122305|1001.25
1787631790|20260825122310|1001.21
1787631795|20260825122315|1001.20
1787631800|20260825122320|1001.23
1787631805|20260825122325|1001.18
1787631810|20260825122330|1001.16
1787631815|20260825122335|1001.37
1787631825|20260825122345|1001.41
1787631830|20260825122350|1001.32
1787631840|20260825122400|1001.35
1787631855|20260825122415|1001.37
1787631860|20260825122420|1001.31
1787631880|20260825122440|1001.44
1787631900|20260825122500|1001.49
1787631905|20260825122505|1001.53
1787631910|20260825122510|1001.48
1787631915|20260825122515|1001.47
1787631920|20260825122520|1001.47
1787631925|20260825122525|1001.48
1787631930|20260825122530|1001.36
1787631935|20260825122535|1001.42
1787631940|20260825122540|1001.37
1787631945|20260825122545|1001.40
1787631950|20260825122550|1001.40
1787631955|20260825122555|1001.36
1787631965|20260825122605|1001.03
1787631970|20260825122610|1001.00
1787631975|20260825122615|1000.97
1787631980|20260825122620|1001.02
1787631985|20260825122625|1001.01
1787631990|20260825122630|1000.96
1787631995|20260825122635|1000.93
1787632000|20260825122640|1000.94
1787632005|20260825122645|1000.89
1787632010|20260825122650|1000.85
1787632015|20260825122655|1000.99
1787632025|20260825122705|1001.06
1787632030|20260825122710|1001.07
1787632035|20260825122715|1001.04
1787632040|20260825122720|1001.04
1787632045|20260825122725|1000.84
1787632055|20260825122735|1000.96
1787632060|20260825122740|1000.90
1787632070|20260825122750|1000.91
1787632075|20260825122755|1000.82
1787632085|20260825122805|1000.89
1787632095|20260825122815|1000.90
1787632100|20260825122820|1000.89
1787632105|20260825122825|1000.96
1787632115|20260825122835|1000.90
1787632120|20260825122840|1000.82
1787632125|20260825122845|1000.82
1787632145|20260825122905|1000.85
1787632165|20260825122925|1000.85
1787632200|20260825123000|1001.06
1787632205|20260825123005|1001.09
1787632210|20260825123010|1001.10
1787632215|20260825123015|1001.03
1787632220|20260825123020|1001.04
1787632225|20260825123025|1001.02
1787632240|20260825123040|1000.98
1787632245|20260825123045|1001.01
1787632250|20260825123050|1000.99
1787632255|20260825123055|1000.99
1787632265|20260825123105|1001.02
1787632270|20260825123110|1001.03
1787632280|20260825123120|1001.03
1787632285|20260825123125|1001.04
1787632295|20260825123135|1001.07
1787632300|20260825123140|1001.10
1787632305|20260825123145|1001.10
1787632310|20260825123150|1000.92
1787632315|20260825123155|1000.88
1787632320|20260825123200|1000.93
1787632325|20260825123205|1000.92
1787632335|20260825123215|1001.32
1787632340|20260825123220|1001.39
1787632345|20260825123225|1001.34
1787632355|20260825123235|1001.34
1787632360|20260825123240|1001.48
1787632365|20260825123245|1000.78
1787632370|20260825123250|1000.78
1787632375|20260825123255|1000.77
1787632380|20260825123300|1000.85
1787632385|20260825123305|1001.06
1787632390|20260825123310|1001.18
1787632395|20260825123315|1001.16
1787632400|20260825123320|1001.17
1787632405|20260825123325|1000.98
1787632415|20260825123335|1000.94
1787632420|20260825123340|1000.85
1787632425|20260825123345|1000.78
1787632430|20260825123350|1000.61
1787632435|20260825123355|1000.70
1787632440|20260825123400|1000.69
1787632445|20260825123405|1000.69
1787632450|20260825123410|1000.61
1787632460|20260825123420|1000.60
1787632465|20260825123425|1000.64
1787632500|20260825123500|1000.97
1787632505|20260825123505|1000.96
1787632510|20260825123510|1000.83
1787632515|20260825123515|1000.80
1787632520|20260825123520|1001.19
1787632525|20260825123525|1001.17
1787632535|20260825123535|1000.72
1787632540|20260825123540|1000.75
1787632545|20260825123545|1000.78
1787632550|20260825123550|1000.84
1787632555|20260825123555|1001.13
1787632560|20260825123600|1001.02
1787632565|20260825123605|1001.05
1787632570|20260825123610|1001.05
1787632580|20260825123620|1000.98
1787632585|20260825123625|1001.05
1787632595|20260825123635|1000.94
1787632605|20260825123645|1000.86
1787632610|20260825123650|1000.85
1787632620|20260825123700|1000.89
1787632625|20260825123705|1000.85
1787632630|20260825123710|1000.68
1787632635|20260825123715|1000.72
1787632640|20260825123720|1000.60
1787632645|20260825123725|1000.72
1787632655|20260825123735|1000.71
1787632660|20260825123740|1000.63
1787632665|20260825123745|1000.63
1787632670|20260825123750|1000.69
1787632675|20260825123755|1000.70
1787632685|20260825123805|1000.76
1787632695|20260825123815|1000.55
1787632700|20260825123820|1000.42
1787632705|20260825123825|1000.41
1787632720|20260825123840|1000.16
1787632725|20260825123845|1000.28
1787632730|20260825123850|1000.28
1787632735|20260825123855|1000.34
1787632740|20260825123900|1000.34
1787632745|20260825123905|1000.35
1787632750|20260825123910|1000.30
1787632755|20260825123915|1000.30
1787632765|20260825123925|1000.40
1787632805|20260825124005|1000.35
1787632810|20260825124010|1000.34
1787632815|20260825124015|1000.23
1787632825|20260825124025|1000.24
1787632835|20260825124035|1000.12
1787632845|20260825124045|1000.17
1787632850|20260825124050|1000.19
1787632860|20260825124100|1000.18
1787632870|20260825124110|1000.09
1787632880|20260825124120|999.87
1787632885|20260825124125|999.87
1787632895|20260825124135|999.87
1787632900|20260825124140|999.84
1787632910|20260825124150|999.77
1787632915|20260825124155|999.74
1787632925|20260825124205|999.70
1787632930|20260825124210|999.79
1787632935|20260825124215|999.81
1787632955|20260825124235|999.76
1787632965|20260825124245|999.90
1787632970|20260825124250|1000.03
1787632975|20260825124255|1000.03
1787632985|20260825124305|1000.12
1787632995|20260825124315|1000.09
1787633000|20260825124320|1000.12
1787633005|20260825124325|1000.12
1787633015|20260825124335|1000.12
1787633020|20260825124340|1000.08
1787633025|20260825124345|1000.19
1787633030|20260825124350|1000.23
1787633035|20260825124355|1000.23
1787633040|20260825124400|1000.20
1787633045|20260825124405|1000.20
1787633050|20260825124410|1000.10
1787633055|20260825124415|1000.11
1787633060|20260825124420|1000.05
1787633065|20260825124425|1000.08
1787633100|20260825124500|1000.02
1787633105|20260825124505|999.95
1787633110|20260825124510|999.71
1787633115|20260825124515|1000.01
1787633120|20260825124520|999.94
1787633125|20260825124525|1000.09
1787633135|20260825124535|1000.10
1787633140|20260825124540|1000.10
1787633145|20260825124545|1000.11
1787633150|20260825124550|1000.11
1787633155|20260825124555|1000.12
1787633160|20260825124600|999.98
1787633165|20260825124605|999.88
1787633170|20260825124610|999.96
1787633175|20260825124615|999.96
1787633185|20260825124625|999.98
1787633195|20260825124635|999.96
1787633200|20260825124640|999.92
1787633205|20260825124645|999.93
1787633225|20260825124705|999.87
1787633230|20260825124710|999.84
1787633235|20260825124715|999.85
1787633240|20260825124720|999.85
1787633245|20260825124725|999.82
1787633260|20260825124740|999.79
1787633265|20260825124745|999.93
1787633270|20260825124750|999.94
1787633275|20260825124755|1000.08
1787633280|20260825124800|1000.11
1787633285|20260825124805|1000.08
1787633290|20260825124810|999.88
1787633295|20260825124815|999.85
1787633300|20260825124820|999.84
1787633305|20260825124825|999.83
1787633340|20260825124900|1000.04
1787633345|20260825124905|1000.04
1787633350|20260825124910|999.92
1787633355|20260825124915|999.93
1787633360|20260825124920|999.89
1787633365|20260825124925|999.93
1787633405|20260825125005|1000.02
1787633415|20260825125015|999.75
1787633420|20260825125020|999.65
1787633425|20260825125025|999.75
1787633435|20260825125035|999.78
1787633440|20260825125040|999.76
1787633450|20260825125050|999.82
1787633455|20260825125055|999.71
1787633465|20260825125105|999.77
1787633470|20260825125110|999.89
1787633475|20260825125115|999.86
1787633480|20260825125120|999.96
1787633495|20260825125135|1000.02
1787633500|20260825125140|999.98
1787633505|20260825125145|999.84
1787633515|20260825125155|999.86
1787633535|20260825125215|1000.02
1787633540|20260825125220|1000.12
1787633545|20260825125225|1000.17
1787633560|20260825125240|1000.37
1787633565|20260825125245|1000.38
1787633575|20260825125255|1000.37
1787633585|20260825125305|1000.43
1787633590|20260825125310|1000.36
1787633595|20260825125315|1000.32
1787633600|20260825125320|1000.38
1787633605|20260825125325|1000.51
1787633615|20260825125335|1000.57
1787633620|20260825125340|1000.50
1787633625|20260825125345|1000.49
1787633630|20260825125350|1000.50
1787633635|20260825125355|1000.50
1787633640|20260825125400|1000.49
1787633645|20260825125405|1000.41
1787633650|20260825125410|1000.37
1787633655|20260825125415|1000.39
1787633660|20260825125420|1000.27
1787633665|20260825125425|1000.32
1787633695|20260825125455|1000.34
1787633700|20260825125500|1000.26
1787633705|20260825125505|1000.27
1787633710|20260825125510|1000.11
1787633720|20260825125520|1000.07
1787633735|20260825125535|1000.33
1787633740|20260825125540|1000.33
1787633745|20260825125545|1000.35
1787633750|20260825125550|1000.34
1787633755|20260825125555|1000.29
1787633760|20260825125600|1000.23
1787633765|20260825125605|1000.19
1787633770|20260825125610|1000.31
1787633775|20260825125615|1000.23
1787633780|20260825125620|1000.26
1787633785|20260825125625|1000.28
1787633820|20260825125700|1000.11
1787633825|20260825125705|1000.08
1787633835|20260825125715|1000.05
1787633840|20260825125720|1000.15
1787633845|20260825125725|1000.11
1787633855|20260825125735|1000.20
1787633860|20260825125740|1000.21
1787633865|20260825125745|1000.19
1787633885|20260825125805|1000.13
1787633900|20260825125820|1000.02
1787633905|20260825125825|1000.02
1787633920|20260825125840|1000.01
1787633925|20260825125845|999.94
1787633930|20260825125850|999.97
1787633940|20260825125900|1000.01
1787633945|20260825125905|1000.02
1787633955|20260825125915|999.97
1787633960|20260825125920|999.95
1787633965|20260825125925|1000.08
1787634000|20260825130000|999.93
1787634005|20260825130005|999.99
1787634010|20260825130010|1000.10
1787634015|20260825130015|1000.04
1787634020|20260825130020|999.96
1787634025|20260825130025|999.98
1787634040|20260825130040|999.83
1787634045|20260825130045|999.80
1787634050|20260825130050|999.97
1787634055|20260825130055|999.93
1787634065|20260825130105|999.91
1787634070|20260825130110|999.84
1787634075|20260825130115|999.61
1787634080|20260825130120|999.65
1787634085|20260825130125|999.92
1787634100|20260825130140|1000.23
1787634110|20260825130150|1000.36
1787634115|20260825130155|1000.39
1787634120|20260825130200|1000.38
1787634125|20260825130205|1000.43
1787634130|20260825130210|1000.31
1787634135|20260825130215|1000.33
1787634140|20260825130220|1000.05
1787634155|20260825130235|1000.10
1787634160|20260825130240|1000.09
1787634165|20260825130245|1000.28
1787634175|20260825130255|1000.42
1787634180|20260825130300|1000.37
1787634185|20260825130305|1000.34
1787634190|20260825130310|1000.30
1787634195|20260825130315|1000.35
1787634200|20260825130320|1000.38
1787634205|20260825130325|1000.53
1787634215|20260825130335|1000.61
1787634220|20260825130340|1000.48
1787634225|20260825130345|1000.53
1787634230|20260825130350|1000.43
1787634235|20260825130355|1000.38
1787634240|20260825130400|1000.39
1787634245|20260825130405|1000.38
1787634255|20260825130415|1000.40
1787634260|20260825130420|1000.43
1787634265|20260825130425|1000.38
1787634300|20260825130500|1000.72
1787634305|20260825130505|1001.10
1787634315|20260825130515|1000.92
1787634325|20260825130525|1001.04
1787634335|20260825130535|1001.03
1787634340|20260825130540|1001.05
1787634350|20260825130550|1001.36
1787634355|20260825130555|1001.33
1787634360|20260825130600|1001.68
1787634365|20260825130605|1001.65
1787634375|20260825130615|1001.83
1787634380|20260825130620|1001.71
1787634385|20260825130625|1001.88
1787634400|20260825130640|1001.89
1787634405|20260825130645|1001.87
1787634430|20260825130710|1002.26
1787634435|20260825130715|1002.22
1787634440|20260825130720|1002.23
1787634445|20260825130725|1002.56
1787634455|20260825130735|1002.56
1787634460|20260825130740|1002.60
1787634480|20260825130800|1002.43
1787634485|20260825130805|1002.46
1787634490|20260825130810|1002.36
1787634495|20260825130815|1002.41
1787634500|20260825130820|1002.43
1787634505|20260825130825|1002.34
1787634520|20260825130840|1002.17
1787634525|20260825130845|1002.06
1787634530|20260825130850|1002.08
1787634535|20260825130855|1002.11
1787634545|20260825130905|1002.11
1787634550|20260825130910|1002.15
1787634555|20260825130915|1002.15
1787634560|20260825130920|1002.15
1787634565|20260825130925|1002.17
1787634605|20260825131005|1002.20
1787634615|20260825131015|1002.19
1787634620|20260825131020|1002.23
1787634625|20260825131025|1002.14
1787634635|20260825131035|1002.14
1787634640|20260825131040|1002.21
1787634645|20260825131045|1002.22
1787634650|20260825131050|1002.21
1787634655|20260825131055|1002.29
1787634660|20260825131100|1002.27
1787634670|20260825131110|1002.56
1787634675|20260825131115|1002.53
1787634680|20260825131120|1002.47
1787634685|20260825131125|1002.53
1787634690|20260825131130|1002.50
1787634700|20260825131140|1002.48
1787634705|20260825131145|1002.47
1787634710|20260825131150|1002.61
1787634715|20260825131155|1002.62
1787634725|20260825131205|1002.59
1787634730|20260825131210|1002.55
1787634735|20260825131215|1002.60
1787634740|20260825131220|1002.62
1787634745|20260825131225|1002.69
1787634755|20260825131235|1002.58
1787634770|20260825131250|1002.70
1787634775|20260825131255|1002.78
1787634785|20260825131305|1002.76
1787634795|20260825131315|1002.73
1787634800|20260825131320|1002.74
1787634835|20260825131355|1002.70
1787634845|20260825131405|1002.66
1787634850|20260825131410|1002.66
1787634860|20260825131420|1002.68
1787634865|20260825131425|1002.67
1787634910|20260825131510|1002.67
1787634920|20260825131520|1002.74
1787634935|20260825131535|1002.85
1787634940|20260825131540|1002.87
1787634950|20260825131550|1002.93
1787634955|20260825131555|1002.96
1787634965|20260825131605|1003.04
1787634970|20260825131610|1002.96
1787634975|20260825131615|1003.24
1787634980|20260825131620|1003.23
1787634995|20260825131635|1003.35
1787635005|20260825131645|1003.30
1787635010|20260825131650|1003.23
1787635015|20260825131655|1003.24
1787635025|20260825131705|1003.21
1787635040|20260825131720|1003.09
1787635060|20260825131740|1003.36
1787635065|20260825131745|1003.37
1787635070|20260825131750|1003.30
1787635085|20260825131805|1003.18
1787635090|20260825131810|1003.26
1787635100|20260825131820|1003.30
1787635115|20260825131835|1003.33
1787635120|20260825131840|1003.30
1787635125|20260825131845|1003.33
1787635130|20260825131850|1003.35
1787635135|20260825131855|1003.35
1787635145|20260825131905|1003.54
1787635155|20260825131915|1003.66
1787635160|20260825131920|1003.69
1787635195|20260825131955|1003.80
1787635200|20260825132000|1003.88
1787635205|20260825132005|1004.01
1787635210|20260825132010|1004.00
1787635215|20260825132015|1004.05
1787635235|20260825132035|1004.18
1787635245|20260825132045|1004.25
1787635250|20260825132050|1004.30
1787635255|20260825132055|1004.27
1787635270|20260825132110|1004.31
1787635275|20260825132115|1004.28
1787635280|20260825132120|1004.19
1787635285|20260825132125|1004.29
1787635300|20260825132140|1004.22
1787635305|20260825132145|1004.19
1787635310|20260825132150|1004.09
1787635315|20260825132155|1004.06
1787635325|20260825132205|1004.00
1787635340|20260825132220|1003.97
1787635345|20260825132225|1003.90
1787635355|20260825132235|1003.95
1787635360|20260825132240|1003.96
1787635365|20260825132245|1003.97
1787635375|20260825132255|1003.95
1787635380|20260825132300|1004.03
1787635385|20260825132305|1004.12
1787635390|20260825132310|1004.09
1787635395|20260825132315|1004.06
1787635415|20260825132335|1003.99
1787635425|20260825132345|1003.83
1787635430|20260825132350|1003.81
1787635435|20260825132355|1003.81
1787635445|20260825132405|1003.67
1787635450|20260825132410|1003.71
1787635455|20260825132415|1003.73
1787635460|20260825132420|1003.71
1787635500|20260825132500|1003.88
1787635505|20260825132505|1003.93
1787635510|20260825132510|1003.94
1787635515|20260825132515|1003.90
1787635520|20260825132520|1003.86
1787635525|20260825132525|1003.82
1787635535|20260825132535|1003.74
1787635540|20260825132540|1003.72
1787635545|20260825132545|1003.84
1787635550|20260825132550|1003.94
1787635555|20260825132555|1003.91
1787635565|20260825132605|1004.00
1787635570|20260825132610|1004.10
1787635575|20260825132615|1004.02
1787635580|20260825132620|1004.04
1787635585|20260825132625|1004.02
1787635595|20260825132635|1004.03
1787635600|20260825132640|1004.19
1787635605|20260825132645|1004.06
1787635610|20260825132650|1004.08
1787635615|20260825132655|1004.02
1787635620|20260825132700|1004.10
1787635630|20260825132710|1004.23
1787635635|20260825132715|1004.20
1787635640|20260825132720|1004.26
1787635645|20260825132725|1004.29
1787635655|20260825132735|1004.27
1787635660|20260825132740|1004.17
1787635670|20260825132750|1004.33
1787635685|20260825132805|1004.19
1787635695|20260825132815|1004.16
1787635700|20260825132820|1004.18
1787635705|20260825132825|1004.17
1787635715|20260825132835|1004.32
1787635720|20260825132840|1004.37
1787635725|20260825132845|1004.53
1787635730|20260825132850|1004.60
1787635735|20260825132855|1004.58
1787635740|20260825132900|1004.57
1787635745|20260825132905|1004.63
1787635755|20260825132915|1004.52
1787635760|20260825132920|1004.48
1787635765|20260825132925|1004.42
1787635780|20260825132940|1004.35
1787635805|20260825133005|1004.34
1787635815|20260825133015|1003.68
1787635820|20260825133020|1003.67
1787635835|20260825133035|1003.75
1787635840|20260825133040|1003.75
1787635845|20260825133045|1003.34
1787635855|20260825133055|1003.50
1787635865|20260825133105|1003.42
1787635870|20260825133110|1003.43
1787635875|20260825133115|1003.27
1787635880|20260825133120|1003.47
1787635895|20260825133135|1003.33
1787635905|20260825133145|1003.21
1787635910|20260825133150|1003.15
1787635915|20260825133155|1003.19
1787635955|20260825133235|1003.00
1787635960|20260825133240|1003.12
1787635965|20260825133245|1003.08
1787635975|20260825133255|1003.20
1787635980|20260825133300|1003.22
1787635985|20260825133305|1003.22
1787635995|20260825133315|1003.61
1787636000|20260825133320|1003.67
1787636015|20260825133335|1003.55
1787636045|20260825133405|1003.58
1787636055|20260825133415|1003.57
1787636085|20260825133445|1003.62
1787636095|20260825133455|1003.69
1787636105|20260825133505|1003.62
1787636120|20260825133520|1003.49
1787636135|20260825133535|1004.13
1787636150|20260825133550|1004.24
1787636155|20260825133555|1004.25
1787636165|20260825133605|1004.34
1787636175|20260825133615|1004.34
1787636180|20260825133620|1004.32
1787636195|20260825133635|1004.13
1787636200|20260825133640|1004.20
1787636205|20260825133645|1003.87
1787636210|20260825133650|1004.03
1787636215|20260825133655|1004.04
1787636225|20260825133705|1003.96
1787636230|20260825133710|1003.95
1787636240|20260825133720|1004.01
1787636245|20260825133725|1004.05
1787636255|20260825133735|1004.06
1787636265|20260825133745|1004.06
1787636275|20260825133755|1004.02
1787636280|20260825133800|1003.96
1787636285|20260825133805|1003.95
1787636290|20260825133810|1003.79
1787636295|20260825133815|1003.85
1787636300|20260825133820|1003.76
1787636305|20260825133825|1003.80
1787636315|20260825133835|1003.82
1787636330|20260825133850|1003.96
1787636345|20260825133905|1003.94
1787636355|20260825133915|1003.78
1787636360|20260825133920|1003.88
1787636400|20260825134000|1003.71
1787636420|20260825134020|1003.60
1787636425|20260825134025|1003.61
1787636450|20260825134050|1003.51
1787636455|20260825134055|1003.49
1787636465|20260825134105|1003.53
1787636470|20260825134110|1003.54
1787636475|20260825134115|1003.57
1787636480|20260825134120|1003.60
1787636485|20260825134125|1003.61
1787636495|20260825134135|1003.69
1787636505|20260825134145|1003.64
1787636510|20260825134150|1003.38
1787636515|20260825134155|1003.32
1787636525|20260825134205|1003.21
1787636535|20260825134215|1003.19
1787636555|20260825134235|1002.95
1787636560|20260825134240|1002.92
1787636565|20260825134245|1002.83
1787636570|20260825134250|1002.72
1787636575|20260825134255|1002.60
1787636590|20260825134310|1002.66
1787636595|20260825134315|1002.89
1787636600|20260825134320|1003.13
1787636605|20260825134325|1003.09
1787636615|20260825134335|1002.90
1787636620|20260825134340|1002.92
1787636635|20260825134355|1002.90
1787636655|20260825134415|1002.75
1787636660|20260825134420|1002.89
1787636700|20260825134500|1002.69
1787636710|20260825134510|1002.74
1787636720|20260825134520|1002.88
1787636725|20260825134525|1002.99
1787636735|20260825134535|1003.04
1787636745|20260825134545|1003.13
1787636750|20260825134550|1003.16
1787636760|20260825134600|1003.14
1787636765|20260825134605|1003.17
1787636785|20260825134625|1003.39
1787636795|20260825134635|1003.37
1787636800|20260825134640|1003.39
1787636805|20260825134645|1003.37
1787636810|20260825134650|1003.29
1787636815|20260825134655|1003.36
1787636820|20260825134700|1003.33
1787636825|20260825134705|1003.36
1787636845|20260825134725|1003.24
1787636855|20260825134735|1003.23
1787636860|20260825134740|1003.17
1787636865|20260825134745|1003.16
1787636875|20260825134755|1003.33
1787636880|20260825134800|1003.49
1787636885|20260825134805|1003.46
1787636890|20260825134810|1003.08
1787636895|20260825134815|1002.92
1787636900|20260825134820|1002.99
1787636905|20260825134825|1002.99
1787636915|20260825134835|1003.09
1787636920|20260825134840|1002.91
1787636925|20260825134845|1002.87
1787636930|20260825134850|1002.85
1787636935|20260825134855|1002.74
1787636945|20260825134905|1002.72
1787636950|20260825134910|1002.69
1787636955|20260825134915|1002.40
1787636960|20260825134920|1002.39
1787636965|20260825134925|1002.94
1787636975|20260825134935|1002.88
1787637005|20260825135005|1002.96
1787637010|20260825135010|1002.98
1787637015|20260825135015|1002.94
1787637020|20260825135020|1002.77
1787637025|20260825135025|1002.78
1787637035|20260825135035|1002.61
1787637040|20260825135040|1002.57
1787637055|20260825135055|1002.61
1787637060|20260825135100|1002.44
1787637065|20260825135105|1002.48
1787637070|20260825135110|1002.53
1787637075|20260825135115|1002.59
1787637080|20260825135120|1002.69
1787637085|20260825135125|1002.78
1787637100|20260825135140|1002.69
1787637110|20260825135150|1002.69
1787637125|20260825135205|1002.61
1787637130|20260825135210|1002.61
1787637135|20260825135215|1002.61
1787637140|20260825135220|1002.45
1787637145|20260825135225|1002.42
1787637155|20260825135235|1002.41
1787637160|20260825135240|1002.67
1787637165|20260825135245|1002.85
1787637170|20260825135250|1002.94
1787637175|20260825135255|1002.91
1787637180|20260825135300|1002.68
1787637185|20260825135305|1002.76
1787637190|20260825135310|1002.76
1787637200|20260825135320|1002.99
1787637205|20260825135325|1003.05
1787637215|20260825135335|1002.97
1787637220|20260825135340|1003.10
1787637225|20260825135345|1003.13
1787637230|20260825135350|1003.40
1787637235|20260825135355|1003.43
1787637245|20260825135405|1003.37
1787637265|20260825135425|1003.54
1787637275|20260825135435|1003.77
1787637300|20260825135500|1003.78
1787637305|20260825135505|1003.93
1787637310|20260825135510|1003.88
1787637315|20260825135515|1004.07
1787637320|20260825135520|1003.95
1787637325|20260825135525|1003.98
1787637340|20260825135540|1003.90
1787637345|20260825135545|1003.82
1787637350|20260825135550|1003.72
1787637355|20260825135555|1003.59
1787637360|20260825135600|1003.65
1787637370|20260825135610|1003.74
1787637375|20260825135615|1003.92
1787637385|20260825135625|1003.91
1787637395|20260825135635|1003.99
1787637405|20260825135645|1004.03
1787637415|20260825135655|1003.87
1787637420|20260825135700|1003.95
1787637425|20260825135705|1003.99
1787637430|20260825135710|1004.06
1787637435|20260825135715|1004.11
1787637440|20260825135720|1004.15
1787637445|20260825135725|1004.15
1787637455|20260825135735|1004.16
1787637460|20260825135740|1004.08
1787637465|20260825135745|1003.87
1787637470|20260825135750|1003.97
1787637475|20260825135755|1003.88
1787637480|20260825135800|1003.92
1787637485|20260825135805|1003.93
1787637490|20260825135810|1003.98
1787637495|20260825135815|1003.88
1787637500|20260825135820|1003.81
1787637505|20260825135825|1003.84
1787637515|20260825135835|1003.47
1787637520|20260825135840|1003.35
1787637525|20260825135845|1003.42
1787637530|20260825135850|1003.45
1787637535|20260825135855|1003.43
1787637540|20260825135900|1003.42
1787637545|20260825135905|1003.47
1787637550|20260825135910|1003.41
1787637555|20260825135915|1003.54
1787637560|20260825135920|1003.51
1787637605|20260825140005|1003.62
1787637610|20260825140010|1003.57
1787637620|20260825140020|1003.56
1787637625|20260825140025|1003.64
1787637635|20260825140035|1003.76
1787637640|20260825140040|1003.72
1787637645|20260825140045|1003.76
1787637650|20260825140050|1003.79
1787637655|20260825140055|1003.70
1787637660|20260825140100|1003.82
1787637670|20260825140110|1003.95
1787637680|20260825140120|1003.86
1787637700|20260825140140|1003.81
1787637705|20260825140145|1003.82
1787637710|20260825140150|1003.78
1787637715|20260825140155|1003.76
1787637725|20260825140205|1003.60
1787637730|20260825140210|1003.61
1787637735|20260825140215|1003.72
1787637740|20260825140220|1003.81
1787637755|20260825140235|1004.18
1787637765|20260825140245|1004.15
1787637770|20260825140250|1004.18
1787637785|20260825140305|1004.22
1787637790|20260825140310|1004.20
1787637795|20260825140315|1004.20
1787637800|20260825140320|1004.14
1787637805|20260825140325|1004.06
1787637815|20260825140335|1004.15
1787637820|20260825140340|1004.09
1787637825|20260825140345|1004.11
1787637830|20260825140350|1004.06
1787637835|20260825140355|1004.09
1787637845|20260825140405|1003.96
1787637850|20260825140410|1004.00
1787637855|20260825140415|1003.93
1787637860|20260825140420|1003.98
1787637915|20260825140515|1003.98
1787637920|20260825140520|1004.03
1787637925|20260825140525|1004.07
1787637935|20260825140535|1004.04
1787637940|20260825140540|1004.10
1787637945|20260825140545|1004.02
1787637950|20260825140550|1003.97
1787637955|20260825140555|1003.93
1787637965|20260825140605|1004.08
1787637970|20260825140610|1004.08
1787637975|20260825140615|1004.09
1787637980|20260825140620|1004.22
1787637985|20260825140625|1004.21
1787637995|20260825140635|1004.27
1787638000|20260825140640|1004.52
1787638005|20260825140645|1004.58
1787638010|20260825140650|1004.47
1787638015|20260825140655|1004.48
1787638020|20260825140700|1004.51
1787638025|20260825140705|1004.56
1787638030|20260825140710|1004.60
1787638035|20260825140715|1004.60
1787638040|20260825140720|1004.50
1787638055|20260825140735|1004.66
1787638060|20260825140740|1004.66
1787638065|20260825140745|1004.77
1787638070|20260825140750|1004.69
1787638085|20260825140805|1004.69
1787638090|20260825140810|1004.72
1787638095|20260825140815|1004.74
1787638100|20260825140820|1004.57
1787638105|20260825140825|1004.61
1787638115|20260825140835|1004.61
1787638120|20260825140840|1004.67
1787638125|20260825140845|1004.53
1787638135|20260825140855|1004.40
1787638145|20260825140905|1004.33
1787638150|20260825140910|1004.30
1787638155|20260825140915|1004.32
1787638160|20260825140920|1004.51
1787638165|20260825140925|1004.46
1787638175|20260825140935|1004.59
1787638205|20260825141005|1004.77
1787638210|20260825141010|1004.82
1787638220|20260825141020|1004.87
1787638225|20260825141025|1004.87
1787638245|20260825141045|1004.85
1787638250|20260825141050|1004.99
1787638270|20260825141110|1005.01
1787638280|20260825141120|1005.04
1787638285|20260825141125|1005.00
1787638300|20260825141140|1005.00
1787638305|20260825141145|1005.02
1787638310|20260825141150|1005.12
1787638315|20260825141155|1005.13
1787638330|20260825141210|1005.20
1787638335|20260825141215|1005.17
1787638340|20260825141220|1005.14
1787638355|20260825141235|1005.06
1787638370|20260825141250|1005.09
1787638375|20260825141255|1005.10
1787638385|20260825141305|1005.22
1787638400|20260825141320|1005.06
1787638425|20260825141345|1005.06
1787638445|20260825141405|1005.08
1787638450|20260825141410|1004.99
1787638455|20260825141415|1004.92
1787638460|20260825141420|1004.94
1787638465|20260825141425|1004.91
1787638480|20260825141440|1004.86
1787638505|20260825141505|1004.97
1787638510|20260825141510|1004.98
1787638515|20260825141515|1004.95
1787638520|20260825141520|1004.95
1787638525|20260825141525|1004.91
1787638535|20260825141535|1004.82
1787638540|20260825141540|1004.84
1787638545|20260825141545|1004.55
1787638550|20260825141550|1004.54
1787638555|20260825141555|1004.52
1787638570|20260825141610|1004.65
1787638575|20260825141615|1004.58
1787638580|20260825141620|1004.54
1787638585|20260825141625|1004.58
1787638595|20260825141635|1004.66
1787638600|20260825141640|1004.55
1787638605|20260825141645|1004.43
1787638610|20260825141650|1004.48
1787638615|20260825141655|1004.48
1787638625|20260825141705|1004.46
1787638630|20260825141710|1004.49
1787638645|20260825141725|1004.63
1787638655|20260825141735|1004.60
1787638660|20260825141740|1004.60
1787638670|20260825141750|1004.75
1787638675|20260825141755|1004.74
1787638685|20260825141805|1004.67
1787638705|20260825141825|1004.73
1787638715|20260825141835|1004.64
1787638720|20260825141840|1004.66
1787638725|20260825141845|1004.64
1787638730|20260825141850|1004.66
1787638735|20260825141855|1004.65
1787638745|20260825141905|1004.67
1787638755|20260825141915|1004.67
1787638760|20260825141920|1004.66
1787638765|20260825141925|1004.69
1787638800|20260825142000|1004.59
1787638805|20260825142005|1004.67
1787638810|20260825142010|1004.58
1787638815|20260825142015|1004.58
1787638820|20260825142020|1004.60
1787638835|20260825142035|1004.60
1787638840|20260825142040|1004.60
1787638865|20260825142105|1004.44
1787638875|20260825142115|1004.39
1787638880|20260825142120|1004.45
1787638885|20260825142125|1004.43
1787638895|20260825142135|1004.34
1787638900|20260825142140|1004.20
1787638905|20260825142145|1004.21
1787638925|20260825142205|1004.28
1787638930|20260825142210|1004.32
1787638940|20260825142220|1004.43
1787638945|20260825142225|1004.35
1787638955|20260825142235|1004.33
1787638960|20260825142240|1004.33
1787638965|20260825142245|1004.34
1787638970|20260825142250|1004.53
1787638975|20260825142255|1004.58
1787638985|20260825142305|1004.80
1787639000|20260825142320|1005.02
1787639005|20260825142325|1005.02
1787639040|20260825142400|1005.19
1787639045|20260825142405|1005.16
1787639050|20260825142410|1005.18
1787639055|20260825142415|1005.16
1787639060|20260825142420|1005.14
1787639065|20260825142425|1005.29
1787639100|20260825142500|1005.54
1787639110|20260825142510|1005.42
1787639125|20260825142525|1005.56
1787639135|20260825142535|1005.62
1787639150|20260825142550|1005.74
1787639155|20260825142555|1005.66
1787639175|20260825142615|1005.73
1787639180|20260825142620|1005.72
1787639185|20260825142625|1005.81
1787639195|20260825142635|1005.69
1787639200|20260825142640|1005.72
1787639205|20260825142645|1005.73
1787639210|20260825142650|1005.74
1787639215|20260825142655|1005.62
1787639230|20260825142710|1005.46
1787639240|20260825142720|1005.57
1787639255|20260825142735|1005.61
1787639260|20260825142740|1005.62
1787639265|20260825142745|1005.64
1787639275|20260825142755|1005.65
1787639290|20260825142810|1005.74
1787639295|20260825142815|1005.77
1787639300|20260825142820|1005.77
1787639305|20260825142825|1005.72
1787639325|20260825142845|1005.31
1787639340|20260825142900|1005.26
1787639345|20260825142905|1005.32
1787639355|20260825142915|1005.35
1787639360|20260825142920|1005.33
1787639420|20260825143020|1005.06
1787639425|20260825143025|1004.94
1787639435|20260825143035|1005.08
1787639445|20260825143045|1005.02
1787639450|20260825143050|1005.04
1787639455|20260825143055|1005.07
1787639460|20260825143100|1005.01
1787639465|20260825143105|1004.98
1787639470|20260825143110|1005.15
1787639475|20260825143115|1005.20
1787639480|20260825143120|1005.16
1787639495|20260825143135|1005.10
1787639520|20260825143200|1005.21
1787639530|20260825143210|1005.16
1787639540|20260825143220|1005.39
1787639545|20260825143225|1005.48
1787639560|20260825143240|1005.65
1787639565|20260825143245|1005.67
1787639570|20260825143250|1005.72
1787639575|20260825143255|1005.78
1787639580|20260825143300|1005.66
1787639595|20260825143315|1005.72
1787639600|20260825143320|1005.70
1787639605|20260825143325|1005.71
1787639615|20260825143335|1005.59
1787639620|20260825143340|1005.80
1787639630|20260825143350|1005.64
1787639635|20260825143355|1005.69
1787639645|20260825143405|1005.59
1787639650|20260825143410|1005.57
1787639655|20260825143415|1005.57
1787639660|20260825143420|1005.56
1787639665|20260825143425|1005.58
1787639680|20260825143440|1005.62
1787639685|20260825143445|1005.61
1787639710|20260825143510|1005.46
1787639715|20260825143515|1005.45
1787639720|20260825143520|1005.47
1787639725|20260825143525|1005.62
1787639735|20260825143535|1005.55
1787639740|20260825143540|1005.45
1787639745|20260825143545|1005.44
1787639750|20260825143550|1005.44
1787639765|20260825143605|1005.57
1787639775|20260825143615|1005.54
1787639780|20260825143620|1005.53
1787639785|20260825143625|1005.55
1787639800|20260825143640|1005.54
1787639805|20260825143645|1005.46
1787639810|20260825143650|1005.36
1787639815|20260825143655|1005.33
1787639825|20260825143705|1005.22
1787639830|20260825143710|1005.22
1787639835|20260825143715|1005.37
1787639840|20260825143720|1005.39
1787639845|20260825143725|1005.36
1787639855|20260825143735|1005.19
1787639860|20260825143740|1005.23
1787639865|20260825143745|1005.29
1787639870|20260825143750|1005.30
1787639875|20260825143755|1005.27
1787639895|20260825143815|1005.19
1787639900|20260825143820|1005.04
1787639905|20260825143825|1005.01
1787639915|20260825143835|1004.99
1787639920|20260825143840|1005.09
1787639930|20260825143850|1004.98
1787639935|20260825143855|1005.00
1787639945|20260825143905|1004.79
1787639950|20260825143910|1004.82
1787639955|20260825143915|1004.84
1787639960|20260825143920|1004.84
1787639965|20260825143925|1004.90
1787640005|20260825144005|1005.11
1787640010|20260825144010|1005.12
1787640020|20260825144020|1005.19
1787640025|20260825144025|1005.18
1787640035|20260825144035|1005.19
1787640040|20260825144040|1005.17
1787640045|20260825144045|1005.10
1787640050|20260825144050|1005.10
1787640070|20260825144110|1005.10
1787640075|20260825144115|1005.24
1787640080|20260825144120|1005.20
1787640085|20260825144125|1005.29
1787640100|20260825144140|1005.44
1787640105|20260825144145|1005.42
1787640110|20260825144150|1005.40
1787640115|20260825144155|1005.49
1787640125|20260825144205|1005.68
1787640130|20260825144210|1005.51
1787640135|20260825144215|1005.31
1787640140|20260825144220|1005.27
1787640145|20260825144225|1005.11
1787640155|20260825144235|1005.04
1787640165|20260825144245|1005.20
1787640170|20260825144250|1005.08
1787640175|20260825144255|1005.10
1787640185|20260825144305|1005.09
1787640190|20260825144310|1005.15
1787640205|20260825144325|1004.99
1787640220|20260825144340|1004.84
1787640240|20260825144400|1004.81
1787640250|20260825144410|1004.82
1787640255|20260825144415|1004.77
1787640260|20260825144420|1004.79
1787640265|20260825144425|1004.73
1787640300|20260825144500|1004.76
1787640305|20260825144505|1004.71
1787640310|20260825144510|1004.56
1787640315|20260825144515|1004.52
1787640320|20260825144520|1004.46
1787640325|20260825144525|1004.57
1787640335|20260825144535|1004.60
1787640340|20260825144540|1004.59
1787640345|20260825144545|1004.66
1787640350|20260825144550|1004.57
1787640355|20260825144555|1004.63
1787640360|20260825144600|1004.66
1787640365|20260825144605|1004.66
1787640370|20260825144610|1004.65
1787640375|20260825144615|1004.80
1787640380|20260825144620|1004.73
1787640385|20260825144625|1004.71
1787640400|20260825144640|1004.70
1787640405|20260825144645|1004.71
1787640410|20260825144650|1004.65
1787640415|20260825144655|1004.60
1787640425|20260825144705|1004.94
1787640430|20260825144710|1004.83
1787640440|20260825144720|1004.92
1787640445|20260825144725|1004.95
1787640455|20260825144735|1004.94
1787640465|20260825144745|1004.85
1787640470|20260825144750|1004.81
1787640475|20260825144755|1004.85
1787640480|20260825144800|1004.73
1787640485|20260825144805|1004.74
1787640500|20260825144820|1004.79
1787640515|20260825144835|1004.76
1787640520|20260825144840|1004.73
1787640530|20260825144850|1004.72
1787640535|20260825144855|1004.64
1787640540|20260825144900|1004.67
1787640545|20260825144905|1004.72
1787640550|20260825144910|1004.69
1787640555|20260825144915|1004.62
1787640560|20260825144920|1004.60
1787640565|20260825144925|1004.60
1787640605|20260825145005|1004.70
1787640615|20260825145015|1004.58
1787640620|20260825145020|1004.61
1787640635|20260825145035|1004.67
1787640640|20260825145040|1004.62
1787640645|20260825145045|1004.69
1787640650|20260825145050|1004.67
1787640655|20260825145055|1004.62
1787640660|20260825145100|1004.62
1787640665|20260825145105|1004.60
1787640670|20260825145110|1004.59
1787640675|20260825145115|1004.60
1787640680|20260825145120|1004.57
1787640685|20260825145125|1004.56
1787640695|20260825145135|1004.35
1787640700|20260825145140|1004.32
1787640705|20260825145145|1004.33
1787640710|20260825145150|1004.29
1787640715|20260825145155|1004.21
1787640720|20260825145200|1004.06
1787640725|20260825145205|1004.06
1787640730|20260825145210|1004.02
1787640735|20260825145215|1003.97
1787640745|20260825145225|1004.01
1787640755|20260825145235|1004.01
1787640770|20260825145250|1004.17
1787640780|20260825145300|1004.17
1787640795|20260825145315|1004.05
1787640800|20260825145320|1004.14
1787640810|20260825145330|1004.15
1787640815|20260825145335|1004.05
1787640820|20260825145340|1004.03
1787640825|20260825145345|1003.99
1787640830|20260825145350|1003.73
1787640835|20260825145355|1003.66
1787640840|20260825145400|1003.81
1787640845|20260825145405|1003.88
1787640850|20260825145410|1003.71
1787640860|20260825145420|1003.64
1787640865|20260825145425|1003.60
1787640900|20260825145500|1003.48
1787640905|20260825145505|1003.31
1787640915|20260825145515|1003.33
1787640920|20260825145520|1003.30
1787640925|20260825145525|1003.30
1787640935|20260825145535|1003.23
1787640940|20260825145540|1003.27
1787640950|20260825145550|1003.29
1787640955|20260825145555|1003.40
1787640965|20260825145605|1003.21
1787640970|20260825145610|1003.31
1787640975|20260825145615|1003.23
1787640980|20260825145620|1003.18
1787640995|20260825145635|1002.97
1787641000|20260825145640|1002.98
1787641005|20260825145645|1003.00
1787641010|20260825145650|1003.10
1787641015|20260825145655|1003.14
1787641020|20260825145700|1003.15
1787641025|20260825145705|1003.12
1787641030|20260825145710|1003.14
1787641035|20260825145715|1003.06
1787641040|20260825145720|1003.12
1787641055|20260825145735|1003.19
1787641060|20260825145740|1003.19
1787641065|20260825145745|1003.05
1787641070|20260825145750|1003.17
1787641075|20260825145755|1003.13
1787641080|20260825145800|1003.09
1787641085|20260825145805|1002.95
1787641090|20260825145810|1002.96
1787641095|20260825145815|1002.99
1787641100|20260825145820|1003.08
1787641105|20260825145825|1003.02
1787641115|20260825145835|1003.07
1787641120|20260825145840|1003.02
1787641125|20260825145845|1002.93
1787641130|20260825145850|1002.79
1787641135|20260825145855|1002.85
1787641140|20260825145900|1002.72
1787641145|20260825145905|1002.66
1787641150|20260825145910|1002.55
1787641155|20260825145915|1002.44
1787641160|20260825145920|1002.51
1787641165|20260825145925|1002.54
1787641190|20260825145950|1002.74
1787641200|20260825150000|1002.70
1787641205|20260825150005|1002.82
1787641210|20260825150010|1002.74
1787641215|20260825150015|1002.65
1787641225|20260825150025|1002.66
1787641235|20260825150035|1002.47
1787641245|20260825150045|1002.42
1787641250|20260825150050|1002.47
1787641255|20260825150055|1002.48
1787641260|20260825150100|1002.48
1787641265|20260825150105|1002.48
1787641270|20260825150110|1002.57
1787641275|20260825150115|1002.64
1787641285|20260825150125|1002.69
1787641295|20260825150135|1002.71
1787641300|20260825150140|1002.76
1787641305|20260825150145|1002.74
1787641310|20260825150150|1002.69
1787641315|20260825150155|1002.77
1787641335|20260825150215|1003.08
1787641340|20260825150220|1003.09
1787641345|20260825150225|1003.11
1787641360|20260825150240|1003.03
1787641365|20260825150245|1003.05
1787641375|20260825150255|1002.92
1787641380|20260825150300|1002.90
1787641385|20260825150305|1002.90
1787641390|20260825150310|1002.83
1787641395|20260825150315|1002.91
1787641400|20260825150320|1002.76
1787641405|20260825150325|1002.66
1787641415|20260825150335|1002.82
1787641420|20260825150340|1002.89
1787641425|20260825150345|1002.91
1787641440|20260825150400|1002.78
1787641445|20260825150405|1002.86
1787641455|20260825150415|1002.59
1787641460|20260825150420|1002.60
1787641465|20260825150425|1002.91
1787641500|20260825150500|1002.98
1787641505|20260825150505|1003.09
1787641510|20260825150510|1002.89
1787641515|20260825150515|1002.92
1787641535|20260825150535|1003.04
1787641540|20260825150540|1003.25
1787641545|20260825150545|1003.24
1787641550|20260825150550|1003.34
1787641555|20260825150555|1003.34
1787641560|20260825150600|1003.33
1787641565|20260825150605|1003.33
1787641570|20260825150610|1003.27
1787641575|20260825150615|1003.33
1787641580|20260825150620|1003.28
1787641585|20260825150625|1003.25
1787641595|20260825150635|1003.17
1787641600|20260825150640|1003.29
1787641605|20260825150645|1003.32
1787641610|20260825150650|1003.23
1787641620|20260825150700|1003.34
1787641625|20260825150705|1003.06
1787641630|20260825150710|1003.00
1787641635|20260825150715|1002.98
1787641640|20260825150720|1002.89
1787641645|20260825150725|1003.16
1787641655|20260825150735|1003.07
1787641660|20260825150740|1002.73
1787641665|20260825150745|1002.70
1787641670|20260825150750|1002.58
1787641675|20260825150755|1002.55
1787641685|20260825150805|1002.32
1787641690|20260825150810|1002.30
1787641695|20260825150815|1002.44
1787641700|20260825150820|1002.48
1787641715|20260825150835|1002.58
1787641720|20260825150840|1002.61
1787641725|20260825150845|1002.63
1787641730|20260825150850|1002.73
1787641750|20260825150910|1003.18
1787641755|20260825150915|1003.10
1787641760|20260825150920|1003.06
1787641765|20260825150925|1003.05
1787641805|20260825151005|1003.30
1787641810|20260825151010|1003.12
1787641815|20260825151015|1003.09
1787641820|20260825151020|1003.15
1787641825|20260825151025|1003.15
1787641840|20260825151040|1003.04
1787641845|20260825151045|1003.00
1787641850|20260825151050|1002.94
1787641855|20260825151055|1002.68
1787641865|20260825151105|1002.60
1787641870|20260825151110|1002.89
1787641885|20260825151125|1003.01
1787641895|20260825151135|1003.02
1787641900|20260825151140|1002.98
1787641905|20260825151145|1002.87
1787641910|20260825151150|1002.85
1787641925|20260825151205|1002.99
1787641930|20260825151210|1003.27
1787641935|20260825151215|1003.28
1787641940|20260825151220|1003.41
1787641945|20260825151225|1003.40
1787641955|20260825151235|1003.29
1787641960|20260825151240|1003.23
1787641970|20260825151250|1003.32
1787641975|20260825151255|1003.36
1787641980|20260825151300|1003.32
1787641990|20260825151310|1003.22
1787641995|20260825151315|1003.16
1787642000|20260825151320|1003.23
1787642005|20260825151325|1003.15
1787642015|20260825151335|1003.19
1787642020|20260825151340|1003.17
1787642025|20260825151345|1003.22
1787642030|20260825151350|1003.24
1787642035|20260825151355|1003.22
1787642040|20260825151400|1003.26
1787642045|20260825151405|1003.25
1787642055|20260825151415|1003.25
1787642060|20260825151420|1003.18
1787642065|20260825151425|1003.18
1787642070|20260825151430|1003.16
1787642075|20260825151435|1003.16
1787642090|20260825151450|1003.02
1787642100|20260825151500|1003.00
1787642105|20260825151505|1002.96
1787642110|20260825151510|1002.96
1787642115|20260825151515|1002.94
1787642120|20260825151520|1002.73
1787642125|20260825151525|1002.59
1787642135|20260825151535|1002.62
1787642140|20260825151540|1002.66
1787642145|20260825151545|1002.80
1787642150|20260825151550|1002.91
1787642170|20260825151610|1002.94
1787642175|20260825151615|1002.92
1787642180|20260825151620|1003.17
1787642185|20260825151625|1003.25
1787642195|20260825151635|1003.18
1787642205|20260825151645|1003.24
1787642210|20260825151650|1003.04
1787642225|20260825151705|1002.96
1787642260|20260825151740|1003.06
1787642265|20260825151745|1003.06
1787642270|20260825151750|1002.94
1787642275|20260825151755|1002.91
1787642280|20260825151800|1002.81
1787642285|20260825151805|1002.86
1787642295|20260825151815|1003.14
1787642300|20260825151820|1003.19
1787642305|20260825151825|1003.21
1787642325|20260825151845|1003.00
1787642330|20260825151850|1003.06
1787642335|20260825151855|1003.08
1787642340|20260825151900|1003.12
1787642345|20260825151905|1003.16
1787642350|20260825151910|1003.35
1787642360|20260825151920|1003.42
1787642365|20260825151925|1003.50
1787642400|20260825152000|1003.25
1787642405|20260825152005|1003.11
1787642410|20260825152010|1003.05
1787642415|20260825152015|1003.02
1787642420|20260825152020|1002.97
1787642425|20260825152025|1003.07
1787642435|20260825152035|1003.03
1787642440|20260825152040|1003.01
1787642445|20260825152045|1003.09
1787642460|20260825152100|1003.09
1787642465|20260825152105|1003.16
1787642475|20260825152115|1003.19
1787642480|20260825152120|1003.18
1787642485|20260825152125|1003.12
1787642500|20260825152140|1003.17
1787642505|20260825152145|1003.05
1787642515|20260825152155|1003.09
1787642520|20260825152200|1003.12
1787642525|20260825152205|1003.15
1787642530|20260825152210|1003.23
1787642535|20260825152215|1003.30
1787642540|20260825152220|1003.23
1787642545|20260825152225|1003.27
1787642555|20260825152235|1003.35
1787642560|20260825152240|1003.28
1787642565|20260825152245|1003.31
1787642570|20260825152250|1003.36
1787642575|20260825152255|1003.48
1787642585|20260825152305|1003.63
1787642590|20260825152310|1003.61
1787642595|20260825152315|1003.73
1787642600|20260825152320|1003.62
1787642605|20260825152325|1003.60
1787642615|20260825152335|1003.66
1787642620|20260825152340|1003.57
1787642625|20260825152345|1003.52
1787642630|20260825152350|1003.34
1787642635|20260825152355|1003.41
1787642655|20260825152415|1003.33
1787642660|20260825152420|1003.20
1787642665|20260825152425|1003.27
1787642705|20260825152505|1003.11
1787642710|20260825152510|1003.13
1787642715|20260825152515|1003.02
1787642720|20260825152520|1002.95
1787642735|20260825152535|1003.00
1787642740|20260825152540|1003.05
1787642745|20260825152545|1003.05
1787642750|20260825152550|1003.06
1787642755|20260825152555|1003.06
1787642760|20260825152600|1002.92
1787642765|20260825152605|1002.94
1787642775|20260825152615|1002.92
1787642795|20260825152635|1002.92
1787642805|20260825152645|1002.79
1787642810|20260825152650|1002.82
1787642815|20260825152655|1002.97
1787642825|20260825152705|1002.74
1787642835|20260825152715|1002.73
1787642840|20260825152720|1002.79
1787642845|20260825152725|1002.83
1787642855|20260825152735|1002.82
1787642860|20260825152740|1002.82
1787642865|20260825152745|1002.89
1787642885|20260825152805|1002.64
1787642890|20260825152810|1002.64
1787642895|20260825152815|1002.64
1787642900|20260825152820|1002.47
1787642905|20260825152825|1002.45
1787642915|20260825152835|1002.59
1787642920|20260825152840|1002.60
1787642925|20260825152845|1002.56
1787642930|20260825152850|1002.42
1787642935|20260825152855|1002.41
1787642940|20260825152900|1002.36
1787642945|20260825152905|1002.30
1787642950|20260825152910|1002.42
1787642955|20260825152915|1002.39
1787642965|20260825152925|1002.26
1787643015|20260825153015|1002.01
1787643025|20260825153025|1002.15
1787643035|20260825153035|1002.30
1787643045|20260825153045|1002.44
1787643050|20260825153050|1002.35
1787643055|20260825153055|1002.34
1787643065|20260825153105|1002.52
1787643075|20260825153115|1002.40
1787643080|20260825153120|1002.38
1787643085|20260825153125|1002.43
1787643095|20260825153135|1002.47
1787643100|20260825153140|1002.67
1787643105|20260825153145|1002.73
1787643110|20260825153150|1002.62
1787643125|20260825153205|1002.44
1787643135|20260825153215|1002.55
1787643140|20260825153220|1002.64
1787643145|20260825153225|1002.49
1787643155|20260825153235|1002.35
1787643160|20260825153240|1002.22
1787643170|20260825153250|1002.15
1787643175|20260825153255|1002.10
1787643185|20260825153305|1002.11
1787643190|20260825153310|1002.19
1787643195|20260825153315|1002.02
1787643200|20260825153320|1002.07
1787643215|20260825153335|1002.00
1787643220|20260825153340|1001.95
1787643225|20260825153345|1001.89
1787643230|20260825153350|1001.91
1787643235|20260825153355|1001.84
1787643240|20260825153400|1001.70
1787643245|20260825153405|1001.71
1787643250|20260825153410|1001.83
1787643255|20260825153415|1001.98
1787643260|20260825153420|1001.97
1787643265|20260825153425|1001.92
1787643280|20260825153440|1002.06
1787643300|20260825153500|1001.96
1787643305|20260825153505|1001.94
1787643310|20260825153510|1001.98
1787643315|20260825153515|1002.05
1787643335|20260825153535|1002.00
1787643340|20260825153540|1001.94
1787643345|20260825153545|1001.90
1787643360|20260825153600|1001.95
1787643365|20260825153605|1001.83
1787643370|20260825153610|1001.73
1787643375|20260825153615|1001.86
1787643380|20260825153620|1001.76
1787643385|20260825153625|1001.72
1787643395|20260825153635|1001.87
1787643400|20260825153640|1001.89
1787643405|20260825153645|1001.73
1787643415|20260825153655|1001.69
1787643420|20260825153700|1001.72
1787643425|20260825153705|1001.72
1787643430|20260825153710|1001.77
1787643435|20260825153715|1001.73
1787643440|20260825153720|1001.79
1787643445|20260825153725|1001.85
1787643455|20260825153735|1001.83
1787643465|20260825153745|1001.83
1787643485|20260825153805|1001.96
1787643490|20260825153810|1001.84
1787643500|20260825153820|1001.87
1787643505|20260825153825|1001.86
1787643520|20260825153840|1001.90
1787643525|20260825153845|1001.92
1787643530|20260825153850|1001.96
1787643535|20260825153855|1001.96
1787643540|20260825153900|1001.93
1787643545|20260825153905|1001.99
1787643550|20260825153910|1002.06
1787643560|20260825153920|1001.67
1787643605|20260825154005|1002.24
1787643615|20260825154015|1002.36
1787643620|20260825154020|1002.36
1787643625|20260825154025|1002.38
1787643635|20260825154035|1002.36
1787643640|20260825154040|1002.32
1787643645|20260825154045|1002.30
1787643650|20260825154050|1002.22
1787643655|20260825154055|1002.23
1787643660|20260825154100|1002.28
1787643665|20260825154105|1002.26
1787643670|20260825154110|1002.24
1787643675|20260825154115|1002.11
1787643680|20260825154120|1002.10
1787643685|20260825154125|1001.99
1787643695|20260825154135|1002.06
1787643700|20260825154140|1002.02
1787643705|20260825154145|1002.08
1787643710|20260825154150|1002.08
1787643715|20260825154155|1002.07
1787643720|20260825154200|1002.20
1787643725|20260825154205|1002.22
1787643730|20260825154210|1002.25
1787643735|20260825154215|1002.31
1787643755|20260825154235|1002.15
1787643760|20260825154240|1002.18
1787643765|20260825154245|1002.17
1787643770|20260825154250|1002.19
1787643775|20260825154255|1002.21
1787643780|20260825154300|1002.21
1787643790|20260825154310|1002.20
1787643800|20260825154320|1002.07
1787643805|20260825154325|1002.10
1787643810|20260825154330|1002.08
1787643820|20260825154340|1002.17
1787643825|20260825154345|1002.28
1787643830|20260825154350|1002.24
1787643835|20260825154355|1002.26
1787643840|20260825154400|1002.24
1787643845|20260825154405|1002.30
1787643850|20260825154410|1002.34
1787643855|20260825154415|1002.57
1787643860|20260825154420|1002.61
1787643900|20260825154500|1002.85
1787643910|20260825154510|1002.92
1787643915|20260825154515|1002.96
1787643920|20260825154520|1003.04
1787643940|20260825154540|1003.12
1787643945|20260825154545|1003.05
1787643955|20260825154555|1002.98
1787643965|20260825154605|1002.89
1787643970|20260825154610|1002.89
1787643975|20260825154615|1002.89
1787643980|20260825154620|1002.90
1787643995|20260825154635|1002.91
1787644000|20260825154640|1002.89
1787644005|20260825154645|1002.90
1787644010|20260825154650|1002.95
1787644015|20260825154655|1002.79
1787644025|20260825154705|1002.71
1787644035|20260825154715|1002.71
1787644040|20260825154720|1002.75
1787644045|20260825154725|1002.72
1787644055|20260825154735|1002.42
1787644060|20260825154740|1002.45
1787644065|20260825154745|1002.47
1787644070|20260825154750|1002.47
1787644075|20260825154755|1002.35
1787644080|20260825154800|1002.40
1787644085|20260825154805|1002.37
1787644090|20260825154810|1002.39
1787644100|20260825154820|1002.52
1787644125|20260825154845|1002.42
1787644135|20260825154855|1002.44
1787644140|20260825154900|1002.24
1787644145|20260825154905|1002.20
1787644150|20260825154910|1002.21
1787644160|20260825154920|1002.17
1787644205|20260825155005|1001.97
1787644210|20260825155010|1002.04
1787644215|20260825155015|1001.89
1787644220|20260825155020|1002.02
1787644225|20260825155025|1002.05
1787644235|20260825155035|1001.99
1787644240|20260825155040|1001.98
1787644245|20260825155045|1002.07
1787644250|20260825155050|1002.07
1787644255|20260825155055|1002.10
1787644260|20260825155100|1002.12
1787644265|20260825155105|1002.13
1787644270|20260825155110|1002.14
1787644275|20260825155115|1002.03
1787644280|20260825155120|1002.22
1787644285|20260825155125|1002.31
1787644305|20260825155145|1001.89
1787644310|20260825155150|1001.93
1787644315|20260825155155|1001.87
1787644330|20260825155210|1001.52
1787644335|20260825155215|1001.55
1787644340|20260825155220|1001.54
1787644345|20260825155225|1001.55
1787644355|20260825155235|1001.46
1787644360|20260825155240|1001.46
1787644365|20260825155245|1001.57
1787644370|20260825155250|1001.78
1787644375|20260825155255|1001.93
1787644380|20260825155300|1001.80
1787644385|20260825155305|1001.79
1787644390|20260825155310|1001.86
1787644395|20260825155315|1001.66
1787644400|20260825155320|1001.58
1787644405|20260825155325|1001.22
1787644415|20260825155335|1001.38
1787644420|20260825155340|1001.38
1787644425|20260825155345|1001.32
1787644430|20260825155350|1001.31
1787644435|20260825155355|1001.26
1787644440|20260825155400|1001.35
1787644445|20260825155405|1001.40
1787644465|20260825155425|1001.30
1787644480|20260825155440|1001.19
1787644500|20260825155500|1001.21
1787644505|20260825155505|1001.18
1787644510|20260825155510|1001.06
1787644515|20260825155515|1001.08
1787644520|20260825155520|1001.08
1787644525|20260825155525|1001.09
1787644535|20260825155535|1001.07
1787644540|20260825155540|1001.12
1787644545|20260825155545|1001.15
1787644550|20260825155550|1001.03
1787644555|20260825155555|1001.05
1787644560|20260825155600|1001.04
1787644565|20260825155605|1001.03
1787644575|20260825155615|1000.89
1787644580|20260825155620|1000.98
1787644585|20260825155625|1000.99
1787644595|20260825155635|1000.99
1787644605|20260825155645|1000.91
1787644615|20260825155655|1000.91
1787644620|20260825155700|1000.98
1787644625|20260825155705|1000.99
1787644635|20260825155715|1001.05
1787644640|20260825155720|1000.97
1787644645|20260825155725|1000.89
1787644650|20260825155730|1000.90
1787644665|20260825155745|1001.00
1787644670|20260825155750|1000.98
1787644675|20260825155755|1001.03
1787644680|20260825155800|1001.03
1787644685|20260825155805|1001.09
1787644690|20260825155810|1001.21
1787644695|20260825155815|1001.01
1787644700|20260825155820|1001.00
1787644705|20260825155825|1001.01
1787644720|20260825155840|1001.05
1787644725|20260825155845|1001.00
1787644730|20260825155850|1001.00
1787644735|20260825155855|1000.99
1787644740|20260825155900|1000.97
1787644745|20260825155905|1000.97
1787644750|20260825155910|1000.97
1787644755|20260825155915|1000.96
1787644760|20260825155920|1001.00
1787644765|20260825155925|1001.02
1787644805|20260825160005|1000.94
1787644820|20260825160020|1000.93
1787644825|20260825160025|1001.02
1787644840|20260825160040|1000.85
1787644845|20260825160045|1000.70
1787644850|20260825160050|1000.50
1787644855|20260825160055|1000.45
1787644865|20260825160105|1000.60
1787644870|20260825160110|1000.75
1787644875|20260825160115|1000.67
1787644880|20260825160120|1000.64
1787644885|20260825160125|1000.66
1787644895|20260825160135|1000.68
1787644900|20260825160140|1000.89
1787644905|20260825160145|1000.89
1787644910|20260825160150|1000.90
1787644915|20260825160155|1000.90
1787644925|20260825160205|1000.53
1787644930|20260825160210|1000.40
1787644935|20260825160215|1000.33
1787644940|20260825160220|1000.28
1787644945|20260825160225|1000.31
1787644955|20260825160235|1000.13
1787644960|20260825160240|1000.16
1787644965|20260825160245|1000.15
1787644975|20260825160255|1000.30
1787644980|20260825160300|1000.34
1787644985|20260825160305|1000.37
1787645000|20260825160320|1000.40
1787645015|20260825160335|1000.48
1787645025|20260825160345|1000.38
1787645030|20260825160350|1000.31
1787645040|20260825160400|1000.36
1787645045|20260825160405|1000.38
1787645050|20260825160410|1000.31
1787645055|20260825160415|1000.31
1787645060|20260825160420|1000.02
1787645065|20260825160425|1000.18
1787645100|20260825160500|999.97
1787645105|20260825160505|999.93
1787645110|20260825160510|999.91
1787645115|20260825160515|1000.09
1787645120|20260825160520|1000.13
1787645135|20260825160535|1000.28
1787645140|20260825160540|1000.36
1787645145|20260825160545|1000.37
1787645150|20260825160550|1000.37
1787645155|20260825160555|1000.30
1787645160|20260825160600|1000.30
1787645170|20260825160610|1000.32
1787645175|20260825160615|1000.31
1787645180|20260825160620|1000.38
1787645185|20260825160625|1000.42
1787645195|20260825160635|1000.48
1787645200|20260825160640|1000.55
1787645205|20260825160645|1000.50
1787645210|20260825160650|1000.47
1787645215|20260825160655|1000.49
1787645225|20260825160705|1000.20
1787645230|20260825160710|1000.29
1787645235|20260825160715|1000.17
1787645240|20260825160720|1000.18
1787645245|20260825160725|1000.10
1787645255|20260825160735|1000.03
1787645265|20260825160745|1000.00
1787645270|20260825160750|1000.02
1787645285|20260825160805|999.85
1787645290|20260825160810|999.89
1787645300|20260825160820|999.87
1787645305|20260825160825|999.84
1787645315|20260825160835|999.78
1787645320|20260825160840|999.82
1787645325|20260825160845|999.75
1787645330|20260825160850|999.65
1787645340|20260825160900|999.20
1787645345|20260825160905|998.82
1787645350|20260825160910|998.89
1787645355|20260825160915|998.86
1787645360|20260825160920|998.90
1787645375|20260825160935|999.31
1787645380|20260825160940|999.36
1787645390|20260825160950|999.42
1787645395|20260825160955|999.40
1787645410|20260825161010|999.38
1787645415|20260825161015|999.48
1787645420|20260825161020|999.58
1787645425|20260825161025|999.53
1787645435|20260825161035|999.47
1787645440|20260825161040|999.51
1787645445|20260825161045|999.47
1787645455|20260825161055|999.46
1787645465|20260825161105|999.49
1787645470|20260825161110|999.52
1787645475|20260825161115|999.64
1787645480|20260825161120|999.82
1787645485|20260825161125|999.75
1787645495|20260825161135|999.64
1787645500|20260825161140|999.70
1787645505|20260825161145|999.66
1787645510|20260825161150|999.64
1787645515|20260825161155|999.44
1787645525|20260825161205|999.55
1787645535|20260825161215|999.53
1787645540|20260825161220|999.53
1787645545|20260825161225|999.57
1787645555|20260825161235|999.68
1787645560|20260825161240|999.63
1787645565|20260825161245|999.61
1787645570|20260825161250|999.66
1787645575|20260825161255|999.63
1787645585|20260825161305|999.69
1787645590|20260825161310|999.85
1787645595|20260825161315|999.83
1787645600|20260825161320|999.86
1787645605|20260825161325|999.80
1787645615|20260825161335|999.80
1787645620|20260825161340|999.83
1787645625|20260825161345|999.85
1787645630|20260825161350|999.85
1787645635|20260825161355|999.71
1787645640|20260825161400|999.71
1787645645|20260825161405|999.71
1787645650|20260825161410|999.51
1787645700|20260825161500|1000.12
1787645705|20260825161505|999.99
1787645715|20260825161515|999.97
1787645720|20260825161520|1000.07
1787645725|20260825161525|1000.07
1787645740|20260825161540|1000.20
1787645745|20260825161545|1000.24
1787645750|20260825161550|1000.42
1787645755|20260825161555|1000.35
1787645760|20260825161600|1000.19
1787645765|20260825161605|1000.08
1787645770|20260825161610|1000.10
1787645775|20260825161615|1000.10
1787645785|20260825161625|1000.15
1787645795|20260825161635|1000.14
1787645800|20260825161640|1000.15
1787645810|20260825161650|1000.30
1787645825|20260825161705|1000.40
1787645830|20260825161710|1000.61
1787645835|20260825161715|1000.57
1787645845|20260825161725|1000.73
1787645860|20260825161740|1000.78
1787645865|20260825161745|1000.82
1787645880|20260825161800|1000.67
1787645885|20260825161805|1000.68
1787645890|20260825161810|1000.46
1787645895|20260825161815|1000.51
1787645900|20260825161820|1000.48
1787645905|20260825161825|1000.45
1787645915|20260825161835|1000.49
1787645920|20260825161840|1000.62
1787645925|20260825161845|1000.65
1787645930|20260825161850|1000.61
1787645935|20260825161855|1000.64
1787645940|20260825161900|1000.72
1787645945|20260825161905|1000.72
1787645955|20260825161915|1000.74
1787645960|20260825161920|1000.65
1787645965|20260825161925|1000.49
1787646005|20260825162005|1000.41
1787646010|20260825162010|1000.21
1787646015|20260825162015|1000.31
1787646020|20260825162020|1000.21
1787646025|20260825162025|1000.12
1787646040|20260825162040|1000.53
1787646045|20260825162045|1000.55
1787646050|20260825162050|1000.52
1787646060|20260825162100|1000.53
1787646065|20260825162105|1000.57
1787646075|20260825162115|1000.55
1787646080|20260825162120|1000.64
1787646085|20260825162125|1000.64
1787646095|20260825162135|1000.80
1787646100|20260825162140|1000.80
1787646105|20260825162145|1000.79
1787646110|20260825162150|1000.75
1787646115|20260825162155|1000.83
1787646120|20260825162200|1000.94
1787646125|20260825162205|1000.85
1787646130|20260825162210|1001.02
1787646135|20260825162215|1001.07
1787646140|20260825162220|1001.28
1787646155|20260825162235|1001.20
1787646160|20260825162240|1001.21
1787646165|20260825162245|1001.24
1787646170|20260825162250|1001.31
1787646180|20260825162300|1001.57
1787646190|20260825162310|1001.63
1787646195|20260825162315|1001.65
1787646200|20260825162320|1001.44
1787646215|20260825162335|1001.46
1787646220|20260825162340|1001.33
1787646230|20260825162350|1001.28
1787646240|20260825162400|1002.96
1787646250|20260825162410|1002.56
1787646255|20260825162415|1002.20
1787646260|20260825162420|1002.55
1787646265|20260825162425|1002.38
1787646290|20260825162450|1003.43
1787646300|20260825162500|1003.93
1787646305|20260825162505|1003.62
1787646310|20260825162510|1003.19
1787646315|20260825162515|1003.11
1787646320|20260825162520|1003.43
1787646325|20260825162525|1003.01
1787646335|20260825162535|1003.08
1787646340|20260825162540|1002.90
1787646345|20260825162545|1003.30
1787646350|20260825162550|1002.61
1787646355|20260825162555|1002.75
1787646365|20260825162605|1002.63
1787646370|20260825162610|1002.60
1787646375|20260825162615|1002.65
1787646380|20260825162620|1002.68
1787646385|20260825162625|1002.73
1787646395|20260825162635|1002.62
1787646400|20260825162640|1002.77
1787646410|20260825162650|1002.36
1787646415|20260825162655|1002.21
1787646425|20260825162705|1002.32
1787646445|20260825162725|1002.30
1787646455|20260825162735|1002.19
1787646460|20260825162740|1002.11
1787646470|20260825162750|1002.01
1787646475|20260825162755|1001.92
1787646485|20260825162805|1001.98
1787646495|20260825162815|1001.50
1787646500|20260825162820|1001.52
1787646505|20260825162825|1001.42
1787646515|20260825162835|1001.27
1787646520|20260825162840|1001.38
1787646525|20260825162845|1001.27
1787646530|20260825162850|1001.19
1787646535|20260825162855|1001.25
1787646540|20260825162900|1001.25
1787646550|20260825162910|1001.44
1787646555|20260825162915|1001.35
1787646560|20260825162920|1001.32
1787646565|20260825162925|1001.32
1787646600|20260825163000|1001.45
1787646610|20260825163010|1001.38
1787646615|20260825163015|1001.46
1787646620|20260825163020|1001.56
1787646635|20260825163035|1001.56
1787646640|20260825163040|1001.59
1787646650|20260825163050|1001.60
1787646655|20260825163055|1001.60
1787646660|20260825163100|1001.56
1787646665|20260825163105|1001.50
1787646670|20260825163110|1001.67
1787646675|20260825163115|1001.65
1787646685|20260825163125|1001.61
1787646695|20260825163135|1001.67
1787646700|20260825163140|1001.76
1787646705|20260825163145|1001.75
1787646715|20260825163155|1001.78
1787646725|20260825163205|1001.57
1787646735|20260825163215|1001.50
1787646740|20260825163220|1001.58
1787646745|20260825163225|1001.51
1787646755|20260825163235|1001.50
1787646765|20260825163245|1001.23
1787646770|20260825163250|1001.54
1787646775|20260825163255|1001.73
1787646780|20260825163300|1001.70
1787646785|20260825163305|1001.50
1787646790|20260825163310|1001.51
1787646805|20260825163325|1001.42
1787646815|20260825163335|1001.43
1787646820|20260825163340|1001.47
1787646825|20260825163345|1001.45
1787646830|20260825163350|1001.51
1787646835|20260825163355|1001.51
1787646845|20260825163405|1001.31
1787646850|20260825163410|1001.25
1787646855|20260825163415|1001.19
1787646860|20260825163420|1001.30
1787646865|20260825163425|1001.23
1787646895|20260825163455|1001.83
1787646905|20260825163505|1001.74
1787646910|20260825163510|1001.66
1787646915|20260825163515|1001.41
1787646920|20260825163520|1001.46
1787646940|20260825163540|1001.29
1787646945|20260825163545|1001.37
1787646950|20260825163550|1001.38
1787646955|20260825163555|1001.46
1787646965|20260825163605|1001.41
1787646970|20260825163610|1001.45
1787646980|20260825163620|1001.46
1787646985|20260825163625|1001.41
1787646995|20260825163635|1001.17
1787647005|20260825163645|1001.55
1787647015|20260825163655|1001.37
1787647025|20260825163705|1001.27
1787647030|20260825163710|1001.25
1787647040|20260825163720|1001.20
1787647045|20260825163725|1001.46
1787647055|20260825163735|1001.32
1787647060|20260825163740|1001.42
1787647065|20260825163745|1001.48
1787647070|20260825163750|1001.47
1787647075|20260825163755|1001.52
1787647085|20260825163805|1001.52
1787647090|20260825163810|1001.50
1787647105|20260825163825|1001.17
1787647120|20260825163840|1000.98
1787647130|20260825163850|1000.92
1787647135|20260825163855|1001.03
1787647145|20260825163905|1000.97
1787647150|20260825163910|1000.94
1787647155|20260825163915|1000.72
1787647165|20260825163925|1000.65
1787647190|20260825163950|1000.67
1787647200|20260825164000|1000.72
1787647205|20260825164005|1000.70
1787647210|20260825164010|1000.65
1787647215|20260825164015|1000.58
1787647220|20260825164020|1000.63
1787647225|20260825164025|1000.55
1787647235|20260825164035|1000.58
1787647240|20260825164040|1000.60
1787647245|20260825164045|1000.56
1787647250|20260825164050|1000.47
1787647255|20260825164055|1000.31
1787647265|20260825164105|1000.25
1787647280|20260825164120|999.90
1787647285|20260825164125|1000.03
1787647295|20260825164135|999.93
1787647300|20260825164140|999.91
1787647305|20260825164145|1000.19
1787647310|20260825164150|1000.25
1787647315|20260825164155|1000.21
1787647320|20260825164200|1000.22
1787647325|20260825164205|1000.23
1787647330|20260825164210|1000.29
1787647335|20260825164215|1000.27
1787647340|20260825164220|1000.24
1787647355|20260825164235|1000.42
1787647360|20260825164240|1000.46
1787647365|20260825164245|1000.42
1787647370|20260825164250|1000.41
1787647375|20260825164255|1000.40
1787647385|20260825164305|1000.40
1787647390|20260825164310|1000.46
1787647395|20260825164315|1000.41
1787647405|20260825164325|1000.42
1787647415|20260825164335|1000.47
1787647420|20260825164340|1000.51
1787647425|20260825164345|1000.63
1787647430|20260825164350|1000.63
1787647435|20260825164355|1000.63
1787647440|20260825164400|1000.70
1787647445|20260825164405|1000.92
1787647455|20260825164415|1000.76
1787647460|20260825164420|1000.74
1787647500|20260825164500|1000.96
1787647505|20260825164505|1000.96
1787647510|20260825164510|1001.12
1787647515|20260825164515|1001.15
1787647520|20260825164520|1001.28
1787647525|20260825164525|1001.27
1787647535|20260825164535|1001.34
1787647540|20260825164540|1001.41
1787647545|20260825164545|1001.34
1787647550|20260825164550|1001.34
1787647555|20260825164555|1001.31
1787647575|20260825164615|1001.30
1787647580|20260825164620|1001.31
1787647585|20260825164625|1001.37
1787647595|20260825164635|1001.36
1787647600|20260825164640|1001.17
1787647610|20260825164650|1001.25
1787647615|20260825164655|1001.19
1787647620|20260825164700|1001.25
1787647625|20260825164705|1001.22
1787647630|20260825164710|1001.20
1787647645|20260825164725|1001.12
1787647655|20260825164735|1001.08
1787647660|20260825164740|1001.08
1787647665|20260825164745|1001.09
1787647675|20260825164755|1001.14
1787647685|20260825164805|1001.12
1787647695|20260825164815|1000.98
1787647705|20260825164825|1000.65
1787647715|20260825164835|1000.57
1787647730|20260825164850|1000.52
1787647735|20260825164855|1000.54
1787647740|20260825164900|1000.32
1787647745|20260825164905|1000.39
1787647760|20260825164920|1000.30
1787647765|20260825164925|1000.30
1787647805|20260825165005|1000.24
1787647810|20260825165010|1000.25
1787647815|20260825165015|1000.19
1787647820|20260825165020|1000.12
1787647835|20260825165035|1000.04
1787647845|20260825165045|1000.19
1787647850|20260825165050|1000.13
1787647855|20260825165055|1000.17
1787647860|20260825165100|1000.24
1787647865|20260825165105|1000.18
1787647885|20260825165125|1000.03
1787647895|20260825165135|999.71
1787647900|20260825165140|999.75
1787647905|20260825165145|999.73
1787647910|20260825165150|999.71
1787647920|20260825165200|999.65
1787647925|20260825165205|999.65
1787647930|20260825165210|999.66
1787647940|20260825165220|999.92
1787647945|20260825165225|999.99
1787647955|20260825165235|1000.18
1787647960|20260825165240|1000.09
1787647965|20260825165245|1000.08
1787647970|20260825165250|999.99
1787647975|20260825165255|1000.09
1787647985|20260825165305|1000.06
1787647990|20260825165310|1000.07
1787647995|20260825165315|1000.16
1787648000|20260825165320|1000.11
1787648015|20260825165335|1000.13
1787648025|20260825165345|1000.01
1787648030|20260825165350|1000.04
1787648050|20260825165410|999.97
1787648055|20260825165415|999.93
1787648100|20260825165500|999.91
1787648105|20260825165505|999.93
1787648110|20260825165510|999.93
1787648115|20260825165515|999.97
1787648135|20260825165535|1000.09
1787648140|20260825165540|1000.06
1787648155|20260825165555|1000.04
1787648165|20260825165605|1000.08
1787648170|20260825165610|1000.02
1787648175|20260825165615|1000.02
1787648185|20260825165625|1000.01
1787648195|20260825165635|999.97
1787648200|20260825165640|999.94
1787648205|20260825165645|1000.01
1787648210|20260825165650|1000.20
1787648215|20260825165655|1000.19
1787648220|20260825165700|1000.22
1787648225|20260825165705|1000.12
1787648230|20260825165710|1000.12
1787648235|20260825165715|1000.01
1787648245|20260825165725|999.99
1787648255|20260825165735|1000.03
1787648260|20260825165740|1000.00
1787648265|20260825165745|1000.12
1787648275|20260825165755|1000.12
1787648280|20260825165800|1000.14
1787648285|20260825165805|1000.16
1787648290|20260825165810|1000.29
1787648295|20260825165815|1000.35
1787648300|20260825165820|1000.31
1787648305|20260825165825|1000.33
1787648315|20260825165835|1000.53
1787648320|20260825165840|1000.59
1787648330|20260825165850|1000.64
1787648335|20260825165855|1000.45
1787648350|20260825165910|1000.57
1787648355|20260825165915|1000.61
1787648360|20260825165920|1000.53
1787648365|20260825165925|1000.56
1787648375|20260825165935|1000.68
1787648410|20260825170010|1000.47
1787648420|20260825170020|1000.19
1787648425|20260825170025|999.95
1787648435|20260825170035|999.88
1787648440|20260825170040|999.96
1787648445|20260825170045|999.79
1787648450|20260825170050|999.80
1787648455|20260825170055|999.83
1787648460|20260825170100|999.88
1787648470|20260825170110|999.90
1787648480|20260825170120|999.96
1787648485|20260825170125|1000.05
1787648495|20260825170135|1000.15
1787648510|20260825170150|1000.07
1787648525|20260825170205|1000.21
1787648530|20260825170210|1000.24
1787648545|20260825170225|1000.09
1787648555|20260825170235|1000.16
1787648560|20260825170240|1000.25
1787648565|20260825170245|1000.21
1787648570|20260825170250|1000.21
1787648575|20260825170255|1000.11
1787648585|20260825170305|1000.09
1787648590|20260825170310|1000.04
1787648600|20260825170320|999.97
1787648605|20260825170325|999.93
1787648615|20260825170335|999.79
1787648620|20260825170340|999.66
1787648625|20260825170345|999.54
1787648630|20260825170350|999.66
1787648635|20260825170355|999.66
1787648645|20260825170405|999.83
1787648655|20260825170415|999.74
1787648660|20260825170420|999.90
1787648665|20260825170425|999.87
1787648675|20260825170435|999.74
1787648680|20260825170440|999.88
1787648710|20260825170510|999.73
1787648720|20260825170520|999.56
1787648725|20260825170525|999.51
1787648735|20260825170535|999.66
1787648740|20260825170540|999.69
1787648745|20260825170545|999.77
1787648750|20260825170550|999.80
1787648755|20260825170555|999.90
1787648765|20260825170605|999.89
1787648770|20260825170610|999.82
1787648780|20260825170620|999.85
1787648785|20260825170625|999.86
1787648795|20260825170635|999.96
1787648800|20260825170640|999.99
1787648805|20260825170645|1000.05
1787648810|20260825170650|1000.05
1787648815|20260825170655|999.97
1787648825|20260825170705|999.97
1787648835|20260825170715|1000.16
1787648840|20260825170720|1000.21
1787648845|20260825170725|1000.24
1787648855|20260825170735|1000.48
1787648865|20260825170745|1000.51
1787648870|20260825170750|1000.57
1787648875|20260825170755|1000.75
1787648880|20260825170800|1000.79
1787648885|20260825170805|1000.79
1787648890|20260825170810|1000.81
1787648895|20260825170815|1000.70
1787648900|20260825170820|1000.69
1787648905|20260825170825|1000.74
1787648915|20260825170835|1000.63
1787648920|20260825170840|1000.71
1787648930|20260825170850|1000.69
1787648935|20260825170855|1000.77
1787648955|20260825170915|1000.65
1787648960|20260825170920|1000.70
1787649015|20260825171015|1000.95
1787649020|20260825171020|1000.84
1787649025|20260825171025|1000.69
1787649035|20260825171035|1000.68
1787649040|20260825171040|1000.63
1787649045|20260825171045|1000.63
1787649055|20260825171055|1000.68
1787649065|20260825171105|1000.66
1787649070|20260825171110|1000.64
1787649075|20260825171115|1000.71
1787649080|20260825171120|1000.78
1787649085|20260825171125|1000.78
1787649095|20260825171135|1000.81
1787649100|20260825171140|1000.79
1787649105|20260825171145|1000.77
1787649110|20260825171150|1000.88
1787649115|20260825171155|1000.88
1787649125|20260825171205|1000.72
1787649135|20260825171215|1000.66
1787649140|20260825171220|1000.45
1787649145|20260825171225|1000.44
1787649155|20260825171235|1000.38
1787649160|20260825171240|1000.50
1787649165|20260825171245|1000.47
1787649170|20260825171250|1000.65
1787649175|20260825171255|1000.70
1787649180|20260825171300|1000.68
1787649185|20260825171305|1000.61
1787649195|20260825171315|1000.56
1787649200|20260825171320|1000.62
1787649205|20260825171325|1000.62
1787649215|20260825171335|1000.62
1787649220|20260825171340|1000.67
1787649225|20260825171345|1000.68
1787649230|20260825171350|1000.73
1787649235|20260825171355|1000.74
1787649240|20260825171400|1000.70
1787649245|20260825171405|1000.72
1787649250|20260825171410|1000.63
1787649260|20260825171420|1000.47
1787649265|20260825171425|1000.48
1787649300|20260825171500|1000.63
1787649305|20260825171505|1000.62
1787649310|20260825171510|1000.70
1787649315|20260825171515|1000.60
1787649320|20260825171520|1000.71
1787649325|20260825171525|1000.77
1787649335|20260825171535|1000.74
1787649345|20260825171545|1000.70
1787649350|20260825171550|1000.69
1787649355|20260825171555|1000.74
1787649365|20260825171605|1000.70
1787649370|20260825171610|1000.62
1787649375|20260825171615|1000.69
1787649380|20260825171620|1000.63
1787649385|20260825171625|1000.57
1787649395|20260825171635|1000.70
1787649400|20260825171640|1000.70
1787649410|20260825171650|1000.92
1787649425|20260825171705|1000.76
1787649430|20260825171710|1000.88
1787649435|20260825171715|1000.94
1787649440|20260825171720|1000.99
1787649445|20260825171725|1001.01
1787649455|20260825171735|1001.20
1787649460|20260825171740|1001.21
1787649465|20260825171745|1001.04
1787649470|20260825171750|1000.96
1787649485|20260825171805|1000.95
1787649490|20260825171810|1001.10
1787649505|20260825171825|1001.09
1787649515|20260825171835|1001.17
1787649530|20260825171850|1001.16
1787649540|20260825171900|1001.19
1787649555|20260825171915|1001.12
1787649560|20260825171920|1001.05
1787649575|20260825171935|1000.93
1787649605|20260825172005|1000.70
1787649610|20260825172010|1000.50
1787649615|20260825172015|1000.58
1787649620|20260825172020|1000.53
1787649625|20260825172025|1000.53
1787649635|20260825172035|1000.61
1787649640|20260825172040|1000.59
1787649645|20260825172045|1000.63
1787649650|20260825172050|1000.74
1787649655|20260825172055|1000.69
1787649665|20260825172105|1000.65
1787649670|20260825172110|1000.69
1787649695|20260825172135|1000.69
1787649700|20260825172140|1000.65
1787649705|20260825172145|1000.61
1787649710|20260825172150|1000.64
1787649725|20260825172205|1000.78
1787649730|20260825172210|1000.68
1787649735|20260825172215|1000.79
1787649740|20260825172220|1000.78
1787649745|20260825172225|1000.77
1787649755|20260825172235|1000.78
1787649760|20260825172240|1000.76
1787649765|20260825172245|1000.82
1787649770|20260825172250|1000.77
1787649775|20260825172255|1000.87
1787649790|20260825172310|1000.79
1787649795|20260825172315|1000.79
1787649800|20260825172320|1000.84
1787649805|20260825172325|1000.81
1787649815|20260825172335|1000.66
1787649820|20260825172340|1000.57
1787649835|20260825172355|1000.54
1787649840|20260825172400|1000.67
1787649845|20260825172405|1000.67
1787649855|20260825172415|1000.56
1787649860|20260825172420|1000.63
1787649865|20260825172425|1000.64
1787649900|20260825172500|1000.38
1787649905|20260825172505|1000.32
1787649910|20260825172510|1000.20
1787649915|20260825172515|1000.05
1787649920|20260825172520|1000.10
1787649925|20260825172525|1000.09
1787649935|20260825172535|1000.08
1787649940|20260825172540|1000.10
1787649945|20260825172545|1000.05
1787649950|20260825172550|1000.14
1787649960|20260825172600|1000.08
1787649965|20260825172605|999.99
1787649970|20260825172610|1000.03
1787649980|20260825172620|1000.02
1787649985|20260825172625|1000.05
1787649995|20260825172635|1000.16
1787650005|20260825172645|1000.01
1787650010|20260825172650|999.91
1787650015|20260825172655|1000.05
1787650020|20260825172700|1000.07
1787650025|20260825172705|1000.12
1787650030|20260825172710|1000.16
1787650035|20260825172715|1000.18
1787650040|20260825172720|1000.12
1787650045|20260825172725|1000.08
1787650055|20260825172735|1000.15
1787650065|20260825172745|1000.03
1787650070|20260825172750|1000.02
1787650075|20260825172755|1000.02
1787650085|20260825172805|1000.02
1787650090|20260825172810|1000.05
1787650095|20260825172815|1000.03
1787650100|20260825172820|1000.03
1787650105|20260825172825|999.96
1787650120|20260825172840|1000.06
1787650125|20260825172845|999.99
1787650130|20260825172850|999.96
1787650135|20260825172855|999.97
1787650140|20260825172900|999.90
1787650145|20260825172905|999.80
1787650155|20260825172915|1000.01
1787650160|20260825172920|1000.00
1787650205|20260825173005|999.67
1787650210|20260825173010|999.64
1787650215|20260825173015|999.67
1787650220|20260825173020|999.62
1787650225|20260825173025|999.84
1787650235|20260825173035|999.68
1787650240|20260825173040|999.48
1787650245|20260825173045|999.35
1787650250|20260825173050|999.30
1787650255|20260825173055|999.34
1787650265|20260825173105|999.34
1787650270|20260825173110|999.29
1787650275|20260825173115|999.34
1787650280|20260825173120|999.36
1787650285|20260825173125|999.51
1787650295|20260825173135|999.53
1787650300|20260825173140|999.73
1787650305|20260825173145|999.52
1787650310|20260825173150|999.51
1787650315|20260825173155|999.75
1787650330|20260825173210|999.78
1787650335|20260825173215|999.69
1787650340|20260825173220|999.77
1787650345|20260825173225|999.80
1787650355|20260825173235|999.78
1787650360|20260825173240|999.82
1787650365|20260825173245|999.92
1787650370|20260825173250|999.95
1787650390|20260825173310|999.78
1787650395|20260825173315|999.80
1787650405|20260825173325|999.88
1787650415|20260825173335|1000.47
1787650425|20260825173345|1000.65
1787650430|20260825173350|1000.57
1787650435|20260825173355|1000.61
1787650445|20260825173405|1000.35
1787650450|20260825173410|1000.76
1787650455|20260825173415|1001.73
1787650460|20260825173420|1001.62
1787650465|20260825173425|1001.65
1787650505|20260825173505|1001.81
1787650515|20260825173515|1001.67
1787650520|20260825173520|1001.62
1787650535|20260825173535|1001.38
1787650540|20260825173540|1001.47
1787650550|20260825173550|1001.49
1787650560|20260825173600|1001.33
1787650565|20260825173605|1001.35
1787650570|20260825173610|1001.30
1787650580|20260825173620|1001.37
1787650585|20260825173625|1001.35
1787650595|20260825173635|1001.28
1787650600|20260825173640|1001.17
1787650605|20260825173645|1001.20
1787650610|20260825173650|1001.26
1787650615|20260825173655|1001.30
1787650625|20260825173705|1001.31
1787650630|20260825173710|1001.29
1787650635|20260825173715|1001.26
1787650655|20260825173735|1001.17
1787650660|20260825173740|1001.06
1787650665|20260825173745|1001.08
1787650670|20260825173750|1001.13
1787650690|20260825173810|1001.15
1787650695|20260825173815|1001.14
1787650700|20260825173820|1001.12
1787650720|20260825173840|1000.89
1787650725|20260825173845|1000.63
1787650730|20260825173850|1000.57
1787650745|20260825173905|1000.64
1787650750|20260825173910|1000.61
1787650755|20260825173915|1000.49
1787650760|20260825173920|1000.40
1787650765|20260825173925|1000.42
1787650805|20260825174005|1000.27
1787650815|20260825174015|1000.56
1787650820|20260825174020|1000.59
1787650825|20260825174025|1000.68
1787650835|20260825174035|1000.55
1787650840|20260825174040|1000.48
1787650845|20260825174045|1000.47
1787650850|20260825174050|1001.04
1787650855|20260825174055|1001.02
1787650865|20260825174105|1001.09
1787650870|20260825174110|1001.06
1787650880|20260825174120|1001.22
1787650885|20260825174125|1001.24
1787650895|20260825174135|1001.31
1787650900|20260825174140|1001.29
1787650905|20260825174145|1001.29
1787650915|20260825174155|1001.15
1787650925|20260825174205|1001.14
1787650930|20260825174210|1001.12
1787650935|20260825174215|1001.39
1787650940|20260825174220|1001.49
1787650945|20260825174225|1001.49
1787650955|20260825174235|1001.70
1787650960|20260825174240|1001.74
1787650965|20260825174245|1001.72
1787650970|20260825174250|1001.47
1787650985|20260825174305|1001.48
1787650990|20260825174310|1001.48
1787651005|20260825174325|1001.84
1787651015|20260825174335|1001.96
1787651020|20260825174340|1002.15
1787651030|20260825174350|1001.90
1787651035|20260825174355|1001.79
1787651045|20260825174405|1001.59
1787651050|20260825174410|1001.66
1787651055|20260825174415|1001.86
1787651065|20260825174425|1001.89
1787651105|20260825174505|1001.81
1787651115|20260825174515|1001.97
1787651120|20260825174520|1001.96
1787651135|20260825174535|1002.22
1787651140|20260825174540|1002.20
1787651145|20260825174545|1002.22
1787651150|20260825174550|1002.23
1787651155|20260825174555|1002.23
1787651170|20260825174610|1002.40
1787651175|20260825174615|1002.40
1787651185|20260825174625|1002.33
1787651195|20260825174635|1002.29
1787651200|20260825174640|1002.29
1787651205|20260825174645|1002.28
1787651210|20260825174650|1002.33
1787651215|20260825174655|1002.33
1787651225|20260825174705|1002.15
1787651230|20260825174710|1002.30
1787651235|20260825174715|1002.24
1787651240|20260825174720|1002.26
1787651245|20260825174725|1002.20
1787651255|20260825174735|1001.90
1787651260|20260825174740|1002.04
1787651270|20260825174750|1001.74
1787651285|20260825174805|1001.82
1787651290|20260825174810|1001.97
1787651300|20260825174820|1002.07
1787651315|20260825174835|1001.93
1787651320|20260825174840|1001.91
1787651325|20260825174845|1001.80
1787651330|20260825174850|1001.91
1787651335|20260825174855|1001.99
1787651345|20260825174905|1001.95
1787651350|20260825174910|1002.04
1787651355|20260825174915|1002.08
1787651360|20260825174920|1002.03
1787651365|20260825174925|1002.20
1787651405|20260825175005|1002.48
1787651410|20260825175010|1002.54
1787651420|20260825175020|1002.73
1787651425|20260825175025|1002.85
1787651440|20260825175040|1002.80
1787651450|20260825175050|1002.90
1787651455|20260825175055|1002.92
1787651465|20260825175105|1002.57
1787651480|20260825175120|1002.57
1787651485|20260825175125|1002.57
1787651495|20260825175135|1002.60
1787651500|20260825175140|1002.63
1787651505|20260825175145|1002.62
1787651510|20260825175150|1002.61
1787651515|20260825175155|1002.64
1787651525|20260825175205|1002.57
1787651530|20260825175210|1002.62
1787651540|20260825175220|1002.62
1787651545|20260825175225|1002.73
1787651555|20260825175235|1002.75
1787651560|20260825175240|1002.76
1787651565|20260825175245|1002.61
1787651585|20260825175305|1002.50
1787651590|20260825175310|1002.53
1787651595|20260825175315|1002.55
1787651600|20260825175320|1002.56
1787651615|20260825175335|1002.44
1787651620|20260825175340|1002.53
1787651625|20260825175345|1002.40
1787651630|20260825175350|1002.40
1787651635|20260825175355|1002.30
1787651640|20260825175400|1002.25
1787651645|20260825175405|1002.27
1787651655|20260825175415|1002.35
1787651660|20260825175420|1002.16
1787651665|20260825175425|1002.15
1787651680|20260825175440|1002.09
1787651700|20260825175500|1002.05
1787651705|20260825175505|1002.12
1787651710|20260825175510|1002.00
1787651715|20260825175515|1001.88
1787651720|20260825175520|1001.94
1787651725|20260825175525|1001.86
1787651735|20260825175535|1001.89
1787651740|20260825175540|1001.94
1787651745|20260825175545|1001.94
1787651750|20260825175550|1001.90
1787651755|20260825175555|1001.87
1787651765|20260825175605|1001.81
1787651770|20260825175610|1001.83
1787651775|20260825175615|1001.74
1787651780|20260825175620|1001.61
1787651785|20260825175625|1001.74
1787651800|20260825175640|1001.78
1787651805|20260825175645|1001.91
1787651810|20260825175650|1001.88
1787651815|20260825175655|1001.83
1787651820|20260825175700|1001.81
1787651825|20260825175705|1001.98
1787651830|20260825175710|1001.95
1787651835|20260825175715|1001.93
1787651840|20260825175720|1001.86
1787651845|20260825175725|1001.88
1787651855|20260825175735|1001.93
1787651860|20260825175740|1001.75
1787651880|20260825175800|1002.16
1787651885|20260825175805|1002.06
1787651895|20260825175815|1001.93
1787651900|20260825175820|1001.96
1787651905|20260825175825|1001.99
1787651925|20260825175845|1001.83
1787651930|20260825175850|1001.86
1787651935|20260825175855|1001.85
1787651940|20260825175900|1001.84
1787651950|20260825175910|1001.87
1787651960|20260825175920|1001.93
1787651990|20260825175950|1001.81
1787652000|20260825180000|1001.68
1787652005|20260825180005|1001.86
1787652010|20260825180010|1001.51
1787652020|20260825180020|1001.88
1787652025|20260825180025|1001.36
1787652035|20260825180035|1001.63
1787652050|20260825180050|1001.75
1787652055|20260825180055|1001.71
1787652060|20260825180100|1001.68
1787652080|20260825180120|1001.45
1787652105|20260825180145|1001.45
1787652110|20260825180150|1001.49
1787652120|20260825180200|1001.58
1787652125|20260825180205|1001.68
1787652135|20260825180215|1001.59
1787652140|20260825180220|1001.61
1787652145|20260825180225|1001.22
1787652155|20260825180235|1001.26
1787652160|20260825180240|1001.23
1787652165|20260825180245|1001.14
1787652170|20260825180250|1001.07
1787652175|20260825180255|1001.11
1787652185|20260825180305|1001.14
1787652190|20260825180310|1001.28
1787652195|20260825180315|1001.30
1787652200|20260825180320|1001.18
1787652205|20260825180325|1001.24
1787652215|20260825180335|1001.20
1787652220|20260825180340|1001.22
1787652225|20260825180345|1001.15
1787652230|20260825180350|1001.14
1787652235|20260825180355|1001.13
1787652240|20260825180400|1001.13
1787652250|20260825180410|1001.09
1787652255|20260825180415|1001.18
1787652260|20260825180420|1001.09
1787652300|20260825180500|1001.27
1787652305|20260825180505|1001.33
1787652310|20260825180510|1001.35
1787652315|20260825180515|1001.36
1787652320|20260825180520|1001.24
1787652325|20260825180525|1001.14
1787652335|20260825180535|1001.20
1787652340|20260825180540|1001.22
1787652350|20260825180550|1001.20
1787652355|20260825180555|1001.21
1787652360|20260825180600|1001.40
1787652370|20260825180610|1001.42
1787652375|20260825180615|1001.37
1787652395|20260825180635|1001.36
1787652400|20260825180640|1001.41
1787652405|20260825180645|1001.38
1787652425|20260825180705|1001.30
1787652435|20260825180715|1001.31
1787652440|20260825180720|1001.12
1787652445|20260825180725|1001.13
1787652455|20260825180735|1001.13
1787652460|20260825180740|1001.17
1787652465|20260825180745|1001.20
1787652470|20260825180750|1001.27
1787652480|20260825180800|1001.47
1787652485|20260825180805|1001.43
1787652490|20260825180810|1001.55
1787652495|20260825180815|1001.58
1787652500|20260825180820|1001.56
1787652505|20260825180825|1001.61
1787652515|20260825180835|1001.62
1787652520|20260825180840|1001.58
1787652525|20260825180845|1001.45
1787652530|20260825180850|1001.78
1787652535|20260825180855|1001.76
1787652540|20260825180900|1001.77
1787652545|20260825180905|1001.79
1787652550|20260825180910|1001.77
1787652555|20260825180915|1001.62
1787652560|20260825180920|1001.59
1787652565|20260825180925|1001.56
1787652605|20260825181005|1001.47
1787652610|20260825181010|1001.48
1787652625|20260825181025|1001.13
1787652635|20260825181035|1001.10
1787652640|20260825181040|1001.19
1787652645|20260825181045|1001.32
1787652650|20260825181050|1001.31
1787652655|20260825181055|1001.25
1787652660|20260825181100|1001.38
1787652665|20260825181105|1001.34
1787652670|20260825181110|1001.38
1787652675|20260825181115|1001.37
1787652680|20260825181120|1001.59
1787652685|20260825181125|1001.77
1787652695|20260825181135|1001.88
1787652700|20260825181140|1002.02
1787652705|20260825181145|1002.00
1787652725|20260825181205|1001.78
1787652730|20260825181210|1001.83
1787652735|20260825181215|1002.13
1787652740|20260825181220|1002.15
1787652745|20260825181225|1002.13
1787652755|20260825181235|1001.99
1787652760|20260825181240|1001.97
1787652765|20260825181245|1001.90
1787652770|20260825181250|1001.86
1787652785|20260825181305|1001.71
1787652790|20260825181310|1001.70
1787652795|20260825181315|1001.70
1787652800|20260825181320|1001.70
1787652805|20260825181325|1001.64
1787652820|20260825181340|1001.43
1787652825|20260825181345|1001.47
1787652830|20260825181350|1001.51
1787652835|20260825181355|1001.58
1787652840|20260825181400|1001.59
1787652845|20260825181405|1001.61
1787652850|20260825181410|1001.57
1787652855|20260825181415|1001.59
1787652865|20260825181425|1001.59
1787652900|20260825181500|1001.46
1787652905|20260825181505|1001.44
1787652920|20260825181520|1001.52
1787652925|20260825181525|1001.53
1787652935|20260825181535|1001.53
1787652940|20260825181540|1001.75
1787652950|20260825181550|1001.76
1787652965|20260825181605|1001.72
1787652970|20260825181610|1001.66
1787652975|20260825181615|1001.72
1787652985|20260825181625|1001.70
1787652990|20260825181630|1001.80
1787652995|20260825181635|1001.80
1787653000|20260825181640|1001.80
1787653005|20260825181645|1001.82
1787653010|20260825181650|1001.81
1787653020|20260825181700|1001.86
1787653030|20260825181710|1001.96
1787653035|20260825181715|1001.94
1787653040|20260825181720|1002.03
1787653055|20260825181735|1002.01
1787653060|20260825181740|1002.01
1787653065|20260825181745|1002.00
1787653070|20260825181750|1001.94
1787653075|20260825181755|1001.95
1787653085|20260825181805|1002.00
1787653090|20260825181810|1002.20
1787653100|20260825181820|1002.13
1787653105|20260825181825|1002.19
1787653115|20260825181835|1002.23
1787653120|20260825181840|1002.26
1787653125|20260825181845|1002.27
1787653130|20260825181850|1002.26
1787653135|20260825181855|1002.06
1787653140|20260825181900|1002.07
1787653145|20260825181905|1002.02
1787653150|20260825181910|1002.01
1787653155|20260825181915|1002.03
1787653160|20260825181920|1001.97
1787653165|20260825181925|1001.94
1787653205|20260825182005|1001.88
1787653210|20260825182010|1002.03
1787653215|20260825182015|1002.02
1787653220|20260825182020|1002.01
1787653225|20260825182025|1001.98
1787653235|20260825182035|1001.84
1787653240|20260825182040|1001.85
1787653245|20260825182045|1001.86
1787653255|20260825182055|1001.82
1787653260|20260825182100|1001.80
1787653265|20260825182105|1001.77
1787653280|20260825182120|1001.72
1787653285|20260825182125|1001.70
1787653310|20260825182150|1001.92
1787653325|20260825182205|1001.92
1787653330|20260825182210|1001.95
1787653335|20260825182215|1001.90
1787653340|20260825182220|1002.09
1787653345|20260825182225|1002.06
1787653360|20260825182240|1001.89
1787653365|20260825182245|1001.89
1787653370|20260825182250|1001.94
1787653375|20260825182255|1001.86
1787653385|20260825182305|1001.81
1787653390|20260825182310|1001.84
1787653395|20260825182315|1001.77
1787653400|20260825182320|1001.80
1787653415|20260825182335|1001.78
1787653420|20260825182340|1001.88
1787653435|20260825182355|1001.96
1787653450|20260825182410|1002.13
1787653455|20260825182415|1002.07
1787653460|20260825182420|1002.05
1787653465|20260825182425|1001.96
1787653520|20260825182520|1001.56
1787653525|20260825182525|1001.58
1787653535|20260825182535|1001.53
1787653540|20260825182540|1001.53
1787653550|20260825182550|1001.54
1787653555|20260825182555|1001.55
1787653575|20260825182615|1001.68
1787653580|20260825182620|1001.87
1787653585|20260825182625|1001.72
1787653595|20260825182635|1001.69
1787653600|20260825182640|1001.70
1787653605|20260825182645|1001.70
1787653610|20260825182650|1001.69
1787653615|20260825182655|1001.67
1787653625|20260825182705|1001.67
1787653635|20260825182715|1001.69
1787653640|20260825182720|1001.66
1787653660|20260825182740|1001.86
1787653665|20260825182745|1001.86
1787653670|20260825182750|1001.86
1787653675|20260825182755|1001.98
1787653685|20260825182805|1001.88
1787653700|20260825182820|1001.84
1787653705|20260825182825|1001.82
1787653720|20260825182840|1001.68
1787653725|20260825182845|1001.65
1787653730|20260825182850|1001.66
1787653735|20260825182855|1001.67
1787653745|20260825182905|1001.68
1787653750|20260825182910|1001.60
1787653755|20260825182915|1001.58
1787653765|20260825182925|1001.47
1787653800|20260825183000|1001.16
1787653805|20260825183005|1001.06
1787653810|20260825183010|1000.99
1787653815|20260825183015|1001.03
1787653820|20260825183020|1001.03
1787653825|20260825183025|1001.22
1787653835|20260825183035|1001.17
1787653840|20260825183040|1001.19
1787653845|20260825183045|1001.16
1787653850|20260825183050|1001.10
1787653855|20260825183055|1001.16
1787653865|20260825183105|1001.43
1787653880|20260825183120|1001.72
1787653885|20260825183125|1001.72
1787653895|20260825183135|1001.73
1787653900|20260825183140|1001.70
1787653905|20260825183145|1001.73
1787653910|20260825183150|1001.78
1787653915|20260825183155|1001.81
1787653925|20260825183205|1001.76
1787653930|20260825183210|1001.72
1787653935|20260825183215|1001.69
1787653940|20260825183220|1001.71
1787653945|20260825183225|1001.76
1787653955|20260825183235|1001.83
1787653960|20260825183240|1001.81
1787653965|20260825183245|1001.81
1787653975|20260825183255|1001.77
1787653985|20260825183305|1001.61
1787653990|20260825183310|1001.52
1787653995|20260825183315|1001.49
1787654000|20260825183320|1001.44
1787654005|20260825183325|1001.42
1787654020|20260825183340|1001.49
1787654025|20260825183345|1001.46
1787654030|20260825183350|1001.57
1787654035|20260825183355|1001.59
1787654045|20260825183405|1001.63
1787654050|20260825183410|1001.62
1787654055|20260825183415|1001.45
1787654060|20260825183420|1001.45
1787654065|20260825183425|1001.59
1787654100|20260825183500|1001.54
1787654115|20260825183515|1001.39
1787654120|20260825183520|1001.34
1787654125|20260825183525|1001.32
1787654130|20260825183530|1001.27
1787654135|20260825183535|1001.27
1787654140|20260825183540|1001.25
1787654145|20260825183545|1001.32
1787654150|20260825183550|1001.23
1787654155|20260825183555|1001.22
1787654160|20260825183600|1001.23
1787654170|20260825183610|1001.41
1787654175|20260825183615|1001.40
1787654180|20260825183620|1001.42
1787654185|20260825183625|1001.38
1787654195|20260825183635|1001.22
1787654200|20260825183640|1001.29
1787654215|20260825183655|1001.30
1787654220|20260825183700|1001.37
1787654225|20260825183705|1001.34
1787654240|20260825183720|1001.39
1787654255|20260825183735|1001.52
1787654260|20260825183740|1001.92
1787654265|20260825183745|1001.92
1787654285|20260825183805|1001.91
1787654290|20260825183810|1001.95
1787654300|20260825183820|1001.97
1787654305|20260825183825|1001.99
1787654315|20260825183835|1001.99
1787654320|20260825183840|1002.02
1787654325|20260825183845|1002.06
1787654330|20260825183850|1002.03
1787654335|20260825183855|1002.00
1787654340|20260825183900|1002.06
1787654345|20260825183905|1001.94
1787654355|20260825183915|1002.06
1787654360|20260825183920|1002.06
1787654365|20260825183925|1002.02
1787654405|20260825184005|1001.99
1787654410|20260825184010|1002.23
1787654415|20260825184015|1002.09
1787654420|20260825184020|1002.24
1787654425|20260825184025|1002.22
1787654440|20260825184040|1002.10
1787654445|20260825184045|1002.13
1787654450|20260825184050|1002.15
1787654465|20260825184105|1001.97
1787654470|20260825184110|1001.97
1787654480|20260825184120|1002.08
1787654485|20260825184125|1002.37
1787654495|20260825184135|1002.38
1787654500|20260825184140|1002.39
1787654505|20260825184145|1002.38
1787654510|20260825184150|1002.31
1787654515|20260825184155|1002.27
1787654525|20260825184205|1002.32
1787654530|20260825184210|1002.30
1787654535|20260825184215|1002.66
1787654540|20260825184220|1002.62
1787654545|20260825184225|1002.67
1787654555|20260825184235|1002.64
1787654565|20260825184245|1002.59
1787654570|20260825184250|1002.58
1787654575|20260825184255|1002.52
1787654580|20260825184300|1002.55
1787654590|20260825184310|1002.36
1787654595|20260825184315|1002.31
1787654605|20260825184325|1002.27
1787654615|20260825184335|1002.27
1787654620|20260825184340|1002.22
1787654625|20260825184345|1002.05
1787654630|20260825184350|1002.12
1787654635|20260825184355|1002.08
1787654655|20260825184415|1001.98
1787654700|20260825184500|1002.02
1787654705|20260825184505|1001.98
1787654710|20260825184510|1001.98
1787654715|20260825184515|1001.99
1787654720|20260825184520|1001.99
1787654725|20260825184525|1001.94
1787654735|20260825184535|1001.96
1787654740|20260825184540|1001.94
1787654745|20260825184545|1002.01
1787654755|20260825184555|1001.94
1787654760|20260825184600|1001.96
1787654765|20260825184605|1002.31
1787654780|20260825184620|1002.39
1787654795|20260825184635|1002.31
1787654805|20260825184645|1002.31
1787654810|20260825184650|1002.68
1787654815|20260825184655|1002.65
1787654825|20260825184705|1002.58
1787654830|20260825184710|1002.54
1787654835|20260825184715|1002.55
1787654845|20260825184725|1002.54
1787654855|20260825184735|1002.62
1787654860|20260825184740|1002.60
1787654865|20260825184745|1002.60
1787654870|20260825184750|1002.58
1787654875|20260825184755|1002.53
1787654885|20260825184805|1002.59
1787654890|20260825184810|1002.63
1787654895|20260825184815|1002.61
1787654900|20260825184820|1002.41
1787654915|20260825184835|1002.28
1787654920|20260825184840|1002.04
1787654925|20260825184845|1002.10
1787654935|20260825184855|1002.05
1787654945|20260825184905|1002.12
1787654950|20260825184910|1002.12
1787654955|20260825184915|1002.13
1787654960|20260825184920|1002.15
1787654965|20260825184925|1002.15
1787655005|20260825185005|1002.08
1787655010|20260825185010|1002.08
1787655015|20260825185015|1002.08
1787655020|20260825185020|1002.03
1787655025|20260825185025|1002.22
1787655035|20260825185035|1002.28
1787655040|20260825185040|1002.32
1787655045|20260825185045|1002.36
1787655050|20260825185050|1002.33
1787655065|20260825185105|1002.14
1787655075|20260825185115|1002.02
1787655080|20260825185120|1001.93
1787655085|20260825185125|1001.84
1787655095|20260825185135|1001.89
1787655100|20260825185140|1001.91
1787655105|20260825185145|1002.06
1787655110|20260825185150|1002.08
1787655125|20260825185205|1002.08
1787655135|20260825185215|1002.11
1787655145|20260825185225|1002.15
1787655155|20260825185235|1002.16
1787655165|20260825185245|1002.15
1787655170|20260825185250|1002.20
1787655175|20260825185255|1002.33
1787655180|20260825185300|1002.36
1787655185|20260825185305|1002.45
1787655190|20260825185310|1002.45
1787655195|20260825185315|1002.52
1787655205|20260825185325|1002.50
1787655210|20260825185330|1002.48
1787655215|20260825185335|1002.57
1787655220|20260825185340|1002.57
1787655225|20260825185345|1002.55
1787655230|20260825185350|1002.57
1787655235|20260825185355|1002.71
1787655245|20260825185405|1002.76
1787655260|20260825185420|1002.81
1787655335|20260825185535|1002.46
