1787529605|20260824080005|999.23
1787529615|20260824080015|999.25
1787529620|20260824080020|999.19
1787529625|20260824080025|999.02
1787529635|20260824080035|998.56
1787529640|20260824080040|998.79
1787529645|20260824080045|998.82
1787529650|20260824080050|998.52
1787529655|20260824080055|998.52
1787529665|20260824080105|998.51
1787529680|20260824080120|998.93
1787529685|20260824080125|999.03
1787529695|20260824080135|998.60
1787529700|20260824080140|998.64
1787529705|20260824080145|998.60
1787529710|20260824080150|998.60
1787529715|20260824080155|998.59
1787529720|20260824080200|998.57
1787529725|20260824080205|998.59
1787529730|20260824080210|998.78
1787529735|20260824080215|998.98
1787529740|20260824080220|998.88
1787529745|20260824080225|999.06
1787529750|20260824080230|999.15
1787529755|20260824080235|998.95
1787529760|20260824080240|999.06
1787529765|20260824080245|998.99
1787529770|20260824080250|999.02
1787529775|20260824080255|998.91
1787529785|20260824080305|999.22
1787529790|20260824080310|999.43
1787529800|20260824080320|999.53
1787529805|20260824080325|999.41
1787529815|20260824080335|999.56
1787529820|20260824080340|999.27
1787529830|20260824080350|999.31
1787529840|20260824080400|999.47
1787529850|20260824080410|999.54
1787529860|20260824080420|999.73
1787529900|20260824080500|999.90
1787529905|20260824080505|1000.01
1787529910|20260824080510|1000.53
1787529915|20260824080515|1001.87
1787529920|20260824080520|1001.91
1787529925|20260824080525|1001.66
1787529935|20260824080535|1001.31
1787529940|20260824080540|1001.22
1787529950|20260824080550|1001.11
1787529955|20260824080555|1000.96
1787529960|20260824080600|1000.66
1787529965|20260824080605|1000.90
1787529970|20260824080610|1000.99
1787529975|20260824080615|1001.21
1787529980|20260824080620|1001.24
1787529985|20260824080625|1001.50
1787529995|20260824080635|1001.56
1787530000|20260824080640|1001.62
1787530005|20260824080645|1001.21
1787530010|20260824080650|1001.35
1787530015|20260824080655|1001.45
1787530020|20260824080700|1001.49
1787530025|20260824080705|1001.45
1787530030|20260824080710|1001.74
1787530035|20260824080715|1001.65
1787530040|20260824080720|1001.99
1787530045|20260824080725|1001.81
1787530060|20260824080740|1002.01
1787530065|20260824080745|1002.16
1787530070|20260824080750|1002.19
1787530085|20260824080805|1002.44
1787530090|20260824080810|1002.23
1787530100|20260824080820|1001.69
1787530105|20260824080825|1001.52
1787530120|20260824080840|1001.35
1787530125|20260824080845|1001.35
1787530155|20260824080915|1001.50
1787530160|20260824080920|1001.50
1787530200|20260824081000|1001.51
1787530205|20260824081005|1001.50
1787530210|20260824081010|1001.42
1787530215|20260824081015|1001.63
1787530220|20260824081020|1001.70
1787530225|20260824081025|1001.74
1787530235|20260824081035|1001.80
1787530240|20260824081040|1001.79
1787530250|20260824081050|1001.81
1787530260|20260824081100|1002.01
1787530265|20260824081105|1002.12
1787530275|20260824081115|1001.80
1787530280|20260824081120|1002.36
1787530295|20260824081135|1002.39
1787530300|20260824081140|1002.26
1787530310|20260824081150|1002.19
1787530315|20260824081155|1002.13
1787530325|20260824081205|1002.38
1787530330|20260824081210|1002.47
1787530335|20260824081215|1002.58
1787530340|20260824081220|1002.51
1787530345|20260824081225|1002.51
1787530355|20260824081235|1002.55
1787530360|20260824081240|1002.75
1787530375|20260824081255|1002.60
1787530390|20260824081310|1002.63
1787530400|20260824081320|1002.60
1787530405|20260824081325|1002.50
1787530415|20260824081335|1002.25
1787530425|20260824081345|1002.18
1787530430|20260824081350|1002.25
1787530435|20260824081355|1002.34
1787530465|20260824081425|1002.57
1787530500|20260824081500|1002.22
1787530505|20260824081505|1002.22
1787530510|20260824081510|1002.32
1787530515|20260824081515|1002.19
1787530520|20260824081520|1002.13
1787530525|20260824081525|1002.03
1787530535|20260824081535|1002.10
1787530540|20260824081540|1002.60
1787530545|20260824081545|1002.46
1787530550|20260824081550|1002.35
1787530570|20260824081610|1002.74
1787530575|20260824081615|1002.40
1787530580|20260824081620|1002.41
1787530585|20260824081625|1002.47
1787530595|20260824081635|1002.32
1787530605|20260824081645|1001.94
1787530610|20260824081650|1001.73
1787530615|20260824081655|1001.52
1787530625|20260824081705|1001.34
1787530635|20260824081715|1001.23
1787530640|20260824081720|1001.21
1787530645|20260824081725|1001.25
1787530655|20260824081735|1001.32
1787530660|20260824081740|1001.37
1787530665|20260824081745|1001.43
1787530685|20260824081805|1000.77
1787530695|20260824081815|1000.79
1787530700|20260824081820|1000.76
1787530705|20260824081825|1000.70
1787530715|20260824081835|1001.11
1787530720|20260824081840|1000.91
1787530725|20260824081845|1000.94
1787530730|20260824081850|1000.75
1787530735|20260824081855|1000.73
1787530740|20260824081900|1000.42
1787530745|20260824081905|1000.32
1787530750|20260824081910|1000.23
1787530760|20260824081920|1000.40
1787530765|20260824081925|1000.48
1787530805|20260824082005|1000.43
1787530815|20260824082015|1000.34
1787530825|20260824082025|1000.48
1787530835|20260824082035|1000.38
1787530845|20260824082045|1000.30
1787530850|20260824082050|1000.44
1787530855|20260824082055|1000.36
1787530870|20260824082110|999.33
1787530875|20260824082115|999.17
1787530880|20260824082120|998.99
1787530885|20260824082125|999.06
1787530895|20260824082135|998.81
1787530900|20260824082140|998.79
1787530905|20260824082145|998.52
1787530915|20260824082155|997.87
1787530925|20260824082205|998.26
1787530935|20260824082215|998.39
1787530945|20260824082225|998.51
1787530955|20260824082235|998.43
1787530965|20260824082245|998.55
1787530970|20260824082250|998.33
1787530975|20260824082255|998.19
1787530980|20260824082300|997.99
1787530985|20260824082305|998.08
1787530990|20260824082310|998.26
1787530995|20260824082315|998.28
1787531000|20260824082320|998.42
1787531005|20260824082325|998.40
1787531015|20260824082335|998.65
1787531025|20260824082345|998.64
1787531030|20260824082350|998.78
1787531035|20260824082355|998.40
1787531040|20260824082400|998.42
1787531045|20260824082405|998.38
1787531050|20260824082410|998.13
1787531055|20260824082415|998.02
1787531060|20260824082420|997.91
1787531065|20260824082425|997.21
1787531100|20260824082500|996.76
1787531105|20260824082505|996.62
1787531110|20260824082510|995.96
1787531115|20260824082515|995.88
1787531120|20260824082520|995.13
1787531125|20260824082525|995.14
1787531135|20260824082535|995.62
1787531145|20260824082545|995.93
1787531155|20260824082555|996.27
1787531160|20260824082600|996.11
1787531170|20260824082610|996.32
1787531180|20260824082620|996.50
1787531185|20260824082625|996.46
1787531205|20260824082645|994.08
1787531210|20260824082650|994.15
1787531215|20260824082655|993.86
1787531220|20260824082700|993.32
1787531225|20260824082705|994.01
1787531230|20260824082710|993.92
1787531235|20260824082715|994.18
1787531240|20260824082720|994.35
1787531255|20260824082735|994.09
1787531260|20260824082740|994.12
1787531265|20260824082745|994.24
1787531275|20260824082755|994.29
1787531280|20260824082800|994.44
1787531290|20260824082810|994.39
1787531295|20260824082815|994.45
1787531300|20260824082820|994.59
1787531305|20260824082825|994.49
1787531315|20260824082835|994.73
1787531320|20260824082840|994.95
1787531325|20260824082845|994.88
1787531330|20260824082850|994.97
1787531335|20260824082855|995.05
1787531340|20260824082900|995.05
1787531345|20260824082905|995.12
1787531355|20260824082915|994.58
1787531360|20260824082920|994.89
1787531365|20260824082925|994.73
1787531375|20260824082935|994.77
1787531380|20260824082940|994.71
1787531385|20260824082945|995.22
1787531390|20260824082950|995.28
1787531400|20260824083000|995.01
1787531405|20260824083005|994.68
1787531410|20260824083010|994.91
1787531415|20260824083015|994.75
1787531420|20260824083020|994.97
1787531425|20260824083025|995.02
1787531430|20260824083030|995.40
1787531440|20260824083040|995.29
1787531445|20260824083045|995.16
1787531450|20260824083050|995.15
1787531455|20260824083055|995.26
1787531460|20260824083100|995.21
1787531465|20260824083105|995.15
1787531470|20260824083110|995.46
1787531475|20260824083115|995.67
1787531480|20260824083120|995.67
1787531485|20260824083125|995.81
1787531495|20260824083135|995.69
1787531500|20260824083140|995.87
1787531505|20260824083145|995.76
1787531520|20260824083200|995.63
1787531525|20260824083205|995.42
1787531530|20260824083210|995.54
1787531535|20260824083215|995.59
1787531540|20260824083220|995.59
1787531545|20260824083225|995.62
1787531555|20260824083235|995.77
1787531565|20260824083245|995.78
1787531580|20260824083300|995.69
1787531585|20260824083305|995.70
1787531605|20260824083325|995.87
1787531615|20260824083335|995.83
1787531625|20260824083345|995.89
1787531630|20260824083350|995.70
1787531635|20260824083355|995.79
1787531640|20260824083400|995.76
1787531650|20260824083410|995.81
1787531655|20260824083415|995.41
1787531660|20260824083420|995.49
1787531665|20260824083425|995.83
1787531695|20260824083455|995.00
1787531700|20260824083500|995.02
1787531705|20260824083505|994.38
1787531710|20260824083510|994.41
1787531715|20260824083515|994.74
1787531720|20260824083520|994.74
1787531725|20260824083525|995.29
1787531745|20260824083545|995.47
1787531750|20260824083550|995.36
1787531755|20260824083555|995.41
1787531760|20260824083600|995.69
1787531765|20260824083605|995.53
1787531770|20260824083610|995.52
1787531775|20260824083615|995.59
1787531805|20260824083645|995.40
1787531810|20260824083650|995.58
1787531825|20260824083705|995.45
1787531835|20260824083715|995.26
1787531840|20260824083720|995.29
1787531845|20260824083725|995.47
1787531860|20260824083740|995.45
1787531865|20260824083745|995.00
1787531870|20260824083750|994.96
1787531875|20260824083755|995.00
1787531880|20260824083800|994.80
1787531885|20260824083805|994.64
1787531890|20260824083810|994.65
1787531895|20260824083815|995.10
1787531900|20260824083820|995.17
1787531905|20260824083825|995.81
1787531915|20260824083835|994.91
1787531920|20260824083840|994.79
1787531925|20260824083845|994.79
1787531930|20260824083850|994.70
1787531935|20260824083855|994.84
1787531945|20260824083905|994.67
1787531950|20260824083910|994.49
1787531955|20260824083915|994.51
1787532005|20260824084005|994.36
1787532010|20260824084010|994.36
1787532015|20260824084015|994.33
1787532020|20260824084020|994.42
1787532025|20260824084025|994.38
1787532035|20260824084035|994.65
1787532040|20260824084040|994.98
1787532045|20260824084045|994.95
1787532050|20260824084050|995.10
1787532060|20260824084100|995.13
1787532065|20260824084105|995.29
1787532070|20260824084110|995.32
1787532075|20260824084115|995.28
1787532080|20260824084120|995.31
1787532085|20260824084125|995.30
1787532095|20260824084135|995.47
1787532100|20260824084140|995.51
1787532105|20260824084145|995.59
1787532115|20260824084155|995.65
1787532125|20260824084205|995.33
1787532130|20260824084210|995.32
1787532135|20260824084215|995.23
1787532140|20260824084220|995.21
1787532155|20260824084235|995.31
1787532165|20260824084245|995.17
1787532175|20260824084255|995.35
1787532180|20260824084300|995.40
1787532190|20260824084310|995.53
1787532195|20260824084315|995.57
1787532200|20260824084320|995.53
1787532205|20260824084325|995.54
1787532215|20260824084335|995.60
1787532220|20260824084340|995.32
1787532225|20260824084345|995.35
1787532230|20260824084350|995.37
1787532235|20260824084355|995.45
1787532240|20260824084400|995.43
1787532245|20260824084405|995.43
1787532260|20260824084420|995.13
1787532265|20260824084425|995.51
1787532295|20260824084455|995.45
1787532300|20260824084500|995.56
1787532305|20260824084505|995.59
1787532310|20260824084510|995.40
1787532315|20260824084515|995.23
1787532320|20260824084520|995.29
1787532325|20260824084525|995.09
1787532335|20260824084535|995.13
1787532340|20260824084540|995.48
1787532345|20260824084545|995.39
1787532350|20260824084550|995.27
1787532355|20260824084555|995.32
1787532360|20260824084600|995.15
1787532370|20260824084610|995.12
1787532375|20260824084615|995.06
1787532380|20260824084620|995.08
1787532395|20260824084635|995.10
1787532400|20260824084640|995.46
1787532410|20260824084650|995.53
1787532415|20260824084655|995.46
1787532420|20260824084700|995.47
1787532425|20260824084705|995.43
1787532430|20260824084710|995.42
1787532440|20260824084720|995.65
1787532445|20260824084725|995.77
1787532455|20260824084735|996.13
1787532460|20260824084740|996.22
1787532465|20260824084745|996.11
1787532470|20260824084750|996.23
1787532475|20260824084755|996.33
1787532485|20260824084805|996.23
1787532495|20260824084815|997.19
1787532500|20260824084820|996.98
1787532515|20260824084835|997.04
1787532520|20260824084840|996.81
1787532525|20260824084845|996.54
1787532535|20260824084855|996.71
1787532545|20260824084905|996.83
1787532550|20260824084910|996.59
1787532555|20260824084915|996.55
1787532560|20260824084920|996.57
1787532565|20260824084925|996.53
1787532595|20260824084955|997.00
1787532600|20260824085000|997.11
1787532605|20260824085005|997.14
1787532610|20260824085010|997.08
1787532615|20260824085015|997.08
1787532620|20260824085020|997.02
1787532625|20260824085025|997.01
1787532635|20260824085035|996.92
1787532640|20260824085040|996.89
1787532645|20260824085045|997.00
1787532650|20260824085050|996.98
1787532655|20260824085055|997.07
1787532665|20260824085105|996.99
1787532670|20260824085110|997.03
1787532675|20260824085115|997.06
1787532680|20260824085120|997.06
1787532685|20260824085125|996.90
1787532695|20260824085135|996.88
1787532705|20260824085145|996.67
1787532730|20260824085210|996.94
1787532735|20260824085215|996.86
1787532755|20260824085235|997.28
1787532760|20260824085240|997.26
1787532765|20260824085245|997.32
1787532770|20260824085250|997.33
1787532775|20260824085255|997.28
1787532785|20260824085305|997.49
1787532790|20260824085310|997.41
1787532795|20260824085315|997.42
1787532800|20260824085320|997.45
1787532805|20260824085325|997.49
1787532820|20260824085340|997.49
1787532830|20260824085350|997.47
1787532835|20260824085355|997.48
1787532845|20260824085405|997.60
1787532850|20260824085410|997.62
1787532855|20260824085415|997.73
1787532860|20260824085420|997.72
1787532865|20260824085425|997.63
1787532880|20260824085440|997.70
1787532905|20260824085505|997.78
1787532920|20260824085520|998.01
1787532935|20260824085535|997.84
1787532955|20260824085555|997.93
1787532965|20260824085605|997.71
1787532970|20260824085610|997.60
1787532980|20260824085620|997.73
1787532985|20260824085625|997.90
1787532995|20260824085635|998.09
1787533000|20260824085640|998.00
1787533005|20260824085645|997.86
1787533010|20260824085650|998.03
1787533015|20260824085655|998.00
1787533025|20260824085705|998.02
1787533030|20260824085710|998.03
1787533040|20260824085720|997.98
1787533055|20260824085735|997.87
1787533060|20260824085740|997.82
1787533070|20260824085750|997.95
1787533075|20260824085755|997.81
1787533085|20260824085805|997.70
1787533095|20260824085815|997.64
1787533100|20260824085820|997.67
1787533105|20260824085825|997.62
1787533115|20260824085835|997.63
1787533120|20260824085840|997.58
1787533130|20260824085850|997.79
1787533135|20260824085855|997.80
1787533145|20260824085905|998.46
1787533150|20260824085910|998.61
1787533165|20260824085925|998.62
1787533200|20260824090000|998.77
1787533205|20260824090005|998.60
1787533210|20260824090010|999.25
1787533215|20260824090015|998.82
1787533220|20260824090020|998.72
1787533225|20260824090025|998.78
1787533235|20260824090035|999.17
1787533245|20260824090045|999.69
1787533250|20260824090050|999.96
1787533265|20260824090105|1000.47
1787533275|20260824090115|1001.11
1787533280|20260824090120|1001.15
1787533285|20260824090125|1001.56
1787533295|20260824090135|1001.51
1787533300|20260824090140|1001.44
1787533310|20260824090150|1001.22
1787533315|20260824090155|1001.36
1787533325|20260824090205|1000.49
1787533335|20260824090215|999.26
1787533340|20260824090220|999.19
1787533345|20260824090225|999.47
1787533370|20260824090250|999.01
1787533375|20260824090255|998.95
1787533385|20260824090305|998.65
1787533390|20260824090310|998.54
1787533395|20260824090315|998.70
1787533400|20260824090320|999.11
1787533405|20260824090325|999.55
1787533420|20260824090340|999.53
1787533425|20260824090345|999.71
1787533430|20260824090350|999.21
1787533435|20260824090355|998.84
1787533445|20260824090405|999.01
1787533450|20260824090410|998.67
1787533455|20260824090415|998.80
1787533460|20260824090420|998.69
1787533465|20260824090425|999.09
1787533505|20260824090505|998.89
1787533510|20260824090510|999.23
1787533520|20260824090520|999.54
1787533535|20260824090535|999.70
1787533540|20260824090540|999.66
1787533545|20260824090545|999.75
1787533550|20260824090550|999.73
1787533565|20260824090605|999.56
1787533570|20260824090610|999.56
1787533575|20260824090615|999.82
1787533580|20260824090620|999.71
1787533595|20260824090635|1000.28
1787533600|20260824090640|1000.33
1787533610|20260824090650|1000.12
1787533625|20260824090705|1000.16
1787533630|20260824090710|999.88
1787533640|20260824090720|1000.26
1787533660|20260824090740|999.87
1787533685|20260824090805|999.72
1787533690|20260824090810|999.72
1787533700|20260824090820|999.88
1787533705|20260824090825|999.56
1787533715|20260824090835|999.25
1787533720|20260824090840|998.76
1787533725|20260824090845|998.79
1787533730|20260824090850|998.72
1787533735|20260824090855|998.60
1787533750|20260824090910|998.45
1787533780|20260824090940|999.16
1787533800|20260824091000|998.99
1787533805|20260824091005|999.23
1787533810|20260824091010|999.57
1787533820|20260824091020|999.96
1787533825|20260824091025|999.72
1787533840|20260824091040|999.50
1787533845|20260824091045|999.23
1787533850|20260824091050|999.23
1787533865|20260824091105|999.25
1787533870|20260824091110|999.21
1787533875|20260824091115|999.35
1787533880|20260824091120|999.10
1787533885|20260824091125|999.26
1787533895|20260824091135|999.07
1787533900|20260824091140|999.08
1787533910|20260824091150|999.22
1787533915|20260824091155|999.26
1787533925|20260824091205|999.41
1787533930|20260824091210|999.46
1787533935|20260824091215|999.38
1787533940|20260824091220|999.47
1787533945|20260824091225|999.47
1787533955|20260824091235|999.57
1787533960|20260824091240|999.61
1787533965|20260824091245|999.57
1787533970|20260824091250|999.54
1787533975|20260824091255|999.66
1787533985|20260824091305|999.64
1787533990|20260824091310|999.79
1787533995|20260824091315|999.89
1787534000|20260824091320|1000.04
1787534005|20260824091325|999.97
1787534015|20260824091335|999.97
1787534020|20260824091340|1000.02
1787534025|20260824091345|999.99
1787534030|20260824091350|999.79
1787534035|20260824091355|999.84
1787534045|20260824091405|999.98
1787534050|20260824091410|999.99
1787534055|20260824091415|999.52
1787534060|20260824091420|999.46
1787534065|20260824091425|999.21
1787534105|20260824091505|998.65
1787534110|20260824091510|998.69
1787534115|20260824091515|998.74
1787534120|20260824091520|998.76
1787534125|20260824091525|998.83
1787534135|20260824091535|998.79
1787534145|20260824091545|998.80
1787534150|20260824091550|998.86
1787534165|20260824091605|998.56
1787534170|20260824091610|998.44
1787534175|20260824091615|998.40
1787534180|20260824091620|998.33
1787534185|20260824091625|998.08
1787534195|20260824091635|997.98
1787534200|20260824091640|997.79
1787534205|20260824091645|997.85
1787534215|20260824091655|998.20
1787534220|20260824091700|998.19
1787534225|20260824091705|998.42
1787534230|20260824091710|998.71
1787534240|20260824091720|998.62
1787534245|20260824091725|998.90
1787534255|20260824091735|998.92
1787534260|20260824091740|998.97
1787534265|20260824091745|998.98
1787534270|20260824091750|999.25
1787534275|20260824091755|999.21
1787534285|20260824091805|999.33
1787534290|20260824091810|999.44
1787534295|20260824091815|999.41
1787534300|20260824091820|999.35
1787534305|20260824091825|999.35
1787534315|20260824091835|999.11
1787534320|20260824091840|999.10
1787534325|20260824091845|999.09
1787534330|20260824091850|999.21
1787534335|20260824091855|999.22
1787534345|20260824091905|999.05
1787534355|20260824091915|999.14
1787534360|20260824091920|999.36
1787534365|20260824091925|999.41
1787534380|20260824091940|999.47
1787534395|20260824091955|998.93
1787534400|20260824092000|998.82
1787534415|20260824092015|998.67
1787534435|20260824092035|998.45
1787534440|20260824092040|997.93
1787534445|20260824092045|997.78
1787534450|20260824092050|997.51
1787534455|20260824092055|997.69
1787534470|20260824092110|997.70
1787534475|20260824092115|997.59
1787534485|20260824092125|997.52
1787534495|20260824092135|997.52
1787534505|20260824092145|997.65
1787534510|20260824092150|997.57
1787534530|20260824092210|997.56
1787534535|20260824092215|997.63
1787534540|20260824092220|997.68
1787534545|20260824092225|997.74
1787534560|20260824092240|997.90
1787534565|20260824092245|997.72
1787534570|20260824092250|998.00
1787534575|20260824092255|997.88
1787534585|20260824092305|997.69
1787534590|20260824092310|997.50
1787534595|20260824092315|997.40
1787534600|20260824092320|997.20
1787534605|20260824092325|997.18
1787534615|20260824092335|997.07
1787534620|20260824092340|997.08
1787534625|20260824092345|997.11
1787534630|20260824092350|997.16
1787534635|20260824092355|997.13
1787534645|20260824092405|997.12
1787534650|20260824092410|997.14
1787534655|20260824092415|997.37
1787534660|20260824092420|997.32
1787534665|20260824092425|997.23
1787534705|20260824092505|997.23
1787534710|20260824092510|997.03
1787534720|20260824092520|996.81
1787534725|20260824092525|996.79
1787534735|20260824092535|996.92
1787534740|20260824092540|997.04
1787534745|20260824092545|997.07
1787534750|20260824092550|996.88
1787534755|20260824092555|996.90
1787534765|20260824092605|997.04
1787534780|20260824092620|996.99
1787534785|20260824092625|996.81
1787534795|20260824092635|997.10
1787534800|20260824092640|997.15
1787534830|20260824092710|997.52
1787534835|20260824092715|997.45
1787534840|20260824092720|997.71
1787534845|20260824092725|997.65
1787534860|20260824092740|997.15
1787534870|20260824092750|997.18
1787534875|20260824092755|997.45
1787534885|20260824092805|997.46
1787534890|20260824092810|997.31
1787534895|20260824092815|997.47
1787534900|20260824092820|997.31
1787534905|20260824092825|997.70
1787534915|20260824092835|997.89
1787534925|20260824092845|997.72
1787534935|20260824092855|997.51
1787534945|20260824092905|997.33
1787534950|20260824092910|997.14
1787534955|20260824092915|997.27
1787534960|20260824092920|996.88
1787534965|20260824092925|997.01
1787535005|20260824093005|997.25
1787535010|20260824093010|996.86
1787535015|20260824093015|996.77
1787535020|20260824093020|996.72
1787535025|20260824093025|996.68
1787535035|20260824093035|996.73
1787535040|20260824093040|996.53
1787535045|20260824093045|996.53
1787535050|20260824093050|996.56
1787535055|20260824093055|996.61
1787535060|20260824093100|996.61
1787535065|20260824093105|996.41
1787535070|20260824093110|996.18
1787535075|20260824093115|996.27
1787535080|20260824093120|996.15
1787535085|20260824093125|996.10
1787535095|20260824093135|996.23
1787535100|20260824093140|996.16
1787535110|20260824093150|996.02
1787535120|20260824093200|995.98
1787535125|20260824093205|995.99
1787535130|20260824093210|995.92
1787535135|20260824093215|995.98
1787535140|20260824093220|996.10
1787535145|20260824093225|995.95
1787535155|20260824093235|996.22
1787535160|20260824093240|996.28
1787535165|20260824093245|996.51
1787535170|20260824093250|996.42
1787535175|20260824093255|996.56
1787535190|20260824093310|996.59
1787535200|20260824093320|996.49
1787535215|20260824093335|996.05
1787535220|20260824093340|996.30
1787535225|20260824093345|996.31
1787535230|20260824093350|996.36
1787535245|20260824093405|996.78
1787535250|20260824093410|996.85
1787535255|20260824093415|996.75
1787535260|20260824093420|996.77
1787535295|20260824093455|997.09
1787535300|20260824093500|997.12
1787535305|20260824093505|996.90
1787535310|20260824093510|997.08
1787535315|20260824093515|997.03
1787535320|20260824093520|997.36
1787535325|20260824093525|997.36
1787535350|20260824093550|997.47
1787535360|20260824093600|997.36
1787535365|20260824093605|997.27
1787535385|20260824093625|997.86
1787535390|20260824093630|997.98
1787535395|20260824093635|997.75
1787535405|20260824093645|997.86
1787535410|20260824093650|997.86
1787535420|20260824093700|998.12
1787535425|20260824093705|998.05
1787535430|20260824093710|997.97
1787535435|20260824093715|998.12
1787535440|20260824093720|998.11
1787535445|20260824093725|998.15
1787535450|20260824093730|998.11
1787535455|20260824093735|998.13
1787535460|20260824093740|998.18
1787535465|20260824093745|998.30
1787535470|20260824093750|998.31
1787535475|20260824093755|998.62
1787535480|20260824093800|998.32
1787535485|20260824093805|998.30
1787535490|20260824093810|998.23
1787535500|20260824093820|998.41
1787535505|20260824093825|998.43
1787535515|20260824093835|997.94
1787535520|20260824093840|997.33
1787535525|20260824093845|997.14
1787535530|20260824093850|997.07
1787535550|20260824093910|997.57
1787535555|20260824093915|997.57
1787535560|20260824093920|997.47
1787535565|20260824093925|997.68
1787535610|20260824094010|997.24
1787535615|20260824094015|997.10
1787535620|20260824094020|997.08
1787535625|20260824094025|996.93
1787535635|20260824094035|996.63
1787535640|20260824094040|996.49
1787535645|20260824094045|996.48
1787535650|20260824094050|996.16
1787535655|20260824094055|996.22
1787535660|20260824094100|996.26
1787535665|20260824094105|996.22
1787535670|20260824094110|996.13
1787535685|20260824094125|996.27
1787535695|20260824094135|996.36
1787535705|20260824094145|996.47
1787535710|20260824094150|996.47
1787535740|20260824094220|996.91
1787535745|20260824094225|996.75
1787535755|20260824094235|997.08
1787535760|20260824094240|997.04
1787535765|20260824094245|997.00
1787535770|20260824094250|997.06
1787535775|20260824094255|997.07
1787535785|20260824094305|997.21
1787535790|20260824094310|997.42
1787535795|20260824094315|997.49
1787535800|20260824094320|997.54
1787535815|20260824094335|997.44
1787535820|20260824094340|997.58
1787535825|20260824094345|997.79
1787535830|20260824094350|997.79
1787535840|20260824094400|997.63
1787535845|20260824094405|997.62
1787535850|20260824094410|997.53
1787535855|20260824094415|997.54
1787535860|20260824094420|997.85
1787535890|20260824094450|998.00
1787535895|20260824094455|997.98
1787535900|20260824094500|998.09
1787535910|20260824094510|998.08
1787535915|20260824094515|998.19
1787535920|20260824094520|998.07
1787535925|20260824094525|997.85
1787535930|20260824094530|997.94
1787535935|20260824094535|997.79
1787535945|20260824094545|997.50
1787535950|20260824094550|997.54
1787535955|20260824094555|997.82
1787535960|20260824094600|997.55
1787535965|20260824094605|997.59
1787535975|20260824094615|997.62
1787535980|20260824094620|997.55
1787535985|20260824094625|997.80
1787535995|20260824094635|997.70
1787536000|20260824094640|997.73
1787536005|20260824094645|997.82
1787536010|20260824094650|997.86
1787536015|20260824094655|997.82
1787536025|20260824094705|997.83
1787536030|20260824094710|997.89
1787536055|20260824094735|998.01
1787536065|20260824094745|997.88
1787536070|20260824094750|997.90
1787536080|20260824094800|997.80
1787536095|20260824094815|997.62
1787536100|20260824094820|997.61
1787536105|20260824094825|997.52
1787536115|20260824094835|997.71
1787536120|20260824094840|997.66
1787536135|20260824094855|997.83
1787536150|20260824094910|997.82
1787536205|20260824095005|998.42
1787536215|20260824095015|998.89
1787536220|20260824095020|999.09
1787536225|20260824095025|999.14
1787536240|20260824095040|999.06
1787536250|20260824095050|998.99
1787536270|20260824095110|999.56
1787536275|20260824095115|999.54
1787536300|20260824095140|1000.18
1787536325|20260824095205|1000.27
1787536330|20260824095210|1000.37
1787536340|20260824095220|1000.44
1787536345|20260824095225|1000.34
1787536355|20260824095235|1000.74
1787536360|20260824095240|1000.60
1787536365|20260824095245|1000.43
1787536370|20260824095250|1000.52
1787536375|20260824095255|1000.15
1787536385|20260824095305|1000.18
1787536390|20260824095310|1000.13
1787536400|20260824095320|999.94
1787536415|20260824095335|999.83
1787536420|20260824095340|1000.01
1787536425|20260824095345|1000.01
1787536435|20260824095355|1000.21
1787536445|20260824095405|1000.25
1787536450|20260824095410|1000.25
1787536460|20260824095420|1000.26
1787536465|20260824095425|1000.39
1787536500|20260824095500|1000.46
1787536505|20260824095505|1000.55
1787536515|20260824095515|1000.50
1787536520|20260824095520|1000.47
1787536525|20260824095525|1000.31
1787536535|20260824095535|1000.21
1787536540|20260824095540|1000.26
1787536545|20260824095545|1000.18
1787536555|20260824095555|1000.15
1787536560|20260824095600|1000.47
1787536565|20260824095605|1000.65
1787536570|20260824095610|1000.90
1787536575|20260824095615|1001.30
1787536580|20260824095620|1001.36
1787536585|20260824095625|1001.33
1787536595|20260824095635|1001.26
1787536605|20260824095645|1001.58
1787536610|20260824095650|1001.72
1787536625|20260824095705|1002.01
1787536630|20260824095710|1002.09
1787536635|20260824095715|1002.12
1787536640|20260824095720|1002.15
1787536645|20260824095725|1001.95
1787536655|20260824095735|1001.80
1787536660|20260824095740|1001.94
1787536665|20260824095745|1001.95
1787536670|20260824095750|1001.97
1787536680|20260824095800|1002.05
1787536690|20260824095810|1002.34
1787536695|20260824095815|1002.26
1787536705|20260824095825|1002.08
1787536715|20260824095835|1002.15
1787536730|20260824095850|1002.66
1787536735|20260824095855|1002.39
1787536745|20260824095905|1002.29
1787536750|20260824095910|1002.26
1787536755|20260824095915|1002.17
1787536760|20260824095920|1002.19
1787536765|20260824095925|1002.15
1787536805|20260824100005|1001.30
1787536815|20260824100015|1001.37
1787536825|20260824100025|1001.45
1787536835|20260824100035|1001.18
1787536840|20260824100040|1000.92
1787536845|20260824100045|1000.97
1787536850|20260824100050|1000.71
1787536855|20260824100055|1000.76
1787536865|20260824100105|1000.57
1787536870|20260824100110|1000.69
1787536885|20260824100125|1000.82
1787536895|20260824100135|1001.42
1787536905|20260824100145|1001.27
1787536910|20260824100150|1001.21
1787536915|20260824100155|1001.27
1787536920|20260824100200|1001.33
1787536925|20260824100205|1001.30
1787536930|20260824100210|1001.44
1787536940|20260824100220|1001.98
1787536945|20260824100225|1002.04
1787536955|20260824100235|1002.38
1787536960|20260824100240|1002.39
1787536965|20260824100245|1002.19
1787536970|20260824100250|1002.30
1787536975|20260824100255|1002.27
1787536980|20260824100300|1002.03
1787536985|20260824100305|1002.09
1787536995|20260824100315|1002.02
1787537000|20260824100320|1002.15
1787537005|20260824100325|1002.27
1787537020|20260824100340|1002.16
1787537030|20260824100350|1002.22
1787537040|20260824100400|1002.13
1787537045|20260824100405|1002.04
1787537050|20260824100410|1002.26
1787537055|20260824100415|1002.28
1787537060|20260824100420|1002.42
1787537100|20260824100500|1002.73
1787537105|20260824100505|1002.18
1787537110|20260824100510|1002.32
1787537115|20260824100515|1002.24
1787537120|20260824100520|1002.00
1787537125|20260824100525|1001.99
1787537135|20260824100535|1001.88
1787537140|20260824100540|1001.91
1787537145|20260824100545|1002.05
1787537150|20260824100550|1002.30
1787537155|20260824100555|1002.35
1787537160|20260824100600|1002.28
1787537165|20260824100605|1002.26
1787537170|20260824100610|1002.31
1787537175|20260824100615|1002.33
1787537180|20260824100620|1002.40
1787537185|20260824100625|1002.42
1787537195|20260824100635|1002.31
1787537200|20260824100640|1002.64
1787537205|20260824100645|1002.34
1787537210|20260824100650|1002.44
1787537215|20260824100655|1002.50
1787537225|20260824100705|1002.30
1787537230|20260824100710|1002.43
1787537235|20260824100715|1002.41
1787537255|20260824100735|1002.46
1787537260|20260824100740|1002.52
1787537265|20260824100745|1002.39
1787537275|20260824100755|1002.68
1787537280|20260824100800|1002.71
1787537290|20260824100810|1002.69
1787537300|20260824100820|1002.76
1787537315|20260824100835|1002.73
1787537320|20260824100840|1002.76
1787537330|20260824100850|1002.97
1787537335|20260824100855|1002.96
1787537340|20260824100900|1002.99
1787537345|20260824100905|1003.60
1787537350|20260824100910|1003.48
1787537355|20260824100915|1003.39
1787537360|20260824100920|1003.37
1787537365|20260824100925|1003.42
1787537410|20260824101010|1003.80
1787537415|20260824101015|1003.94
1787537425|20260824101025|1003.71
1787537445|20260824101045|1004.42
1787537450|20260824101050|1004.52
1787537465|20260824101105|1005.27
1787537470|20260824101110|1005.28
1787537475|20260824101115|1005.44
1787537485|20260824101125|1005.45
1787537490|20260824101130|1005.16
1787537495|20260824101135|1005.15
1787537500|20260824101140|1004.89
1787537505|20260824101145|1004.88
1787537510|20260824101150|1005.11
1787537515|20260824101155|1005.17
1787537530|20260824101210|1005.59
1787537535|20260824101215|1005.45
1787537545|20260824101225|1005.42
1787537555|20260824101235|1004.93
1787537560|20260824101240|1005.08
1787537565|20260824101245|1005.09
1787537570|20260824101250|1005.26
1787537575|20260824101255|1005.30
1787537580|20260824101300|1004.99
1787537585|20260824101305|1004.98
1787537590|20260824101310|1004.86
1787537595|20260824101315|1004.84
1787537600|20260824101320|1004.86
1787537605|20260824101325|1004.80
1787537615|20260824101335|1005.21
1787537620|20260824101340|1005.26
1787537625|20260824101345|1005.13
1787537630|20260824101350|1004.95
1787537635|20260824101355|1004.89
1787537650|20260824101410|1004.85
1787537660|20260824101420|1004.85
1787537665|20260824101425|1005.05
1787537680|20260824101440|1004.98
1787537700|20260824101500|1005.20
1787537710|20260824101510|1005.20
1787537715|20260824101515|1005.29
1787537720|20260824101520|1005.27
1787537735|20260824101535|1005.28
1787537740|20260824101540|1005.22
1787537750|20260824101550|1005.12
1787537765|20260824101605|1005.14
1787537770|20260824101610|1005.37
1787537780|20260824101620|1005.21
1787537785|20260824101625|1005.27
1787537795|20260824101635|1005.56
1787537800|20260824101640|1005.58
1787537805|20260824101645|1005.45
1787537810|20260824101650|1005.51
1787537815|20260824101655|1005.45
1787537820|20260824101700|1005.52
1787537835|20260824101715|1005.59
1787537840|20260824101720|1005.59
1787537845|20260824101725|1005.51
1787537860|20260824101740|1005.83
1787537870|20260824101750|1005.94
1787537875|20260824101755|1005.90
1787537890|20260824101810|1005.99
1787537900|20260824101820|1005.78
1787537905|20260824101825|1005.91
1787537935|20260824101855|1005.87
1787537940|20260824101900|1005.76
1787537945|20260824101905|1005.99
1787537950|20260824101910|1006.16
1787537955|20260824101915|1006.18
1787537960|20260824101920|1006.17
1787537965|20260824101925|1006.14
1787538005|20260824102005|1006.06
1787538015|20260824102015|1005.45
1787538020|20260824102020|1005.47
1787538025|20260824102025|1005.41
1787538035|20260824102035|1005.40
1787538040|20260824102040|1005.31
1787538050|20260824102050|1005.55
1787538055|20260824102055|1005.41
1787538065|20260824102105|1005.61
1787538075|20260824102115|1005.64
1787538080|20260824102120|1005.51
1787538085|20260824102125|1005.39
1787538095|20260824102135|1005.54
1787538100|20260824102140|1005.36
1787538105|20260824102145|1005.25
1787538110|20260824102150|1005.82
1787538115|20260824102155|1005.91
1787538120|20260824102200|1005.97
1787538125|20260824102205|1005.84
1787538130|20260824102210|1005.79
1787538135|20260824102215|1005.90
1787538140|20260824102220|1005.87
1787538145|20260824102225|1005.79
1787538155|20260824102235|1005.73
1787538160|20260824102240|1005.61
1787538165|20260824102245|1005.52
1787538170|20260824102250|1005.66
1787538175|20260824102255|1005.69
1787538180|20260824102300|1005.65
1787538185|20260824102305|1005.63
1787538195|20260824102315|1005.72
1787538200|20260824102320|1005.71
1787538205|20260824102325|1005.75
1787538215|20260824102335|1005.80
1787538220|20260824102340|1005.78
1787538230|20260824102350|1005.99
1787538235|20260824102355|1005.89
1787538255|20260824102415|1005.80
1787538260|20260824102420|1005.89
1787538265|20260824102425|1005.87
1787538300|20260824102500|1006.12
1787538305|20260824102505|1005.98
1787538310|20260824102510|1005.97
1787538315|20260824102515|1006.04
1787538320|20260824102520|1006.06
1787538325|20260824102525|1005.95
1787538335|20260824102535|1005.98
1787538340|20260824102540|1006.00
1787538345|20260824102545|1006.08
1787538350|20260824102550|1006.10
1787538355|20260824102555|1006.06
1787538360|20260824102600|1005.89
1787538365|20260824102605|1005.72
1787538375|20260824102615|1005.65
1787538380|20260824102620|1005.62
1787538395|20260824102635|1005.62
1787538400|20260824102640|1005.72
1787538415|20260824102655|1005.66
1787538420|20260824102700|1005.60
1787538425|20260824102705|1005.61
1787538430|20260824102710|1005.58
1787538440|20260824102720|1005.53
1787538445|20260824102725|1005.38
1787538455|20260824102735|1005.25
1787538460|20260824102740|1005.13
1787538465|20260824102745|1005.24
1787538470|20260824102750|1005.22
1787538475|20260824102755|1005.26
1787538485|20260824102805|1005.34
1787538490|20260824102810|1005.38
1787538495|20260824102815|1005.44
1787538500|20260824102820|1005.42
1787538505|20260824102825|1005.37
1787538515|20260824102835|1005.39
1787538520|20260824102840|1005.34
1787538525|20260824102845|1005.28
1787538530|20260824102850|1005.27
1787538535|20260824102855|1005.65
1787538550|20260824102910|1006.08
1787538555|20260824102915|1006.16
1787538560|20260824102920|1006.05
1787538565|20260824102925|1006.02
1787538610|20260824103010|1006.20
1787538615|20260824103015|1006.21
1787538625|20260824103025|1005.84
1787538635|20260824103035|1005.59
1787538645|20260824103045|1005.50
1787538650|20260824103050|1005.54
1787538655|20260824103055|1005.63
1787538670|20260824103110|1005.65
1787538675|20260824103115|1005.81
1787538680|20260824103120|1006.00
1787538685|20260824103125|1006.33
1787538695|20260824103135|1006.21
1787538705|20260824103145|1006.13
1787538710|20260824103150|1005.86
1787538715|20260824103155|1005.97
1787538725|20260824103205|1005.91
1787538730|20260824103210|1005.94
1787538735|20260824103215|1006.26
1787538740|20260824103220|1006.21
1787538745|20260824103225|1006.16
1787538760|20260824103240|1006.20
1787538765|20260824103245|1006.22
1787538770|20260824103250|1006.17
1787538775|20260824103255|1006.20
1787538780|20260824103300|1006.23
1787538785|20260824103305|1006.17
1787538795|20260824103315|1005.83
1787538800|20260824103320|1005.60
1787538805|20260824103325|1005.47
1787538815|20260824103335|1005.29
1787538820|20260824103340|1005.18
1787538825|20260824103345|1005.18
1787538830|20260824103350|1005.44
1787538835|20260824103355|1005.49
1787538840|20260824103400|1005.70
1787538845|20260824103405|1005.74
1787538855|20260824103415|1005.83
1787538860|20260824103420|1005.75
1787538900|20260824103500|1005.60
1787538905|20260824103505|1005.60
1787538910|20260824103510|1005.59
1787538915|20260824103515|1005.73
1787538920|20260824103520|1005.94
1787538925|20260824103525|1005.80
1787538935|20260824103535|1005.72
1787538940|20260824103540|1005.73
1787538945|20260824103545|1005.65
1787538955|20260824103555|1005.74
1787538960|20260824103600|1005.47
1787538970|20260824103610|1005.45
1787538980|20260824103620|1005.38
1787538985|20260824103625|1005.34
1787538995|20260824103635|1005.43
1787539005|20260824103645|1005.49
1787539010|20260824103650|1005.43
1787539015|20260824103655|1005.43
1787539030|20260824103710|1005.49
1787539040|20260824103720|1005.32
1787539055|20260824103735|1005.66
1787539070|20260824103750|1005.96
1787539075|20260824103755|1005.89
1787539085|20260824103805|1005.77
1787539090|20260824103810|1005.81
1787539100|20260824103820|1005.75
1787539120|20260824103840|1005.61
1787539125|20260824103845|1005.57
1787539135|20260824103855|1005.41
1787539140|20260824103900|1005.18
1787539155|20260824103915|1005.41
1787539160|20260824103920|1005.26
1787539165|20260824103925|1005.14
1787539170|20260824103930|1004.70
1787539195|20260824103955|1004.51
1787539205|20260824104005|1004.27
1787539210|20260824104010|1004.02
1787539225|20260824104025|1004.09
1787539235|20260824104035|1003.99
1787539240|20260824104040|1004.00
1787539245|20260824104045|1003.56
1787539250|20260824104050|1003.20
1787539265|20260824104105|1003.46
1787539275|20260824104115|1003.64
1787539280|20260824104120|1003.67
1787539285|20260824104125|1003.46
1787539295|20260824104135|1003.49
1787539300|20260824104140|1003.37
1787539305|20260824104145|1003.40
1787539310|20260824104150|1003.34
1787539315|20260824104155|1003.13
1787539320|20260824104200|1003.21
1787539325|20260824104205|1003.11
1787539330|20260824104210|1002.93
1787539340|20260824104220|1002.96
1787539345|20260824104225|1003.12
1787539355|20260824104235|1003.16
1787539365|20260824104245|1003.10
1787539370|20260824104250|1003.24
1787539375|20260824104255|1003.30
1787539385|20260824104305|1003.26
1787539390|20260824104310|1003.26
1787539400|20260824104320|1003.33
1787539405|20260824104325|1003.29
1787539420|20260824104340|1003.23
1787539430|20260824104350|1003.05
1787539440|20260824104400|1003.07
1787539445|20260824104405|1002.92
1787539450|20260824104410|1002.97
1787539460|20260824104420|1002.95
1787539465|20260824104425|1002.89
1787539500|20260824104500|1002.56
1787539510|20260824104510|1002.59
1787539520|20260824104520|1002.41
1787539525|20260824104525|1002.37
1787539535|20260824104535|1002.20
1787539540|20260824104540|1002.28
1787539545|20260824104545|1002.24
1787539550|20260824104550|1002.18
1787539555|20260824104555|1002.23
1787539565|20260824104605|1001.89
1787539570|20260824104610|1001.90
1787539575|20260824104615|1001.79
1787539580|20260824104620|1001.87
1787539585|20260824104625|1001.91
1787539595|20260824104635|1001.74
1787539600|20260824104640|1001.74
1787539605|20260824104645|1001.64
1787539610|20260824104650|1001.96
1787539615|20260824104655|1001.74
1787539620|20260824104700|1001.67
1787539625|20260824104705|1001.66
1787539630|20260824104710|1001.63
1787539635|20260824104715|1001.63
1787539640|20260824104720|1001.66
1787539645|20260824104725|1001.62
1787539655|20260824104735|1001.25
1787539665|20260824104745|1001.63
1787539670|20260824104750|1001.59
1787539675|20260824104755|1001.54
1787539680|20260824104800|1001.56
1787539685|20260824104805|1001.31
1787539690|20260824104810|1001.32
1787539700|20260824104820|1001.17
1787539705|20260824104825|1001.22
1787539715|20260824104835|1000.68
1787539725|20260824104845|1000.41
1787539730|20260824104850|1000.51
1787539735|20260824104855|1000.73
1787539750|20260824104910|1000.81
1787539755|20260824104915|1000.74
1787539760|20260824104920|1000.76
1787539765|20260824104925|1000.77
1787539780|20260824104940|1000.77
1787539805|20260824105005|1000.47
1787539810|20260824105010|1000.58
1787539815|20260824105015|1001.03
1787539820|20260824105020|1001.32
1787539825|20260824105025|1001.35
1787539835|20260824105035|1001.36
1787539840|20260824105040|1001.31
1787539845|20260824105045|1001.51
1787539850|20260824105050|1001.55
1787539855|20260824105055|1001.20
1787539860|20260824105100|1001.39
1787539865|20260824105105|1001.38
1787539870|20260824105110|1001.51
1787539875|20260824105115|1001.57
1787539880|20260824105120|1001.50
1787539885|20260824105125|1001.54
1787539900|20260824105140|1001.35
1787539905|20260824105145|1001.38
1787539915|20260824105155|1001.65
1787539925|20260824105205|1001.27
1787539945|20260824105225|1001.60
1787539955|20260824105235|1001.75
1787539965|20260824105245|1001.73
1787539970|20260824105250|1001.78
1787539985|20260824105305|1001.63
1787539995|20260824105315|1002.16
1787540000|20260824105320|1002.29
1787540005|20260824105325|1002.31
1787540015|20260824105335|1002.26
1787540035|20260824105355|1002.13
1787540040|20260824105400|1002.15
1787540045|20260824105405|1002.21
1787540055|20260824105415|1002.24
1787540060|20260824105420|1002.40
1787540065|20260824105425|1002.46
1787540100|20260824105500|1002.69
1787540110|20260824105510|1002.64
1787540115|20260824105515|1002.60
1787540120|20260824105520|1002.61
1787540125|20260824105525|1002.84
1787540135|20260824105535|1003.01
1787540140|20260824105540|1003.21
1787540150|20260824105550|1003.46
1787540165|20260824105605|1003.70
1787540170|20260824105610|1003.72
1787540175|20260824105615|1003.43
1787540180|20260824105620|1003.55
1787540185|20260824105625|1003.58
1787540195|20260824105635|1003.69
1787540200|20260824105640|1003.69
1787540210|20260824105650|1003.74
1787540215|20260824105655|1003.89
1787540220|20260824105700|1003.93
1787540225|20260824105705|1003.92
1787540230|20260824105710|1004.01
1787540235|20260824105715|1003.91
1787540240|20260824105720|1003.62
1787540245|20260824105725|1003.67
1787540255|20260824105735|1003.67
1787540260|20260824105740|1003.48
1787540265|20260824105745|1003.53
1787540270|20260824105750|1003.53
1787540275|20260824105755|1003.42
1787540280|20260824105800|1003.63
1787540285|20260824105805|1003.52
1787540295|20260824105815|1003.17
1787540300|20260824105820|1003.20
1787540305|20260824105825|1003.17
1787540315|20260824105835|1003.25
1787540320|20260824105840|1003.26
1787540325|20260824105845|1003.32
1787540330|20260824105850|1003.42
1787540340|20260824105900|1003.32
1787540350|20260824105910|1003.46
1787540355|20260824105915|1003.44
1787540360|20260824105920|1003.74
1787540365|20260824105925|1003.70
1787540375|20260824105935|1003.57
1787540380|20260824105940|1003.76
1787540405|20260824110005|1003.81
1787540415|20260824110015|1003.87
1787540425|20260824110025|1003.51
1787540435|20260824110035|1003.47
1787540440|20260824110040|1003.37
1787540455|20260824110055|1003.55
1787540465|20260824110105|1003.71
1787540475|20260824110115|1003.78
1787540480|20260824110120|1003.76
1787540485|20260824110125|1003.65
1787540495|20260824110135|1003.48
1787540500|20260824110140|1003.46
1787540525|20260824110205|1003.44
1787540530|20260824110210|1003.47
1787540535|20260824110215|1003.32
1787540540|20260824110220|1003.40
1787540545|20260824110225|1003.37
1787540555|20260824110235|1003.09
1787540560|20260824110240|1002.86
1787540565|20260824110245|1002.71
1787540570|20260824110250|1002.74
1787540580|20260824110300|1002.78
1787540585|20260824110305|1002.80
1787540600|20260824110320|1003.06
1787540605|20260824110325|1003.07
1787540620|20260824110340|1003.13
1787540625|20260824110345|1003.13
1787540630|20260824110350|1003.31
1787540635|20260824110355|1003.20
1787540645|20260824110405|1003.22
1787540650|20260824110410|1003.26
1787540655|20260824110415|1003.44
1787540665|20260824110425|1003.33
1787540700|20260824110500|1003.14
1787540705|20260824110505|1003.16
1787540710|20260824110510|1002.80
1787540715|20260824110515|1002.69
1787540720|20260824110520|1002.53
1787540725|20260824110525|1002.65
1787540735|20260824110535|1002.69
1787540740|20260824110540|1002.80
1787540745|20260824110545|1002.81
1787540750|20260824110550|1002.68
1787540755|20260824110555|1002.79
1787540760|20260824110600|1002.78
1787540765|20260824110605|1002.79
1787540770|20260824110610|1002.73
1787540775|20260824110615|1002.78
1787540780|20260824110620|1002.73
1787540795|20260824110635|1002.69
1787540805|20260824110645|1002.27
1787540810|20260824110650|1002.21
1787540815|20260824110655|1002.20
1787540820|20260824110700|1002.08
1787540825|20260824110705|1002.10
1787540830|20260824110710|1002.07
1787540835|20260824110715|1002.01
1787540840|20260824110720|1002.05
1787540845|20260824110725|1002.09
1787540855|20260824110735|1002.34
1787540865|20260824110745|1002.32
1787540870|20260824110750|1002.29
1787540875|20260824110755|1002.31
1787540880|20260824110800|1002.48
1787540885|20260824110805|1002.36
1787540890|20260824110810|1002.36
1787540905|20260824110825|1002.23
1787540915|20260824110835|1002.38
1787540925|20260824110845|1002.39
1787540930|20260824110850|1002.31
1787540935|20260824110855|1002.43
1787540955|20260824110915|1002.44
1787540960|20260824110920|1002.41
1787540965|20260824110925|1002.34
1787541010|20260824111010|1002.58
1787541015|20260824111015|1002.57
1787541020|20260824111020|1002.53
1787541040|20260824111040|1002.64
1787541045|20260824111045|1002.68
1787541050|20260824111050|1002.59
1787541080|20260824111120|1001.81
1787541085|20260824111125|1001.94
1787541095|20260824111135|1001.69
1787541100|20260824111140|1001.70
1787541105|20260824111145|1001.73
1787541110|20260824111150|1001.84
1787541115|20260824111155|1001.75
1787541125|20260824111205|1001.71
1787541130|20260824111210|1001.67
1787541140|20260824111220|1001.88
1787541145|20260824111225|1001.82
1787541155|20260824111235|1002.13
1787541170|20260824111250|1001.92
1787541175|20260824111255|1002.01
1787541185|20260824111305|1002.09
1787541190|20260824111310|1002.12
1787541195|20260824111315|1002.11
1787541215|20260824111335|1002.59
1787541220|20260824111340|1002.55
1787541225|20260824111345|1002.47
1787541230|20260824111350|1002.49
1787541235|20260824111355|1002.55
1787541245|20260824111405|1002.78
1787541250|20260824111410|1002.77
1787541255|20260824111415|1002.78
1787541260|20260824111420|1002.74
1787541265|20260824111425|1002.75
1787541295|20260824111455|1002.46
1787541300|20260824111500|1002.38
1787541305|20260824111505|1002.41
1787541310|20260824111510|1002.44
1787541315|20260824111515|1002.42
1787541320|20260824111520|1002.63
1787541325|20260824111525|1002.54
1787541335|20260824111535|1002.58
1787541340|20260824111540|1002.58
1787541345|20260824111545|1002.61
1787541350|20260824111550|1002.65
1787541355|20260824111555|1002.47
1787541360|20260824111600|1002.49
1787541365|20260824111605|1002.47
1787541370|20260824111610|1002.53
1787541380|20260824111620|1002.49
1787541385|20260824111625|1002.45
1787541395|20260824111635|1002.65
1787541400|20260824111640|1002.73
1787541405|20260824111645|1002.84
1787541410|20260824111650|1002.73
1787541415|20260824111655|1002.80
1787541420|20260824111700|1002.83
1787541425|20260824111705|1002.74
1787541435|20260824111715|1002.90
1787541440|20260824111720|1002.83
1787541445|20260824111725|1002.97
1787541455|20260824111735|1003.07
1787541460|20260824111740|1003.19
1787541465|20260824111745|1003.11
1787541470|20260824111750|1003.12
1787541475|20260824111755|1003.12
1787541480|20260824111800|1003.17
1787541490|20260824111810|1003.11
1787541500|20260824111820|1003.21
1787541520|20260824111840|1002.90
1787541525|20260824111845|1002.95
1787541530|20260824111850|1002.98
1787541545|20260824111905|1003.14
1787541550|20260824111910|1003.10
1787541560|20260824111920|1002.91
1787541565|20260824111925|1002.94
1787541580|20260824111940|1003.02
1787541600|20260824112000|1002.71
1787541605|20260824112005|1002.87
1787541610|20260824112010|1002.91
1787541615|20260824112015|1002.96
1787541620|20260824112020|1002.85
1787541625|20260824112025|1002.87
1787541645|20260824112045|1002.39
1787541650|20260824112050|1002.16
1787541655|20260824112055|1002.21
1787541660|20260824112100|1002.24
1787541665|20260824112105|1002.03
1787541675|20260824112115|1002.04
1787541680|20260824112120|1002.06
1787541685|20260824112125|1002.09
1787541690|20260824112130|1002.23
1787541695|20260824112135|1002.23
1787541700|20260824112140|1002.37
1787541705|20260824112145|1002.48
1787541710|20260824112150|1002.58
1787541720|20260824112200|1002.71
1787541725|20260824112205|1002.74
1787541730|20260824112210|1002.76
1787541735|20260824112215|1002.65
1787541740|20260824112220|1002.72
1787541745|20260824112225|1002.53
1787541755|20260824112235|1002.86
1787541760|20260824112240|1002.82
1787541765|20260824112245|1002.70
1787541770|20260824112250|1002.69
1787541780|20260824112300|1002.92
1787541785|20260824112305|1002.88
1787541790|20260824112310|1003.27
1787541795|20260824112315|1003.24
1787541800|20260824112320|1003.24
1787541805|20260824112325|1003.26
1787541815|20260824112335|1003.03
1787541820|20260824112340|1003.63
1787541825|20260824112345|1003.66
1787541830|20260824112350|1003.67
1787541835|20260824112355|1003.67
1787541840|20260824112400|1003.61
1787541845|20260824112405|1003.58
1787541850|20260824112410|1003.63
1787541855|20260824112415|1003.65
1787541860|20260824112420|1003.75
1787541865|20260824112425|1003.60
1787541900|20260824112500|1003.36
1787541910|20260824112510|1003.57
1787541915|20260824112515|1003.58
1787541920|20260824112520|1003.64
1787541935|20260824112535|1004.00
1787541940|20260824112540|1003.98
1787541945|20260824112545|1003.99
1787541950|20260824112550|1004.03
1787541955|20260824112555|1004.10
1787541960|20260824112600|1004.07
1787541965|20260824112605|1004.11
1787541970|20260824112610|1004.20
1787541980|20260824112620|1004.19
1787541995|20260824112635|1004.42
1787542000|20260824112640|1004.49
1787542005|20260824112645|1004.48
1787542010|20260824112650|1004.62
1787542015|20260824112655|1004.54
1787542020|20260824112700|1004.60
1787542030|20260824112710|1004.54
1787542040|20260824112720|1004.55
1787542045|20260824112725|1004.49
1787542065|20260824112745|1004.21
1787542075|20260824112755|1003.96
1787542080|20260824112800|1004.18
1787542085|20260824112805|1004.25
1787542090|20260824112810|1004.13
1787542095|20260824112815|1004.07
1787542100|20260824112820|1003.85
1787542105|20260824112825|1003.85
1787542115|20260824112835|1003.97
1787542120|20260824112840|1003.85
1787542130|20260824112850|1003.97
1787542135|20260824112855|1003.96
1787542140|20260824112900|1003.89
1787542145|20260824112905|1003.81
1787542150|20260824112910|1003.81
1787542160|20260824112920|1003.67
1787542165|20260824112925|1003.76
1787542180|20260824112940|1003.83
1787542185|20260824112945|1003.88
1787542195|20260824112955|1003.83
1787542205|20260824113005|1003.88
1787542210|20260824113010|1003.95
1787542220|20260824113020|1004.01
1787542225|20260824113025|1004.10
1787542235|20260824113035|1004.22
1787542240|20260824113040|1004.19
1787542245|20260824113045|1003.99
1787542250|20260824113050|1004.03
1787542255|20260824113055|1004.09
1787542265|20260824113105|1004.06
1787542275|20260824113115|1003.95
1787542285|20260824113125|1004.17
1787542295|20260824113135|1004.17
1787542300|20260824113140|1004.19
1787542305|20260824113145|1004.19
1787542315|20260824113155|1004.32
1787542325|20260824113205|1004.54
1787542330|20260824113210|1004.61
1787542335|20260824113215|1004.54
1787542345|20260824113225|1004.58
1787542355|20260824113235|1004.70
1787542360|20260824113240|1004.67
1787542365|20260824113245|1004.66
1787542385|20260824113305|1004.68
1787542390|20260824113310|1004.68
1787542395|20260824113315|1004.66
1787542400|20260824113320|1004.41
1787542425|20260824113345|1004.21
1787542440|20260824113400|1004.41
1787542445|20260824113405|1004.46
1787542450|20260824113410|1004.52
1787542460|20260824113420|1004.55
1787542500|20260824113500|1004.64
1787542505|20260824113505|1004.73
1787542510|20260824113510|1004.73
1787542515|20260824113515|1004.72
1787542520|20260824113520|1004.71
1787542525|20260824113525|1004.73
1787542535|20260824113535|1004.86
1787542545|20260824113545|1004.73
1787542580|20260824113620|1004.65
1787542585|20260824113625|1004.69
1787542595|20260824113635|1004.79
1787542600|20260824113640|1004.77
1787542605|20260824113645|1004.77
1787542610|20260824113650|1004.83
1787542620|20260824113700|1004.83
1787542625|20260824113705|1004.83
1787542630|20260824113710|1004.76
1787542635|20260824113715|1004.71
1787542645|20260824113725|1005.03
1787542655|20260824113735|1004.90
1787542660|20260824113740|1004.78
1787542665|20260824113745|1004.88
1787542670|20260824113750|1005.03
1787542675|20260824113755|1005.07
1787542685|20260824113805|1005.00
1787542690|20260824113810|1005.01
1787542695|20260824113815|1005.03
1787542700|20260824113820|1005.03
1787542705|20260824113825|1005.03
1787542715|20260824113835|1005.01
1787542725|20260824113845|1005.02
1787542735|20260824113855|1005.08
1787542745|20260824113905|1005.10
1787542750|20260824113910|1005.11
1787542760|20260824113920|1005.13
1787542805|20260824114005|1004.64
1787542810|20260824114010|1004.62
1787542815|20260824114015|1004.63
1787542820|20260824114020|1004.54
1787542825|20260824114025|1004.66
1787542835|20260824114035|1004.66
1787542840|20260824114040|1004.68
1787542845|20260824114045|1004.70
1787542850|20260824114050|1004.65
1787542855|20260824114055|1004.68
1787542860|20260824114100|1004.67
1787542865|20260824114105|1004.67
1787542870|20260824114110|1004.68
1787542875|20260824114115|1004.66
1787542880|20260824114120|1004.64
1787542885|20260824114125|1004.63
1787542895|20260824114135|1004.52
1787542910|20260824114150|1004.41
1787542915|20260824114155|1004.41
1787542930|20260824114210|1004.38
1787542935|20260824114215|1004.33
1787542940|20260824114220|1004.12
1787542945|20260824114225|1004.26
1787542955|20260824114235|1004.22
1787542960|20260824114240|1004.10
1787542965|20260824114245|1004.23
1787542975|20260824114255|1004.14
1787542990|20260824114310|1004.27
1787543000|20260824114320|1004.15
1787543005|20260824114325|1004.23
1787543015|20260824114335|1004.15
1787543020|20260824114340|1004.20
1787543025|20260824114345|1004.29
1787543030|20260824114350|1004.21
1787543035|20260824114355|1004.32
1787543055|20260824114415|1004.05
1787543100|20260824114500|1003.63
1787543105|20260824114505|1003.63
1787543110|20260824114510|1003.63
1787543120|20260824114520|1003.66
1787543125|20260824114525|1003.69
1787543130|20260824114530|1003.69
1787543135|20260824114535|1003.62
1787543140|20260824114540|1003.55
1787543145|20260824114545|1003.62
1787543155|20260824114555|1003.61
1787543165|20260824114605|1003.65
1787543170|20260824114610|1003.69
1787543175|20260824114615|1003.77
1787543180|20260824114620|1003.78
1787543185|20260824114625|1003.70
1787543195|20260824114635|1003.95
1787543200|20260824114640|1003.93
1787543205|20260824114645|1003.93
1787543210|20260824114650|1003.93
1787543225|20260824114705|1003.95
1787543235|20260824114715|1003.88
1787543240|20260824114720|1003.85
1787543245|20260824114725|1003.73
1787543255|20260824114735|1003.69
1787543265|20260824114745|1003.78
1787543275|20260824114755|1003.75
1787543280|20260824114800|1003.75
1787543285|20260824114805|1003.74
1787543290|20260824114810|1003.71
1787543295|20260824114815|1003.72
1787543300|20260824114820|1003.75
1787543305|20260824114825|1003.62
1787543315|20260824114835|1003.70
1787543320|20260824114840|1003.72
1787543325|20260824114845|1003.77
1787543330|20260824114850|1003.70
1787543335|20260824114855|1003.68
1787543350|20260824114910|1003.54
1787543355|20260824114915|1003.57
1787543360|20260824114920|1003.62
1787543405|20260824115005|1003.64
1787543410|20260824115010|1003.56
1787543420|20260824115020|1003.63
1787543425|20260824115025|1003.60
1787543435|20260824115035|1003.67
1787543440|20260824115040|1003.74
1787543465|20260824115105|1003.87
1787543480|20260824115120|1003.98
1787543485|20260824115125|1003.99
1787543495|20260824115135|1003.73
1787543500|20260824115140|1003.74
1787543525|20260824115205|1003.73
1787543530|20260824115210|1003.79
1787543540|20260824115220|1003.74
1787543545|20260824115225|1003.85
1787543555|20260824115235|1003.92
1787543565|20260824115245|1003.76
1787543570|20260824115250|1003.73
1787543575|20260824115255|1003.75
1787543585|20260824115305|1003.67
1787543590|20260824115310|1003.70
1787543595|20260824115315|1003.74
1787543600|20260824115320|1003.72
1787543605|20260824115325|1003.86
1787543625|20260824115345|1003.65
1787543635|20260824115355|1003.69
1787543640|20260824115400|1003.69
1787543645|20260824115405|1003.68
1787543650|20260824115410|1003.71
1787543660|20260824115420|1003.64
1787543665|20260824115425|1003.64
1787543675|20260824115435|1003.77
1787543685|20260824115445|1003.72
1787543695|20260824115455|1003.35
1787543700|20260824115500|1003.30
1787543710|20260824115510|1003.55
1787543715|20260824115515|1003.62
1787543720|20260824115520|1003.71
1787543735|20260824115535|1003.59
1787543750|20260824115550|1003.62
1787543760|20260824115600|1003.50
1787543765|20260824115605|1003.47
1787543770|20260824115610|1003.26
1787543780|20260824115620|1003.39
1787543785|20260824115625|1003.39
1787543795|20260824115635|1003.59
1787543800|20260824115640|1003.34
1787543810|20260824115650|1003.24
1787543825|20260824115705|1003.24
1787543830|20260824115710|1003.24
1787543835|20260824115715|1003.11
1787543840|20260824115720|1003.07
1787543845|20260824115725|1003.08
1787543855|20260824115735|1003.18
1787543860|20260824115740|1003.21
1787543865|20260824115745|1003.14
1787543880|20260824115800|1003.16
1787543885|20260824115805|1003.18
1787543890|20260824115810|1003.20
1787543895|20260824115815|1003.24
1787543900|20260824115820|1003.23
1787543905|20260824115825|1003.27
1787543915|20260824115835|1003.28
1787543920|20260824115840|1003.32
1787543925|20260824115845|1003.33
1787543935|20260824115855|1003.33
1787543940|20260824115900|1003.29
1787543945|20260824115905|1003.29
1787543950|20260824115910|1003.34
1787543955|20260824115915|1003.28
1787543960|20260824115920|1003.20
1787543965|20260824115925|1003.23
1787543975|20260824115935|1003.16
1787543985|20260824115945|1003.16
1787543990|20260824115950|1003.19
1787544000|20260824120000|1003.34
1787544005|20260824120005|1003.34
1787544010|20260824120010|1003.32
1787544015|20260824120015|1003.31
1787544020|20260824120020|1003.29
1787544025|20260824120025|1003.25
1787544035|20260824120035|1003.34
1787544045|20260824120045|1003.17
1787544050|20260824120050|1002.84
1787544055|20260824120055|1002.84
1787544065|20260824120105|1002.75
1787544070|20260824120110|1002.54
1787544075|20260824120115|1002.50
1787544080|20260824120120|1002.66
1787544085|20260824120125|1002.64
1787544095|20260824120135|1002.79
1787544100|20260824120140|1002.83
1787544105|20260824120145|1002.78
1787544110|20260824120150|1002.84
1787544115|20260824120155|1002.86
1787544125|20260824120205|1002.91
1787544130|20260824120210|1002.91
1787544140|20260824120220|1002.89
1787544165|20260824120245|1002.71
1787544170|20260824120250|1002.74
1787544175|20260824120255|1002.85
1787544180|20260824120300|1002.89
1787544190|20260824120310|1002.92
1787544195|20260824120315|1003.00
1787544200|20260824120320|1003.05
1787544205|20260824120325|1003.09
1787544220|20260824120340|1003.52
1787544225|20260824120345|1003.49
1787544230|20260824120350|1003.49
1787544235|20260824120355|1003.49
1787544245|20260824120405|1003.23
1787544250|20260824120410|1003.25
1787544255|20260824120415|1003.13
1787544260|20260824120420|1003.15
1787544300|20260824120500|1002.90
1787544305|20260824120505|1002.81
1787544310|20260824120510|1002.73
1787544315|20260824120515|1002.75
1787544320|20260824120520|1002.72
1787544335|20260824120535|1002.62
1787544340|20260824120540|1002.53
1787544345|20260824120545|1002.12
1787544350|20260824120550|1002.09
1787544355|20260824120555|1002.11
1787544365|20260824120605|1002.07
1787544370|20260824120610|1002.07
1787544375|20260824120615|1002.01
1787544380|20260824120620|1002.07
1787544395|20260824120635|1001.97
1787544410|20260824120650|1001.89
1787544415|20260824120655|1001.81
1787544435|20260824120715|1001.46
1787544440|20260824120720|1001.46
1787544445|20260824120725|1001.48
1787544455|20260824120735|1001.57
1787544460|20260824120740|1001.61
1787544465|20260824120745|1001.59
1787544470|20260824120750|1001.52
1787544480|20260824120800|1001.48
1787544485|20260824120805|1001.47
1787544490|20260824120810|1001.52
1787544495|20260824120815|1001.45
1787544505|20260824120825|1001.65
1787544520|20260824120840|1001.71
1787544525|20260824120845|1001.73
1787544530|20260824120850|1001.78
1787544535|20260824120855|1001.77
1787544540|20260824120900|1001.72
1787544545|20260824120905|1001.68
1787544550|20260824120910|1001.83
1787544560|20260824120920|1001.77
1787544565|20260824120925|1001.90
1787544590|20260824120950|1001.70
1787544605|20260824121005|1001.56
1787544615|20260824121015|1001.50
1787544620|20260824121020|1001.60
1787544625|20260824121025|1001.62
1787544640|20260824121040|1001.60
1787544645|20260824121045|1001.68
1787544650|20260824121050|1001.69
1787544655|20260824121055|1001.69
1787544660|20260824121100|1001.72
1787544665|20260824121105|1001.62
1787544670|20260824121110|1001.68
1787544675|20260824121115|1001.69
1787544680|20260824121120|1001.77
1787544685|20260824121125|1001.81
1787544695|20260824121135|1001.99
1787544700|20260824121140|1001.88
1787544710|20260824121150|1001.87
1787544715|20260824121155|1001.88
1787544730|20260824121210|1002.10
1787544735|20260824121215|1002.13
1787544740|20260824121220|1002.11
1787544755|20260824121235|1002.16
1787544760|20260824121240|1002.20
1787544765|20260824121245|1002.38
1787544770|20260824121250|1002.36
1787544790|20260824121310|1002.60
1787544795|20260824121315|1002.72
1787544800|20260824121320|1002.69
1787544815|20260824121335|1002.55
1787544820|20260824121340|1002.54
1787544825|20260824121345|1002.45
1787544830|20260824121350|1002.46
1787544835|20260824121355|1002.46
1787544845|20260824121405|1002.42
1787544850|20260824121410|1002.47
1787544855|20260824121415|1002.46
1787544860|20260824121420|1002.35
1787544865|20260824121425|1002.35
1787544900|20260824121500|1002.60
1787544905|20260824121505|1002.52
1787544915|20260824121515|1002.43
1787544920|20260824121520|1002.43
1787544925|20260824121525|1002.31
1787544935|20260824121535|1002.28
1787544940|20260824121540|1002.26
1787544945|20260824121545|1002.25
1787544950|20260824121550|1002.19
1787544955|20260824121555|1002.15
1787544960|20260824121600|1002.10
1787544975|20260824121615|1002.00
1787544980|20260824121620|1002.05
1787544995|20260824121635|1002.04
1787545000|20260824121640|1002.02
1787545005|20260824121645|1002.04
1787545010|20260824121650|1002.07
1787545015|20260824121655|1002.07
1787545020|20260824121700|1002.09
1787545025|20260824121705|1002.12
1787545030|20260824121710|1002.12
1787545035|20260824121715|1002.12
1787545040|20260824121720|1002.13
1787545045|20260824121725|1002.32
1787545055|20260824121735|1002.39
1787545065|20260824121745|1002.59
1787545070|20260824121750|1002.59
1787545085|20260824121805|1002.85
1787545090|20260824121810|1002.88
1787545095|20260824121815|1002.89
1787545100|20260824121820|1002.82
1787545125|20260824121845|1002.81
1787545130|20260824121850|1003.01
1787545145|20260824121905|1003.05
1787545150|20260824121910|1003.04
1787545160|20260824121920|1002.85
1787545165|20260824121925|1002.86
1787545205|20260824122005|1003.00
1787545210|20260824122010|1002.95
1787545215|20260824122015|1002.97
1787545220|20260824122020|1002.95
1787545225|20260824122025|1003.00
1787545235|20260824122035|1002.91
1787545240|20260824122040|1002.91
1787545245|20260824122045|1002.80
1787545250|20260824122050|1002.82
1787545255|20260824122055|1002.82
1787545265|20260824122105|1002.83
1787545280|20260824122120|1002.91
1787545285|20260824122125|1002.79
1787545305|20260824122145|1002.76
1787545330|20260824122210|1002.71
1787545335|20260824122215|1002.79
1787545340|20260824122220|1002.80
1787545355|20260824122235|1002.63
1787545360|20260824122240|1002.54
1787545375|20260824122255|1002.59
1787545385|20260824122305|1002.62
1787545395|20260824122315|1002.54
1787545400|20260824122320|1002.78
1787545405|20260824122325|1002.88
1787545415|20260824122335|1002.80
1787545420|20260824122340|1002.75
1787545425|20260824122345|1002.80
1787545430|20260824122350|1002.81
1787545445|20260824122405|1002.91
1787545455|20260824122415|1002.93
1787545465|20260824122425|1002.87
1787545510|20260824122510|1002.57
1787545520|20260824122520|1002.73
1787545525|20260824122525|1002.76
1787545540|20260824122540|1002.84
1787545545|20260824122545|1002.66
1787545565|20260824122605|1002.81
1787545570|20260824122610|1002.73
1787545575|20260824122615|1002.79
1787545585|20260824122625|1002.77
1787545595|20260824122635|1003.07
1787545605|20260824122645|1003.25
1787545610|20260824122650|1003.20
1787545625|20260824122705|1003.15
1787545630|20260824122710|1003.17
1787545640|20260824122720|1003.01
1787545665|20260824122745|1003.35
1787545670|20260824122750|1003.31
1787545675|20260824122755|1003.04
1787545705|20260824122825|1002.86
1787545720|20260824122840|1002.98
1787545725|20260824122845|1003.18
1787545745|20260824122905|1003.13
1787545750|20260824122910|1002.96
1787545760|20260824122920|1002.83
1787545800|20260824123000|1003.06
1787545805|20260824123005|1003.11
1787545810|20260824123010|1003.02
1787545825|20260824123025|1003.02
1787545835|20260824123035|1003.01
1787545850|20260824123050|1003.06
1787545865|20260824123105|1002.82
1787545880|20260824123120|1002.63
1787545900|20260824123140|1002.60
1787545905|20260824123145|1002.59
1787545925|20260824123205|1002.57
1787545940|20260824123220|1002.38
1787545945|20260824123225|1002.38
1787545955|20260824123235|1002.36
1787545960|20260824123240|1002.38
1787545965|20260824123245|1002.42
1787545985|20260824123305|1002.47
1787545990|20260824123310|1002.44
1787545995|20260824123315|1002.40
1787546000|20260824123320|1002.38
1787546020|20260824123340|1002.12
1787546025|20260824123345|1002.11
1787546030|20260824123350|1001.99
1787546035|20260824123355|1001.80
1787546045|20260824123405|1001.60
1787546050|20260824123410|1001.82
1787546055|20260824123415|1001.83
1787546060|20260824123420|1001.79
1787546065|20260824123425|1001.88
1787546105|20260824123505|1002.04
1787546110|20260824123510|1002.06
1787546120|20260824123520|1001.95
1787546125|20260824123525|1001.90
1787546135|20260824123535|1001.95
1787546140|20260824123540|1001.99
1787546150|20260824123550|1002.04
1787546180|20260824123620|1002.06
1787546185|20260824123625|1002.11
1787546195|20260824123635|1002.10
1787546205|20260824123645|1002.03
1787546210|20260824123650|1001.96
1787546215|20260824123655|1002.00
1787546220|20260824123700|1002.11
1787546225|20260824123705|1002.22
1787546235|20260824123715|1002.10
1787546240|20260824123720|1001.99
1787546245|20260824123725|1002.05
1787546255|20260824123735|1002.06
1787546260|20260824123740|1002.13
1787546265|20260824123745|1002.12
1787546270|20260824123750|1002.08
1787546280|20260824123800|1002.09
1787546285|20260824123805|1002.13
1787546300|20260824123820|1002.20
1787546315|20260824123835|1002.43
1787546320|20260824123840|1002.35
1787546325|20260824123845|1002.42
1787546330|20260824123850|1002.19
1787546335|20260824123855|1002.30
1787546340|20260824123900|1002.30
1787546345|20260824123905|1002.34
1787546350|20260824123910|1002.23
1787546355|20260824123915|1002.25
1787546360|20260824123920|1002.30
1787546365|20260824123925|1002.43
1787546405|20260824124005|1002.27
1787546410|20260824124010|1002.22
1787546420|20260824124020|1002.15
1787546435|20260824124035|1002.23
1787546445|20260824124045|1002.13
1787546450|20260824124050|1002.12
1787546455|20260824124055|1002.16
1787546465|20260824124105|1002.04
1787546475|20260824124115|1002.08
1787546480|20260824124120|1002.06
1787546495|20260824124135|1002.12
1787546505|20260824124145|1002.30
1787546510|20260824124150|1002.22
1787546515|20260824124155|1002.26
1787546525|20260824124205|1002.07
1787546540|20260824124220|1002.04
1787546545|20260824124225|1002.17
1787546555|20260824124235|1002.18
1787546560|20260824124240|1002.18
1787546565|20260824124245|1002.21
1787546580|20260824124300|1002.25
1787546585|20260824124305|1002.27
1787546590|20260824124310|1002.27
1787546600|20260824124320|1002.36
1787546605|20260824124325|1002.55
1787546615|20260824124335|1002.57
1787546620|20260824124340|1002.60
1787546630|20260824124350|1002.50
1787546635|20260824124355|1002.51
1787546640|20260824124400|1002.55
1787546645|20260824124405|1002.48
1787546655|20260824124415|1002.57
1787546665|20260824124425|1002.60
1787546700|20260824124500|1002.64
1787546710|20260824124510|1002.61
1787546715|20260824124515|1002.69
1787546720|20260824124520|1002.70
1787546725|20260824124525|1002.70
1787546735|20260824124535|1002.73
1787546745|20260824124545|1002.56
1787546755|20260824124555|1002.46
1787546770|20260824124610|1002.17
1787546775|20260824124615|1002.17
1787546780|20260824124620|1002.22
1787546785|20260824124625|1002.21
1787546795|20260824124635|1002.50
1787546805|20260824124645|1002.54
1787546810|20260824124650|1002.53
1787546815|20260824124655|1002.50
1787546820|20260824124700|1002.54
1787546825|20260824124705|1002.57
1787546835|20260824124715|1002.57
1787546840|20260824124720|1002.31
1787546845|20260824124725|1002.33
1787546855|20260824124735|1002.31
1787546860|20260824124740|1002.34
1787546865|20260824124745|1002.28
1787546875|20260824124755|1002.30
1787546880|20260824124800|1002.29
1787546885|20260824124805|1002.32
1787546890|20260824124810|1002.31
1787546895|20260824124815|1002.33
1787546900|20260824124820|1002.48
1787546930|20260824124850|1002.40
1787546935|20260824124855|1002.38
1787546945|20260824124905|1002.37
1787546950|20260824124910|1002.27
1787546955|20260824124915|1002.17
1787547010|20260824125010|1002.12
1787547015|20260824125015|1002.21
1787547020|20260824125020|1002.17
1787547035|20260824125035|1002.75
1787547040|20260824125040|1002.93
1787547045|20260824125045|1002.98
1787547050|20260824125050|1002.90
1787547055|20260824125055|1002.86
1787547060|20260824125100|1002.81
1787547075|20260824125115|1002.60
1787547080|20260824125120|1002.60
1787547085|20260824125125|1002.60
1787547095|20260824125135|1002.59
1787547105|20260824125145|1002.65
1787547115|20260824125155|1002.67
1787547120|20260824125200|1002.59
1787547125|20260824125205|1002.63
1787547145|20260824125225|1002.59
1787547155|20260824125235|1002.60
1787547160|20260824125240|1002.60
1787547165|20260824125245|1002.58
1787547170|20260824125250|1002.54
1787547180|20260824125300|1002.55
1787547190|20260824125310|1002.60
1787547195|20260824125315|1002.65
1787547200|20260824125320|1002.64
1787547205|20260824125325|1002.52
1787547215|20260824125335|1002.65
1787547220|20260824125340|1002.65
1787547230|20260824125350|1002.93
1787547245|20260824125405|1002.95
1787547250|20260824125410|1002.90
1787547255|20260824125415|1002.93
1787547265|20260824125425|1002.92
1787547275|20260824125435|1002.85
1787547285|20260824125445|1002.86
1787547295|20260824125455|1002.86
1787547300|20260824125500|1002.86
1787547305|20260824125505|1002.95
1787547310|20260824125510|1003.01
1787547315|20260824125515|1003.00
1787547325|20260824125525|1002.94
1787547335|20260824125535|1002.87
1787547340|20260824125540|1002.84
1787547345|20260824125545|1002.82
1787547350|20260824125550|1002.80
1787547355|20260824125555|1002.78
1787547360|20260824125600|1002.81
1787547370|20260824125610|1002.74
1787547375|20260824125615|1002.74
1787547380|20260824125620|1002.75
1787547395|20260824125635|1002.86
1787547400|20260824125640|1002.84
1787547405|20260824125645|1002.88
1787547410|20260824125650|1002.89
1787547415|20260824125655|1002.81
1787547420|20260824125700|1002.76
1787547425|20260824125705|1002.80
1787547430|20260824125710|1002.84
1787547435|20260824125715|1002.84
1787547440|20260824125720|1002.88
1787547455|20260824125735|1002.78
1787547460|20260824125740|1002.85
1787547465|20260824125745|1002.85
1787547470|20260824125750|1002.88
1787547475|20260824125755|1002.89
1787547480|20260824125800|1002.81
1787547485|20260824125805|1002.82
1787547490|20260824125810|1002.85
1787547495|20260824125815|1002.86
1787547505|20260824125825|1002.89
1787547515|20260824125835|1002.66
1787547520|20260824125840|1002.56
1787547525|20260824125845|1002.54
1787547530|20260824125850|1002.43
1787547535|20260824125855|1002.43
1787547540|20260824125900|1002.43
1787547545|20260824125905|1002.46
1787547550|20260824125910|1002.54
1787547555|20260824125915|1002.54
1787547560|20260824125920|1002.50
1787547565|20260824125925|1002.51
1787547600|20260824130000|1002.73
1787547605|20260824130005|1002.89
1787547620|20260824130020|1003.09
1787547635|20260824130035|1003.27
1787547640|20260824130040|1003.30
1787547645|20260824130045|1003.28
1787547650|20260824130050|1003.31
1787547655|20260824130055|1003.25
1787547660|20260824130100|1003.30
1787547665|20260824130105|1002.84
1787547670|20260824130110|1002.82
1787547675|20260824130115|1002.91
1787547685|20260824130125|1002.88
1787547695|20260824130135|1003.12
1787547700|20260824130140|1003.11
1787547705|20260824130145|1003.11
1787547710|20260824130150|1002.95
1787547715|20260824130155|1002.91
1787547720|20260824130200|1002.93
1787547725|20260824130205|1003.00
1787547730|20260824130210|1002.95
1787547735|20260824130215|1003.00
1787547740|20260824130220|1003.03
1787547745|20260824130225|1003.00
1787547755|20260824130235|1003.12
1787547770|20260824130250|1003.06
1787547780|20260824130300|1002.94
1787547785|20260824130305|1002.94
1787547790|20260824130310|1002.87
1787547795|20260824130315|1002.93
1787547800|20260824130320|1002.87
1787547805|20260824130325|1002.97
1787547815|20260824130335|1003.04
1787547820|20260824130340|1002.98
1787547825|20260824130345|1003.00
1787547830|20260824130350|1002.99
1787547835|20260824130355|1003.05
1787547845|20260824130405|1003.08
1787547850|20260824130410|1003.08
1787547910|20260824130510|1002.88
1787547915|20260824130515|1003.01
1787547925|20260824130525|1003.36
1787547935|20260824130535|1003.38
1787547945|20260824130545|1003.37
1787547950|20260824130550|1003.23
1787547955|20260824130555|1003.25
1787547960|20260824130600|1003.32
1787547965|20260824130605|1003.31
1787547970|20260824130610|1003.30
1787547980|20260824130620|1003.43
1787547995|20260824130635|1003.27
1787548000|20260824130640|1003.24
1787548005|20260824130645|1003.25
1787548010|20260824130650|1003.25
1787548015|20260824130655|1003.24
1787548020|20260824130700|1003.39
1787548025|20260824130705|1003.44
1787548030|20260824130710|1003.47
1787548035|20260824130715|1003.57
1787548040|20260824130720|1003.46
1787548045|20260824130725|1003.47
1787548055|20260824130735|1003.27
1787548065|20260824130745|1003.27
1787548070|20260824130750|1003.25
1787548090|20260824130810|1003.42
1787548105|20260824130825|1003.36
1787548130|20260824130850|1003.33
1787548135|20260824130855|1003.35
1787548155|20260824130915|1003.07
1787548160|20260824130920|1003.18
1787548165|20260824130925|1003.20
1787548205|20260824131005|1002.96
1787548210|20260824131010|1003.06
1787548215|20260824131015|1003.11
1787548220|20260824131020|1002.95
1787548235|20260824131035|1003.08
1787548240|20260824131040|1003.11
1787548255|20260824131055|1003.38
1787548260|20260824131100|1003.33
1787548270|20260824131110|1003.10
1787548280|20260824131120|1003.11
1787548285|20260824131125|1003.18
1787548295|20260824131135|1003.28
1787548300|20260824131140|1003.43
1787548305|20260824131145|1003.37
1787548320|20260824131200|1003.43
1787548325|20260824131205|1003.39
1787548330|20260824131210|1003.32
1787548335|20260824131215|1003.35
1787548355|20260824131235|1003.33
1787548360|20260824131240|1003.40
1787548365|20260824131245|1003.38
1787548370|20260824131250|1003.35
1787548375|20260824131255|1003.22
1787548380|20260824131300|1003.25
1787548395|20260824131315|1003.08
1787548400|20260824131320|1003.19
1787548405|20260824131325|1003.25
1787548415|20260824131335|1003.18
1787548425|20260824131345|1003.21
1787548440|20260824131400|1003.18
1787548445|20260824131405|1003.17
1787548450|20260824131410|1003.24
1787548455|20260824131415|1003.32
1787548460|20260824131420|1003.39
1787548465|20260824131425|1003.48
1787548470|20260824131430|1003.50
1787548485|20260824131445|1003.67
1787548495|20260824131455|1003.64
1787548500|20260824131500|1003.65
1787548510|20260824131510|1003.61
1787548515|20260824131515|1003.43
1787548520|20260824131520|1003.51
1787548525|20260824131525|1003.51
1787548540|20260824131540|1003.66
1787548545|20260824131545|1003.69
1787548550|20260824131550|1004.12
1787548560|20260824131600|1003.97
1787548565|20260824131605|1003.84
1787548575|20260824131615|1003.93
1787548595|20260824131635|1003.77
1787548600|20260824131640|1003.83
1787548605|20260824131645|1003.97
1787548615|20260824131655|1003.87
1787548620|20260824131700|1003.90
1787548625|20260824131705|1003.92
1787548630|20260824131710|1003.96
1787548635|20260824131715|1004.09
1787548645|20260824131725|1004.10
1787548655|20260824131735|1004.25
1787548670|20260824131750|1004.37
1787548675|20260824131755|1004.31
1787548680|20260824131800|1004.16
1787548685|20260824131805|1004.10
1787548690|20260824131810|1004.14
1787548695|20260824131815|1004.10
1787548700|20260824131820|1004.02
1787548705|20260824131825|1004.04
1787548710|20260824131830|1004.05
1787548715|20260824131835|1003.91
1787548725|20260824131845|1003.72
1787548730|20260824131850|1003.75
1787548735|20260824131855|1003.93
1787548740|20260824131900|1003.83
1787548750|20260824131910|1003.72
1787548755|20260824131915|1003.76
1787548760|20260824131920|1003.77
1787548765|20260824131925|1003.76
1787548810|20260824132010|1003.59
1787548815|20260824132015|1003.61
1787548825|20260824132025|1003.49
1787548835|20260824132035|1003.49
1787548845|20260824132045|1003.15
1787548860|20260824132100|1003.25
1787548865|20260824132105|1003.08
1787548870|20260824132110|1003.01
1787548875|20260824132115|1003.02
1787548880|20260824132120|1003.15
1787548885|20260824132125|1003.13
1787548895|20260824132135|1003.09
1787548900|20260824132140|1002.99
1787548905|20260824132145|1003.01
1787548910|20260824132150|1003.17
1787548915|20260824132155|1003.04
1787548920|20260824132200|1002.92
1787548925|20260824132205|1002.85
1787548930|20260824132210|1002.86
1787548935|20260824132215|1002.85
1787548945|20260824132225|1002.67
1787548960|20260824132240|1002.74
1787548965|20260824132245|1002.88
1787548970|20260824132250|1002.91
1787548975|20260824132255|1002.91
1787548980|20260824132300|1002.92
1787548985|20260824132305|1002.89
1787548990|20260824132310|1002.87
1787548995|20260824132315|1002.76
1787549000|20260824132320|1002.80
1787549005|20260824132325|1002.77
1787549015|20260824132335|1002.72
1787549020|20260824132340|1002.93
1787549025|20260824132345|1002.85
1787549030|20260824132350|1002.91
1787549035|20260824132355|1002.92
1787549045|20260824132405|1002.65
1787549055|20260824132415|1002.62
1787549060|20260824132420|1002.67
1787549100|20260824132500|1002.63
1787549105|20260824132505|1002.62
1787549115|20260824132515|1002.76
1787549120|20260824132520|1002.78
1787549125|20260824132525|1002.80
1787549135|20260824132535|1002.74
1787549155|20260824132555|1002.95
1787549160|20260824132600|1002.98
1787549165|20260824132605|1002.99
1787549170|20260824132610|1002.88
1787549175|20260824132615|1002.89
1787549180|20260824132620|1002.85
1787549185|20260824132625|1002.68
1787549190|20260824132630|1002.69
1787549195|20260824132635|1002.74
1787549205|20260824132645|1002.63
1787549210|20260824132650|1002.62
1787549215|20260824132655|1002.62
1787549220|20260824132700|1002.59
1787549225|20260824132705|1002.86
1787549230|20260824132710|1002.89
1787549235|20260824132715|1002.94
1787549240|20260824132720|1003.01
1787549245|20260824132725|1003.04
1787549260|20260824132740|1003.15
1787549270|20260824132750|1003.26
1787549285|20260824132805|1003.22
1787549290|20260824132810|1003.30
1787549295|20260824132815|1003.23
1787549300|20260824132820|1003.23
1787549305|20260824132825|1002.92
1787549315|20260824132835|1002.88
1787549320|20260824132840|1002.94
1787549330|20260824132850|1002.81
1787549345|20260824132905|1002.97
1787549350|20260824132910|1002.84
1787549355|20260824132915|1002.69
1787549360|20260824132920|1002.63
1787549365|20260824132925|1002.56
1787549410|20260824133010|1001.83
1787549415|20260824133015|1001.87
1787549420|20260824133020|1002.06
1787549425|20260824133025|1002.04
1787549435|20260824133035|1002.41
1787549440|20260824133040|1002.52
1787549445|20260824133045|1002.38
1787549450|20260824133050|1002.37
1787549460|20260824133100|1002.36
1787549465|20260824133105|1002.26
1787549470|20260824133110|1002.64
1787549475|20260824133115|1002.60
1787549480|20260824133120|1002.84
1787549495|20260824133135|1002.61
1787549500|20260824133140|1002.22
1787549505|20260824133145|1002.22
1787549510|20260824133150|1001.68
1787549520|20260824133200|1001.67
1787549525|20260824133205|1001.55
1787549530|20260824133210|1001.60
1787549535|20260824133215|1001.60
1787549540|20260824133220|1001.39
1787549555|20260824133235|1001.57
1787549560|20260824133240|1001.49
1787549565|20260824133245|1001.50
1787549585|20260824133305|1001.29
1787549600|20260824133320|1001.60
1787549605|20260824133325|1001.46
1787549615|20260824133335|1001.47
1787549625|20260824133345|1001.31
1787549630|20260824133350|1001.35
1787549635|20260824133355|1001.50
1787549645|20260824133405|1001.30
1787549650|20260824133410|1001.18
1787549655|20260824133415|1001.07
1787549660|20260824133420|1000.82
1787549665|20260824133425|1000.94
1787549700|20260824133500|1001.33
1787549705|20260824133505|1001.40
1787549710|20260824133510|1001.48
1787549715|20260824133515|1001.48
1787549720|20260824133520|1001.57
1787549725|20260824133525|1001.79
1787549735|20260824133535|1002.14
1787549740|20260824133540|1002.17
1787549745|20260824133545|1002.17
1787549750|20260824133550|1002.35
1787549755|20260824133555|1002.29
1787549760|20260824133600|1002.14
1787549765|20260824133605|1002.28
1787549770|20260824133610|1002.24
1787549775|20260824133615|1002.28
1787549780|20260824133620|1002.38
1787549785|20260824133625|1002.50
1787549795|20260824133635|1002.57
1787549800|20260824133640|1002.62
1787549805|20260824133645|1002.69
1787549810|20260824133650|1002.66
1787549815|20260824133655|1002.51
1787549820|20260824133700|1002.54
1787549825|20260824133705|1002.50
1787549830|20260824133710|1002.40
1787549835|20260824133715|1002.17
1787549840|20260824133720|1002.18
1787549845|20260824133725|1002.30
1787549855|20260824133735|1002.26
1787549860|20260824133740|1002.19
1787549865|20260824133745|1002.19
1787549870|20260824133750|1002.01
1787549875|20260824133755|1001.38
1787549885|20260824133805|1001.08
1787549890|20260824133810|1001.16
1787549895|20260824133815|1001.11
1787549900|20260824133820|1001.28
1787549905|20260824133825|1001.33
1787549915|20260824133835|1001.57
1787549920|20260824133840|1001.70
1787549925|20260824133845|1001.69
1787549930|20260824133850|1001.54
1787549935|20260824133855|1001.69
1787549940|20260824133900|1001.63
1787549945|20260824133905|1001.65
1787549950|20260824133910|1001.67
1787549960|20260824133920|1001.64
1787549965|20260824133925|1001.67
1787549990|20260824133950|1001.62
1787550005|20260824134005|1001.72
1787550010|20260824134010|1001.76
1787550015|20260824134015|1001.73
1787550020|20260824134020|1001.74
1787550025|20260824134025|1001.88
1787550035|20260824134035|1001.96
1787550040|20260824134040|1001.91
1787550055|20260824134055|1001.69
1787550065|20260824134105|1001.71
1787550070|20260824134110|1001.73
1787550075|20260824134115|1001.70
1787550080|20260824134120|1001.66
1787550085|20260824134125|1001.75
1787550095|20260824134135|1001.74
1787550100|20260824134140|1001.81
1787550110|20260824134150|1001.89
1787550115|20260824134155|1001.81
1787550125|20260824134205|1001.87
1787550130|20260824134210|1001.76
1787550140|20260824134220|1001.87
1787550145|20260824134225|1001.81
1787550155|20260824134235|1001.48
1787550160|20260824134240|1001.35
1787550165|20260824134245|1001.39
1787550170|20260824134250|1001.21
1787550180|20260824134300|1001.49
1787550185|20260824134305|1001.52
1787550190|20260824134310|1001.46
1787550195|20260824134315|1001.46
1787550200|20260824134320|1001.44
1787550205|20260824134325|1001.33
1787550215|20260824134335|1001.33
1787550220|20260824134340|1001.51
1787550230|20260824134350|1001.37
1787550245|20260824134405|1001.90
1787550250|20260824134410|1001.95
1787550255|20260824134415|1002.00
1787550260|20260824134420|1001.86
1787550265|20260824134425|1001.88
1787550270|20260824134430|1001.91
1787550280|20260824134440|1001.79
1787550285|20260824134445|1001.66
1787550290|20260824134450|1001.66
1787550300|20260824134500|1001.64
1787550305|20260824134505|1001.65
1787550310|20260824134510|1001.49
1787550320|20260824134520|1001.75
1787550325|20260824134525|1001.87
1787550335|20260824134535|1001.84
1787550345|20260824134545|1001.82
1787550350|20260824134550|1001.79
1787550370|20260824134610|1002.16
1787550385|20260824134625|1002.15
1787550400|20260824134640|1001.78
1787550405|20260824134645|1001.69
1787550410|20260824134650|1001.69
1787550415|20260824134655|1001.61
1787550430|20260824134710|1001.53
1787550435|20260824134715|1001.48
1787550445|20260824134725|1001.45
1787550455|20260824134735|1001.19
1787550465|20260824134745|1000.99
1787550495|20260824134815|1001.52
1787550500|20260824134820|1001.41
1787550505|20260824134825|1001.45
1787550520|20260824134840|1001.85
1787550525|20260824134845|1001.84
1787550530|20260824134850|1002.12
1787550545|20260824134905|1002.28
1787550550|20260824134910|1002.24
1787550555|20260824134915|1002.22
1787550560|20260824134920|1002.23
1787550600|20260824135000|1002.72
1787550605|20260824135005|1002.81
1787550610|20260824135010|1002.76
1787550615|20260824135015|1002.88
1787550620|20260824135020|1002.93
1787550625|20260824135025|1002.78
1787550635|20260824135035|1002.49
1787550640|20260824135040|1002.47
1787550645|20260824135045|1002.48
1787550650|20260824135050|1002.42
1787550655|20260824135055|1002.43
1787550665|20260824135105|1002.31
1787550670|20260824135110|1002.37
1787550675|20260824135115|1002.32
1787550685|20260824135125|1002.89
1787550695|20260824135135|1003.21
1787550700|20260824135140|1003.21
1787550715|20260824135155|1003.54
1787550730|20260824135210|1003.39
1787550735|20260824135215|1003.47
1787550745|20260824135225|1003.53
1787550755|20260824135235|1003.24
1787550760|20260824135240|1003.33
1787550765|20260824135245|1003.33
1787550770|20260824135250|1003.35
1787550775|20260824135255|1003.35
1787550785|20260824135305|1003.44
1787550790|20260824135310|1003.48
1787550795|20260824135315|1003.66
1787550800|20260824135320|1003.54
1787550805|20260824135325|1003.52
1787550815|20260824135335|1003.37
1787550825|20260824135345|1003.35
1787550830|20260824135350|1003.21
1787550845|20260824135405|1003.18
1787550850|20260824135410|1003.16
1787550860|20260824135420|1003.09
1787550865|20260824135425|1003.04
1787550905|20260824135505|1002.81
1787550910|20260824135510|1002.84
1787550915|20260824135515|1002.89
1787550920|20260824135520|1002.93
1787550935|20260824135535|1003.12
1787550940|20260824135540|1003.01
1787550945|20260824135545|1002.93
1787550960|20260824135600|1002.70
1787550970|20260824135610|1002.81
1787550975|20260824135615|1002.89
1787550985|20260824135625|1002.93
1787550995|20260824135635|1002.92
1787551000|20260824135640|1002.99
1787551010|20260824135650|1002.59
1787551015|20260824135655|1002.62
1787551020|20260824135700|1002.49
1787551025|20260824135705|1002.55
1787551030|20260824135710|1002.55
1787551035|20260824135715|1002.55
1787551040|20260824135720|1002.62
1787551045|20260824135725|1002.64
1787551055|20260824135735|1002.72
1787551060|20260824135740|1002.82
1787551065|20260824135745|1002.88
1787551075|20260824135755|1002.93
1787551080|20260824135800|1002.91
1787551085|20260824135805|1003.07
1787551095|20260824135815|1003.22
1787551100|20260824135820|1003.10
1787551105|20260824135825|1003.10
1787551115|20260824135835|1003.20
1787551135|20260824135855|1003.06
1787551145|20260824135905|1002.96
1787551150|20260824135910|1002.95
1787551155|20260824135915|1002.99
1787551160|20260824135920|1003.11
1787551205|20260824140005|1003.17
1787551220|20260824140020|1003.11
1787551225|20260824140025|1003.18
1787551235|20260824140035|1003.29
1787551245|20260824140045|1003.33
1787551250|20260824140050|1003.50
1787551275|20260824140115|1003.37
1787551285|20260824140125|1003.34
1787551300|20260824140140|1003.60
1787551305|20260824140145|1003.56
1787551310|20260824140150|1003.53
1787551315|20260824140155|1003.44
1787551320|20260824140200|1003.58
1787551325|20260824140205|1003.56
1787551330|20260824140210|1003.51
1787551335|20260824140215|1003.51
1787551340|20260824140220|1003.50
1787551375|20260824140255|1003.72
1787551380|20260824140300|1004.09
1787551385|20260824140305|1004.12
1787551390|20260824140310|1004.20
1787551395|20260824140315|1004.08
1787551405|20260824140325|1004.08
1787551410|20260824140330|1004.08
1787551415|20260824140335|1004.10
1787551420|20260824140340|1004.20
1787551425|20260824140345|1003.99
1787551430|20260824140350|1003.94
1787551445|20260824140405|1004.01
1787551450|20260824140410|1004.06
1787551455|20260824140415|1004.04
1787551460|20260824140420|1003.97
1787551465|20260824140425|1003.99
1787551480|20260824140440|1004.04
1787551500|20260824140500|1004.16
1787551505|20260824140505|1004.03
1787551510|20260824140510|1003.77
1787551515|20260824140515|1003.83
1787551525|20260824140525|1003.78
1787551535|20260824140535|1003.81
1787551540|20260824140540|1003.73
1787551545|20260824140545|1003.74
1787551555|20260824140555|1003.96
1787551560|20260824140600|1004.27
1787551565|20260824140605|1004.30
1787551570|20260824140610|1004.35
1787551575|20260824140615|1004.47
1787551580|20260824140620|1004.47
1787551585|20260824140625|1004.87
1787551595|20260824140635|1005.07
1787551600|20260824140640|1005.01
1787551605|20260824140645|1005.10
1787551610|20260824140650|1004.84
1787551615|20260824140655|1004.91
1787551625|20260824140705|1005.03
1787551630|20260824140710|1005.11
1787551635|20260824140715|1004.93
1787551640|20260824140720|1004.97
1787551645|20260824140725|1005.08
1787551660|20260824140740|1004.92
1787551665|20260824140745|1004.92
1787551670|20260824140750|1004.93
1787551675|20260824140755|1004.68
1787551685|20260824140805|1004.32
1787551695|20260824140815|1004.46
1787551700|20260824140820|1004.52
1787551705|20260824140825|1004.64
1787551715|20260824140835|1004.74
1787551720|20260824140840|1004.67
1787551725|20260824140845|1004.68
1787551730|20260824140850|1004.53
1787551735|20260824140855|1005.09
1787551745|20260824140905|1005.45
1787551760|20260824140920|1005.45
1787551765|20260824140925|1005.46
1787551800|20260824141000|1004.96
1787551805|20260824141005|1005.00
1787551815|20260824141015|1004.96
1787551820|20260824141020|1005.04
1787551825|20260824141025|1004.97
1787551835|20260824141035|1004.85
1787551845|20260824141045|1004.68
1787551850|20260824141050|1004.69
1787551865|20260824141105|1004.69
1787551870|20260824141110|1004.66
1787551875|20260824141115|1004.62
1787551900|20260824141140|1004.80
1787551905|20260824141145|1004.78
1787551910|20260824141150|1004.86
1787551925|20260824141205|1004.73
1787551930|20260824141210|1004.70
1787551935|20260824141215|1004.90
1787551940|20260824141220|1004.88
1787551945|20260824141225|1004.69
1787551955|20260824141235|1004.65
1787551960|20260824141240|1004.63
1787551965|20260824141245|1004.68
1787551970|20260824141250|1004.74
1787551975|20260824141255|1004.57
1787551985|20260824141305|1004.81
1787551995|20260824141315|1004.91
1787552000|20260824141320|1004.92
1787552005|20260824141325|1004.93
1787552025|20260824141345|1005.36
1787552030|20260824141350|1005.23
1787552035|20260824141355|1005.28
1787552045|20260824141405|1005.66
1787552105|20260824141505|1005.82
1787552110|20260824141510|1005.71
1787552120|20260824141520|1005.83
1787552140|20260824141540|1006.33
1787552145|20260824141545|1006.37
1787552150|20260824141550|1006.36
1787552155|20260824141555|1006.35
1787552165|20260824141605|1006.24
1787552170|20260824141610|1006.38
1787552175|20260824141615|1006.27
1787552180|20260824141620|1006.28
1787552185|20260824141625|1006.24
1787552195|20260824141635|1006.23
1787552200|20260824141640|1006.16
1787552210|20260824141650|1006.37
1787552215|20260824141655|1006.20
1787552220|20260824141700|1006.24
1787552225|20260824141705|1006.85
1787552230|20260824141710|1006.95
1787552240|20260824141720|1006.21
1787552255|20260824141735|1006.35
1787552260|20260824141740|1006.42
1787552265|20260824141745|1006.57
1787552275|20260824141755|1006.50
1787552280|20260824141800|1006.51
1787552285|20260824141805|1006.44
1787552290|20260824141810|1006.43
1787552295|20260824141815|1006.76
1787552300|20260824141820|1006.71
1787552305|20260824141825|1006.83
1787552310|20260824141830|1006.94
1787552315|20260824141835|1006.80
1787552320|20260824141840|1006.92
1787552325|20260824141845|1006.85
1787552330|20260824141850|1006.81
1787552335|20260824141855|1006.87
1787552340|20260824141900|1006.98
1787552350|20260824141910|1007.00
1787552355|20260824141915|1006.77
1787552360|20260824141920|1006.78
1787552405|20260824142005|1006.39
1787552410|20260824142010|1006.45
1787552420|20260824142020|1006.63
1787552435|20260824142035|1006.36
1787552440|20260824142040|1006.17
1787552445|20260824142045|1006.38
1787552450|20260824142050|1006.50
1787552455|20260824142055|1006.42
1787552465|20260824142105|1006.75
1787552480|20260824142120|1006.47
1787552485|20260824142125|1006.33
1787552495|20260824142135|1006.25
1787552500|20260824142140|1006.22
1787552505|20260824142145|1006.15
1787552525|20260824142205|1005.70
1787552535|20260824142215|1005.63
1787552540|20260824142220|1005.68
1787552545|20260824142225|1005.67
1787552560|20260824142240|1005.32
1787552570|20260824142250|1004.94
1787552580|20260824142300|1004.62
1787552595|20260824142315|1004.72
1787552600|20260824142320|1004.77
1787552605|20260824142325|1004.80
1787552615|20260824142335|1004.76
1787552625|20260824142345|1004.36
1787552630|20260824142350|1004.49
1787552635|20260824142355|1004.61
1787552640|20260824142400|1004.56
1787552645|20260824142405|1004.59
1787552650|20260824142410|1004.67
1787552665|20260824142425|1004.80
1787552700|20260824142500|1004.96
1787552705|20260824142505|1005.05
1787552710|20260824142510|1005.07
1787552715|20260824142515|1004.98
1787552720|20260824142520|1004.98
1787552735|20260824142535|1004.90
1787552740|20260824142540|1004.58
1787552750|20260824142550|1004.50
1787552755|20260824142555|1004.54
1787552760|20260824142600|1004.80
1787552765|20260824142605|1004.73
1787552770|20260824142610|1004.57
1787552780|20260824142620|1004.48
1787552785|20260824142625|1004.35
1787552795|20260824142635|1003.87
1787552805|20260824142645|1003.94
1787552820|20260824142700|1003.96
1787552825|20260824142705|1003.83
1787552840|20260824142720|1003.76
1787552845|20260824142725|1003.77
1787552855|20260824142735|1003.79
1787552865|20260824142745|1003.65
1787552870|20260824142750|1003.73
1787552875|20260824142755|1003.59
1787552880|20260824142800|1003.52
1787552885|20260824142805|1003.29
1787552895|20260824142815|1003.72
1787552900|20260824142820|1003.73
1787552905|20260824142825|1003.76
1787552910|20260824142830|1003.59
1787552915|20260824142835|1003.73
1787552925|20260824142845|1003.58
1787552935|20260824142855|1003.54
1787552940|20260824142900|1003.58
1787552945|20260824142905|1003.72
1787552950|20260824142910|1003.74
1787552955|20260824142915|1003.57
1787552960|20260824142920|1003.57
1787552965|20260824142925|1003.54
1787553005|20260824143005|1003.44
1787553010|20260824143010|1003.48
1787553015|20260824143015|1003.61
1787553020|20260824143020|1003.49
1787553025|20260824143025|1003.58
1787553035|20260824143035|1003.70
1787553040|20260824143040|1003.66
1787553045|20260824143045|1003.68
1787553075|20260824143115|1003.95
1787553080|20260824143120|1003.98
1787553095|20260824143135|1004.09
1787553100|20260824143140|1004.28
1787553110|20260824143150|1004.37
1787553125|20260824143205|1004.42
1787553130|20260824143210|1004.41
1787553135|20260824143215|1004.43
1787553140|20260824143220|1004.59
1787553145|20260824143225|1004.69
1787553155|20260824143235|1004.66
1787553165|20260824143245|1004.53
1787553170|20260824143250|1004.71
1787553175|20260824143255|1004.74
1787553180|20260824143300|1004.70
1787553185|20260824143305|1004.84
1787553190|20260824143310|1004.94
1787553200|20260824143320|1004.89
1787553205|20260824143325|1005.08
1787553215|20260824143335|1005.24
1787553225|20260824143345|1005.37
1787553230|20260824143350|1005.38
1787553235|20260824143355|1005.43
1787553240|20260824143400|1005.39
1787553245|20260824143405|1005.40
1787553250|20260824143410|1005.42
1787553260|20260824143420|1004.98
1787553265|20260824143425|1004.87
1787553300|20260824143500|1005.06
1787553305|20260824143505|1005.18
1787553310|20260824143510|1005.19
1787553315|20260824143515|1005.16
1787553320|20260824143520|1005.16
1787553325|20260824143525|1005.15
1787553335|20260824143535|1005.23
1787553345|20260824143545|1005.51
1787553360|20260824143600|1005.51
1787553370|20260824143610|1005.58
1787553380|20260824143620|1005.46
1787553395|20260824143635|1005.35
1787553405|20260824143645|1005.35
1787553410|20260824143650|1005.28
1787553415|20260824143655|1005.51
1787553420|20260824143700|1005.47
1787553430|20260824143710|1005.54
1787553435|20260824143715|1005.39
1787553440|20260824143720|1005.57
1787553445|20260824143725|1005.60
1787553455|20260824143735|1005.50
1787553460|20260824143740|1005.60
1787553465|20260824143745|1005.59
1787553470|20260824143750|1005.72
1787553480|20260824143800|1005.76
1787553485|20260824143805|1005.70
1787553490|20260824143810|1005.57
1787553495|20260824143815|1005.59
1787553500|20260824143820|1005.58
1787553505|20260824143825|1005.55
1787553510|20260824143830|1005.56
1787553515|20260824143835|1005.54
1787553520|20260824143840|1005.48
1787553525|20260824143845|1005.48
1787553530|20260824143850|1005.45
1787553535|20260824143855|1005.37
1787553540|20260824143900|1005.27
1787553545|20260824143905|1005.38
1787553550|20260824143910|1005.35
1787553555|20260824143915|1005.47
1787553580|20260824143940|1005.26
1787553605|20260824144005|1005.27
1787553615|20260824144015|1005.21
1787553620|20260824144020|1005.22
1787553625|20260824144025|1005.11
1787553635|20260824144035|1005.16
1787553640|20260824144040|1005.16
1787553650|20260824144050|1004.93
1787553655|20260824144055|1004.99
1787553660|20260824144100|1005.21
1787553665|20260824144105|1005.07
1787553670|20260824144110|1004.98
1787553685|20260824144125|1005.13
1787553700|20260824144140|1004.93
1787553705|20260824144145|1004.98
1787553715|20260824144155|1004.75
1787553720|20260824144200|1004.71
1787553725|20260824144205|1004.73
1787553730|20260824144210|1004.72
1787553735|20260824144215|1004.66
1787553740|20260824144220|1004.67
1787553745|20260824144225|1004.69
1787553755|20260824144235|1004.47
1787553760|20260824144240|1004.53
1787553765|20260824144245|1004.57
1787553770|20260824144250|1004.48
1787553775|20260824144255|1004.18
1787553780|20260824144300|1004.37
1787553785|20260824144305|1004.02
1787553790|20260824144310|1004.13
1787553800|20260824144320|1004.13
1787553805|20260824144325|1004.07
1787553815|20260824144335|1004.12
1787553825|20260824144345|1004.07
1787553830|20260824144350|1004.07
1787553840|20260824144400|1003.81
1787553845|20260824144405|1003.87
1787553850|20260824144410|1003.53
1787553855|20260824144415|1003.28
1787553860|20260824144420|1003.31
1787553865|20260824144425|1003.30
1787553900|20260824144500|1003.48
1787553905|20260824144505|1003.64
1787553910|20260824144510|1003.67
1787553915|20260824144515|1003.64
1787553920|20260824144520|1003.64
1787553925|20260824144525|1003.53
1787553935|20260824144535|1003.54
1787553945|20260824144545|1003.58
1787553955|20260824144555|1003.91
1787553970|20260824144610|1003.83
1787553975|20260824144615|1003.78
1787553980|20260824144620|1003.82
1787553985|20260824144625|1003.79
1787553995|20260824144635|1004.05
1787554000|20260824144640|1003.95
1787554005|20260824144645|1003.96
1787554010|20260824144650|1004.01
1787554015|20260824144655|1004.02
1787554020|20260824144700|1004.12
1787554025|20260824144705|1004.16
1787554030|20260824144710|1004.19
1787554035|20260824144715|1004.27
1787554040|20260824144720|1004.29
1787554045|20260824144725|1004.37
1787554055|20260824144735|1004.19
1787554060|20260824144740|1004.18
1787554065|20260824144745|1004.09
1787554070|20260824144750|1003.97
1787554075|20260824144755|1004.00
1787554080|20260824144800|1004.11
1787554090|20260824144810|1004.27
1787554095|20260824144815|1004.25
1787554100|20260824144820|1004.24
1787554105|20260824144825|1004.37
1787554115|20260824144835|1004.43
1787554125|20260824144845|1004.34
1787554130|20260824144850|1004.44
1787554135|20260824144855|1004.55
1787554145|20260824144905|1004.64
1787554150|20260824144910|1004.65
1787554160|20260824144920|1004.79
1787554165|20260824144925|1004.74
1787554195|20260824144955|1004.91
1787554205|20260824145005|1004.97
1787554215|20260824145015|1005.17
1787554220|20260824145020|1005.27
1787554225|20260824145025|1005.27
1787554235|20260824145035|1005.24
1787554240|20260824145040|1005.17
1787554245|20260824145045|1005.19
1787554255|20260824145055|1005.21
1787554265|20260824145105|1004.72
1787554270|20260824145110|1004.72
1787554280|20260824145120|1004.51
1787554285|20260824145125|1004.43
1787554300|20260824145140|1004.34
1787554310|20260824145150|1004.14
1787554315|20260824145155|1004.85
1787554330|20260824145210|1004.65
1787554335|20260824145215|1004.80
1787554340|20260824145220|1004.99
1787554345|20260824145225|1004.96
1787554355|20260824145235|1005.21
1787554370|20260824145250|1005.46
1787554375|20260824145255|1005.54
1787554380|20260824145300|1005.43
1787554390|20260824145310|1005.56
1787554395|20260824145315|1005.57
1787554400|20260824145320|1005.50
1787554405|20260824145325|1005.53
1787554415|20260824145335|1005.58
1787554420|20260824145340|1005.55
1787554430|20260824145350|1005.74
1787554450|20260824145410|1005.43
1787554460|20260824145420|1005.32
1787554465|20260824145425|1005.30
1787554500|20260824145500|1005.25
1787554505|20260824145505|1005.21
1787554510|20260824145510|1005.05
1787554515|20260824145515|1004.99
1787554520|20260824145520|1004.95
1787554525|20260824145525|1005.06
1787554535|20260824145535|1005.08
1787554540|20260824145540|1005.09
1787554545|20260824145545|1005.01
1787554550|20260824145550|1004.97
1787554565|20260824145605|1004.90
1787554570|20260824145610|1004.96
1787554580|20260824145620|1005.08
1787554585|20260824145625|1005.08
1787554600|20260824145640|1005.19
1787554615|20260824145655|1005.23
1787554625|20260824145705|1005.04
1787554635|20260824145715|1005.03
1787554640|20260824145720|1004.80
1787554645|20260824145725|1004.85
1787554655|20260824145735|1004.81
1787554660|20260824145740|1004.90
1787554665|20260824145745|1004.90
1787554680|20260824145800|1004.86
1787554685|20260824145805|1004.88
1787554695|20260824145815|1004.93
1787554700|20260824145820|1004.97
1787554705|20260824145825|1005.04
1787554715|20260824145835|1004.97
1787554725|20260824145845|1005.00
1787554735|20260824145855|1005.08
1787554740|20260824145900|1004.96
1787554745|20260824145905|1004.93
1787554755|20260824145915|1004.87
1787554760|20260824145920|1004.91
1787554800|20260824150000|1005.01
1787554805|20260824150005|1004.97
1787554810|20260824150010|1005.08
1787554815|20260824150015|1005.01
1787554820|20260824150020|1005.83
1787554835|20260824150035|1005.48
1787554840|20260824150040|1005.19
1787554845|20260824150045|1005.32
1787554850|20260824150050|1005.36
1787554855|20260824150055|1005.50
1787554865|20260824150105|1005.43
1787554870|20260824150110|1005.46
1787554875|20260824150115|1005.36
1787554880|20260824150120|1005.29
1787554885|20260824150125|1005.16
1787554895|20260824150135|1005.13
1787554900|20260824150140|1005.14
1787554905|20260824150145|1004.89
1787554910|20260824150150|1004.81
1787554915|20260824150155|1004.71
1787554925|20260824150205|1004.69
1787554930|20260824150210|1004.63
1787554935|20260824150215|1004.71
1787554940|20260824150220|1004.51
1787554945|20260824150225|1004.51
1787554965|20260824150245|1004.74
1787554970|20260824150250|1004.79
1787555000|20260824150320|1005.05
1787555030|20260824150350|1004.81
1787555040|20260824150400|1004.78
1787555045|20260824150405|1004.78
1787555050|20260824150410|1004.90
1787555055|20260824150415|1004.94
1787555065|20260824150425|1004.88
1787555070|20260824150430|1004.92
1787555075|20260824150435|1004.84
1787555080|20260824150440|1004.81
1787555085|20260824150445|1004.74
1787555090|20260824150450|1004.70
1787555100|20260824150500|1004.82
1787555105|20260824150505|1004.56
1787555110|20260824150510|1004.57
1787555115|20260824150515|1004.48
1787555120|20260824150520|1004.50
1787555125|20260824150525|1004.64
1787555135|20260824150535|1004.77
1787555140|20260824150540|1004.79
1787555145|20260824150545|1004.74
1787555150|20260824150550|1004.68
1787555155|20260824150555|1004.93
1787555160|20260824150600|1004.97
1787555170|20260824150610|1004.86
1787555175|20260824150615|1004.83
1787555180|20260824150620|1004.85
1787555195|20260824150635|1004.73
1787555205|20260824150645|1004.68
1787555210|20260824150650|1004.72
1787555220|20260824150700|1004.66
1787555225|20260824150705|1004.75
1787555230|20260824150710|1004.33
1787555235|20260824150715|1004.22
1787555240|20260824150720|1004.25
1787555260|20260824150740|1004.47
1787555265|20260824150745|1004.62
1787555280|20260824150800|1004.37
1787555285|20260824150805|1004.43
1787555290|20260824150810|1004.39
1787555295|20260824150815|1004.49
1787555300|20260824150820|1004.28
1787555315|20260824150835|1004.31
1787555325|20260824150845|1004.42
1787555330|20260824150850|1004.54
1787555340|20260824150900|1004.32
1787555345|20260824150905|1004.36
1787555350|20260824150910|1004.18
1787555360|20260824150920|1004.06
1787555405|20260824151005|1004.28
1787555410|20260824151010|1004.40
1787555415|20260824151015|1004.43
1787555420|20260824151020|1004.42
1787555435|20260824151035|1004.39
1787555440|20260824151040|1003.91
1787555455|20260824151055|1004.49
1787555460|20260824151100|1004.51
1787555465|20260824151105|1004.36
1787555470|20260824151110|1004.27
1787555475|20260824151115|1004.32
1787555480|20260824151120|1004.42
1787555485|20260824151125|1004.56
1787555495|20260824151135|1004.68
1787555500|20260824151140|1004.74
1787555505|20260824151145|1004.73
1787555510|20260824151150|1004.90
1787555520|20260824151200|1004.91
1787555525|20260824151205|1004.88
1787555535|20260824151215|1004.63
1787555540|20260824151220|1004.72
1787555545|20260824151225|1004.81
1787555560|20260824151240|1004.59
1787555565|20260824151245|1004.77
1787555570|20260824151250|1004.81
1787555575|20260824151255|1004.77
1787555585|20260824151305|1004.79
1787555590|20260824151310|1004.79
1787555595|20260824151315|1004.79
1787555600|20260824151320|1004.78
1787555615|20260824151335|1004.57
1787555620|20260824151340|1004.43
1787555625|20260824151345|1004.55
1787555635|20260824151355|1004.52
1787555640|20260824151400|1004.50
1787555645|20260824151405|1004.58
1787555650|20260824151410|1004.68
1787555655|20260824151415|1004.66
1787555660|20260824151420|1004.74
1787555665|20260824151425|1004.84
1787555700|20260824151500|1004.72
1787555705|20260824151505|1004.59
1787555710|20260824151510|1004.78
1787555715|20260824151515|1004.82
1787555720|20260824151520|1004.79
1787555725|20260824151525|1004.88
1787555735|20260824151535|1004.96
1787555740|20260824151540|1005.11
1787555750|20260824151550|1005.12
1787555755|20260824151555|1005.11
1787555760|20260824151600|1004.82
1787555765|20260824151605|1004.46
1787555770|20260824151610|1004.43
1787555775|20260824151615|1004.44
1787555780|20260824151620|1004.19
1787555785|20260824151625|1003.76
1787555800|20260824151640|1003.86
1787555805|20260824151645|1003.74
1787555815|20260824151655|1003.82
1787555820|20260824151700|1003.85
1787555825|20260824151705|1003.95
1787555830|20260824151710|1003.99
1787555835|20260824151715|1003.86
1787555840|20260824151720|1003.86
1787555855|20260824151735|1003.82
1787555860|20260824151740|1003.91
1787555870|20260824151750|1003.78
1787555885|20260824151805|1003.99
1787555890|20260824151810|1003.87
1787555895|20260824151815|1003.75
1787555900|20260824151820|1003.69
1787555905|20260824151825|1003.82
1787555930|20260824151850|1004.03
1787555935|20260824151855|1004.08
1787555955|20260824151915|1004.05
1787555965|20260824151925|1004.36
1787555975|20260824151935|1003.99
1787555995|20260824151955|1004.17
1787556000|20260824152000|1004.29
1787556010|20260824152010|1004.30
1787556020|20260824152020|1004.34
1787556025|20260824152025|1004.33
1787556035|20260824152035|1004.36
1787556040|20260824152040|1004.39
1787556050|20260824152050|1004.39
1787556070|20260824152110|1004.38
1787556080|20260824152120|1004.32
1787556085|20260824152125|1004.30
1787556095|20260824152135|1004.42
1787556100|20260824152140|1004.49
1787556105|20260824152145|1004.41
1787556110|20260824152150|1004.39
1787556115|20260824152155|1004.39
1787556120|20260824152200|1004.21
1787556130|20260824152210|1004.22
1787556135|20260824152215|1004.24
1787556145|20260824152225|1004.25
1787556155|20260824152235|1004.47
1787556160|20260824152240|1004.50
1787556165|20260824152245|1004.24
1787556170|20260824152250|1004.20
1787556175|20260824152255|1004.36
1787556185|20260824152305|1004.68
1787556190|20260824152310|1004.68
1787556195|20260824152315|1004.43
1787556200|20260824152320|1004.51
1787556205|20260824152325|1004.46
1787556215|20260824152335|1004.09
1787556220|20260824152340|1004.06
1787556225|20260824152345|1004.06
1787556230|20260824152350|1003.97
1787556240|20260824152400|1003.81
1787556250|20260824152410|1003.78
1787556255|20260824152415|1003.80
1787556260|20260824152420|1003.79
1787556265|20260824152425|1003.73
1787556300|20260824152500|1003.73
1787556305|20260824152505|1003.72
1787556310|20260824152510|1003.79
1787556315|20260824152515|1003.79
1787556320|20260824152520|1003.81
1787556325|20260824152525|1003.93
1787556335|20260824152535|1004.32
1787556340|20260824152540|1004.37
1787556345|20260824152545|1004.27
1787556350|20260824152550|1004.29
1787556355|20260824152555|1004.30
1787556365|20260824152605|1004.46
1787556370|20260824152610|1004.53
1787556380|20260824152620|1004.47
1787556395|20260824152635|1004.27
1787556400|20260824152640|1004.08
1787556405|20260824152645|1004.18
1787556410|20260824152650|1004.05
1787556420|20260824152700|1003.91
1787556425|20260824152705|1004.05
1787556430|20260824152710|1004.01
1787556445|20260824152725|1004.00
1787556455|20260824152735|1004.06
1787556465|20260824152745|1004.06
1787556470|20260824152750|1004.05
1787556475|20260824152755|1004.13
1787556480|20260824152800|1004.19
1787556485|20260824152805|1004.05
1787556490|20260824152810|1003.86
1787556495|20260824152815|1004.03
1787556500|20260824152820|1004.09
1787556505|20260824152825|1004.15
1787556515|20260824152835|1004.32
1787556525|20260824152845|1004.40
1787556530|20260824152850|1004.22
1787556540|20260824152900|1004.01
1787556545|20260824152905|1003.99
1787556550|20260824152910|1003.92
1787556555|20260824152915|1003.91
1787556560|20260824152920|1004.18
1787556565|20260824152925|1004.15
1787556605|20260824153005|1003.63
1787556610|20260824153010|1003.47
1787556615|20260824153015|1003.62
1787556625|20260824153025|1003.50
1787556635|20260824153035|1003.40
1787556640|20260824153040|1003.42
1787556645|20260824153045|1003.40
1787556650|20260824153050|1003.49
1787556665|20260824153105|1003.34
1787556670|20260824153110|1003.38
1787556675|20260824153115|1003.38
1787556680|20260824153120|1003.41
1787556685|20260824153125|1003.41
1787556695|20260824153135|1003.33
1787556700|20260824153140|1003.35
1787556710|20260824153150|1003.45
1787556715|20260824153155|1003.39
1787556720|20260824153200|1003.55
1787556725|20260824153205|1003.58
1787556730|20260824153210|1003.59
1787556735|20260824153215|1003.64
1787556740|20260824153220|1003.66
1787556745|20260824153225|1003.61
1787556750|20260824153230|1003.64
1787556755|20260824153235|1003.67
1787556760|20260824153240|1003.68
1787556765|20260824153245|1003.85
1787556770|20260824153250|1003.92
1787556775|20260824153255|1003.92
1787556780|20260824153300|1003.94
1787556785|20260824153305|1003.99
1787556790|20260824153310|1003.98
1787556795|20260824153315|1003.92
1787556800|20260824153320|1003.87
1787556815|20260824153335|1003.52
1787556820|20260824153340|1003.38
1787556825|20260824153345|1003.35
1787556830|20260824153350|1003.82
1787556835|20260824153355|1003.81
1787556840|20260824153400|1003.83
1787556855|20260824153415|1003.90
1787556865|20260824153425|1003.91
1787556900|20260824153500|1004.41
1787556910|20260824153510|1004.39
1787556915|20260824153515|1004.43
1787556920|20260824153520|1004.40
1787556925|20260824153525|1004.40
1787556935|20260824153535|1004.31
1787556955|20260824153555|1004.48
1787556960|20260824153600|1004.75
1787556965|20260824153605|1004.64
1787556970|20260824153610|1004.58
1787556975|20260824153615|1004.61
1787556980|20260824153620|1004.57
1787556985|20260824153625|1004.58
1787556995|20260824153635|1004.36
1787557000|20260824153640|1004.27
1787557005|20260824153645|1004.37
1787557010|20260824153650|1004.37
1787557015|20260824153655|1004.30
1787557020|20260824153700|1004.41
1787557025|20260824153705|1004.38
1787557030|20260824153710|1004.40
1787557035|20260824153715|1004.35
1787557040|20260824153720|1004.39
1787557060|20260824153740|1004.33
1787557065|20260824153745|1004.28
1787557070|20260824153750|1004.15
1787557075|20260824153755|1004.14
1787557080|20260824153800|1004.09
1787557085|20260824153805|1004.07
1787557090|20260824153810|1004.09
1787557095|20260824153815|1004.16
1787557100|20260824153820|1004.13
1787557105|20260824153825|1003.97
1787557115|20260824153835|1003.89
1787557120|20260824153840|1003.70
1787557125|20260824153845|1003.78
1787557130|20260824153850|1003.90
1787557135|20260824153855|1004.05
1787557145|20260824153905|1003.96
1787557150|20260824153910|1003.79
1787557155|20260824153915|1003.92
1787557160|20260824153920|1003.91
1787557165|20260824153925|1004.01
1787557205|20260824154005|1003.95
1787557210|20260824154010|1003.94
1787557215|20260824154015|1003.96
1787557220|20260824154020|1003.90
1787557225|20260824154025|1003.91
1787557235|20260824154035|1003.84
1787557240|20260824154040|1003.81
1787557245|20260824154045|1003.71
1787557255|20260824154055|1003.71
1787557270|20260824154110|1003.72
1787557275|20260824154115|1003.72
1787557280|20260824154120|1003.74
1787557285|20260824154125|1003.94
1787557295|20260824154135|1003.51
1787557300|20260824154140|1003.31
1787557305|20260824154145|1003.19
1787557310|20260824154150|1003.07
1787557315|20260824154155|1003.20
1787557325|20260824154205|1003.02
1787557330|20260824154210|1003.25
1787557335|20260824154215|1003.37
1787557340|20260824154220|1003.22
1787557355|20260824154235|1002.99
1787557360|20260824154240|1002.99
1787557365|20260824154245|1002.85
1787557370|20260824154250|1002.76
1787557375|20260824154255|1002.63
1787557390|20260824154310|1002.71
1787557395|20260824154315|1002.55
1787557400|20260824154320|1002.76
1787557405|20260824154325|1002.71
1787557415|20260824154335|1002.66
1787557425|20260824154345|1002.57
1787557430|20260824154350|1002.05
1787557435|20260824154355|1002.09
1787557445|20260824154405|1002.24
1787557450|20260824154410|1002.23
1787557455|20260824154415|1002.16
1787557460|20260824154420|1002.00
1787557465|20260824154425|1002.00
1787557505|20260824154505|1001.53
1787557510|20260824154510|1001.40
1787557515|20260824154515|1001.31
1787557520|20260824154520|1001.37
1787557525|20260824154525|1001.36
1787557535|20260824154535|1001.41
1787557540|20260824154540|1001.32
1787557545|20260824154545|1001.38
1787557550|20260824154550|1001.40
1787557555|20260824154555|1001.53
1787557570|20260824154610|1001.29
1787557575|20260824154615|1001.53
1787557595|20260824154635|1001.68
1787557600|20260824154640|1001.65
1787557610|20260824154650|1001.51
1787557625|20260824154705|1001.20
1787557630|20260824154710|1001.08
1787557645|20260824154725|1001.08
1787557655|20260824154735|1001.04
1787557670|20260824154750|1001.10
1787557675|20260824154755|1001.24
1787557685|20260824154805|1001.68
1787557690|20260824154810|1001.74
1787557695|20260824154815|1001.70
1787557705|20260824154825|1001.48
1787557715|20260824154835|1001.64
1787557720|20260824154840|1001.60
1787557725|20260824154845|1001.74
1787557730|20260824154850|1001.70
1787557735|20260824154855|1001.95
1787557745|20260824154905|1001.91
1787557755|20260824154915|1001.78
1787557760|20260824154920|1001.59
1787557765|20260824154925|1001.55
1787557800|20260824155000|1001.01
1787557805|20260824155005|1001.10
1787557810|20260824155010|1001.01
1787557815|20260824155015|1001.20
1787557820|20260824155020|1001.12
1787557825|20260824155025|1001.20
1787557835|20260824155035|1001.49
1787557840|20260824155040|1001.47
1787557845|20260824155045|1001.57
1787557855|20260824155055|1001.68
1787557865|20260824155105|1001.55
1787557875|20260824155115|1001.60
1787557880|20260824155120|1001.83
1787557895|20260824155135|1001.99
1787557900|20260824155140|1002.01
1787557905|20260824155145|1002.09
1787557910|20260824155150|1002.05
1787557915|20260824155155|1001.98
1787557920|20260824155200|1002.14
1787557925|20260824155205|1002.32
1787557930|20260824155210|1002.31
1787557935|20260824155215|1002.26
1787557940|20260824155220|1002.27
1787557960|20260824155240|1002.17
1787557965|20260824155245|1002.07
1787557970|20260824155250|1001.99
1787557975|20260824155255|1002.02
1787557985|20260824155305|1001.79
1787557990|20260824155310|1001.82
1787557995|20260824155315|1001.86
1787558000|20260824155320|1001.98
1787558005|20260824155325|1001.80
1787558015|20260824155335|1002.01
1787558020|20260824155340|1002.00
1787558030|20260824155350|1002.17
1787558035|20260824155355|1002.27
1787558045|20260824155405|1002.27
1787558050|20260824155410|1002.05
1787558055|20260824155415|1001.94
1787558060|20260824155420|1001.85
1787558065|20260824155425|1001.85
1787558080|20260824155440|1001.95
1787558105|20260824155505|1002.05
1787558110|20260824155510|1002.12
1787558115|20260824155515|1002.15
1787558125|20260824155525|1002.36
1787558135|20260824155535|1002.37
1787558140|20260824155540|1002.40
1787558145|20260824155545|1002.40
1787558150|20260824155550|1002.46
1787558155|20260824155555|1002.59
1787558165|20260824155605|1002.66
1787558170|20260824155610|1002.51
1787558175|20260824155615|1002.54
1787558185|20260824155625|1002.60
1787558200|20260824155640|1002.81
1787558205|20260824155645|1002.80
1787558225|20260824155705|1003.11
1787558235|20260824155715|1002.95
1787558240|20260824155720|1003.02
1787558245|20260824155725|1003.26
1787558255|20260824155735|1003.23
1787558265|20260824155745|1003.15
1787558285|20260824155805|1003.24
1787558290|20260824155810|1003.39
1787558295|20260824155815|1003.62
1787558300|20260824155820|1003.57
1787558305|20260824155825|1003.73
1787558315|20260824155835|1003.74
1787558320|20260824155840|1003.74
1787558325|20260824155845|1003.70
1787558330|20260824155850|1003.68
1787558345|20260824155905|1003.67
1787558350|20260824155910|1003.69
1787558355|20260824155915|1003.63
1787558360|20260824155920|1003.56
1787558365|20260824155925|1003.59
1787558400|20260824160000|1003.44
1787558410|20260824160010|1003.67
1787558415|20260824160015|1003.39
1787558420|20260824160020|1003.45
1787558425|20260824160025|1003.19
1787558435|20260824160035|1003.27
1787558440|20260824160040|1003.21
1787558445|20260824160045|1003.19
1787558450|20260824160050|1003.36
1787558465|20260824160105|1003.22
1787558470|20260824160110|1003.16
1787558475|20260824160115|1003.16
1787558480|20260824160120|1003.17
1787558485|20260824160125|1003.15
1787558500|20260824160140|1002.80
1787558505|20260824160145|1002.61
1787558510|20260824160150|1002.46
1787558515|20260824160155|1002.37
1787558520|20260824160200|1002.46
1787558530|20260824160210|1002.52
1787558535|20260824160215|1002.45
1787558540|20260824160220|1002.44
1787558545|20260824160225|1002.38
1787558555|20260824160235|1002.46
1787558560|20260824160240|1002.82
1787558565|20260824160245|1002.55
1787558570|20260824160250|1002.72
1787558575|20260824160255|1002.64
1787558580|20260824160300|1002.65
1787558595|20260824160315|1002.93
1787558600|20260824160320|1002.88
1787558605|20260824160325|1002.89
1787558615|20260824160335|1002.76
1787558620|20260824160340|1002.90
1787558630|20260824160350|1003.21
1787558635|20260824160355|1003.14
1787558645|20260824160405|1002.81
1787558655|20260824160415|1002.95
1787558660|20260824160420|1002.98
1787558665|20260824160425|1003.01
1787558700|20260824160500|1003.21
1787558705|20260824160505|1003.21
1787558710|20260824160510|1003.50
1787558715|20260824160515|1003.28
1787558720|20260824160520|1003.15
1787558725|20260824160525|1003.28
1787558735|20260824160535|1003.34
1787558740|20260824160540|1003.39
1787558745|20260824160545|1003.48
1787558750|20260824160550|1003.31
1787558755|20260824160555|1003.25
1787558760|20260824160600|1003.21
1787558765|20260824160605|1002.75
1787558770|20260824160610|1002.44
1787558775|20260824160615|1002.53
1787558780|20260824160620|1002.74
1787558785|20260824160625|1002.60
1787558795|20260824160635|1002.86
1787558800|20260824160640|1002.92
1787558805|20260824160645|1002.92
1787558815|20260824160655|1002.82
1787558820|20260824160700|1002.76
1787558825|20260824160705|1002.80
1787558835|20260824160715|1002.98
1787558840|20260824160720|1002.99
1787558845|20260824160725|1004.14
1787558855|20260824160735|1003.94
1787558860|20260824160740|1003.76
1787558865|20260824160745|1003.78
1787558870|20260824160750|1004.02
1787558875|20260824160755|1003.73
1787558885|20260824160805|1003.57
1787558890|20260824160810|1003.44
1787558895|20260824160815|1003.26
1787558900|20260824160820|1003.18
1787558905|20260824160825|1002.99
1787558920|20260824160840|1002.96
1787558925|20260824160845|1002.96
1787558930|20260824160850|1002.91
1787558935|20260824160855|1002.79
1787558940|20260824160900|1002.50
1787558945|20260824160905|1002.42
1787558950|20260824160910|1002.49
1787558960|20260824160920|1002.30
1787559005|20260824161005|1002.76
1787559010|20260824161010|1002.80
1787559015|20260824161015|1002.75
1787559020|20260824161020|1002.80
1787559025|20260824161025|1002.74
1787559035|20260824161035|1002.98
1787559045|20260824161045|1002.83
1787559050|20260824161050|1002.79
1787559055|20260824161055|1002.79
1787559060|20260824161100|1002.97
1787559065|20260824161105|1003.12
1787559070|20260824161110|1003.02
1787559075|20260824161115|1002.72
1787559080|20260824161120|1002.54
1787559095|20260824161135|1002.50
1787559100|20260824161140|1002.51
1787559105|20260824161145|1002.62
1787559110|20260824161150|1002.64
1787559115|20260824161155|1002.42
1787559125|20260824161205|1002.30
1787559130|20260824161210|1002.35
1787559135|20260824161215|1002.46
1787559140|20260824161220|1002.48
1787559145|20260824161225|1002.50
1787559155|20260824161235|1002.28
1787559160|20260824161240|1002.19
1787559165|20260824161245|1002.19
1787559170|20260824161250|1002.20
1787559175|20260824161255|1002.24
1787559180|20260824161300|1002.33
1787559185|20260824161305|1002.29
1787559205|20260824161325|1002.69
1787559215|20260824161335|1002.62
1787559220|20260824161340|1002.64
1787559225|20260824161345|1002.72
1787559230|20260824161350|1002.69
1787559235|20260824161355|1002.72
1787559245|20260824161405|1002.78
1787559250|20260824161410|1002.89
1787559255|20260824161415|1002.67
1787559260|20260824161420|1002.69
1787559300|20260824161500|1002.54
1787559305|20260824161505|1002.41
1787559315|20260824161515|1002.14
1787559320|20260824161520|1002.14
1787559325|20260824161525|1002.26
1787559335|20260824161535|1002.26
1787559340|20260824161540|1002.33
1787559345|20260824161545|1002.20
1787559350|20260824161550|1002.26
1787559355|20260824161555|1002.27
1787559360|20260824161600|1002.19
1787559365|20260824161605|1002.23
1787559370|20260824161610|1002.15
1787559375|20260824161615|1002.09
1787559380|20260824161620|1002.11
1787559385|20260824161625|1002.06
1787559395|20260824161635|1001.78
1787559400|20260824161640|1001.81
1787559405|20260824161645|1001.69
1787559410|20260824161650|1001.58
1787559415|20260824161655|1001.68
1787559425|20260824161705|1001.40
1787559430|20260824161710|1001.54
1787559435|20260824161715|1001.61
1787559440|20260824161720|1001.40
1787559445|20260824161725|1001.43
1787559455|20260824161735|1001.48
1787559460|20260824161740|1001.49
1787559465|20260824161745|1001.55
1787559470|20260824161750|1001.55
1787559475|20260824161755|1001.57
1787559480|20260824161800|1001.52
1787559490|20260824161810|1001.41
1787559495|20260824161815|1001.47
1787559500|20260824161820|1001.41
1787559505|20260824161825|1001.41
1787559515|20260824161835|1001.46
1787559520|20260824161840|1001.56
1787559525|20260824161845|1001.79
1787559530|20260824161850|1001.88
1787559535|20260824161855|1001.98
1787559550|20260824161910|1002.27
1787559555|20260824161915|1002.21
1787559560|20260824161920|1002.21
1787559565|20260824161925|1002.19
1787559605|20260824162005|1002.18
1787559615|20260824162015|1002.31
1787559620|20260824162020|1002.41
1787559625|20260824162025|1002.40
1787559640|20260824162040|1002.41
1787559650|20260824162050|1002.40
1787559665|20260824162105|1002.41
1787559670|20260824162110|1002.34
1787559675|20260824162115|1002.30
1787559680|20260824162120|1002.35
1787559685|20260824162125|1002.35
1787559695|20260824162135|1002.49
1787559700|20260824162140|1002.60
1787559705|20260824162145|1002.62
1787559710|20260824162150|1002.60
1787559715|20260824162155|1002.69
1787559720|20260824162200|1002.69
1787559725|20260824162205|1002.79
1787559730|20260824162210|1002.71
1787559740|20260824162220|1002.77
1787559745|20260824162225|1002.72
1787559755|20260824162235|1002.55
1787559760|20260824162240|1002.62
1787559765|20260824162245|1002.59
1787559770|20260824162250|1002.68
1787559775|20260824162255|1002.63
1787559780|20260824162300|1002.67
1787559790|20260824162310|1002.59
1787559795|20260824162315|1002.68
1787559800|20260824162320|1002.54
1787559805|20260824162325|1002.53
1787559815|20260824162335|1002.54
1787559820|20260824162340|1002.45
1787559825|20260824162345|1002.51
1787559845|20260824162405|1002.09
1787559855|20260824162415|1002.27
1787559860|20260824162420|1002.14
1787559900|20260824162500|1002.14
1787559910|20260824162510|1002.67
1787559915|20260824162515|1002.47
1787559920|20260824162520|1002.41
1787559935|20260824162535|1002.26
1787559940|20260824162540|1002.31
1787559945|20260824162545|1002.30
1787559950|20260824162550|1002.13
1787559955|20260824162555|1001.97
1787559960|20260824162600|1002.12
1787559965|20260824162605|1002.06
1787559970|20260824162610|1002.19
1787559975|20260824162615|1002.05
1787559980|20260824162620|1002.07
1787559985|20260824162625|1002.07
1787559995|20260824162635|1002.05
1787560005|20260824162645|1001.86
1787560010|20260824162650|1001.92
1787560015|20260824162655|1001.89
1787560025|20260824162705|1001.75
1787560030|20260824162710|1002.00
1787560035|20260824162715|1001.57
1787560040|20260824162720|1001.72
1787560045|20260824162725|1001.67
1787560055|20260824162735|1001.61
1787560060|20260824162740|1001.67
1787560065|20260824162745|1001.63
1787560070|20260824162750|1001.54
1787560075|20260824162755|1001.50
1787560080|20260824162800|1001.51
1787560085|20260824162805|1001.55
1787560090|20260824162810|1001.34
1787560100|20260824162820|1001.35
1787560105|20260824162825|1001.33
1787560115|20260824162835|1001.46
1787560120|20260824162840|1001.58
1787560125|20260824162845|1001.53
1787560130|20260824162850|1001.49
1787560135|20260824162855|1001.48
1787560140|20260824162900|1001.50
1787560145|20260824162905|1001.49
1787560150|20260824162910|1001.31
1787560155|20260824162915|1001.35
1787560160|20260824162920|1001.31
1787560165|20260824162925|1001.37
1787560200|20260824163000|1001.01
1787560205|20260824163005|1000.87
1787560215|20260824163015|1000.83
1787560225|20260824163025|1001.07
1787560235|20260824163035|1001.40
1787560240|20260824163040|1001.33
1787560245|20260824163045|1001.26
1787560250|20260824163050|1001.25
1787560255|20260824163055|1001.37
1787560260|20260824163100|1001.31
1787560275|20260824163115|1001.33
1787560280|20260824163120|1001.23
1787560285|20260824163125|1001.13
1787560295|20260824163135|1001.10
1787560300|20260824163140|1001.20
1787560305|20260824163145|1001.18
1787560310|20260824163150|1001.20
1787560325|20260824163205|1001.38
1787560330|20260824163210|1001.34
1787560335|20260824163215|1001.50
1787560345|20260824163225|1001.77
1787560355|20260824163235|1001.61
1787560360|20260824163240|1001.58
1787560370|20260824163250|1001.48
1787560375|20260824163255|1001.48
1787560380|20260824163300|1001.70
1787560385|20260824163305|1001.70
1787560390|20260824163310|1001.67
1787560395|20260824163315|1001.78
1787560400|20260824163320|1001.57
1787560415|20260824163335|1001.31
1787560420|20260824163340|1001.22
1787560425|20260824163345|1001.08
1787560430|20260824163350|1001.26
1787560435|20260824163355|1001.32
1787560440|20260824163400|1001.32
1787560445|20260824163405|1001.47
1787560450|20260824163410|1001.46
1787560455|20260824163415|1001.48
1787560500|20260824163500|1001.71
1787560505|20260824163505|1001.84
1787560510|20260824163510|1001.83
1787560535|20260824163535|1001.83
1787560540|20260824163540|1001.83
1787560545|20260824163545|1001.72
1787560550|20260824163550|1001.82
1787560560|20260824163600|1001.72
1787560570|20260824163610|1001.74
1787560575|20260824163615|1001.71
1787560580|20260824163620|1001.74
1787560595|20260824163635|1001.81
1787560600|20260824163640|1001.82
1787560605|20260824163645|1001.88
1787560615|20260824163655|1001.85
1787560625|20260824163705|1002.20
1787560630|20260824163710|1002.19
1787560635|20260824163715|1002.08
1787560640|20260824163720|1002.07
1787560645|20260824163725|1002.04
1787560655|20260824163735|1001.99
1787560660|20260824163740|1001.98
1787560665|20260824163745|1001.94
1787560670|20260824163750|1001.81
1787560675|20260824163755|1001.97
1787560685|20260824163805|1001.81
1787560690|20260824163810|1001.87
1787560695|20260824163815|1001.93
1787560700|20260824163820|1001.95
1787560705|20260824163825|1001.99
1787560715|20260824163835|1001.99
1787560720|20260824163840|1002.04
1787560725|20260824163845|1002.02
1787560730|20260824163850|1002.02
1787560735|20260824163855|1002.03
1787560740|20260824163900|1002.02
1787560745|20260824163905|1002.15
1787560750|20260824163910|1002.18
1787560755|20260824163915|1002.36
1787560760|20260824163920|1002.40
1787560765|20260824163925|1002.39
1787560810|20260824164010|1002.44
1787560815|20260824164015|1002.38
1787560820|20260824164020|1002.30
1787560825|20260824164025|1002.29
1787560835|20260824164035|1002.32
1787560840|20260824164040|1002.31
1787560845|20260824164045|1002.25
1787560860|20260824164100|1002.27
1787560865|20260824164105|1002.31
1787560870|20260824164110|1002.37
1787560880|20260824164120|1002.43
1787560885|20260824164125|1002.42
1787560895|20260824164135|1002.41
1787560900|20260824164140|1002.41
1787560905|20260824164145|1002.77
1787560915|20260824164155|1002.72
1787560920|20260824164200|1002.92
1787560925|20260824164205|1002.85
1787560930|20260824164210|1002.91
1787560935|20260824164215|1002.90
1787560940|20260824164220|1002.96
1787560945|20260824164225|1003.11
1787560955|20260824164235|1003.16
1787560960|20260824164240|1003.27
1787560965|20260824164245|1003.30
1787560970|20260824164250|1003.31
1787560975|20260824164255|1003.32
1787560985|20260824164305|1003.49
1787560995|20260824164315|1003.69
1787561000|20260824164320|1003.71
1787561005|20260824164325|1004.02
1787561015|20260824164335|1003.87
1787561020|20260824164340|1004.19
1787561030|20260824164350|1004.18
1787561040|20260824164400|1003.90
1787561045|20260824164405|1003.89
1787561050|20260824164410|1004.18
1787561055|20260824164415|1004.18
1787561060|20260824164420|1004.15
1787561065|20260824164425|1004.11
1787561100|20260824164500|1004.13
1787561105|20260824164505|1004.25
1787561115|20260824164515|1004.17
1787561120|20260824164520|1004.14
1787561125|20260824164525|1004.06
1787561135|20260824164535|1004.07
1787561140|20260824164540|1004.05
1787561145|20260824164545|1004.17
1787561155|20260824164555|1004.23
1787561160|20260824164600|1004.14
1787561165|20260824164605|1004.19
1787561170|20260824164610|1003.82
1787561175|20260824164615|1003.83
1787561185|20260824164625|1003.82
1787561195|20260824164635|1003.90
1787561200|20260824164640|1003.85
1787561205|20260824164645|1003.85
1787561210|20260824164650|1003.85
1787561215|20260824164655|1003.81
1787561225|20260824164705|1003.90
1787561230|20260824164710|1003.87
1787561240|20260824164720|1003.83
1787561245|20260824164725|1003.79
1787561255|20260824164735|1003.88
1787561265|20260824164745|1003.77
1787561270|20260824164750|1003.86
1787561280|20260824164800|1004.01
1787561290|20260824164810|1004.19
1787561295|20260824164815|1004.23
1787561300|20260824164820|1004.08
1787561305|20260824164825|1004.12
1787561315|20260824164835|1004.01
1787561320|20260824164840|1004.07
1787561325|20260824164845|1003.98
1787561330|20260824164850|1003.95
1787561335|20260824164855|1004.01
1787561345|20260824164905|1004.05
1787561355|20260824164915|1004.01
1787561360|20260824164920|1004.04
1787561365|20260824164925|1003.96
1787561415|20260824165015|1003.72
1787561425|20260824165025|1003.82
1787561440|20260824165040|1003.94
1787561445|20260824165045|1003.97
1787561450|20260824165050|1003.95
1787561455|20260824165055|1003.97
1787561470|20260824165110|1003.84
1787561475|20260824165115|1003.80
1787561485|20260824165125|1003.70
1787561495|20260824165135|1003.76
1787561500|20260824165140|1003.67
1787561525|20260824165205|1003.61
1787561530|20260824165210|1003.68
1787561535|20260824165215|1003.76
1787561540|20260824165220|1003.61
1787561545|20260824165225|1003.60
1787561555|20260824165235|1003.61
1787561570|20260824165250|1003.30
1787561575|20260824165255|1003.21
1787561580|20260824165300|1003.23
1787561585|20260824165305|1003.21
1787561590|20260824165310|1003.17
1787561595|20260824165315|1003.16
1787561600|20260824165320|1003.13
1787561605|20260824165325|1003.02
1787561610|20260824165330|1003.01
1787561615|20260824165335|1003.09
1787561620|20260824165340|1003.08
1787561625|20260824165345|1003.13
1787561630|20260824165350|1003.17
1787561635|20260824165355|1003.20
1787561640|20260824165400|1003.30
1787561650|20260824165410|1003.28
1787561655|20260824165415|1003.26
1787561660|20260824165420|1003.29
1787561665|20260824165425|1003.29
1787561685|20260824165445|1003.44
1787561690|20260824165450|1003.35
1787561700|20260824165500|1003.36
1787561705|20260824165505|1003.30
1787561715|20260824165515|1003.34
1787561720|20260824165520|1003.29
1787561725|20260824165525|1003.25
1787561735|20260824165535|1003.25
1787561740|20260824165540|1003.22
1787561745|20260824165545|1003.17
1787561750|20260824165550|1003.33
1787561755|20260824165555|1003.36
1787561760|20260824165600|1003.36
1787561765|20260824165605|1003.39
1787561770|20260824165610|1003.27
1787561775|20260824165615|1003.06
1787561780|20260824165620|1003.11
1787561785|20260824165625|1003.05
1787561795|20260824165635|1002.95
1787561800|20260824165640|1002.90
1787561805|20260824165645|1002.91
1787561810|20260824165650|1002.89
1787561820|20260824165700|1002.68
1787561825|20260824165705|1002.69
1787561830|20260824165710|1002.62
1787561835|20260824165715|1002.61
1787561840|20260824165720|1002.61
1787561845|20260824165725|1002.44
1787561850|20260824165730|1002.22
1787561855|20260824165735|1002.26
1787561860|20260824165740|1002.27
1787561865|20260824165745|1002.26
1787561870|20260824165750|1002.29
1787561875|20260824165755|1002.24
1787561880|20260824165800|1002.17
1787561890|20260824165810|1002.22
1787561895|20260824165815|1002.24
1787561900|20260824165820|1002.34
1787561905|20260824165825|1002.32
1787561915|20260824165835|1002.26
1787561925|20260824165845|1002.33
1787561930|20260824165850|1002.34
1787561935|20260824165855|1002.38
1787561940|20260824165900|1002.38
1787561945|20260824165905|1002.57
1787561950|20260824165910|1002.61
1787561955|20260824165915|1002.58
1787561960|20260824165920|1002.61
1787561965|20260824165925|1002.59
1787561980|20260824165940|1002.47
1787561985|20260824165945|1002.44
1787561990|20260824165950|1002.50
1787562005|20260824170005|1002.49
1787562010|20260824170010|1002.39
1787562015|20260824170015|1002.70
1787562020|20260824170020|1002.77
1787562040|20260824170040|1002.64
1787562045|20260824170045|1002.71
1787562055|20260824170055|1002.82
1787562060|20260824170100|1002.93
1787562065|20260824170105|1003.03
1787562070|20260824170110|1003.19
1787562075|20260824170115|1003.31
1787562080|20260824170120|1003.36
1787562085|20260824170125|1003.41
1787562095|20260824170135|1003.34
1787562100|20260824170140|1003.43
1787562105|20260824170145|1003.49
1787562110|20260824170150|1003.48
1787562115|20260824170155|1003.26
1787562125|20260824170205|1003.19
1787562130|20260824170210|1003.17
1787562135|20260824170215|1003.20
1787562140|20260824170220|1003.19
1787562145|20260824170225|1003.22
1787562155|20260824170235|1003.02
1787562160|20260824170240|1003.04
1787562165|20260824170245|1003.02
1787562170|20260824170250|1002.94
1787562180|20260824170300|1002.95
1787562185|20260824170305|1002.93
1787562190|20260824170310|1002.97
1787562195|20260824170315|1003.04
1787562200|20260824170320|1002.97
1787562205|20260824170325|1003.07
1787562215|20260824170335|1003.12
1787562220|20260824170340|1003.18
1787562225|20260824170345|1003.23
1787562230|20260824170350|1003.24
1787562235|20260824170355|1003.25
1787562245|20260824170405|1003.20
1787562250|20260824170410|1003.15
1787562255|20260824170415|1003.14
1787562260|20260824170420|1003.11
1787562265|20260824170425|1003.11
1787562310|20260824170510|1003.42
1787562315|20260824170515|1003.49
1787562320|20260824170520|1003.53
1787562325|20260824170525|1003.56
1787562335|20260824170535|1003.66
1787562340|20260824170540|1003.67
1787562345|20260824170545|1003.69
1787562350|20260824170550|1003.64
1787562370|20260824170610|1003.72
1787562375|20260824170615|1003.72
1787562380|20260824170620|1003.80
1787562385|20260824170625|1003.82
1787562395|20260824170635|1003.90
1787562400|20260824170640|1003.75
1787562405|20260824170645|1003.78
1787562410|20260824170650|1003.77
1787562415|20260824170655|1003.78
1787562425|20260824170705|1003.80
1787562430|20260824170710|1003.77
1787562435|20260824170715|1003.83
1787562440|20260824170720|1003.93
1787562445|20260824170725|1003.84
1787562455|20260824170735|1003.35
1787562460|20260824170740|1003.28
1787562465|20260824170745|1003.29
1787562470|20260824170750|1003.39
1787562475|20260824170755|1003.39
1787562480|20260824170800|1003.48
1787562485|20260824170805|1003.50
1787562550|20260824170910|1003.47
