1787760000|20260827000000|993.44
1787760005|20260827000005|993.51
1787760010|20260827000010|993.55
1787760015|20260827000015|993.48
1787760020|20260827000020|993.36
1787760025|20260827000025|993.30
1787760035|20260827000035|993.00
1787760040|20260827000040|993.03
1787760045|20260827000045|993.08
1787760050|20260827000050|993.01
1787760055|20260827000055|993.06
1787760070|20260827000110|992.61
1787760075|20260827000115|992.35
1787760080|20260827000120|992.88
1787760085|20260827000125|992.33
1787760100|20260827000140|993.04
1787760110|20260827000150|992.68
1787760115|20260827000155|992.70
1787760120|20260827000200|992.93
1787760125|20260827000205|993.05
1787760130|20260827000210|993.04
1787760155|20260827000235|993.93
1787760160|20260827000240|994.01
1787760170|20260827000250|993.98
1787760175|20260827000255|993.55
1787760180|20260827000300|993.48
1787760185|20260827000305|993.64
1787760190|20260827000310|993.59
1787760195|20260827000315|993.56
1787760200|20260827000320|993.55
1787760205|20260827000325|993.48
1787760215|20260827000335|993.48
1787760220|20260827000340|993.44
1787760225|20260827000345|993.56
1787760230|20260827000350|993.66
1787760235|20260827000355|993.53
1787760240|20260827000400|993.54
1787760250|20260827000410|993.45
1787760255|20260827000415|993.45
1787760260|20260827000420|993.60
1787760300|20260827000500|993.97
1787760305|20260827000505|993.69
1787760310|20260827000510|993.76
1787760315|20260827000515|993.77
1787760320|20260827000520|993.90
1787760325|20260827000525|994.21
1787760335|20260827000535|994.34
1787760340|20260827000540|994.30
1787760345|20260827000545|994.31
1787760350|20260827000550|994.31
1787760355|20260827000555|994.36
1787760365|20260827000605|994.52
1787760375|20260827000615|994.59
1787760380|20260827000620|994.57
1787760385|20260827000625|994.54
1787760395|20260827000635|994.56
1787760400|20260827000640|994.58
1787760405|20260827000645|994.36
1787760410|20260827000650|994.39
1787760415|20260827000655|994.35
1787760420|20260827000700|994.20
1787760425|20260827000705|994.23
1787760430|20260827000710|993.97
1787760440|20260827000720|994.14
1787760445|20260827000725|994.13
1787760455|20260827000735|993.96
1787760460|20260827000740|993.97
1787760465|20260827000745|994.07
1787760470|20260827000750|994.06
1787760475|20260827000755|994.18
1787760480|20260827000800|994.27
1787760485|20260827000805|994.29
1787760490|20260827000810|994.25
1787760500|20260827000820|994.25
1787760505|20260827000825|994.39
1787760515|20260827000835|994.33
1787760520|20260827000840|994.36
1787760525|20260827000845|994.52
1787760530|20260827000850|994.42
1787760540|20260827000900|994.29
1787760545|20260827000905|994.34
1787760550|20260827000910|994.33
1787760555|20260827000915|994.36
1787760560|20260827000920|994.38
1787760565|20260827000925|994.38
1787760570|20260827000930|994.34
1787760590|20260827000950|994.28
1787760600|20260827001000|994.21
1787760610|20260827001010|994.17
1787760615|20260827001015|994.15
1787760620|20260827001020|993.99
1787760625|20260827001025|994.05
1787760630|20260827001030|994.06
1787760635|20260827001035|993.76
1787760640|20260827001040|993.81
1787760645|20260827001045|993.80
1787760650|20260827001050|993.93
1787760655|20260827001055|993.93
1787760665|20260827001105|993.68
1787760670|20260827001110|993.89
1787760680|20260827001120|993.88
1787760685|20260827001125|993.92
1787760700|20260827001140|993.95
1787760710|20260827001150|993.93
1787760715|20260827001155|994.03
1787760720|20260827001200|993.97
1787760730|20260827001210|994.06
1787760735|20260827001215|994.00
1787760755|20260827001235|994.11
1787760760|20260827001240|994.04
1787760770|20260827001250|993.99
1787760775|20260827001255|994.00
1787760780|20260827001300|993.85
1787760785|20260827001305|993.76
1787760790|20260827001310|993.94
1787760795|20260827001315|993.93
1787760800|20260827001320|993.95
1787760805|20260827001325|993.87
1787760820|20260827001340|993.90
1787760825|20260827001345|993.94
1787760830|20260827001350|993.95
1787760835|20260827001355|993.98
1787760840|20260827001400|994.00
1787760845|20260827001405|994.01
1787760850|20260827001410|994.00
1787760860|20260827001420|994.06
1787760900|20260827001500|994.33
1787760910|20260827001510|994.12
1787760920|20260827001520|993.90
1787760925|20260827001525|993.69
1787760935|20260827001535|993.77
1787760940|20260827001540|993.76
1787760945|20260827001545|993.80
1787760955|20260827001555|993.81
1787760960|20260827001600|993.86
1787760965|20260827001605|993.89
1787760970|20260827001610|993.86
1787760975|20260827001615|993.91
1787760980|20260827001620|993.91
1787760995|20260827001635|994.00
1787761000|20260827001640|994.00
1787761005|20260827001645|993.92
1787761010|20260827001650|993.93
1787761015|20260827001655|993.86
1787761020|20260827001700|993.88
1787761025|20260827001705|993.85
1787761030|20260827001710|993.91
1787761035|20260827001715|993.92
1787761040|20260827001720|993.94
1787761045|20260827001725|993.82
1787761050|20260827001730|993.69
1787761055|20260827001735|993.81
1787761065|20260827001745|993.88
1787761070|20260827001750|993.88
1787761075|20260827001755|993.92
1787761080|20260827001800|993.89
1787761085|20260827001805|993.86
1787761090|20260827001810|993.83
1787761095|20260827001815|993.96
1787761100|20260827001820|994.03
1787761105|20260827001825|994.07
1787761120|20260827001840|993.99
1787761130|20260827001850|993.93
1787761135|20260827001855|993.90
1787761140|20260827001900|993.92
1787761145|20260827001905|993.86
1787761150|20260827001910|993.93
1787761155|20260827001915|993.99
1787761160|20260827001920|993.98
1787761165|20260827001925|994.02
1787761215|20260827002015|993.81
1787761220|20260827002020|993.83
1787761225|20260827002025|993.86
1787761235|20260827002035|994.02
1787761240|20260827002040|994.06
1787761245|20260827002045|994.06
1787761250|20260827002050|994.11
1787761255|20260827002055|994.08
1787761270|20260827002110|994.08
1787761285|20260827002125|993.77
1787761295|20260827002135|993.72
1787761300|20260827002140|993.68
1787761305|20260827002145|993.68
1787761310|20260827002150|993.92
1787761325|20260827002205|994.05
1787761330|20260827002210|993.93
1787761335|20260827002215|993.93
1787761340|20260827002220|993.97
1787761345|20260827002225|993.92
1787761355|20260827002235|993.78
1787761360|20260827002240|993.69
1787761365|20260827002245|993.68
1787761375|20260827002255|993.48
1787761385|20260827002305|993.09
1787761390|20260827002310|993.08
1787761395|20260827002315|993.27
1787761405|20260827002325|993.16
1787761415|20260827002335|993.34
1787761420|20260827002340|993.42
1787761435|20260827002355|993.36
1787761440|20260827002400|993.39
1787761445|20260827002405|993.35
1787761455|20260827002415|993.41
1787761460|20260827002420|993.41
1787761465|20260827002425|993.41
1787761500|20260827002500|993.41
1787761505|20260827002505|993.42
1787761510|20260827002510|993.44
1787761515|20260827002515|993.51
1787761520|20260827002520|993.53
1787761525|20260827002525|993.61
1787761530|20260827002530|993.29
1787761535|20260827002535|993.30
1787761540|20260827002540|993.37
1787761545|20260827002545|993.33
1787761550|20260827002550|993.49
1787761555|20260827002555|993.46
1787761560|20260827002600|993.45
1787761565|20260827002605|993.52
1787761570|20260827002610|993.58
1787761575|20260827002615|993.56
1787761580|20260827002620|993.54
1787761585|20260827002625|993.56
1787761595|20260827002635|993.52
1787761600|20260827002640|993.24
1787761605|20260827002645|993.30
1787761615|20260827002655|993.36
1787761620|20260827002700|993.34
1787761625|20260827002705|993.52
1787761635|20260827002715|993.64
1787761640|20260827002720|993.65
1787761645|20260827002725|993.41
1787761655|20260827002735|993.40
1787761665|20260827002745|993.26
1787761670|20260827002750|993.09
1787761675|20260827002755|993.17
1787761685|20260827002805|993.35
1787761690|20260827002810|993.28
1787761695|20260827002815|993.27
1787761700|20260827002820|993.35
1787761705|20260827002825|993.34
1787761715|20260827002835|993.36
1787761720|20260827002840|993.34
1787761730|20260827002850|993.34
1787761750|20260827002910|993.34
1787761755|20260827002915|993.34
1787761760|20260827002920|993.27
1787761810|20260827003010|993.29
1787761815|20260827003015|993.29
1787761820|20260827003020|993.29
1787761825|20260827003025|993.32
1787761835|20260827003035|993.39
1787761840|20260827003040|993.17
1787761855|20260827003055|993.16
1787761860|20260827003100|993.03
1787761865|20260827003105|993.12
1787761870|20260827003110|993.09
1787761885|20260827003125|992.93
1787761895|20260827003135|992.95
1787761900|20260827003140|993.00
1787761905|20260827003145|993.01
1787761910|20260827003150|993.14
1787761925|20260827003205|992.88
1787761930|20260827003210|992.91
1787761935|20260827003215|992.99
1787761940|20260827003220|993.02
1787761945|20260827003225|993.05
1787761955|20260827003235|993.12
1787761960|20260827003240|993.09
1787761965|20260827003245|993.04
1787761970|20260827003250|993.02
1787761975|20260827003255|993.05
1787761980|20260827003300|993.06
1787761985|20260827003305|993.03
1787761990|20260827003310|993.06
1787761995|20260827003315|993.09
1787762005|20260827003325|993.10
1787762015|20260827003335|993.07
1787762020|20260827003340|992.84
1787762025|20260827003345|992.84
1787762030|20260827003350|992.86
1787762035|20260827003355|992.80
1787762040|20260827003400|992.80
1787762045|20260827003405|992.87
1787762050|20260827003410|993.00
1787762055|20260827003415|993.01
1787762060|20260827003420|993.05
1787762065|20260827003425|993.04
1787762100|20260827003500|993.06
1787762105|20260827003505|992.95
1787762115|20260827003515|992.59
1787762120|20260827003520|992.65
1787762125|20260827003525|992.65
1787762135|20260827003535|992.70
1787762145|20260827003545|992.86
1787762150|20260827003550|992.99
1787762155|20260827003555|992.84
1787762160|20260827003600|992.87
1787762165|20260827003605|992.88
1787762170|20260827003610|992.85
1787762175|20260827003615|992.79
1787762180|20260827003620|992.84
1787762205|20260827003645|993.11
1787762210|20260827003650|993.13
1787762225|20260827003705|993.02
1787762235|20260827003715|993.13
1787762240|20260827003720|993.12
1787762245|20260827003725|993.23
1787762255|20260827003735|992.88
1787762260|20260827003740|992.69
1787762265|20260827003745|992.61
1787762275|20260827003755|992.60
1787762280|20260827003800|992.62
1787762285|20260827003805|992.66
1787762290|20260827003810|992.60
1787762295|20260827003815|992.51
1787762300|20260827003820|992.27
1787762305|20260827003825|991.96
1787762315|20260827003835|991.98
1787762320|20260827003840|991.97
1787762325|20260827003845|992.30
1787762330|20260827003850|992.22
1787762335|20260827003855|992.11
1787762340|20260827003900|992.08
1787762345|20260827003905|992.02
1787762350|20260827003910|991.95
1787762355|20260827003915|991.99
1787762360|20260827003920|992.08
1787762365|20260827003925|992.00
1787762405|20260827004005|991.49
1787762410|20260827004010|991.28
1787762420|20260827004020|991.33
1787762425|20260827004025|991.54
1787762435|20260827004035|991.31
1787762440|20260827004040|991.52
1787762445|20260827004045|991.53
1787762455|20260827004055|991.89
1787762460|20260827004100|991.94
1787762470|20260827004110|991.94
1787762475|20260827004115|991.95
1787762480|20260827004120|992.13
1787762485|20260827004125|992.17
1787762500|20260827004140|992.07
1787762515|20260827004155|992.23
1787762520|20260827004200|992.21
1787762525|20260827004205|992.25
1787762530|20260827004210|992.24
1787762535|20260827004215|992.24
1787762540|20260827004220|992.32
1787762545|20260827004225|992.17
1787762555|20260827004235|992.12
1787762560|20260827004240|992.19
1787762565|20260827004245|992.20
1787762570|20260827004250|992.17
1787762575|20260827004255|992.23
1787762585|20260827004305|992.31
1787762595|20260827004315|992.34
1787762600|20260827004320|992.20
1787762605|20260827004325|992.19
1787762615|20260827004335|992.36
1787762620|20260827004340|992.19
1787762630|20260827004350|992.28
1787762635|20260827004355|992.34
1787762640|20260827004400|992.36
1787762650|20260827004410|992.03
1787762655|20260827004415|992.02
1787762660|20260827004420|991.86
1787762665|20260827004425|991.62
1787762670|20260827004430|991.70
1787762685|20260827004445|991.75
1787762700|20260827004500|991.69
1787762705|20260827004505|991.84
1787762710|20260827004510|991.91
1787762720|20260827004520|992.04
1787762735|20260827004535|992.13
1787762745|20260827004545|992.19
1787762760|20260827004600|992.01
1787762770|20260827004610|992.15
1787762775|20260827004615|992.05
1787762795|20260827004635|992.14
1787762800|20260827004640|992.21
1787762805|20260827004645|992.32
1787762810|20260827004650|992.35
1787762815|20260827004655|992.41
1787762825|20260827004705|992.30
1787762830|20260827004710|992.34
1787762835|20260827004715|992.39
1787762840|20260827004720|992.42
1787762845|20260827004725|992.37
1787762855|20260827004735|992.52
1787762860|20260827004740|992.36
1787762865|20260827004745|992.71
1787762875|20260827004755|992.83
1787762885|20260827004805|992.80
1787762895|20260827004815|992.88
1787762900|20260827004820|992.85
1787762905|20260827004825|992.96
1787762915|20260827004835|993.02
1787762920|20260827004840|992.89
1787762925|20260827004845|992.95
1787762930|20260827004850|992.94
1787762935|20260827004855|993.00
1787762940|20260827004900|993.02
1787762945|20260827004905|993.03
1787762950|20260827004910|993.02
1787762955|20260827004915|993.06
1787762965|20260827004925|993.01
1787763005|20260827005005|993.17
1787763010|20260827005010|993.30
1787763015|20260827005015|993.29
1787763020|20260827005020|993.36
1787763035|20260827005035|993.37
1787763040|20260827005040|993.35
1787763045|20260827005045|993.50
1787763050|20260827005050|993.51
1787763055|20260827005055|993.57
1787763060|20260827005100|993.43
1787763065|20260827005105|993.40
1787763070|20260827005110|993.33
1787763075|20260827005115|993.35
1787763080|20260827005120|992.86
1787763085|20260827005125|992.91
1787763095|20260827005135|992.87
1787763105|20260827005145|992.87
1787763110|20260827005150|992.87
1787763125|20260827005205|992.58
1787763130|20260827005210|992.60
1787763135|20260827005215|992.58
1787763140|20260827005220|992.35
1787763145|20260827005225|992.32
1787763160|20260827005240|992.09
1787763165|20260827005245|992.05
1787763175|20260827005255|992.08
1787763180|20260827005300|992.13
1787763185|20260827005305|992.11
1787763190|20260827005310|992.01
1787763200|20260827005320|992.05
1787763205|20260827005325|992.03
1787763215|20260827005335|992.13
1787763220|20260827005340|992.17
1787763230|20260827005350|992.22
1787763235|20260827005355|992.21
1787763240|20260827005400|992.08
1787763245|20260827005405|992.09
1787763250|20260827005410|992.14
1787763255|20260827005415|992.10
1787763260|20260827005420|992.04
1787763265|20260827005425|992.24
1787763300|20260827005500|992.11
1787763305|20260827005505|992.08
1787763310|20260827005510|991.86
1787763315|20260827005515|991.92
1787763320|20260827005520|991.96
1787763325|20260827005525|991.95
1787763335|20260827005535|991.99
1787763340|20260827005540|992.01
1787763345|20260827005545|991.95
1787763355|20260827005555|992.00
1787763360|20260827005600|991.99
1787763365|20260827005605|991.98
1787763375|20260827005615|992.06
1787763380|20260827005620|992.07
1787763385|20260827005625|992.16
1787763395|20260827005635|992.13
1787763400|20260827005640|992.20
1787763405|20260827005645|992.19
1787763410|20260827005650|992.17
1787763415|20260827005655|992.14
1787763430|20260827005710|992.13
1787763435|20260827005715|992.20
1787763440|20260827005720|992.16
1787763445|20260827005725|992.21
1787763455|20260827005735|992.29
1787763460|20260827005740|992.15
1787763465|20260827005745|992.01
1787763470|20260827005750|992.12
1787763485|20260827005805|992.18
1787763490|20260827005810|992.19
1787763495|20260827005815|992.18
1787763500|20260827005820|992.14
1787763505|20260827005825|992.18
1787763520|20260827005840|992.46
1787763525|20260827005845|992.57
1787763530|20260827005850|992.57
1787763535|20260827005855|992.54
1787763540|20260827005900|992.50
1787763545|20260827005905|992.51
1787763550|20260827005910|992.48
1787763555|20260827005915|992.45
1787763565|20260827005925|992.50
1787763600|20260827010000|992.44
1787763610|20260827010010|992.53
1787763620|20260827010020|992.40
1787763625|20260827010025|992.56
1787763635|20260827010035|992.59
1787763640|20260827010040|992.60
1787763645|20260827010045|992.64
1787763655|20260827010055|992.80
1787763660|20260827010100|992.81
1787763665|20260827010105|992.85
1787763680|20260827010120|992.83
1787763685|20260827010125|992.75
1787763700|20260827010140|992.69
1787763705|20260827010145|992.54
1787763710|20260827010150|992.53
1787763725|20260827010205|992.78
1787763735|20260827010215|992.83
1787763740|20260827010220|992.78
1787763745|20260827010225|992.78
1787763760|20260827010240|992.45
1787763765|20260827010245|992.58
1787763775|20260827010255|992.60
1787763785|20260827010305|992.74
1787763790|20260827010310|992.71
1787763800|20260827010320|992.59
1787763805|20260827010325|992.62
1787763815|20260827010335|992.62
1787763820|20260827010340|992.61
1787763825|20260827010345|992.67
1787763830|20260827010350|992.79
1787763835|20260827010355|992.77
1787763850|20260827010410|992.82
1787763855|20260827010415|992.80
1787763860|20260827010420|992.86
1787763865|20260827010425|992.86
1787763900|20260827010500|992.80
1787763905|20260827010505|992.78
1787763910|20260827010510|992.71
1787763915|20260827010515|992.51
1787763920|20260827010520|992.46
1787763925|20260827010525|992.52
1787763935|20260827010535|992.62
1787763940|20260827010540|992.68
1787763945|20260827010545|992.65
1787763950|20260827010550|992.71
1787763955|20260827010555|992.66
1787763960|20260827010600|992.43
1787763965|20260827010605|992.42
1787763970|20260827010610|992.38
1787763975|20260827010615|992.38
1787763980|20260827010620|992.35
1787763985|20260827010625|992.38
1787763995|20260827010635|992.34
1787764000|20260827010640|992.39
1787764005|20260827010645|992.44
1787764010|20260827010650|992.51
1787764015|20260827010655|992.52
1787764020|20260827010700|992.60
1787764025|20260827010705|992.67
1787764030|20260827010710|992.73
1787764035|20260827010715|992.66
1787764040|20260827010720|992.82
1787764045|20260827010725|992.80
1787764055|20260827010735|993.14
1787764060|20260827010740|993.08
1787764065|20260827010745|993.23
1787764075|20260827010755|993.34
1787764080|20260827010800|993.34
1787764085|20260827010805|993.27
1787764090|20260827010810|993.22
1787764095|20260827010815|993.21
1787764100|20260827010820|993.27
1787764105|20260827010825|993.28
1787764115|20260827010835|993.33
1787764120|20260827010840|993.35
1787764125|20260827010845|993.38
1787764130|20260827010850|993.40
1787764135|20260827010855|993.32
1787764140|20260827010900|993.33
1787764145|20260827010905|993.35
1787764150|20260827010910|993.39
1787764155|20260827010915|993.42
1787764160|20260827010920|993.41
1787764205|20260827011005|993.06
1787764210|20260827011010|993.12
1787764215|20260827011015|993.10
1787764220|20260827011020|993.13
1787764225|20260827011025|993.10
1787764235|20260827011035|993.15
1787764240|20260827011040|993.04
1787764245|20260827011045|992.99
1787764250|20260827011050|992.99
1787764255|20260827011055|992.97
1787764260|20260827011100|992.94
1787764265|20260827011105|992.90
1787764275|20260827011115|992.97
1787764280|20260827011120|992.97
1787764285|20260827011125|992.92
1787764295|20260827011135|992.91
1787764300|20260827011140|992.95
1787764305|20260827011145|992.95
1787764325|20260827011205|992.92
1787764335|20260827011215|993.13
1787764340|20260827011220|993.13
1787764345|20260827011225|993.09
1787764355|20260827011235|993.19
1787764360|20260827011240|993.17
1787764365|20260827011245|993.14
1787764370|20260827011250|993.11
1787764375|20260827011255|993.12
1787764380|20260827011300|993.09
1787764385|20260827011305|993.18
1787764395|20260827011315|992.97
1787764400|20260827011320|993.02
1787764420|20260827011340|992.94
1787764425|20260827011345|992.93
1787764430|20260827011350|993.00
1787764435|20260827011355|993.05
1787764445|20260827011405|993.00
1787764450|20260827011410|992.98
1787764455|20260827011415|993.05
1787764460|20260827011420|993.05
1787764465|20260827011425|993.00
1787764505|20260827011505|993.20
1787764510|20260827011510|993.23
1787764520|20260827011520|993.29
1787764525|20260827011525|993.30
1787764535|20260827011535|993.22
1787764540|20260827011540|993.24
1787764545|20260827011545|993.18
1787764550|20260827011550|993.21
1787764555|20260827011555|993.29
1787764560|20260827011600|993.29
1787764565|20260827011605|993.29
1787764570|20260827011610|993.27
1787764580|20260827011620|993.29
1787764585|20260827011625|993.29
1787764595|20260827011635|993.33
1787764605|20260827011645|993.21
1787764610|20260827011650|993.20
1787764625|20260827011705|993.30
1787764630|20260827011710|993.32
1787764640|20260827011720|993.32
1787764645|20260827011725|993.32
1787764655|20260827011735|993.10
1787764660|20260827011740|993.17
1787764665|20260827011745|993.15
1787764670|20260827011750|993.14
1787764675|20260827011755|993.17
1787764685|20260827011805|992.95
1787764690|20260827011810|993.02
1787764695|20260827011815|993.11
1787764700|20260827011820|993.08
1787764705|20260827011825|993.07
1787764715|20260827011835|993.14
1787764720|20260827011840|993.04
1787764725|20260827011845|992.97
1787764730|20260827011850|992.96
1787764735|20260827011855|992.96
1787764740|20260827011900|992.94
1787764745|20260827011905|993.00
1787764755|20260827011915|993.14
1787764760|20260827011920|993.17
1787764765|20260827011925|993.20
1787764810|20260827012010|993.50
1787764815|20260827012015|993.53
1787764820|20260827012020|993.53
1787764825|20260827012025|993.53
1787764835|20260827012035|993.39
1787764840|20260827012040|993.45
1787764845|20260827012045|993.54
1787764850|20260827012050|993.52
1787764860|20260827012100|993.48
1787764870|20260827012110|993.50
1787764875|20260827012115|993.65
1787764880|20260827012120|993.74
1787764905|20260827012145|993.99
1787764910|20260827012150|993.97
1787764920|20260827012200|993.96
1787764930|20260827012210|993.87
1787764935|20260827012215|993.87
1787764940|20260827012220|993.84
1787764945|20260827012225|993.70
1787764955|20260827012235|993.71
1787764960|20260827012240|993.79
1787764965|20260827012245|993.77
1787764975|20260827012255|993.81
1787764985|20260827012305|993.75
1787764995|20260827012315|993.67
1787765000|20260827012320|993.75
1787765030|20260827012350|993.63
1787765045|20260827012405|993.49
1787765050|20260827012410|993.67
1787765055|20260827012415|993.74
1787765060|20260827012420|993.71
1787765065|20260827012425|993.81
1787765100|20260827012500|993.53
1787765105|20260827012505|993.51
1787765110|20260827012510|993.50
1787765115|20260827012515|993.41
1787765120|20260827012520|993.46
1787765125|20260827012525|993.41
1787765135|20260827012535|993.26
1787765140|20260827012540|993.25
1787765145|20260827012545|993.12
1787765150|20260827012550|993.27
1787765155|20260827012555|993.25
1787765160|20260827012600|993.26
1787765165|20260827012605|993.35
1787765170|20260827012610|993.34
1787765185|20260827012625|993.37
1787765205|20260827012645|993.51
1787765215|20260827012655|993.50
1787765220|20260827012700|993.45
1787765225|20260827012705|993.46
1787765230|20260827012710|993.46
1787765235|20260827012715|993.51
1787765240|20260827012720|993.51
1787765245|20260827012725|993.50
1787765260|20260827012740|993.39
1787765265|20260827012745|993.28
1787765270|20260827012750|993.25
1787765275|20260827012755|993.27
1787765280|20260827012800|993.41
1787765285|20260827012805|993.43
1787765290|20260827012810|993.72
1787765295|20260827012815|993.72
1787765300|20260827012820|993.49
1787765305|20260827012825|993.55
1787765315|20260827012835|993.66
1787765320|20260827012840|993.69
1787765335|20260827012855|993.58
1787765345|20260827012905|993.58
1787765350|20260827012910|993.78
1787765355|20260827012915|993.90
1787765360|20260827012920|993.85
1787765365|20260827012925|993.79
1787765405|20260827013005|993.87
1787765410|20260827013010|993.89
1787765415|20260827013015|993.92
1787765420|20260827013020|993.74
1787765425|20260827013025|993.90
1787765435|20260827013035|993.89
1787765440|20260827013040|993.89
1787765445|20260827013045|993.92
1787765455|20260827013055|994.10
1787765460|20260827013100|994.13
1787765465|20260827013105|994.16
1787765470|20260827013110|994.02
1787765480|20260827013120|993.96
1787765500|20260827013140|993.91
1787765505|20260827013145|993.87
1787765510|20260827013150|993.88
1787765515|20260827013155|993.94
1787765525|20260827013205|993.92
1787765530|20260827013210|993.91
1787765535|20260827013215|993.98
1787765560|20260827013240|994.12
1787765565|20260827013245|994.13
1787765570|20260827013250|994.18
1787765575|20260827013255|994.14
1787765585|20260827013305|994.20
1787765590|20260827013310|994.22
1787765595|20260827013315|994.16
1787765600|20260827013320|994.24
1787765605|20260827013325|994.24
1787765620|20260827013340|994.41
1787765625|20260827013345|994.46
1787765635|20260827013355|994.62
1787765640|20260827013400|994.61
1787765645|20260827013405|994.62
1787765650|20260827013410|994.65
1787765655|20260827013415|994.65
1787765660|20260827013420|994.65
1787765665|20260827013425|994.59
1787765675|20260827013435|994.59
1787765680|20260827013440|994.63
1787765700|20260827013500|994.53
1787765705|20260827013505|994.57
1787765715|20260827013515|994.56
1787765720|20260827013520|994.47
1787765725|20260827013525|994.45
1787765735|20260827013535|994.34
1787765740|20260827013540|994.35
1787765745|20260827013545|994.30
1787765750|20260827013550|994.27
1787765755|20260827013555|994.25
1787765760|20260827013600|994.25
1787765765|20260827013605|994.26
1787765770|20260827013610|994.24
1787765775|20260827013615|994.06
1787765780|20260827013620|994.06
1787765785|20260827013625|994.06
1787765790|20260827013630|993.98
1787765795|20260827013635|994.01
1787765800|20260827013640|993.92
1787765805|20260827013645|993.91
1787765810|20260827013650|993.80
1787765815|20260827013655|993.61
1787765820|20260827013700|993.60
1787765825|20260827013705|993.72
1787765830|20260827013710|993.69
1787765835|20260827013715|993.68
1787765840|20260827013720|993.72
1787765845|20260827013725|993.76
1787765855|20260827013735|993.79
1787765860|20260827013740|993.77
1787765865|20260827013745|993.78
1787765870|20260827013750|993.85
1787765875|20260827013755|993.82
1787765880|20260827013800|993.83
1787765885|20260827013805|993.81
1787765905|20260827013825|993.78
1787765915|20260827013835|993.80
1787765920|20260827013840|993.82
1787765925|20260827013845|993.81
1787765930|20260827013850|993.79
1787765935|20260827013855|993.82
1787765940|20260827013900|993.80
1787765945|20260827013905|993.78
1787765950|20260827013910|993.82
1787765955|20260827013915|993.86
1787765960|20260827013920|993.82
1787766005|20260827014005|993.65
1787766010|20260827014010|993.77
1787766020|20260827014020|993.79
1787766025|20260827014025|993.72
1787766035|20260827014035|993.75
1787766040|20260827014040|993.82
1787766045|20260827014045|993.97
1787766050|20260827014050|993.97
1787766055|20260827014055|993.98
1787766060|20260827014100|994.02
1787766075|20260827014115|994.11
1787766085|20260827014125|994.14
1787766100|20260827014140|993.96
1787766105|20260827014145|994.03
1787766110|20260827014150|994.06
1787766115|20260827014155|994.05
1787766125|20260827014205|994.14
1787766130|20260827014210|994.12
1787766135|20260827014215|994.12
1787766140|20260827014220|994.14
1787766145|20260827014225|994.12
1787766160|20260827014240|993.92
1787766165|20260827014245|993.90
1787766170|20260827014250|993.91
1787766180|20260827014300|993.82
1787766190|20260827014310|993.72
1787766200|20260827014320|993.61
1787766215|20260827014335|993.45
1787766220|20260827014340|993.45
1787766225|20260827014345|993.44
1787766230|20260827014350|993.56
1787766235|20260827014355|993.57
1787766240|20260827014400|993.57
1787766245|20260827014405|993.56
1787766250|20260827014410|993.55
1787766255|20260827014415|993.52
1787766260|20260827014420|993.53
1787766265|20260827014425|993.65
1787766300|20260827014500|993.71
1787766305|20260827014505|993.70
1787766310|20260827014510|993.69
1787766320|20260827014520|993.92
1787766325|20260827014525|993.96
1787766335|20260827014535|993.92
1787766340|20260827014540|993.93
1787766355|20260827014555|994.05
1787766365|20260827014605|993.89
1787766370|20260827014610|993.94
1787766380|20260827014620|993.88
1787766385|20260827014625|993.85
1787766400|20260827014640|993.76
1787766405|20260827014645|993.77
1787766410|20260827014650|993.79
1787766425|20260827014705|993.72
1787766430|20260827014710|993.72
1787766435|20260827014715|993.64
1787766440|20260827014720|993.65
1787766445|20260827014725|993.76
1787766460|20260827014740|993.71
1787766465|20260827014745|993.68
1787766470|20260827014750|993.71
1787766475|20260827014755|993.69
1787766480|20260827014800|993.68
1787766490|20260827014810|993.75
1787766495|20260827014815|993.78
1787766500|20260827014820|993.79
1787766505|20260827014825|993.76
1787766515|20260827014835|993.62
1787766525|20260827014845|993.60
1787766530|20260827014850|993.60
1787766535|20260827014855|993.55
1787766545|20260827014905|993.69
1787766550|20260827014910|993.72
1787766560|20260827014920|993.80
1787766565|20260827014925|993.79
1787766605|20260827015005|993.92
1787766610|20260827015010|993.93
1787766615|20260827015015|993.99
1787766620|20260827015020|993.99
1787766625|20260827015025|993.98
1787766635|20260827015035|994.01
1787766640|20260827015040|993.97
1787766645|20260827015045|994.01
1787766650|20260827015050|993.99
1787766655|20260827015055|994.00
1787766660|20260827015100|993.99
1787766675|20260827015115|993.99
1787766680|20260827015120|994.01
1787766695|20260827015135|993.89
1787766705|20260827015145|993.86
1787766710|20260827015150|994.00
1787766715|20260827015155|994.02
1787766720|20260827015200|994.00
1787766725|20260827015205|993.95
1787766730|20260827015210|993.94
1787766735|20260827015215|993.93
1787766740|20260827015220|993.94
1787766745|20260827015225|993.95
1787766750|20260827015230|994.05
1787766755|20260827015235|994.06
1787766765|20260827015245|994.11
1787766770|20260827015250|994.13
1787766775|20260827015255|994.04
1787766780|20260827015300|994.04
1787766785|20260827015305|994.03
1787766790|20260827015310|994.03
1787766795|20260827015315|993.96
1787766805|20260827015325|993.96
1787766820|20260827015340|994.03
1787766830|20260827015350|994.06
1787766845|20260827015405|994.05
1787766865|20260827015425|993.96
1787766900|20260827015500|993.76
1787766905|20260827015505|993.77
1787766910|20260827015510|993.78
1787766915|20260827015515|993.64
1787766920|20260827015520|993.66
1787766935|20260827015535|993.65
1787766940|20260827015540|993.66
1787766945|20260827015545|993.60
1787766955|20260827015555|993.40
1787766960|20260827015600|993.32
1787766965|20260827015605|993.37
1787766970|20260827015610|993.34
1787766975|20260827015615|993.40
1787766980|20260827015620|993.39
1787766985|20260827015625|993.33
1787766995|20260827015635|993.07
1787767020|20260827015700|993.29
1787767025|20260827015705|993.30
1787767030|20260827015710|993.33
1787767035|20260827015715|993.38
1787767040|20260827015720|993.43
1787767045|20260827015725|993.50
1787767055|20260827015735|993.40
1787767075|20260827015755|993.45
1787767080|20260827015800|993.54
1787767085|20260827015805|993.55
1787767090|20260827015810|993.54
1787767100|20260827015820|993.52
1787767105|20260827015825|993.58
1787767115|20260827015835|993.58
1787767125|20260827015845|993.63
1787767130|20260827015850|993.67
1787767135|20260827015855|993.75
1787767140|20260827015900|993.57
1787767145|20260827015905|993.62
1787767150|20260827015910|993.57
1787767155|20260827015915|993.61
1787767160|20260827015920|993.69
1787767165|20260827015925|993.62
1787767205|20260827020005|993.78
1787767215|20260827020015|993.81
1787767220|20260827020020|993.81
1787767225|20260827020025|993.61
1787767235|20260827020035|993.77
1787767240|20260827020040|993.75
1787767245|20260827020045|993.84
1787767250|20260827020050|993.77
1787767255|20260827020055|993.82
1787767260|20260827020100|993.83
1787767270|20260827020110|993.76
1787767275|20260827020115|993.81
1787767280|20260827020120|993.76
1787767285|20260827020125|993.75
1787767295|20260827020135|993.73
1787767305|20260827020145|994.02
1787767310|20260827020150|994.01
1787767315|20260827020155|994.25
1787767325|20260827020205|994.14
1787767330|20260827020210|994.17
1787767335|20260827020215|994.18
1787767340|20260827020220|994.15
1787767345|20260827020225|994.14
1787767355|20260827020235|994.19
1787767360|20260827020240|994.14
1787767365|20260827020245|994.19
1787767370|20260827020250|994.26
1787767385|20260827020305|994.36
1787767390|20260827020310|994.38
1787767395|20260827020315|994.39
1787767400|20260827020320|994.52
1787767405|20260827020325|994.56
1787767415|20260827020335|994.72
1787767420|20260827020340|994.76
1787767425|20260827020345|994.78
1787767430|20260827020350|994.82
1787767450|20260827020410|994.84
1787767460|20260827020420|994.78
1787767500|20260827020500|994.94
1787767505|20260827020505|994.94
1787767510|20260827020510|994.96
1787767515|20260827020515|994.96
1787767520|20260827020520|995.02
1787767525|20260827020525|995.10
1787767535|20260827020535|995.16
1787767540|20260827020540|995.15
1787767545|20260827020545|995.13
1787767550|20260827020550|995.06
1787767555|20260827020555|995.01
1787767560|20260827020600|995.09
1787767575|20260827020615|995.11
1787767580|20260827020620|995.12
1787767585|20260827020625|995.14
1787767600|20260827020640|995.17
1787767605|20260827020645|995.07
1787767610|20260827020650|995.11
1787767620|20260827020700|994.85
1787767630|20260827020710|994.79
1787767635|20260827020715|994.72
1787767640|20260827020720|994.61
1787767645|20260827020725|994.61
1787767655|20260827020735|994.66
1787767660|20260827020740|994.47
1787767665|20260827020745|994.49
1787767680|20260827020800|994.66
1787767685|20260827020805|994.60
1787767690|20260827020810|994.56
1787767695|20260827020815|994.50
1787767700|20260827020820|994.51
1787767705|20260827020825|994.52
1787767715|20260827020835|994.46
1787767720|20260827020840|994.48
1787767725|20260827020845|994.51
1787767735|20260827020855|994.57
1787767745|20260827020905|994.87
1787767755|20260827020915|994.79
1787767760|20260827020920|994.79
1787767765|20260827020925|994.70
1787767815|20260827021015|994.87
1787767825|20260827021025|994.84
1787767835|20260827021035|994.98
1787767840|20260827021040|995.03
1787767845|20260827021045|995.00
1787767850|20260827021050|995.03
1787767855|20260827021055|995.01
1787767860|20260827021100|995.10
1787767870|20260827021110|995.05
1787767880|20260827021120|995.05
1787767885|20260827021125|995.05
1787767895|20260827021135|995.00
1787767900|20260827021140|994.97
1787767910|20260827021150|995.02
1787767915|20260827021155|994.95
1787767920|20260827021200|995.01
1787767930|20260827021210|994.99
1787767935|20260827021215|994.98
1787767940|20260827021220|995.03
1787767955|20260827021235|994.79
1787767965|20260827021245|994.79
1787767970|20260827021250|994.78
1787767980|20260827021300|994.87
1787767990|20260827021310|994.89
1787768000|20260827021320|994.82
1787768005|20260827021325|994.81
1787768015|20260827021335|994.81
1787768020|20260827021340|994.80
1787768025|20260827021345|994.77
1787768050|20260827021410|994.76
1787768065|20260827021425|994.44
1787768100|20260827021500|994.30
1787768105|20260827021505|994.35
1787768110|20260827021510|994.34
1787768120|20260827021520|994.28
1787768125|20260827021525|994.27
1787768135|20260827021535|994.22
1787768140|20260827021540|994.21
1787768145|20260827021545|994.16
1787768155|20260827021555|994.00
1787768160|20260827021600|993.96
1787768170|20260827021610|994.02
1787768185|20260827021625|993.87
1787768195|20260827021635|994.01
1787768210|20260827021650|994.02
1787768215|20260827021655|993.98
1787768225|20260827021705|993.95
1787768230|20260827021710|993.95
1787768240|20260827021720|993.96
1787768245|20260827021725|993.95
1787768255|20260827021735|993.98
1787768260|20260827021740|994.04
1787768265|20260827021745|994.03
1787768275|20260827021755|994.06
1787768280|20260827021800|994.10
1787768285|20260827021805|993.90
1787768290|20260827021810|993.84
1787768300|20260827021820|993.84
1787768305|20260827021825|993.89
1787768315|20260827021835|993.77
1787768320|20260827021840|993.75
1787768325|20260827021845|993.63
1787768330|20260827021850|993.55
1787768335|20260827021855|993.55
1787768340|20260827021900|993.57
1787768345|20260827021905|993.54
1787768350|20260827021910|993.44
1787768360|20260827021920|993.47
1787768365|20260827021925|993.46
1787768405|20260827022005|993.25
1787768410|20260827022010|993.32
1787768415|20260827022015|993.25
1787768420|20260827022020|993.34
1787768425|20260827022025|993.35
1787768435|20260827022035|993.34
1787768440|20260827022040|993.29
1787768445|20260827022045|993.38
1787768450|20260827022050|993.40
1787768465|20260827022105|993.23
1787768470|20260827022110|993.23
1787768475|20260827022115|993.22
1787768480|20260827022120|993.18
1787768495|20260827022135|993.21
1787768500|20260827022140|993.18
1787768505|20260827022145|993.21
1787768510|20260827022150|993.19
1787768515|20260827022155|993.12
1787768530|20260827022210|992.85
1787768540|20260827022220|993.07
1787768545|20260827022225|993.12
1787768555|20260827022235|993.10
1787768560|20260827022240|993.03
1787768565|20260827022245|993.01
1787768570|20260827022250|993.01
1787768575|20260827022255|993.06
1787768585|20260827022305|993.09
1787768595|20260827022315|993.16
1787768600|20260827022320|993.13
1787768605|20260827022325|993.11
1787768615|20260827022335|993.15
1787768620|20260827022340|993.22
1787768625|20260827022345|993.23
1787768630|20260827022350|993.28
1787768635|20260827022355|993.04
1787768645|20260827022405|993.11
1787768650|20260827022410|993.07
1787768655|20260827022415|993.04
1787768690|20260827022450|992.83
1787768710|20260827022510|993.07
1787768715|20260827022515|993.06
1787768720|20260827022520|993.05
1787768725|20260827022525|993.04
1787768735|20260827022535|992.95
1787768740|20260827022540|992.99
1787768745|20260827022545|992.99
1787768750|20260827022550|992.96
1787768755|20260827022555|992.87
1787768765|20260827022605|993.01
1787768775|20260827022615|992.85
1787768795|20260827022635|992.95
1787768800|20260827022640|992.96
1787768805|20260827022645|992.94
1787768810|20260827022650|993.04
1787768815|20260827022655|993.11
1787768830|20260827022710|993.10
1787768835|20260827022715|993.09
1787768840|20260827022720|993.15
1787768845|20260827022725|993.17
1787768855|20260827022735|993.15
1787768860|20260827022740|993.14
1787768870|20260827022750|993.10
1787768875|20260827022755|993.09
1787768885|20260827022805|993.04
1787768890|20260827022810|993.11
1787768895|20260827022815|993.19
1787768900|20260827022820|993.24
1787768905|20260827022825|993.22
1787768915|20260827022835|993.05
1787768920|20260827022840|993.01
1787768925|20260827022845|992.96
1787768930|20260827022850|992.97
1787768935|20260827022855|992.94
1787768945|20260827022905|993.00
1787768950|20260827022910|992.97
1787768955|20260827022915|992.98
1787768960|20260827022920|992.99
1787768965|20260827022925|992.96
1787769005|20260827023005|993.16
1787769010|20260827023010|993.00
1787769015|20260827023015|993.12
1787769020|20260827023020|993.10
1787769025|20260827023025|993.16
1787769035|20260827023035|993.15
1787769040|20260827023040|993.15
1787769045|20260827023045|993.13
1787769050|20260827023050|993.13
1787769055|20260827023055|993.08
1787769060|20260827023100|992.94
1787769065|20260827023105|992.94
1787769070|20260827023110|992.96
1787769075|20260827023115|993.02
1787769080|20260827023120|993.04
1787769085|20260827023125|993.10
1787769095|20260827023135|993.09
1787769100|20260827023140|993.09
1787769105|20260827023145|992.94
1787769110|20260827023150|992.84
1787769115|20260827023155|992.84
1787769120|20260827023200|992.87
1787769125|20260827023205|993.06
1787769135|20260827023215|992.92
1787769140|20260827023220|992.92
1787769155|20260827023235|992.86
1787769160|20260827023240|992.84
1787769165|20260827023245|992.84
1787769170|20260827023250|992.91
1787769175|20260827023255|992.93
1787769185|20260827023305|992.98
1787769195|20260827023315|992.95
1787769200|20260827023320|992.95
1787769205|20260827023325|992.97
1787769215|20260827023335|993.12
1787769220|20260827023340|993.06
1787769225|20260827023345|992.97
1787769230|20260827023350|992.94
1787769235|20260827023355|993.01
1787769240|20260827023400|993.07
1787769245|20260827023405|993.05
1787769250|20260827023410|993.22
1787769255|20260827023415|993.17
1787769260|20260827023420|993.22
1787769265|20260827023425|993.11
1787769305|20260827023505|992.68
1787769310|20260827023510|992.69
1787769320|20260827023520|992.60
1787769325|20260827023525|992.66
1787769335|20260827023535|992.70
1787769340|20260827023540|992.70
1787769345|20260827023545|992.73
1787769350|20260827023550|992.90
1787769355|20260827023555|992.93
1787769365|20260827023605|992.94
1787769370|20260827023610|992.92
1787769375|20260827023615|992.92
1787769380|20260827023620|992.90
1787769385|20260827023625|992.91
1787769395|20260827023635|992.91
1787769400|20260827023640|992.92
1787769405|20260827023645|992.90
1787769410|20260827023650|992.91
1787769415|20260827023655|992.91
1787769425|20260827023705|992.90
1787769430|20260827023710|993.01
1787769435|20260827023715|993.01
1787769445|20260827023725|993.05
1787769455|20260827023735|993.26
1787769460|20260827023740|993.28
1787769465|20260827023745|993.17
1787769470|20260827023750|993.18
1787769475|20260827023755|993.18
1787769485|20260827023805|993.18
1787769495|20260827023815|993.15
1787769500|20260827023820|993.01
1787769515|20260827023835|992.78
1787769520|20260827023840|992.76
1787769525|20260827023845|992.74
1787769530|20260827023850|992.83
1787769535|20260827023855|992.85
1787769545|20260827023905|992.88
1787769565|20260827023925|992.84
1787769605|20260827024005|992.95
1787769620|20260827024020|992.94
1787769625|20260827024025|992.86
1787769635|20260827024035|992.93
1787769640|20260827024040|992.97
1787769645|20260827024045|993.04
1787769650|20260827024050|993.04
1787769655|20260827024055|993.13
1787769665|20260827024105|993.15
1787769670|20260827024110|993.14
1787769675|20260827024115|993.14
1787769680|20260827024120|993.16
1787769685|20260827024125|993.18
1787769695|20260827024135|993.19
1787769700|20260827024140|993.19
1787769705|20260827024145|993.16
1787769710|20260827024150|993.18
1787769715|20260827024155|993.22
1787769725|20260827024205|993.23
1787769730|20260827024210|993.20
1787769735|20260827024215|993.28
1787769740|20260827024220|993.29
1787769745|20260827024225|993.31
1787769755|20260827024235|993.52
1787769760|20260827024240|993.49
1787769765|20260827024245|993.46
1787769770|20260827024250|993.44
1787769785|20260827024305|993.56
1787769790|20260827024310|993.51
1787769800|20260827024320|993.48
1787769805|20260827024325|993.53
1787769815|20260827024335|993.58
1787769820|20260827024340|993.55
1787769830|20260827024350|993.38
1787769835|20260827024355|993.38
1787769850|20260827024410|993.37
1787769855|20260827024415|993.32
1787769860|20260827024420|993.35
1787769865|20260827024425|993.33
1787769905|20260827024505|993.47
1787769910|20260827024510|993.46
1787769920|20260827024520|993.36
1787769925|20260827024525|993.36
1787769935|20260827024535|993.42
1787769940|20260827024540|993.42
1787769945|20260827024545|993.43
1787769950|20260827024550|993.44
1787769955|20260827024555|993.47
1787769970|20260827024610|993.50
1787769975|20260827024615|993.48
1787769980|20260827024620|993.46
1787769985|20260827024625|993.49
1787769995|20260827024635|993.43
1787770000|20260827024640|993.45
1787770005|20260827024645|993.43
1787770010|20260827024650|993.44
1787770015|20260827024655|993.37
1787770025|20260827024705|993.46
1787770030|20260827024710|993.48
1787770035|20260827024715|993.49
1787770040|20260827024720|993.62
1787770045|20260827024725|993.64
1787770055|20260827024735|993.65
1787770060|20260827024740|993.66
1787770065|20260827024745|993.66
1787770070|20260827024750|993.64
1787770075|20260827024755|993.67
1787770080|20260827024800|993.61
1787770085|20260827024805|993.64
1787770090|20260827024810|993.62
1787770105|20260827024825|993.68
1787770115|20260827024835|993.67
1787770120|20260827024840|993.60
1787770125|20260827024845|993.62
1787770130|20260827024850|993.61
1787770135|20260827024855|993.62
1787770140|20260827024900|993.45
1787770145|20260827024905|993.43
1787770150|20260827024910|993.45
1787770155|20260827024915|993.47
1787770160|20260827024920|993.46
1787770165|20260827024925|993.44
1787770205|20260827025005|993.40
1787770215|20260827025015|993.50
1787770220|20260827025020|993.53
1787770225|20260827025025|993.55
1787770230|20260827025030|993.45
1787770235|20260827025035|993.46
1787770240|20260827025040|993.47
1787770250|20260827025050|993.45
1787770255|20260827025055|993.41
1787770265|20260827025105|993.42
1787770270|20260827025110|993.46
1787770275|20260827025115|993.48
1787770280|20260827025120|993.48
1787770285|20260827025125|993.53
1787770295|20260827025135|993.51
1787770300|20260827025140|993.51
1787770305|20260827025145|993.51
1787770310|20260827025150|993.48
1787770315|20260827025155|993.45
1787770325|20260827025205|993.55
1787770330|20260827025210|993.58
1787770335|20260827025215|993.55
1787770340|20260827025220|993.55
1787770345|20260827025225|993.47
1787770355|20260827025235|993.48
1787770360|20260827025240|993.46
1787770365|20260827025245|993.48
1787770370|20260827025250|993.55
1787770375|20260827025255|993.53
1787770390|20260827025310|993.59
1787770395|20260827025315|993.59
1787770400|20260827025320|993.62
1787770405|20260827025325|993.65
1787770415|20260827025335|993.66
1787770420|20260827025340|993.64
1787770425|20260827025345|993.66
1787770430|20260827025350|993.67
1787770435|20260827025355|993.65
1787770445|20260827025405|993.64
1787770450|20260827025410|993.65
1787770455|20260827025415|993.63
1787770460|20260827025420|993.59
1787770465|20260827025425|993.53
1787770500|20260827025500|993.38
1787770505|20260827025505|993.34
1787770510|20260827025510|993.34
1787770515|20260827025515|993.35
1787770520|20260827025520|993.33
1787770525|20260827025525|993.20
1787770535|20260827025535|993.26
1787770540|20260827025540|993.00
1787770550|20260827025550|992.91
1787770555|20260827025555|992.79
1787770560|20260827025600|992.74
1787770565|20260827025605|992.89
1787770570|20260827025610|992.84
1787770575|20260827025615|992.83
1787770585|20260827025625|992.93
1787770595|20260827025635|992.91
1787770605|20260827025645|992.89
1787770610|20260827025650|993.09
1787770615|20260827025655|993.12
1787770625|20260827025705|993.15
1787770630|20260827025710|993.15
1787770635|20260827025715|993.18
1787770640|20260827025720|993.19
1787770645|20260827025725|993.22
1787770655|20260827025735|993.17
1787770660|20260827025740|993.17
1787770665|20260827025745|993.17
1787770670|20260827025750|993.12
1787770675|20260827025755|993.13
1787770680|20260827025800|993.18
1787770685|20260827025805|993.13
1787770695|20260827025815|993.06
1787770700|20260827025820|992.93
1787770705|20260827025825|992.95
1787770715|20260827025835|992.91
1787770720|20260827025840|992.89
1787770730|20260827025850|992.96
1787770735|20260827025855|993.01
1787770745|20260827025905|993.03
1787770755|20260827025915|993.04
1787770765|20260827025925|993.04
1787770800|20260827030000|992.86
1787770805|20260827030005|992.86
1787770810|20260827030010|992.87
1787770815|20260827030015|992.98
1787770820|20260827030020|992.98
1787770835|20260827030035|992.97
1787770840|20260827030040|993.03
1787770845|20260827030045|992.93
1787770855|20260827030055|993.03
1787770865|20260827030105|993.06
1787770870|20260827030110|993.09
1787770875|20260827030115|993.02
1787770880|20260827030120|992.94
1787770885|20260827030125|992.95
1787770895|20260827030135|992.97
1787770900|20260827030140|992.92
1787770905|20260827030145|992.92
1787770910|20260827030150|992.98
1787770915|20260827030155|992.97
1787770930|20260827030210|993.06
1787770935|20260827030215|992.96
1787770940|20260827030220|992.94
1787770945|20260827030225|992.94
1787770955|20260827030235|992.96
1787770960|20260827030240|992.92
1787770965|20260827030245|992.92
1787770970|20260827030250|992.87
1787770975|20260827030255|992.85
1787770985|20260827030305|992.82
1787770990|20260827030310|992.36
1787770995|20260827030315|992.30
1787771000|20260827030320|992.30
1787771015|20260827030335|992.28
1787771020|20260827030340|992.31
1787771025|20260827030345|992.36
1787771045|20260827030405|992.33
1787771050|20260827030410|992.35
1787771055|20260827030415|992.30
1787771060|20260827030420|992.32
1787771065|20260827030425|992.33
1787771105|20260827030505|992.49
1787771110|20260827030510|992.45
1787771115|20260827030515|992.46
1787771120|20260827030520|992.46
1787771125|20260827030525|992.50
1787771135|20260827030535|992.45
1787771145|20260827030545|992.44
1787771150|20260827030550|992.45
1787771155|20260827030555|992.38
1787771170|20260827030610|992.36
1787771175|20260827030615|992.35
1787771180|20260827030620|992.33
1787771185|20260827030625|992.43
1787771195|20260827030635|992.53
1787771205|20260827030645|992.52
1787771210|20260827030650|992.52
1787771215|20260827030655|992.49
1787771225|20260827030705|992.53
1787771230|20260827030710|992.65
1787771235|20260827030715|992.63
1787771240|20260827030720|992.56
1787771245|20260827030725|992.52
1787771255|20260827030735|992.51
1787771260|20260827030740|992.56
1787771265|20260827030745|992.57
1787771270|20260827030750|992.56
1787771285|20260827030805|992.52
1787771290|20260827030810|992.50
1787771295|20260827030815|992.51
1787771300|20260827030820|992.49
1787771305|20260827030825|992.48
1787771315|20260827030835|992.52
1787771325|20260827030845|992.62
1787771330|20260827030850|992.66
1787771335|20260827030855|992.65
1787771345|20260827030905|992.59
1787771350|20260827030910|992.71
1787771355|20260827030915|992.72
1787771360|20260827030920|992.74
1787771400|20260827031000|992.58
1787771405|20260827031005|992.63
1787771410|20260827031010|992.66
1787771415|20260827031015|992.75
1787771420|20260827031020|992.77
1787771425|20260827031025|992.77
1787771440|20260827031040|993.04
1787771445|20260827031045|993.01
1787771450|20260827031050|993.07
1787771455|20260827031055|993.02
1787771460|20260827031100|993.03
1787771465|20260827031105|993.01
1787771470|20260827031110|993.01
1787771475|20260827031115|993.07
1787771480|20260827031120|993.06
1787771485|20260827031125|993.02
1787771495|20260827031135|993.14
1787771500|20260827031140|993.23
1787771505|20260827031145|993.22
1787771510|20260827031150|993.22
1787771515|20260827031155|993.18
1787771520|20260827031200|993.10
1787771525|20260827031205|992.99
1787771530|20260827031210|993.00
1787771540|20260827031220|992.82
1787771545|20260827031225|992.82
1787771555|20260827031235|992.78
1787771560|20260827031240|992.76
1787771565|20260827031245|992.80
1787771575|20260827031255|992.75
1787771580|20260827031300|992.73
1787771585|20260827031305|992.72
1787771590|20260827031310|992.74
1787771595|20260827031315|992.75
1787771600|20260827031320|992.77
1787771605|20260827031325|992.80
1787771615|20260827031335|992.82
1787771620|20260827031340|992.89
1787771625|20260827031345|992.82
1787771630|20260827031350|992.83
1787771640|20260827031400|992.80
1787771645|20260827031405|992.76
1787771650|20260827031410|992.74
1787771655|20260827031415|992.78
1787771660|20260827031420|992.70
1787771665|20260827031425|992.75
1787771700|20260827031500|992.97
1787771705|20260827031505|992.98
1787771710|20260827031510|992.98
1787771715|20260827031515|992.95
1787771720|20260827031520|992.84
1787771735|20260827031535|992.89
1787771740|20260827031540|993.01
1787771745|20260827031545|993.16
1787771750|20260827031550|993.19
1787771765|20260827031605|993.19
1787771780|20260827031620|993.07
1787771785|20260827031625|992.83
1787771795|20260827031635|992.58
1787771800|20260827031640|992.55
1787771805|20260827031645|992.46
1787771825|20260827031705|992.64
1787771840|20260827031720|992.67
1787771845|20260827031725|992.56
1787771855|20260827031735|992.57
1787771860|20260827031740|992.45
1787771865|20260827031745|992.45
1787771870|20260827031750|992.50
1787771875|20260827031755|992.50
1787771885|20260827031805|992.58
1787771890|20260827031810|992.57
1787771895|20260827031815|992.54
1787771905|20260827031825|992.52
1787771915|20260827031835|992.50
1787771925|20260827031845|992.62
1787771930|20260827031850|992.67
1787771945|20260827031905|992.64
1787771950|20260827031910|992.61
1787771955|20260827031915|992.63
1787771965|20260827031925|992.59
1787772000|20260827032000|992.40
1787772005|20260827032005|992.37
1787772010|20260827032010|992.36
1787772015|20260827032015|992.33
1787772020|20260827032020|992.34
1787772025|20260827032025|992.37
1787772035|20260827032035|992.37
1787772045|20260827032045|992.41
1787772050|20260827032050|992.33
1787772055|20260827032055|992.33
1787772060|20260827032100|992.37
1787772065|20260827032105|992.38
1787772075|20260827032115|992.38
1787772080|20260827032120|992.37
1787772095|20260827032135|992.46
1787772100|20260827032140|992.40
1787772105|20260827032145|992.35
1787772110|20260827032150|992.42
1787772115|20260827032155|992.47
1787772125|20260827032205|992.51
1787772130|20260827032210|992.60
1787772135|20260827032215|992.63
1787772140|20260827032220|992.63
1787772145|20260827032225|992.67
1787772160|20260827032240|992.61
1787772165|20260827032245|992.55
1787772170|20260827032250|992.67
1787772175|20260827032255|992.73
1787772180|20260827032300|992.69
1787772185|20260827032305|992.71
1787772190|20260827032310|992.71
1787772195|20260827032315|992.68
1787772205|20260827032325|992.67
1787772215|20260827032335|992.73
1787772220|20260827032340|992.74
1787772225|20260827032345|992.79
1787772230|20260827032350|992.79
1787772250|20260827032410|992.80
1787772255|20260827032415|992.80
1787772260|20260827032420|992.79
1787772265|20260827032425|992.81
1787772275|20260827032435|992.94
1787772280|20260827032440|992.95
1787772300|20260827032500|992.97
1787772305|20260827032505|993.11
1787772310|20260827032510|993.16
1787772315|20260827032515|993.16
1787772325|20260827032525|993.23
1787772335|20260827032535|993.34
1787772340|20260827032540|993.33
1787772345|20260827032545|993.32
1787772350|20260827032550|993.36
1787772355|20260827032555|993.36
1787772360|20260827032600|993.38
1787772365|20260827032605|993.40
1787772370|20260827032610|993.71
1787772380|20260827032620|993.66
1787772385|20260827032625|993.66
1787772400|20260827032640|993.67
1787772405|20260827032645|993.76
1787772410|20260827032650|993.94
1787772415|20260827032655|993.94
1787772430|20260827032710|993.92
1787772435|20260827032715|993.80
1787772445|20260827032725|993.80
1787772455|20260827032735|993.81
1787772460|20260827032740|993.83
1787772465|20260827032745|993.80
1787772470|20260827032750|993.81
1787772475|20260827032755|993.78
1787772490|20260827032810|993.78
1787772495|20260827032815|993.76
1787772500|20260827032820|993.61
1787772505|20260827032825|993.65
1787772515|20260827032835|993.62
1787772520|20260827032840|993.62
1787772525|20260827032845|993.59
1787772530|20260827032850|993.60
1787772535|20260827032855|993.60
1787772545|20260827032905|993.61
1787772550|20260827032910|993.77
1787772555|20260827032915|993.94
1787772560|20260827032920|993.91
1787772565|20260827032925|993.89
1787772605|20260827033005|993.88
1787772610|20260827033010|993.89
1787772615|20260827033015|993.89
1787772620|20260827033020|993.91
1787772625|20260827033025|994.50
1787772635|20260827033035|994.40
1787772640|20260827033040|994.39
1787772645|20260827033045|994.35
1787772650|20260827033050|994.44
1787772655|20260827033055|994.24
1787772665|20260827033105|993.95
1787772670|20260827033110|993.92
1787772675|20260827033115|993.95
1787772685|20260827033125|994.03
1787772700|20260827033140|993.87
1787772705|20260827033145|994.01
1787772710|20260827033150|994.02
1787772725|20260827033205|994.01
1787772730|20260827033210|994.02
1787772745|20260827033225|994.12
1787772755|20260827033235|994.15
1787772760|20260827033240|994.10
1787772770|20260827033250|994.05
1787772775|20260827033255|994.09
1787772785|20260827033305|994.09
1787772790|20260827033310|994.09
1787772795|20260827033315|994.09
1787772800|20260827033320|994.02
1787772805|20260827033325|994.03
1787772815|20260827033335|994.03
1787772820|20260827033340|994.04
1787772830|20260827033350|994.22
1787772835|20260827033355|994.12
1787772845|20260827033405|994.07
1787772850|20260827033410|994.13
1787772855|20260827033415|994.03
1787772865|20260827033425|993.75
1787772910|20260827033510|993.60
1787772915|20260827033515|993.62
1787772920|20260827033520|993.83
1787772925|20260827033525|993.82
1787772935|20260827033535|993.77
1787772940|20260827033540|993.80
1787772945|20260827033545|993.73
1787772950|20260827033550|993.73
1787772955|20260827033555|993.75
1787772970|20260827033610|993.68
1787772980|20260827033620|993.76
1787772985|20260827033625|993.75
1787772995|20260827033635|993.70
1787773000|20260827033640|993.68
1787773005|20260827033645|993.72
1787773015|20260827033655|993.71
1787773025|20260827033705|993.67
1787773030|20260827033710|993.62
1787773035|20260827033715|993.49
1787773040|20260827033720|993.50
1787773045|20260827033725|993.46
1787773055|20260827033735|993.49
1787773060|20260827033740|993.49
1787773065|20260827033745|993.49
1787773070|20260827033750|993.53
1787773075|20260827033755|993.49
1787773085|20260827033805|993.49
1787773090|20260827033810|993.61
1787773095|20260827033815|993.68
1787773105|20260827033825|993.63
1787773115|20260827033835|993.64
1787773120|20260827033840|993.57
1787773125|20260827033845|993.57
1787773130|20260827033850|993.59
1787773135|20260827033855|993.56
1787773145|20260827033905|993.59
1787773150|20260827033910|993.57
1787773155|20260827033915|993.55
1787773160|20260827033920|993.55
1787773165|20260827033925|993.52
1787773205|20260827034005|993.20
1787773210|20260827034010|993.24
1787773215|20260827034015|993.24
1787773225|20260827034025|993.22
1787773235|20260827034035|993.23
1787773240|20260827034040|993.30
1787773245|20260827034045|993.28
1787773255|20260827034055|993.29
1787773265|20260827034105|993.51
1787773270|20260827034110|993.44
1787773275|20260827034115|993.41
1787773285|20260827034125|993.32
1787773295|20260827034135|993.35
1787773300|20260827034140|993.35
1787773305|20260827034145|993.36
1787773310|20260827034150|993.49
1787773315|20260827034155|993.48
1787773325|20260827034205|993.48
1787773335|20260827034215|993.42
1787773340|20260827034220|993.41
1787773345|20260827034225|993.43
1787773355|20260827034235|993.43
1787773360|20260827034240|993.43
1787773365|20260827034245|993.47
1787773370|20260827034250|993.34
1787773375|20260827034255|993.30
1787773390|20260827034310|993.38
1787773395|20260827034315|993.34
1787773400|20260827034320|993.36
1787773405|20260827034325|993.41
1787773415|20260827034335|993.43
1787773420|20260827034340|993.43
1787773425|20260827034345|993.37
1787773430|20260827034350|993.38
1787773445|20260827034405|993.11
1787773450|20260827034410|993.06
1787773455|20260827034415|993.04
1787773460|20260827034420|993.08
1787773465|20260827034425|993.06
1787773505|20260827034505|993.25
1787773510|20260827034510|993.30
1787773515|20260827034515|993.31
1787773520|20260827034520|993.33
1787773525|20260827034525|993.28
1787773535|20260827034535|993.23
1787773540|20260827034540|993.25
1787773545|20260827034545|993.28
1787773550|20260827034550|993.31
1787773555|20260827034555|993.27
1787773565|20260827034605|993.31
1787773570|20260827034610|993.35
1787773580|20260827034620|993.34
1787773585|20260827034625|993.35
1787773595|20260827034635|993.37
1787773600|20260827034640|993.37
1787773605|20260827034645|993.37
1787773610|20260827034650|993.31
1787773615|20260827034655|993.27
1787773630|20260827034710|993.33
1787773635|20260827034715|993.24
1787773640|20260827034720|993.16
1787773645|20260827034725|993.16
1787773655|20260827034735|993.12
1787773660|20260827034740|993.15
1787773685|20260827034805|993.21
1787773695|20260827034815|993.16
1787773700|20260827034820|993.15
1787773705|20260827034825|993.26
1787773715|20260827034835|993.17
1787773725|20260827034845|993.24
1787773730|20260827034850|993.27
1787773735|20260827034855|993.27
1787773745|20260827034905|993.42
1787773760|20260827034920|993.29
1787773765|20260827034925|993.25
1787773800|20260827035000|993.13
1787773805|20260827035005|993.03
1787773810|20260827035010|992.93
1787773815|20260827035015|992.85
1787773820|20260827035020|992.77
1787773825|20260827035025|992.77
1787773840|20260827035040|992.64
1787773845|20260827035045|992.71
1787773850|20260827035050|992.74
1787773855|20260827035055|992.77
1787773865|20260827035105|992.80
1787773870|20260827035110|992.80
1787773875|20260827035115|992.83
1787773880|20260827035120|992.88
1787773885|20260827035125|992.90
1787773895|20260827035135|992.81
1787773910|20260827035150|992.94
1787773915|20260827035155|992.96
1787773925|20260827035205|992.95
1787773930|20260827035210|993.01
1787773935|20260827035215|993.06
1787773940|20260827035220|993.11
1787773955|20260827035235|992.96
1787773960|20260827035240|992.95
1787773965|20260827035245|992.96
1787773975|20260827035255|992.94
1787773985|20260827035305|992.90
1787773995|20260827035315|992.76
1787774005|20260827035325|992.73
1787774015|20260827035335|992.77
1787774025|20260827035345|992.82
1787774030|20260827035350|992.85
1787774050|20260827035410|992.77
1787774055|20260827035415|992.78
1787774060|20260827035420|992.87
1787774065|20260827035425|992.90
1787774105|20260827035505|992.87
1787774110|20260827035510|992.86
1787774120|20260827035520|992.88
1787774125|20260827035525|992.83
1787774135|20260827035535|992.90
1787774150|20260827035550|993.04
1787774155|20260827035555|993.04
1787774165|20260827035605|992.98
1787774170|20260827035610|993.00
1787774175|20260827035615|993.03
1787774185|20260827035625|992.93
1787774195|20260827035635|992.85
1787774200|20260827035640|992.87
1787774205|20260827035645|992.97
1787774210|20260827035650|992.90
1787774215|20260827035655|992.87
1787774225|20260827035705|992.92
1787774230|20260827035710|992.90
1787774235|20260827035715|992.84
1787774240|20260827035720|992.88
1787774245|20260827035725|992.81
1787774255|20260827035735|992.82
1787774260|20260827035740|992.85
1787774265|20260827035745|992.80
1787774270|20260827035750|992.76
1787774275|20260827035755|992.81
1787774285|20260827035805|992.57
1787774290|20260827035810|992.62
1787774300|20260827035820|992.63
1787774305|20260827035825|992.69
1787774315|20260827035835|992.70
1787774325|20260827035845|992.61
1787774330|20260827035850|992.64
1787774335|20260827035855|992.67
1787774345|20260827035905|992.78
1787774350|20260827035910|992.78
1787774355|20260827035915|992.75
1787774360|20260827035920|992.76
1787774365|20260827035925|992.80
1787774400|20260827040000|992.84
1787774405|20260827040005|992.99
1787774415|20260827040015|992.92
1787774420|20260827040020|992.93
1787774425|20260827040025|992.96
1787774435|20260827040035|992.90
1787774440|20260827040040|992.93
1787774445|20260827040045|992.71
1787774450|20260827040050|992.77
1787774455|20260827040055|992.71
1787774465|20260827040105|992.70
1787774470|20260827040110|992.70
1787774475|20260827040115|992.71
1787774480|20260827040120|992.74
1787774485|20260827040125|992.76
1787774495|20260827040135|992.80
1787774500|20260827040140|992.71
1787774505|20260827040145|992.79
1787774510|20260827040150|992.79
1787774515|20260827040155|992.80
1787774535|20260827040215|992.70
1787774540|20260827040220|992.76
1787774545|20260827040225|992.74
1787774555|20260827040235|992.74
1787774560|20260827040240|992.80
1787774565|20260827040245|992.81
1787774570|20260827040250|992.81
1787774575|20260827040255|992.95
1787774585|20260827040305|993.03
1787774590|20260827040310|993.06
1787774600|20260827040320|993.01
1787774605|20260827040325|992.98
1787774620|20260827040340|993.03
1787774625|20260827040345|993.03
1787774635|20260827040355|993.00
1787774650|20260827040410|992.93
1787774655|20260827040415|992.94
1787774660|20260827040420|992.92
1787774700|20260827040500|992.91
1787774705|20260827040505|992.97
1787774710|20260827040510|992.97
1787774715|20260827040515|993.09
1787774720|20260827040520|993.12
1787774725|20260827040525|993.15
1787774735|20260827040535|993.17
1787774740|20260827040540|993.26
1787774745|20260827040545|993.26
1787774750|20260827040550|993.22
1787774755|20260827040555|993.23
1787774765|20260827040605|993.40
1787774775|20260827040615|993.45
1787774780|20260827040620|993.42
1787774785|20260827040625|993.43
1787774795|20260827040635|993.34
1787774800|20260827040640|993.35
1787774805|20260827040645|993.34
1787774810|20260827040650|993.36
1787774815|20260827040655|993.37
1787774825|20260827040705|993.39
1787774830|20260827040710|993.38
1787774835|20260827040715|993.35
1787774840|20260827040720|993.28
1787774845|20260827040725|993.30
1787774855|20260827040735|993.27
1787774860|20260827040740|993.32
1787774870|20260827040750|993.31
1787774875|20260827040755|993.30
1787774880|20260827040800|993.33
1787774885|20260827040805|993.32
1787774890|20260827040810|993.31
1787774895|20260827040815|993.24
1787774900|20260827040820|993.12
1787774905|20260827040825|993.16
1787774915|20260827040835|993.18
1787774920|20260827040840|993.17
1787774925|20260827040845|993.14
1787774930|20260827040850|993.11
1787774935|20260827040855|993.08
1787774945|20260827040905|993.09
1787774950|20260827040910|993.08
1787774955|20260827040915|993.12
1787774965|20260827040925|993.09
1787774970|20260827040930|993.07
1787774995|20260827040955|993.10
1787775000|20260827041000|993.08
1787775005|20260827041005|992.97
1787775010|20260827041010|992.99
1787775015|20260827041015|992.93
1787775020|20260827041020|993.04
1787775025|20260827041025|993.04
1787775035|20260827041035|993.08
1787775040|20260827041040|993.04
1787775045|20260827041045|993.00
1787775055|20260827041055|992.99
1787775060|20260827041100|992.99
1787775075|20260827041115|992.87
1787775080|20260827041120|992.79
1787775085|20260827041125|992.78
1787775095|20260827041135|992.79
1787775100|20260827041140|992.79
1787775105|20260827041145|992.76
1787775110|20260827041150|992.74
1787775115|20260827041155|992.72
1787775120|20260827041200|992.72
1787775125|20260827041205|992.67
1787775130|20260827041210|992.67
1787775135|20260827041215|992.66
1787775140|20260827041220|992.71
1787775145|20260827041225|992.68
1787775160|20260827041240|992.63
1787775165|20260827041245|992.63
1787775170|20260827041250|992.58
1787775175|20260827041255|992.58
1787775185|20260827041305|992.56
1787775190|20260827041310|992.58
1787775200|20260827041320|992.67
1787775205|20260827041325|992.68
1787775220|20260827041340|992.66
1787775225|20260827041345|992.68
1787775235|20260827041355|992.75
1787775245|20260827041405|992.71
1787775250|20260827041410|992.65
1787775255|20260827041415|992.71
1787775265|20260827041425|992.71
1787775300|20260827041500|992.39
1787775305|20260827041505|992.42
1787775310|20260827041510|992.40
1787775315|20260827041515|992.40
1787775320|20260827041520|992.39
1787775325|20260827041525|992.39
1787775335|20260827041535|992.41
1787775340|20260827041540|992.37
1787775345|20260827041545|992.36
1787775350|20260827041550|992.37
1787775355|20260827041555|992.36
1787775360|20260827041600|992.38
1787775365|20260827041605|992.37
1787775370|20260827041610|992.29
1787775375|20260827041615|992.26
1787775380|20260827041620|992.24
1787775385|20260827041625|992.11
1787775400|20260827041640|992.09
1787775410|20260827041650|991.97
1787775415|20260827041655|991.96
1787775420|20260827041700|992.02
1787775425|20260827041705|992.05
1787775430|20260827041710|992.05
1787775435|20260827041715|992.04
1787775440|20260827041720|991.98
1787775445|20260827041725|991.86
1787775455|20260827041735|991.85
1787775460|20260827041740|991.91
1787775470|20260827041750|991.96
1787775475|20260827041755|991.92
1787775485|20260827041805|991.91
1787775490|20260827041810|992.00
1787775495|20260827041815|992.03
1787775500|20260827041820|992.00
1787775505|20260827041825|991.88
1787775520|20260827041840|992.00
1787775525|20260827041845|991.94
1787775530|20260827041850|991.95
1787775535|20260827041855|991.95
1787775545|20260827041905|991.99
1787775550|20260827041910|991.98
1787775555|20260827041915|991.94
1787775560|20260827041920|991.97
1787775600|20260827042000|991.90
1787775605|20260827042005|991.74
1787775610|20260827042010|991.56
1787775615|20260827042015|991.54
1787775620|20260827042020|991.27
1787775625|20260827042025|991.25
1787775635|20260827042035|991.20
1787775640|20260827042040|991.19
1787775645|20260827042045|991.22
1787775650|20260827042050|991.19
1787775655|20260827042055|991.17
1787775665|20260827042105|990.97
1787775670|20260827042110|991.05
1787775675|20260827042115|991.07
1787775680|20260827042120|991.06
1787775685|20260827042125|990.97
1787775690|20260827042130|990.86
1787775695|20260827042135|991.00
1787775700|20260827042140|990.93
1787775705|20260827042145|991.19
1787775710|20260827042150|991.11
1787775715|20260827042155|991.07
1787775725|20260827042205|991.10
1787775730|20260827042210|991.24
1787775735|20260827042215|991.29
1787775740|20260827042220|991.29
1787775745|20260827042225|991.04
1787775755|20260827042235|990.96
1787775760|20260827042240|990.84
1787775765|20260827042245|991.08
1787775770|20260827042250|991.18
1787775775|20260827042255|991.21
1787775785|20260827042305|991.20
1787775790|20260827042310|991.25
1787775800|20260827042320|991.19
1787775805|20260827042325|991.33
1787775815|20260827042335|991.53
1787775820|20260827042340|991.60
1787775825|20260827042345|991.55
1787775835|20260827042355|991.53
1787775850|20260827042410|991.59
1787775855|20260827042415|991.61
1787775860|20260827042420|991.62
1787775865|20260827042425|991.58
1787775900|20260827042500|991.54
1787775905|20260827042505|991.94
1787775910|20260827042510|991.58
1787775915|20260827042515|991.80
1787775920|20260827042520|992.04
1787775935|20260827042535|991.94
1787775940|20260827042540|992.09
1787775945|20260827042545|992.07
1787775965|20260827042605|992.12
1787775970|20260827042610|992.14
1787775975|20260827042615|992.15
1787775980|20260827042620|992.13
1787775985|20260827042625|992.15
1787775995|20260827042635|992.18
1787776000|20260827042640|992.20
1787776005|20260827042645|992.27
1787776010|20260827042650|992.23
1787776015|20260827042655|992.22
1787776025|20260827042705|992.24
1787776030|20260827042710|992.26
1787776035|20260827042715|992.27
1787776040|20260827042720|992.20
1787776045|20260827042725|992.20
1787776055|20260827042735|992.23
1787776060|20260827042740|992.42
1787776065|20260827042745|992.42
1787776070|20260827042750|992.40
1787776075|20260827042755|992.41
1787776085|20260827042805|992.30
1787776090|20260827042810|992.30
1787776095|20260827042815|992.30
1787776100|20260827042820|992.32
1787776115|20260827042835|992.35
1787776120|20260827042840|992.31
1787776125|20260827042845|992.28
1787776130|20260827042850|992.28
1787776135|20260827042855|992.29
1787776145|20260827042905|992.32
1787776150|20260827042910|992.28
1787776155|20260827042915|992.29
1787776160|20260827042920|992.28
1787776165|20260827042925|992.30
1787776200|20260827043000|992.29
1787776205|20260827043005|992.28
1787776210|20260827043010|992.20
1787776215|20260827043015|992.28
1787776220|20260827043020|992.31
1787776225|20260827043025|992.31
1787776235|20260827043035|992.13
1787776240|20260827043040|992.13
1787776245|20260827043045|992.11
1787776250|20260827043050|992.09
1787776255|20260827043055|992.11
1787776265|20260827043105|992.23
1787776270|20260827043110|992.21
1787776295|20260827043135|992.19
1787776300|20260827043140|992.19
1787776305|20260827043145|992.18
1787776310|20260827043150|992.18
1787776315|20260827043155|992.20
1787776325|20260827043205|992.24
1787776330|20260827043210|992.25
1787776335|20260827043215|992.23
1787776340|20260827043220|992.21
1787776345|20260827043225|992.25
1787776355|20260827043235|992.28
1787776360|20260827043240|992.29
1787776365|20260827043245|992.30
1787776375|20260827043255|992.28
1787776385|20260827043305|992.34
1787776390|20260827043310|992.38
1787776395|20260827043315|992.29
1787776400|20260827043320|992.26
1787776405|20260827043325|992.24
1787776415|20260827043335|992.20
1787776420|20260827043340|992.19
1787776425|20260827043345|992.20
1787776430|20260827043350|992.14
1787776435|20260827043355|992.16
1787776445|20260827043405|992.42
1787776450|20260827043410|992.37
1787776455|20260827043415|992.38
1787776460|20260827043420|992.37
1787776465|20260827043425|992.39
1787776505|20260827043505|992.41
1787776510|20260827043510|992.50
1787776515|20260827043515|992.53
1787776520|20260827043520|992.56
1787776525|20260827043525|992.47
1787776535|20260827043535|992.41
1787776540|20260827043540|992.45
1787776545|20260827043545|992.55
1787776550|20260827043550|992.55
1787776555|20260827043555|992.55
1787776565|20260827043605|992.54
1787776570|20260827043610|992.53
1787776575|20260827043615|992.49
1787776580|20260827043620|992.53
1787776585|20260827043625|992.51
1787776595|20260827043635|992.49
1787776600|20260827043640|992.50
1787776605|20260827043645|992.54
1787776610|20260827043650|992.51
1787776615|20260827043655|992.53
1787776625|20260827043705|992.56
1787776630|20260827043710|992.55
1787776635|20260827043715|992.50
1787776640|20260827043720|992.51
1787776645|20260827043725|992.49
1787776655|20260827043735|992.62
1787776660|20260827043740|992.67
1787776665|20260827043745|992.63
1787776670|20260827043750|992.64
1787776675|20260827043755|992.65
1787776685|20260827043805|992.67
1787776690|20260827043810|992.66
1787776700|20260827043820|992.70
1787776705|20260827043825|992.69
1787776715|20260827043835|992.66
1787776720|20260827043840|992.67
1787776725|20260827043845|992.66
1787776730|20260827043850|992.66
1787776735|20260827043855|992.73
1787776745|20260827043905|992.76
1787776755|20260827043915|992.76
1787776760|20260827043920|992.71
1787776765|20260827043925|992.70
1787776800|20260827044000|992.77
1787776805|20260827044005|992.67
1787776810|20260827044010|992.66
1787776815|20260827044015|992.66
1787776820|20260827044020|992.66
1787776835|20260827044035|992.57
1787776840|20260827044040|992.48
1787776855|20260827044055|992.53
1787776865|20260827044105|992.50
1787776870|20260827044110|992.45
1787776875|20260827044115|992.46
1787776880|20260827044120|992.47
1787776885|20260827044125|992.43
1787776895|20260827044135|992.56
1787776900|20260827044140|992.57
1787776905|20260827044145|992.63
1787776910|20260827044150|992.61
1787776915|20260827044155|992.60
1787776930|20260827044210|992.62
1787776935|20260827044215|992.62
1787776940|20260827044220|992.64
1787776945|20260827044225|992.60
1787776955|20260827044235|992.57
1787776960|20260827044240|992.52
1787776975|20260827044255|992.41
1787776985|20260827044305|992.40
1787776990|20260827044310|992.42
1787776995|20260827044315|992.43
1787777000|20260827044320|992.39
1787777005|20260827044325|992.39
1787777015|20260827044335|992.40
1787777020|20260827044340|992.43
1787777025|20260827044345|992.41
1787777030|20260827044350|992.36
1787777040|20260827044400|992.32
1787777045|20260827044405|992.36
1787777050|20260827044410|992.37
1787777055|20260827044415|992.43
1787777060|20260827044420|992.39
1787777105|20260827044505|992.47
1787777110|20260827044510|992.58
1787777115|20260827044515|992.53
1787777120|20260827044520|992.41
1787777125|20260827044525|992.41
1787777135|20260827044535|992.43
1787777140|20260827044540|992.41
1787777145|20260827044545|992.43
1787777155|20260827044555|992.40
1787777165|20260827044605|992.41
1787777170|20260827044610|992.47
1787777175|20260827044615|992.48
1787777180|20260827044620|992.48
1787777185|20260827044625|992.44
1787777195|20260827044635|992.41
1787777200|20260827044640|992.45
1787777215|20260827044655|992.49
1787777225|20260827044705|992.39
1787777230|20260827044710|992.43
1787777235|20260827044715|992.42
1787777245|20260827044725|992.51
1787777255|20260827044735|992.38
1787777260|20260827044740|992.41
1787777265|20260827044745|992.44
1787777270|20260827044750|992.47
1787777275|20260827044755|992.43
1787777280|20260827044800|992.50
1787777285|20260827044805|992.48
1787777290|20260827044810|992.49
1787777300|20260827044820|992.47
1787777305|20260827044825|992.48
1787777310|20260827044830|992.47
1787777315|20260827044835|992.46
1787777320|20260827044840|992.48
1787777330|20260827044850|992.51
1787777335|20260827044855|992.52
1787777345|20260827044905|992.60
1787777355|20260827044915|992.58
1787777360|20260827044920|992.60
1787777365|20260827044925|992.52
1787777370|20260827044930|992.55
1787777380|20260827044940|992.75
1787777400|20260827045000|992.74
1787777405|20260827045005|992.74
1787777410|20260827045010|992.83
1787777415|20260827045015|992.80
1787777420|20260827045020|992.79
1787777425|20260827045025|992.79
1787777435|20260827045035|992.84
1787777440|20260827045040|992.83
1787777445|20260827045045|992.84
1787777450|20260827045050|992.78
1787777455|20260827045055|992.82
1787777465|20260827045105|992.77
1787777470|20260827045110|992.70
1787777475|20260827045115|992.64
1787777480|20260827045120|992.65
1787777485|20260827045125|992.80
1787777495|20260827045135|992.62
1787777500|20260827045140|992.66
1787777505|20260827045145|992.66
1787777510|20260827045150|992.68
1787777515|20260827045155|992.67
1787777525|20260827045205|992.68
1787777530|20260827045210|992.67
1787777535|20260827045215|992.71
1787777540|20260827045220|992.60
1787777545|20260827045225|992.63
1787777555|20260827045235|992.64
1787777560|20260827045240|992.63
1787777565|20260827045245|992.64
1787777570|20260827045250|992.65
1787777575|20260827045255|992.64
1787777590|20260827045310|992.64
1787777595|20260827045315|992.67
1787777600|20260827045320|992.66
1787777615|20260827045335|992.64
1787777620|20260827045340|992.64
1787777625|20260827045345|992.61
1787777630|20260827045350|992.55
1787777635|20260827045355|992.56
1787777645|20260827045405|992.64
1787777650|20260827045410|992.58
1787777655|20260827045415|992.56
1787777660|20260827045420|992.54
1787777665|20260827045425|992.57
1787777710|20260827045510|992.71
1787777715|20260827045515|992.67
1787777720|20260827045520|992.69
1787777725|20260827045525|992.70
1787777740|20260827045540|992.68
1787777745|20260827045545|992.68
1787777750|20260827045550|992.68
1787777755|20260827045555|992.66
1787777765|20260827045605|992.71
1787777775|20260827045615|992.74
1787777785|20260827045625|992.79
1787777795|20260827045635|992.80
1787777800|20260827045640|992.78
1787777805|20260827045645|992.74
1787777810|20260827045650|992.71
1787777815|20260827045655|992.75
1787777825|20260827045705|992.85
1787777835|20260827045715|992.87
1787777840|20260827045720|992.82
1787777845|20260827045725|992.83
1787777855|20260827045735|992.81
1787777860|20260827045740|992.84
1787777865|20260827045745|992.84
1787777870|20260827045750|992.92
1787777875|20260827045755|992.93
1787777880|20260827045800|992.90
1787777885|20260827045805|992.86
1787777890|20260827045810|992.96
1787777895|20260827045815|992.96
1787777900|20260827045820|992.94
1787777905|20260827045825|992.93
1787777915|20260827045835|992.97
1787777920|20260827045840|992.95
1787777925|20260827045845|992.99
1787777930|20260827045850|993.00
1787777935|20260827045855|993.01
1787777940|20260827045900|993.01
1787777945|20260827045905|993.02
1787777950|20260827045910|992.98
1787777955|20260827045915|992.99
1787781615|20260827060015|993.55
1787781620|20260827060020|993.40
1787781625|20260827060025|993.58
1787781640|20260827060040|994.40
1787781645|20260827060045|994.31
1787781650|20260827060050|994.53
1787781655|20260827060055|994.55
1787781670|20260827060110|995.39
1787781675|20260827060115|994.93
1787781680|20260827060120|995.00
1787781685|20260827060125|994.87
1787781695|20260827060135|995.06
1787781700|20260827060140|995.16
1787781705|20260827060145|995.09
1787781715|20260827060155|995.16
1787781725|20260827060205|995.12
1787781735|20260827060215|995.39
1787781740|20260827060220|995.26
1787781745|20260827060225|995.10
1787781755|20260827060235|994.95
1787781760|20260827060240|994.94
1787781765|20260827060245|994.94
1787781770|20260827060250|994.94
1787781775|20260827060255|995.01
1787781780|20260827060300|995.00
1787781785|20260827060305|994.95
1787781790|20260827060310|995.17
1787781795|20260827060315|995.39
1787781800|20260827060320|995.46
1787781805|20260827060325|995.36
1787781815|20260827060335|995.39
1787781820|20260827060340|995.42
1787781825|20260827060345|995.46
1787781830|20260827060350|995.47
1787781840|20260827060400|995.22
1787781845|20260827060405|994.92
1787781850|20260827060410|995.28
1787781855|20260827060415|995.35
1787781860|20260827060420|995.28
1787781900|20260827060500|995.05
1787781905|20260827060505|994.94
1787781910|20260827060510|995.09
1787781915|20260827060515|995.02
1787781925|20260827060525|995.14
1787781935|20260827060535|995.19
1787781940|20260827060540|995.05
1787781945|20260827060545|994.97
1787781955|20260827060555|994.99
1787781960|20260827060600|995.05
1787781965|20260827060605|995.08
1787781970|20260827060610|995.22
1787781975|20260827060615|995.27
1787781980|20260827060620|995.20
1787781985|20260827060625|995.20
1787781995|20260827060635|995.16
1787782000|20260827060640|995.31
1787782005|20260827060645|995.33
1787782010|20260827060650|995.31
1787782015|20260827060655|995.18
1787782025|20260827060705|995.23
1787782035|20260827060715|995.16
1787782040|20260827060720|995.14
1787782045|20260827060725|995.02
1787782060|20260827060740|995.09
1787782065|20260827060745|995.08
1787782075|20260827060755|995.17
1787782080|20260827060800|995.10
1787782085|20260827060805|995.13
1787782095|20260827060815|995.02
1787782100|20260827060820|995.02
1787782105|20260827060825|995.00
1787782115|20260827060835|994.92
1787782120|20260827060840|994.92
1787782125|20260827060845|994.91
1787782135|20260827060855|994.92
1787782140|20260827060900|994.97
1787782145|20260827060905|994.96
1787782150|20260827060910|994.94
1787782155|20260827060915|994.98
1787782160|20260827060920|994.94
1787782165|20260827060925|995.04
1787782170|20260827060930|995.21
1787782200|20260827061000|995.07
1787782205|20260827061005|995.06
1787782210|20260827061010|995.07
1787782215|20260827061015|995.19
1787782220|20260827061020|995.25
1787782225|20260827061025|995.33
1787782235|20260827061035|995.20
1787782240|20260827061040|994.99
1787782245|20260827061045|995.00
1787782250|20260827061050|994.96
1787782255|20260827061055|994.95
1787782265|20260827061105|994.93
1787782270|20260827061110|995.00
1787782280|20260827061120|995.03
1787782285|20260827061125|994.99
1787782300|20260827061140|995.00
1787782305|20260827061145|994.93
1787782310|20260827061150|994.85
1787782315|20260827061155|994.85
1787782325|20260827061205|994.79
1787782330|20260827061210|994.78
1787782335|20260827061215|994.74
1787782340|20260827061220|994.74
1787782345|20260827061225|994.73
1787782360|20260827061240|994.80
1787782370|20260827061250|994.79
1787782375|20260827061255|994.80
1787782385|20260827061305|994.84
1787782390|20260827061310|994.86
1787782395|20260827061315|994.86
1787782400|20260827061320|994.79
1787782405|20260827061325|994.73
1787782415|20260827061335|994.75
1787782420|20260827061340|994.79
1787782425|20260827061345|994.78
1787782430|20260827061350|994.76
1787782435|20260827061355|994.83
1787782440|20260827061400|994.84
1787782445|20260827061405|994.85
1787782455|20260827061415|994.67
1787782460|20260827061420|994.62
1787782465|20260827061425|994.66
1787782470|20260827061430|994.65
1787782475|20260827061435|994.72
1787782505|20260827061505|994.79
1787782510|20260827061510|994.84
1787782515|20260827061515|994.91
1787782520|20260827061520|994.94
1787782525|20260827061525|994.92
1787782540|20260827061540|994.85
1787782545|20260827061545|994.82
1787782550|20260827061550|994.86
1787782560|20260827061600|994.82
1787782565|20260827061605|994.78
1787782570|20260827061610|994.75
1787782595|20260827061635|994.92
1787782600|20260827061640|994.94
1787782610|20260827061650|995.06
1787782615|20260827061655|995.22
1787782625|20260827061705|995.30
1787782630|20260827061710|995.34
1787782640|20260827061720|995.38
1787782645|20260827061725|995.85
1787782670|20260827061750|996.52
1787782675|20260827061755|996.57
1787782685|20260827061805|996.53
1787782690|20260827061810|996.59
1787782695|20260827061815|996.43
1787782700|20260827061820|996.61
1787782705|20260827061825|996.56
1787782715|20260827061835|996.43
1787782720|20260827061840|996.56
1787782725|20260827061845|996.41
1787782735|20260827061855|996.74
1787782745|20260827061905|996.71
1787782750|20260827061910|996.76
1787782755|20260827061915|996.64
1787782760|20260827061920|996.71
1787782765|20260827061925|996.75
1787782770|20260827061930|996.71
1787782805|20260827062005|996.64
1787782810|20260827062010|996.65
1787782820|20260827062020|996.53
1787782825|20260827062025|996.49
1787782835|20260827062035|996.48
1787782840|20260827062040|996.50
1787782850|20260827062050|996.54
1787782855|20260827062055|996.53
1787782865|20260827062105|996.96
1787782870|20260827062110|996.92
1787782875|20260827062115|996.90
1787782880|20260827062120|996.92
1787782885|20260827062125|996.91
1787782895|20260827062135|997.05
1787782900|20260827062140|996.99
1787782905|20260827062145|996.91
1787782910|20260827062150|996.90
1787782915|20260827062155|996.88
1787782935|20260827062215|996.58
1787782945|20260827062225|996.18
1787782955|20260827062235|996.36
1787782960|20260827062240|996.36
1787782965|20260827062245|996.31
1787782970|20260827062250|996.32
1787782975|20260827062255|996.33
1787782980|20260827062300|996.33
1787782985|20260827062305|996.19
1787782990|20260827062310|996.16
1787782995|20260827062315|996.17
1787783000|20260827062320|996.17
1787783005|20260827062325|996.12
1787783020|20260827062340|995.89
1787783025|20260827062345|995.86
1787783030|20260827062350|995.65
1787783035|20260827062355|995.62
1787783045|20260827062405|995.56
1787783050|20260827062410|995.71
1787783055|20260827062415|995.75
1787783060|20260827062420|995.57
1787783065|20260827062425|995.62
1787783070|20260827062430|995.58
1787783105|20260827062505|995.66
1787783115|20260827062515|995.62
1787783120|20260827062520|995.47
1787783125|20260827062525|995.45
1787783135|20260827062535|995.46
1787783140|20260827062540|995.48
1787783145|20260827062545|995.56
1787783150|20260827062550|995.60
1787783165|20260827062605|995.56
1787783170|20260827062610|995.56
1787783175|20260827062615|995.57
1787783180|20260827062620|995.61
1787783185|20260827062625|995.58
1787783195|20260827062635|995.53
1787783200|20260827062640|995.54
1787783205|20260827062645|995.54
1787783210|20260827062650|995.52
1787783215|20260827062655|995.71
1787783220|20260827062700|995.72
1787783225|20260827062705|995.69
1787783230|20260827062710|995.68
1787783235|20260827062715|995.61
1787783240|20260827062720|995.60
1787783245|20260827062725|995.60
1787783255|20260827062735|995.60
1787783260|20260827062740|995.56
1787783265|20260827062745|995.54
1787783270|20260827062750|995.45
1787783275|20260827062755|995.41
1787783280|20260827062800|995.64
1787783285|20260827062805|995.58
1787783290|20260827062810|995.88
1787783295|20260827062815|995.92
1787783300|20260827062820|995.90
1787783305|20260827062825|995.91
1787783315|20260827062835|995.94
1787783320|20260827062840|995.94
1787783325|20260827062845|996.10
1787783330|20260827062850|996.28
1787783335|20260827062855|996.24
1787783340|20260827062900|996.19
1787783345|20260827062905|996.04
1787783355|20260827062915|996.17
1787783360|20260827062920|996.17
1787783405|20260827063005|996.56
1787783410|20260827063010|996.51
1787783415|20260827063015|996.43
1787783420|20260827063020|996.35
1787783425|20260827063025|996.42
1787783435|20260827063035|996.32
1787783440|20260827063040|996.37
1787783445|20260827063045|996.36
1787783450|20260827063050|996.37
1787783455|20260827063055|996.38
1787783460|20260827063100|996.44
1787783465|20260827063105|996.41
1787783470|20260827063110|996.31
1787783475|20260827063115|996.31
1787783480|20260827063120|996.33
1787783495|20260827063135|996.41
1787783500|20260827063140|996.42
1787783505|20260827063145|996.46
1787783510|20260827063150|996.42
1787783515|20260827063155|996.62
1787783525|20260827063205|996.60
1787783530|20260827063210|996.56
1787783535|20260827063215|996.51
1787783540|20260827063220|996.57
1787783545|20260827063225|996.59
1787783560|20260827063240|996.60
1787783570|20260827063250|996.51
1787783575|20260827063255|996.52
1787783590|20260827063310|996.45
1787783595|20260827063315|996.44
1787783600|20260827063320|996.45
1787783605|20260827063325|996.43
1787783615|20260827063335|996.45
1787783620|20260827063340|996.44
1787783625|20260827063345|996.35
1787783630|20260827063350|996.34
1787783635|20260827063355|996.30
1787783640|20260827063400|996.32
1787783645|20260827063405|996.32
1787783650|20260827063410|996.32
1787783655|20260827063415|996.36
1787783665|20260827063425|996.36
1787783700|20260827063500|996.30
1787783710|20260827063510|996.25
1787783715|20260827063515|996.20
1787783720|20260827063520|996.24
1787783725|20260827063525|996.30
1787783735|20260827063535|996.19
1787783740|20260827063540|996.24
1787783750|20260827063550|996.57
1787783760|20260827063600|996.44
1787783765|20260827063605|996.43
1787783775|20260827063615|996.39
1787783780|20260827063620|996.39
1787783785|20260827063625|996.39
1787783795|20260827063635|996.47
1787783800|20260827063640|996.44
1787783805|20260827063645|996.39
1787783810|20260827063650|996.32
1787783815|20260827063655|996.33
1787783825|20260827063705|996.31
1787783830|20260827063710|996.31
1787783835|20260827063715|996.25
1787783840|20260827063720|996.20
1787783845|20260827063725|996.24
1787783855|20260827063735|996.16
1787783860|20260827063740|996.20
1787783865|20260827063745|996.17
1787783870|20260827063750|996.14
1787783875|20260827063755|996.12
1787783880|20260827063800|996.11
1787783885|20260827063805|996.13
1787783890|20260827063810|996.14
1787783895|20260827063815|996.20
1787783900|20260827063820|996.27
1787783905|20260827063825|996.23
1787783915|20260827063835|996.20
1787783920|20260827063840|996.40
1787783925|20260827063845|996.37
1787783930|20260827063850|996.35
1787783935|20260827063855|996.34
1787783945|20260827063905|996.25
1787783955|20260827063915|996.39
1787783960|20260827063920|996.38
1787783965|20260827063925|996.31
1787784010|20260827064010|996.41
1787784015|20260827064015|996.46
1787784020|20260827064020|996.36
1787784025|20260827064025|996.38
1787784035|20260827064035|996.44
1787784040|20260827064040|996.41
1787784045|20260827064045|996.33
1787784050|20260827064050|996.29
1787784055|20260827064055|996.24
1787784070|20260827064110|996.23
1787784075|20260827064115|996.27
1787784080|20260827064120|996.32
1787784095|20260827064135|996.22
1787784105|20260827064145|996.15
1787784115|20260827064155|996.14
1787784125|20260827064205|996.22
1787784130|20260827064210|996.21
1787784140|20260827064220|996.17
1787784145|20260827064225|996.18
1787784155|20260827064235|996.26
1787784160|20260827064240|996.24
1787784165|20260827064245|996.32
1787784170|20260827064250|996.31
1787784175|20260827064255|996.31
1787784185|20260827064305|996.43
1787784190|20260827064310|996.45
1787784200|20260827064320|996.49
1787784205|20260827064325|996.48
1787784225|20260827064345|996.50
1787784230|20260827064350|996.46
1787784235|20260827064355|996.42
1787784245|20260827064405|996.41
1787784250|20260827064410|996.39
1787784260|20260827064420|996.46
1787784265|20260827064425|996.45
1787784305|20260827064505|996.44
1787784310|20260827064510|996.69
1787784315|20260827064515|996.63
1787784320|20260827064520|996.62
1787784325|20260827064525|996.56
1787784335|20260827064535|996.45
1787784340|20260827064540|996.31
1787784350|20260827064550|996.20
1787784355|20260827064555|996.19
1787784365|20260827064605|996.26
1787784370|20260827064610|996.24
1787784375|20260827064615|996.30
1787784380|20260827064620|996.34
1787784385|20260827064625|996.31
1787784395|20260827064635|996.33
1787784400|20260827064640|996.31
1787784405|20260827064645|996.34
1787784410|20260827064650|996.24
1787784415|20260827064655|996.21
1787784420|20260827064700|996.28
1787784425|20260827064705|996.31
1787784430|20260827064710|996.28
1787784435|20260827064715|996.27
1787784440|20260827064720|996.16
1787784455|20260827064735|996.32
1787784465|20260827064745|996.37
1787784470|20260827064750|996.36
1787784485|20260827064805|996.35
1787784490|20260827064810|996.42
1787784495|20260827064815|996.26
1787784500|20260827064820|996.27
1787784505|20260827064825|996.27
1787784515|20260827064835|996.11
1787784520|20260827064840|996.03
1787784525|20260827064845|995.98
1787784530|20260827064850|995.96
1787784535|20260827064855|995.94
1787784545|20260827064905|995.95
1787784550|20260827064910|995.97
1787784555|20260827064915|995.97
1787784560|20260827064920|995.99
1787784565|20260827064925|996.05
1787784600|20260827065000|996.15
1787784605|20260827065005|996.14
1787784610|20260827065010|996.36
1787784615|20260827065015|996.11
1787784620|20260827065020|996.08
1787784625|20260827065025|996.13
1787784635|20260827065035|996.07
1787784640|20260827065040|995.91
1787784645|20260827065045|995.90
1787784650|20260827065050|995.94
1787784655|20260827065055|996.00
1787784665|20260827065105|995.97
1787784670|20260827065110|995.95
1787784675|20260827065115|995.99
1787784680|20260827065120|996.01
1787784685|20260827065125|996.02
1787784695|20260827065135|995.81
1787784700|20260827065140|995.81
1787784705|20260827065145|995.82
1787784710|20260827065150|995.76
1787784715|20260827065155|995.73
1787784725|20260827065205|995.73
1787784730|20260827065210|995.95
1787784735|20260827065215|995.94
1787784740|20260827065220|995.96
1787784755|20260827065235|995.94
1787784760|20260827065240|995.95
1787784765|20260827065245|995.93
1787784770|20260827065250|995.86
1787784775|20260827065255|995.83
1787784785|20260827065305|995.90
1787784795|20260827065315|995.88
1787784800|20260827065320|995.85
1787784805|20260827065325|995.87
1787784815|20260827065335|995.89
1787784820|20260827065340|995.82
1787784825|20260827065345|995.85
1787784830|20260827065350|995.85
1787784835|20260827065355|995.88
1787784845|20260827065405|995.86
1787784850|20260827065410|995.84
1787784855|20260827065415|995.84
1787784860|20260827065420|995.84
1787784865|20260827065425|995.84
1787784880|20260827065440|995.81
1787784905|20260827065505|995.80
1787784910|20260827065510|995.82
1787784915|20260827065515|995.80
1787784920|20260827065520|995.83
1787784925|20260827065525|995.79
1787784935|20260827065535|995.79
1787784940|20260827065540|995.83
1787784945|20260827065545|995.84
1787784965|20260827065605|995.83
1787784970|20260827065610|995.81
1787784975|20260827065615|995.82
1787784985|20260827065625|995.82
1787784995|20260827065635|995.72
1787785000|20260827065640|995.72
1787785005|20260827065645|995.73
1787785010|20260827065650|995.75
1787785015|20260827065655|995.74
1787785025|20260827065705|995.78
1787785030|20260827065710|995.76
1787785035|20260827065715|995.70
1787785040|20260827065720|995.69
1787785055|20260827065735|995.95
1787785060|20260827065740|996.00
1787785065|20260827065745|996.10
1787785075|20260827065755|996.19
1787785080|20260827065800|996.18
1787785085|20260827065805|996.19
1787785090|20260827065810|996.00
1787785095|20260827065815|995.96
1787785100|20260827065820|995.92
1787785105|20260827065825|995.99
1787785115|20260827065835|995.98
1787785120|20260827065840|995.92
1787785125|20260827065845|995.90
1787785135|20260827065855|995.88
1787785145|20260827065905|995.85
1787785150|20260827065910|995.86
1787785155|20260827065915|995.86
1787785160|20260827065920|995.87
1787785165|20260827065925|995.88
1787785205|20260827070005|996.16
1787785210|20260827070010|996.12
1787785215|20260827070015|996.30
1787785220|20260827070020|996.17
1787785225|20260827070025|996.32
1787785230|20260827070030|996.16
1787785235|20260827070035|996.21
1787785240|20260827070040|996.31
1787785245|20260827070045|996.31
1787785250|20260827070050|996.32
1787785255|20260827070055|996.32
1787785265|20260827070105|996.43
1787785270|20260827070110|996.63
1787785275|20260827070115|996.68
1787785280|20260827070120|996.69
1787785285|20260827070125|996.49
1787785295|20260827070135|996.46
1787785300|20260827070140|996.19
1787785305|20260827070145|996.01
1787785310|20260827070150|995.85
1787785315|20260827070155|995.90
1787785325|20260827070205|995.86
1787785330|20260827070210|995.75
1787785335|20260827070215|995.76
1787785340|20260827070220|995.82
1787785345|20260827070225|995.79
1787785355|20260827070235|996.20
1787785360|20260827070240|996.05
1787785365|20260827070245|996.03
1787785375|20260827070255|995.92
1787785380|20260827070300|996.21
1787785385|20260827070305|996.23
1787785390|20260827070310|996.21
1787785395|20260827070315|996.23
1787785400|20260827070320|996.23
1787785405|20260827070325|996.21
1787785420|20260827070340|996.22
1787785425|20260827070345|996.26
1787785430|20260827070350|996.14
1787785435|20260827070355|996.01
1787785440|20260827070400|996.04
1787785445|20260827070405|996.00
1787785450|20260827070410|996.05
1787785455|20260827070415|996.02
1787785460|20260827070420|996.02
1787785465|20260827070425|996.07
1787785500|20260827070500|995.97
1787785505|20260827070505|995.98
1787785510|20260827070510|995.94
1787785515|20260827070515|996.04
1787785520|20260827070520|996.26
1787785525|20260827070525|996.26
1787785535|20260827070535|996.22
1787785545|20260827070545|996.26
1787785550|20260827070550|996.28
1787785555|20260827070555|996.35
1787785560|20260827070600|996.35
1787785575|20260827070615|996.35
1787785585|20260827070625|996.42
1787785595|20260827070635|996.66
1787785605|20260827070645|996.59
1787785610|20260827070650|996.63
1787785615|20260827070655|996.61
1787785625|20260827070705|996.60
1787785630|20260827070710|996.65
1787785635|20260827070715|996.67
1787785645|20260827070725|996.70
1787785655|20260827070735|996.62
1787785660|20260827070740|996.68
1787785665|20260827070745|996.69
1787785670|20260827070750|996.65
1787785675|20260827070755|996.63
1787785680|20260827070800|996.61
1787785685|20260827070805|996.75
1787785695|20260827070815|996.76
1787785700|20260827070820|996.74
1787785715|20260827070835|996.59
1787785720|20260827070840|996.44
1787785725|20260827070845|996.43
1787785730|20260827070850|996.44
1787785735|20260827070855|996.46
1787785740|20260827070900|996.45
1787785745|20260827070905|996.44
1787785750|20260827070910|996.32
1787785755|20260827070915|996.35
1787785760|20260827070920|996.59
1787785765|20260827070925|996.59
1787785810|20260827071010|996.67
1787785820|20260827071020|996.88
1787785825|20260827071025|996.80
1787785835|20260827071035|996.97
1787785840|20260827071040|997.02
1787785845|20260827071045|996.97
1787785855|20260827071055|996.95
1787785865|20260827071105|996.99
1787785870|20260827071110|997.04
1787785875|20260827071115|997.02
1787785880|20260827071120|996.97
1787785885|20260827071125|996.99
1787785900|20260827071140|996.97
1787785905|20260827071145|996.98
1787785910|20260827071150|996.97
1787785915|20260827071155|996.86
1787785925|20260827071205|996.87
1787785930|20260827071210|996.86
1787785935|20260827071215|996.86
1787785940|20260827071220|996.84
1787785960|20260827071240|996.90
1787785965|20260827071245|996.89
1787785970|20260827071250|996.83
1787785975|20260827071255|996.76
1787785985|20260827071305|996.72
1787785990|20260827071310|996.71
1787785995|20260827071315|996.73
1787786000|20260827071320|996.74
1787786005|20260827071325|996.73
1787786015|20260827071335|996.76
1787786020|20260827071340|996.75
1787786030|20260827071350|996.90
1787786035|20260827071355|996.90
1787786050|20260827071410|996.99
1787786055|20260827071415|997.04
1787786060|20260827071420|997.10
1787786105|20260827071505|997.39
1787786110|20260827071510|997.41
1787786115|20260827071515|997.35
1787786120|20260827071520|997.30
1787786125|20260827071525|997.33
1787786135|20260827071535|997.38
1787786140|20260827071540|997.43
1787786145|20260827071545|997.45
1787786150|20260827071550|997.47
1787786155|20260827071555|997.48
1787786165|20260827071605|997.41
1787786175|20260827071615|997.41
1787786200|20260827071640|997.39
1787786205|20260827071645|997.42
1787786210|20260827071650|997.41
1787786215|20260827071655|997.44
1787786225|20260827071705|997.50
1787786230|20260827071710|997.51
1787786235|20260827071715|997.54
1787786245|20260827071725|997.57
1787786260|20260827071740|998.02
1787786265|20260827071745|998.09
1787786270|20260827071750|998.07
1787786275|20260827071755|998.03
1787786285|20260827071805|998.02
1787786290|20260827071810|997.93
1787786295|20260827071815|997.92
1787786300|20260827071820|997.94
1787786305|20260827071825|997.99
1787786315|20260827071835|998.26
1787786320|20260827071840|998.35
1787786325|20260827071845|998.27
1787786330|20260827071850|998.41
1787786335|20260827071855|998.49
1787786345|20260827071905|998.34
1787786350|20260827071910|998.42
1787786355|20260827071915|998.39
1787786365|20260827071925|998.43
1787786405|20260827072005|998.72
1787786410|20260827072010|998.60
1787786425|20260827072025|998.68
1787786440|20260827072040|998.76
1787786445|20260827072045|998.75
1787786450|20260827072050|998.77
1787786455|20260827072055|998.79
1787786465|20260827072105|998.81
1787786475|20260827072115|998.90
1787786480|20260827072120|998.90
1787786485|20260827072125|998.88
1787786495|20260827072135|998.90
1787786500|20260827072140|998.90
1787786505|20260827072145|998.90
1787786510|20260827072150|998.88
1787786515|20260827072155|998.91
1787786525|20260827072205|998.95
1787786530|20260827072210|998.95
1787786535|20260827072215|998.97
1787786540|20260827072220|998.81
1787786545|20260827072225|998.82
1787786555|20260827072235|998.81
1787786560|20260827072240|998.78
1787786565|20260827072245|998.80
1787786570|20260827072250|998.83
1787786575|20260827072255|998.96
1787786585|20260827072305|998.94
1787786590|20260827072310|998.93
1787786600|20260827072320|998.81
1787786605|20260827072325|998.93
1787786620|20260827072340|998.91
1787786625|20260827072345|998.93
1787786630|20260827072350|998.99
1787786635|20260827072355|998.95
1787786645|20260827072405|998.93
1787786655|20260827072415|998.92
1787786660|20260827072420|998.93
1787786665|20260827072425|998.93
1787786705|20260827072505|998.79
1787786715|20260827072515|998.66
1787786720|20260827072520|998.84
1787786745|20260827072545|998.86
1787786750|20260827072550|998.91
1787786755|20260827072555|998.95
1787786765|20260827072605|998.91
1787786770|20260827072610|998.91
1787786780|20260827072620|998.90
1787786795|20260827072635|998.85
1787786800|20260827072640|998.89
1787786805|20260827072645|998.87
1787786810|20260827072650|998.83
1787786825|20260827072705|998.91
1787786830|20260827072710|998.95
1787786835|20260827072715|998.86
1787786840|20260827072720|998.85
1787786855|20260827072735|998.85
1787786860|20260827072740|998.83
1787786870|20260827072750|998.90
1787786875|20260827072755|998.88
1787786880|20260827072800|998.83
1787786885|20260827072805|998.82
1787786890|20260827072810|998.83
1787786895|20260827072815|998.84
1787786900|20260827072820|998.81
1787786905|20260827072825|998.84
1787786910|20260827072830|998.86
1787786915|20260827072835|998.90
1787786920|20260827072840|998.87
1787786925|20260827072845|998.88
1787786930|20260827072850|998.90
1787786935|20260827072855|998.89
1787786940|20260827072900|998.91
1787786945|20260827072905|998.93
1787786950|20260827072910|998.92
1787786955|20260827072915|998.85
1787786965|20260827072925|998.80
1787787005|20260827073005|998.55
1787787010|20260827073010|998.65
1787787015|20260827073015|998.58
1787787020|20260827073020|998.56
1787787035|20260827073035|998.49
1787787040|20260827073040|998.48
1787787045|20260827073045|998.59
1787787050|20260827073050|998.55
1787787055|20260827073055|998.55
1787787060|20260827073100|998.60
1787787065|20260827073105|998.61
1787787070|20260827073110|998.59
1787787075|20260827073115|998.51
1787787080|20260827073120|998.47
1787787085|20260827073125|998.47
1787787095|20260827073135|998.42
1787787100|20260827073140|998.42
1787787105|20260827073145|998.41
1787787110|20260827073150|998.43
1787787125|20260827073205|998.45
1787787135|20260827073215|998.24
1787787140|20260827073220|998.20
1787787145|20260827073225|998.20
1787787155|20260827073235|998.22
1787787160|20260827073240|998.24
1787787165|20260827073245|998.21
1787787170|20260827073250|998.23
1787787175|20260827073255|998.23
1787787190|20260827073310|998.24
1787787195|20260827073315|998.29
1787787200|20260827073320|998.25
1787787205|20260827073325|998.24
1787787215|20260827073335|998.18
1787787220|20260827073340|998.19
1787787225|20260827073345|998.19
1787787230|20260827073350|998.22
1787787235|20260827073355|998.25
1787787240|20260827073400|998.31
1787787245|20260827073405|998.31
1787787255|20260827073415|998.33
1787787260|20260827073420|998.40
1787787265|20260827073425|998.43
1787787300|20260827073500|998.66
1787787305|20260827073505|998.74
1787787310|20260827073510|998.90
1787787315|20260827073515|998.90
1787787320|20260827073520|998.92
1787787335|20260827073535|998.75
1787787340|20260827073540|998.63
1787787345|20260827073545|998.69
1787787350|20260827073550|998.73
1787787360|20260827073600|998.73
1787787375|20260827073615|998.65
1787787380|20260827073620|998.69
1787787395|20260827073635|998.67
1787787400|20260827073640|998.67
1787787405|20260827073645|998.66
1787787410|20260827073650|998.65
1787787415|20260827073655|998.73
1787787420|20260827073700|998.72
1787787425|20260827073705|998.56
1787787430|20260827073710|998.55
1787787435|20260827073715|998.60
1787787440|20260827073720|998.54
1787787445|20260827073725|998.57
1787787460|20260827073740|998.62
1787787465|20260827073745|998.43
1787787470|20260827073750|998.47
1787787480|20260827073800|998.49
1787787485|20260827073805|998.51
1787787490|20260827073810|998.42
1787787495|20260827073815|998.45
1787787500|20260827073820|998.41
1787787505|20260827073825|998.38
1787787520|20260827073840|998.34
1787787525|20260827073845|998.36
1787787535|20260827073855|998.34
1787787540|20260827073900|998.34
1787787545|20260827073905|998.33
1787787555|20260827073915|998.37
1787787560|20260827073920|998.91
1787787565|20260827073925|998.96
1787787600|20260827074000|999.56
1787787610|20260827074010|999.04
1787787615|20260827074015|999.06
1787787620|20260827074020|999.11
1787787625|20260827074025|999.23
1787787635|20260827074035|999.14
1787787640|20260827074040|999.15
1787787645|20260827074045|999.16
1787787650|20260827074050|999.06
1787787655|20260827074055|999.13
1787787665|20260827074105|999.29
1787787670|20260827074110|999.29
1787787680|20260827074120|999.32
1787787685|20260827074125|999.33
1787787695|20260827074135|999.25
1787787700|20260827074140|999.22
1787787705|20260827074145|999.26
1787787710|20260827074150|999.26
1787787715|20260827074155|999.25
1787787725|20260827074205|999.24
1787787740|20260827074220|999.16
1787787745|20260827074225|999.18
1787787755|20260827074235|999.14
1787787760|20260827074240|999.08
1787787765|20260827074245|999.10
1787787775|20260827074255|999.04
1787787785|20260827074305|999.05
1787787790|20260827074310|999.06
1787787795|20260827074315|999.05
1787787805|20260827074325|999.05
1787787815|20260827074335|999.13
1787787820|20260827074340|999.16
1787787825|20260827074345|999.16
1787787835|20260827074355|999.19
1787787845|20260827074405|999.20
1787787850|20260827074410|999.24
1787787855|20260827074415|999.21
1787787860|20260827074420|999.20
1787787905|20260827074505|999.04
1787787910|20260827074510|999.05
1787787915|20260827074515|999.02
1787787920|20260827074520|998.93
1787787925|20260827074525|998.93
1787787995|20260827074635|999.13
