1791475205|20261009000005|886.33
1791475210|20261009000010|886.41
1791475215|20261009000015|886.37
1791475220|20261009000020|886.18
1791475225|20261009000025|886.30
1791475235|20261009000035|886.31
1791475245|20261009000045|886.30
1791475250|20261009000050|886.25
1791475255|20261009000055|886.24
1791475265|20261009000105|886.11
1791475270|20261009000110|886.21
1791475275|20261009000115|886.20
1791475280|20261009000120|885.84
1791475285|20261009000125|886.18
1791475295|20261009000135|885.80
1791475300|20261009000140|885.52
1791475305|20261009000145|885.56
1791475315|20261009000155|885.44
1791475325|20261009000205|885.65
1791475330|20261009000210|885.66
1791475335|20261009000215|885.64
1791475340|20261009000220|885.83
1791475345|20261009000225|885.79
1791475355|20261009000235|885.96
1791475360|20261009000240|885.88
1791475365|20261009000245|885.97
1791475370|20261009000250|885.98
1791475375|20261009000255|885.82
1791475385|20261009000305|885.62
1791475390|20261009000310|885.54
1791475395|20261009000315|885.70
1791475400|20261009000320|885.70
1791475420|20261009000340|885.79
1791475425|20261009000345|885.70
1791475430|20261009000350|885.62
1791475435|20261009000355|885.58
1791475455|20261009000415|885.60
1791475460|20261009000420|885.61
1791475465|20261009000425|885.56
1791475505|20261009000505|885.60
1791475510|20261009000510|885.45
1791475515|20261009000515|885.27
1791475520|20261009000520|885.36
1791475525|20261009000525|885.30
1791475535|20261009000535|885.24
1791475545|20261009000545|885.20
1791475555|20261009000555|885.14
1791475565|20261009000605|885.28
1791475570|20261009000610|885.29
1791475575|20261009000615|885.28
1791475595|20261009000635|885.00
1791475605|20261009000645|885.03
1791475615|20261009000655|884.97
1791475625|20261009000705|885.07
1791475630|20261009000710|885.10
1791475640|20261009000720|885.12
1791475645|20261009000725|885.12
1791475655|20261009000735|885.19
1791475665|20261009000745|885.08
1791475670|20261009000750|885.05
1791475690|20261009000810|884.95
1791475695|20261009000815|885.13
1791475700|20261009000820|885.15
1791475720|20261009000840|885.22
1791475730|20261009000850|885.42
1791475745|20261009000905|885.73
1791475765|20261009000925|885.67
1791475800|20261009001000|885.86
1791475805|20261009001005|885.93
1791475810|20261009001010|885.98
1791475815|20261009001015|886.06
1791475820|20261009001020|886.04
1791475825|20261009001025|886.05
1791475840|20261009001040|885.96
1791475845|20261009001045|886.02
1791475850|20261009001050|885.99
1791475855|20261009001055|886.09
1791475865|20261009001105|886.04
1791475870|20261009001110|886.10
1791475885|20261009001125|886.22
1791475895|20261009001135|886.21
1791475915|20261009001155|886.18
1791475925|20261009001205|886.30
1791475930|20261009001210|886.39
1791475935|20261009001215|886.40
1791475955|20261009001235|886.42
1791475970|20261009001250|886.44
1791475975|20261009001255|886.52
1791475985|20261009001305|886.51
1791475990|20261009001310|886.51
1791475995|20261009001315|886.33
1791476000|20261009001320|886.38
1791476005|20261009001325|886.28
1791476015|20261009001335|886.23
1791476020|20261009001340|886.11
1791476030|20261009001350|886.21
1791476035|20261009001355|886.13
1791476045|20261009001405|886.17
1791476050|20261009001410|886.20
1791476055|20261009001415|886.06
1791476060|20261009001420|886.09
1791476095|20261009001455|886.20
1791476105|20261009001505|886.32
1791476110|20261009001510|886.28
1791476115|20261009001515|886.30
1791476120|20261009001520|886.33
1791476125|20261009001525|886.32
1791476140|20261009001540|886.10
1791476145|20261009001545|886.16
1791476150|20261009001550|886.17
1791476155|20261009001555|886.28
1791476165|20261009001605|886.23
1791476170|20261009001610|886.22
1791476175|20261009001615|886.22
1791476180|20261009001620|886.14
1791476185|20261009001625|885.94
1791476195|20261009001635|885.96
1791476200|20261009001640|885.95
1791476215|20261009001655|886.01
1791476225|20261009001705|885.88
1791476230|20261009001710|885.73
1791476240|20261009001720|888.69
1791476255|20261009001735|889.66
1791476260|20261009001740|890.38
1791476265|20261009001745|890.34
1791476270|20261009001750|890.51
1791476275|20261009001755|890.09
1791476285|20261009001805|889.70
1791476290|20261009001810|889.29
1791476295|20261009001815|888.95
1791476300|20261009001820|888.55
1791476305|20261009001825|888.35
1791476315|20261009001835|888.67
1791476325|20261009001845|888.47
1791476330|20261009001850|888.59
1791476335|20261009001855|888.71
1791476345|20261009001905|888.51
1791476350|20261009001910|888.53
1791476355|20261009001915|888.38
1791476360|20261009001920|888.84
1791476365|20261009001925|888.65
1791476405|20261009002005|888.14
1791476410|20261009002010|888.06
1791476415|20261009002015|888.10
1791476420|20261009002020|888.19
1791476425|20261009002025|888.07
1791476435|20261009002035|888.19
1791476440|20261009002040|888.12
1791476445|20261009002045|888.18
1791476455|20261009002055|888.09
1791476465|20261009002105|887.91
1791476470|20261009002110|887.75
1791476480|20261009002120|887.56
1791476485|20261009002125|887.56
1791476495|20261009002135|887.69
1791476500|20261009002140|887.60
1791476505|20261009002145|887.69
1791476510|20261009002150|887.68
1791476515|20261009002155|887.63
1791476525|20261009002205|887.97
1791476530|20261009002210|887.78
1791476535|20261009002215|887.99
1791476540|20261009002220|887.83
1791476545|20261009002225|887.85
1791476555|20261009002235|888.06
1791476560|20261009002240|887.99
1791476565|20261009002245|887.82
1791476575|20261009002255|887.72
1791476585|20261009002305|887.80
1791476590|20261009002310|887.96
1791476600|20261009002320|888.10
1791476605|20261009002325|888.33
1791476615|20261009002335|888.38
1791476620|20261009002340|888.28
1791476625|20261009002345|888.25
1791476645|20261009002405|888.19
1791476650|20261009002410|888.10
1791476665|20261009002425|888.48
1791476705|20261009002505|888.43
1791476710|20261009002510|888.56
1791476720|20261009002520|888.44
1791476725|20261009002525|888.44
1791476735|20261009002535|888.12
1791476740|20261009002540|888.29
1791476745|20261009002545|888.28
1791476750|20261009002550|888.25
1791476755|20261009002555|888.14
1791476765|20261009002605|888.10
1791476770|20261009002610|888.14
1791476775|20261009002615|888.17
1791476780|20261009002620|888.14
1791476785|20261009002625|888.23
1791476800|20261009002640|888.31
1791476805|20261009002645|888.27
1791476810|20261009002650|888.25
1791476815|20261009002655|888.13
1791476825|20261009002705|888.21
1791476830|20261009002710|887.93
1791476835|20261009002715|887.82
1791476840|20261009002720|887.80
1791476845|20261009002725|887.85
1791476855|20261009002735|888.00
1791476860|20261009002740|887.83
1791476870|20261009002750|887.80
1791476875|20261009002755|887.60
1791476890|20261009002810|887.57
1791476895|20261009002815|887.66
1791476900|20261009002820|887.67
1791476915|20261009002835|887.79
1791476935|20261009002855|887.90
1791476945|20261009002905|887.68
1791476950|20261009002910|887.71
1791476955|20261009002915|887.70
1791476960|20261009002920|887.69
1791476980|20261009002940|887.54
1791477000|20261009003000|887.58
1791477015|20261009003015|887.60
1791477020|20261009003020|887.64
1791477025|20261009003025|887.59
1791477035|20261009003035|887.91
1791477040|20261009003040|887.75
1791477045|20261009003045|887.84
1791477070|20261009003110|887.55
1791477075|20261009003115|887.46
1791477080|20261009003120|887.47
1791477095|20261009003135|887.47
1791477100|20261009003140|887.41
1791477105|20261009003145|887.45
1791477110|20261009003150|887.49
1791477125|20261009003205|887.57
1791477130|20261009003210|887.54
1791477135|20261009003215|887.69
1791477140|20261009003220|887.73
1791477145|20261009003225|887.68
1791477155|20261009003235|887.83
1791477160|20261009003240|887.88
1791477165|20261009003245|887.93
1791477175|20261009003255|888.01
1791477185|20261009003305|888.06
1791477190|20261009003310|888.02
1791477195|20261009003315|888.01
1791477200|20261009003320|887.93
1791477205|20261009003325|888.02
1791477235|20261009003355|887.79
1791477245|20261009003405|887.86
1791477250|20261009003410|887.85
1791477260|20261009003420|887.97
1791477265|20261009003425|887.98
1791477290|20261009003450|887.96
1791477305|20261009003505|887.92
1791477310|20261009003510|887.86
1791477315|20261009003515|887.87
1791477320|20261009003520|887.83
1791477325|20261009003525|887.77
1791477335|20261009003535|887.89
1791477355|20261009003555|887.82
1791477365|20261009003605|887.78
1791477370|20261009003610|887.90
1791477375|20261009003615|887.75
1791477380|20261009003620|887.59
1791477395|20261009003635|887.37
1791477400|20261009003640|887.40
1791477405|20261009003645|887.45
1791477410|20261009003650|887.44
1791477415|20261009003655|887.39
1791477425|20261009003705|887.30
1791477430|20261009003710|887.12
1791477435|20261009003715|887.09
1791477440|20261009003720|887.10
1791477445|20261009003725|887.57
1791477455|20261009003735|887.53
1791477460|20261009003740|887.40
1791477465|20261009003745|887.57
1791477470|20261009003750|887.50
1791477505|20261009003825|887.41
1791477520|20261009003840|887.39
1791477525|20261009003845|887.32
1791477530|20261009003850|887.29
1791477535|20261009003855|887.41
1791477545|20261009003905|887.33
1791477560|20261009003920|887.34
1791477565|20261009003925|887.37
1791477600|20261009004000|887.72
1791477605|20261009004005|887.74
1791477610|20261009004010|887.97
1791477615|20261009004015|888.01
1791477620|20261009004020|888.07
1791477635|20261009004035|888.55
1791477640|20261009004040|888.39
1791477645|20261009004045|888.35
1791477650|20261009004050|888.42
1791477665|20261009004105|888.29
1791477670|20261009004110|888.30
1791477675|20261009004115|888.20
1791477680|20261009004120|888.20
1791477685|20261009004125|888.09
1791477695|20261009004135|888.12
1791477705|20261009004145|888.09
1791477710|20261009004150|888.25
1791477725|20261009004205|888.24
1791477735|20261009004215|888.19
1791477740|20261009004220|888.22
1791477745|20261009004225|888.24
1791477755|20261009004235|888.22
1791477760|20261009004240|888.24
1791477770|20261009004250|888.42
1791477790|20261009004310|888.27
1791477795|20261009004315|888.18
1791477800|20261009004320|888.21
1791477805|20261009004325|888.12
1791477815|20261009004335|888.09
1791477820|20261009004340|887.85
1791477830|20261009004350|887.81
1791477835|20261009004355|887.91
1791477845|20261009004405|888.07
1791477865|20261009004425|888.00
1791477905|20261009004505|887.90
1791477910|20261009004510|887.87
1791477915|20261009004515|887.85
1791477920|20261009004520|887.77
1791477925|20261009004525|887.75
1791477945|20261009004545|888.03
1791477950|20261009004550|888.00
1791477955|20261009004555|888.00
1791477970|20261009004610|888.09
1791477975|20261009004615|888.12
1791477980|20261009004620|888.12
1791477985|20261009004625|888.25
1791478005|20261009004645|888.32
1791478010|20261009004650|888.34
1791478035|20261009004715|888.03
1791478040|20261009004720|888.03
1791478045|20261009004725|888.05
1791478055|20261009004735|887.93
1791478060|20261009004740|887.82
1791478065|20261009004745|887.83
1791478070|20261009004750|887.83
1791478075|20261009004755|887.85
1791478085|20261009004805|887.41
1791478090|20261009004810|887.37
1791478095|20261009004815|887.36
1791478115|20261009004835|887.53
1791478125|20261009004845|887.60
1791478130|20261009004850|887.61
1791478135|20261009004855|887.69
1791478145|20261009004905|887.73
1791478150|20261009004910|887.74
1791478160|20261009004920|888.13
1791478165|20261009004925|887.98
1791478205|20261009005005|888.22
1791478210|20261009005010|888.48
1791478215|20261009005015|888.54
1791478220|20261009005020|888.52
1791478225|20261009005025|888.59
1791478235|20261009005035|888.51
1791478240|20261009005040|888.40
1791478245|20261009005045|888.43
1791478250|20261009005050|888.46
1791478255|20261009005055|888.41
1791478265|20261009005105|888.30
1791478270|20261009005110|888.35
1791478275|20261009005115|888.35
1791478280|20261009005120|888.42
1791478285|20261009005125|888.37
1791478295|20261009005135|888.39
1791478305|20261009005145|888.37
1791478310|20261009005150|888.53
1791478325|20261009005205|888.67
1791478335|20261009005215|888.57
1791478340|20261009005220|888.60
1791478345|20261009005225|888.65
1791478355|20261009005235|888.57
1791478360|20261009005240|888.59
1791478365|20261009005245|888.64
1791478370|20261009005250|888.54
1791478385|20261009005305|888.49
1791478390|20261009005310|888.50
1791478395|20261009005315|888.35
1791478400|20261009005320|888.39
1791478405|20261009005325|888.33
1791478425|20261009005345|888.44
1791478430|20261009005350|888.47
1791478445|20261009005405|888.51
1791478455|20261009005415|888.54
1791478460|20261009005420|888.54
1791478465|20261009005425|888.58
1791478490|20261009005450|888.51
1791478535|20261009005535|888.42
1791478545|20261009005545|888.37
1791478555|20261009005555|888.74
1791478580|20261009005620|889.11
1791478585|20261009005625|889.05
1791478605|20261009005645|888.93
1791478625|20261009005705|888.62
1791478655|20261009005735|888.60
1791478660|20261009005740|889.43
1791478665|20261009005745|889.32
1791478670|20261009005750|888.78
1791478685|20261009005805|888.79
1791478690|20261009005810|888.81
1791478695|20261009005815|888.84
1791478700|20261009005820|888.84
1791478705|20261009005825|888.83
1791478715|20261009005835|889.04
1791478720|20261009005840|888.90
1791478725|20261009005845|889.00
1791478745|20261009005905|888.89
1791478750|20261009005910|888.93
1791478755|20261009005915|888.99
1791478760|20261009005920|888.99
1791478765|20261009005925|889.31
1791478800|20261009010000|888.84
1791478805|20261009010005|888.92
1791478810|20261009010010|888.81
1791478815|20261009010015|888.73
1791478820|20261009010020|888.73
1791478825|20261009010025|888.89
1791478835|20261009010035|888.94
1791478845|20261009010045|888.91
1791478850|20261009010050|888.97
1791478865|20261009010105|889.10
1791478880|20261009010120|889.24
1791478900|20261009010140|889.48
1791478910|20261009010150|889.46
1791478925|20261009010205|889.33
1791478930|20261009010210|889.37
1791478935|20261009010215|889.48
1791478940|20261009010220|889.72
1791478985|20261009010305|890.09
1791478995|20261009010315|889.69
1791479000|20261009010320|889.43
1791479005|20261009010325|889.54
1791479015|20261009010335|889.39
1791479025|20261009010345|889.36
1791479030|20261009010350|889.24
1791479045|20261009010405|889.22
1791479050|20261009010410|889.18
1791479065|20261009010425|889.16
1791479100|20261009010500|889.54
1791479110|20261009010510|890.02
1791479120|20261009010520|890.35
1791479125|20261009010525|890.35
1791479140|20261009010540|890.48
1791479145|20261009010545|890.80
1791479165|20261009010605|890.92
1791479175|20261009010615|891.14
1791479180|20261009010620|890.75
1791479185|20261009010625|890.61
1791479195|20261009010635|890.79
1791479205|20261009010645|890.80
1791479215|20261009010655|890.71
1791479225|20261009010705|890.83
1791479230|20261009010710|890.93
1791479235|20261009010715|890.73
1791479240|20261009010720|890.62
1791479245|20261009010725|890.74
1791479260|20261009010740|890.75
1791479270|20261009010750|891.05
1791479275|20261009010755|891.02
1791479285|20261009010805|890.84
1791479290|20261009010810|890.85
1791479295|20261009010815|890.82
1791479300|20261009010820|890.75
1791479305|20261009010825|890.60
1791479315|20261009010835|890.61
1791479320|20261009010840|890.65
1791479325|20261009010845|890.64
1791479335|20261009010855|890.79
1791479345|20261009010905|890.79
1791479350|20261009010910|890.50
1791479395|20261009010955|890.50
1791479405|20261009011005|890.50
1791479410|20261009011010|890.43
1791479415|20261009011015|890.56
1791479435|20261009011035|890.73
1791479440|20261009011040|890.61
1791479445|20261009011045|890.60
1791479450|20261009011050|890.60
1791479455|20261009011055|890.53
1791479465|20261009011105|890.85
1791479470|20261009011110|890.74
1791479480|20261009011120|890.90
1791479485|20261009011125|890.93
1791479500|20261009011140|890.76
1791479515|20261009011155|891.14
1791479530|20261009011210|891.25
1791479535|20261009011215|891.25
1791479540|20261009011220|891.40
1791479545|20261009011225|891.38
1791479555|20261009011235|891.22
1791479560|20261009011240|891.11
1791479565|20261009011245|891.08
1791479570|20261009011250|891.02
1791479575|20261009011255|891.28
1791479590|20261009011310|891.33
1791479595|20261009011315|891.28
1791479600|20261009011320|891.30
1791479615|20261009011335|891.18
1791479620|20261009011340|891.26
1791479625|20261009011345|891.26
1791479630|20261009011350|891.21
1791479645|20261009011405|891.12
1791479655|20261009011415|891.11
1791479660|20261009011420|891.14
1791479665|20261009011425|891.16
1791479695|20261009011455|890.60
1791479705|20261009011505|890.60
1791479710|20261009011510|890.55
1791479715|20261009011515|890.69
1791479720|20261009011520|890.65
1791479725|20261009011525|890.66
1791479735|20261009011535|890.93
1791479745|20261009011545|890.94
1791479765|20261009011605|891.15
1791479770|20261009011610|891.17
1791479780|20261009011620|891.35
1791479785|20261009011625|891.38
1791479795|20261009011635|891.35
1791479800|20261009011640|891.41
1791479805|20261009011645|891.36
1791479815|20261009011655|891.65
1791479825|20261009011705|891.79
1791479830|20261009011710|891.75
1791479835|20261009011715|891.69
1791479840|20261009011720|891.83
1791479845|20261009011725|891.87
1791479855|20261009011735|891.88
1791479860|20261009011740|891.74
1791479865|20261009011745|892.15
1791479870|20261009011750|892.16
1791479885|20261009011805|893.04
1791479890|20261009011810|893.19
1791479895|20261009011815|893.19
1791479900|20261009011820|893.14
1791479915|20261009011835|892.95
1791479935|20261009011855|893.13
1791479950|20261009011910|893.41
1791479960|20261009011920|893.53
1791479965|20261009011925|893.57
1791480000|20261009012000|892.97
1791480005|20261009012005|893.00
1791480010|20261009012010|892.80
1791480015|20261009012015|892.69
1791480020|20261009012020|892.78
1791480025|20261009012025|892.76
1791480035|20261009012035|892.46
1791480045|20261009012045|892.57
1791480050|20261009012050|892.36
1791480065|20261009012105|892.19
1791480095|20261009012135|892.10
1791480105|20261009012145|892.26
1791480125|20261009012205|891.84
1791480135|20261009012215|892.19
1791480145|20261009012225|892.35
1791480165|20261009012245|892.39
1791480170|20261009012250|892.55
1791480175|20261009012255|892.39
1791480185|20261009012305|892.51
1791480190|20261009012310|891.95
1791480195|20261009012315|892.02
1791480205|20261009012325|891.89
1791480220|20261009012340|891.89
1791480225|20261009012345|892.20
1791480245|20261009012405|892.33
1791480250|20261009012410|892.35
1791480255|20261009012415|892.26
1791480260|20261009012420|892.15
1791480265|20261009012425|892.22
1791480305|20261009012505|891.59
1791480310|20261009012510|891.64
1791480315|20261009012515|891.63
1791480320|20261009012520|891.63
1791480345|20261009012545|891.40
1791480350|20261009012550|891.42
1791480355|20261009012555|891.31
1791480365|20261009012605|891.11
1791480370|20261009012610|891.07
1791480375|20261009012615|891.11
1791480380|20261009012620|891.09
1791480385|20261009012625|891.32
1791480395|20261009012635|891.23
1791480400|20261009012640|891.26
1791480405|20261009012645|891.34
1791480410|20261009012650|891.31
1791480415|20261009012655|891.58
1791480425|20261009012705|891.60
1791480435|20261009012715|891.52
1791480440|20261009012720|891.25
1791480445|20261009012725|891.32
1791480460|20261009012740|891.42
1791480465|20261009012745|891.44
1791480475|20261009012755|891.47
1791480485|20261009012805|891.43
1791480495|20261009012815|891.12
1791480500|20261009012820|891.27
1791480520|20261009012840|891.29
1791480525|20261009012845|891.24
1791480530|20261009012850|891.43
1791480545|20261009012905|890.98
1791480555|20261009012915|890.86
1791480560|20261009012920|890.99
1791480575|20261009012935|890.76
1791480605|20261009013005|890.40
1791480615|20261009013015|890.26
1791480620|20261009013020|890.26
1791480625|20261009013025|890.43
1791480635|20261009013035|890.39
1791480640|20261009013040|890.31
1791480645|20261009013045|890.22
1791480655|20261009013055|890.27
1791480670|20261009013110|890.18
1791480675|20261009013115|890.15
1791480680|20261009013120|890.16
1791480685|20261009013125|890.23
1791480700|20261009013140|890.52
1791480705|20261009013145|890.55
1791480710|20261009013150|890.52
1791480715|20261009013155|890.47
1791480725|20261009013205|890.62
1791480730|20261009013210|890.58
1791480740|20261009013220|890.79
1791480745|20261009013225|890.54
1791480755|20261009013235|890.62
1791480760|20261009013240|890.68
1791480770|20261009013250|890.63
1791480785|20261009013305|890.50
1791480790|20261009013310|890.47
1791480795|20261009013315|890.46
1791480800|20261009013320|890.37
1791480805|20261009013325|890.45
1791480815|20261009013335|890.49
1791480820|20261009013340|890.53
1791480825|20261009013345|890.43
1791480830|20261009013350|890.41
1791480835|20261009013355|890.56
1791480845|20261009013405|890.61
1791480850|20261009013410|890.53
1791480855|20261009013415|890.42
1791480865|20261009013425|890.15
1791480890|20261009013450|890.27
1791480905|20261009013505|890.25
1791480910|20261009013510|890.34
1791480920|20261009013520|890.34
1791480925|20261009013525|890.45
1791480940|20261009013540|890.42
1791480950|20261009013550|890.43
1791480955|20261009013555|890.36
1791480965|20261009013605|890.43
1791480970|20261009013610|890.50
1791480975|20261009013615|890.54
1791480980|20261009013620|890.52
1791480985|20261009013625|890.54
1791480995|20261009013635|890.51
1791481000|20261009013640|890.55
1791481010|20261009013650|890.57
1791481015|20261009013655|890.66
1791481025|20261009013705|890.62
1791481030|20261009013710|890.46
1791481035|20261009013715|890.47
1791481040|20261009013720|890.61
1791481045|20261009013725|890.64
1791481065|20261009013745|890.54
1791481070|20261009013750|890.72
1791481085|20261009013805|890.54
1791481090|20261009013810|890.42
1791481100|20261009013820|890.49
1791481105|20261009013825|890.47
1791481115|20261009013835|890.28
1791481120|20261009013840|890.30
1791481125|20261009013845|890.34
1791481130|20261009013850|890.37
1791481135|20261009013855|890.45
1791481145|20261009013905|890.40
1791481150|20261009013910|890.41
1791481155|20261009013915|890.41
1791481160|20261009013920|890.36
1791481165|20261009013925|890.38
1791481195|20261009013955|890.57
1791481200|20261009014000|890.62
1791481205|20261009014005|890.60
1791481210|20261009014010|890.53
1791481220|20261009014020|890.47
1791481225|20261009014025|890.42
1791481240|20261009014040|890.26
1791481245|20261009014045|890.27
1791481270|20261009014110|890.32
1791481280|20261009014120|890.43
1791481285|20261009014125|890.48
1791481295|20261009014135|890.39
1791481305|20261009014145|890.37
1791481330|20261009014210|890.10
1791481335|20261009014215|890.14
1791481340|20261009014220|890.22
1791481345|20261009014225|890.29
1791481355|20261009014235|890.40
1791481360|20261009014240|890.40
1791481370|20261009014250|890.44
1791481375|20261009014255|890.20
1791481385|20261009014305|890.27
1791481390|20261009014310|890.35
1791481395|20261009014315|890.20
1791481400|20261009014320|890.28
1791481405|20261009014325|890.29
1791481415|20261009014335|890.39
1791481430|20261009014350|890.35
1791481435|20261009014355|890.37
1791481445|20261009014405|890.47
1791481450|20261009014410|890.42
1791481460|20261009014420|890.33
1791481495|20261009014455|890.35
1791481505|20261009014505|890.38
1791481510|20261009014510|890.23
1791481520|20261009014520|890.46
1791481540|20261009014540|890.51
1791481545|20261009014545|890.28
1791481565|20261009014605|890.37
1791481570|20261009014610|890.38
1791481580|20261009014620|890.71
1791481585|20261009014625|890.82
1791481595|20261009014635|890.81
1791481605|20261009014645|890.73
1791481610|20261009014650|890.72
1791481615|20261009014655|890.74
1791481625|20261009014705|890.54
1791481630|20261009014710|890.56
1791481635|20261009014715|890.51
1791481645|20261009014725|890.57
1791481655|20261009014735|890.59
1791481660|20261009014740|890.52
1791481665|20261009014745|890.49
1791481670|20261009014750|890.50
1791481675|20261009014755|890.32
1791481685|20261009014805|890.21
1791481690|20261009014810|890.27
1791481705|20261009014825|890.00
1791481715|20261009014835|890.02
1791481725|20261009014845|890.03
1791481730|20261009014850|890.05
1791481745|20261009014905|890.05
1791481755|20261009014915|890.06
1791481760|20261009014920|890.05
1791481765|20261009014925|890.05
1791481800|20261009015000|889.75
1791481805|20261009015005|889.73
1791481815|20261009015015|889.75
1791481820|20261009015020|889.72
1791481825|20261009015025|889.73
1791481835|20261009015035|889.73
1791481840|20261009015040|889.82
1791481850|20261009015050|889.84
1791481870|20261009015110|889.78
1791481880|20261009015120|889.60
1791481895|20261009015135|889.75
1791481905|20261009015145|889.77
1791481915|20261009015155|889.75
1791481935|20261009015215|889.69
1791481940|20261009015220|889.73
1791481945|20261009015225|889.79
1791481960|20261009015240|889.95
1791481970|20261009015250|889.96
1791481975|20261009015255|889.98
1791481990|20261009015310|890.04
1791482000|20261009015320|890.16
1791482005|20261009015325|890.12
1791482025|20261009015345|890.25
1791482045|20261009015405|890.48
1791482050|20261009015410|890.50
1791482055|20261009015415|890.53
1791482060|20261009015420|890.48
1791482065|20261009015425|890.49
1791482105|20261009015505|890.48
1791482115|20261009015515|890.42
1791482120|20261009015520|890.45
1791482125|20261009015525|890.55
1791482135|20261009015535|890.72
1791482165|20261009015605|890.70
1791482180|20261009015620|890.89
1791482185|20261009015625|890.86
1791482195|20261009015635|890.98
1791482205|20261009015645|890.86
1791482225|20261009015705|890.89
1791482230|20261009015710|890.85
1791482235|20261009015715|890.85
1791482240|20261009015720|890.85
1791482245|20261009015725|890.82
1791482255|20261009015735|890.73
1791482265|20261009015745|890.83
1791482270|20261009015750|890.82
1791482285|20261009015805|890.92
1791482290|20261009015810|890.93
1791482300|20261009015820|890.92
1791482305|20261009015825|890.93
1791482315|20261009015835|890.93
1791482325|20261009015845|890.94
1791482350|20261009015910|890.96
1791482355|20261009015915|890.95
1791482360|20261009015920|890.90
1791482400|20261009020000|890.83
1791482405|20261009020005|890.94
1791482415|20261009020015|891.03
1791482425|20261009020025|890.76
1791482435|20261009020035|890.75
1791482440|20261009020040|890.63
1791482445|20261009020045|890.66
1791482450|20261009020050|890.73
1791482455|20261009020055|890.73
1791482465|20261009020105|890.73
1791482470|20261009020110|890.77
1791482475|20261009020115|890.68
1791482480|20261009020120|890.71
1791482495|20261009020135|890.80
1791482500|20261009020140|890.78
1791482505|20261009020145|890.72
1791482510|20261009020150|890.74
1791482525|20261009020205|890.84
1791482530|20261009020210|890.84
1791482535|20261009020215|890.84
1791482545|20261009020225|890.80
1791482555|20261009020235|890.75
1791482560|20261009020240|890.72
1791482565|20261009020245|890.73
1791482570|20261009020250|890.74
1791482585|20261009020305|890.83
1791482590|20261009020310|890.69
1791482595|20261009020315|890.69
1791482605|20261009020325|890.68
1791482615|20261009020335|890.60
1791482625|20261009020345|890.59
1791482645|20261009020405|890.32
1791482650|20261009020410|890.39
1791482660|20261009020420|890.41
1791482700|20261009020500|890.16
1791482705|20261009020505|890.19
1791482710|20261009020510|890.08
1791482720|20261009020520|889.95
1791482725|20261009020525|889.96
1791482735|20261009020535|890.03
1791482740|20261009020540|889.93
1791482745|20261009020545|890.01
1791482755|20261009020555|890.06
1791482760|20261009020600|890.06
1791482765|20261009020605|890.00
1791482775|20261009020615|890.05
1791482780|20261009020620|890.04
1791482795|20261009020635|890.08
1791482805|20261009020645|890.11
1791482815|20261009020655|890.08
1791482825|20261009020705|890.26
1791482830|20261009020710|890.20
1791482835|20261009020715|890.21
1791482840|20261009020720|890.22
1791482845|20261009020725|890.21
1791482855|20261009020735|890.12
1791482860|20261009020740|890.22
1791482865|20261009020745|890.22
1791482870|20261009020750|890.24
1791482875|20261009020755|890.16
1791482890|20261009020810|890.25
1791482900|20261009020820|890.25
1791482905|20261009020825|890.25
1791482915|20261009020835|890.36
1791482925|20261009020845|890.33
1791482945|20261009020905|890.34
1791482950|20261009020910|890.28
1791482955|20261009020915|890.33
1791482960|20261009020920|890.32
1791482965|20261009020925|890.18
1791483000|20261009021000|889.96
1791483005|20261009021005|889.96
1791483010|20261009021010|889.83
1791483015|20261009021015|889.88
1791483020|20261009021020|889.90
1791483025|20261009021025|889.88
1791483035|20261009021035|889.81
1791483040|20261009021040|889.81
1791483045|20261009021045|889.84
1791483065|20261009021105|889.87
1791483070|20261009021110|889.87
1791483075|20261009021115|889.85
1791483080|20261009021120|889.86
1791483085|20261009021125|889.87
1791483100|20261009021140|889.69
1791483105|20261009021145|889.70
1791483110|20261009021150|889.56
1791483115|20261009021155|889.57
1791483130|20261009021210|889.52
1791483140|20261009021220|889.51
1791483145|20261009021225|889.59
1791483155|20261009021235|889.62
1791483160|20261009021240|889.60
1791483165|20261009021245|889.63
1791483170|20261009021250|889.62
1791483185|20261009021305|889.61
1791483195|20261009021315|889.67
1791483205|20261009021325|889.69
1791483220|20261009021340|889.70
1791483225|20261009021345|889.59
1791483250|20261009021410|889.60
1791483255|20261009021415|889.60
1791483260|20261009021420|889.60
1791483310|20261009021510|889.70
1791483315|20261009021515|889.75
1791483320|20261009021520|889.87
1791483325|20261009021525|889.85
1791483340|20261009021540|889.81
1791483345|20261009021545|889.85
1791483355|20261009021555|889.92
1791483370|20261009021610|889.87
1791483375|20261009021615|889.96
1791483380|20261009021620|889.93
1791483385|20261009021625|889.88
1791483400|20261009021640|889.72
1791483415|20261009021655|889.78
1791483425|20261009021705|889.78
1791483430|20261009021710|889.76
1791483435|20261009021715|889.73
1791483445|20261009021725|889.62
1791483460|20261009021740|889.61
1791483470|20261009021750|889.51
1791483485|20261009021805|889.51
1791483490|20261009021810|889.50
1791483500|20261009021820|889.55
1791483505|20261009021825|889.53
1791483520|20261009021840|889.54
1791483525|20261009021845|889.55
1791483530|20261009021850|889.53
1791483545|20261009021905|889.58
1791483550|20261009021910|889.50
1791483555|20261009021915|889.52
1791483565|20261009021925|889.53
1791483600|20261009022000|889.40
1791483605|20261009022005|889.39
1791483610|20261009022010|889.40
1791483615|20261009022015|889.40
1791483620|20261009022020|889.26
1791483625|20261009022025|889.19
1791483645|20261009022045|889.23
1791483650|20261009022050|889.21
1791483665|20261009022105|889.14
1791483670|20261009022110|889.14
1791483675|20261009022115|889.19
1791483680|20261009022120|889.16
1791483685|20261009022125|889.12
1791483705|20261009022145|889.08
1791483710|20261009022150|889.13
1791483715|20261009022155|889.06
1791483725|20261009022205|889.09
1791483735|20261009022215|889.02
1791483740|20261009022220|889.00
1791483745|20261009022225|888.93
1791483765|20261009022245|888.98
1791483775|20261009022255|889.03
1791483785|20261009022305|889.15
1791483790|20261009022310|889.10
1791483795|20261009022315|889.11
1791483805|20261009022325|889.14
1791483825|20261009022345|889.14
1791483830|20261009022350|889.16
1791483835|20261009022355|889.16
1791483850|20261009022410|889.36
1791483855|20261009022415|889.39
1791483860|20261009022420|889.39
1791483865|20261009022425|889.36
1791483905|20261009022505|889.53
1791483910|20261009022510|889.52
1791483925|20261009022525|889.65
1791483935|20261009022535|889.64
1791483955|20261009022555|889.54
1791483965|20261009022605|889.36
1791483970|20261009022610|889.28
1791483975|20261009022615|889.31
1791483980|20261009022620|889.48
1791483985|20261009022625|889.46
1791483995|20261009022635|889.43
1791484005|20261009022645|889.43
1791484010|20261009022650|889.44
1791484035|20261009022715|889.38
1791484055|20261009022735|889.18
1791484060|20261009022740|889.19
1791484065|20261009022745|889.22
1791484075|20261009022755|889.27
1791484095|20261009022815|889.36
1791484120|20261009022840|889.42
1791484125|20261009022845|889.55
1791484130|20261009022850|889.49
1791484135|20261009022855|889.52
1791484150|20261009022910|889.33
1791484155|20261009022915|889.38
1791484160|20261009022920|889.36
1791484165|20261009022925|889.32
1791484175|20261009022935|889.29
1791484200|20261009023000|889.26
1791484205|20261009023005|889.24
1791484210|20261009023010|889.24
1791484215|20261009023015|889.17
1791484220|20261009023020|888.98
1791484225|20261009023025|888.91
1791484235|20261009023035|888.99
1791484240|20261009023040|888.96
1791484245|20261009023045|888.87
1791484250|20261009023050|888.82
1791484265|20261009023105|888.71
1791484270|20261009023110|888.77
1791484275|20261009023115|888.78
1791484295|20261009023135|888.74
1791484300|20261009023140|888.74
1791484305|20261009023145|888.75
1791484310|20261009023150|888.72
1791484340|20261009023220|888.58
1791484345|20261009023225|888.61
1791484360|20261009023240|888.58
1791484365|20261009023245|888.63
1791484370|20261009023250|888.73
1791484375|20261009023255|888.84
1791484390|20261009023310|888.71
1791484395|20261009023315|888.72
1791484400|20261009023320|888.62
1791484405|20261009023325|888.60
1791484415|20261009023335|888.61
1791484420|20261009023340|888.59
1791484425|20261009023345|888.55
1791484430|20261009023350|888.50
1791484445|20261009023405|888.43
1791484450|20261009023410|888.44
1791484455|20261009023415|888.32
1791484505|20261009023505|888.51
1791484510|20261009023510|888.48
1791484515|20261009023515|888.54
1791484520|20261009023520|888.51
1791484525|20261009023525|888.62
1791484535|20261009023535|888.48
1791484540|20261009023540|888.43
1791484545|20261009023545|888.53
1791484550|20261009023550|888.54
1791484555|20261009023555|888.45
1791484570|20261009023610|888.40
1791484575|20261009023615|888.42
1791484580|20261009023620|888.44
1791484585|20261009023625|888.47
1791484595|20261009023635|888.53
1791484600|20261009023640|888.51
1791484605|20261009023645|888.53
1791484610|20261009023650|888.52
1791484625|20261009023705|888.51
1791484630|20261009023710|888.54
1791484640|20261009023720|888.52
1791484645|20261009023725|888.61
1791484660|20261009023740|888.66
1791484665|20261009023745|888.68
1791484670|20261009023750|888.67
1791484690|20261009023810|888.65
1791484700|20261009023820|888.64
1791484720|20261009023840|888.62
1791484725|20261009023845|888.63
1791484730|20261009023850|888.68
1791484750|20261009023910|888.62
1791484755|20261009023915|888.62
1791484760|20261009023920|888.68
1791484765|20261009023925|888.71
1791484805|20261009024005|888.91
1791484810|20261009024010|888.99
1791484815|20261009024015|889.03
1791484820|20261009024020|889.00
1791484835|20261009024035|888.97
1791484840|20261009024040|888.92
1791484845|20261009024045|888.91
1791484850|20261009024050|888.87
1791484855|20261009024055|888.77
1791484865|20261009024105|888.78
1791484870|20261009024110|888.83
1791484875|20261009024115|888.79
1791484880|20261009024120|888.79
1791484905|20261009024145|888.84
1791484915|20261009024155|888.81
1791484925|20261009024205|888.80
1791484930|20261009024210|888.81
1791484935|20261009024215|888.82
1791484945|20261009024225|888.70
1791484965|20261009024245|888.69
1791484970|20261009024250|888.71
1791484985|20261009024305|888.69
1791484990|20261009024310|888.66
1791484995|20261009024315|888.70
1791485005|20261009024325|888.77
1791485020|20261009024340|888.73
1791485025|20261009024345|888.72
1791485030|20261009024350|888.71
1791485045|20261009024405|888.83
1791485050|20261009024410|888.88
1791485060|20261009024420|888.85
1791485105|20261009024505|889.13
1791485110|20261009024510|889.14
1791485115|20261009024515|889.10
1791485125|20261009024525|889.14
1791485140|20261009024540|889.13
1791485145|20261009024545|889.19
1791485150|20261009024550|889.12
1791485155|20261009024555|889.04
1791485165|20261009024605|888.94
1791485170|20261009024610|888.95
1791485180|20261009024620|889.00
1791485185|20261009024625|889.00
1791485195|20261009024635|888.92
1791485210|20261009024650|889.05
1791485215|20261009024655|889.13
1791485225|20261009024705|889.17
1791485240|20261009024720|889.40
1791485245|20261009024725|889.38
1791485255|20261009024735|889.37
1791485260|20261009024740|889.33
1791485265|20261009024745|889.22
1791485275|20261009024755|889.12
1791485290|20261009024810|888.90
1791485295|20261009024815|889.05
1791485300|20261009024820|889.15
1791485305|20261009024825|889.14
1791485315|20261009024835|889.01
1791485320|20261009024840|889.03
1791485325|20261009024845|889.07
1791485335|20261009024855|889.09
1791485350|20261009024910|889.06
1791485355|20261009024915|889.01
1791485365|20261009024925|889.01
1791485405|20261009025005|889.14
1791485410|20261009025010|889.12
1791485415|20261009025015|889.18
1791485420|20261009025020|889.30
1791485425|20261009025025|889.37
1791485435|20261009025035|889.31
1791485445|20261009025045|889.31
1791485450|20261009025050|889.38
1791485455|20261009025055|889.36
1791485465|20261009025105|889.34
1791485470|20261009025110|889.35
1791485475|20261009025115|889.38
1791485495|20261009025135|889.37
1791485500|20261009025140|889.34
1791485505|20261009025145|889.35
1791485510|20261009025150|889.34
1791485515|20261009025155|889.35
1791485525|20261009025205|889.33
1791485530|20261009025210|889.30
1791485535|20261009025215|889.27
1791485540|20261009025220|889.32
1791485545|20261009025225|889.30
1791485555|20261009025235|889.34
1791485560|20261009025240|889.40
1791485565|20261009025245|889.43
1791485570|20261009025250|889.39
1791485575|20261009025255|889.38
1791485585|20261009025305|889.37
1791485590|20261009025310|889.34
1791485600|20261009025320|889.29
1791485605|20261009025325|889.31
1791485615|20261009025335|889.33
1791485620|20261009025340|889.31
1791485630|20261009025350|889.36
1791485635|20261009025355|889.35
1791485650|20261009025410|889.46
1791485660|20261009025420|889.46
1791485665|20261009025425|889.48
1791485700|20261009025500|889.55
1791485705|20261009025505|889.56
1791485715|20261009025515|889.57
1791485720|20261009025520|889.59
1791485740|20261009025540|889.57
1791485745|20261009025545|889.53
1791485750|20261009025550|889.55
1791485770|20261009025610|889.49
1791485775|20261009025615|889.50
1791485780|20261009025620|889.48
1791485785|20261009025625|889.59
1791485795|20261009025635|889.60
1791485800|20261009025640|889.59
1791485805|20261009025645|889.56
1791485810|20261009025650|889.55
1791485815|20261009025655|889.56
1791485825|20261009025705|889.53
1791485830|20261009025710|889.47
1791485835|20261009025715|889.48
1791485855|20261009025735|889.54
1791485860|20261009025740|889.62
1791485865|20261009025745|889.58
1791485870|20261009025750|889.60
1791485875|20261009025755|889.61
1791485885|20261009025805|889.64
1791485890|20261009025810|889.62
1791485895|20261009025815|889.57
1791485905|20261009025825|889.55
1791485920|20261009025840|889.51
1791485925|20261009025845|889.54
1791485930|20261009025850|889.66
1791485935|20261009025855|889.63
1791485945|20261009025905|889.66
1791485950|20261009025910|889.64
1791485955|20261009025915|889.56
1791485965|20261009025925|889.59
1791486000|20261009030000|889.49
1791486005|20261009030005|889.53
1791486010|20261009030010|889.48
1791486015|20261009030015|889.76
1791486020|20261009030020|889.79
1791486025|20261009030025|889.86
1791486035|20261009030035|889.70
1791486040|20261009030040|889.79
1791486045|20261009030045|889.76
1791486050|20261009030050|889.85
1791486055|20261009030055|889.83
1791486065|20261009030105|889.85
1791486070|20261009030110|889.84
1791486075|20261009030115|889.84
1791486080|20261009030120|889.82
1791486085|20261009030125|889.84
1791486095|20261009030135|889.88
1791486105|20261009030145|890.05
1791486110|20261009030150|890.03
1791486115|20261009030155|889.97
1791486125|20261009030205|890.00
1791486130|20261009030210|889.98
1791486135|20261009030215|889.97
1791486140|20261009030220|889.94
1791486155|20261009030235|889.74
1791486165|20261009030245|889.61
1791486185|20261009030305|889.59
1791486195|20261009030315|889.49
1791486200|20261009030320|889.49
1791486205|20261009030325|889.47
1791486215|20261009030335|889.51
1791486220|20261009030340|889.61
1791486230|20261009030350|889.62
1791486235|20261009030355|889.62
1791486250|20261009030410|889.62
1791486255|20261009030415|889.66
1791486260|20261009030420|889.69
1791486265|20261009030425|889.69
1791486305|20261009030505|889.83
1791486315|20261009030515|889.80
1791486320|20261009030520|889.80
1791486325|20261009030525|889.84
1791486335|20261009030535|889.80
1791486340|20261009030540|889.90
1791486345|20261009030545|889.90
1791486350|20261009030550|889.91
1791486365|20261009030605|890.06
1791486375|20261009030615|890.04
1791486380|20261009030620|890.08
1791486395|20261009030635|890.02
1791486400|20261009030640|890.01
1791486405|20261009030645|889.98
1791486410|20261009030650|890.00
1791486425|20261009030705|889.87
1791486430|20261009030710|889.83
1791486435|20261009030715|889.83
1791486440|20261009030720|889.74
1791486445|20261009030725|889.74
1791486455|20261009030735|889.75
1791486465|20261009030745|889.70
1791486470|20261009030750|889.70
1791486475|20261009030755|889.76
1791486485|20261009030805|889.78
1791486490|20261009030810|889.89
1791486495|20261009030815|889.90
1791486500|20261009030820|889.92
1791486505|20261009030825|889.92
1791486515|20261009030835|889.87
1791486520|20261009030840|889.91
1791486525|20261009030845|889.89
1791486545|20261009030905|889.96
1791486550|20261009030910|889.98
1791486555|20261009030915|889.97
1791486560|20261009030920|889.98
1791486565|20261009030925|889.99
1791486605|20261009031005|889.89
1791486610|20261009031010|889.90
1791486615|20261009031015|889.96
1791486625|20261009031025|889.99
1791486635|20261009031035|889.98
1791486640|20261009031040|889.97
1791486645|20261009031045|889.98
1791486650|20261009031050|889.93
1791486655|20261009031055|889.96
1791486665|20261009031105|889.92
1791486670|20261009031110|890.00
1791486675|20261009031115|890.01
1791486680|20261009031120|890.02
1791486685|20261009031125|889.96
1791486695|20261009031135|889.96
1791486700|20261009031140|889.93
1791486705|20261009031145|889.98
1791486710|20261009031150|889.93
1791486715|20261009031155|890.00
1791486725|20261009031205|889.97
1791486730|20261009031210|890.00
1791486735|20261009031215|890.07
1791486740|20261009031220|890.04
1791486745|20261009031225|890.00
1791486755|20261009031235|890.00
1791486770|20261009031250|890.04
1791486785|20261009031305|889.91
1791486790|20261009031310|889.94
1791486800|20261009031320|890.00
1791486805|20261009031325|890.06
1791486815|20261009031335|890.02
1791486820|20261009031340|890.03
1791486825|20261009031345|890.08
1791486830|20261009031350|890.17
1791486835|20261009031355|890.22
1791486845|20261009031405|890.24
1791486855|20261009031415|890.17
1791486860|20261009031420|890.16
1791486865|20261009031425|890.18
1791486905|20261009031505|890.15
1791486910|20261009031510|890.14
1791486915|20261009031515|890.14
1791486925|20261009031525|890.01
1791486940|20261009031540|889.88
1791486945|20261009031545|889.69
1791486950|20261009031550|889.67
1791486955|20261009031555|889.70
1791486975|20261009031615|889.84
1791486980|20261009031620|889.87
1791487005|20261009031645|889.72
1791487010|20261009031650|889.83
1791487015|20261009031655|889.82
1791487030|20261009031710|889.77
1791487035|20261009031715|889.81
1791487040|20261009031720|889.80
1791487045|20261009031725|889.82
1791487055|20261009031735|889.83
1791487060|20261009031740|889.85
1791487065|20261009031745|889.86
1791487070|20261009031750|889.82
1791487085|20261009031805|889.75
1791487090|20261009031810|889.72
1791487095|20261009031815|889.73
1791487100|20261009031820|889.76
1791487105|20261009031825|889.68
1791487115|20261009031835|889.66
1791487120|20261009031840|889.69
1791487135|20261009031855|889.78
1791487150|20261009031910|889.75
1791487155|20261009031915|889.70
1791487160|20261009031920|889.72
1791487165|20261009031925|889.75
1791487200|20261009032000|889.83
1791487205|20261009032005|889.90
1791487210|20261009032010|889.95
1791487215|20261009032015|889.93
1791487220|20261009032020|889.95
1791487225|20261009032025|889.85
1791487240|20261009032040|889.69
1791487245|20261009032045|889.69
1791487265|20261009032105|889.71
1791487270|20261009032110|889.80
1791487280|20261009032120|889.82
1791487295|20261009032135|889.87
1791487305|20261009032145|889.82
1791487325|20261009032205|889.73
1791487330|20261009032210|889.77
1791487335|20261009032215|889.73
1791487340|20261009032220|889.76
1791487345|20261009032225|889.75
1791487355|20261009032235|889.75
1791487365|20261009032245|889.78
1791487370|20261009032250|889.80
1791487385|20261009032305|889.93
1791487390|20261009032310|889.95
1791487395|20261009032315|889.96
1791487400|20261009032320|889.97
1791487405|20261009032325|890.07
1791487420|20261009032340|890.16
1791487425|20261009032345|890.16
1791487445|20261009032405|890.20
1791487450|20261009032410|890.25
1791487455|20261009032415|890.37
1791487460|20261009032420|890.37
1791487465|20261009032425|890.39
1791487505|20261009032505|890.23
1791487510|20261009032510|890.21
1791487515|20261009032515|890.26
1791487520|20261009032520|890.20
1791487535|20261009032535|890.20
1791487540|20261009032540|890.18
1791487545|20261009032545|890.15
1791487550|20261009032550|890.17
1791487565|20261009032605|890.23
1791487570|20261009032610|890.22
1791487575|20261009032615|890.23
1791487580|20261009032620|890.25
1791487585|20261009032625|890.30
1791487600|20261009032640|890.34
1791487605|20261009032645|890.34
1791487625|20261009032705|890.29
1791487635|20261009032715|890.56
1791487640|20261009032720|890.52
1791487645|20261009032725|890.53
1791487655|20261009032735|890.62
1791487660|20261009032740|890.64
1791487665|20261009032745|890.60
1791487675|20261009032755|890.44
1791487685|20261009032805|890.59
1791487690|20261009032810|890.57
1791487700|20261009032820|890.53
1791487715|20261009032835|890.60
1791487720|20261009032840|890.41
1791487725|20261009032845|890.48
1791487730|20261009032850|890.45
1791487745|20261009032905|890.55
1791487750|20261009032910|890.51
1791487755|20261009032915|890.53
1791487760|20261009032920|890.52
1791487765|20261009032925|890.49
1791487800|20261009033000|890.15
1791487805|20261009033005|890.16
1791487810|20261009033010|890.07
1791487815|20261009033015|890.07
1791487820|20261009033020|890.09
1791487825|20261009033025|890.08
1791487845|20261009033045|890.11
1791487855|20261009033055|890.02
1791487865|20261009033105|889.97
1791487870|20261009033110|890.19
1791487880|20261009033120|890.24
1791487885|20261009033125|890.17
1791487895|20261009033135|890.29
1791487900|20261009033140|890.36
1791487905|20261009033145|890.35
1791487915|20261009033155|890.26
1791487935|20261009033215|890.20
1791487940|20261009033220|890.17
1791487945|20261009033225|890.15
1791487955|20261009033235|890.11
1791487960|20261009033240|890.08
1791487970|20261009033250|890.16
1791487975|20261009033255|890.19
1791487990|20261009033310|890.11
1791487995|20261009033315|890.12
1791488000|20261009033320|890.19
1791488005|20261009033325|890.19
1791488020|20261009033340|890.26
1791488025|20261009033345|890.30
1791488030|20261009033350|890.28
1791488050|20261009033410|890.24
1791488055|20261009033415|890.30
1791488060|20261009033420|890.32
1791488065|20261009033425|890.27
1791488075|20261009033435|890.25
1791488110|20261009033510|890.22
1791488115|20261009033515|890.18
1791488120|20261009033520|890.14
1791488125|20261009033525|890.08
1791488145|20261009033545|890.14
1791488150|20261009033550|890.15
1791488155|20261009033555|890.16
1791488165|20261009033605|890.10
1791488170|20261009033610|890.11
1791488175|20261009033615|890.13
1791488180|20261009033620|890.13
1791488185|20261009033625|890.12
1791488195|20261009033635|890.07
1791488200|20261009033640|890.08
1791488230|20261009033710|890.01
1791488235|20261009033715|890.08
1791488240|20261009033720|890.08
1791488245|20261009033725|890.10
1791488265|20261009033745|890.23
1791488270|20261009033750|890.22
1791488275|20261009033755|890.20
1791488300|20261009033820|890.17
1791488320|20261009033840|890.45
1791488325|20261009033845|890.52
1791488365|20261009033925|890.79
1791488410|20261009034010|890.87
1791488415|20261009034015|890.82
1791488420|20261009034020|890.80
1791488435|20261009034035|890.69
1791488450|20261009034050|890.80
1791488455|20261009034055|890.81
1791488475|20261009034115|890.82
1791488480|20261009034120|890.90
1791488485|20261009034125|890.90
1791488495|20261009034135|890.86
1791488500|20261009034140|890.91
1791488505|20261009034145|891.00
1791488510|20261009034150|890.98
1791488515|20261009034155|891.01
1791488525|20261009034205|890.93
1791488530|20261009034210|890.95
1791488535|20261009034215|890.96
1791488540|20261009034220|890.88
1791488545|20261009034225|890.93
1791488560|20261009034240|890.90
1791488565|20261009034245|890.92
1791488575|20261009034255|890.94
1791488585|20261009034305|890.95
1791488590|20261009034310|890.85
1791488595|20261009034315|890.85
1791488600|20261009034320|890.79
1791488605|20261009034325|890.79
1791488615|20261009034335|890.64
1791488635|20261009034355|890.49
1791488645|20261009034405|890.44
1791488650|20261009034410|890.41
1791488655|20261009034415|890.32
1791488660|20261009034420|890.33
1791488665|20261009034425|890.32
1791488705|20261009034505|890.11
1791488715|20261009034515|890.17
1791488720|20261009034520|890.15
1791488725|20261009034525|890.16
1791488735|20261009034535|890.10
1791488740|20261009034540|890.09
1791488745|20261009034545|890.09
1791488750|20261009034550|890.11
1791488770|20261009034610|890.10
1791488780|20261009034620|890.15
1791488785|20261009034625|890.03
1791488795|20261009034635|889.99
1791488805|20261009034645|889.84
1791488815|20261009034655|889.76
1791488825|20261009034705|889.77
1791488830|20261009034710|889.78
1791488835|20261009034715|889.79
1791488845|20261009034725|889.81
1791488855|20261009034735|889.83
1791488865|20261009034745|889.88
1791488870|20261009034750|889.89
1791488875|20261009034755|889.87
1791488885|20261009034805|889.90
1791488895|20261009034815|889.85
1791488900|20261009034820|889.90
1791488905|20261009034825|889.88
1791488915|20261009034835|889.93
1791488920|20261009034840|889.91
1791488925|20261009034845|889.94
1791488930|20261009034850|889.92
1791488945|20261009034905|889.95
1791488950|20261009034910|889.98
1791488955|20261009034915|889.91
1791488960|20261009034920|889.86
1791488965|20261009034925|889.93
1791489005|20261009035005|889.93
1791489010|20261009035010|890.03
1791489015|20261009035015|889.95
1791489020|20261009035020|889.95
1791489025|20261009035025|890.04
1791489035|20261009035035|890.03
1791489045|20261009035045|890.02
1791489075|20261009035115|890.05
1791489085|20261009035125|890.02
1791489095|20261009035135|890.06
1791489100|20261009035140|889.95
1791489105|20261009035145|889.98
1791489110|20261009035150|889.96
1791489115|20261009035155|890.04
1791489125|20261009035205|890.24
1791489130|20261009035210|890.14
1791489135|20261009035215|890.14
1791489155|20261009035235|890.11
1791489165|20261009035245|890.19
1791489170|20261009035250|890.18
1791489175|20261009035255|890.20
1791489185|20261009035305|890.22
1791489195|20261009035315|890.13
1791489200|20261009035320|890.19
1791489205|20261009035325|890.15
1791489220|20261009035340|890.13
1791489225|20261009035345|890.17
1791489230|20261009035350|890.19
1791489250|20261009035410|890.15
1791489255|20261009035415|890.14
1791489265|20261009035425|890.09
1791489275|20261009035435|890.15
1791489305|20261009035505|890.30
1791489310|20261009035510|890.44
1791489320|20261009035520|890.40
1791489325|20261009035525|890.47
1791489335|20261009035535|890.48
1791489340|20261009035540|890.44
1791489345|20261009035545|890.43
1791489350|20261009035550|890.29
1791489365|20261009035605|890.30
1791489370|20261009035610|890.30
1791489375|20261009035615|890.33
1791489385|20261009035625|890.41
1791489395|20261009035635|890.44
1791489405|20261009035645|890.30
1791489425|20261009035705|890.34
1791489430|20261009035710|890.36
1791489435|20261009035715|890.35
1791489440|20261009035720|890.32
1791489445|20261009035725|890.28
1791489455|20261009035735|890.25
1791489460|20261009035740|890.28
1791489465|20261009035745|890.29
1791489470|20261009035750|890.37
1791489495|20261009035815|890.43
1791489500|20261009035820|890.44
1791489505|20261009035825|890.39
1791489515|20261009035835|890.49
1791489520|20261009035840|890.49
1791489525|20261009035845|890.53
1791489530|20261009035850|890.54
1791489535|20261009035855|890.55
1791489545|20261009035905|890.58
1791489555|20261009035915|890.56
1791489565|20261009035925|890.52
1791489600|20261009040000|890.77
1791489605|20261009040005|890.78
1791489610|20261009040010|890.83
1791489615|20261009040015|890.88
1791489620|20261009040020|890.82
1791489625|20261009040025|890.82
1791489665|20261009040105|890.66
1791489670|20261009040110|890.66
1791489675|20261009040115|890.71
1791489685|20261009040125|890.67
1791489695|20261009040135|890.76
1791489700|20261009040140|890.73
1791489705|20261009040145|890.72
1791489710|20261009040150|890.75
1791489715|20261009040155|890.74
1791489725|20261009040205|890.74
1791489730|20261009040210|890.66
1791489735|20261009040215|890.60
1791489740|20261009040220|890.58
1791489745|20261009040225|890.63
1791489755|20261009040235|890.60
1791489760|20261009040240|890.62
1791489765|20261009040245|890.71
1791489785|20261009040305|890.68
1791489800|20261009040320|890.74
1791489805|20261009040325|890.71
1791489815|20261009040335|890.76
1791489825|20261009040345|890.73
1791489850|20261009040410|890.81
1791489855|20261009040415|890.82
1791489860|20261009040420|890.82
1791489865|20261009040425|890.83
1791489905|20261009040505|890.94
1791489915|20261009040515|891.04
1791489920|20261009040520|891.13
1791489925|20261009040525|891.14
1791489945|20261009040545|891.13
1791489975|20261009040615|891.07
1791489980|20261009040620|891.04
1791489985|20261009040625|891.04
1791489995|20261009040635|891.07
1791490000|20261009040640|891.10
1791490005|20261009040645|891.14
1791490015|20261009040655|891.12
1791490035|20261009040715|891.05
1791490040|20261009040720|891.07
1791490045|20261009040725|891.02
1791490070|20261009040750|891.14
1791490075|20261009040755|891.10
1791490085|20261009040805|891.23
1791490095|20261009040815|891.20
1791490105|20261009040825|891.22
1791490115|20261009040835|891.26
1791490130|20261009040850|891.31
1791490135|20261009040855|891.28
1791490140|20261009040900|891.21
1791490145|20261009040905|891.00
1791490150|20261009040910|891.01
1791490155|20261009040915|891.00
1791490160|20261009040920|891.02
1791490165|20261009040925|891.07
1791490200|20261009041000|891.15
1791490205|20261009041005|891.13
1791490210|20261009041010|891.16
1791490215|20261009041015|891.17
1791490225|20261009041025|891.15
1791490245|20261009041045|891.14
1791490265|20261009041105|891.17
1791490270|20261009041110|891.16
1791490275|20261009041115|891.19
1791490280|20261009041120|891.21
1791490285|20261009041125|891.30
1791490295|20261009041135|891.30
1791490300|20261009041140|891.30
1791490305|20261009041145|891.24
1791490310|20261009041150|891.27
1791490315|20261009041155|891.24
1791490325|20261009041205|891.15
1791490330|20261009041210|891.15
1791490335|20261009041215|891.16
1791490345|20261009041225|891.13
1791490355|20261009041235|891.14
1791490365|20261009041245|891.16
1791490375|20261009041255|891.18
1791490385|20261009041305|891.19
1791490390|20261009041310|891.19
1791490395|20261009041315|891.18
1791490400|20261009041320|891.13
1791490405|20261009041325|891.09
1791490415|20261009041335|891.12
1791490420|20261009041340|891.15
1791490425|20261009041345|891.16
1791490430|20261009041350|891.17
1791490435|20261009041355|891.17
1791490445|20261009041405|891.14
1791490450|20261009041410|891.13
1791490455|20261009041415|891.06
1791490465|20261009041425|891.09
1791490515|20261009041515|891.12
1791490520|20261009041520|891.14
1791490525|20261009041525|891.12
1791490535|20261009041535|891.10
1791490540|20261009041540|891.14
1791490550|20261009041550|891.18
1791490555|20261009041555|891.18
1791490565|20261009041605|891.18
1791490575|20261009041615|891.22
1791490580|20261009041620|891.25
1791490585|20261009041625|891.27
1791490595|20261009041635|891.35
1791490605|20261009041645|891.33
1791490610|20261009041650|891.37
1791490615|20261009041655|891.32
1791490625|20261009041705|891.31
1791490630|20261009041710|891.28
1791490635|20261009041715|891.28
1791490640|20261009041720|891.28
1791490645|20261009041725|891.29
1791490655|20261009041735|891.27
1791490665|20261009041745|891.33
1791490670|20261009041750|891.33
1791490675|20261009041755|891.33
1791490690|20261009041810|891.38
1791490695|20261009041815|891.41
1791490700|20261009041820|891.46
1791490715|20261009041835|891.46
1791490720|20261009041840|891.47
1791490725|20261009041845|891.45
1791490730|20261009041850|891.48
1791490735|20261009041855|891.48
1791490745|20261009041905|891.44
1791490750|20261009041910|891.30
1791490755|20261009041915|891.40
1791490800|20261009042000|891.33
1791490815|20261009042015|891.37
1791490825|20261009042025|891.42
1791490835|20261009042035|891.43
1791490845|20261009042045|891.44
1791490855|20261009042055|891.42
1791490865|20261009042105|891.46
1791490870|20261009042110|891.47
1791490875|20261009042115|891.46
1791490880|20261009042120|891.46
1791490885|20261009042125|891.45
1791490895|20261009042135|891.47
1791490910|20261009042150|891.48
1791490925|20261009042205|891.44
1791490930|20261009042210|891.48
1791490935|20261009042215|891.49
1791490940|20261009042220|891.50
1791490945|20261009042225|891.43
1791490955|20261009042235|891.46
1791490960|20261009042240|891.45
1791490970|20261009042250|891.41
1791490975|20261009042255|891.41
1791490985|20261009042305|891.41
1791490990|20261009042310|891.42
1791490995|20261009042315|891.42
1791491000|20261009042320|891.29
1791491005|20261009042325|891.29
1791491015|20261009042335|891.34
1791491020|20261009042340|891.33
1791491025|20261009042345|891.36
1791491035|20261009042355|891.36
1791491045|20261009042405|891.32
1791491050|20261009042410|891.35
1791491055|20261009042415|891.27
1791491060|20261009042420|891.27
1791491065|20261009042425|891.27
1791491105|20261009042505|891.28
1791491110|20261009042510|891.29
1791491125|20261009042525|891.29
1791491135|20261009042535|891.26
1791491150|20261009042550|891.25
1791491155|20261009042555|891.27
1791491165|20261009042605|891.29
1791491180|20261009042620|891.22
1791491185|20261009042625|891.24
1791491195|20261009042635|891.21
1791491200|20261009042640|891.11
1791491205|20261009042645|891.13
1791491210|20261009042650|891.16
1791491230|20261009042710|891.19
1791491235|20261009042715|891.23
1791491240|20261009042720|891.20
1791491245|20261009042725|891.22
1791491255|20261009042735|891.21
1791491275|20261009042755|891.15
1791491285|20261009042805|891.30
1791491290|20261009042810|891.32
1791491295|20261009042815|891.29
1791491300|20261009042820|891.31
1791491305|20261009042825|891.30
1791491315|20261009042835|891.31
1791491320|20261009042840|891.32
1791491325|20261009042845|891.38
1791491345|20261009042905|891.18
1791491355|20261009042915|891.12
1791491365|20261009042925|891.12
1791491400|20261009043000|891.02
1791491405|20261009043005|891.05
1791491420|20261009043020|891.08
1791491440|20261009043040|891.08
1791491445|20261009043045|891.08
1791491465|20261009043105|891.11
1791491470|20261009043110|891.13
1791491475|20261009043115|891.16
1791491480|20261009043120|891.12
1791491505|20261009043145|891.13
1791491510|20261009043150|891.09
1791491525|20261009043205|891.06
1791491530|20261009043210|891.01
1791491535|20261009043215|891.05
1791491545|20261009043225|891.06
1791491575|20261009043255|891.10
1791491585|20261009043305|891.07
1791491590|20261009043310|891.05
1791491595|20261009043315|891.06
1791491600|20261009043320|891.05
1791491605|20261009043325|891.09
1791491615|20261009043335|891.08
1791491625|20261009043345|891.04
1791491630|20261009043350|891.07
1791491650|20261009043410|891.10
1791491655|20261009043415|890.99
1791491660|20261009043420|891.06
1791491665|20261009043425|891.05
1791491705|20261009043505|891.01
1791491710|20261009043510|891.02
1791491715|20261009043515|891.03
1791491720|20261009043520|891.02
1791491725|20261009043525|891.02
1791491755|20261009043555|891.02
1791491765|20261009043605|890.90
1791491770|20261009043610|890.78
1791491775|20261009043615|890.87
1791491785|20261009043625|891.06
1791491800|20261009043640|891.04
1791491805|20261009043645|891.06
1791491810|20261009043650|891.09
1791491815|20261009043655|891.06
1791491830|20261009043710|891.01
1791491835|20261009043715|891.03
1791491840|20261009043720|891.03
1791491845|20261009043725|891.03
1791491855|20261009043735|890.94
1791491885|20261009043805|890.96
1791491895|20261009043815|890.97
1791491900|20261009043820|891.03
1791491905|20261009043825|891.02
1791491915|20261009043835|891.06
1791491920|20261009043840|891.05
1791491925|20261009043845|891.09
1791491930|20261009043850|891.08
1791491935|20261009043855|891.09
1791491950|20261009043910|891.05
1791491955|20261009043915|891.05
1791491965|20261009043925|891.02
1791492000|20261009044000|890.96
1791492010|20261009044010|890.89
1791492015|20261009044015|890.94
1791492040|20261009044040|890.95
1791492055|20261009044055|891.01
1791492065|20261009044105|890.97
1791492075|20261009044115|890.94
1791492080|20261009044120|890.98
1791492085|20261009044125|890.93
1791492100|20261009044140|890.91
1791492105|20261009044145|890.92
1791492110|20261009044150|890.91
1791492125|20261009044205|890.92
1791492130|20261009044210|890.92
1791492135|20261009044215|890.93
1791492140|20261009044220|890.88
1791492145|20261009044225|890.89
1791492160|20261009044240|890.89
1791492175|20261009044255|890.78
1791492185|20261009044305|890.83
1791492190|20261009044310|890.85
1791492200|20261009044320|890.85
1791492205|20261009044325|890.83
1791492215|20261009044335|890.83
1791492220|20261009044340|890.83
1791492225|20261009044345|890.82
1791492230|20261009044350|890.82
1791492235|20261009044355|890.85
1791492240|20261009044400|890.85
1791492255|20261009044415|890.76
1791492260|20261009044420|890.76
1791492265|20261009044425|890.77
1791492300|20261009044500|890.85
1791492305|20261009044505|890.91
1791492310|20261009044510|890.96
1791492315|20261009044515|890.96
1791492320|20261009044520|890.92
1791492325|20261009044525|890.93
1791492340|20261009044540|890.91
1791492345|20261009044545|890.92
1791492355|20261009044555|890.93
1791492365|20261009044605|890.93
1791492370|20261009044610|890.92
1791492380|20261009044620|890.93
1791492385|20261009044625|890.93
1791492395|20261009044635|890.90
1791492400|20261009044640|890.93
1791492405|20261009044645|890.92
1791492410|20261009044650|890.92
1791492415|20261009044655|890.91
1791492425|20261009044705|890.85
1791492430|20261009044710|890.84
1791492435|20261009044715|890.82
1791492445|20261009044725|890.85
1791492455|20261009044735|890.84
1791492470|20261009044750|890.79
1791492475|20261009044755|890.79
1791492485|20261009044805|890.81
1791492490|20261009044810|890.76
1791492495|20261009044815|890.75
1791492500|20261009044820|890.78
1791492505|20261009044825|890.81
1791492520|20261009044840|890.79
1791492525|20261009044845|890.80
1791492530|20261009044850|890.84
1791492545|20261009044905|890.89
1791492550|20261009044910|890.80
1791492555|20261009044915|890.83
1791492560|20261009044920|890.83
1791492565|20261009044925|890.75
1791492605|20261009045005|890.76
1791492610|20261009045010|890.65
1791492615|20261009045015|890.67
1791492620|20261009045020|890.68
1791492635|20261009045035|890.69
1791492640|20261009045040|890.72
1791492645|20261009045045|890.77
1791492665|20261009045105|890.82
1791492685|20261009045125|890.80
1791492695|20261009045135|890.78
1791492705|20261009045145|890.69
1791492710|20261009045150|890.68
1791492730|20261009045210|890.82
1791492735|20261009045215|890.83
1791492740|20261009045220|890.86
1791492745|20261009045225|890.86
1791492755|20261009045235|890.99
1791492760|20261009045240|890.98
1791492770|20261009045250|890.93
1791492775|20261009045255|890.91
1791492785|20261009045305|890.94
1791492790|20261009045310|890.99
1791492795|20261009045315|890.97
1791492800|20261009045320|890.97
1791492815|20261009045335|890.91
1791492825|20261009045345|890.89
1791492830|20261009045350|890.92
1791492835|20261009045355|890.94
1791492845|20261009045405|890.85
1791492850|20261009045410|890.81
1791492855|20261009045415|890.82
1791492860|20261009045420|890.81
1791492865|20261009045425|890.84
1791492880|20261009045440|890.79
1791492905|20261009045505|890.78
1791492910|20261009045510|890.68
1791492915|20261009045515|890.67
1791492920|20261009045520|890.68
1791492925|20261009045525|890.68
1791492935|20261009045535|890.66
1791492940|20261009045540|890.62
1791492945|20261009045545|890.64
1791492965|20261009045605|890.68
1791492975|20261009045615|890.70
1791492980|20261009045620|890.68
1791492995|20261009045635|890.71
1791493000|20261009045640|890.70
1791493005|20261009045645|890.70
1791493010|20261009045650|890.71
1791493015|20261009045655|890.72
1791493025|20261009045705|890.97
1791493030|20261009045710|890.99
1791493035|20261009045715|891.01
1791493040|20261009045720|890.93
1791493045|20261009045725|890.92
1791493055|20261009045735|890.95
1791493060|20261009045740|890.94
1791493070|20261009045750|890.91
1791493075|20261009045755|890.89
1791493085|20261009045805|890.85
1791493095|20261009045815|890.93
1791493100|20261009045820|890.94
1791493105|20261009045825|890.91
1791493125|20261009045845|890.89
1791493130|20261009045850|890.90
1791493135|20261009045855|890.89
1791493145|20261009045905|890.91
1791493155|20261009045915|890.80
1791493160|20261009045920|890.85
1791496835|20261009060035|891.10
1791496840|20261009060040|891.10
1791496845|20261009060045|891.10
1791496895|20261009060135|891.17
1791496900|20261009060140|891.21
1791496905|20261009060145|891.20
1791496910|20261009060150|891.15
1791496915|20261009060155|891.21
1791496930|20261009060210|891.04
1791496935|20261009060215|890.89
1791496945|20261009060225|890.84
1791496955|20261009060235|890.67
1791496965|20261009060245|890.69
1791496970|20261009060250|890.65
1791496985|20261009060305|890.59
1791496990|20261009060310|890.59
1791496995|20261009060315|890.41
1791497000|20261009060320|890.35
1791497005|20261009060325|890.36
1791497015|20261009060335|890.38
1791497025|20261009060345|890.38
1791497030|20261009060350|890.35
1791497045|20261009060405|890.48
1791497050|20261009060410|890.43
1791497055|20261009060415|890.43
1791497060|20261009060420|890.52
1791497065|20261009060425|890.59
1791497100|20261009060500|890.60
1791497105|20261009060505|890.56
1791497110|20261009060510|890.61
1791497120|20261009060520|890.54
1791497135|20261009060535|890.54
1791497140|20261009060540|890.57
1791497145|20261009060545|890.67
1791497155|20261009060555|890.69
1791497165|20261009060605|890.77
1791497170|20261009060610|890.76
1791497175|20261009060615|890.73
1791497180|20261009060620|890.78
1791497185|20261009060625|890.76
1791497200|20261009060640|890.65
1791497205|20261009060645|890.63
1791497235|20261009060715|890.71
1791497240|20261009060720|890.70
1791497245|20261009060725|890.72
1791497260|20261009060740|890.87
1791497270|20261009060750|890.85
1791497285|20261009060805|890.84
1791497290|20261009060810|890.85
1791497295|20261009060815|890.85
1791497300|20261009060820|890.86
1791497305|20261009060825|890.87
1791497320|20261009060840|890.92
1791497325|20261009060845|890.94
1791497330|20261009060850|890.92
1791497335|20261009060855|890.90
1791497345|20261009060905|891.10
1791497350|20261009060910|891.20
1791497355|20261009060915|891.05
1791497360|20261009060920|891.05
1791497365|20261009060925|891.05
1791497405|20261009061005|891.15
1791497410|20261009061010|891.17
1791497415|20261009061015|891.21
1791497420|20261009061020|891.17
1791497425|20261009061025|891.20
1791497435|20261009061035|891.21
1791497445|20261009061045|891.19
1791497450|20261009061050|891.16
1791497455|20261009061055|891.09
1791497475|20261009061115|891.21
1791497480|20261009061120|891.23
1791497485|20261009061125|891.23
1791497495|20261009061135|891.24
1791497500|20261009061140|891.19
1791497505|20261009061145|891.26
1791497510|20261009061150|891.27
1791497515|20261009061155|891.31
1791497525|20261009061205|891.10
1791497530|20261009061210|891.11
1791497535|20261009061215|891.09
1791497545|20261009061225|891.18
1791497555|20261009061235|891.23
1791497560|20261009061240|891.28
1791497565|20261009061245|891.30
1791497575|20261009061255|891.25
1791497590|20261009061310|891.27
1791497595|20261009061315|891.32
1791497600|20261009061320|891.30
1791497615|20261009061335|891.29
1791497620|20261009061340|891.27
1791497625|20261009061345|891.28
1791497645|20261009061405|891.15
1791497660|20261009061420|891.08
1791497665|20261009061425|891.03
1791497675|20261009061435|890.97
1791497705|20261009061505|890.86
1791497710|20261009061510|890.91
1791497715|20261009061515|890.91
1791497725|20261009061525|891.06
1791497735|20261009061535|891.00
1791497740|20261009061540|891.00
1791497745|20261009061545|891.04
1791497760|20261009061600|890.98
1791497765|20261009061605|890.97
1791497770|20261009061610|890.97
1791497775|20261009061615|891.11
1791497780|20261009061620|891.11
1791497795|20261009061635|891.21
1791497805|20261009061645|891.22
1791497825|20261009061705|891.36
1791497830|20261009061710|891.37
1791497835|20261009061715|891.37
1791497840|20261009061720|891.48
1791497845|20261009061725|891.50
1791497865|20261009061745|891.55
1791497870|20261009061750|891.54
1791497875|20261009061755|891.51
1791497885|20261009061805|891.36
1791497895|20261009061815|891.39
1791497900|20261009061820|891.40
1791497905|20261009061825|891.40
1791497920|20261009061840|891.42
1791497925|20261009061845|891.43
1791497930|20261009061850|891.44
1791497935|20261009061855|891.44
1791497945|20261009061905|891.38
1791497950|20261009061910|891.45
1791497955|20261009061915|891.42
1791498000|20261009062000|891.31
1791498005|20261009062005|891.27
1791498010|20261009062010|891.27
1791498015|20261009062015|891.28
1791498020|20261009062020|891.28
1791498025|20261009062025|891.32
1791498035|20261009062035|891.41
1791498040|20261009062040|891.48
1791498045|20261009062045|891.49
1791498065|20261009062105|891.42
1791498075|20261009062115|891.36
1791498085|20261009062125|891.41
1791498095|20261009062135|891.38
1791498105|20261009062145|891.44
1791498110|20261009062150|891.44
1791498115|20261009062155|891.38
1791498125|20261009062205|891.37
1791498130|20261009062210|891.36
1791498140|20261009062220|891.37
1791498155|20261009062235|891.37
1791498160|20261009062240|891.39
1791498165|20261009062245|891.41
1791498170|20261009062250|891.41
1791498185|20261009062305|891.39
1791498190|20261009062310|891.47
1791498195|20261009062315|891.48
1791498200|20261009062320|891.45
1791498205|20261009062325|891.41
1791498215|20261009062335|891.53
1791498225|20261009062345|891.50
1791498230|20261009062350|891.50
1791498240|20261009062400|891.48
1791498245|20261009062405|891.51
1791498250|20261009062410|891.51
1791498255|20261009062415|891.52
1791498305|20261009062505|891.55
1791498310|20261009062510|891.61
1791498315|20261009062515|891.61
1791498320|20261009062520|891.61
1791498325|20261009062525|891.61
1791498335|20261009062535|891.61
1791498350|20261009062550|891.64
1791498355|20261009062555|891.64
1791498380|20261009062620|891.69
1791498385|20261009062625|891.62
1791498395|20261009062635|891.58
1791498405|20261009062645|891.62
1791498410|20261009062650|891.63
1791498425|20261009062705|891.66
1791498430|20261009062710|891.67
1791498435|20261009062715|891.67
1791498440|20261009062720|891.68
1791498445|20261009062725|891.67
1791498455|20261009062735|891.59
1791498485|20261009062805|891.57
1791498490|20261009062810|891.56
1791498495|20261009062815|891.56
1791498500|20261009062820|891.52
1791498505|20261009062825|891.54
1791498520|20261009062840|891.57
1791498525|20261009062845|891.57
1791498530|20261009062850|891.56
1791498550|20261009062910|891.56
1791498555|20261009062915|891.56
1791498560|20261009062920|891.58
1791498565|20261009062925|891.58
1791498595|20261009062955|891.61
1791498600|20261009063000|891.60
1791498610|20261009063010|891.58
1791498615|20261009063015|891.58
1791498645|20261009063045|891.52
1791498655|20261009063055|891.53
1791498665|20261009063105|891.55
1791498670|20261009063110|891.54
1791498675|20261009063115|891.53
1791498680|20261009063120|891.59
1791498685|20261009063125|891.58
1791498695|20261009063135|891.60
1791498715|20261009063155|891.55
1791498725|20261009063205|891.56
1791498730|20261009063210|891.55
1791498735|20261009063215|891.54
1791498740|20261009063220|891.56
1791498745|20261009063225|891.64
1791498775|20261009063255|891.59
1791498785|20261009063305|891.61
1791498790|20261009063310|891.62
1791498800|20261009063320|891.66
1791498805|20261009063325|891.66
1791498825|20261009063345|891.70
1791498830|20261009063350|891.66
1791498860|20261009063420|891.70
1791498865|20261009063425|891.69
1791498905|20261009063505|891.75
1791498925|20261009063525|891.86
1791498935|20261009063535|891.84
1791498940|20261009063540|891.82
1791498945|20261009063545|891.81
1791499094|20261009063814|891.95
1791499110|20261009063830|891.96
1791499115|20261009063835|891.98
1791499120|20261009063840|892.03
1791499160|20261009063920|891.92
1791499180|20261009063940|891.94
1791499205|20261009064005|891.99
1791499210|20261009064010|892.00
1791499215|20261009064015|892.02
1791499220|20261009064020|892.08
1791499225|20261009064025|892.06
1791499245|20261009064045|892.08
1791499250|20261009064050|892.08
1791499265|20261009064105|892.12
1791499270|20261009064110|892.08
1791499275|20261009064115|892.08
1791499280|20261009064120|892.08
1791499285|20261009064125|892.11
1791499295|20261009064135|892.18
1791499300|20261009064140|892.19
1791499305|20261009064145|892.20
1791499310|20261009064150|892.30
1791499325|20261009064205|892.26
1791499335|20261009064215|892.28
1791499345|20261009064225|892.25
1791499360|20261009064240|892.22
1791499370|20261009064250|892.16
1791499385|20261009064305|892.06
1791499395|20261009064315|892.13
1791499400|20261009064320|892.23
1791499405|20261009064325|892.30
1791499415|20261009064335|892.26
1791499445|20261009064405|892.21
1791499450|20261009064410|892.23
1791499460|20261009064420|892.19
1791499480|20261009064440|892.15
1791499515|20261009064515|892.23
1791499520|20261009064520|892.23
1791499525|20261009064525|892.24
1791499545|20261009064545|892.20
1791499550|20261009064550|892.21
1791499555|20261009064555|892.21
1791499565|20261009064605|892.28
1791499575|20261009064615|892.29
1791499580|20261009064620|892.28
1791499600|20261009064640|892.34
1791499630|20261009064710|892.36
1791499635|20261009064715|892.34
1791499645|20261009064725|892.44
1791499655|20261009064735|892.40
1791499660|20261009064740|892.40
1791499690|20261009064810|892.42
1791499695|20261009064815|892.42
1791499700|20261009064820|892.41
1791499715|20261009064835|892.38
1791499725|20261009064845|892.43
1791499730|20261009064850|892.42
1791499735|20261009064855|892.39
1791499750|20261009064910|892.30
1791499760|20261009064920|892.22
1791499765|20261009064925|892.23
1791499800|20261009065000|892.30
1791499805|20261009065005|892.31
1791499810|20261009065010|892.31
1791499815|20261009065015|892.31
1791499820|20261009065020|892.30
1791499835|20261009065035|892.30
1791499840|20261009065040|892.24
1791499845|20261009065045|892.23
1791499850|20261009065050|892.21
1791499855|20261009065055|892.24
1791499865|20261009065105|892.19
1791499875|20261009065115|892.27
1791499880|20261009065120|892.25
1791499885|20261009065125|892.25
1791499905|20261009065145|892.30
1791499925|20261009065205|892.22
1791499930|20261009065210|892.19
1791499935|20261009065215|892.10
1791499945|20261009065225|892.10
1791499955|20261009065235|892.08
1791499960|20261009065240|892.06
1791499965|20261009065245|891.99
1791499970|20261009065250|891.96
1791499985|20261009065305|891.98
1791499995|20261009065315|891.90
1791500000|20261009065320|891.92
1791500005|20261009065325|891.92
1791500025|20261009065345|891.87
1791500035|20261009065355|891.88
1791500045|20261009065405|891.86
1791500050|20261009065410|891.87
1791500060|20261009065420|891.88
1791500105|20261009065505|891.96
1791500110|20261009065510|891.93
1791500115|20261009065515|891.92
1791500120|20261009065520|891.92
1791500125|20261009065525|891.87
1791500135|20261009065535|892.01
1791500145|20261009065545|891.99
1791500155|20261009065555|892.05
1791500165|20261009065605|892.03
1791500170|20261009065610|891.98
1791500175|20261009065615|891.96
1791500180|20261009065620|891.99
1791500185|20261009065625|891.97
1791500195|20261009065635|892.00
1791500200|20261009065640|892.01
1791500205|20261009065645|892.00
1791500210|20261009065650|892.02
1791500215|20261009065655|892.01
1791500225|20261009065705|892.02
1791500230|20261009065710|892.03
1791500235|20261009065715|892.02
1791500240|20261009065720|892.03
1791500245|20261009065725|892.02
1791500260|20261009065740|892.04
1791500308|20261009065828|891.96
1791500367|20261009065927|891.86
1791500383|20261009065943|891.87
1791500388|20261009065948|891.88
1791500399|20261009065959|891.89
1791500490|20261009070130|891.43
1791500495|20261009070135|891.42
1791500535|20261009070215|891.52
1791500540|20261009070220|891.54
1791500560|20261009070240|891.51
1791500565|20261009070245|891.52
1791500570|20261009070250|891.53
1791500575|20261009070255|891.50
1791500585|20261009070305|891.50
1791500590|20261009070310|891.50
1791500595|20261009070315|891.54
1791500600|20261009070320|891.48
1791500605|20261009070325|891.50
1791500615|20261009070335|891.65
1791500645|20261009070405|891.77
1791500650|20261009070410|892.09
1791500655|20261009070415|892.22
1791500660|20261009070420|892.19
1791500665|20261009070425|892.19
1791500720|20261009070520|892.15
1791500725|20261009070525|892.16
1791500735|20261009070535|892.21
1791500740|20261009070540|892.23
1791500745|20261009070545|892.20
1791500750|20261009070550|892.21
1791500755|20261009070555|892.21
1791500765|20261009070605|892.23
1791500770|20261009070610|892.27
1791500775|20261009070615|892.21
1791500780|20261009070620|892.23
1791500785|20261009070625|892.27
1791500800|20261009070640|892.30
1791500805|20261009070645|892.32
1791500815|20261009070655|892.31
1791500830|20261009070710|892.28
1791500835|20261009070715|892.28
1791500840|20261009070720|892.29
1791500845|20261009070725|892.30
1791500865|20261009070745|892.24
1791500875|20261009070755|892.24
1791500880|20261009070800|892.25
1791500885|20261009070805|892.24
1791500890|20261009070810|892.23
1791500895|20261009070815|892.19
1791500900|20261009070820|892.19
1791500915|20261009070835|892.15
1791500920|20261009070840|892.19
1791500925|20261009070845|892.22
1791500930|20261009070850|892.16
1791500935|20261009070855|892.22
1791500950|20261009070910|892.66
1791500955|20261009070915|892.67
1791501000|20261009071000|892.65
1791501010|20261009071010|892.64
1791501015|20261009071015|892.64
1791501025|20261009071025|892.68
1791501045|20261009071045|892.58
1791501050|20261009071050|892.59
1791501070|20261009071110|892.54
1791501075|20261009071115|892.52
1791501085|20261009071125|892.52
1791501095|20261009071135|892.50
1791501105|20261009071145|892.50
1791501115|20261009071155|892.47
1791501125|20261009071205|892.50
1791501130|20261009071210|892.51
1791501135|20261009071215|892.50
1791501155|20261009071235|892.42
1791501160|20261009071240|892.42
1791501165|20261009071245|892.44
1791501170|20261009071250|892.46
1791501175|20261009071255|892.46
1791501185|20261009071305|892.34
1791501190|20261009071310|892.36
1791501195|20261009071315|892.33
1791501205|20261009071325|892.34
1791501215|20261009071335|892.34
1791501220|20261009071340|892.35
1791501225|20261009071345|892.31
1791501230|20261009071350|892.31
1791501245|20261009071405|892.31
1791501250|20261009071410|892.33
1791501255|20261009071415|892.33
1791501260|20261009071420|892.32
1791501265|20261009071425|892.34
1791501305|20261009071505|892.36
1791501320|20261009071520|892.39
1791501325|20261009071525|892.39
1791501340|20261009071540|892.39
1791501345|20261009071545|892.39
1791501350|20261009071550|892.39
1791501355|20261009071555|892.38
1791501375|20261009071615|892.36
1791501380|20261009071620|892.37
1791501385|20261009071625|892.37
1791501410|20261009071650|892.43
1791501425|20261009071705|892.33
1791501445|20261009071725|892.36
1791501455|20261009071735|892.46
1791501460|20261009071740|892.46
1791501465|20261009071745|892.44
1791501500|20261009071820|892.67
1791501505|20261009071825|892.65
1791501515|20261009071835|892.70
1791501525|20261009071845|892.76
1791501535|20261009071855|892.74
1791501545|20261009071905|892.81
1791501560|20261009071920|892.75
1791501600|20261009072000|892.72
1791501605|20261009072005|892.73
1791501610|20261009072010|892.72
1791501615|20261009072015|892.75
1791501620|20261009072020|892.74
1791501625|20261009072025|892.79
1791501635|20261009072035|892.82
1791501645|20261009072045|892.85
1791501650|20261009072050|893.00
1791501655|20261009072055|893.01
1791501665|20261009072105|893.01
1791501675|20261009072115|893.08
1791501680|20261009072120|893.00
1791501685|20261009072125|893.09
1791501695|20261009072135|893.15
1791501705|20261009072145|893.23
1791501710|20261009072150|893.22
1791501715|20261009072155|893.17
1791501730|20261009072210|893.17
1791501735|20261009072215|893.17
1791501740|20261009072220|893.18
1791501745|20261009072225|893.14
1791501765|20261009072245|893.03
1791501770|20261009072250|893.00
1791501785|20261009072305|892.93
1791501790|20261009072310|892.89
1791501800|20261009072320|892.90
1791501815|20261009072335|892.90
1791501825|20261009072345|892.91
1791501830|20261009072350|892.91
1791501845|20261009072405|892.88
1791501850|20261009072410|892.87
1791501855|20261009072415|892.84
1791501860|20261009072420|892.83
1791501865|20261009072425|892.84
1791501910|20261009072510|893.02
1791501920|20261009072520|893.02
1791501925|20261009072525|892.99
1791501935|20261009072535|892.90
1791501950|20261009072550|892.90
1791501970|20261009072610|892.91
1791501980|20261009072620|892.86
1791502000|20261009072640|892.85
1791502005|20261009072645|892.81
1791502025|20261009072705|892.73
1791502030|20261009072710|892.69
1791502035|20261009072715|892.63
1791502040|20261009072720|892.61
1791502055|20261009072735|892.55
1791502060|20261009072740|892.56
1791502070|20261009072750|892.53
1791502075|20261009072755|892.52
1791502085|20261009072805|892.62
1791502090|20261009072810|892.75
1791502105|20261009072825|892.78
1791502120|20261009072840|892.87
1791502135|20261009072855|892.84
1791502145|20261009072905|892.73
1791502189|20261009072949|892.56
1791502194|20261009072954|892.60
1791502205|20261009073005|892.62
1791502216|20261009073016|892.53
1791502227|20261009073027|892.62
1791502254|20261009073054|892.67
1791502265|20261009073105|893.05
1791502271|20261009073111|892.98
1791502276|20261009073116|892.99
1791502292|20261009073132|892.96
1791502325|20261009073205|892.72
1791502330|20261009073210|892.70
1791502340|20261009073220|892.79
1791502355|20261009073235|892.81
1791502360|20261009073240|892.83
1791502365|20261009073245|892.83
1791502370|20261009073250|892.83
1791502375|20261009073255|892.83
1791502385|20261009073305|892.81
1791502390|20261009073310|892.81
1791502395|20261009073315|892.80
1791502400|20261009073320|892.82
1791502420|20261009073340|892.87
1791502460|20261009073420|892.75
1791502465|20261009073425|892.76
1791502510|20261009073510|892.71
1791502515|20261009073515|892.71
1791502525|20261009073525|892.72
1791502535|20261009073535|892.83
1791502540|20261009073540|892.94
1791502545|20261009073545|892.92
1791502550|20261009073550|892.90
1791502575|20261009073615|892.82
1791502595|20261009073635|892.69
1791502600|20261009073640|892.64
1791502610|20261009073650|892.68
1791502615|20261009073655|892.68
1791502630|20261009073710|892.75
1791502635|20261009073715|892.76
1791502640|20261009073720|892.80
1791502645|20261009073725|892.81
1791502655|20261009073735|892.76
1791502660|20261009073740|892.74
1791502665|20261009073745|892.74
1791502670|20261009073750|892.75
1791502675|20261009073755|892.76
1791502685|20261009073805|892.76
1791502690|20261009073810|892.75
1791502695|20261009073815|892.77
1791502700|20261009073820|892.74
1791502705|20261009073825|892.74
1791502720|20261009073840|892.76
1791502725|20261009073845|892.80
1791502730|20261009073850|892.79
1791502735|20261009073855|892.79
1791502745|20261009073905|892.65
1791502750|20261009073910|892.70
1791502760|20261009073920|892.74
1791502800|20261009074000|892.73
1791502805|20261009074005|892.73
1791502810|20261009074010|892.73
1791502820|20261009074020|892.74
1791502825|20261009074025|892.76
1791502835|20261009074035|892.82
1791502865|20261009074105|892.83
1791502870|20261009074110|892.83
1791502895|20261009074135|892.77
1791502905|20261009074145|892.76
1791502915|20261009074155|892.75
1791502935|20261009074215|892.72
1791502940|20261009074220|892.73
1791502945|20261009074225|892.70
1791502960|20261009074240|892.66
1791502965|20261009074245|892.65
1791502975|20261009074255|892.66
1791502985|20261009074305|892.58
1791503000|20261009074320|892.59
1791503005|20261009074325|892.57
1791503015|20261009074335|892.47
1791503020|20261009074340|892.49
1791503025|20261009074345|892.50
1791503030|20261009074350|892.49
1791503035|20261009074355|892.49
1791503050|20261009074410|892.48
1791503055|20261009074415|892.49
1791503060|20261009074420|892.48
1791503065|20261009074425|892.47
1791503075|20261009074435|892.47
1791503100|20261009074500|892.50
1791503110|20261009074510|892.51
1791503115|20261009074515|892.47
1791503120|20261009074520|892.48
1791503125|20261009074525|892.47
1791503145|20261009074545|892.52
1791503150|20261009074550|892.48
1791503155|20261009074555|892.47
1791503170|20261009074610|892.47
1791503175|20261009074615|892.39
1791503180|20261009074620|892.46
1791503185|20261009074625|892.48
1791503200|20261009074640|892.40
1791503205|20261009074645|892.31
1791503210|20261009074650|892.28
1791503215|20261009074655|892.30
1791503225|20261009074705|892.30
1791503230|20261009074710|892.28
1791503235|20261009074715|892.29
1791503240|20261009074720|892.26
1791503255|20261009074735|892.32
1791503260|20261009074740|892.30
1791503265|20261009074745|892.30
1791503270|20261009074750|892.30
1791503285|20261009074805|892.31
1791503290|20261009074810|892.30
1791503295|20261009074815|892.36
1791503300|20261009074820|892.35
1791503305|20261009074825|892.36
1791503320|20261009074840|892.24
1791503325|20261009074845|892.25
1791503335|20261009074855|892.19
1791503345|20261009074905|892.25
1791503350|20261009074910|892.32
1791503355|20261009074915|892.29
1791503360|20261009074920|892.29
1791503365|20261009074925|892.32
1791503400|20261009075000|892.56
1791503410|20261009075010|892.58
1791503415|20261009075015|892.63
1791503420|20261009075020|892.62
1791503425|20261009075025|892.72
1791503435|20261009075035|892.73
1791503440|20261009075040|892.89
1791503445|20261009075045|892.84
1791503455|20261009075055|892.82
1791503465|20261009075105|892.82
1791503470|20261009075110|892.83
1791503475|20261009075115|892.83
1791503480|20261009075120|892.81
1791503485|20261009075125|892.78
1791503500|20261009075140|892.75
1791503505|20261009075145|892.77
1791503530|20261009075210|892.77
1791503535|20261009075215|892.77
1791503545|20261009075225|892.78
1791503555|20261009075235|892.94
1791503560|20261009075240|892.95
1791503565|20261009075245|892.93
1791503570|20261009075250|892.95
1791503590|20261009075310|893.18
1791503595|20261009075315|893.09
1791503600|20261009075320|892.96
1791503615|20261009075335|893.03
1791503620|20261009075340|893.09
1791503630|20261009075350|893.13
1791503645|20261009075405|893.08
1791503650|20261009075410|893.10
1791503655|20261009075415|893.08
1791503660|20261009075420|893.08
1791503665|20261009075425|893.08
1791503680|20261009075440|893.08
1791503705|20261009075505|893.10
1791503710|20261009075510|893.11
1791503715|20261009075515|893.17
1791503720|20261009075520|893.16
1791503725|20261009075525|893.32
1791503735|20261009075535|893.21
1791503765|20261009075605|893.16
1791503775|20261009075615|892.95
1791503785|20261009075625|892.96
1791503795|20261009075635|892.92
1791503800|20261009075640|892.92
1791503805|20261009075645|892.96
1791503810|20261009075650|892.99
1791503815|20261009075655|892.99
1791503880|20261009075800|893.14
1791503885|20261009075805|893.12
1791503891|20261009075811|893.14
1791503896|20261009075816|893.12
1791503907|20261009075827|893.14
1791503912|20261009075832|893.14
1791503945|20261009075905|893.18
1791503950|20261009075910|893.14
1791503975|20261009075935|893.26
1791504000|20261009080000|893.28
1791504010|20261009080010|893.69
1791504015|20261009080015|893.75
1791504045|20261009080045|894.20
1791504055|20261009080055|894.09
1791504099|20261009080139|894.02
1791504115|20261009080155|894.07
1791504120|20261009080200|894.14
1791504180|20261009080300|893.91
1791504185|20261009080305|893.96
1791504190|20261009080310|894.07
1791504195|20261009080315|894.07
1791504200|20261009080320|894.11
1791504205|20261009080325|894.14
1791504215|20261009080335|894.16
1791504220|20261009080340|894.12
1791504225|20261009080345|894.15
1791504230|20261009080350|894.16
1791504235|20261009080355|894.14
1791504245|20261009080405|894.11
1791504250|20261009080410|894.07
1791504260|20261009080420|894.08
1791504265|20261009080425|894.11
1791504300|20261009080500|894.04
1791504310|20261009080510|894.11
1791504315|20261009080515|894.19
1791504320|20261009080520|894.18
1791504325|20261009080525|894.21
1791504335|20261009080535|894.17
1791504340|20261009080540|894.15
1791504345|20261009080545|894.18
1791504350|20261009080550|894.18
1791504355|20261009080555|894.17
1791504365|20261009080605|894.21
1791504370|20261009080610|894.18
1791504375|20261009080615|894.22
1791504380|20261009080620|894.25
1791504385|20261009080625|894.07
1791504400|20261009080640|894.03
1791504405|20261009080645|893.98
1791504415|20261009080655|894.06
1791504425|20261009080705|894.10
1791504435|20261009080715|894.11
1791504440|20261009080720|894.19
1791504445|20261009080725|894.09
1791504465|20261009080745|894.31
1791504470|20261009080750|894.53
1791504485|20261009080805|894.32
1791504490|20261009080810|894.12
1791504495|20261009080815|894.06
1791504500|20261009080820|894.07
1791504505|20261009080825|894.08
1791504515|20261009080835|893.85
1791504535|20261009080855|893.67
1791504545|20261009080905|893.72
1791504555|20261009080915|893.58
1791504565|20261009080925|893.49
1791504600|20261009081000|893.10
1791504605|20261009081005|893.01
1791504610|20261009081010|893.22
1791504620|20261009081020|893.31
1791504625|20261009081025|893.27
1791504635|20261009081035|893.27
1791504645|20261009081045|893.22
1791504670|20261009081110|893.22
1791504675|20261009081115|893.12
1791504680|20261009081120|893.09
1791504685|20261009081125|893.22
1791504705|20261009081145|893.07
1791504710|20261009081150|893.12
1791504725|20261009081205|893.09
1791504730|20261009081210|893.10
1791504735|20261009081215|893.14
1791504740|20261009081220|893.12
1791504745|20261009081225|893.08
1791504755|20261009081235|893.58
1791504770|20261009081250|893.64
1791504775|20261009081255|893.64
1791504790|20261009081310|893.67
1791504795|20261009081315|893.72
1791504800|20261009081320|893.68
1791504805|20261009081325|893.70
1791504845|20261009081405|893.81
1791504850|20261009081410|893.89
1791504855|20261009081415|893.85
1791504865|20261009081425|893.92
1791504905|20261009081505|893.66
1791504915|20261009081515|893.66
1791504920|20261009081520|893.79
1791504935|20261009081535|893.90
1791504965|20261009081605|893.77
1791504975|20261009081615|893.82
1791504980|20261009081620|893.84
1791504985|20261009081625|893.82
1791504995|20261009081635|893.82
1791505000|20261009081640|893.89
1791505010|20261009081650|894.02
1791505015|20261009081655|894.02
1791505025|20261009081705|894.08
1791505030|20261009081710|894.01
1791505035|20261009081715|894.04
1791505040|20261009081720|894.08
1791505045|20261009081725|894.15
1791505055|20261009081735|894.21
1791505060|20261009081740|894.23
1791505065|20261009081745|894.15
1791505070|20261009081750|894.22
1791505075|20261009081755|894.10
1791505095|20261009081815|894.09
1791505105|20261009081825|894.14
1791505125|20261009081845|894.12
1791505135|20261009081855|894.03
1791505150|20261009081910|894.09
1791505160|20261009081920|894.11
1791505200|20261009082000|894.06
1791505205|20261009082005|894.02
1791505210|20261009082010|894.08
1791505215|20261009082015|894.06
1791505220|20261009082020|894.14
1791505225|20261009082025|894.16
1791505245|20261009082045|894.25
1791505255|20261009082055|894.09
1791505265|20261009082105|894.10
1791505275|20261009082115|893.89
1791505280|20261009082120|893.93
1791505295|20261009082135|893.82
1791505300|20261009082140|893.83
1791505325|20261009082205|893.87
1791505330|20261009082210|893.86
1791505335|20261009082215|893.88
1791505340|20261009082220|893.82
1791505345|20261009082225|893.82
1791505355|20261009082235|893.79
1791505360|20261009082240|893.81
1791505370|20261009082250|893.57
1791505375|20261009082255|893.54
1791505385|20261009082305|893.39
1791505390|20261009082310|893.27
1791505395|20261009082315|893.29
1791505405|20261009082325|893.16
1791505415|20261009082335|893.11
1791505420|20261009082340|893.10
1791505425|20261009082345|893.06
1791505430|20261009082350|893.06
1791505445|20261009082405|892.90
1791505450|20261009082410|892.91
1791505460|20261009082420|892.91
1791505465|20261009082425|892.97
1791505480|20261009082440|892.94
1791505540|20261009082540|892.93
1791505545|20261009082545|892.86
1791505550|20261009082550|892.86
1791505605|20261009082645|892.85
1791505610|20261009082650|892.88
1791505615|20261009082655|892.81
1791505630|20261009082710|892.73
1791505635|20261009082715|892.72
1791505640|20261009082720|892.71
1791505655|20261009082735|892.84
1791505675|20261009082755|892.70
1791505685|20261009082805|892.71
1791505690|20261009082810|892.68
1791505695|20261009082815|892.75
1791505700|20261009082820|892.74
1791505715|20261009082835|892.75
1791505720|20261009082840|892.76
1791505725|20261009082845|892.79
1791505730|20261009082850|892.78
1791505735|20261009082855|892.70
1791505745|20261009082905|892.70
1791505750|20261009082910|893.06
1791505755|20261009082915|892.99
1791505760|20261009082920|893.00
1791505765|20261009082925|893.07
1791505800|20261009083000|893.08
1791505805|20261009083005|893.07
1791505810|20261009083010|893.09
1791505815|20261009083015|893.32
1791505820|20261009083020|893.33
1791505825|20261009083025|893.16
1791505835|20261009083035|893.02
1791505845|20261009083045|893.08
1791505855|20261009083055|893.12
1791505865|20261009083105|893.34
1791505870|20261009083110|893.59
1791505875|20261009083115|893.59
1791505880|20261009083120|893.45
1791505895|20261009083135|893.58
1791505905|20261009083145|893.54
1791505910|20261009083150|893.55
1791505915|20261009083155|893.62
1791505925|20261009083205|893.58
1791505930|20261009083210|893.65
1791505935|20261009083215|893.59
1791505940|20261009083220|893.94
1791505945|20261009083225|893.91
1791505955|20261009083235|893.86
1791505960|20261009083240|893.81
1791505965|20261009083245|893.75
1791505985|20261009083305|893.81
1791505990|20261009083310|893.79
1791505995|20261009083315|893.84
1791506000|20261009083320|893.85
1791506005|20261009083325|893.83
1791506015|20261009083335|893.83
1791506020|20261009083340|893.84
1791506025|20261009083345|893.95
1791506030|20261009083350|893.96
1791506035|20261009083355|893.97
1791506045|20261009083405|894.02
1791506105|20261009083505|894.23
1791506120|20261009083520|894.19
1791506125|20261009083525|894.19
1791506135|20261009083535|894.21
1791506165|20261009083605|894.21
1791506170|20261009083610|894.06
1791506175|20261009083615|894.15
1791506180|20261009083620|894.12
1791506185|20261009083625|894.16
1791506195|20261009083635|894.11
1791506210|20261009083650|894.07
1791506215|20261009083655|894.13
1791506230|20261009083710|894.15
1791506235|20261009083715|894.11
1791506245|20261009083725|894.11
1791506255|20261009083735|894.06
1791506260|20261009083740|894.04
1791506265|20261009083745|894.09
1791506270|20261009083750|894.07
1791506275|20261009083755|894.05
1791506290|20261009083810|894.03
1791506295|20261009083815|894.03
1791506300|20261009083820|894.02
1791506305|20261009083825|894.07
1791506320|20261009083840|893.95
1791506325|20261009083845|893.99
1791506345|20261009083905|894.00
1791506360|20261009083920|893.97
1791506400|20261009084000|893.80
1791506405|20261009084005|893.76
1791506410|20261009084010|893.82
1791506415|20261009084015|893.90
1791506420|20261009084020|893.97
1791506425|20261009084025|893.93
1791506450|20261009084050|894.15
1791506470|20261009084110|894.23
1791506475|20261009084115|894.22
1791506480|20261009084120|894.26
1791506485|20261009084125|894.27
1791506495|20261009084135|894.25
1791506505|20261009084145|894.31
1791506510|20261009084150|894.29
1791506525|20261009084205|894.27
1791506530|20261009084210|894.32
1791506535|20261009084215|894.33
1791506540|20261009084220|894.32
1791506555|20261009084235|894.44
1791506560|20261009084240|894.30
1791506565|20261009084245|894.33
1791506570|20261009084250|894.38
1791506575|20261009084255|894.38
1791506585|20261009084305|894.36
1791506590|20261009084310|894.26
1791506595|20261009084315|894.26
1791506600|20261009084320|894.26
1791506625|20261009084345|894.06
1791506630|20261009084350|894.05
1791506645|20261009084405|893.96
1791506650|20261009084410|893.99
1791506660|20261009084420|893.99
1791506665|20261009084425|893.96
1791506705|20261009084505|894.09
1791506710|20261009084510|894.12
1791506720|20261009084520|894.10
1791506725|20261009084525|894.16
1791506740|20261009084540|894.12
1791506745|20261009084545|894.17
1791506750|20261009084550|894.09
1791506755|20261009084555|894.09
1791506765|20261009084605|894.05
1791506775|20261009084615|893.82
1791506780|20261009084620|893.89
1791506785|20261009084625|893.84
1791506795|20261009084635|893.69
1791506805|20261009084645|893.66
1791506815|20261009084655|893.70
1791506825|20261009084705|893.51
1791506830|20261009084710|893.55
1791506835|20261009084715|893.54
1791506855|20261009084735|893.54
1791506885|20261009084805|893.16
1791506890|20261009084810|893.15
1791506895|20261009084815|893.12
1791506900|20261009084820|893.16
1791506915|20261009084835|893.12
1791506920|20261009084840|893.10
1791506925|20261009084845|893.07
1791506955|20261009084915|893.17
1791506960|20261009084920|893.18
1791506965|20261009084925|893.18
1791507025|20261009085025|893.33
1791507035|20261009085035|893.32
1791507040|20261009085040|893.28
1791507045|20261009085045|893.26
1791507050|20261009085050|893.27
1791507065|20261009085105|893.21
1791507070|20261009085110|893.16
1791507075|20261009085115|893.15
1791507085|20261009085125|893.05
1791507095|20261009085135|892.98
1791507105|20261009085145|892.93
1791507130|20261009085210|892.87
1791507140|20261009085220|892.96
1791507145|20261009085225|893.00
1791507160|20261009085240|892.97
1791507165|20261009085245|893.00
1791507170|20261009085250|893.00
1791507175|20261009085255|893.11
1791507185|20261009085305|893.15
1791507190|20261009085310|893.17
1791507200|20261009085320|893.24
1791507220|20261009085340|893.12
1791507225|20261009085345|893.17
1791507230|20261009085350|893.15
1791507235|20261009085355|893.15
1791507245|20261009085405|893.13
1791507250|20261009085410|893.13
1791507260|20261009085420|893.19
1791507305|20261009085505|893.46
1791507310|20261009085510|893.55
1791507315|20261009085515|893.47
1791507325|20261009085525|893.46
1791507335|20261009085535|893.51
1791507340|20261009085540|893.51
1791507350|20261009085550|893.56
1791507380|20261009085620|893.58
1791507385|20261009085625|893.55
1791507395|20261009085635|893.55
1791507405|20261009085645|893.50
1791507415|20261009085655|893.58
1791507435|20261009085715|893.51
1791507445|20261009085725|893.30
1791507460|20261009085740|893.36
1791507465|20261009085745|893.29
1791507485|20261009085805|893.33
1791507490|20261009085810|893.32
1791507495|20261009085815|893.25
1791507505|20261009085825|893.27
1791507515|20261009085835|893.31
1791507525|20261009085845|893.30
1791507530|20261009085850|893.29
1791507545|20261009085905|893.22
1791507550|20261009085910|893.10
1791507555|20261009085915|893.14
1791507560|20261009085920|893.14
1791507600|20261009090000|893.03
1791507605|20261009090005|893.25
1791507610|20261009090010|893.19
1791507615|20261009090015|893.41
1791507620|20261009090020|893.42
1791507625|20261009090025|893.14
1791507635|20261009090035|893.48
1791507640|20261009090040|893.45
1791507645|20261009090045|893.40
1791507655|20261009090055|893.46
1791507670|20261009090110|893.67
1791507675|20261009090115|893.94
1791507680|20261009090120|893.96
1791507685|20261009090125|894.08
1791507695|20261009090135|893.82
1791507700|20261009090140|893.92
1791507705|20261009090145|893.80
1791507710|20261009090150|893.93
1791507715|20261009090155|893.90
1791507725|20261009090205|894.15
1791507730|20261009090210|894.16
1791507735|20261009090215|894.07
1791507740|20261009090220|893.98
1791507745|20261009090225|893.94
1791507755|20261009090235|893.93
1791507760|20261009090240|894.01
1791507765|20261009090245|894.20
1791507785|20261009090305|894.18
1791507795|20261009090315|894.30
1791507800|20261009090320|894.28
1791507820|20261009090340|893.85
1791507825|20261009090345|893.81
1791507845|20261009090405|894.22
1791507850|20261009090410|894.23
1791507855|20261009090415|894.14
1791507860|20261009090420|894.10
1791507865|20261009090425|893.98
1791507905|20261009090505|894.21
1791507910|20261009090510|894.37
1791507915|20261009090515|894.41
1791507935|20261009090535|894.50
1791507940|20261009090540|894.46
1791507945|20261009090545|894.40
1791507950|20261009090550|894.11
1791507955|20261009090555|894.20
1791507965|20261009090605|894.12
1791507975|20261009090615|893.91
1791507980|20261009090620|893.98
1791507985|20261009090625|894.14
1791508000|20261009090640|894.13
1791508005|20261009090645|894.08
1791508010|20261009090650|894.08
1791508015|20261009090655|894.05
1791508025|20261009090705|893.95
1791508030|20261009090710|893.97
1791508035|20261009090715|894.05
1791508045|20261009090725|894.03
1791508055|20261009090735|894.12
1791508065|20261009090745|894.12
1791508085|20261009090805|894.23
1791508090|20261009090810|894.22
1791508100|20261009090820|894.25
1791508115|20261009090835|894.61
1791508120|20261009090840|894.59
1791508125|20261009090845|894.39
1791508130|20261009090850|894.42
1791508135|20261009090855|894.33
1791508145|20261009090905|894.49
1791508150|20261009090910|894.60
1791508155|20261009090915|894.55
1791508160|20261009090920|894.59
1791508205|20261009091005|894.50
1791508210|20261009091010|894.64
1791508215|20261009091015|894.62
1791508220|20261009091020|894.61
1791508225|20261009091025|894.60
1791508235|20261009091035|894.66
1791508245|20261009091045|894.63
1791508255|20261009091055|894.53
1791508265|20261009091105|894.56
1791508275|20261009091115|894.86
1791508280|20261009091120|894.71
1791508285|20261009091125|894.49
1791508305|20261009091145|894.70
1791508335|20261009091215|895.01
1791508345|20261009091225|895.14
1791508360|20261009091240|895.05
1791508365|20261009091245|895.04
1791508370|20261009091250|895.10
1791508375|20261009091255|895.12
1791508385|20261009091305|895.05
1791508395|20261009091315|894.86
1791508400|20261009091320|894.83
1791508415|20261009091335|895.01
1791508420|20261009091340|895.00
1791508425|20261009091345|895.39
1791508430|20261009091350|895.48
1791508435|20261009091355|895.76
1791508445|20261009091405|895.79
1791508450|20261009091410|895.75
1791508455|20261009091415|895.61
1791508460|20261009091420|895.56
1791508465|20261009091425|895.51
1791508505|20261009091505|895.71
1791508510|20261009091510|895.79
1791508535|20261009091535|896.01
1791508540|20261009091540|896.14
1791508555|20261009091555|895.90
1791508565|20261009091605|895.89
1791508570|20261009091610|895.90
1791508580|20261009091620|895.83
1791508615|20261009091655|895.99
1791508625|20261009091705|896.06
1791508630|20261009091710|896.01
1791508635|20261009091715|896.03
1791508640|20261009091720|896.02
1791508645|20261009091725|895.98
1791508675|20261009091755|895.82
1791508685|20261009091805|895.82
1791508690|20261009091810|895.98
1791508695|20261009091815|895.77
1791508700|20261009091820|895.69
1791508705|20261009091825|895.70
1791508725|20261009091845|895.76
1791508735|20261009091855|895.87
1791508745|20261009091905|895.84
1791508750|20261009091910|895.86
1791508755|20261009091915|895.96
1791508760|20261009091920|895.91
1791508765|20261009091925|895.91
1791508805|20261009092005|895.82
1791508810|20261009092010|895.80
1791508815|20261009092015|895.75
1791508820|20261009092020|895.78
1791508825|20261009092025|895.79
1791508840|20261009092040|895.92
1791508850|20261009092050|895.84
1791508855|20261009092055|895.86
1791508865|20261009092105|895.88
1791508870|20261009092110|895.91
1791508875|20261009092115|895.94
1791508885|20261009092125|895.97
1791508895|20261009092135|895.91
1791508900|20261009092140|895.96
1791508905|20261009092145|895.98
1791508925|20261009092205|896.16
1791508930|20261009092210|896.11
1791508935|20261009092215|896.45
1791508945|20261009092225|896.39
1791508955|20261009092235|896.49
1791508960|20261009092240|896.57
1791508965|20261009092245|896.62
1791508970|20261009092250|896.55
1791508975|20261009092255|896.66
1791508985|20261009092305|896.73
1791508990|20261009092310|896.67
1791508995|20261009092315|896.69
1791509000|20261009092320|896.86
1791509005|20261009092325|896.93
1791509015|20261009092335|897.15
1791509020|20261009092340|897.14
1791509025|20261009092345|897.13
1791509030|20261009092350|897.15
1791509045|20261009092405|896.78
1791509055|20261009092415|896.73
1791509060|20261009092420|896.80
1791509105|20261009092505|896.89
1791509110|20261009092510|896.95
1791509115|20261009092515|896.95
1791509135|20261009092535|896.79
1791509140|20261009092540|896.91
1791509145|20261009092545|897.09
1791509150|20261009092550|897.19
1791509155|20261009092555|897.16
1791509165|20261009092605|897.14
1791509175|20261009092615|897.16
1791509180|20261009092620|897.12
1791509185|20261009092625|897.06
1791509195|20261009092635|896.87
1791509200|20261009092640|896.88
1791509205|20261009092645|897.05
1791509215|20261009092655|897.08
1791509225|20261009092705|897.13
1791509235|20261009092715|897.36
1791509255|20261009092735|897.17
1791509265|20261009092745|897.12
1791509270|20261009092750|896.88
1791509285|20261009092805|897.00
1791509300|20261009092820|897.08
1791509305|20261009092825|897.02
1791509315|20261009092835|897.03
1791509330|20261009092850|897.01
1791509350|20261009092910|897.31
1791509355|20261009092915|897.31
1791509360|20261009092920|897.24
1791509365|20261009092925|897.27
1791509400|20261009093000|896.92
1791509405|20261009093005|897.13
1791509410|20261009093010|896.98
1791509415|20261009093015|897.03
1791509425|20261009093025|897.16
1791509435|20261009093035|897.04
1791509440|20261009093040|896.77
1791509445|20261009093045|896.74
1791509450|20261009093050|896.74
1791509465|20261009093105|896.70
1791509475|20261009093115|896.85
1791509480|20261009093120|896.89
1791509485|20261009093125|896.97
1791509500|20261009093140|896.99
1791509510|20261009093150|896.99
1791509525|20261009093205|896.98
1791509530|20261009093210|897.13
1791509535|20261009093215|897.17
1791509540|20261009093220|897.20
1791509555|20261009093235|897.25
1791509585|20261009093305|897.29
1791509600|20261009093320|897.40
1791509620|20261009093340|897.35
1791509625|20261009093345|897.39
1791509630|20261009093350|897.26
1791509650|20261009093410|897.27
1791509655|20261009093415|897.31
1791509660|20261009093420|897.34
1791509665|20261009093425|897.32
1791509710|20261009093510|897.70
1791509715|20261009093515|897.61
1791509725|20261009093525|897.79
1791509735|20261009093535|897.94
1791509740|20261009093540|897.94
1791509745|20261009093545|897.93
1791509750|20261009093550|897.92
1791509755|20261009093555|898.03
1791509770|20261009093610|898.16
1791509785|20261009093625|898.13
1791509800|20261009093640|898.10
1791509805|20261009093645|898.13
1791509815|20261009093655|898.18
1791509825|20261009093705|898.10
1791509830|20261009093710|898.13
1791509835|20261009093715|898.16
1791509840|20261009093720|898.18
1791509870|20261009093750|898.13
1791509875|20261009093755|898.14
1791509890|20261009093810|898.30
1791509895|20261009093815|898.14
1791509920|20261009093840|897.96
1791509930|20261009093850|897.95
1791509950|20261009093910|897.90
1791509965|20261009093925|898.03
1791510000|20261009094000|898.02
1791510015|20261009094015|898.41
1791510020|20261009094020|898.35
1791510035|20261009094035|898.57
1791510050|20261009094050|898.71
1791510065|20261009094105|898.29
1791510095|20261009094135|898.45
1791510100|20261009094140|898.39
1791510105|20261009094145|898.50
1791510110|20261009094150|898.50
1791510125|20261009094205|899.03
1791510130|20261009094210|898.88
1791510135|20261009094215|898.77
1791510150|20261009094230|898.83
1791510160|20261009094240|898.85
1791510165|20261009094245|898.85
1791510170|20261009094250|898.87
1791510175|20261009094255|898.86
1791510190|20261009094310|898.52
1791510195|20261009094315|898.54
1791510235|20261009094355|898.59
1791510245|20261009094405|898.52
1791510255|20261009094415|898.30
1791510265|20261009094425|898.35
1791510285|20261009094445|898.31
1791510305|20261009094505|898.01
1791510315|20261009094515|898.10
1791510320|20261009094520|898.11
1791510325|20261009094525|898.11
1791510345|20261009094545|898.18
1791510350|20261009094550|898.19
1791510365|20261009094605|898.11
1791510370|20261009094610|898.23
1791510375|20261009094615|898.22
1791510380|20261009094620|898.20
1791510385|20261009094625|898.23
1791510400|20261009094640|898.29
1791510405|20261009094645|898.34
1791510410|20261009094650|898.24
1791510415|20261009094655|898.25
1791510425|20261009094705|898.36
1791510435|20261009094715|898.38
1791510440|20261009094720|898.42
1791510445|20261009094725|898.36
1791510455|20261009094735|898.77
1791510460|20261009094740|898.85
1791510465|20261009094745|898.85
1791510470|20261009094750|898.82
1791510475|20261009094755|898.86
1791510485|20261009094805|898.97
1791510490|20261009094810|898.95
1791510495|20261009094815|898.93
1791510500|20261009094820|899.03
1791510505|20261009094825|899.00
1791510515|20261009094835|899.05
1791510520|20261009094840|898.96
1791510525|20261009094845|899.01
1791510530|20261009094850|899.01
1791510545|20261009094905|898.87
1791510550|20261009094910|898.85
1791510555|20261009094915|898.89
1791510560|20261009094920|898.84
1791510565|20261009094925|898.88
1791510600|20261009095000|898.83
1791510605|20261009095005|898.88
1791510615|20261009095015|898.88
1791510620|20261009095020|898.84
1791510625|20261009095025|898.90
1791510635|20261009095035|898.92
1791510645|20261009095045|898.93
1791510650|20261009095050|898.98
1791510665|20261009095105|898.87
1791510670|20261009095110|898.85
1791510675|20261009095115|898.85
1791510685|20261009095125|898.93
1791510725|20261009095205|898.70
1791510730|20261009095210|898.70
1791510735|20261009095215|898.74
1791510745|20261009095225|898.79
1791510755|20261009095235|898.84
1791510765|20261009095245|898.91
1791510770|20261009095250|898.92
1791510775|20261009095255|898.97
1791510785|20261009095305|899.04
1791510805|20261009095325|898.98
1791510825|20261009095345|898.91
1791510835|20261009095355|898.90
1791510845|20261009095405|898.85
1791510855|20261009095415|898.78
1791510860|20261009095420|898.74
1791510865|20261009095425|898.67
1791510895|20261009095455|898.74
1791510910|20261009095510|898.54
1791510920|20261009095520|898.53
1791510925|20261009095525|898.62
1791510940|20261009095540|898.67
1791510945|20261009095545|898.63
1791510950|20261009095550|898.64
1791510955|20261009095555|898.61
1791510965|20261009095605|898.62
1791510970|20261009095610|898.53
1791510975|20261009095615|898.52
1791510995|20261009095635|898.55
1791511005|20261009095645|898.70
1791511010|20261009095650|898.69
1791511015|20261009095655|898.62
1791511025|20261009095705|898.52
1791511030|20261009095710|898.59
1791511040|20261009095720|898.56
1791511045|20261009095725|898.56
1791511055|20261009095735|898.64
1791511060|20261009095740|898.69
1791511065|20261009095745|898.80
1791511075|20261009095755|898.76
1791511085|20261009095805|898.91
1791511090|20261009095810|898.96
1791511095|20261009095815|899.02
1791511100|20261009095820|899.06
1791511105|20261009095825|899.06
1791511115|20261009095835|899.11
1791511125|20261009095845|899.05
1791511135|20261009095855|899.03
1791511155|20261009095915|899.10
1791511200|20261009100000|899.16
1791511205|20261009100005|899.19
1791511215|20261009100015|899.17
1791511220|20261009100020|899.05
1791511225|20261009100025|899.08
1791511240|20261009100040|899.06
1791511245|20261009100045|899.07
1791511265|20261009100105|899.05
1791511270|20261009100110|899.13
1791511275|20261009100115|899.12
1791511280|20261009100120|899.13
1791511285|20261009100125|899.09
1791511300|20261009100140|899.07
1791511310|20261009100150|899.19
1791511325|20261009100205|899.10
1791511335|20261009100215|899.17
1791511340|20261009100220|899.15
1791511355|20261009100235|899.12
1791511360|20261009100240|899.14
1791511370|20261009100250|898.97
1791511375|20261009100255|898.85
1791511385|20261009100305|898.82
1791511390|20261009100310|898.87
1791511395|20261009100315|898.83
1791511400|20261009100320|898.90
1791511405|20261009100325|898.89
1791511415|20261009100335|898.86
1791511420|20261009100340|898.93
1791511425|20261009100345|898.89
1791511445|20261009100405|899.29
1791511450|20261009100410|899.13
1791511455|20261009100415|899.07
1791511465|20261009100425|899.01
1791511500|20261009100500|898.62
1791511505|20261009100505|898.54
1791511510|20261009100510|898.54
1791511515|20261009100515|898.73
1791511520|20261009100520|898.56
1791511525|20261009100525|898.52
1791511540|20261009100540|898.49
1791511545|20261009100545|898.49
1791511550|20261009100550|898.48
1791511565|20261009100605|898.57
1791511575|20261009100615|898.51
1791511580|20261009100620|898.43
1791511585|20261009100625|898.43
1791511595|20261009100635|898.40
1791511600|20261009100640|898.37
1791511605|20261009100645|898.34
1791511610|20261009100650|898.28
1791511615|20261009100655|898.27
1791511625|20261009100705|898.25
1791511630|20261009100710|898.30
1791511635|20261009100715|898.32
1791511640|20261009100720|898.31
1791511645|20261009100725|898.51
1791511660|20261009100740|898.56
1791511665|20261009100745|898.54
1791511670|20261009100750|898.40
1791511675|20261009100755|898.46
1791511690|20261009100810|898.51
1791511695|20261009100815|898.49
1791511700|20261009100820|898.39
1791511705|20261009100825|898.39
1791511715|20261009100835|898.38
1791511720|20261009100840|898.42
1791511730|20261009100850|898.56
1791511745|20261009100905|898.71
1791511750|20261009100910|898.67
1791511755|20261009100915|898.68
1791511760|20261009100920|898.64
1791511765|20261009100925|898.65
1791511800|20261009101000|898.66
1791511805|20261009101005|898.69
1791511815|20261009101015|898.86
1791511820|20261009101020|898.92
1791511825|20261009101025|899.08
1791511835|20261009101035|899.10
1791511840|20261009101040|899.10
1791511845|20261009101045|898.87
1791511850|20261009101050|898.80
1791511865|20261009101105|898.74
1791511870|20261009101110|898.66
1791511875|20261009101115|898.63
1791511880|20261009101120|898.58
1791511885|20261009101125|898.62
1791511895|20261009101135|898.54
1791511900|20261009101140|898.54
1791511905|20261009101145|898.58
1791511910|20261009101150|898.57
1791511915|20261009101155|898.62
1791511920|20261009101200|898.63
1791511925|20261009101205|898.61
1791511935|20261009101215|898.58
1791511940|20261009101220|898.58
1791511945|20261009101225|898.58
1791511955|20261009101235|898.54
1791511960|20261009101240|898.55
1791511970|20261009101250|898.51
1791511975|20261009101255|898.51
1791511985|20261009101305|898.53
1791511990|20261009101310|898.53
1791511995|20261009101315|898.58
1791512000|20261009101320|898.44
1791512005|20261009101325|898.44
1791512015|20261009101335|898.59
1791512030|20261009101350|898.54
1791512035|20261009101355|898.53
1791512045|20261009101405|898.53
1791512050|20261009101410|898.43
1791512055|20261009101415|898.49
1791512060|20261009101420|898.51
1791512065|20261009101425|898.44
1791512080|20261009101440|898.45
1791512105|20261009101505|898.32
1791512115|20261009101515|898.34
1791512120|20261009101520|898.31
1791512125|20261009101525|898.19
1791512170|20261009101610|898.34
1791512175|20261009101615|898.27
1791512180|20261009101620|898.26
1791512195|20261009101635|898.31
1791512200|20261009101640|898.32
1791512205|20261009101645|898.33
1791512225|20261009101705|898.44
1791512289|20261009101809|898.72
