1786636805|20260814000005|946.35
1786636810|20260814000010|946.37
1786636815|20260814000015|946.49
1786636825|20260814000025|946.35
1786636840|20260814000040|946.78
1786636850|20260814000050|946.75
1786636855|20260814000055|946.75
1786636860|20260814000100|946.78
1786636865|20260814000105|946.79
1786636870|20260814000110|946.45
1786636875|20260814000115|946.27
1786636880|20260814000120|946.22
1786636895|20260814000135|946.33
1786636900|20260814000140|946.41
1786636905|20260814000145|946.36
1786636910|20260814000150|946.38
1786636915|20260814000155|946.36
1786636940|20260814000220|946.28
1786636945|20260814000225|946.37
1786636955|20260814000235|946.33
1786636965|20260814000245|946.50
1786636970|20260814000250|946.44
1786636975|20260814000255|946.46
1786636980|20260814000300|946.49
1786636985|20260814000305|946.49
1786637000|20260814000320|946.49
1786637005|20260814000325|946.51
1786637015|20260814000335|946.52
1786637020|20260814000340|946.52
1786637025|20260814000345|946.42
1786637035|20260814000355|946.47
1786637040|20260814000400|946.47
1786637045|20260814000405|946.45
1786637050|20260814000410|946.40
1786637055|20260814000415|946.32
1786637060|20260814000420|946.07
1786637065|20260814000425|945.94
1786637100|20260814000500|945.98
1786637105|20260814000505|946.01
1786637115|20260814000515|945.85
1786637120|20260814000520|945.75
1786637150|20260814000550|945.62
1786637160|20260814000600|945.64
1786637170|20260814000610|945.79
1786637175|20260814000615|945.86
1786637180|20260814000620|945.94
1786637185|20260814000625|945.84
1786637195|20260814000635|945.86
1786637200|20260814000640|945.70
1786637205|20260814000645|945.84
1786637210|20260814000650|945.80
1786637215|20260814000655|945.87
1786637225|20260814000705|945.70
1786637230|20260814000710|945.87
1786637235|20260814000715|945.97
1786637240|20260814000720|945.95
1786637245|20260814000725|945.86
1786637265|20260814000745|945.75
1786637270|20260814000750|945.75
1786637275|20260814000755|945.75
1786637280|20260814000800|945.80
1786637285|20260814000805|945.46
1786637295|20260814000815|945.42
1786637300|20260814000820|945.46
1786637305|20260814000825|945.46
1786637320|20260814000840|945.44
1786637325|20260814000845|945.55
1786637335|20260814000855|945.47
1786637345|20260814000905|945.45
1786637350|20260814000910|945.18
1786637360|20260814000920|945.24
1786637405|20260814001005|944.49
1786637410|20260814001010|944.57
1786637415|20260814001015|944.59
1786637420|20260814001020|944.72
1786637440|20260814001040|944.69
1786637445|20260814001045|944.57
1786637455|20260814001055|944.55
1786637465|20260814001105|944.87
1786637470|20260814001110|944.87
1786637475|20260814001115|945.03
1786637480|20260814001120|945.06
1786637485|20260814001125|945.22
1786637495|20260814001135|945.01
1786637500|20260814001140|945.07
1786637505|20260814001145|945.07
1786637510|20260814001150|945.14
1786637520|20260814001200|945.09
1786637525|20260814001205|945.03
1786637530|20260814001210|944.94
1786637535|20260814001215|944.81
1786637545|20260814001225|944.88
1786637555|20260814001235|944.62
1786637560|20260814001240|944.71
1786637570|20260814001250|944.54
1786637575|20260814001255|944.49
1786637585|20260814001305|944.63
1786637590|20260814001310|944.41
1786637595|20260814001315|944.39
1786637600|20260814001320|944.54
1786637605|20260814001325|944.50
1786637615|20260814001335|944.57
1786637620|20260814001340|944.52
1786637625|20260814001345|944.42
1786637630|20260814001350|944.60
1786637635|20260814001355|944.46
1786637660|20260814001420|944.24
1786637700|20260814001500|944.16
1786637705|20260814001505|944.19
1786637710|20260814001510|944.24
1786637715|20260814001515|944.11
1786637720|20260814001520|944.15
1786637725|20260814001525|944.14
1786637735|20260814001535|943.82
1786637740|20260814001540|944.21
1786637745|20260814001545|943.86
1786637750|20260814001550|943.94
1786637755|20260814001555|944.04
1786637765|20260814001605|943.89
1786637780|20260814001620|943.84
1786637795|20260814001635|943.93
1786637800|20260814001640|943.82
1786637805|20260814001645|943.80
1786637810|20260814001650|943.90
1786637815|20260814001655|943.89
1786637825|20260814001705|943.97
1786637840|20260814001720|943.90
1786637855|20260814001735|943.97
1786637870|20260814001750|943.93
1786637875|20260814001755|943.82
1786637885|20260814001805|943.79
1786637905|20260814001825|943.68
1786637920|20260814001840|943.52
1786637930|20260814001850|943.45
1786637935|20260814001855|943.43
1786637940|20260814001900|943.43
1786637945|20260814001905|943.51
1786638005|20260814002005|943.49
1786638020|20260814002020|943.52
1786638025|20260814002025|943.52
1786638035|20260814002035|943.52
1786638040|20260814002040|943.49
1786638045|20260814002045|943.50
1786638050|20260814002050|943.45
1786638055|20260814002055|944.12
1786638060|20260814002100|944.16
1786638065|20260814002105|944.32
1786638075|20260814002115|944.29
1786638080|20260814002120|944.41
1786638085|20260814002125|944.53
1786638095|20260814002135|944.53
1786638100|20260814002140|944.53
1786638105|20260814002145|944.43
1786638110|20260814002150|944.44
1786638120|20260814002200|944.34
1786638140|20260814002220|944.26
1786638155|20260814002235|944.06
1786638160|20260814002240|944.03
1786638165|20260814002245|944.04
1786638170|20260814002250|944.18
1786638175|20260814002255|944.27
1786638185|20260814002305|944.34
1786638190|20260814002310|944.50
1786638200|20260814002320|944.26
1786638205|20260814002325|944.27
1786638225|20260814002345|944.17
1786638235|20260814002355|944.21
1786638240|20260814002400|944.19
1786638245|20260814002405|944.22
1786638250|20260814002410|944.29
1786638255|20260814002415|944.22
1786638260|20260814002420|944.49
1786638265|20260814002425|944.55
1786638300|20260814002500|944.89
1786638305|20260814002505|944.96
1786638310|20260814002510|944.96
1786638315|20260814002515|945.03
1786638320|20260814002520|945.01
1786638335|20260814002535|945.08
1786638340|20260814002540|945.19
1786638345|20260814002545|945.25
1786638350|20260814002550|945.26
1786638365|20260814002605|945.13
1786638370|20260814002610|945.11
1786638375|20260814002615|944.97
1786638380|20260814002620|944.90
1786638385|20260814002625|944.92
1786638400|20260814002640|944.89
1786638405|20260814002645|944.90
1786638410|20260814002650|944.91
1786638415|20260814002655|944.94
1786638420|20260814002700|944.93
1786638425|20260814002705|944.84
1786638430|20260814002710|944.74
1786638435|20260814002715|944.94
1786638440|20260814002720|944.96
1786638445|20260814002725|945.01
1786638460|20260814002740|944.80
1786638465|20260814002745|944.84
1786638470|20260814002750|944.82
1786638475|20260814002755|944.82
1786638485|20260814002805|944.65
1786638490|20260814002810|944.86
1786638495|20260814002815|944.97
1786638500|20260814002820|944.97
1786638505|20260814002825|944.88
1786638515|20260814002835|945.04
1786638525|20260814002845|945.15
1786638530|20260814002850|945.26
1786638535|20260814002855|945.22
1786638545|20260814002905|945.06
1786638550|20260814002910|945.07
1786638555|20260814002915|945.33
1786638560|20260814002920|945.34
1786638565|20260814002925|945.34
1786638600|20260814003000|945.98
1786638605|20260814003005|945.98
1786638615|20260814003015|946.19
1786638620|20260814003020|946.22
1786638625|20260814003025|946.19
1786638640|20260814003040|946.61
1786638645|20260814003045|946.58
1786638650|20260814003050|946.60
1786638655|20260814003055|946.61
1786638665|20260814003105|946.58
1786638670|20260814003110|946.54
1786638675|20260814003115|946.59
1786638680|20260814003120|946.59
1786638685|20260814003125|946.36
1786638695|20260814003135|946.31
1786638700|20260814003140|946.26
1786638705|20260814003145|946.22
1786638710|20260814003150|946.13
1786638715|20260814003155|946.13
1786638725|20260814003205|946.16
1786638730|20260814003210|946.25
1786638740|20260814003220|946.27
1786638745|20260814003225|946.27
1786638755|20260814003235|946.22
1786638760|20260814003240|946.31
1786638765|20260814003245|946.25
1786638770|20260814003250|946.44
1786638775|20260814003255|946.50
1786638780|20260814003300|946.48
1786638785|20260814003305|946.48
1786638790|20260814003310|946.36
1786638795|20260814003315|946.30
1786638800|20260814003320|946.44
1786638805|20260814003325|946.45
1786638815|20260814003335|946.55
1786638820|20260814003340|946.50
1786638825|20260814003345|946.43
1786638835|20260814003355|946.63
1786638845|20260814003405|946.61
1786638850|20260814003410|946.67
1786638855|20260814003415|946.63
1786638860|20260814003420|946.61
1786638865|20260814003425|946.54
1786638880|20260814003440|946.56
1786638900|20260814003500|946.73
1786638905|20260814003505|946.83
1786638910|20260814003510|946.78
1786638915|20260814003515|946.79
1786638920|20260814003520|946.76
1786638925|20260814003525|946.82
1786638935|20260814003535|946.79
1786638940|20260814003540|946.59
1786638945|20260814003545|946.62
1786638950|20260814003550|946.62
1786638955|20260814003555|946.71
1786638960|20260814003600|946.71
1786638965|20260814003605|946.61
1786638970|20260814003610|946.56
1786638975|20260814003615|946.61
1786638980|20260814003620|946.66
1786638985|20260814003625|946.66
1786638995|20260814003635|946.65
1786639000|20260814003640|946.55
1786639005|20260814003645|946.46
1786639020|20260814003700|946.63
1786639025|20260814003705|946.60
1786639030|20260814003710|946.63
1786639035|20260814003715|946.53
1786639040|20260814003720|946.39
1786639045|20260814003725|946.39
1786639055|20260814003735|946.34
1786639060|20260814003740|946.35
1786639065|20260814003745|946.27
1786639070|20260814003750|946.23
1786639075|20260814003755|946.21
1786639085|20260814003805|946.21
1786639090|20260814003810|946.26
1786639095|20260814003815|946.21
1786639100|20260814003820|946.22
1786639105|20260814003825|946.24
1786639115|20260814003835|946.27
1786639120|20260814003840|946.29
1786639125|20260814003845|946.33
1786639130|20260814003850|946.30
1786639135|20260814003855|946.34
1786639145|20260814003905|946.39
1786639150|20260814003910|946.37
1786639155|20260814003915|946.40
1786639160|20260814003920|946.29
1786639165|20260814003925|946.30
1786639200|20260814004000|946.32
1786639205|20260814004005|946.23
1786639210|20260814004010|946.25
1786639215|20260814004015|946.21
1786639220|20260814004020|946.21
1786639225|20260814004025|946.26
1786639240|20260814004040|946.22
1786639245|20260814004045|946.23
1786639250|20260814004050|946.28
1786639255|20260814004055|946.24
1786639260|20260814004100|946.24
1786639275|20260814004115|946.25
1786639280|20260814004120|946.24
1786639285|20260814004125|946.26
1786639295|20260814004135|946.37
1786639300|20260814004140|946.39
1786639305|20260814004145|946.29
1786639310|20260814004150|946.30
1786639315|20260814004155|946.15
1786639320|20260814004200|946.22
1786639325|20260814004205|946.21
1786639330|20260814004210|946.20
1786639335|20260814004215|946.24
1786639340|20260814004220|946.25
1786639345|20260814004225|946.26
1786639355|20260814004235|946.27
1786639360|20260814004240|946.29
1786639370|20260814004250|946.41
1786639385|20260814004305|946.38
1786639390|20260814004310|946.52
1786639395|20260814004315|946.54
1786639400|20260814004320|946.54
1786639405|20260814004325|946.47
1786639415|20260814004335|946.51
1786639420|20260814004340|946.50
1786639425|20260814004345|946.40
1786639430|20260814004350|946.45
1786639435|20260814004355|946.49
1786639445|20260814004405|946.50
1786639450|20260814004410|946.49
1786639455|20260814004415|946.49
1786639460|20260814004420|946.55
1786639465|20260814004425|946.69
1786639505|20260814004505|946.73
1786639510|20260814004510|946.68
1786639515|20260814004515|946.71
1786639520|20260814004520|946.74
1786639525|20260814004525|946.85
1786639535|20260814004535|947.00
1786639540|20260814004540|946.98
1786639545|20260814004545|946.90
1786639550|20260814004550|946.83
1786639565|20260814004605|946.88
1786639570|20260814004610|946.81
1786639575|20260814004615|946.92
1786639580|20260814004620|946.77
1786639585|20260814004625|946.83
1786639595|20260814004635|946.88
1786639600|20260814004640|946.92
1786639605|20260814004645|946.95
1786639610|20260814004650|946.89
1786639615|20260814004655|946.90
1786639625|20260814004705|946.99
1786639630|20260814004710|946.97
1786639635|20260814004715|946.99
1786639640|20260814004720|947.02
1786639645|20260814004725|947.01
1786639655|20260814004735|946.92
1786639660|20260814004740|946.90
1786639665|20260814004745|946.88
1786639670|20260814004750|946.88
1786639675|20260814004755|946.94
1786639685|20260814004805|946.85
1786639695|20260814004815|946.82
1786639700|20260814004820|946.76
1786639715|20260814004835|946.80
1786639720|20260814004840|946.80
1786639725|20260814004845|946.78
1786639730|20260814004850|946.79
1786639745|20260814004905|946.85
1786639750|20260814004910|946.82
1786639755|20260814004915|946.76
1786639760|20260814004920|946.76
1786639765|20260814004925|946.80
1786639800|20260814005000|946.69
1786639805|20260814005005|946.83
1786639810|20260814005010|946.77
1786639820|20260814005020|946.68
1786639825|20260814005025|946.59
1786639840|20260814005040|946.70
1786639845|20260814005045|946.73
1786639850|20260814005050|946.75
1786639855|20260814005055|946.65
1786639865|20260814005105|946.67
1786639870|20260814005110|946.70
1786639880|20260814005120|946.66
1786639885|20260814005125|946.68
1786639895|20260814005135|946.53
1786639900|20260814005140|946.58
1786639905|20260814005145|946.57
1786639910|20260814005150|946.61
1786639915|20260814005155|946.62
1786639925|20260814005205|946.67
1786639930|20260814005210|946.66
1786639935|20260814005215|946.67
1786639940|20260814005220|946.67
1786639945|20260814005225|946.57
1786639955|20260814005235|946.54
1786639960|20260814005240|946.56
1786639965|20260814005245|946.56
1786639970|20260814005250|946.49
1786639975|20260814005255|946.49
1786639980|20260814005300|946.44
1786639985|20260814005305|946.37
1786639990|20260814005310|946.31
1786639995|20260814005315|946.32
1786640000|20260814005320|946.37
1786640005|20260814005325|946.37
1786640015|20260814005335|946.35
1786640020|20260814005340|946.34
1786640025|20260814005345|946.33
1786640030|20260814005350|946.35
1786640035|20260814005355|946.36
1786640045|20260814005405|946.39
1786640050|20260814005410|946.42
1786640055|20260814005415|946.39
1786640060|20260814005420|946.36
1786640065|20260814005425|946.36
1786640080|20260814005440|946.49
1786640105|20260814005505|946.55
1786640110|20260814005510|946.60
1786640115|20260814005515|946.58
1786640120|20260814005520|946.55
1786640135|20260814005535|946.69
1786640140|20260814005540|946.81
1786640145|20260814005545|946.83
1786640150|20260814005550|946.83
1786640155|20260814005555|946.91
1786640165|20260814005605|946.88
1786640170|20260814005610|946.96
1786640175|20260814005615|946.93
1786640185|20260814005625|946.93
1786640195|20260814005635|946.86
1786640200|20260814005640|946.81
1786640205|20260814005645|946.85
1786640210|20260814005650|946.88
1786640225|20260814005705|946.96
1786640230|20260814005710|946.97
1786640235|20260814005715|946.91
1786640240|20260814005720|946.97
1786640245|20260814005725|947.08
1786640255|20260814005735|947.10
1786640260|20260814005740|947.15
1786640265|20260814005745|947.12
1786640270|20260814005750|947.06
1786640275|20260814005755|946.95
1786640285|20260814005805|946.96
1786640290|20260814005810|946.90
1786640295|20260814005815|946.91
1786640300|20260814005820|946.86
1786640305|20260814005825|946.86
1786640315|20260814005835|946.84
1786640320|20260814005840|946.86
1786640325|20260814005845|946.80
1786640330|20260814005850|946.80
1786640335|20260814005855|946.74
1786640345|20260814005905|946.83
1786640350|20260814005910|946.85
1786640355|20260814005915|946.81
1786640360|20260814005920|946.81
1786640365|20260814005925|946.79
1786640380|20260814005940|946.88
1786640400|20260814010000|946.88
1786640405|20260814010005|946.91
1786640415|20260814010015|947.25
1786640420|20260814010020|947.38
1786640435|20260814010035|947.27
1786640440|20260814010040|947.34
1786640450|20260814010050|947.28
1786640455|20260814010055|947.21
1786640465|20260814010105|947.14
1786640470|20260814010110|947.11
1786640475|20260814010115|947.15
1786640480|20260814010120|947.15
1786640495|20260814010135|947.27
1786640500|20260814010140|947.23
1786640505|20260814010145|947.23
1786640510|20260814010150|947.28
1786640515|20260814010155|947.30
1786640525|20260814010205|947.16
1786640530|20260814010210|947.25
1786640535|20260814010215|947.25
1786640540|20260814010220|947.16
1786640545|20260814010225|947.16
1786640555|20260814010235|947.16
1786640560|20260814010240|947.04
1786640565|20260814010245|946.98
1786640585|20260814010305|946.91
1786640590|20260814010310|946.93
1786640595|20260814010315|946.85
1786640600|20260814010320|946.74
1786640605|20260814010325|946.68
1786640615|20260814010335|946.65
1786640620|20260814010340|946.70
1786640625|20260814010345|946.73
1786640645|20260814010405|946.71
1786640650|20260814010410|946.74
1786640655|20260814010415|946.83
1786640660|20260814010420|946.81
1786640665|20260814010425|946.77
1786640695|20260814010455|946.71
1786640705|20260814010505|946.77
1786640710|20260814010510|946.78
1786640715|20260814010515|946.95
1786640735|20260814010535|946.87
1786640745|20260814010545|947.03
1786640750|20260814010550|946.92
1786640765|20260814010605|946.98
1786640770|20260814010610|947.03
1786640780|20260814010620|947.04
1786640785|20260814010625|947.30
1786640795|20260814010635|947.19
1786640800|20260814010640|947.28
1786640805|20260814010645|947.27
1786640810|20260814010650|948.04
1786640815|20260814010655|947.53
1786640825|20260814010705|947.65
1786640830|20260814010710|947.69
1786640840|20260814010720|947.80
1786640860|20260814010740|947.85
1786640870|20260814010750|947.85
1786640875|20260814010755|947.92
1786640890|20260814010810|948.14
1786640895|20260814010815|948.02
1786640900|20260814010820|947.93
1786640905|20260814010825|947.89
1786640915|20260814010835|948.05
1786640925|20260814010845|948.00
1786640930|20260814010850|947.90
1786640940|20260814010900|947.85
1786640945|20260814010905|947.79
1786640950|20260814010910|947.82
1786640955|20260814010915|947.74
1786641005|20260814011005|947.96
1786641010|20260814011010|947.86
1786641015|20260814011015|947.90
1786641020|20260814011020|948.07
1786641040|20260814011040|948.05
1786641045|20260814011045|948.10
1786641050|20260814011050|948.12
1786641055|20260814011055|948.10
1786641060|20260814011100|948.25
1786641065|20260814011105|948.14
1786641070|20260814011110|948.15
1786641075|20260814011115|948.12
1786641080|20260814011120|948.17
1786641085|20260814011125|948.18
1786641095|20260814011135|948.11
1786641100|20260814011140|948.14
1786641105|20260814011145|948.14
1786641110|20260814011150|948.17
1786641115|20260814011155|948.16
1786641120|20260814011200|948.14
1786641125|20260814011205|948.14
1786641130|20260814011210|948.25
1786641135|20260814011215|948.09
1786641140|20260814011220|948.09
1786641145|20260814011225|948.13
1786641155|20260814011235|948.07
1786641160|20260814011240|948.13
1786641165|20260814011245|948.15
1786641170|20260814011250|948.16
1786641175|20260814011255|948.16
1786641185|20260814011305|948.24
1786641190|20260814011310|948.26
1786641195|20260814011315|948.22
1786641200|20260814011320|948.22
1786641215|20260814011335|948.25
1786641220|20260814011340|948.16
1786641225|20260814011345|948.17
1786641230|20260814011350|948.17
1786641235|20260814011355|948.21
1786641240|20260814011400|948.17
1786641245|20260814011405|948.13
1786641250|20260814011410|948.16
1786641255|20260814011415|948.16
1786641260|20260814011420|948.13
1786641265|20260814011425|948.11
1786641300|20260814011500|947.79
1786641305|20260814011505|947.90
1786641310|20260814011510|947.86
1786641315|20260814011515|947.82
1786641325|20260814011525|947.82
1786641335|20260814011535|947.68
1786641340|20260814011540|947.72
1786641345|20260814011545|947.65
1786641350|20260814011550|947.70
1786641355|20260814011555|947.66
1786641360|20260814011600|947.62
1786641365|20260814011605|947.61
1786641370|20260814011610|947.43
1786641375|20260814011615|947.42
1786641380|20260814011620|947.41
1786641385|20260814011625|947.38
1786641395|20260814011635|947.46
1786641400|20260814011640|947.51
1786641405|20260814011645|947.50
1786641410|20260814011650|947.51
1786641415|20260814011655|947.41
1786641420|20260814011700|947.38
1786641435|20260814011715|947.37
1786641445|20260814011725|947.34
1786641455|20260814011735|946.99
1786641465|20260814011745|947.02
1786641470|20260814011750|946.88
1786641475|20260814011755|946.83
1786641485|20260814011805|946.75
1786641490|20260814011810|946.78
1786641495|20260814011815|946.79
1786641500|20260814011820|946.82
1786641515|20260814011835|946.94
1786641520|20260814011840|946.95
1786641525|20260814011845|947.03
1786641530|20260814011850|947.01
1786641535|20260814011855|947.03
1786641545|20260814011905|947.11
1786641550|20260814011910|947.15
1786641560|20260814011920|947.20
1786641595|20260814011955|947.03
1786641615|20260814012015|947.02
1786641620|20260814012020|947.00
1786641625|20260814012025|946.98
1786641635|20260814012035|946.99
1786641640|20260814012040|947.03
1786641645|20260814012045|947.04
1786641650|20260814012050|947.04
1786641660|20260814012100|947.00
1786641665|20260814012105|947.02
1786641680|20260814012120|947.17
1786641685|20260814012125|947.20
1786641695|20260814012135|947.19
1786641700|20260814012140|947.23
1786641710|20260814012150|947.24
1786641715|20260814012155|947.23
1786641720|20260814012200|947.38
1786641735|20260814012215|947.19
1786641740|20260814012220|947.16
1786641745|20260814012225|947.19
1786641755|20260814012235|947.13
1786641765|20260814012245|947.22
1786641770|20260814012250|947.20
1786641780|20260814012300|947.24
1786641785|20260814012305|947.27
1786641790|20260814012310|947.19
1786641795|20260814012315|947.15
1786641800|20260814012320|947.14
1786641805|20260814012325|947.22
1786641815|20260814012335|947.18
1786641820|20260814012340|947.22
1786641825|20260814012345|947.07
1786641830|20260814012350|947.03
1786641835|20260814012355|947.09
1786641840|20260814012400|947.10
1786641845|20260814012405|947.09
1786641850|20260814012410|947.04
1786641860|20260814012420|947.13
1786641865|20260814012425|947.23
1786641900|20260814012500|947.15
1786641910|20260814012510|947.14
1786641915|20260814012515|947.22
1786641920|20260814012520|947.22
1786641940|20260814012540|947.12
1786641945|20260814012545|947.15
1786641950|20260814012550|947.09
1786641955|20260814012555|947.06
1786641960|20260814012600|947.07
1786641970|20260814012610|947.00
1786641975|20260814012615|947.03
1786641980|20260814012620|947.06
1786641985|20260814012625|947.13
1786641995|20260814012635|947.14
1786642000|20260814012640|947.19
1786642005|20260814012645|947.09
1786642020|20260814012700|947.00
1786642025|20260814012705|947.06
1786642030|20260814012710|947.07
1786642040|20260814012720|947.00
1786642045|20260814012725|947.06
1786642055|20260814012735|947.02
1786642060|20260814012740|946.99
1786642065|20260814012745|947.00
1786642070|20260814012750|947.00
1786642075|20260814012755|947.01
1786642085|20260814012805|947.00
1786642095|20260814012815|946.74
1786642100|20260814012820|946.60
1786642105|20260814012825|946.54
1786642115|20260814012835|946.55
1786642125|20260814012845|946.55
1786642130|20260814012850|946.52
1786642135|20260814012855|946.52
1786642145|20260814012905|946.33
1786642160|20260814012920|946.35
1786642165|20260814012925|946.13
1786642200|20260814013000|946.05
1786642205|20260814013005|946.09
1786642210|20260814013010|946.09
1786642215|20260814013015|946.16
1786642220|20260814013020|946.22
1786642225|20260814013025|946.26
1786642235|20260814013035|946.24
1786642240|20260814013040|946.19
1786642245|20260814013045|946.15
1786642250|20260814013050|946.16
1786642255|20260814013055|946.16
1786642265|20260814013105|946.16
1786642270|20260814013110|946.14
1786642275|20260814013115|946.16
1786642280|20260814013120|946.15
1786642285|20260814013125|946.14
1786642295|20260814013135|946.17
1786642300|20260814013140|946.19
1786642305|20260814013145|945.98
1786642310|20260814013150|946.05
1786642315|20260814013155|945.94
1786642325|20260814013205|945.92
1786642330|20260814013210|945.94
1786642335|20260814013215|945.91
1786642340|20260814013220|945.87
1786642345|20260814013225|945.93
1786642355|20260814013235|945.93
1786642360|20260814013240|945.93
1786642365|20260814013245|945.85
1786642370|20260814013250|945.65
1786642375|20260814013255|945.72
1786642385|20260814013305|945.89
1786642390|20260814013310|945.93
1786642395|20260814013315|945.95
1786642400|20260814013320|945.92
1786642420|20260814013340|945.72
1786642430|20260814013350|945.48
1786642450|20260814013410|945.49
1786642460|20260814013420|945.62
1786642465|20260814013425|945.62
1786642505|20260814013505|945.37
1786642510|20260814013510|945.38
1786642515|20260814013515|945.40
1786642520|20260814013520|945.39
1786642525|20260814013525|945.48
1786642535|20260814013535|945.56
1786642540|20260814013540|945.56
1786642545|20260814013545|945.71
1786642565|20260814013605|945.67
1786642570|20260814013610|945.62
1786642575|20260814013615|945.67
1786642580|20260814013620|945.63
1786642585|20260814013625|945.57
1786642595|20260814013635|945.63
1786642600|20260814013640|945.67
1786642605|20260814013645|945.65
1786642610|20260814013650|945.69
1786642615|20260814013655|945.74
1786642625|20260814013705|945.80
1786642630|20260814013710|945.80
1786642635|20260814013715|945.74
1786642640|20260814013720|945.68
1786642645|20260814013725|945.77
1786642655|20260814013735|945.68
1786642660|20260814013740|945.66
1786642665|20260814013745|945.68
1786642670|20260814013750|945.66
1786642675|20260814013755|945.65
1786642685|20260814013805|945.60
1786642690|20260814013810|945.67
1786642695|20260814013815|945.72
1786642700|20260814013820|945.62
1786642705|20260814013825|945.59
1786642715|20260814013835|945.69
1786642720|20260814013840|945.81
1786642725|20260814013845|945.82
1786642730|20260814013850|945.85
1786642750|20260814013910|945.71
1786642755|20260814013915|945.71
1786642760|20260814013920|945.71
1786642765|20260814013925|945.68
1786642800|20260814014000|945.68
1786642805|20260814014005|945.70
1786642810|20260814014010|945.71
1786642815|20260814014015|945.78
1786642820|20260814014020|945.77
1786642825|20260814014025|945.84
1786642835|20260814014035|945.72
1786642840|20260814014040|945.72
1786642845|20260814014045|945.67
1786642850|20260814014050|945.64
1786642860|20260814014100|945.71
1786642865|20260814014105|945.63
1786642870|20260814014110|945.62
1786642875|20260814014115|945.60
1786642880|20260814014120|945.61
1786642885|20260814014125|945.63
1786642895|20260814014135|945.58
1786642900|20260814014140|945.53
1786642905|20260814014145|945.54
1786642910|20260814014150|945.52
1786642925|20260814014205|945.52
1786642930|20260814014210|945.49
1786642940|20260814014220|945.49
1786642945|20260814014225|945.38
1786642955|20260814014235|945.33
1786642960|20260814014240|945.45
1786642965|20260814014245|945.48
1786642970|20260814014250|945.39
1786642975|20260814014255|945.21
1786642985|20260814014305|944.96
1786642990|20260814014310|944.97
1786642995|20260814014315|944.92
1786643000|20260814014320|944.86
1786643005|20260814014325|944.86
1786643015|20260814014335|944.89
1786643020|20260814014340|944.85
1786643025|20260814014345|944.85
1786643030|20260814014350|944.84
1786643035|20260814014355|944.80
1786643040|20260814014400|944.80
1786643045|20260814014405|944.80
1786643050|20260814014410|944.70
1786643055|20260814014415|944.54
1786643060|20260814014420|944.46
1786643065|20260814014425|944.57
1786643075|20260814014435|944.89
1786643080|20260814014440|944.83
1786643105|20260814014505|944.78
1786643110|20260814014510|944.90
1786643115|20260814014515|944.78
1786643120|20260814014520|944.80
1786643125|20260814014525|944.87
1786643135|20260814014535|945.03
1786643140|20260814014540|944.98
1786643145|20260814014545|945.02
1786643150|20260814014550|945.06
1786643155|20260814014555|945.21
1786643160|20260814014600|945.28
1786643165|20260814014605|945.17
1786643170|20260814014610|945.26
1786643175|20260814014615|945.33
1786643180|20260814014620|945.26
1786643185|20260814014625|945.23
1786643195|20260814014635|945.21
1786643200|20260814014640|945.22
1786643205|20260814014645|945.22
1786643210|20260814014650|945.24
1786643215|20260814014655|945.29
1786643230|20260814014710|945.27
1786643235|20260814014715|945.27
1786643240|20260814014720|945.28
1786643245|20260814014725|945.19
1786643255|20260814014735|945.31
1786643260|20260814014740|945.30
1786643275|20260814014755|945.17
1786643280|20260814014800|945.05
1786643290|20260814014810|945.05
1786643295|20260814014815|945.05
1786643305|20260814014825|945.14
1786643320|20260814014840|945.14
1786643325|20260814014845|945.19
1786643335|20260814014855|945.09
1786643340|20260814014900|945.10
1786643350|20260814014910|945.10
1786643355|20260814014915|945.18
1786643360|20260814014920|945.25
1786643365|20260814014925|945.32
1786643405|20260814015005|945.24
1786643410|20260814015010|945.25
1786643415|20260814015015|945.24
1786643420|20260814015020|945.20
1786643425|20260814015025|945.21
1786643435|20260814015035|945.21
1786643440|20260814015040|945.26
1786643445|20260814015045|945.25
1786643450|20260814015050|945.34
1786643455|20260814015055|945.34
1786643460|20260814015100|945.37
1786643465|20260814015105|945.37
1786643475|20260814015115|945.36
1786643480|20260814015120|945.31
1786643485|20260814015125|945.11
1786643495|20260814015135|945.08
1786643500|20260814015140|945.10
1786643505|20260814015145|945.17
1786643510|20260814015150|945.18
1786643515|20260814015155|945.29
1786643520|20260814015200|945.28
1786643525|20260814015205|945.26
1786643530|20260814015210|945.26
1786643535|20260814015215|945.28
1786643540|20260814015220|945.24
1786643545|20260814015225|945.25
1786643555|20260814015235|945.26
1786643560|20260814015240|945.21
1786643565|20260814015245|945.21
1786643570|20260814015250|945.19
1786643580|20260814015300|945.14
1786643590|20260814015310|945.07
1786643595|20260814015315|945.09
1786643620|20260814015340|944.85
1786643625|20260814015345|944.83
1786643630|20260814015350|944.91
1786643635|20260814015355|944.82
1786643640|20260814015400|944.93
1786643645|20260814015405|944.88
1786643650|20260814015410|944.89
1786643655|20260814015415|944.90
1786643660|20260814015420|944.90
1786643700|20260814015500|945.00
1786643705|20260814015505|944.89
1786643710|20260814015510|944.91
1786643715|20260814015515|944.90
1786643720|20260814015520|944.85
1786643725|20260814015525|944.91
1786643735|20260814015535|944.86
1786643740|20260814015540|944.86
1786643745|20260814015545|944.95
1786643750|20260814015550|944.99
1786643755|20260814015555|944.91
1786643770|20260814015610|944.90
1786643775|20260814015615|944.84
1786643780|20260814015620|944.74
1786643785|20260814015625|944.78
1786643795|20260814015635|944.74
1786643810|20260814015650|944.68
1786643815|20260814015655|944.66
1786643825|20260814015705|944.57
1786643830|20260814015710|944.60
1786643835|20260814015715|944.61
1786643840|20260814015720|944.64
1786643845|20260814015725|944.65
1786643855|20260814015735|944.65
1786643860|20260814015740|944.64
1786643870|20260814015750|944.64
1786643880|20260814015800|944.66
1786643885|20260814015805|944.64
1786643890|20260814015810|944.65
1786643900|20260814015820|944.65
1786643905|20260814015825|944.68
1786643915|20260814015835|944.68
1786643920|20260814015840|944.62
1786643930|20260814015850|944.63
1786643945|20260814015905|944.59
1786643950|20260814015910|944.59
1786643955|20260814015915|944.57
1786643960|20260814015920|944.59
1786643965|20260814015925|944.59
1786644000|20260814020000|944.52
1786644005|20260814020005|944.54
1786644015|20260814020015|944.59
1786644020|20260814020020|944.55
1786644025|20260814020025|944.59
1786644040|20260814020040|944.71
1786644055|20260814020055|944.71
1786644060|20260814020100|944.84
1786644065|20260814020105|944.86
1786644070|20260814020110|944.86
1786644075|20260814020115|944.98
1786644080|20260814020120|945.03
1786644095|20260814020135|945.07
1786644105|20260814020145|945.21
1786644115|20260814020155|945.30
1786644125|20260814020205|945.26
1786644130|20260814020210|945.24
1786644135|20260814020215|945.19
1786644140|20260814020220|945.37
1786644155|20260814020235|945.21
1786644160|20260814020240|945.11
1786644165|20260814020245|945.11
1786644175|20260814020255|945.11
1786644180|20260814020300|945.10
1786644185|20260814020305|945.15
1786644190|20260814020310|945.07
1786644195|20260814020315|945.15
1786644200|20260814020320|945.19
1786644205|20260814020325|945.20
1786644215|20260814020335|945.36
1786644220|20260814020340|945.35
1786644225|20260814020345|945.26
1786644230|20260814020350|945.26
1786644235|20260814020355|945.25
1786644240|20260814020400|945.09
1786644245|20260814020405|945.06
1786644250|20260814020410|945.06
1786644255|20260814020415|945.09
1786644265|20260814020425|944.83
1786644300|20260814020500|945.05
1786644305|20260814020505|945.06
1786644310|20260814020510|944.98
1786644315|20260814020515|945.01
1786644320|20260814020520|945.01
1786644335|20260814020535|945.08
1786644340|20260814020540|945.01
1786644345|20260814020545|945.10
1786644355|20260814020555|945.06
1786644360|20260814020600|945.16
1786644365|20260814020605|945.09
1786644370|20260814020610|945.06
1786644375|20260814020615|944.91
1786644380|20260814020620|944.91
1786644395|20260814020635|944.97
1786644400|20260814020640|944.93
1786644405|20260814020645|944.88
1786644410|20260814020650|944.84
1786644415|20260814020655|944.93
1786644425|20260814020705|945.03
1786644440|20260814020720|945.28
1786644455|20260814020735|945.24
1786644460|20260814020740|945.19
1786644465|20260814020745|945.10
1786644470|20260814020750|945.10
1786644475|20260814020755|945.06
1786644485|20260814020805|945.08
1786644490|20260814020810|945.08
1786644500|20260814020820|945.08
1786644520|20260814020840|945.08
1786644525|20260814020845|945.09
1786644530|20260814020850|945.09
1786644535|20260814020855|945.05
1786644545|20260814020905|945.11
1786644550|20260814020910|945.14
1786644555|20260814020915|945.15
1786644560|20260814020920|945.21
1786644565|20260814020925|945.31
1786644600|20260814021000|945.30
1786644605|20260814021005|945.26
1786644610|20260814021010|945.24
1786644615|20260814021015|945.16
1786644620|20260814021020|945.27
1786644625|20260814021025|945.24
1786644635|20260814021035|945.26
1786644640|20260814021040|945.09
1786644645|20260814021045|945.11
1786644655|20260814021055|945.11
1786644665|20260814021105|945.11
1786644670|20260814021110|945.07
1786644675|20260814021115|944.99
1786644680|20260814021120|945.12
1786644685|20260814021125|945.09
1786644695|20260814021135|945.19
1786644705|20260814021145|945.27
1786644710|20260814021150|945.24
1786644715|20260814021155|945.31
1786644725|20260814021205|945.32
1786644730|20260814021210|945.35
1786644735|20260814021215|945.47
1786644740|20260814021220|945.53
1786644745|20260814021225|945.72
1786644755|20260814021235|945.80
1786644760|20260814021240|945.76
1786644765|20260814021245|945.87
1786644770|20260814021250|945.80
1786644775|20260814021255|945.79
1786644785|20260814021305|945.70
1786644790|20260814021310|945.72
1786644795|20260814021315|945.76
1786644800|20260814021320|945.78
1786644805|20260814021325|945.84
1786644815|20260814021335|945.84
1786644820|20260814021340|945.90
1786644825|20260814021345|945.89
1786644830|20260814021350|945.96
1786644835|20260814021355|945.92
1786644850|20260814021410|945.82
1786644855|20260814021415|945.78
1786644860|20260814021420|945.75
1786644865|20260814021425|945.76
1786644905|20260814021505|945.80
1786644910|20260814021510|945.77
1786644915|20260814021515|945.78
1786644920|20260814021520|945.91
1786644925|20260814021525|945.78
1786644935|20260814021535|945.71
1786644940|20260814021540|945.69
1786644945|20260814021545|945.74
1786644950|20260814021550|945.73
1786644955|20260814021555|945.76
1786644965|20260814021605|945.78
1786644970|20260814021610|945.81
1786644975|20260814021615|945.74
1786644980|20260814021620|945.77
1786644985|20260814021625|945.77
1786644995|20260814021635|945.80
1786645000|20260814021640|945.66
1786645005|20260814021645|945.68
1786645010|20260814021650|945.71
1786645015|20260814021655|945.68
1786645025|20260814021705|945.67
1786645030|20260814021710|945.57
1786645035|20260814021715|945.60
1786645040|20260814021720|945.71
1786645045|20260814021725|945.74
1786645055|20260814021735|945.82
1786645060|20260814021740|945.77
1786645065|20260814021745|945.76
1786645070|20260814021750|945.76
1786645075|20260814021755|945.83
1786645085|20260814021805|945.76
1786645090|20260814021810|945.74
1786645095|20260814021815|945.81
1786645100|20260814021820|945.79
1786645105|20260814021825|945.76
1786645115|20260814021835|945.82
1786645120|20260814021840|946.09
1786645125|20260814021845|946.10
1786645130|20260814021850|946.10
1786645135|20260814021855|946.00
1786645150|20260814021910|946.07
1786645155|20260814021915|946.08
1786645160|20260814021920|946.03
1786645165|20260814021925|946.05
1786645200|20260814022000|946.05
1786645210|20260814022010|946.00
1786645215|20260814022015|945.99
1786645220|20260814022020|945.98
1786645225|20260814022025|945.99
1786645235|20260814022035|946.00
1786645240|20260814022040|946.03
1786645245|20260814022045|946.03
1786645250|20260814022050|945.89
1786645255|20260814022055|945.87
1786645265|20260814022105|945.88
1786645275|20260814022115|945.91
1786645280|20260814022120|945.88
1786645285|20260814022125|945.95
1786645295|20260814022135|945.81
1786645300|20260814022140|945.76
1786645305|20260814022145|945.69
1786645310|20260814022150|945.69
1786645315|20260814022155|945.65
1786645325|20260814022205|945.55
1786645330|20260814022210|945.52
1786645335|20260814022215|945.51
1786645340|20260814022220|945.57
1786645345|20260814022225|945.55
1786645355|20260814022235|945.55
1786645360|20260814022240|945.54
1786645370|20260814022250|945.58
1786645375|20260814022255|945.64
1786645385|20260814022305|945.59
1786645390|20260814022310|945.52
1786645395|20260814022315|945.55
1786645400|20260814022320|945.54
1786645405|20260814022325|945.53
1786645415|20260814022335|945.54
1786645420|20260814022340|945.52
1786645435|20260814022355|945.45
1786645445|20260814022405|945.40
1786645450|20260814022410|945.33
1786645455|20260814022415|944.85
1786645460|20260814022420|944.82
1786645465|20260814022425|944.82
1786645505|20260814022505|944.65
1786645515|20260814022515|944.62
1786645520|20260814022520|944.60
1786645525|20260814022525|944.59
1786645535|20260814022535|944.60
1786645540|20260814022540|944.58
1786645545|20260814022545|944.62
1786645550|20260814022550|944.63
1786645555|20260814022555|944.52
1786645565|20260814022605|944.29
1786645570|20260814022610|944.32
1786645575|20260814022615|944.31
1786645580|20260814022620|944.34
1786645585|20260814022625|944.37
1786645595|20260814022635|944.41
1786645600|20260814022640|944.44
1786645605|20260814022645|944.48
1786645610|20260814022650|944.47
1786645615|20260814022655|944.52
1786645625|20260814022705|944.50
1786645630|20260814022710|944.52
1786645635|20260814022715|944.50
1786645640|20260814022720|944.51
1786645645|20260814022725|944.49
1786645655|20260814022735|944.49
1786645660|20260814022740|944.59
1786645670|20260814022750|944.73
1786645675|20260814022755|944.69
1786645685|20260814022805|944.77
1786645690|20260814022810|944.76
1786645695|20260814022815|944.77
1786645700|20260814022820|944.75
1786645705|20260814022825|944.77
1786645715|20260814022835|944.86
1786645725|20260814022845|944.91
1786645730|20260814022850|944.95
1786645735|20260814022855|944.99
1786645745|20260814022905|944.96
1786645750|20260814022910|944.90
1786645755|20260814022915|944.85
1786645760|20260814022920|944.89
1786645765|20260814022925|944.84
1786645800|20260814023000|944.83
1786645805|20260814023005|944.93
1786645810|20260814023010|944.92
1786645815|20260814023015|944.74
1786645820|20260814023020|944.75
1786645825|20260814023025|944.79
1786645840|20260814023040|944.99
1786645845|20260814023045|945.04
1786645865|20260814023105|944.96
1786645870|20260814023110|944.97
1786645875|20260814023115|944.98
1786645885|20260814023125|945.12
1786645900|20260814023140|944.93
1786645905|20260814023145|945.09
1786645910|20260814023150|945.08
1786645915|20260814023155|945.00
1786645925|20260814023205|944.99
1786645930|20260814023210|944.97
1786645935|20260814023215|944.97
1786645940|20260814023220|944.90
1786645945|20260814023225|944.93
1786645955|20260814023235|944.69
1786645960|20260814023240|944.78
1786645965|20260814023245|944.75
1786645970|20260814023250|944.77
1786645985|20260814023305|944.78
1786645990|20260814023310|944.77
1786645995|20260814023315|944.75
1786646000|20260814023320|944.84
1786646015|20260814023335|944.73
1786646020|20260814023340|944.79
1786646030|20260814023350|944.62
1786646035|20260814023355|944.68
1786646045|20260814023405|944.66
1786646055|20260814023415|944.60
1786646060|20260814023420|944.73
1786646065|20260814023425|944.72
1786646105|20260814023505|945.06
1786646110|20260814023510|944.97
1786646120|20260814023520|944.90
1786646125|20260814023525|944.91
1786646135|20260814023535|944.92
1786646140|20260814023540|944.97
1786646145|20260814023545|944.99
1786646150|20260814023550|944.97
1786646155|20260814023555|945.00
1786646165|20260814023605|945.07
1786646170|20260814023610|945.14
1786646175|20260814023615|945.21
1786646180|20260814023620|945.19
1786646185|20260814023625|945.17
1786646195|20260814023635|945.10
1786646200|20260814023640|945.07
1786646205|20260814023645|945.17
1786646210|20260814023650|945.17
1786646215|20260814023655|945.16
1786646225|20260814023705|945.16
1786646235|20260814023715|945.19
1786646255|20260814023735|945.31
1786646260|20260814023740|945.28
1786646270|20260814023750|945.27
1786646275|20260814023755|945.27
1786646285|20260814023805|945.18
1786646290|20260814023810|945.24
1786646295|20260814023815|945.22
1786646300|20260814023820|945.24
1786646305|20260814023825|945.23
1786646315|20260814023835|945.24
1786646320|20260814023840|945.24
1786646330|20260814023850|945.18
1786646335|20260814023855|945.22
1786646345|20260814023905|945.32
1786646355|20260814023915|945.18
1786646360|20260814023920|945.22
1786646365|20260814023925|945.29
1786646380|20260814023940|945.29
1786646400|20260814024000|945.26
1786646405|20260814024005|945.22
1786646410|20260814024010|945.23
1786646415|20260814024015|945.31
1786646425|20260814024025|945.25
1786646435|20260814024035|945.32
1786646440|20260814024040|945.43
1786646445|20260814024045|945.47
1786646455|20260814024055|945.33
1786646465|20260814024105|945.17
1786646470|20260814024110|945.22
1786646475|20260814024115|945.29
1786646480|20260814024120|945.29
1786646495|20260814024135|945.02
1786646500|20260814024140|945.03
1786646505|20260814024145|945.14
1786646510|20260814024150|945.16
1786646515|20260814024155|945.18
1786646525|20260814024205|945.01
1786646530|20260814024210|944.89
1786646540|20260814024220|944.88
1786646545|20260814024225|944.89
1786646555|20260814024235|944.97
1786646560|20260814024240|944.94
1786646570|20260814024250|945.05
1786646575|20260814024255|945.03
1786646585|20260814024305|945.05
1786646595|20260814024315|945.01
1786646600|20260814024320|944.98
1786646615|20260814024335|944.95
1786646620|20260814024340|944.93
1786646625|20260814024345|944.90
1786646630|20260814024350|944.90
1786646635|20260814024355|944.86
1786646640|20260814024400|944.88
1786646645|20260814024405|944.87
1786646655|20260814024415|944.86
1786646660|20260814024420|944.94
1786646665|20260814024425|944.95
1786646705|20260814024505|944.95
1786646710|20260814024510|944.98
1786646715|20260814024515|944.96
1786646720|20260814024520|944.95
1786646725|20260814024525|944.97
1786646735|20260814024535|944.98
1786646740|20260814024540|944.95
1786646745|20260814024545|944.93
1786646760|20260814024600|944.83
1786646770|20260814024610|944.95
1786646775|20260814024615|944.96
1786646780|20260814024620|944.96
1786646785|20260814024625|944.96
1786646795|20260814024635|944.96
1786646800|20260814024640|944.97
1786646805|20260814024645|944.97
1786646810|20260814024650|944.97
1786646815|20260814024655|944.96
1786646825|20260814024705|944.95
1786646830|20260814024710|944.98
1786646835|20260814024715|944.87
1786646840|20260814024720|944.86
1786646845|20260814024725|944.83
1786646855|20260814024735|944.83
1786646860|20260814024740|944.84
1786646865|20260814024745|944.81
1786646870|20260814024750|944.85
1786646875|20260814024755|944.84
1786646885|20260814024805|944.86
1786646895|20260814024815|944.86
1786646905|20260814024825|944.75
1786646915|20260814024835|944.70
1786646920|20260814024840|944.68
1786646925|20260814024845|944.65
1786646930|20260814024850|944.66
1786646935|20260814024855|944.71
1786646945|20260814024905|944.71
1786646950|20260814024910|944.71
1786646955|20260814024915|944.76
1786646960|20260814024920|944.77
1786646980|20260814024940|944.73
1786647000|20260814025000|944.75
1786647005|20260814025005|944.82
1786647010|20260814025010|944.82
1786647015|20260814025015|944.82
1786647020|20260814025020|944.79
1786647035|20260814025035|944.64
1786647040|20260814025040|944.72
1786647045|20260814025045|944.62
1786647050|20260814025050|944.57
1786647055|20260814025055|944.48
1786647065|20260814025105|944.45
1786647070|20260814025110|944.47
1786647075|20260814025115|944.52
1786647080|20260814025120|944.50
1786647095|20260814025135|944.44
1786647105|20260814025145|944.46
1786647110|20260814025150|944.46
1786647115|20260814025155|944.36
1786647125|20260814025205|944.42
1786647130|20260814025210|944.38
1786647135|20260814025215|944.37
1786647155|20260814025235|944.32
1786647160|20260814025240|944.29
1786647165|20260814025245|944.27
1786647170|20260814025250|944.40
1786647175|20260814025255|944.43
1786647185|20260814025305|944.51
1786647190|20260814025310|944.51
1786647195|20260814025315|944.56
1786647200|20260814025320|944.57
1786647205|20260814025325|944.47
1786647215|20260814025335|944.40
1786647220|20260814025340|944.48
1786647225|20260814025345|944.32
1786647230|20260814025350|944.34
1786647245|20260814025405|944.50
1786647250|20260814025410|944.50
1786647255|20260814025415|944.58
1786647260|20260814025420|944.60
1786647265|20260814025425|944.60
1786647305|20260814025505|944.87
1786647310|20260814025510|944.84
1786647315|20260814025515|944.85
1786647320|20260814025520|944.84
1786647325|20260814025525|944.80
1786647335|20260814025535|944.83
1786647340|20260814025540|944.79
1786647345|20260814025545|944.78
1786647350|20260814025550|944.80
1786647355|20260814025555|944.81
1786647365|20260814025605|944.73
1786647370|20260814025610|944.71
1786647375|20260814025615|944.70
1786647380|20260814025620|944.71
1786647385|20260814025625|944.72
1786647395|20260814025635|944.72
1786647400|20260814025640|944.70
1786647405|20260814025645|944.68
1786647410|20260814025650|944.67
1786647415|20260814025655|944.71
1786647425|20260814025705|944.81
1786647430|20260814025710|944.82
1786647435|20260814025715|944.71
1786647440|20260814025720|944.74
1786647445|20260814025725|944.74
1786647455|20260814025735|944.82
1786647460|20260814025740|944.83
1786647465|20260814025745|944.83
1786647470|20260814025750|944.82
1786647475|20260814025755|944.79
1786647485|20260814025805|944.77
1786647490|20260814025810|944.81
1786647495|20260814025815|944.80
1786647500|20260814025820|944.83
1786647505|20260814025825|944.82
1786647515|20260814025835|944.84
1786647520|20260814025840|944.81
1786647535|20260814025855|944.85
1786647545|20260814025905|944.79
1786647550|20260814025910|944.79
1786647555|20260814025915|944.77
1786647560|20260814025920|944.79
1786647565|20260814025925|944.73
1786647600|20260814030000|944.74
1786647605|20260814030005|944.75
1786647610|20260814030010|944.72
1786647615|20260814030015|944.76
1786647620|20260814030020|944.73
1786647625|20260814030025|944.70
1786647635|20260814030035|944.80
1786647640|20260814030040|944.80
1786647645|20260814030045|944.75
1786647650|20260814030050|944.77
1786647655|20260814030055|944.83
1786647665|20260814030105|944.89
1786647670|20260814030110|944.91
1786647675|20260814030115|944.94
1786647680|20260814030120|944.90
1786647685|20260814030125|944.90
1786647695|20260814030135|944.92
1786647700|20260814030140|944.90
1786647705|20260814030145|944.90
1786647715|20260814030155|944.69
1786647720|20260814030200|944.68
1786647725|20260814030205|944.69
1786647730|20260814030210|944.72
1786647735|20260814030215|944.65
1786647740|20260814030220|944.61
1786647745|20260814030225|944.62
1786647755|20260814030235|944.80
1786647760|20260814030240|944.85
1786647765|20260814030245|944.91
1786647770|20260814030250|944.93
1786647775|20260814030255|944.92
1786647785|20260814030305|944.96
1786647790|20260814030310|944.96
1786647795|20260814030315|944.96
1786647800|20260814030320|944.99
1786647805|20260814030325|944.97
1786647815|20260814030335|944.96
1786647820|20260814030340|944.94
1786647825|20260814030345|945.02
1786647830|20260814030350|945.15
1786647835|20260814030355|945.15
1786647840|20260814030400|945.10
1786647845|20260814030405|945.07
1786647850|20260814030410|945.04
1786647855|20260814030415|945.00
1786647860|20260814030420|944.97
1786647865|20260814030425|945.04
1786647905|20260814030505|944.94
1786647910|20260814030510|944.96
1786647915|20260814030515|944.97
1786647925|20260814030525|944.99
1786647935|20260814030535|945.02
1786647940|20260814030540|944.98
1786647945|20260814030545|944.97
1786647955|20260814030555|945.00
1786647975|20260814030615|944.93
1786647985|20260814030625|944.95
1786647995|20260814030635|944.88
1786648005|20260814030645|944.95
1786648010|20260814030650|944.84
1786648015|20260814030655|944.84
1786648025|20260814030705|944.83
1786648030|20260814030710|944.84
1786648040|20260814030720|944.77
1786648045|20260814030725|944.68
1786648060|20260814030740|944.50
1786648070|20260814030750|944.47
1786648075|20260814030755|944.43
1786648085|20260814030805|944.43
1786648090|20260814030810|944.29
1786648095|20260814030815|944.20
1786648100|20260814030820|944.17
1786648115|20260814030835|944.00
1786648125|20260814030845|944.11
1786648130|20260814030850|944.13
1786648155|20260814030915|944.00
1786648160|20260814030920|944.01
1786648165|20260814030925|944.03
1786648180|20260814030940|944.00
1786648200|20260814031000|944.01
1786648205|20260814031005|944.01
1786648210|20260814031010|944.02
1786648215|20260814031015|944.01
1786648220|20260814031020|943.96
1786648225|20260814031025|943.93
1786648235|20260814031035|943.94
1786648240|20260814031040|943.95
1786648245|20260814031045|943.95
1786648250|20260814031050|943.87
1786648255|20260814031055|943.94
1786648265|20260814031105|943.87
1786648270|20260814031110|943.77
1786648275|20260814031115|943.77
1786648280|20260814031120|943.73
1786648285|20260814031125|943.77
1786648295|20260814031135|943.77
1786648300|20260814031140|943.79
1786648310|20260814031150|943.78
1786648315|20260814031155|943.77
1786648325|20260814031205|943.82
1786648330|20260814031210|943.85
1786648335|20260814031215|943.88
1786648340|20260814031220|943.90
1786648345|20260814031225|943.92
1786648355|20260814031235|943.89
1786648360|20260814031240|943.91
1786648370|20260814031250|943.94
1786648375|20260814031255|943.99
1786648385|20260814031305|943.86
1786648390|20260814031310|943.85
1786648395|20260814031315|943.84
1786648400|20260814031320|943.72
1786648405|20260814031325|943.73
1786648415|20260814031335|943.76
1786648420|20260814031340|943.75
1786648425|20260814031345|943.76
1786648430|20260814031350|943.68
1786648435|20260814031355|943.34
1786648445|20260814031405|942.76
1786648450|20260814031410|942.55
1786648455|20260814031415|942.48
1786648460|20260814031420|942.55
1786648465|20260814031425|942.73
1786648500|20260814031500|942.65
1786648505|20260814031505|942.45
1786648510|20260814031510|942.43
1786648515|20260814031515|941.92
1786648520|20260814031520|942.11
1786648525|20260814031525|942.12
1786648535|20260814031535|942.30
1786648540|20260814031540|942.63
1786648545|20260814031545|942.63
1786648550|20260814031550|942.65
1786648555|20260814031555|942.76
1786648560|20260814031600|942.82
1786648565|20260814031605|942.83
1786648570|20260814031610|942.82
1786648575|20260814031615|942.77
1786648580|20260814031620|942.48
1786648585|20260814031625|942.51
1786648595|20260814031635|942.59
1786648600|20260814031640|942.63
1786648605|20260814031645|942.63
1786648610|20260814031650|942.62
1786648615|20260814031655|942.69
1786648630|20260814031710|942.76
1786648635|20260814031715|942.70
1786648645|20260814031725|942.63
1786648655|20260814031735|942.80
1786648665|20260814031745|942.75
1786648670|20260814031750|942.77
1786648675|20260814031755|942.81
1786648685|20260814031805|942.77
1786648690|20260814031810|942.63
1786648695|20260814031815|942.57
1786648700|20260814031820|942.64
1786648705|20260814031825|942.75
1786648715|20260814031835|942.51
1786648720|20260814031840|942.55
1786648725|20260814031845|942.53
1786648730|20260814031850|942.75
1786648735|20260814031855|942.75
1786648750|20260814031910|942.78
1786648755|20260814031915|942.60
1786648760|20260814031920|942.60
1786648765|20260814031925|942.52
1786648800|20260814032000|942.69
1786648805|20260814032005|942.79
1786648810|20260814032010|942.93
1786648815|20260814032015|942.90
1786648820|20260814032020|942.88
1786648825|20260814032025|942.84
1786648835|20260814032035|942.82
1786648840|20260814032040|942.80
1786648845|20260814032045|942.79
1786648850|20260814032050|942.71
1786648855|20260814032055|942.72
1786648865|20260814032105|942.76
1786648870|20260814032110|942.68
1786648875|20260814032115|942.68
1786648880|20260814032120|942.62
1786648885|20260814032125|942.57
1786648895|20260814032135|942.53
1786648905|20260814032145|942.56
1786648910|20260814032150|942.55
1786648915|20260814032155|942.50
1786648920|20260814032200|942.47
1786648925|20260814032205|942.52
1786648930|20260814032210|942.53
1786648935|20260814032215|942.79
1786648940|20260814032220|942.79
1786648945|20260814032225|942.84
1786648955|20260814032235|942.95
1786648960|20260814032240|942.96
1786648965|20260814032245|942.92
1786648970|20260814032250|942.93
1786648975|20260814032255|942.90
1786648985|20260814032305|942.87
1786648990|20260814032310|942.97
1786648995|20260814032315|942.97
1786649000|20260814032320|942.97
1786649005|20260814032325|942.98
1786649015|20260814032335|942.94
1786649020|20260814032340|942.91
1786649025|20260814032345|942.94
1786649030|20260814032350|942.98
1786649035|20260814032355|942.97
1786649040|20260814032400|942.99
1786649050|20260814032410|942.90
1786649055|20260814032415|942.92
1786649060|20260814032420|942.91
1786649065|20260814032425|942.94
1786649105|20260814032505|942.94
1786649110|20260814032510|942.93
1786649115|20260814032515|942.92
1786649120|20260814032520|942.94
1786649125|20260814032525|942.89
1786649135|20260814032535|942.88
1786649140|20260814032540|942.95
1786649145|20260814032545|942.91
1786649150|20260814032550|942.93
1786649165|20260814032605|943.20
1786649170|20260814032610|943.21
1786649175|20260814032615|943.29
1786649180|20260814032620|943.32
1786649185|20260814032625|943.34
1786649200|20260814032640|943.26
1786649205|20260814032645|943.39
1786649210|20260814032650|943.34
1786649215|20260814032655|943.44
1786649225|20260814032705|943.20
1786649230|20260814032710|943.12
1786649235|20260814032715|943.14
1786649240|20260814032720|943.14
1786649245|20260814032725|943.15
1786649255|20260814032735|943.22
1786649260|20260814032740|943.32
1786649265|20260814032745|943.31
1786649270|20260814032750|943.37
1786649275|20260814032755|943.45
1786649280|20260814032800|943.36
1786649290|20260814032810|943.34
1786649295|20260814032815|943.30
1786649300|20260814032820|943.31
1786649305|20260814032825|943.25
1786649315|20260814032835|943.31
1786649320|20260814032840|943.36
1786649330|20260814032850|943.37
1786649350|20260814032910|943.50
1786649355|20260814032915|943.53
1786649360|20260814032920|943.55
1786649365|20260814032925|943.55
1786649405|20260814033005|943.48
1786649410|20260814033010|943.54
1786649425|20260814033025|943.60
1786649445|20260814033045|943.52
1786649455|20260814033055|943.52
1786649460|20260814033100|943.53
1786649465|20260814033105|943.54
1786649470|20260814033110|943.49
1786649475|20260814033115|943.53
1786649480|20260814033120|943.40
1786649485|20260814033125|943.33
1786649495|20260814033135|943.29
1786649500|20260814033140|943.24
1786649505|20260814033145|943.27
1786649510|20260814033150|943.30
1786649515|20260814033155|943.26
1786649525|20260814033205|943.17
1786649530|20260814033210|943.21
1786649535|20260814033215|943.23
1786649540|20260814033220|943.25
1786649545|20260814033225|943.22
1786649555|20260814033235|943.25
1786649560|20260814033240|943.32
1786649565|20260814033245|943.27
1786649570|20260814033250|943.26
1786649575|20260814033255|943.22
1786649580|20260814033300|943.23
1786649585|20260814033305|943.26
1786649590|20260814033310|943.26
1786649600|20260814033320|943.36
1786649605|20260814033325|943.35
1786649615|20260814033335|943.40
1786649630|20260814033350|943.55
1786649635|20260814033355|943.54
1786649640|20260814033400|943.60
1786649645|20260814033405|943.63
1786649650|20260814033410|943.59
1786649655|20260814033415|943.59
1786649660|20260814033420|943.55
1786649665|20260814033425|943.51
1786649700|20260814033500|943.36
1786649705|20260814033505|943.44
1786649710|20260814033510|943.40
1786649715|20260814033515|943.53
1786649720|20260814033520|943.55
1786649735|20260814033535|943.54
1786649740|20260814033540|943.53
1786649750|20260814033550|943.50
1786649755|20260814033555|943.49
1786649760|20260814033600|943.49
1786649765|20260814033605|943.42
1786649770|20260814033610|943.40
1786649775|20260814033615|943.40
1786649785|20260814033625|943.44
1786649795|20260814033635|943.50
1786649800|20260814033640|943.48
1786649815|20260814033655|943.57
1786649820|20260814033700|943.56
1786649825|20260814033705|943.51
1786649830|20260814033710|943.51
1786649835|20260814033715|943.49
1786649840|20260814033720|943.48
1786649845|20260814033725|943.44
1786649855|20260814033735|943.39
1786649865|20260814033745|943.43
1786649870|20260814033750|943.49
1786649875|20260814033755|943.48
1786649885|20260814033805|943.50
1786649890|20260814033810|943.61
1786649895|20260814033815|943.63
1786649915|20260814033835|943.76
1786649920|20260814033840|943.80
1786649925|20260814033845|943.92
1786649935|20260814033855|943.99
1786649945|20260814033905|944.02
1786649950|20260814033910|944.05
1786649960|20260814033920|944.01
1786649975|20260814033935|943.81
1786650005|20260814034005|943.91
1786650010|20260814034010|943.87
1786650015|20260814034015|943.88
1786650020|20260814034020|943.88
1786650035|20260814034035|943.70
1786650045|20260814034045|943.73
1786650050|20260814034050|943.80
1786650055|20260814034055|943.82
1786650060|20260814034100|943.82
1786650065|20260814034105|943.91
1786650070|20260814034110|943.57
1786650075|20260814034115|943.75
1786650080|20260814034120|943.69
1786650085|20260814034125|943.70
1786650095|20260814034135|943.72
1786650100|20260814034140|943.71
1786650105|20260814034145|943.68
1786650115|20260814034155|943.68
1786650120|20260814034200|943.69
1786650125|20260814034205|943.73
1786650130|20260814034210|943.69
1786650135|20260814034215|943.64
1786650155|20260814034235|943.58
1786650160|20260814034240|943.61
1786650165|20260814034245|943.59
1786650170|20260814034250|943.63
1786650175|20260814034255|943.65
1786650180|20260814034300|943.61
1786650185|20260814034305|943.61
1786650190|20260814034310|943.65
1786650195|20260814034315|943.60
1786650200|20260814034320|943.73
1786650205|20260814034325|943.74
1786650215|20260814034335|943.77
1786650220|20260814034340|943.82
1786650225|20260814034345|943.79
1786650230|20260814034350|943.76
1786650235|20260814034355|943.79
1786650245|20260814034405|943.78
1786650250|20260814034410|943.81
1786650255|20260814034415|943.68
1786650260|20260814034420|943.52
1786650265|20260814034425|943.48
1786650300|20260814034500|943.54
1786650305|20260814034505|943.52
1786650310|20260814034510|943.54
1786650315|20260814034515|943.39
1786650325|20260814034525|943.24
1786650335|20260814034535|943.17
1786650340|20260814034540|943.25
1786650345|20260814034545|943.25
1786650350|20260814034550|943.29
1786650355|20260814034555|943.28
1786650365|20260814034605|942.91
1786650370|20260814034610|942.87
1786650375|20260814034615|942.81
1786650380|20260814034620|942.94
1786650385|20260814034625|943.06
1786650395|20260814034635|943.05
1786650400|20260814034640|942.90
1786650405|20260814034645|942.97
1786650410|20260814034650|942.97
1786650415|20260814034655|942.99
1786650425|20260814034705|942.99
1786650430|20260814034710|942.92
1786650440|20260814034720|942.90
1786650445|20260814034725|942.96
1786650455|20260814034735|942.91
1786650460|20260814034740|942.93
1786650465|20260814034745|942.95
1786650470|20260814034750|942.98
1786650475|20260814034755|942.96
1786650485|20260814034805|942.86
1786650490|20260814034810|942.88
1786650495|20260814034815|942.87
1786650500|20260814034820|942.97
1786650505|20260814034825|942.89
1786650520|20260814034840|942.83
1786650550|20260814034910|942.95
1786650555|20260814034915|942.95
1786650560|20260814034920|943.00
1786650605|20260814035005|943.18
1786650610|20260814035010|943.08
1786650620|20260814035020|942.94
1786650625|20260814035025|942.99
1786650635|20260814035035|943.06
1786650640|20260814035040|942.98
1786650645|20260814035045|943.00
1786650650|20260814035050|943.02
1786650655|20260814035055|943.03
1786650665|20260814035105|943.02
1786650670|20260814035110|943.04
1786650685|20260814035125|943.09
1786650695|20260814035135|943.11
1786650700|20260814035140|943.11
1786650705|20260814035145|943.11
1786650715|20260814035155|943.03
1786650720|20260814035200|943.06
1786650725|20260814035205|943.13
1786650730|20260814035210|943.14
1786650740|20260814035220|943.22
1786650745|20260814035225|943.20
1786650760|20260814035240|943.23
1786650765|20260814035245|943.23
1786650770|20260814035250|943.24
1786650775|20260814035255|943.28
1786650780|20260814035300|943.24
1786650785|20260814035305|943.18
1786650790|20260814035310|943.20
1786650795|20260814035315|943.08
1786650800|20260814035320|943.13
1786650805|20260814035325|943.10
1786650815|20260814035335|943.09
1786650825|20260814035345|943.17
1786650830|20260814035350|943.22
1786650835|20260814035355|943.14
1786650840|20260814035400|943.21
1786650845|20260814035405|943.14
1786650850|20260814035410|943.14
1786650855|20260814035415|943.22
1786650865|20260814035425|943.36
1786650900|20260814035500|943.27
1786650905|20260814035505|943.35
1786650910|20260814035510|943.03
1786650915|20260814035515|943.00
1786650920|20260814035520|942.94
1786650925|20260814035525|942.95
1786650935|20260814035535|942.98
1786650940|20260814035540|942.99
1786650945|20260814035545|942.99
1786650950|20260814035550|943.00
1786650955|20260814035555|943.09
1786650960|20260814035600|943.11
1786650965|20260814035605|943.04
1786650970|20260814035610|943.13
1786650975|20260814035615|943.11
1786650980|20260814035620|943.08
1786650985|20260814035625|943.09
1786650995|20260814035635|943.20
1786651000|20260814035640|943.23
1786651005|20260814035645|943.15
1786651015|20260814035655|943.17
1786651020|20260814035700|943.01
1786651025|20260814035705|943.04
1786651030|20260814035710|942.95
1786651035|20260814035715|942.94
1786651040|20260814035720|942.90
1786651055|20260814035735|942.92
1786651060|20260814035740|942.95
1786651065|20260814035745|942.96
1786651070|20260814035750|942.97
1786651075|20260814035755|942.97
1786651080|20260814035800|943.00
1786651100|20260814035820|942.90
1786651105|20260814035825|942.85
1786651115|20260814035835|942.85
1786651120|20260814035840|942.85
1786651125|20260814035845|942.96
1786651130|20260814035850|942.97
1786651135|20260814035855|942.98
1786651140|20260814035900|943.06
1786651150|20260814035910|943.26
1786651155|20260814035915|943.27
1786651160|20260814035920|943.22
1786651165|20260814035925|943.20
1786651205|20260814040005|943.29
1786651210|20260814040010|943.34
1786651215|20260814040015|943.29
1786651220|20260814040020|943.21
1786651225|20260814040025|943.24
1786651235|20260814040035|943.18
1786651240|20260814040040|943.18
1786651245|20260814040045|943.27
1786651255|20260814040055|943.24
1786651260|20260814040100|943.29
1786651270|20260814040110|943.06
1786651275|20260814040115|943.07
1786651280|20260814040120|943.05
1786651285|20260814040125|943.11
1786651295|20260814040135|942.98
1786651300|20260814040140|943.00
1786651305|20260814040145|943.04
1786651315|20260814040155|942.81
1786651320|20260814040200|942.57
1786651325|20260814040205|942.65
1786651330|20260814040210|942.64
1786651335|20260814040215|942.69
1786651340|20260814040220|942.62
1786651345|20260814040225|942.60
1786651355|20260814040235|942.69
1786651360|20260814040240|942.69
1786651365|20260814040245|942.66
1786651370|20260814040250|942.68
1786651375|20260814040255|942.70
1786651385|20260814040305|942.73
1786651390|20260814040310|942.77
1786651395|20260814040315|942.74
1786651400|20260814040320|942.80
1786651405|20260814040325|942.75
1786651415|20260814040335|942.67
1786651420|20260814040340|942.69
1786651425|20260814040345|942.68
1786651435|20260814040355|942.71
1786651440|20260814040400|942.72
1786651450|20260814040410|942.75
1786651465|20260814040425|942.71
1786651500|20260814040500|942.84
1786651505|20260814040505|942.82
1786651510|20260814040510|942.83
1786651515|20260814040515|942.83
1786651520|20260814040520|942.85
1786651535|20260814040535|942.87
1786651540|20260814040540|942.85
1786651545|20260814040545|942.88
1786651550|20260814040550|942.85
1786651555|20260814040555|942.87
1786651560|20260814040600|942.90
1786651565|20260814040605|942.93
1786651570|20260814040610|942.99
1786651575|20260814040615|942.98
1786651580|20260814040620|942.97
1786651585|20260814040625|942.97
1786651595|20260814040635|943.01
1786651600|20260814040640|943.01
1786651605|20260814040645|942.92
1786651610|20260814040650|942.95
1786651615|20260814040655|942.95
1786651620|20260814040700|942.97
1786651625|20260814040705|942.90
1786651630|20260814040710|942.90
1786651645|20260814040725|942.81
1786651665|20260814040745|942.83
1786651670|20260814040750|942.81
1786651690|20260814040810|942.83
1786651695|20260814040815|942.84
1786651700|20260814040820|942.88
1786651715|20260814040835|942.97
1786651720|20260814040840|943.07
1786651730|20260814040850|943.13
1786651735|20260814040855|943.14
1786651745|20260814040905|943.07
1786651750|20260814040910|943.10
1786651755|20260814040915|943.09
1786651760|20260814040920|943.19
1786651765|20260814040925|943.09
1786651800|20260814041000|943.20
1786651810|20260814041010|943.18
1786651815|20260814041015|943.18
1786651820|20260814041020|943.21
1786651825|20260814041025|943.18
1786651835|20260814041035|943.19
1786651840|20260814041040|943.20
1786651845|20260814041045|943.20
1786651850|20260814041050|943.22
1786651855|20260814041055|943.22
1786651860|20260814041100|943.21
1786651865|20260814041105|943.21
1786651870|20260814041110|943.22
1786651875|20260814041115|943.22
1786651885|20260814041125|943.12
1786651895|20260814041135|943.29
1786651900|20260814041140|943.25
1786651905|20260814041145|943.23
1786651915|20260814041155|943.16
1786651925|20260814041205|943.25
1786651930|20260814041210|943.20
1786651935|20260814041215|943.17
1786651940|20260814041220|943.18
1786651945|20260814041225|943.17
1786651955|20260814041235|943.19
1786651960|20260814041240|943.17
1786651965|20260814041245|943.14
1786651970|20260814041250|943.17
1786651975|20260814041255|943.19
1786651980|20260814041300|943.18
1786651985|20260814041305|943.17
1786651990|20260814041310|943.10
1786651995|20260814041315|943.10
1786652000|20260814041320|943.10
1786652005|20260814041325|943.10
1786652015|20260814041335|943.13
1786652020|20260814041340|943.12
1786652025|20260814041345|943.16
1786652030|20260814041350|943.12
1786652035|20260814041355|943.14
1786652045|20260814041405|943.20
1786652050|20260814041410|943.24
1786652060|20260814041420|943.23
1786652065|20260814041425|943.22
1786652110|20260814041510|943.30
1786652115|20260814041515|943.28
1786652120|20260814041520|943.24
1786652125|20260814041525|943.23
1786652135|20260814041535|943.32
1786652140|20260814041540|943.32
1786652145|20260814041545|943.29
1786652155|20260814041555|943.28
1786652175|20260814041615|943.35
1786652180|20260814041620|943.33
1786652185|20260814041625|943.50
1786652195|20260814041635|943.49
1786652200|20260814041640|943.37
1786652205|20260814041645|943.40
1786652215|20260814041655|943.42
1786652225|20260814041705|943.40
1786652230|20260814041710|943.46
1786652235|20260814041715|943.47
1786652240|20260814041720|943.44
1786652245|20260814041725|943.36
1786652255|20260814041735|943.39
1786652260|20260814041740|943.42
1786652265|20260814041745|943.41
1786652270|20260814041750|943.37
1786652275|20260814041755|943.35
1786652285|20260814041805|943.39
1786652295|20260814041815|943.37
1786652300|20260814041820|943.36
1786652305|20260814041825|943.31
1786652315|20260814041835|943.33
1786652320|20260814041840|943.29
1786652325|20260814041845|943.29
1786652330|20260814041850|943.29
1786652335|20260814041855|943.33
1786652345|20260814041905|943.30
1786652350|20260814041910|943.29
1786652360|20260814041920|943.32
1786652365|20260814041925|943.32
1786652400|20260814042000|943.32
1786652405|20260814042005|943.32
1786652410|20260814042010|943.35
1786652415|20260814042015|943.33
1786652420|20260814042020|943.33
1786652425|20260814042025|943.26
1786652435|20260814042035|943.29
1786652445|20260814042045|943.26
1786652450|20260814042050|943.26
1786652465|20260814042105|943.28
1786652470|20260814042110|943.28
1786652475|20260814042115|943.25
1786652480|20260814042120|943.26
1786652485|20260814042125|943.23
1786652495|20260814042135|943.30
1786652500|20260814042140|943.25
1786652505|20260814042145|943.22
1786652510|20260814042150|943.22
1786652515|20260814042155|943.22
1786652525|20260814042205|943.24
1786652530|20260814042210|943.26
1786652535|20260814042215|943.23
1786652540|20260814042220|943.24
1786652555|20260814042235|943.25
1786652565|20260814042245|943.23
1786652570|20260814042250|943.20
1786652575|20260814042255|943.20
1786652585|20260814042305|943.20
1786652590|20260814042310|943.20
1786652595|20260814042315|943.18
1786652600|20260814042320|943.19
1786652605|20260814042325|943.20
1786652615|20260814042335|943.11
1786652620|20260814042340|943.12
1786652625|20260814042345|943.15
1786652635|20260814042355|943.13
1786652645|20260814042405|943.12
1786652650|20260814042410|943.15
1786652660|20260814042420|943.17
1786652665|20260814042425|943.18
1786652705|20260814042505|943.13
1786652710|20260814042510|943.15
1786652715|20260814042515|943.13
1786652725|20260814042525|943.15
1786652735|20260814042535|943.29
1786652740|20260814042540|943.30
1786652745|20260814042545|943.33
1786652750|20260814042550|943.36
1786652755|20260814042555|943.34
1786652765|20260814042605|943.37
1786652770|20260814042610|943.36
1786652775|20260814042615|943.43
1786652785|20260814042625|943.39
1786652795|20260814042635|943.44
1786652805|20260814042645|943.62
1786652810|20260814042650|943.60
1786652815|20260814042655|943.63
1786652820|20260814042700|943.63
1786652835|20260814042715|943.60
1786652840|20260814042720|943.60
1786652855|20260814042735|943.65
1786652860|20260814042740|943.65
1786652865|20260814042745|943.65
1786652870|20260814042750|943.62
1786652875|20260814042755|943.64
1786652885|20260814042805|943.68
1786652890|20260814042810|943.67
1786652895|20260814042815|943.66
1786652900|20260814042820|943.68
1786652905|20260814042825|943.68
1786652915|20260814042835|943.69
1786652920|20260814042840|943.71
1786652925|20260814042845|943.69
1786652930|20260814042850|943.70
1786652935|20260814042855|943.69
1786652940|20260814042900|943.67
1786652945|20260814042905|943.71
1786652950|20260814042910|943.66
1786652955|20260814042915|943.62
1786652960|20260814042920|943.63
1786652965|20260814042925|943.61
1786653005|20260814043005|943.59
1786653010|20260814043010|943.56
1786653015|20260814043015|943.56
1786653020|20260814043020|943.53
1786653035|20260814043035|943.40
1786653040|20260814043040|943.47
1786653045|20260814043045|943.47
1786653050|20260814043050|943.41
1786653055|20260814043055|943.42
1786653060|20260814043100|943.36
1786653065|20260814043105|943.32
1786653070|20260814043110|943.27
1786653080|20260814043120|943.26
1786653085|20260814043125|943.26
1786653110|20260814043150|943.16
1786653115|20260814043155|943.15
1786653120|20260814043200|943.13
1786653125|20260814043205|943.16
1786653130|20260814043210|943.15
1786653135|20260814043215|943.15
1786653145|20260814043225|943.13
1786653160|20260814043240|943.13
1786653165|20260814043245|943.04
1786653170|20260814043250|943.04
1786653185|20260814043305|943.04
1786653190|20260814043310|943.05
1786653195|20260814043315|943.05
1786653205|20260814043325|943.03
1786653215|20260814043335|942.83
1786653225|20260814043345|942.88
1786653230|20260814043350|942.89
1786653245|20260814043405|942.84
1786653250|20260814043410|942.84
1786653255|20260814043415|942.85
1786653265|20260814043425|942.86
1786653300|20260814043500|942.90
1786653305|20260814043505|943.00
1786653310|20260814043510|943.03
1786653320|20260814043520|943.10
1786653325|20260814043525|943.10
1786653335|20260814043535|943.08
1786653340|20260814043540|943.08
1786653345|20260814043545|943.09
1786653355|20260814043555|943.10
1786653360|20260814043600|943.09
1786653365|20260814043605|943.12
1786653370|20260814043610|943.10
1786653375|20260814043615|943.10
1786653395|20260814043635|943.07
1786653400|20260814043640|943.06
1786653405|20260814043645|943.06
1786653410|20260814043650|943.08
1786653415|20260814043655|943.08
1786653425|20260814043705|943.15
1786653430|20260814043710|943.20
1786653435|20260814043715|943.12
1786653440|20260814043720|943.11
1786653455|20260814043735|943.13
1786653460|20260814043740|943.14
1786653465|20260814043745|943.13
1786653470|20260814043750|943.14
1786653475|20260814043755|943.13
1786653485|20260814043805|943.13
1786653500|20260814043820|943.06
1786653505|20260814043825|943.10
1786653515|20260814043835|942.97
1786653520|20260814043840|942.89
1786653525|20260814043845|942.92
1786653530|20260814043850|942.92
1786653535|20260814043855|943.00
1786653545|20260814043905|943.00
1786653550|20260814043910|943.04
1786653555|20260814043915|943.04
1786653560|20260814043920|943.09
1786653605|20260814044005|943.02
1786653610|20260814044010|942.99
1786653615|20260814044015|943.03
1786653620|20260814044020|943.01
1786653635|20260814044035|942.94
1786653640|20260814044040|942.90
1786653655|20260814044055|942.90
1786653660|20260814044100|942.90
1786653665|20260814044105|942.86
1786653670|20260814044110|942.88
1786653675|20260814044115|942.95
1786653680|20260814044120|942.91
1786653685|20260814044125|942.86
1786653695|20260814044135|942.89
1786653700|20260814044140|942.89
1786653705|20260814044145|942.87
1786653715|20260814044155|942.96
1786653760|20260814044240|943.16
1786653770|20260814044250|943.18
1786653775|20260814044255|943.17
1786653780|20260814044300|943.26
1786653790|20260814044310|943.26
1786653795|20260814044315|943.26
1786653800|20260814044320|943.25
1786653805|20260814044325|943.26
1786653820|20260814044340|943.34
1786653825|20260814044345|943.33
1786653830|20260814044350|943.35
1786653835|20260814044355|943.34
1786653840|20260814044400|943.26
1786653845|20260814044405|943.14
1786653850|20260814044410|943.17
1786653855|20260814044415|943.15
1786653860|20260814044420|943.15
1786653900|20260814044500|943.13
1786653905|20260814044505|943.17
1786653910|20260814044510|943.24
1786653915|20260814044515|943.16
1786653920|20260814044520|943.23
1786653925|20260814044525|943.22
1786653940|20260814044540|943.20
1786653955|20260814044555|943.22
1786653960|20260814044600|943.22
1786653965|20260814044605|943.24
1786653970|20260814044610|943.18
1786653980|20260814044620|943.16
1786653995|20260814044635|943.13
1786654000|20260814044640|943.11
1786654005|20260814044645|943.12
1786654010|20260814044650|943.13
1786654030|20260814044710|943.08
1786654040|20260814044720|943.17
1786654045|20260814044725|943.20
1786654060|20260814044740|943.15
1786654065|20260814044745|943.18
1786654070|20260814044750|943.17
1786654075|20260814044755|943.18
1786654085|20260814044805|943.25
1786654090|20260814044810|943.24
1786654095|20260814044815|943.23
1786654100|20260814044820|943.24
1786654105|20260814044825|943.23
1786654115|20260814044835|943.18
1786654120|20260814044840|943.17
1786654125|20260814044845|943.17
1786654135|20260814044855|943.20
1786654140|20260814044900|943.24
1786654150|20260814044910|943.26
1786654155|20260814044915|943.24
1786654160|20260814044920|943.24
1786654165|20260814044925|943.25
1786654205|20260814045005|943.34
1786654210|20260814045010|943.35
1786654215|20260814045015|943.36
1786654220|20260814045020|943.32
1786654235|20260814045035|943.24
1786654255|20260814045055|943.26
1786654260|20260814045100|943.23
1786654265|20260814045105|943.21
1786654270|20260814045110|943.24
1786654280|20260814045120|943.16
1786654285|20260814045125|943.19
1786654295|20260814045135|943.19
1786654300|20260814045140|943.20
1786654310|20260814045150|943.16
1786654315|20260814045155|943.17
1786654320|20260814045200|943.16
1786654325|20260814045205|943.15
1786654335|20260814045215|943.16
1786654340|20260814045220|943.17
1786654355|20260814045235|943.13
1786654360|20260814045240|943.06
1786654365|20260814045245|943.01
1786654375|20260814045255|943.00
1786654380|20260814045300|942.98
1786654385|20260814045305|943.01
1786654390|20260814045310|943.01
1786654395|20260814045315|943.03
1786654400|20260814045320|943.04
1786654405|20260814045325|943.02
1786654415|20260814045335|943.00
1786654420|20260814045340|943.01
1786654425|20260814045345|943.00
1786654430|20260814045350|943.03
1786654435|20260814045355|943.00
1786654445|20260814045405|942.97
1786654450|20260814045410|942.96
1786654455|20260814045415|942.94
1786654460|20260814045420|943.04
1786654500|20260814045500|942.99
1786654505|20260814045505|942.98
1786654510|20260814045510|943.04
1786654515|20260814045515|943.03
1786654520|20260814045520|943.03
1786654535|20260814045535|942.97
1786654540|20260814045540|943.00
1786654545|20260814045545|942.95
1786654550|20260814045550|943.00
1786654555|20260814045555|943.03
1786654565|20260814045605|943.11
1786654570|20260814045610|943.12
1786654575|20260814045615|943.16
1786654580|20260814045620|943.15
1786654585|20260814045625|943.15
1786654595|20260814045635|943.21
1786654600|20260814045640|943.21
1786654605|20260814045645|943.27
1786654610|20260814045650|943.31
1786654615|20260814045655|943.18
1786654620|20260814045700|943.16
1786654625|20260814045705|943.24
1786654630|20260814045710|943.27
1786654640|20260814045720|943.21
1786654645|20260814045725|943.17
1786654655|20260814045735|943.31
1786654660|20260814045740|943.30
1786654665|20260814045745|943.31
1786654670|20260814045750|943.33
1786654675|20260814045755|943.32
1786654680|20260814045800|943.32
1786654685|20260814045805|943.35
1786654690|20260814045810|943.32
1786654695|20260814045815|943.33
1786654700|20260814045820|943.34
1786654705|20260814045825|943.34
1786654715|20260814045835|943.33
1786654725|20260814045845|943.42
1786654730|20260814045850|943.40
1786654735|20260814045855|943.45
1786654745|20260814045905|943.49
1786654750|20260814045910|943.48
1786654755|20260814045915|943.48
1786658415|20260814060015|943.85
1786658425|20260814060025|943.86
1786658440|20260814060040|943.99
1786658445|20260814060045|943.97
1786658450|20260814060050|943.98
1786658455|20260814060055|943.89
1786658465|20260814060105|944.10
1786658470|20260814060110|943.98
1786658475|20260814060115|944.12
1786658480|20260814060120|944.09
1786658495|20260814060135|943.99
1786658500|20260814060140|943.95
1786658505|20260814060145|943.88
1786658510|20260814060150|943.90
1786658520|20260814060200|944.05
1786658525|20260814060205|944.13
1786658540|20260814060220|943.83
1786658545|20260814060225|943.89
1786658555|20260814060235|943.90
1786658560|20260814060240|943.92
1786658565|20260814060245|943.95
1786658570|20260814060250|943.94
1786658575|20260814060255|943.94
1786658585|20260814060305|943.71
1786658590|20260814060310|943.79
1786658595|20260814060315|943.76
1786658605|20260814060325|943.74
1786658615|20260814060335|943.87
1786658620|20260814060340|943.86
1786658625|20260814060345|943.91
1786658630|20260814060350|943.89
1786658635|20260814060355|943.91
1786658640|20260814060400|943.92
1786658645|20260814060405|943.96
1786658650|20260814060410|943.93
1786658655|20260814060415|943.82
1786658660|20260814060420|943.81
1786658700|20260814060500|943.89
1786658705|20260814060505|943.87
1786658710|20260814060510|943.87
1786658715|20260814060515|943.89
1786658720|20260814060520|943.89
1786658725|20260814060525|944.00
1786658740|20260814060540|944.04
1786658745|20260814060545|944.05
1786658750|20260814060550|943.98
1786658760|20260814060600|944.04
1786658765|20260814060605|944.03
1786658770|20260814060610|944.04
1786658775|20260814060615|944.06
1786658780|20260814060620|944.14
1786658795|20260814060635|944.21
1786658800|20260814060640|944.42
1786658805|20260814060645|944.45
1786658810|20260814060650|944.50
1786658815|20260814060655|944.52
1786658825|20260814060705|944.60
1786658830|20260814060710|944.63
1786658835|20260814060715|944.54
1786658840|20260814060720|944.55
1786658855|20260814060735|944.62
1786658860|20260814060740|944.58
1786658865|20260814060745|944.62
1786658870|20260814060750|944.64
1786658875|20260814060755|944.64
1786658880|20260814060800|944.62
1786658885|20260814060805|944.43
1786658890|20260814060810|944.45
1786658895|20260814060815|944.46
1786658900|20260814060820|944.55
1786658905|20260814060825|944.58
1786658915|20260814060835|944.61
1786658920|20260814060840|944.61
1786658925|20260814060845|944.62
1786658930|20260814060850|944.57
1786658935|20260814060855|944.58
1786658940|20260814060900|944.64
1786658950|20260814060910|944.65
1786658955|20260814060915|944.63
1786658960|20260814060920|944.65
1786658965|20260814060925|944.67
1786659005|20260814061005|944.71
1786659015|20260814061015|944.70
1786659020|20260814061020|944.64
1786659025|20260814061025|944.66
1786659035|20260814061035|944.69
1786659040|20260814061040|944.69
1786659045|20260814061045|944.70
1786659050|20260814061050|944.65
1786659055|20260814061055|944.68
1786659065|20260814061105|944.61
1786659070|20260814061110|944.59
1786659075|20260814061115|944.56
1786659095|20260814061135|944.60
1786659100|20260814061140|944.54
1786659105|20260814061145|944.40
1786659125|20260814061205|944.45
1786659130|20260814061210|944.50
1786659135|20260814061215|944.52
1786659140|20260814061220|944.51
1786659145|20260814061225|944.51
1786659155|20260814061235|944.45
1786659160|20260814061240|944.33
1786659165|20260814061245|944.37
1786659175|20260814061255|944.37
1786659185|20260814061305|944.38
1786659190|20260814061310|944.38
1786659195|20260814061315|944.28
1786659205|20260814061325|944.32
1786659215|20260814061335|944.37
1786659220|20260814061340|944.39
1786659225|20260814061345|944.38
1786659230|20260814061350|944.38
1786659240|20260814061400|944.34
1786659245|20260814061405|944.44
1786659255|20260814061415|944.40
1786659265|20260814061425|944.30
1786659300|20260814061500|944.08
1786659305|20260814061505|944.13
1786659310|20260814061510|944.09
1786659320|20260814061520|944.17
1786659325|20260814061525|944.13
1786659340|20260814061540|944.05
1786659345|20260814061545|944.05
1786659350|20260814061550|944.08
1786659355|20260814061555|944.07
1786659365|20260814061605|944.10
1786659375|20260814061615|944.19
1786659380|20260814061620|944.18
1786659385|20260814061625|944.20
1786659395|20260814061635|944.17
1786659400|20260814061640|944.14
1786659405|20260814061645|944.10
1786659410|20260814061650|944.05
1786659425|20260814061705|944.00
1786659430|20260814061710|944.06
1786659435|20260814061715|944.01
1786659440|20260814061720|943.99
1786659445|20260814061725|944.05
1786659455|20260814061735|944.00
1786659460|20260814061740|943.97
1786659465|20260814061745|943.96
1786659470|20260814061750|943.94
1786659475|20260814061755|943.90
1786659485|20260814061805|943.93
1786659490|20260814061810|943.91
1786659495|20260814061815|943.92
1786659500|20260814061820|943.86
1786659505|20260814061825|943.83
1786659515|20260814061835|943.87
1786659520|20260814061840|943.85
1786659525|20260814061845|943.84
1786659530|20260814061850|943.87
1786659535|20260814061855|943.86
1786659545|20260814061905|943.89
1786659555|20260814061915|944.02
1786659560|20260814061920|943.96
1786659565|20260814061925|943.93
1786659605|20260814062005|943.93
1786659610|20260814062010|944.00
1786659615|20260814062015|943.97
1786659620|20260814062020|944.05
1786659625|20260814062025|944.03
1786659635|20260814062035|944.17
1786659640|20260814062040|944.26
1786659645|20260814062045|944.20
1786659650|20260814062050|944.22
1786659655|20260814062055|944.33
1786659660|20260814062100|944.25
1786659670|20260814062110|944.26
1786659675|20260814062115|944.24
1786659680|20260814062120|944.19
1786659685|20260814062125|944.12
1786659695|20260814062135|944.14
1786659700|20260814062140|944.07
1786659705|20260814062145|944.02
1786659710|20260814062150|944.02
1786659720|20260814062200|944.21
1786659725|20260814062205|944.27
1786659730|20260814062210|944.20
1786659735|20260814062215|944.19
1786659745|20260814062225|944.31
1786659755|20260814062235|944.44
1786659775|20260814062255|944.30
1786659785|20260814062305|944.26
1786659795|20260814062315|944.35
1786659800|20260814062320|944.39
1786659820|20260814062340|944.43
1786659825|20260814062345|944.48
1786659835|20260814062355|944.53
1786659840|20260814062400|944.50
1786659845|20260814062405|944.52
1786659850|20260814062410|944.46
1786659855|20260814062415|944.45
1786659860|20260814062420|944.48
1786659865|20260814062425|944.57
1786659900|20260814062500|944.60
1786659905|20260814062505|944.68
1786659910|20260814062510|944.64
1786659915|20260814062515|944.65
1786659920|20260814062520|944.68
1786659925|20260814062525|944.60
1786659935|20260814062535|944.69
1786659945|20260814062545|944.67
1786659950|20260814062550|944.72
1786659955|20260814062555|944.72
1786659960|20260814062600|944.73
1786659965|20260814062605|944.66
1786659970|20260814062610|944.66
1786659975|20260814062615|944.60
1786659980|20260814062620|944.60
1786659985|20260814062625|944.55
1786659995|20260814062635|944.57
1786660000|20260814062640|944.58
1786660010|20260814062650|944.59
1786660015|20260814062655|944.61
1786660025|20260814062705|944.61
1786660030|20260814062710|944.60
1786660035|20260814062715|944.61
1786660040|20260814062720|944.64
1786660045|20260814062725|944.65
1786660060|20260814062740|944.68
1786660070|20260814062750|944.66
1786660075|20260814062755|944.69
1786660080|20260814062800|944.71
1786660095|20260814062815|944.68
1786660100|20260814062820|944.73
1786660105|20260814062825|944.73
1786660115|20260814062835|944.82
1786660125|20260814062845|944.89
1786660130|20260814062850|944.89
1786660135|20260814062855|944.91
1786660140|20260814062900|944.89
1786660145|20260814062905|944.88
1786660150|20260814062910|944.84
1786660155|20260814062915|944.83
1786660160|20260814062920|944.83
1786660210|20260814063010|944.72
1786660215|20260814063015|944.69
1786660220|20260814063020|944.69
1786660225|20260814063025|944.69
1786660240|20260814063040|944.73
1786660250|20260814063050|944.70
1786660255|20260814063055|944.68
1786660265|20260814063105|944.74
1786660270|20260814063110|944.76
1786660275|20260814063115|944.85
1786660280|20260814063120|944.80
1786660285|20260814063125|944.80
1786660295|20260814063135|944.76
1786660300|20260814063140|944.78
1786660305|20260814063145|944.79
1786660320|20260814063200|944.74
1786660330|20260814063210|944.77
1786660335|20260814063215|944.77
1786660345|20260814063225|944.78
1786660365|20260814063245|944.69
1786660370|20260814063250|944.67
1786660375|20260814063255|944.76
1786660380|20260814063300|944.74
1786660385|20260814063305|944.61
1786660390|20260814063310|944.57
1786660395|20260814063315|944.56
1786660400|20260814063320|944.57
1786660405|20260814063325|944.54
1786660415|20260814063335|944.66
1786660425|20260814063345|944.80
1786660435|20260814063355|944.92
1786660440|20260814063400|944.89
1786660445|20260814063405|944.91
1786660450|20260814063410|944.86
1786660455|20260814063415|944.83
1786660460|20260814063420|944.82
1786660500|20260814063500|944.91
1786660505|20260814063505|944.86
1786660510|20260814063510|944.83
1786660515|20260814063515|944.89
1786660520|20260814063520|944.91
1786660525|20260814063525|944.98
1786660535|20260814063535|945.02
1786660540|20260814063540|945.06
1786660550|20260814063550|945.40
1786660555|20260814063555|945.37
1786660560|20260814063600|945.30
1786660575|20260814063615|945.28
1786660580|20260814063620|945.27
1786660585|20260814063625|945.30
1786660600|20260814063640|945.28
1786660605|20260814063645|945.27
1786660610|20260814063650|945.28
1786660615|20260814063655|945.25
1786660620|20260814063700|945.24
1786660625|20260814063705|945.36
1786660630|20260814063710|945.45
1786660640|20260814063720|945.36
1786660645|20260814063725|945.35
1786660660|20260814063740|945.33
1786660665|20260814063745|945.33
1786660670|20260814063750|945.33
1786660675|20260814063755|945.35
1786660685|20260814063805|945.39
1786660690|20260814063810|945.41
1786660695|20260814063815|945.40
1786660700|20260814063820|945.34
1786660720|20260814063840|945.49
1786660725|20260814063845|945.58
1786660745|20260814063905|945.51
1786660750|20260814063910|945.52
1786660755|20260814063915|945.58
1786660760|20260814063920|945.73
1786660765|20260814063925|945.87
1786660805|20260814064005|945.86
1786660810|20260814064010|945.95
1786660820|20260814064020|945.87
1786660825|20260814064025|945.92
1786660835|20260814064035|945.88
1786660840|20260814064040|945.90
1786660850|20260814064050|945.73
1786660855|20260814064055|945.54
1786660865|20260814064105|945.63
1786660870|20260814064110|945.69
1786660875|20260814064115|945.67
1786660880|20260814064120|945.64
1786660895|20260814064135|945.67
1786660900|20260814064140|945.62
1786660905|20260814064145|945.65
1786660910|20260814064150|945.67
1786660915|20260814064155|945.67
1786660925|20260814064205|945.70
1786660930|20260814064210|945.75
1786660935|20260814064215|945.80
1786660940|20260814064220|945.81
1786660945|20260814064225|945.84
1786660955|20260814064235|945.81
1786660960|20260814064240|945.78
1786660965|20260814064245|945.67
1786660970|20260814064250|945.66
1786660975|20260814064255|945.73
1786660980|20260814064300|945.66
1786660985|20260814064305|945.64
1786660990|20260814064310|945.57
1786661000|20260814064320|945.48
1786661025|20260814064345|945.58
1786661035|20260814064355|945.74
1786661040|20260814064400|945.49
1786661045|20260814064405|945.50
1786661050|20260814064410|945.39
1786661055|20260814064415|945.46
1786661060|20260814064420|945.54
1786661065|20260814064425|945.52
1786661100|20260814064500|945.50
1786661105|20260814064505|945.48
1786661115|20260814064515|945.47
1786661120|20260814064520|945.47
1786661125|20260814064525|945.45
1786661135|20260814064535|945.44
1786661140|20260814064540|945.41
1786661145|20260814064545|945.32
1786661155|20260814064555|945.14
1786661165|20260814064605|945.15
1786661170|20260814064610|945.14
1786661175|20260814064615|945.17
1786661180|20260814064620|945.25
1786661195|20260814064635|945.39
1786661200|20260814064640|945.43
1786661205|20260814064645|945.60
1786661210|20260814064650|945.56
1786661215|20260814064655|945.57
1786661220|20260814064700|945.56
1786661225|20260814064705|945.59
1786661230|20260814064710|945.63
1786661235|20260814064715|945.53
1786661240|20260814064720|945.43
1786661245|20260814064725|945.41
1786661255|20260814064735|945.46
1786661265|20260814064745|945.51
1786661270|20260814064750|945.42
1786661275|20260814064755|945.34
1786661285|20260814064805|945.25
1786661290|20260814064810|945.25
1786661295|20260814064815|945.27
1786661300|20260814064820|945.36
1786661305|20260814064825|945.36
1786661315|20260814064835|945.37
1786661320|20260814064840|945.22
1786661330|20260814064850|944.92
1786661335|20260814064855|944.84
1786661340|20260814064900|944.88
1786661345|20260814064905|944.83
1786661350|20260814064910|944.68
1786661355|20260814064915|944.73
1786661385|20260814064945|944.66
1786661405|20260814065005|944.60
1786661410|20260814065010|944.61
1786661415|20260814065015|944.66
1786661420|20260814065020|944.65
1786661425|20260814065025|944.58
1786661435|20260814065035|944.50
1786661440|20260814065040|944.54
1786661445|20260814065045|944.65
1786661450|20260814065050|944.72
1786661455|20260814065055|944.76
1786661465|20260814065105|944.65
1786661470|20260814065110|944.76
1786661475|20260814065115|944.58
1786661480|20260814065120|944.55
1786661485|20260814065125|944.51
1786661495|20260814065135|944.53
1786661500|20260814065140|944.49
1786661505|20260814065145|944.47
1786661510|20260814065150|944.26
1786661520|20260814065200|944.32
1786661525|20260814065205|944.37
1786661530|20260814065210|944.34
1786661535|20260814065215|944.37
1786661545|20260814065225|944.37
1786661555|20260814065235|944.60
1786661560|20260814065240|944.44
1786661565|20260814065245|944.43
1786661570|20260814065250|944.38
1786661575|20260814065255|944.41
1786661585|20260814065305|944.29
1786661595|20260814065315|944.48
1786661600|20260814065320|944.46
1786661605|20260814065325|944.37
1786661615|20260814065335|944.33
1786661620|20260814065340|944.42
1786661625|20260814065345|944.49
1786661630|20260814065350|944.45
1786661635|20260814065355|944.45
1786661645|20260814065405|944.42
1786661650|20260814065410|944.42
1786661655|20260814065415|944.61
1786661660|20260814065420|944.78
1786661665|20260814065425|944.85
1786661695|20260814065455|944.69
1786661700|20260814065500|944.65
1786661705|20260814065505|944.63
1786661715|20260814065515|944.45
1786661735|20260814065535|944.55
1786661740|20260814065540|944.60
1786661745|20260814065545|944.60
1786661755|20260814065555|944.67
1786661760|20260814065600|944.63
1786661765|20260814065605|944.65
1786661770|20260814065610|944.53
1786661775|20260814065615|944.55
1786661780|20260814065620|944.40
1786661785|20260814065625|944.44
1786661795|20260814065635|944.45
1786661800|20260814065640|944.50
1786661805|20260814065645|944.55
1786661810|20260814065650|944.44
1786661815|20260814065655|944.44
1786661820|20260814065700|944.31
1786661825|20260814065705|944.35
1786661830|20260814065710|944.31
1786661835|20260814065715|944.32
1786661845|20260814065725|944.39
1786661855|20260814065735|944.39
1786661860|20260814065740|944.48
1786661865|20260814065745|944.38
1786661870|20260814065750|944.37
1786661875|20260814065755|944.37
1786661885|20260814065805|944.38
1786661890|20260814065810|944.30
1786661895|20260814065815|944.22
1786661915|20260814065835|943.97
1786661920|20260814065840|943.95
1786661925|20260814065845|944.18
1786661930|20260814065850|944.16
1786661935|20260814065855|944.21
1786661940|20260814065900|944.25
1786661945|20260814065905|944.30
1786661950|20260814065910|944.29
1786661955|20260814065915|944.28
1786661960|20260814065920|944.27
1786661965|20260814065925|944.28
1786662010|20260814070010|944.20
1786662015|20260814070015|944.30
1786662020|20260814070020|944.30
1786662040|20260814070040|944.18
1786662045|20260814070045|944.16
1786662050|20260814070050|944.15
1786662055|20260814070055|944.18
1786662070|20260814070110|944.16
1786662075|20260814070115|944.20
1786662080|20260814070120|944.20
1786662085|20260814070125|944.11
1786662095|20260814070135|943.99
1786662100|20260814070140|943.96
1786662105|20260814070145|943.97
1786662115|20260814070155|943.93
1786662120|20260814070200|943.98
1786662125|20260814070205|944.00
1786662130|20260814070210|943.99
1786662135|20260814070215|943.88
1786662140|20260814070220|943.88
1786662145|20260814070225|943.81
1786662155|20260814070235|943.92
1786662160|20260814070240|943.94
1786662165|20260814070245|943.88
1786662175|20260814070255|943.89
1786662180|20260814070300|943.89
1786662190|20260814070310|943.89
1786662195|20260814070315|943.83
1786662200|20260814070320|943.78
1786662205|20260814070325|943.73
1786662215|20260814070335|943.71
1786662225|20260814070345|943.48
1786662230|20260814070350|943.50
1786662235|20260814070355|943.42
1786662240|20260814070400|943.50
1786662245|20260814070405|943.52
1786662250|20260814070410|943.47
1786662255|20260814070415|943.51
1786662285|20260814070445|943.31
1786662300|20260814070500|943.06
1786662305|20260814070505|943.27
1786662310|20260814070510|943.41
1786662315|20260814070515|943.40
1786662320|20260814070520|943.17
1786662325|20260814070525|943.72
1786662335|20260814070535|943.38
1786662340|20260814070540|943.44
1786662345|20260814070545|943.43
1786662350|20260814070550|943.55
1786662355|20260814070555|943.48
1786662360|20260814070600|943.45
1786662375|20260814070615|943.75
1786662380|20260814070620|943.66
1786662385|20260814070625|943.62
1786662395|20260814070635|943.90
1786662400|20260814070640|944.01
1786662405|20260814070645|944.00
1786662410|20260814070650|944.00
1786662415|20260814070655|944.03
1786662420|20260814070700|943.99
1786662430|20260814070710|943.85
1786662440|20260814070720|943.89
1786662455|20260814070735|943.81
1786662460|20260814070740|943.84
1786662465|20260814070745|943.83
1786662470|20260814070750|943.75
1786662485|20260814070805|943.58
1786662495|20260814070815|943.75
1786662500|20260814070820|943.73
1786662505|20260814070825|943.70
1786662515|20260814070835|943.89
1786662520|20260814070840|944.03
1786662525|20260814070845|944.13
1786662530|20260814070850|944.17
1786662535|20260814070855|944.19
1786662540|20260814070900|944.19
1786662545|20260814070905|944.39
1786662550|20260814070910|944.48
1786662555|20260814070915|944.63
1786662605|20260814071005|945.24
1786662610|20260814071010|945.21
1786662615|20260814071015|944.96
1786662620|20260814071020|944.97
1786662625|20260814071025|944.98
1786662635|20260814071035|944.93
1786662645|20260814071045|944.85
1786662650|20260814071050|944.77
1786662655|20260814071055|944.78
1786662665|20260814071105|944.76
1786662675|20260814071115|944.71
1786662680|20260814071120|944.71
1786662685|20260814071125|944.72
1786662695|20260814071135|944.71
1786662705|20260814071145|944.72
1786662715|20260814071155|944.74
1786662725|20260814071205|944.92
1786662730|20260814071210|944.84
1786662735|20260814071215|944.73
1786662740|20260814071220|944.66
1786662745|20260814071225|944.75
1786662755|20260814071235|944.56
1786662760|20260814071240|944.55
1786662765|20260814071245|944.51
1786662770|20260814071250|944.30
1786662775|20260814071255|944.33
1786662780|20260814071300|944.37
1786662785|20260814071305|944.33
1786662790|20260814071310|944.45
1786662800|20260814071320|944.63
1786662815|20260814071335|944.52
1786662820|20260814071340|944.62
1786662825|20260814071345|944.55
1786662830|20260814071350|944.70
1786662855|20260814071415|945.07
1786662860|20260814071420|945.13
1786662865|20260814071425|945.20
1786662900|20260814071500|945.40
1786662905|20260814071505|945.44
1786662910|20260814071510|945.20
1786662915|20260814071515|945.27
1786662920|20260814071520|945.19
1786662925|20260814071525|945.30
1786662940|20260814071540|945.34
1786662945|20260814071545|945.32
1786662950|20260814071550|945.35
1786662955|20260814071555|945.17
1786662960|20260814071600|945.18
1786662965|20260814071605|945.36
1786662970|20260814071610|945.35
1786662980|20260814071620|945.32
1786662985|20260814071625|945.46
1786662995|20260814071635|945.49
1786663005|20260814071645|945.37
1786663010|20260814071650|945.31
1786663020|20260814071700|945.41
1786663025|20260814071705|945.43
1786663030|20260814071710|945.54
1786663035|20260814071715|945.57
1786663040|20260814071720|945.52
1786663045|20260814071725|945.41
1786663055|20260814071735|945.48
1786663060|20260814071740|945.54
1786663065|20260814071745|945.48
1786663075|20260814071755|945.40
1786663085|20260814071805|945.53
1786663090|20260814071810|945.62
1786663095|20260814071815|945.65
1786663100|20260814071820|945.63
1786663105|20260814071825|945.56
1786663115|20260814071835|945.59
1786663120|20260814071840|945.43
1786663125|20260814071845|945.38
1786663135|20260814071855|945.13
1786663140|20260814071900|945.04
1786663145|20260814071905|944.89
1786663150|20260814071910|944.79
1786663155|20260814071915|944.80
1786663160|20260814071920|944.93
1786663165|20260814071925|945.04
1786663205|20260814072005|944.88
1786663210|20260814072010|944.82
1786663215|20260814072015|944.76
1786663225|20260814072025|944.82
1786663235|20260814072035|944.82
1786663240|20260814072040|944.87
1786663245|20260814072045|945.05
1786663250|20260814072050|945.05
1786663270|20260814072110|945.17
1786663280|20260814072120|945.13
1786663285|20260814072125|945.15
1786663295|20260814072135|945.39
1786663305|20260814072145|945.26
1786663310|20260814072150|945.26
1786663315|20260814072155|945.25
1786663320|20260814072200|945.39
1786663325|20260814072205|945.35
1786663335|20260814072215|945.32
1786663340|20260814072220|945.32
1786663345|20260814072225|945.32
1786663355|20260814072235|945.26
1786663360|20260814072240|945.18
1786663370|20260814072250|945.18
1786663375|20260814072255|945.08
1786663380|20260814072300|945.05
1786663385|20260814072305|945.06
1786663390|20260814072310|945.07
1786663395|20260814072315|944.98
1786663400|20260814072320|945.06
1786663405|20260814072325|945.09
1786663415|20260814072335|945.28
1786663420|20260814072340|945.28
1786663425|20260814072345|945.33
1786663430|20260814072350|945.39
1786663435|20260814072355|945.25
1786663445|20260814072405|945.34
1786663450|20260814072410|945.43
1786663455|20260814072415|945.53
1786663465|20260814072425|945.18
1786663500|20260814072500|945.47
1786663505|20260814072505|945.53
1786663510|20260814072510|945.52
1786663520|20260814072520|945.75
1786663535|20260814072535|945.72
1786663540|20260814072540|945.73
1786663545|20260814072545|945.67
1786663550|20260814072550|945.75
1786663555|20260814072555|945.76
1786663565|20260814072605|945.70
1786663570|20260814072610|945.67
1786663575|20260814072615|945.71
1786663580|20260814072620|945.73
1786663595|20260814072635|945.80
1786663600|20260814072640|945.78
1786663605|20260814072645|945.82
1786663615|20260814072655|945.81
1786663625|20260814072705|945.78
1786663635|20260814072715|945.40
1786663640|20260814072720|945.53
1786663655|20260814072735|945.41
1786663660|20260814072740|945.41
1786663670|20260814072750|945.46
1786663675|20260814072755|945.48
1786663680|20260814072800|945.52
1786663685|20260814072805|945.56
1786663690|20260814072810|945.62
1786663695|20260814072815|945.64
1786663700|20260814072820|945.72
1786663705|20260814072825|945.78
1786663715|20260814072835|945.92
1786663720|20260814072840|945.98
1786663725|20260814072845|945.87
1786663730|20260814072850|945.99
1786663735|20260814072855|946.02
1786663745|20260814072905|945.85
1786663750|20260814072910|945.83
1786663760|20260814072920|945.90
1786663765|20260814072925|945.91
1786663800|20260814073000|946.06
1786663805|20260814073005|946.03
1786663810|20260814073010|946.01
1786663815|20260814073015|946.02
1786663820|20260814073020|945.99
1786663825|20260814073025|946.00
1786663835|20260814073035|946.00
1786663840|20260814073040|945.99
1786663845|20260814073045|946.09
1786663850|20260814073050|946.06
1786663855|20260814073055|945.98
1786663865|20260814073105|946.03
1786663870|20260814073110|946.09
1786663875|20260814073115|946.04
1786663880|20260814073120|946.01
1786663885|20260814073125|946.08
1786663895|20260814073135|946.04
1786663900|20260814073140|946.08
1786663905|20260814073145|946.15
1786663910|20260814073150|946.13
1786663915|20260814073155|946.10
1786663925|20260814073205|946.09
1786663930|20260814073210|946.08
1786663935|20260814073215|946.00
1786663940|20260814073220|946.06
1786663955|20260814073235|945.86
1786663960|20260814073240|945.84
1786663965|20260814073245|945.76
1786663970|20260814073250|945.73
1786663975|20260814073255|945.76
1786663990|20260814073310|945.83
1786663995|20260814073315|945.80
1786664000|20260814073320|945.80
1786664005|20260814073325|945.83
1786664015|20260814073335|945.80
1786664020|20260814073340|945.74
1786664025|20260814073345|945.69
1786664030|20260814073350|945.66
1786664035|20260814073355|945.60
1786664045|20260814073405|945.67
1786664050|20260814073410|945.63
1786664055|20260814073415|945.64
1786664060|20260814073420|945.61
1786664105|20260814073505|945.71
1786664110|20260814073510|945.71
1786664115|20260814073515|945.69
1786664120|20260814073520|945.69
1786664125|20260814073525|945.72
1786664135|20260814073535|945.66
1786664140|20260814073540|945.69
1786664145|20260814073545|945.69
1786664150|20260814073550|945.70
1786664155|20260814073555|945.71
1786664165|20260814073605|945.66
1786664170|20260814073610|945.63
1786664175|20260814073615|945.58
1786664180|20260814073620|945.56
1786664185|20260814073625|945.56
1786664195|20260814073635|945.56
1786664200|20260814073640|945.64
1786664205|20260814073645|945.65
1786664210|20260814073650|945.64
1786664215|20260814073655|945.64
1786664225|20260814073705|945.65
1786664230|20260814073710|945.59
1786664235|20260814073715|945.59
1786664240|20260814073720|945.58
1786664245|20260814073725|945.62
1786664260|20260814073740|945.56
1786664265|20260814073745|945.57
1786664275|20260814073755|945.55
1786664285|20260814073805|945.56
1786664290|20260814073810|945.55
1786664295|20260814073815|945.60
1786664300|20260814073820|945.65
1786664305|20260814073825|945.61
1786664315|20260814073835|945.58
1786664320|20260814073840|945.57
1786664325|20260814073845|945.57
1786664330|20260814073850|945.44
1786664335|20260814073855|945.47
1786664345|20260814073905|945.57
1786664355|20260814073915|945.61
1786664365|20260814073925|945.63
1786664400|20260814074000|945.78
1786664410|20260814074010|945.90
1786664415|20260814074015|945.84
1786664420|20260814074020|945.87
1786664425|20260814074025|945.89
1786664435|20260814074035|945.85
1786664440|20260814074040|945.83
1786664450|20260814074050|945.71
1786664455|20260814074055|945.74
1786664465|20260814074105|945.67
1786664470|20260814074110|945.67
1786664475|20260814074115|945.61
1786664480|20260814074120|945.45
1786664485|20260814074125|945.30
1786664495|20260814074135|945.18
1786664500|20260814074140|945.12
1786664505|20260814074145|945.11
1786664510|20260814074150|945.14
1786664515|20260814074155|945.20
1786664525|20260814074205|945.22
1786664530|20260814074210|945.20
1786664535|20260814074215|945.21
1786664540|20260814074220|945.26
1786664545|20260814074225|945.24
1786664555|20260814074235|945.18
1786664560|20260814074240|945.19
1786664565|20260814074245|945.18
1786664570|20260814074250|945.17
1786664580|20260814074300|945.17
1786664585|20260814074305|945.14
1786664590|20260814074310|945.15
1786664595|20260814074315|945.18
1786664600|20260814074320|945.17
1786664605|20260814074325|945.16
1786664615|20260814074335|945.15
1786664620|20260814074340|945.23
1786664625|20260814074345|945.23
1786664630|20260814074350|945.35
1786664635|20260814074355|945.40
1786664645|20260814074405|945.39
1786664650|20260814074410|945.40
1786664655|20260814074415|945.40
1786664660|20260814074420|945.40
1786664665|20260814074425|945.36
1786664705|20260814074505|945.54
1786664715|20260814074515|945.29
1786664720|20260814074520|945.39
1786664725|20260814074525|945.41
1786664735|20260814074535|945.41
1786664740|20260814074540|945.42
1786664745|20260814074545|945.38
1786664750|20260814074550|945.41
1786664755|20260814074555|945.60
1786664765|20260814074605|945.69
1786664770|20260814074610|945.86
1786664775|20260814074615|945.92
1786664780|20260814074620|945.87
1786664785|20260814074625|945.76
1786664795|20260814074635|945.86
1786664800|20260814074640|945.93
1786664805|20260814074645|945.87
1786664810|20260814074650|945.91
1786664825|20260814074705|945.99
1786664830|20260814074710|946.20
1786664835|20260814074715|946.21
1786664840|20260814074720|946.21
1786664845|20260814074725|946.20
1786664855|20260814074735|946.22
1786664860|20260814074740|946.23
1786664865|20260814074745|946.21
1786664870|20260814074750|946.27
1786664875|20260814074755|946.30
1786664890|20260814074810|946.18
1786664895|20260814074815|946.21
1786664900|20260814074820|945.88
1786664915|20260814074835|945.85
1786664920|20260814074840|945.82
1786664925|20260814074845|945.82
1786664935|20260814074855|945.80
1786664945|20260814074905|945.85
1786664950|20260814074910|945.86
1786664955|20260814074915|945.88
1786664960|20260814074920|945.85
1786665005|20260814075005|945.45
1786665015|20260814075015|945.49
1786665025|20260814075025|945.40
1786665045|20260814075045|945.47
1786665050|20260814075050|945.44
1786665055|20260814075055|945.45
1786665060|20260814075100|945.46
1786665070|20260814075110|945.52
1786665075|20260814075115|945.51
1786665080|20260814075120|945.52
1786665085|20260814075125|945.48
1786665095|20260814075135|945.52
1786665100|20260814075140|945.55
1786665105|20260814075145|945.56
1786665110|20260814075150|945.56
1786665115|20260814075155|945.53
1786665120|20260814075200|945.43
1786665125|20260814075205|945.47
1786665130|20260814075210|945.48
1786665140|20260814075220|945.36
1786665145|20260814075225|945.28
1786665155|20260814075235|945.28
1786665165|20260814075245|945.37
1786665170|20260814075250|945.46
1786665175|20260814075255|945.48
1786665180|20260814075300|945.43
1786665185|20260814075305|945.37
1786665190|20260814075310|945.36
1786665195|20260814075315|945.24
1786665200|20260814075320|945.26
1786665205|20260814075325|945.28
1786665225|20260814075345|945.12
1786665230|20260814075350|945.07
1786665235|20260814075355|945.03
1786665240|20260814075400|945.03
1786665250|20260814075410|944.90
1786665255|20260814075415|944.87
1786665260|20260814075420|944.84
1786665265|20260814075425|944.87
1786665300|20260814075500|944.99
1786665305|20260814075505|945.16
1786665310|20260814075510|945.23
1786665315|20260814075515|945.24
1786665320|20260814075520|945.10
1786665325|20260814075525|945.06
1786665345|20260814075545|945.11
1786665365|20260814075605|945.12
1786665370|20260814075610|945.07
1786665375|20260814075615|945.06
1786665380|20260814075620|945.06
1786665385|20260814075625|945.05
1786665395|20260814075635|945.15
1786665400|20260814075640|945.24
1786665405|20260814075645|945.18
1786665410|20260814075650|945.22
1786665415|20260814075655|945.26
1786665420|20260814075700|945.26
1786665430|20260814075710|945.18
1786665435|20260814075715|945.20
1786665440|20260814075720|945.20
1786665455|20260814075735|945.18
1786665460|20260814075740|945.19
1786665465|20260814075745|945.21
1786665470|20260814075750|945.15
1786665475|20260814075755|945.18
1786665485|20260814075805|945.23
1786665490|20260814075810|945.23
1786665495|20260814075815|945.24
1786665500|20260814075820|945.10
1786665515|20260814075835|945.07
1786665520|20260814075840|945.08
1786665530|20260814075850|944.96
1786665535|20260814075855|944.97
1786665545|20260814075905|944.92
1786665550|20260814075910|944.90
1786665555|20260814075915|944.90
1786665560|20260814075920|944.91
1786665565|20260814075925|944.74
1786665600|20260814080000|944.69
1786665605|20260814080005|944.56
1786665610|20260814080010|944.87
1786665615|20260814080015|944.63
1786665620|20260814080020|944.58
1786665625|20260814080025|944.56
1786665635|20260814080035|944.50
1786665640|20260814080040|944.69
1786665645|20260814080045|944.65
1786665650|20260814080050|944.66
1786665655|20260814080055|944.67
1786665665|20260814080105|944.76
1786665675|20260814080115|944.68
1786665680|20260814080120|944.79
1786665685|20260814080125|944.69
1786665695|20260814080135|944.64
1786665715|20260814080155|944.91
1786665725|20260814080205|945.00
1786665730|20260814080210|945.04
1786665735|20260814080215|945.22
1786665740|20260814080220|945.36
1786665745|20260814080225|945.74
1786665755|20260814080235|945.67
1786665760|20260814080240|945.61
1786665765|20260814080245|945.62
1786665770|20260814080250|945.76
1786665775|20260814080255|945.72
1786665785|20260814080305|945.56
1786665790|20260814080310|945.62
1786665795|20260814080315|945.63
1786665800|20260814080320|945.63
1786665805|20260814080325|945.72
1786665815|20260814080335|945.61
1786665820|20260814080340|945.55
1786665830|20260814080350|945.41
1786665835|20260814080355|945.25
1786665840|20260814080400|945.36
1786665850|20260814080410|945.29
1786665855|20260814080415|945.28
1786665860|20260814080420|945.33
1786665865|20260814080425|945.42
1786665900|20260814080500|945.40
1786665905|20260814080505|945.44
1786665910|20260814080510|945.44
1786665920|20260814080520|945.31
1786665925|20260814080525|945.33
1786665935|20260814080535|945.41
1786665940|20260814080540|945.27
1786665945|20260814080545|945.08
1786665950|20260814080550|945.06
1786665955|20260814080555|945.00
1786665960|20260814080600|944.67
1786665965|20260814080605|944.68
1786665970|20260814080610|944.48
1786665975|20260814080615|944.50
1786665980|20260814080620|944.49
1786665995|20260814080635|944.77
1786666000|20260814080640|944.57
1786666005|20260814080645|944.63
1786666010|20260814080650|944.35
1786666015|20260814080655|944.40
1786666020|20260814080700|944.36
1786666025|20260814080705|944.36
1786666030|20260814080710|944.53
1786666035|20260814080715|944.45
1786666040|20260814080720|944.52
1786666045|20260814080725|944.58
1786666055|20260814080735|944.59
1786666060|20260814080740|944.62
1786666070|20260814080750|944.46
1786666075|20260814080755|944.29
1786666095|20260814080815|944.36
1786666100|20260814080820|944.31
1786666105|20260814080825|944.29
1786666120|20260814080840|944.25
1786666130|20260814080850|944.13
1786666135|20260814080855|944.21
1786666145|20260814080905|944.45
1786666150|20260814080910|944.47
1786666160|20260814080920|944.55
1786666165|20260814080925|944.61
1786666200|20260814081000|944.93
1786666205|20260814081005|944.94
1786666210|20260814081010|944.84
1786666215|20260814081015|944.86
1786666220|20260814081020|944.81
1786666235|20260814081035|944.74
1786666240|20260814081040|944.71
1786666245|20260814081045|944.67
1786666250|20260814081050|944.61
1786666255|20260814081055|944.46
1786666265|20260814081105|944.24
1786666270|20260814081110|944.22
1786666275|20260814081115|944.22
1786666280|20260814081120|944.17
1786666295|20260814081135|944.30
1786666300|20260814081140|944.23
1786666305|20260814081145|944.26
1786666310|20260814081150|944.20
1786666315|20260814081155|944.21
1786666325|20260814081205|944.20
1786666330|20260814081210|944.23
1786666335|20260814081215|944.17
1786666340|20260814081220|944.03
1786666345|20260814081225|943.92
1786666355|20260814081235|943.47
1786666360|20260814081240|943.49
1786666365|20260814081245|943.53
1786666370|20260814081250|943.49
1786666375|20260814081255|943.46
1786666385|20260814081305|943.41
1786666390|20260814081310|943.42
1786666395|20260814081315|943.46
1786666400|20260814081320|943.47
1786666405|20260814081325|943.51
1786666415|20260814081335|943.83
1786666420|20260814081340|943.77
1786666425|20260814081345|943.77
1786666430|20260814081350|943.73
1786666435|20260814081355|943.63
1786666445|20260814081405|943.69
1786666450|20260814081410|943.80
1786666455|20260814081415|943.76
1786666460|20260814081420|943.78
1786666465|20260814081425|943.75
1786666505|20260814081505|943.60
1786666510|20260814081510|943.31
1786666515|20260814081515|943.14
1786666520|20260814081520|943.28
1786666525|20260814081525|943.19
1786666535|20260814081535|943.18
1786666540|20260814081540|943.11
1786666550|20260814081550|943.47
1786666555|20260814081555|943.64
1786666560|20260814081600|943.69
1786666565|20260814081605|943.65
1786666570|20260814081610|943.49
1786666580|20260814081620|943.54
1786666585|20260814081625|943.53
1786666595|20260814081635|943.40
1786666600|20260814081640|943.27
1786666605|20260814081645|943.29
1786666615|20260814081655|943.20
1786666625|20260814081705|943.06
1786666630|20260814081710|942.95
1786666635|20260814081715|943.02
1786666645|20260814081725|943.08
1786666655|20260814081735|943.08
1786666660|20260814081740|943.15
1786666665|20260814081745|943.12
1786666670|20260814081750|943.22
1786666675|20260814081755|943.06
1786666685|20260814081805|943.08
1786666690|20260814081810|943.13
1786666695|20260814081815|943.06
1786666700|20260814081820|943.08
1786666715|20260814081835|943.21
1786666720|20260814081840|943.13
1786666725|20260814081845|943.08
1786666730|20260814081850|943.09
1786666735|20260814081855|943.10
1786666745|20260814081905|943.15
1786666750|20260814081910|943.10
1786666755|20260814081915|943.04
1786666760|20260814081920|943.10
1786666765|20260814081925|943.19
1786666780|20260814081940|943.34
1786666800|20260814082000|943.12
1786666805|20260814082005|943.03
1786666810|20260814082010|942.97
1786666815|20260814082015|943.05
1786666820|20260814082020|943.03
1786666825|20260814082025|943.04
1786666835|20260814082035|942.96
1786666840|20260814082040|943.02
1786666845|20260814082045|943.00
1786666850|20260814082050|943.04
1786666855|20260814082055|943.03
1786666860|20260814082100|943.06
1786666865|20260814082105|943.06
1786666870|20260814082110|943.11
1786666875|20260814082115|942.87
1786666880|20260814082120|942.91
1786666885|20260814082125|942.89
1786666895|20260814082135|942.90
1786666900|20260814082140|943.00
1786666905|20260814082145|943.07
1786666910|20260814082150|943.13
1786666915|20260814082155|943.05
1786666920|20260814082200|943.04
1786666925|20260814082205|943.02
1786666930|20260814082210|942.88
1786666935|20260814082215|942.83
1786666940|20260814082220|942.83
1786666955|20260814082235|942.41
1786666960|20260814082240|942.39
1786666965|20260814082245|942.44
1786666970|20260814082250|942.38
1786666975|20260814082255|942.40
1786666980|20260814082300|942.33
1786666985|20260814082305|942.38
1786666990|20260814082310|942.44
1786666995|20260814082315|942.44
1786667000|20260814082320|942.47
1786667005|20260814082325|942.47
1786667015|20260814082335|942.45
1786667020|20260814082340|942.46
1786667025|20260814082345|942.52
1786667030|20260814082350|942.52
1786667035|20260814082355|942.37
1786667040|20260814082400|942.39
1786667045|20260814082405|942.50
1786667050|20260814082410|942.49
1786667055|20260814082415|942.50
1786667060|20260814082420|942.50
1786667065|20260814082425|942.61
1786667095|20260814082455|942.65
1786667100|20260814082500|942.64
1786667105|20260814082505|942.58
1786667115|20260814082515|942.43
1786667120|20260814082520|942.36
1786667125|20260814082525|942.35
1786667135|20260814082535|942.43
1786667140|20260814082540|942.48
1786667150|20260814082550|942.53
1786667155|20260814082555|942.54
1786667165|20260814082605|942.29
1786667170|20260814082610|942.30
1786667175|20260814082615|942.38
1786667180|20260814082620|942.15
1786667185|20260814082625|941.55
1786667195|20260814082635|941.42
1786667200|20260814082640|941.58
1786667205|20260814082645|941.61
1786667210|20260814082650|941.56
1786667215|20260814082655|941.57
1786667220|20260814082700|941.56
1786667225|20260814082705|941.46
1786667230|20260814082710|941.31
1786667235|20260814082715|941.47
1786667240|20260814082720|941.58
1786667245|20260814082725|941.72
1786667255|20260814082735|941.74
1786667260|20260814082740|941.74
1786667265|20260814082745|941.72
1786667270|20260814082750|941.73
1786667275|20260814082755|941.69
1786667290|20260814082810|941.58
1786667295|20260814082815|941.37
1786667300|20260814082820|941.40
1786667305|20260814082825|941.41
1786667315|20260814082835|941.45
1786667320|20260814082840|941.51
1786667325|20260814082845|941.50
1786667330|20260814082850|941.52
1786667335|20260814082855|941.62
1786667340|20260814082900|941.62
1786667345|20260814082905|941.65
1786667350|20260814082910|941.56
1786667355|20260814082915|941.37
1786667360|20260814082920|941.24
1786667365|20260814082925|941.25
1786667400|20260814083000|940.98
1786667405|20260814083005|940.98
1786667410|20260814083010|940.72
1786667415|20260814083015|940.64
1786667420|20260814083020|940.72
1786667425|20260814083025|940.60
1786667440|20260814083040|941.24
1786667450|20260814083050|941.03
1786667455|20260814083055|941.18
1786667470|20260814083110|940.90
1786667475|20260814083115|940.84
1786667480|20260814083120|940.90
1786667485|20260814083125|941.00
1786667495|20260814083135|941.31
1786667500|20260814083140|941.32
1786667505|20260814083145|940.84
1786667510|20260814083150|940.88
1786667515|20260814083155|940.92
1786667525|20260814083205|941.17
1786667535|20260814083215|941.37
1786667540|20260814083220|941.38
1786667545|20260814083225|941.34
1786667555|20260814083235|941.30
1786667560|20260814083240|941.22
1786667565|20260814083245|941.34
1786667570|20260814083250|941.47
1786667575|20260814083255|941.50
1786667595|20260814083315|941.17
1786667600|20260814083320|941.09
1786667605|20260814083325|941.09
1786667615|20260814083335|941.17
1786667620|20260814083340|941.16
1786667625|20260814083345|941.03
1786667630|20260814083350|941.04
1786667635|20260814083355|941.18
1786667645|20260814083405|941.69
1786667650|20260814083410|941.73
1786667655|20260814083415|941.82
1786667660|20260814083420|941.81
1786667665|20260814083425|942.06
1786667705|20260814083505|942.28
1786667710|20260814083510|942.37
1786667715|20260814083515|942.40
1786667720|20260814083520|942.39
1786667725|20260814083525|942.39
1786667735|20260814083535|942.46
1786667740|20260814083540|942.49
1786667745|20260814083545|942.41
1786667750|20260814083550|942.11
1786667755|20260814083555|942.23
1786667765|20260814083605|941.88
1786667775|20260814083615|941.83
1786667780|20260814083620|941.75
1786667785|20260814083625|941.80
1786667795|20260814083635|941.74
1786667800|20260814083640|941.72
1786667805|20260814083645|941.72
1786667810|20260814083650|941.73
1786667815|20260814083655|941.74
1786667820|20260814083700|941.67
1786667825|20260814083705|941.77
1786667830|20260814083710|941.53
1786667835|20260814083715|941.59
1786667840|20260814083720|941.45
1786667845|20260814083725|941.40
1786667855|20260814083735|941.40
1786667865|20260814083745|941.08
1786667870|20260814083750|941.04
1786667885|20260814083805|940.88
1786667890|20260814083810|940.77
1786667895|20260814083815|940.91
1786667900|20260814083820|940.74
1786667905|20260814083825|940.82
1786667915|20260814083835|940.80
1786667920|20260814083840|940.47
1786667925|20260814083845|940.60
1786667930|20260814083850|940.48
1786667935|20260814083855|940.32
1786667950|20260814083910|940.32
1786667955|20260814083915|940.31
1786667960|20260814083920|940.31
1786667965|20260814083925|940.39
1786668000|20260814084000|940.12
1786668010|20260814084010|940.01
1786668015|20260814084015|940.17
1786668020|20260814084020|939.94
1786668025|20260814084025|939.89
1786668035|20260814084035|940.16
1786668040|20260814084040|940.32
1786668045|20260814084045|940.14
1786668050|20260814084050|940.10
1786668055|20260814084055|939.98
1786668065|20260814084105|939.98
1786668070|20260814084110|940.15
1786668080|20260814084120|940.09
1786668095|20260814084135|940.09
1786668100|20260814084140|940.04
1786668105|20260814084145|940.11
1786668110|20260814084150|940.22
1786668115|20260814084155|940.22
1786668130|20260814084210|940.15
1786668145|20260814084225|940.28
1786668155|20260814084235|940.07
1786668160|20260814084240|940.00
1786668165|20260814084245|940.12
1786668170|20260814084250|940.05
1786668175|20260814084255|940.04
1786668185|20260814084305|940.38
1786668195|20260814084315|940.33
1786668200|20260814084320|940.58
1786668205|20260814084325|940.54
1786668215|20260814084335|940.75
1786668220|20260814084340|940.78
1786668225|20260814084345|940.78
1786668235|20260814084355|940.64
1786668245|20260814084405|940.58
1786668250|20260814084410|940.56
1786668260|20260814084420|940.50
1786668265|20260814084425|940.50
1786668305|20260814084505|941.18
1786668310|20260814084510|941.28
1786668315|20260814084515|941.11
1786668320|20260814084520|941.12
1786668325|20260814084525|941.26
1786668335|20260814084535|941.41
1786668340|20260814084540|941.38
1786668345|20260814084545|941.42
1786668350|20260814084550|941.50
1786668355|20260814084555|941.63
1786668370|20260814084610|941.42
1786668375|20260814084615|941.33
1786668380|20260814084620|941.33
1786668385|20260814084625|941.28
1786668395|20260814084635|941.08
1786668400|20260814084640|940.94
1786668405|20260814084645|940.99
1786668410|20260814084650|940.88
1786668415|20260814084655|940.97
1786668430|20260814084710|940.42
1786668445|20260814084725|940.42
1786668470|20260814084750|940.53
1786668475|20260814084755|940.47
1786668485|20260814084805|940.44
1786668490|20260814084810|940.32
1786668500|20260814084820|940.13
1786668505|20260814084825|940.16
1786668530|20260814084850|940.26
1786668550|20260814084910|939.63
1786668555|20260814084915|939.91
1786668560|20260814084920|939.85
1786668565|20260814084925|939.92
1786668600|20260814085000|939.83
1786668605|20260814085005|939.88
1786668610|20260814085010|939.83
1786668615|20260814085015|939.82
1786668620|20260814085020|939.81
1786668625|20260814085025|939.69
1786668635|20260814085035|939.93
1786668640|20260814085040|940.03
1786668645|20260814085045|940.05
1786668655|20260814085055|940.08
1786668665|20260814085105|940.12
1786668670|20260814085110|940.12
1786668675|20260814085115|940.18
1786668680|20260814085120|940.26
1786668685|20260814085125|940.37
1786668695|20260814085135|939.95
1786668700|20260814085140|940.07
1786668705|20260814085145|940.17
1786668715|20260814085155|940.19
1786668720|20260814085200|940.39
1786668725|20260814085205|940.22
1786668730|20260814085210|940.29
1786668735|20260814085215|940.25
1786668740|20260814085220|940.29
1786668760|20260814085240|940.42
1786668765|20260814085245|940.35
1786668775|20260814085255|940.32
1786668780|20260814085300|940.31
1786668785|20260814085305|940.43
1786668790|20260814085310|940.31
1786668795|20260814085315|939.86
1786668800|20260814085320|940.05
1786668805|20260814085325|940.08
1786668815|20260814085335|940.16
1786668825|20260814085345|940.33
1786668830|20260814085350|940.15
1786668835|20260814085355|940.06
1786668845|20260814085405|940.41
1786668850|20260814085410|940.56
1786668860|20260814085420|940.62
1786668865|20260814085425|940.58
1786668905|20260814085505|941.10
1786668915|20260814085515|941.07
1786668920|20260814085520|941.03
1786668925|20260814085525|941.04
1786668935|20260814085535|941.05
1786668940|20260814085540|940.89
1786668945|20260814085545|940.68
1786668955|20260814085555|940.78
1786668965|20260814085605|940.85
1786668970|20260814085610|940.76
1786668980|20260814085620|940.77
1786668985|20260814085625|940.96
1786668995|20260814085635|940.97
1786669000|20260814085640|941.08
1786669005|20260814085645|941.13
1786669010|20260814085650|941.14
1786669015|20260814085655|941.17
1786669025|20260814085705|941.25
1786669030|20260814085710|941.22
1786669035|20260814085715|941.31
1786669040|20260814085720|941.28
1786669055|20260814085735|941.31
1786669060|20260814085740|941.35
1786669065|20260814085745|941.32
1786669070|20260814085750|941.05
1786669075|20260814085755|941.12
1786669085|20260814085805|941.43
1786669090|20260814085810|941.48
1786669095|20260814085815|941.46
1786669100|20260814085820|941.07
1786669105|20260814085825|941.02
1786669115|20260814085835|941.08
1786669120|20260814085840|940.98
1786669125|20260814085845|940.96
1786669135|20260814085855|940.83
1786669145|20260814085905|941.16
1786669150|20260814085910|941.35
1786669155|20260814085915|941.44
1786669160|20260814085920|941.41
1786669180|20260814085940|941.36
1786669200|20260814090000|941.29
1786669205|20260814090005|940.66
1786669215|20260814090015|940.73
1786669220|20260814090020|940.89
1786669225|20260814090025|941.22
1786669235|20260814090035|940.90
1786669240|20260814090040|941.14
1786669250|20260814090050|941.14
1786669255|20260814090055|941.25
1786669265|20260814090105|941.10
1786669270|20260814090110|940.73
1786669275|20260814090115|940.65
1786669280|20260814090120|940.33
1786669285|20260814090125|940.24
1786669295|20260814090135|939.95
1786669300|20260814090140|939.96
1786669305|20260814090145|939.81
1786669315|20260814090155|939.76
1786669330|20260814090210|939.37
1786669340|20260814090220|939.04
1786669345|20260814090225|939.00
1786669355|20260814090235|939.09
1786669365|20260814090245|939.37
1786669370|20260814090250|939.27
1786669375|20260814090255|939.27
1786669385|20260814090305|939.17
1786669390|20260814090310|939.05
1786669395|20260814090315|939.38
1786669400|20260814090320|939.13
1786669405|20260814090325|939.16
1786669415|20260814090335|938.94
1786669430|20260814090350|939.15
1786669445|20260814090405|939.25
1786669450|20260814090410|939.07
1786669455|20260814090415|939.18
1786669460|20260814090420|938.85
1786669465|20260814090425|939.30
1786669495|20260814090455|939.13
1786669505|20260814090505|938.89
1786669510|20260814090510|938.79
1786669515|20260814090515|938.81
1786669520|20260814090520|938.92
1786669525|20260814090525|938.80
1786669535|20260814090535|938.81
1786669540|20260814090540|938.88
1786669545|20260814090545|939.06
1786669555|20260814090555|938.96
1786669560|20260814090600|939.23
1786669570|20260814090610|939.18
1786669575|20260814090615|939.23
1786669580|20260814090620|939.00
1786669585|20260814090625|938.83
1786669600|20260814090640|938.99
1786669605|20260814090645|939.15
1786669610|20260814090650|939.35
1786669615|20260814090655|939.49
1786669620|20260814090700|939.43
1786669625|20260814090705|939.55
1786669630|20260814090710|939.61
1786669635|20260814090715|939.55
1786669640|20260814090720|939.42
1786669645|20260814090725|939.36
1786669655|20260814090735|939.60
1786669660|20260814090740|939.67
1786669665|20260814090745|939.68
1786669670|20260814090750|939.46
1786669675|20260814090755|939.28
1786669680|20260814090800|939.09
1786669685|20260814090805|939.20
1786669695|20260814090815|939.05
1786669700|20260814090820|939.10
1786669705|20260814090825|939.20
1786669715|20260814090835|939.18
1786669720|20260814090840|939.17
1786669725|20260814090845|939.15
1786669730|20260814090850|939.09
1786669735|20260814090855|938.93
1786669745|20260814090905|938.83
1786669750|20260814090910|938.78
1786669755|20260814090915|938.82
1786669760|20260814090920|938.73
1786669765|20260814090925|938.77
1786669800|20260814091000|938.67
1786669805|20260814091005|938.53
1786669810|20260814091010|937.88
1786669815|20260814091015|938.23
1786669820|20260814091020|938.35
1786669840|20260814091040|938.10
1786669845|20260814091045|938.10
1786669850|20260814091050|938.01
1786669855|20260814091055|937.87
1786669865|20260814091105|937.21
1786669870|20260814091110|937.35
1786669875|20260814091115|937.44
1786669880|20260814091120|937.64
1786669885|20260814091125|937.53
1786669895|20260814091135|937.54
1786669900|20260814091140|937.55
1786669905|20260814091145|937.42
1786669915|20260814091155|937.52
1786669925|20260814091205|937.80
1786669930|20260814091210|937.60
1786669935|20260814091215|937.58
1786669940|20260814091220|937.73
1786669945|20260814091225|937.77
1786669960|20260814091240|938.01
1786669965|20260814091245|938.01
1786669975|20260814091255|937.47
1786669985|20260814091305|937.77
1786669990|20260814091310|937.59
1786669995|20260814091315|937.78
1786670000|20260814091320|937.87
1786670005|20260814091325|937.84
1786670015|20260814091335|937.92
1786670020|20260814091340|937.93
1786670025|20260814091345|937.68
1786670030|20260814091350|937.51
1786670035|20260814091355|937.79
1786670045|20260814091405|937.69
1786670060|20260814091420|938.06
1786670065|20260814091425|937.83
1786670105|20260814091505|937.81
1786670110|20260814091510|937.54
1786670115|20260814091515|937.44
1786670120|20260814091520|937.71
1786670125|20260814091525|937.79
1786670135|20260814091535|937.70
1786670140|20260814091540|937.79
1786670145|20260814091545|937.86
1786670150|20260814091550|937.97
1786670155|20260814091555|937.90
1786670165|20260814091605|937.68
1786670170|20260814091610|937.61
1786670175|20260814091615|937.54
1786670180|20260814091620|937.40
1786670195|20260814091635|937.24
1786670200|20260814091640|937.11
1786670205|20260814091645|937.09
1786670210|20260814091650|937.11
1786670215|20260814091655|937.17
1786670230|20260814091710|937.31
1786670235|20260814091715|937.29
1786670240|20260814091720|937.53
1786670245|20260814091725|937.50
1786670255|20260814091735|937.27
1786670260|20260814091740|937.31
1786670265|20260814091745|937.27
1786670270|20260814091750|937.31
1786670275|20260814091755|937.37
1786670285|20260814091805|937.17
1786670290|20260814091810|937.17
1786670295|20260814091815|936.93
1786670300|20260814091820|936.87
1786670305|20260814091825|936.85
1786670315|20260814091835|936.75
1786670320|20260814091840|936.79
1786670325|20260814091845|936.80
1786670330|20260814091850|936.85
1786670335|20260814091855|936.85
1786670345|20260814091905|936.37
1786670350|20260814091910|936.58
1786670360|20260814091920|936.87
1786670365|20260814091925|936.92
1786670400|20260814092000|937.22
1786670405|20260814092005|937.29
1786670410|20260814092010|936.97
1786670415|20260814092015|936.85
1786670420|20260814092020|936.61
1786670435|20260814092035|936.85
1786670440|20260814092040|936.98
1786670445|20260814092045|936.85
1786670450|20260814092050|936.94
1786670465|20260814092105|937.40
1786670475|20260814092115|937.72
1786670480|20260814092120|937.81
1786670485|20260814092125|937.53
1786670495|20260814092135|937.65
1786670505|20260814092145|937.72
1786670510|20260814092150|937.95
1786670515|20260814092155|937.97
1786670525|20260814092205|937.32
1786670530|20260814092210|937.11
1786670535|20260814092215|937.16
1786670540|20260814092220|937.22
1786670545|20260814092225|936.91
1786670555|20260814092235|937.04
1786670570|20260814092250|936.93
1786670575|20260814092255|936.88
1786670585|20260814092305|936.92
1786670595|20260814092315|936.87
1786670600|20260814092320|936.93
1786670605|20260814092325|936.72
1786670615|20260814092335|936.80
1786670620|20260814092340|936.64
1786670625|20260814092345|936.36
1786670645|20260814092405|936.48
1786670650|20260814092410|936.49
1786670655|20260814092415|936.52
1786670660|20260814092420|936.47
1786670665|20260814092425|936.04
1786670705|20260814092505|935.93
1786670710|20260814092510|935.70
1786670715|20260814092515|935.73
1786670720|20260814092520|935.85
1786670725|20260814092525|935.84
1786670735|20260814092535|935.95
1786670740|20260814092540|935.89
1786670750|20260814092550|936.01
1786670755|20260814092555|936.02
1786670765|20260814092605|936.41
1786670770|20260814092610|936.30
1786670780|20260814092620|936.65
1786670785|20260814092625|936.73
1786670795|20260814092635|936.66
1786670800|20260814092640|936.90
1786670805|20260814092645|936.89
1786670810|20260814092650|936.72
1786670815|20260814092655|936.81
1786670825|20260814092705|936.54
1786670830|20260814092710|936.64
1786670835|20260814092715|936.59
1786670840|20260814092720|936.69
1786670845|20260814092725|936.77
1786670850|20260814092730|936.75
1786670855|20260814092735|936.77
1786670860|20260814092740|936.80
1786670865|20260814092745|936.96
1786670870|20260814092750|936.95
1786670875|20260814092755|936.50
1786670880|20260814092800|936.50
1786670885|20260814092805|936.33
1786670890|20260814092810|936.47
1786670895|20260814092815|936.50
1786670900|20260814092820|936.43
1786670905|20260814092825|936.56
1786670915|20260814092835|936.49
1786670925|20260814092845|936.68
1786670935|20260814092855|936.72
1786670945|20260814092905|936.82
1786670950|20260814092910|937.11
1786670955|20260814092915|937.06
1786670960|20260814092920|936.94
1786670965|20260814092925|936.79
1786671000|20260814093000|936.79
1786671015|20260814093015|935.96
1786671025|20260814093025|936.18
1786671035|20260814093035|936.13
1786671040|20260814093040|936.34
1786671045|20260814093045|936.39
1786671065|20260814093105|935.64
1786671070|20260814093110|935.56
1786671075|20260814093115|935.63
1786671080|20260814093120|935.49
1786671085|20260814093125|935.54
1786671095|20260814093135|935.86
1786671100|20260814093140|935.64
1786671110|20260814093150|935.83
1786671115|20260814093155|935.91
1786671125|20260814093205|935.51
1786671130|20260814093210|935.46
1786671135|20260814093215|935.56
1786671140|20260814093220|935.44
1786671145|20260814093225|935.54
1786671155|20260814093235|935.54
1786671160|20260814093240|935.48
1786671165|20260814093245|935.20
1786671170|20260814093250|935.25
1786671175|20260814093255|935.19
1786671185|20260814093305|935.27
1786671195|20260814093315|935.27
1786671215|20260814093335|935.46
1786671220|20260814093340|935.24
1786671225|20260814093345|935.32
1786671230|20260814093350|935.27
1786671235|20260814093355|935.21
1786671245|20260814093405|935.27
1786671250|20260814093410|935.25
1786671255|20260814093415|935.20
1786671260|20260814093420|935.21
1786671265|20260814093425|935.13
1786671295|20260814093455|935.25
1786671305|20260814093505|935.19
1786671310|20260814093510|935.22
1786671315|20260814093515|935.27
1786671325|20260814093525|935.15
1786671335|20260814093535|935.48
1786671340|20260814093540|935.42
1786671345|20260814093545|935.47
1786671350|20260814093550|935.40
1786671355|20260814093555|935.41
1786671365|20260814093605|935.32
1786671370|20260814093610|935.24
1786671375|20260814093615|935.56
1786671385|20260814093625|935.72
1786671395|20260814093635|935.79
1786671400|20260814093640|935.87
1786671405|20260814093645|935.94
1786671410|20260814093650|936.22
1786671415|20260814093655|936.19
1786671425|20260814093705|936.29
1786671430|20260814093710|936.29
1786671435|20260814093715|936.37
1786671440|20260814093720|936.40
1786671445|20260814093725|936.41
1786671455|20260814093735|936.36
1786671460|20260814093740|936.35
1786671465|20260814093745|936.26
1786671475|20260814093755|936.31
1786671485|20260814093805|936.18
1786671490|20260814093810|936.23
1786671495|20260814093815|936.09
1786671500|20260814093820|936.07
1786671505|20260814093825|936.22
1786671520|20260814093840|936.40
1786671525|20260814093845|936.29
1786671530|20260814093850|936.18
1786671535|20260814093855|936.26
1786671545|20260814093905|936.24
1786671550|20260814093910|936.37
1786671555|20260814093915|936.36
1786671560|20260814093920|936.30
1786671565|20260814093925|936.31
1786671600|20260814094000|936.45
1786671605|20260814094005|936.51
1786671610|20260814094010|936.61
1786671615|20260814094015|936.58
1786671620|20260814094020|936.62
1786671625|20260814094025|936.48
1786671635|20260814094035|936.51
1786671640|20260814094040|936.52
1786671645|20260814094045|936.53
1786671650|20260814094050|936.36
1786671655|20260814094055|936.53
1786671665|20260814094105|936.36
1786671670|20260814094110|936.37
1786671675|20260814094115|936.40
1786671680|20260814094120|936.36
1786671685|20260814094125|936.36
1786671695|20260814094135|936.46
1786671700|20260814094140|936.63
1786671705|20260814094145|936.60
1786671710|20260814094150|936.66
1786671715|20260814094155|936.66
1786671725|20260814094205|936.57
1786671730|20260814094210|936.60
1786671735|20260814094215|936.68
1786671740|20260814094220|936.68
1786671745|20260814094225|936.89
1786671755|20260814094235|936.88
1786671760|20260814094240|936.60
1786671765|20260814094245|936.67
1786671770|20260814094250|936.75
1786671775|20260814094255|936.75
1786671785|20260814094305|936.68
1786671795|20260814094315|936.81
1786671800|20260814094320|936.81
1786671805|20260814094325|936.74
1786671815|20260814094335|936.73
1786671820|20260814094340|936.72
1786671825|20260814094345|936.64
1786671830|20260814094350|936.69
1786671835|20260814094355|936.59
1786671845|20260814094405|936.52
1786671850|20260814094410|936.55
1786671855|20260814094415|936.46
1786671860|20260814094420|936.47
1786671865|20260814094425|936.40
1786671880|20260814094440|936.34
1786671905|20260814094505|936.67
1786671910|20260814094510|936.68
1786671915|20260814094515|936.77
1786671920|20260814094520|936.83
1786671925|20260814094525|936.83
1786671935|20260814094535|936.91
1786671940|20260814094540|936.83
1786671945|20260814094545|937.08
1786671950|20260814094550|937.11
1786671955|20260814094555|937.26
1786671960|20260814094600|937.20
1786671965|20260814094605|937.08
1786671970|20260814094610|937.02
1786671975|20260814094615|936.91
1786671980|20260814094620|936.92
1786671985|20260814094625|936.94
1786671995|20260814094635|936.78
1786672000|20260814094640|936.61
1786672005|20260814094645|936.70
1786672010|20260814094650|936.70
1786672015|20260814094655|936.78
1786672020|20260814094700|936.81
1786672025|20260814094705|936.80
1786672030|20260814094710|936.37
1786672035|20260814094715|936.41
1786672040|20260814094720|936.41
1786672055|20260814094735|936.23
1786672065|20260814094745|936.12
1786672070|20260814094750|936.09
1786672075|20260814094755|936.11
1786672085|20260814094805|935.67
1786672090|20260814094810|935.75
1786672095|20260814094815|935.56
1786672100|20260814094820|935.39
1786672105|20260814094825|935.40
1786672115|20260814094835|935.56
1786672120|20260814094840|935.46
1786672135|20260814094855|935.77
1786672140|20260814094900|935.71
1786672150|20260814094910|935.73
1786672165|20260814094925|935.71
1786672205|20260814095005|935.68
1786672210|20260814095010|935.64
1786672215|20260814095015|935.57
1786672220|20260814095020|935.60
1786672235|20260814095035|935.66
1786672240|20260814095040|935.66
1786672245|20260814095045|935.69
1786672250|20260814095050|935.70
1786672255|20260814095055|935.72
1786672265|20260814095105|935.70
1786672270|20260814095110|935.65
1786672275|20260814095115|935.65
1786672280|20260814095120|935.62
1786672295|20260814095135|935.63
1786672305|20260814095145|935.74
1786672310|20260814095150|935.67
1786672315|20260814095155|935.71
1786672320|20260814095200|935.75
1786672325|20260814095205|935.76
1786672330|20260814095210|935.75
1786672335|20260814095215|935.77
1786672340|20260814095220|935.58
1786672345|20260814095225|935.59
1786672355|20260814095235|935.28
1786672360|20260814095240|935.25
1786672365|20260814095245|935.14
1786672370|20260814095250|935.09
1786672375|20260814095255|935.33
1786672380|20260814095300|935.39
1786672385|20260814095305|935.83
1786672390|20260814095310|935.92
1786672395|20260814095315|935.92
1786672400|20260814095320|935.75
1786672405|20260814095325|935.74
1786672415|20260814095335|936.12
1786672420|20260814095340|936.16
1786672425|20260814095345|936.13
1786672430|20260814095350|936.29
1786672440|20260814095400|936.24
1786672445|20260814095405|936.25
1786672450|20260814095410|936.27
1786672455|20260814095415|936.34
1786672460|20260814095420|936.31
1786672465|20260814095425|936.46
1786672470|20260814095430|936.36
1786672500|20260814095500|936.15
1786672505|20260814095505|936.06
1786672510|20260814095510|936.07
1786672515|20260814095515|936.29
1786672520|20260814095520|936.45
1786672525|20260814095525|936.48
1786672535|20260814095535|936.67
1786672545|20260814095545|936.49
1786672550|20260814095550|936.64
1786672555|20260814095555|936.62
1786672560|20260814095600|936.58
1786672565|20260814095605|936.57
1786672570|20260814095610|936.73
1786672575|20260814095615|936.64
1786672580|20260814095620|936.46
1786672585|20260814095625|936.56
1786672600|20260814095640|936.91
1786672605|20260814095645|936.89
1786672610|20260814095650|936.86
1786672615|20260814095655|936.79
1786672625|20260814095705|936.72
1786672630|20260814095710|936.36
1786672635|20260814095715|936.20
1786672640|20260814095720|936.12
1786672645|20260814095725|936.12
1786672660|20260814095740|935.99
1786672665|20260814095745|935.98
1786672670|20260814095750|936.06
1786672675|20260814095755|936.07
1786672685|20260814095805|936.12
1786672690|20260814095810|936.15
1786672695|20260814095815|936.34
1786672700|20260814095820|936.41
1786672705|20260814095825|936.41
1786672720|20260814095840|936.48
1786672725|20260814095845|936.47
1786672730|20260814095850|936.51
1786672735|20260814095855|936.69
1786672740|20260814095900|936.80
1786672745|20260814095905|936.85
1786672755|20260814095915|936.73
1786672760|20260814095920|936.66
1786672765|20260814095925|936.78
1786672805|20260814100005|936.26
1786672810|20260814100010|936.32
1786672815|20260814100015|936.33
1786672820|20260814100020|936.33
1786672835|20260814100035|936.17
1786672840|20260814100040|936.17
1786672855|20260814100055|936.25
1786672865|20260814100105|936.42
1786672870|20260814100110|936.45
1786672875|20260814100115|936.37
1786672880|20260814100120|936.41
1786672895|20260814100135|936.57
1786672905|20260814100145|936.58
1786672910|20260814100150|936.75
1786672915|20260814100155|936.79
1786672930|20260814100210|936.72
1786672935|20260814100215|936.74
1786672940|20260814100220|936.81
1786672945|20260814100225|936.82
1786672955|20260814100235|937.02
1786672960|20260814100240|937.13
1786672965|20260814100245|937.01
1786672970|20260814100250|937.05
1786672975|20260814100255|937.13
1786672980|20260814100300|936.99
1786672985|20260814100305|937.10
1786672990|20260814100310|937.03
1786672995|20260814100315|937.08
1786673000|20260814100320|937.00
1786673005|20260814100325|937.07
1786673015|20260814100335|937.10
1786673025|20260814100345|936.84
1786673030|20260814100350|936.68
1786673040|20260814100400|936.79
1786673045|20260814100405|936.65
1786673050|20260814100410|936.53
1786673055|20260814100415|936.37
1786673060|20260814100420|936.36
1786673065|20260814100425|936.33
1786673100|20260814100500|936.01
1786673110|20260814100510|935.92
1786673115|20260814100515|935.93
1786673125|20260814100525|935.88
1786673135|20260814100535|935.94
1786673140|20260814100540|935.93
1786673145|20260814100545|936.05
1786673150|20260814100550|935.96
1786673155|20260814100555|935.98
1786673160|20260814100600|936.04
1786673165|20260814100605|936.13
1786673170|20260814100610|936.05
1786673175|20260814100615|936.24
1786673180|20260814100620|936.23
1786673185|20260814100625|936.25
1786673195|20260814100635|936.38
1786673200|20260814100640|936.33
1786673205|20260814100645|936.40
1786673215|20260814100655|936.48
1786673220|20260814100700|936.57
1786673225|20260814100705|936.47
1786673235|20260814100715|936.17
1786673240|20260814100720|936.35
1786673245|20260814100725|936.42
1786673255|20260814100735|936.33
1786673260|20260814100740|936.32
1786673265|20260814100745|936.48
1786673270|20260814100750|936.41
1786673275|20260814100755|936.58
1786673280|20260814100800|936.58
1786673285|20260814100805|936.52
1786673290|20260814100810|936.42
1786673295|20260814100815|936.29
1786673300|20260814100820|936.54
1786673305|20260814100825|936.55
1786673320|20260814100840|936.15
1786673325|20260814100845|936.20
1786673335|20260814100855|936.29
1786673340|20260814100900|936.30
1786673350|20260814100910|936.18
1786673355|20260814100915|936.16
1786673360|20260814100920|936.10
1786673365|20260814100925|936.07
1786673410|20260814101010|936.11
1786673420|20260814101020|936.05
1786673425|20260814101025|936.02
1786673435|20260814101035|935.95
1786673440|20260814101040|935.99
1786673445|20260814101045|935.93
1786673455|20260814101055|935.81
1786673460|20260814101100|935.75
1786673465|20260814101105|935.61
1786673470|20260814101110|935.56
1786673475|20260814101115|935.57
1786673480|20260814101120|935.41
1786673485|20260814101125|935.53
1786673495|20260814101135|935.60
1786673500|20260814101140|935.51
1786673505|20260814101145|935.44
1786673510|20260814101150|935.21
1786673515|20260814101155|935.21
1786673520|20260814101200|935.25
1786673530|20260814101210|935.21
1786673535|20260814101215|935.04
1786673540|20260814101220|935.15
1786673545|20260814101225|935.13
1786673560|20260814101240|935.11
1786673565|20260814101245|935.16
1786673570|20260814101250|935.24
1786673575|20260814101255|935.25
1786673580|20260814101300|935.31
1786673585|20260814101305|935.31
1786673590|20260814101310|935.11
1786673595|20260814101315|935.27
1786673600|20260814101320|935.11
1786673605|20260814101325|935.07
1786673615|20260814101335|935.24
1786673620|20260814101340|935.29
1786673630|20260814101350|935.14
1786673635|20260814101355|935.20
1786673650|20260814101410|935.15
1786673655|20260814101415|935.19
1786673660|20260814101420|935.12
1786673665|20260814101425|935.18
1786673700|20260814101500|934.96
1786673705|20260814101505|935.10
1786673710|20260814101510|935.18
1786673715|20260814101515|935.13
1786673725|20260814101525|935.23
1786673740|20260814101540|935.26
1786673745|20260814101545|935.24
1786673750|20260814101550|935.43
1786673760|20260814101600|935.43
1786673765|20260814101605|935.52
1786673770|20260814101610|935.61
1786673775|20260814101615|935.26
1786673780|20260814101620|935.26
1786673785|20260814101625|935.26
1786673805|20260814101645|935.43
1786673810|20260814101650|935.39
1786673815|20260814101655|935.59
1786673820|20260814101700|935.56
1786673825|20260814101705|935.63
1786673835|20260814101715|935.86
1786673840|20260814101720|936.07
1786673845|20260814101725|935.96
1786673860|20260814101740|936.07
1786673870|20260814101750|935.73
1786673885|20260814101805|935.67
1786673890|20260814101810|935.61
1786673895|20260814101815|935.56
1786673900|20260814101820|935.64
1786673905|20260814101825|935.60
1786673915|20260814101835|935.66
1786673920|20260814101840|935.71
1786673925|20260814101845|935.75
1786673930|20260814101850|935.28
1786673935|20260814101855|935.32
1786673940|20260814101900|935.32
1786673945|20260814101905|935.28
1786673950|20260814101910|935.41
1786673955|20260814101915|935.20
1786673960|20260814101920|935.13
1786673965|20260814101925|935.19
1786674005|20260814102005|935.63
1786674010|20260814102010|935.68
1786674015|20260814102015|935.73
1786674020|20260814102020|935.70
1786674035|20260814102035|935.99
1786674040|20260814102040|936.07
1786674055|20260814102055|935.93
1786674080|20260814102120|935.95
1786674085|20260814102125|935.92
1786674095|20260814102135|935.92
1786674100|20260814102140|935.94
1786674105|20260814102145|935.94
1786674120|20260814102200|935.91
1786674125|20260814102205|935.91
1786674135|20260814102215|935.76
1786674140|20260814102220|935.76
1786674145|20260814102225|935.77
1786674155|20260814102235|935.71
1786674160|20260814102240|935.70
1786674165|20260814102245|935.76
1786674170|20260814102250|935.82
1786674175|20260814102255|935.79
1786674185|20260814102305|935.76
1786674190|20260814102310|935.79
1786674200|20260814102320|935.88
1786674205|20260814102325|935.83
1786674215|20260814102335|935.80
1786674220|20260814102340|935.90
1786674230|20260814102350|935.84
1786674235|20260814102355|935.81
1786674240|20260814102400|935.81
1786674245|20260814102405|935.81
1786674250|20260814102410|935.82
1786674255|20260814102415|935.94
1786674260|20260814102420|935.88
1786674265|20260814102425|935.88
1786674300|20260814102500|935.92
1786674305|20260814102505|935.91
1786674310|20260814102510|935.76
1786674315|20260814102515|935.74
1786674320|20260814102520|935.68
1786674335|20260814102535|935.66
1786674340|20260814102540|935.69
1786674345|20260814102545|935.76
1786674350|20260814102550|935.78
1786674355|20260814102555|935.78
1786674365|20260814102605|935.82
1786674370|20260814102610|935.67
1786674375|20260814102615|935.72
1786674385|20260814102625|935.86
1786674395|20260814102635|935.98
1786674400|20260814102640|936.04
1786674405|20260814102645|936.04
1786674410|20260814102650|935.97
1786674415|20260814102655|935.93
1786674420|20260814102700|936.01
1786674430|20260814102710|936.16
1786674435|20260814102715|936.29
1786674440|20260814102720|936.28
1786674455|20260814102735|936.07
1786674460|20260814102740|936.11
1786674465|20260814102745|936.12
1786674475|20260814102755|935.97
1786674480|20260814102800|935.41
1786674490|20260814102810|935.41
1786674495|20260814102815|935.42
1786674500|20260814102820|935.41
1786674505|20260814102825|935.43
1786674515|20260814102835|935.50
1786674520|20260814102840|935.38
1786674525|20260814102845|935.39
1786674530|20260814102850|935.43
1786674535|20260814102855|935.46
1786674545|20260814102905|935.34
1786674550|20260814102910|935.29
1786674555|20260814102915|935.30
1786674560|20260814102920|935.30
1786674565|20260814102925|935.29
1786674605|20260814103005|935.02
1786674610|20260814103010|935.22
1786674615|20260814103015|935.61
1786674625|20260814103025|935.66
1786674635|20260814103035|935.73
1786674645|20260814103045|936.19
1786674650|20260814103050|936.27
1786674655|20260814103055|936.37
1786674660|20260814103100|936.35
1786674665|20260814103105|936.44
1786674670|20260814103110|936.42
1786674675|20260814103115|936.41
1786674680|20260814103120|936.60
1786674685|20260814103125|936.32
1786674695|20260814103135|936.46
1786674700|20260814103140|936.43
1786674720|20260814103200|936.57
1786674725|20260814103205|936.56
1786674730|20260814103210|936.72
1786674735|20260814103215|936.80
1786674740|20260814103220|936.87
1786674755|20260814103235|936.91
1786674765|20260814103245|936.86
1786674770|20260814103250|936.85
1786674780|20260814103300|936.86
1786674785|20260814103305|936.78
1786674790|20260814103310|935.83
1786674795|20260814103315|935.14
1786674800|20260814103320|935.17
1786674805|20260814103325|934.98
1786674815|20260814103335|935.15
1786674820|20260814103340|935.16
1786674825|20260814103345|935.29
1786674830|20260814103350|935.41
1786674835|20260814103355|935.48
1786674845|20260814103405|935.77
1786674850|20260814103410|935.72
1786674855|20260814103415|935.81
1786674860|20260814103420|935.65
1786674865|20260814103425|935.87
1786674875|20260814103435|935.94
1786674900|20260814103500|936.77
1786674905|20260814103505|936.86
1786674910|20260814103510|936.53
1786674915|20260814103515|936.73
1786674920|20260814103520|936.37
1786674925|20260814103525|936.37
1786674935|20260814103535|936.28
1786674940|20260814103540|936.33
1786674945|20260814103545|936.62
1786674950|20260814103550|936.72
1786674955|20260814103555|936.83
1786674960|20260814103600|936.83
1786674970|20260814103610|936.93
1786674975|20260814103615|936.94
1786674980|20260814103620|936.85
1786674995|20260814103635|936.96
1786675000|20260814103640|937.05
1786675005|20260814103645|937.05
1786675010|20260814103650|937.07
1786675020|20260814103700|936.93
1786675025|20260814103705|936.93
1786675040|20260814103720|937.01
1786675055|20260814103735|936.96
1786675060|20260814103740|936.93
1786675065|20260814103745|936.87
1786675070|20260814103750|936.92
1786675075|20260814103755|936.89
1786675080|20260814103800|936.86
1786675085|20260814103805|936.80
1786675090|20260814103810|936.76
1786675100|20260814103820|936.67
1786675105|20260814103825|936.63
1786675115|20260814103835|936.80
1786675120|20260814103840|936.58
1786675125|20260814103845|936.52
1786675130|20260814103850|936.57
1786675135|20260814103855|936.49
1786675140|20260814103900|936.43
1786675145|20260814103905|936.45
1786675150|20260814103910|936.50
1786675155|20260814103915|936.60
1786675160|20260814103920|936.64
1786675165|20260814103925|936.65
1786675205|20260814104005|936.59
1786675220|20260814104020|936.94
1786675235|20260814104035|936.78
1786675250|20260814104050|936.85
1786675255|20260814104055|936.73
1786675260|20260814104100|936.71
1786675265|20260814104105|936.73
1786675270|20260814104110|936.62
1786675275|20260814104115|936.64
1786675280|20260814104120|936.65
1786675285|20260814104125|936.59
1786675295|20260814104135|936.62
1786675300|20260814104140|936.70
1786675305|20260814104145|936.65
1786675310|20260814104150|936.68
1786675315|20260814104155|936.69
1786675320|20260814104200|936.57
1786675325|20260814104205|936.55
1786675330|20260814104210|936.65
1786675335|20260814104215|936.58
1786675340|20260814104220|936.52
1786675355|20260814104235|936.56
1786675360|20260814104240|936.44
1786675365|20260814104245|936.43
1786675370|20260814104250|936.43
1786675375|20260814104255|936.33
1786675380|20260814104300|936.33
1786675385|20260814104305|936.28
1786675395|20260814104315|936.36
1786675400|20260814104320|936.42
1786675405|20260814104325|936.38
1786675415|20260814104335|936.55
1786675420|20260814104340|936.67
1786675425|20260814104345|936.71
1786675430|20260814104350|936.52
1786675435|20260814104355|936.55
1786675440|20260814104400|936.63
1786675445|20260814104405|936.75
1786675450|20260814104410|936.77
1786675455|20260814104415|936.94
1786675460|20260814104420|937.04
1786675465|20260814104425|936.92
1786675500|20260814104500|936.91
1786675505|20260814104505|936.89
1786675510|20260814104510|937.06
1786675515|20260814104515|937.01
1786675520|20260814104520|937.06
1786675525|20260814104525|937.06
1786675535|20260814104535|936.87
1786675540|20260814104540|936.84
1786675545|20260814104545|936.85
1786675555|20260814104555|936.74
1786675565|20260814104605|936.67
1786675570|20260814104610|936.80
1786675575|20260814104615|936.87
1786675580|20260814104620|936.79
1786675585|20260814104625|936.68
1786675595|20260814104635|936.58
1786675600|20260814104640|936.60
1786675605|20260814104645|936.59
1786675610|20260814104650|936.58
1786675615|20260814104655|936.60
1786675620|20260814104700|936.37
1786675625|20260814104705|936.45
1786675630|20260814104710|936.26
1786675640|20260814104720|935.91
1786675645|20260814104725|936.18
1786675655|20260814104735|935.96
1786675660|20260814104740|935.81
1786675665|20260814104745|935.73
1786675670|20260814104750|935.68
1786675675|20260814104755|935.65
1786675680|20260814104800|935.67
1786675685|20260814104805|935.58
1786675690|20260814104810|935.53
1786675695|20260814104815|935.53
1786675700|20260814104820|935.52
1786675705|20260814104825|935.46
1786675720|20260814104840|935.86
1786675725|20260814104845|935.84
1786675735|20260814104855|935.91
1786675740|20260814104900|935.91
1786675745|20260814104905|935.88
1786675755|20260814104915|935.94
1786675765|20260814104925|935.94
1786675805|20260814105005|935.96
1786675810|20260814105010|935.96
1786675815|20260814105015|936.02
1786675820|20260814105020|935.93
1786675825|20260814105025|936.05
1786675835|20260814105035|936.07
1786675840|20260814105040|936.22
1786675845|20260814105045|936.30
1786675850|20260814105050|936.20
1786675855|20260814105055|936.14
1786675865|20260814105105|936.31
1786675870|20260814105110|936.31
1786675875|20260814105115|936.28
1786675880|20260814105120|936.25
1786675895|20260814105135|936.01
1786675900|20260814105140|936.06
1786675905|20260814105145|936.07
1786675910|20260814105150|936.21
1786675915|20260814105155|936.16
1786675920|20260814105200|936.07
1786675925|20260814105205|936.18
1786675930|20260814105210|936.22
1786675935|20260814105215|936.18
1786675940|20260814105220|936.12
1786675945|20260814105225|936.13
1786675955|20260814105235|936.25
1786675965|20260814105245|936.23
1786675970|20260814105250|936.17
1786675975|20260814105255|936.12
1786675980|20260814105300|936.14
1786675985|20260814105305|936.19
1786675995|20260814105315|936.16
1786676000|20260814105320|936.16
1786676005|20260814105325|936.13
1786676015|20260814105335|936.10
1786676020|20260814105340|936.07
1786676025|20260814105345|936.02
1786676030|20260814105350|935.98
1786676050|20260814105410|935.83
1786676060|20260814105420|935.72
1786676065|20260814105425|935.77
1786676085|20260814105445|935.73
1786676100|20260814105500|935.88
1786676105|20260814105505|935.82
1786676110|20260814105510|935.78
1786676115|20260814105515|935.76
1786676120|20260814105520|935.77
1786676125|20260814105525|935.62
1786676135|20260814105535|935.73
1786676140|20260814105540|935.83
1786676145|20260814105545|935.84
1786676150|20260814105550|935.86
1786676155|20260814105555|935.68
1786676165|20260814105605|935.66
1786676170|20260814105610|935.62
1786676175|20260814105615|935.63
1786676180|20260814105620|935.55
1786676185|20260814105625|935.55
1786676195|20260814105635|935.50
1786676200|20260814105640|935.58
1786676205|20260814105645|935.52
1786676210|20260814105650|935.42
1786676215|20260814105655|935.48
1786676220|20260814105700|935.46
1786676225|20260814105705|935.32
1786676230|20260814105710|935.42
1786676235|20260814105715|935.41
1786676240|20260814105720|935.32
1786676245|20260814105725|935.26
1786676255|20260814105735|935.36
1786676260|20260814105740|935.32
1786676265|20260814105745|935.38
1786676270|20260814105750|935.25
1786676275|20260814105755|935.21
1786676280|20260814105800|935.19
1786676285|20260814105805|935.32
1786676290|20260814105810|935.39
1786676295|20260814105815|935.44
1786676300|20260814105820|935.45
1786676305|20260814105825|935.20
1786676315|20260814105835|935.34
1786676320|20260814105840|935.40
1786676335|20260814105855|935.54
1786676340|20260814105900|935.56
1786676345|20260814105905|935.45
1786676355|20260814105915|935.53
1786676360|20260814105920|935.57
1786676365|20260814105925|935.59
1786676400|20260814110000|935.79
1786676405|20260814110005|935.71
1786676410|20260814110010|935.53
1786676415|20260814110015|935.77
1786676420|20260814110020|935.71
1786676425|20260814110025|935.64
1786676435|20260814110035|935.65
1786676440|20260814110040|935.66
1786676445|20260814110045|935.62
1786676450|20260814110050|935.67
1786676455|20260814110055|935.64
1786676465|20260814110105|935.53
1786676470|20260814110110|935.45
1786676475|20260814110115|935.45
1786676480|20260814110120|935.43
1786676485|20260814110125|935.45
1786676495|20260814110135|935.48
1786676500|20260814110140|935.74
1786676505|20260814110145|935.82
1786676515|20260814110155|935.80
1786676520|20260814110200|935.79
1786676530|20260814110210|935.73
1786676535|20260814110215|935.71
1786676540|20260814110220|935.61
1786676545|20260814110225|935.63
1786676555|20260814110235|935.72
1786676560|20260814110240|935.82
1786676565|20260814110245|935.82
1786676570|20260814110250|935.81
1786676575|20260814110255|935.91
1786676580|20260814110300|935.99
1786676585|20260814110305|936.05
1786676595|20260814110315|935.95
1786676600|20260814110320|935.96
1786676615|20260814110335|936.08
1786676620|20260814110340|936.04
1786676625|20260814110345|936.02
1786676630|20260814110350|935.94
1786676635|20260814110355|935.85
1786676640|20260814110400|935.89
1786676645|20260814110405|935.88
1786676650|20260814110410|935.76
1786676655|20260814110415|935.95
1786676660|20260814110420|936.12
1786676700|20260814110500|936.49
1786676705|20260814110505|936.46
1786676710|20260814110510|936.49
1786676715|20260814110515|936.53
1786676720|20260814110520|936.62
1786676725|20260814110525|936.59
1786676735|20260814110535|936.58
1786676740|20260814110540|936.62
1786676745|20260814110545|936.78
1786676750|20260814110550|936.84
1786676755|20260814110555|936.82
1786676760|20260814110600|936.68
1786676765|20260814110605|936.83
1786676770|20260814110610|936.92
1786676780|20260814110620|936.68
1786676785|20260814110625|936.73
1786676795|20260814110635|936.69
1786676805|20260814110645|936.66
1786676810|20260814110650|936.79
1786676815|20260814110655|936.80
1786676820|20260814110700|936.78
1786676825|20260814110705|936.90
1786676830|20260814110710|936.94
1786676835|20260814110715|936.96
1786676840|20260814110720|936.97
1786676845|20260814110725|936.89
1786676855|20260814110735|936.90
1786676860|20260814110740|936.89
1786676865|20260814110745|937.05
1786676870|20260814110750|937.09
1786676875|20260814110755|937.08
1786676880|20260814110800|937.10
1786676885|20260814110805|937.11
1786676890|20260814110810|937.24
1786676895|20260814110815|936.92
1786676900|20260814110820|936.93
1786676905|20260814110825|936.98
1786676915|20260814110835|937.21
1786676920|20260814110840|937.15
1786676925|20260814110845|937.14
1786676930|20260814110850|936.97
1786676935|20260814110855|936.97
1786676940|20260814110900|936.94
1786676945|20260814110905|936.85
1786676950|20260814110910|936.84
1786676955|20260814110915|936.72
1786676960|20260814110920|936.68
1786676965|20260814110925|936.74
1786677005|20260814111005|936.66
1786677010|20260814111010|936.67
1786677015|20260814111015|936.73
1786677020|20260814111020|936.78
1786677025|20260814111025|936.73
1786677035|20260814111035|936.61
1786677040|20260814111040|936.61
1786677045|20260814111045|936.61
1786677050|20260814111050|936.63
1786677055|20260814111055|936.76
1786677065|20260814111105|936.69
1786677070|20260814111110|936.65
1786677075|20260814111115|936.59
1786677080|20260814111120|936.56
1786677095|20260814111135|936.63
1786677105|20260814111145|936.64
1786677115|20260814111155|936.69
1786677120|20260814111200|936.56
1786677125|20260814111205|936.54
1786677130|20260814111210|936.52
1786677135|20260814111215|936.50
1786677140|20260814111220|936.50
1786677145|20260814111225|936.50
1786677155|20260814111235|936.60
1786677160|20260814111240|936.58
1786677165|20260814111245|936.60
1786677170|20260814111250|936.63
1786677175|20260814111255|936.63
1786677180|20260814111300|936.64
1786677185|20260814111305|936.81
1786677195|20260814111315|936.84
1786677200|20260814111320|936.92
1786677215|20260814111335|937.30
1786677220|20260814111340|937.26
1786677225|20260814111345|937.24
1786677230|20260814111350|937.32
1786677235|20260814111355|937.31
1786677240|20260814111400|937.51
1786677250|20260814111410|937.54
1786677255|20260814111415|937.06
1786677260|20260814111420|937.02
1786677265|20260814111425|936.85
1786677300|20260814111500|936.76
1786677305|20260814111505|936.85
1786677310|20260814111510|936.89
1786677315|20260814111515|936.89
1786677320|20260814111520|936.91
1786677325|20260814111525|936.89
1786677335|20260814111535|936.94
1786677340|20260814111540|936.91
1786677345|20260814111545|936.91
1786677350|20260814111550|936.86
1786677355|20260814111555|936.79
1786677360|20260814111600|936.76
1786677365|20260814111605|936.90
1786677380|20260814111620|936.90
1786677385|20260814111625|936.91
1786677395|20260814111635|936.93
1786677400|20260814111640|936.91
1786677405|20260814111645|936.95
1786677410|20260814111650|936.94
1786677420|20260814111700|937.02
1786677425|20260814111705|937.02
1786677430|20260814111710|937.04
1786677435|20260814111715|937.08
1786677440|20260814111720|937.24
1786677445|20260814111725|937.18
1786677455|20260814111735|937.34
1786677460|20260814111740|937.34
1786677465|20260814111745|937.33
1786677470|20260814111750|937.32
1786677485|20260814111805|937.32
1786677490|20260814111810|937.30
1786677495|20260814111815|937.25
1786677500|20260814111820|937.25
1786677505|20260814111825|937.28
1786677515|20260814111835|937.22
1786677520|20260814111840|937.18
1786677525|20260814111845|937.18
1786677530|20260814111850|937.20
1786677535|20260814111855|937.20
1786677540|20260814111900|937.17
1786677550|20260814111910|937.23
1786677560|20260814111920|937.32
1786677565|20260814111925|937.30
1786677605|20260814112005|937.33
1786677610|20260814112010|937.27
1786677615|20260814112015|937.28
1786677620|20260814112020|937.29
1786677625|20260814112025|937.28
1786677635|20260814112035|937.40
1786677640|20260814112040|937.47
1786677645|20260814112045|937.53
1786677655|20260814112055|937.50
1786677660|20260814112100|937.46
1786677665|20260814112105|937.48
1786677670|20260814112110|937.49
1786677675|20260814112115|937.53
1786677680|20260814112120|937.54
1786677685|20260814112125|937.61
1786677695|20260814112135|937.51
1786677700|20260814112140|937.53
1786677705|20260814112145|937.67
1786677710|20260814112150|937.77
1786677715|20260814112155|937.83
1786677720|20260814112200|937.75
1786677730|20260814112210|937.98
1786677735|20260814112215|937.90
1786677740|20260814112220|937.89
1786677745|20260814112225|937.91
1786677755|20260814112235|937.84
1786677760|20260814112240|937.80
1786677765|20260814112245|937.83
1786677770|20260814112250|937.76
1786677775|20260814112255|937.75
1786677780|20260814112300|937.61
1786677790|20260814112310|937.70
1786677795|20260814112315|937.68
1786677800|20260814112320|937.75
1786677805|20260814112325|937.77
1786677815|20260814112335|937.76
1786677825|20260814112345|937.75
1786677835|20260814112355|937.78
1786677840|20260814112400|937.72
1786677845|20260814112405|937.78
1786677855|20260814112415|937.75
1786677860|20260814112420|937.77
1786677865|20260814112425|937.70
1786677900|20260814112500|937.83
1786677905|20260814112505|937.87
1786677910|20260814112510|937.81
1786677915|20260814112515|937.81
1786677920|20260814112520|937.78
1786677925|20260814112525|937.88
1786677940|20260814112540|937.90
1786677945|20260814112545|937.90
1786677960|20260814112600|937.81
1786677965|20260814112605|937.71
1786677970|20260814112610|937.75
1786677975|20260814112615|937.77
1786677980|20260814112620|937.79
1786677985|20260814112625|937.86
1786678000|20260814112640|937.96
1786678005|20260814112645|937.96
1786678010|20260814112650|937.89
1786678015|20260814112655|937.88
1786678025|20260814112705|937.98
1786678035|20260814112715|937.94
1786678040|20260814112720|937.96
1786678045|20260814112725|937.90
1786678055|20260814112735|937.91
1786678060|20260814112740|937.91
1786678070|20260814112750|937.95
1786678075|20260814112755|937.90
1786678080|20260814112800|937.89
1786678085|20260814112805|937.92
1786678090|20260814112810|937.92
1786678095|20260814112815|937.95
1786678100|20260814112820|937.94
1786678105|20260814112825|937.95
1786678115|20260814112835|938.04
1786678120|20260814112840|938.00
1786678125|20260814112845|937.95
1786678130|20260814112850|937.94
1786678140|20260814112900|937.98
1786678155|20260814112915|937.93
1786678160|20260814112920|937.94
1786678165|20260814112925|937.96
1786678205|20260814113005|937.98
1786678215|20260814113015|937.97
1786678220|20260814113020|937.98
1786678225|20260814113025|937.98
1786678235|20260814113035|938.06
1786678240|20260814113040|937.92
1786678245|20260814113045|937.92
1786678250|20260814113050|937.91
1786678255|20260814113055|937.98
1786678260|20260814113100|938.02
1786678270|20260814113110|937.99
1786678275|20260814113115|938.00
1786678280|20260814113120|938.01
1786678295|20260814113135|938.00
1786678310|20260814113150|938.01
1786678315|20260814113155|937.99
1786678320|20260814113200|937.97
1786678325|20260814113205|938.00
1786678335|20260814113215|938.01
1786678340|20260814113220|938.00
1786678345|20260814113225|937.97
1786678355|20260814113235|937.94
1786678360|20260814113240|937.97
1786678370|20260814113250|937.97
1786678375|20260814113255|937.95
1786678380|20260814113300|938.02
1786678385|20260814113305|938.05
1786678390|20260814113310|938.09
1786678395|20260814113315|938.12
1786678415|20260814113335|938.02
1786678420|20260814113340|938.03
1786678425|20260814113345|938.30
1786678430|20260814113350|938.27
1786678440|20260814113400|938.25
1786678445|20260814113405|938.24
1786678450|20260814113410|938.20
1786678455|20260814113415|938.31
1786678460|20260814113420|938.30
1786678465|20260814113425|938.36
1786678500|20260814113500|938.32
1786678505|20260814113505|938.35
1786678510|20260814113510|938.35
1786678515|20260814113515|938.32
1786678520|20260814113520|938.31
1786678525|20260814113525|938.28
1786678535|20260814113535|938.31
1786678540|20260814113540|938.36
1786678545|20260814113545|938.32
1786678550|20260814113550|938.35
1786678555|20260814113555|938.26
1786678560|20260814113600|938.29
1786678570|20260814113610|938.30
1786678580|20260814113620|938.34
1786678585|20260814113625|938.42
1786678595|20260814113635|938.38
1786678600|20260814113640|938.41
1786678605|20260814113645|938.39
1786678610|20260814113650|938.42
1786678615|20260814113655|938.41
1786678620|20260814113700|938.43
1786678625|20260814113705|938.41
1786678630|20260814113710|938.43
1786678635|20260814113715|938.36
1786678640|20260814113720|938.31
1786678645|20260814113725|938.36
1786678655|20260814113735|938.37
1786678660|20260814113740|938.34
1786678670|20260814113750|938.36
1786678675|20260814113755|938.37
1786678685|20260814113805|938.40
1786678690|20260814113810|938.36
1786678700|20260814113820|938.29
1786678715|20260814113835|938.18
1786678720|20260814113840|938.16
1786678730|20260814113850|938.21
1786678735|20260814113855|938.15
1786678745|20260814113905|938.05
1786678750|20260814113910|938.07
1786678755|20260814113915|938.05
1786678760|20260814113920|938.07
1786678765|20260814113925|938.04
1786678805|20260814114005|938.12
1786678810|20260814114010|938.12
1786678815|20260814114015|938.09
1786678820|20260814114020|938.09
1786678825|20260814114025|938.06
1786678840|20260814114040|938.05
1786678845|20260814114045|938.06
1786678850|20260814114050|938.06
1786678860|20260814114100|938.08
1786678870|20260814114110|938.08
1786678875|20260814114115|938.08
1786678880|20260814114120|938.08
1786678885|20260814114125|938.08
1786678895|20260814114135|938.10
1786678900|20260814114140|938.09
1786678905|20260814114145|938.16
1786678910|20260814114150|938.13
1786678915|20260814114155|938.09
1786678920|20260814114200|938.05
1786678925|20260814114205|938.06
1786678930|20260814114210|938.00
1786678935|20260814114215|937.95
1786678940|20260814114220|937.95
1786678945|20260814114225|937.95
1786678955|20260814114235|938.01
1786678960|20260814114240|937.98
1786678965|20260814114245|938.05
1786678970|20260814114250|938.03
1786678975|20260814114255|938.01
1786678985|20260814114305|937.99
1786678990|20260814114310|938.06
1786678995|20260814114315|938.01
1786679000|20260814114320|938.01
1786679005|20260814114325|938.00
1786679015|20260814114335|937.99
1786679020|20260814114340|937.89
1786679025|20260814114345|937.95
1786679030|20260814114350|937.91
1786679035|20260814114355|937.91
1786679040|20260814114400|937.90
1786679045|20260814114405|937.93
1786679060|20260814114420|938.01
1786679065|20260814114425|938.00
1786679100|20260814114500|937.98
1786679105|20260814114505|937.98
1786679110|20260814114510|937.99
1786679115|20260814114515|938.01
1786679120|20260814114520|937.99
1786679125|20260814114525|937.98
1786679135|20260814114535|937.98
1786679140|20260814114540|938.02
1786679145|20260814114545|938.02
1786679150|20260814114550|937.96
1786679155|20260814114555|937.96
1786679160|20260814114600|937.99
1786679165|20260814114605|938.00
1786679170|20260814114610|938.00
1786679175|20260814114615|937.99
1786679180|20260814114620|938.05
1786679185|20260814114625|938.07
1786679195|20260814114635|938.04
1786679200|20260814114640|938.05
1786679205|20260814114645|938.08
1786679210|20260814114650|938.09
1786679215|20260814114655|938.07
1786679225|20260814114705|938.11
1786679230|20260814114710|938.13
1786679235|20260814114715|938.16
1786679240|20260814114720|938.16
1786679245|20260814114725|938.16
1786679255|20260814114735|938.15
1786679260|20260814114740|938.07
1786679265|20260814114745|938.07
1786679275|20260814114755|938.10
1786679285|20260814114805|938.08
1786679295|20260814114815|938.10
1786679300|20260814114820|938.10
1786679315|20260814114835|938.11
1786679320|20260814114840|938.10
1786679325|20260814114845|938.11
1786679330|20260814114850|938.15
1786679335|20260814114855|938.16
1786679345|20260814114905|938.14
1786679350|20260814114910|938.16
1786679360|20260814114920|938.02
1786679365|20260814114925|938.14
1786679400|20260814115000|938.13
1786679405|20260814115005|938.16
1786679410|20260814115010|938.14
1786679415|20260814115015|938.18
1786679420|20260814115020|938.18
1786679425|20260814115025|938.18
1786679435|20260814115035|938.19
1786679440|20260814115040|938.18
1786679445|20260814115045|938.22
1786679450|20260814115050|938.15
1786679455|20260814115055|938.11
1786679465|20260814115105|938.11
1786679470|20260814115110|938.07
1786679475|20260814115115|938.09
1786679480|20260814115120|938.07
1786679485|20260814115125|937.90
1786679495|20260814115135|937.98
1786679500|20260814115140|937.96
1786679505|20260814115145|937.99
1786679510|20260814115150|937.85
1786679515|20260814115155|937.78
1786679525|20260814115205|937.81
1786679530|20260814115210|937.98
1786679535|20260814115215|937.99
1786679540|20260814115220|937.97
1786679545|20260814115225|937.97
1786679555|20260814115235|938.00
1786679560|20260814115240|937.96
1786679565|20260814115245|937.93
1786679570|20260814115250|937.94
1786679575|20260814115255|937.90
1786679585|20260814115305|937.88
1786679590|20260814115310|937.86
1786679595|20260814115315|937.83
1786679600|20260814115320|937.82
1786679605|20260814115325|937.78
1786679615|20260814115335|937.71
1786679620|20260814115340|937.71
1786679625|20260814115345|937.72
1786679630|20260814115350|937.79
1786679635|20260814115355|937.75
1786679640|20260814115400|937.77
1786679645|20260814115405|937.76
1786679650|20260814115410|937.78
1786679660|20260814115420|937.76
1786679665|20260814115425|937.71
1786679705|20260814115505|937.69
1786679710|20260814115510|937.71
1786679715|20260814115515|937.70
1786679720|20260814115520|937.65
1786679725|20260814115525|937.69
1786679735|20260814115535|937.71
1786679740|20260814115540|937.69
1786679745|20260814115545|937.70
1786679750|20260814115550|937.70
1786679755|20260814115555|937.67
1786679760|20260814115600|937.71
1786679765|20260814115605|937.70
1786679770|20260814115610|937.71
1786679775|20260814115615|937.72
1786679780|20260814115620|937.71
1786679785|20260814115625|937.73
1786679795|20260814115635|937.53
1786679805|20260814115645|937.51
1786679810|20260814115650|937.60
1786679815|20260814115655|937.62
1786679820|20260814115700|937.60
1786679825|20260814115705|937.60
1786679830|20260814115710|937.61
1786679835|20260814115715|937.54
1786679840|20260814115720|937.56
1786679845|20260814115725|937.58
1786679855|20260814115735|937.61
1786679860|20260814115740|937.61
1786679865|20260814115745|937.66
1786679875|20260814115755|937.75
1786679880|20260814115800|937.73
1786679885|20260814115805|937.74
1786679890|20260814115810|937.77
1786679895|20260814115815|937.76
1786679900|20260814115820|937.72
1786679905|20260814115825|937.75
1786679915|20260814115835|937.69
1786679920|20260814115840|937.65
1786679925|20260814115845|937.64
1786679930|20260814115850|937.65
1786679940|20260814115900|937.65
1786679950|20260814115910|937.62
1786679955|20260814115915|937.63
1786679960|20260814115920|937.63
1786679980|20260814115940|937.53
1786680000|20260814120000|937.51
1786680005|20260814120005|937.51
1786680010|20260814120010|937.51
1786680015|20260814120015|937.57
1786680020|20260814120020|937.51
1786680025|20260814120025|937.49
1786680035|20260814120035|937.48
1786680040|20260814120040|937.48
1786680045|20260814120045|937.56
1786680050|20260814120050|937.60
1786680055|20260814120055|937.59
1786680065|20260814120105|937.62
1786680070|20260814120110|937.58
1786680075|20260814120115|937.57
1786680080|20260814120120|937.56
1786680085|20260814120125|937.57
1786680095|20260814120135|937.56
1786680100|20260814120140|937.58
1786680105|20260814120145|937.62
1786680110|20260814120150|937.58
1786680115|20260814120155|937.60
1786680125|20260814120205|937.66
1786680130|20260814120210|937.67
1786680140|20260814120220|937.66
1786680145|20260814120225|937.67
1786680155|20260814120235|937.72
1786680160|20260814120240|937.71
1786680165|20260814120245|937.76
1786680175|20260814120255|937.63
1786680180|20260814120300|937.62
1786680185|20260814120305|937.57
1786680190|20260814120310|937.57
1786680195|20260814120315|937.56
1786680200|20260814120320|937.58
1786680205|20260814120325|937.61
1786680215|20260814120335|937.64
1786680220|20260814120340|937.62
1786680225|20260814120345|937.59
1786680230|20260814120350|937.59
1786680235|20260814120355|937.48
1786680240|20260814120400|937.51
1786680245|20260814120405|937.48
1786680250|20260814120410|937.48
1786680255|20260814120415|937.48
1786680260|20260814120420|937.49
1786680265|20260814120425|937.40
1786680290|20260814120450|937.40
1786680305|20260814120505|937.39
1786680315|20260814120515|937.39
1786680335|20260814120535|937.44
1786680340|20260814120540|937.52
1786680345|20260814120545|937.54
1786680350|20260814120550|937.48
1786680355|20260814120555|937.45
1786680365|20260814120605|937.55
1786680370|20260814120610|937.53
1786680375|20260814120615|937.49
1786680380|20260814120620|937.52
1786680385|20260814120625|937.52
1786680395|20260814120635|937.45
1786680400|20260814120640|937.48
1786680405|20260814120645|937.48
1786680410|20260814120650|937.47
1786680415|20260814120655|937.48
1786680425|20260814120705|937.58
1786680430|20260814120710|937.57
1786680435|20260814120715|937.56
1786680445|20260814120725|937.52
1786680455|20260814120735|937.53
1786680460|20260814120740|937.53
1786680465|20260814120745|937.51
1786680470|20260814120750|937.47
1786680475|20260814120755|937.47
1786680480|20260814120800|937.47
1786680485|20260814120805|937.56
1786680490|20260814120810|937.56
1786680495|20260814120815|937.54
1786680500|20260814120820|937.54
1786680505|20260814120825|937.61
1786680515|20260814120835|937.64
1786680520|20260814120840|937.63
1786680525|20260814120845|937.61
1786680530|20260814120850|937.56
1786680540|20260814120900|937.72
1786680545|20260814120905|937.68
1786680550|20260814120910|937.62
1786680555|20260814120915|937.70
1786680560|20260814120920|937.67
1786680565|20260814120925|937.65
1786680610|20260814121010|937.60
1786680620|20260814121020|937.65
1786680640|20260814121040|937.56
1786680650|20260814121050|937.62
1786680655|20260814121055|937.61
1786680660|20260814121100|937.64
1786680665|20260814121105|937.63
1786680670|20260814121110|937.55
1786680675|20260814121115|937.56
1786680680|20260814121120|937.52
1786680685|20260814121125|937.53
1786680695|20260814121135|937.60
1786680705|20260814121145|937.64
1786680710|20260814121150|937.73
1786680715|20260814121155|937.75
1786680725|20260814121205|937.84
1786680730|20260814121210|937.82
1786680740|20260814121220|937.74
1786680745|20260814121225|937.84
1786680755|20260814121235|937.95
1786680760|20260814121240|937.95
1786680765|20260814121245|937.93
1786680770|20260814121250|937.97
1786680775|20260814121255|938.02
1786680790|20260814121310|937.99
1786680795|20260814121315|937.96
1786680805|20260814121325|938.04
1786680815|20260814121335|938.12
1786680825|20260814121345|938.16
1786680830|20260814121350|938.12
1786680835|20260814121355|938.24
1786680840|20260814121400|938.22
1786680845|20260814121405|938.20
1786680850|20260814121410|938.26
1786680855|20260814121415|938.26
1786680860|20260814121420|938.25
1786680865|20260814121425|938.27
1786680900|20260814121500|938.04
1786680910|20260814121510|938.05
1786680915|20260814121515|938.07
1786680920|20260814121520|938.08
1786680925|20260814121525|938.05
1786680940|20260814121540|937.99
1786680945|20260814121545|937.99
1786680950|20260814121550|938.00
1786680965|20260814121605|937.98
1786680975|20260814121615|937.98
1786680980|20260814121620|937.97
1786680985|20260814121625|937.96
1786680995|20260814121635|938.02
1786681000|20260814121640|938.01
1786681005|20260814121645|938.11
1786681010|20260814121650|938.12
1786681015|20260814121655|938.23
1786681030|20260814121710|938.31
1786681035|20260814121715|938.31
1786681040|20260814121720|938.30
1786681045|20260814121725|938.34
1786681055|20260814121735|938.33
1786681060|20260814121740|938.33
1786681065|20260814121745|938.31
1786681070|20260814121750|938.18
1786681075|20260814121755|938.24
1786681085|20260814121805|938.24
1786681090|20260814121810|938.25
1786681095|20260814121815|938.22
1786681100|20260814121820|938.18
1786681105|20260814121825|938.17
1786681115|20260814121835|938.21
1786681120|20260814121840|938.19
1786681125|20260814121845|938.19
1786681130|20260814121850|938.20
1786681135|20260814121855|938.19
1786681145|20260814121905|938.17
1786681150|20260814121910|938.19
1786681155|20260814121915|938.18
1786681160|20260814121920|938.19
1786681165|20260814121925|938.20
1786681205|20260814122005|938.17
1786681210|20260814122010|938.22
1786681215|20260814122015|938.21
1786681220|20260814122020|938.18
1786681225|20260814122025|938.16
1786681235|20260814122035|938.28
1786681240|20260814122040|938.28
1786681245|20260814122045|938.26
1786681250|20260814122050|938.25
1786681255|20260814122055|938.32
1786681265|20260814122105|938.32
1786681270|20260814122110|938.31
1786681275|20260814122115|938.33
1786681280|20260814122120|938.30
1786681285|20260814122125|938.29
1786681300|20260814122140|938.23
1786681310|20260814122150|938.22
1786681315|20260814122155|938.22
1786681320|20260814122200|938.19
1786681330|20260814122210|938.20
1786681335|20260814122215|938.16
1786681340|20260814122220|938.16
1786681345|20260814122225|938.16
1786681355|20260814122235|938.10
1786681360|20260814122240|938.18
1786681365|20260814122245|938.17
1786681370|20260814122250|938.12
1786681375|20260814122255|938.13
1786681385|20260814122305|938.12
1786681390|20260814122310|938.09
1786681395|20260814122315|938.10
1786681400|20260814122320|938.11
1786681405|20260814122325|938.10
1786681420|20260814122340|938.14
1786681425|20260814122345|938.21
1786681430|20260814122350|938.26
1786681435|20260814122355|938.23
1786681440|20260814122400|938.26
1786681445|20260814122405|938.22
1786681450|20260814122410|938.25
1786681460|20260814122420|938.25
1786681465|20260814122425|938.27
1786681500|20260814122500|938.23
1786681505|20260814122505|938.23
1786681510|20260814122510|938.23
1786681515|20260814122515|938.25
1786681520|20260814122520|938.24
1786681525|20260814122525|938.26
1786681540|20260814122540|938.21
1786681545|20260814122545|938.22
1786681550|20260814122550|938.20
1786681555|20260814122555|938.23
1786681560|20260814122600|938.30
1786681565|20260814122605|938.27
1786681570|20260814122610|938.27
1786681575|20260814122615|938.28
1786681580|20260814122620|938.29
1786681585|20260814122625|938.28
1786681595|20260814122635|938.23
1786681600|20260814122640|938.23
1786681605|20260814122645|938.26
1786681610|20260814122650|938.25
1786681615|20260814122655|938.27
1786681625|20260814122705|938.29
1786681630|20260814122710|938.30
1786681635|20260814122715|938.29
1786681640|20260814122720|938.21
1786681645|20260814122725|938.21
1786681655|20260814122735|938.21
1786681660|20260814122740|938.18
1786681665|20260814122745|938.17
1786681670|20260814122750|938.17
1786681675|20260814122755|938.20
1786681680|20260814122800|938.18
1786681685|20260814122805|938.18
1786681690|20260814122810|938.22
1786681695|20260814122815|938.22
1786681700|20260814122820|938.21
1786681705|20260814122825|938.21
1786681715|20260814122835|938.18
1786681720|20260814122840|938.16
1786681725|20260814122845|938.11
1786681730|20260814122850|937.94
1786681735|20260814122855|937.97
1786681740|20260814122900|937.92
1786681745|20260814122905|937.84
1786681750|20260814122910|937.88
1786681755|20260814122915|937.92
1786681760|20260814122920|937.91
1786681805|20260814123005|937.88
1786681810|20260814123010|937.96
1786681815|20260814123015|937.94
1786681820|20260814123020|937.86
1786681825|20260814123025|937.86
1786681835|20260814123035|937.88
1786681840|20260814123040|937.84
1786681845|20260814123045|937.84
1786681850|20260814123050|937.84
1786681855|20260814123055|937.86
1786681860|20260814123100|937.75
1786681865|20260814123105|937.77
1786681870|20260814123110|937.78
1786681875|20260814123115|937.80
1786681880|20260814123120|937.69
1786681885|20260814123125|937.67
1786681895|20260814123135|937.68
1786681900|20260814123140|937.66
1786681905|20260814123145|937.74
1786681915|20260814123155|937.77
1786681920|20260814123200|937.73
1786681925|20260814123205|937.75
1786681930|20260814123210|937.75
1786681935|20260814123215|937.49
1786681940|20260814123220|937.53
1786681945|20260814123225|937.51
1786681960|20260814123240|937.60
1786681965|20260814123245|937.63
1786681970|20260814123250|937.67
1786681985|20260814123305|937.61
1786681990|20260814123310|937.61
1786681995|20260814123315|937.69
1786682000|20260814123320|937.57
1786682005|20260814123325|937.55
1786682020|20260814123340|937.84
1786682025|20260814123345|937.81
1786682030|20260814123350|937.87
1786682035|20260814123355|937.84
1786682040|20260814123400|937.82
1786682045|20260814123405|937.83
1786682050|20260814123410|937.83
1786682055|20260814123415|937.75
1786682060|20260814123420|937.76
1786682065|20260814123425|937.79
1786682100|20260814123500|937.77
1786682110|20260814123510|937.79
1786682115|20260814123515|937.68
1786682120|20260814123520|937.71
1786682125|20260814123525|937.66
1786682135|20260814123535|937.72
1786682140|20260814123540|937.72
1786682145|20260814123545|937.75
1786682150|20260814123550|937.80
1786682155|20260814123555|937.82
1786682160|20260814123600|937.76
1786682165|20260814123605|937.71
1786682170|20260814123610|937.68
1786682175|20260814123615|937.75
1786682180|20260814123620|937.76
1786682185|20260814123625|937.79
1786682195|20260814123635|937.81
1786682200|20260814123640|937.81
1786682205|20260814123645|937.83
1786682210|20260814123650|937.87
1786682215|20260814123655|937.92
1786682220|20260814123700|937.84
1786682225|20260814123705|937.87
1786682230|20260814123710|937.86
1786682235|20260814123715|937.82
1786682240|20260814123720|937.82
1786682245|20260814123725|937.83
1786682255|20260814123735|937.81
1786682260|20260814123740|937.79
1786682265|20260814123745|937.79
1786682270|20260814123750|937.79
1786682275|20260814123755|937.82
1786682280|20260814123800|937.83
1786682285|20260814123805|937.86
1786682290|20260814123810|937.90
1786682295|20260814123815|937.90
1786682300|20260814123820|937.92
1786682305|20260814123825|937.92
1786682315|20260814123835|937.91
1786682320|20260814123840|937.90
1786682325|20260814123845|937.90
1786682330|20260814123850|937.93
1786682335|20260814123855|937.97
1786682340|20260814123900|937.89
1786682345|20260814123905|937.88
1786682350|20260814123910|937.94
1786682355|20260814123915|937.90
1786682360|20260814123920|937.90
1786682365|20260814123925|937.92
1786682390|20260814123950|937.78
1786682405|20260814124005|937.85
1786682410|20260814124010|937.85
1786682415|20260814124015|937.91
1786682420|20260814124020|937.90
1786682440|20260814124040|937.80
1786682445|20260814124045|937.79
1786682450|20260814124050|937.81
1786682455|20260814124055|937.81
1786682465|20260814124105|937.82
1786682470|20260814124110|938.01
1786682480|20260814124120|938.04
1786682495|20260814124135|938.12
1786682500|20260814124140|938.12
1786682505|20260814124145|938.10
1786682515|20260814124155|937.98
1786682520|20260814124200|937.99
1786682525|20260814124205|937.96
1786682530|20260814124210|937.98
1786682545|20260814124225|937.93
1786682555|20260814124235|937.95
1786682560|20260814124240|937.94
1786682565|20260814124245|937.98
1786682570|20260814124250|937.90
1786682575|20260814124255|937.88
1786682585|20260814124305|937.89
1786682590|20260814124310|937.87
1786682600|20260814124320|937.86
1786682605|20260814124325|937.87
1786682615|20260814124335|937.94
1786682620|20260814124340|937.87
1786682625|20260814124345|937.87
1786682645|20260814124405|937.93
1786682650|20260814124410|937.94
1786682655|20260814124415|937.92
1786682665|20260814124425|937.97
1786682700|20260814124500|937.85
1786682705|20260814124505|937.85
1786682710|20260814124510|937.82
1786682715|20260814124515|937.81
1786682720|20260814124520|937.64
1786682725|20260814124525|937.62
1786682735|20260814124535|937.63
1786682745|20260814124545|937.64
1786682755|20260814124555|937.62
1786682760|20260814124600|937.62
1786682765|20260814124605|937.71
1786682770|20260814124610|937.72
1786682775|20260814124615|937.79
1786682780|20260814124620|937.71
1786682785|20260814124625|937.74
1786682795|20260814124635|937.74
1786682800|20260814124640|937.74
1786682805|20260814124645|937.70
1786682815|20260814124655|937.69
1786682825|20260814124705|937.66
1786682830|20260814124710|937.67
1786682840|20260814124720|937.66
1786682855|20260814124735|937.68
1786682860|20260814124740|937.68
1786682865|20260814124745|937.74
1786682870|20260814124750|937.74
1786682880|20260814124800|937.77
1786682905|20260814124825|937.77
1786682915|20260814124835|937.75
1786682925|20260814124845|937.78
1786682945|20260814124905|937.79
1786682950|20260814124910|937.81
1786682990|20260814124950|937.72
1786683005|20260814125005|937.70
1786683015|20260814125015|937.69
1786683020|20260814125020|937.70
1786683025|20260814125025|937.69
1786683035|20260814125035|937.69
1786683040|20260814125040|937.69
1786683045|20260814125045|937.73
1786683060|20260814125100|937.73
1786683065|20260814125105|937.74
1786683070|20260814125110|937.77
1786683075|20260814125115|937.76
1786683085|20260814125125|937.78
1786683100|20260814125140|937.74
1786683105|20260814125145|937.73
1786683110|20260814125150|937.77
1786683115|20260814125155|937.76
1786683135|20260814125215|937.82
1786683140|20260814125220|937.83
1786683145|20260814125225|937.80
1786683155|20260814125235|937.81
1786683170|20260814125250|937.80
1786683175|20260814125255|937.84
1786683190|20260814125310|937.83
1786683195|20260814125315|937.84
1786683200|20260814125320|937.84
1786683205|20260814125325|937.76
1786683220|20260814125340|937.78
1786683225|20260814125345|937.80
1786683230|20260814125350|937.79
1786683245|20260814125405|937.80
1786683250|20260814125410|937.81
1786683255|20260814125415|937.80
1786683260|20260814125420|937.79
1786683265|20260814125425|937.78
1786683300|20260814125500|937.73
1786683305|20260814125505|937.76
1786683310|20260814125510|937.75
1786683315|20260814125515|937.72
1786683320|20260814125520|937.76
1786683325|20260814125525|937.74
1786683335|20260814125535|937.70
1786683340|20260814125540|937.72
1786683350|20260814125550|937.77
1786683355|20260814125555|937.77
1786683360|20260814125600|937.78
1786683395|20260814125635|937.79
1786683400|20260814125640|937.75
1786683405|20260814125645|937.74
1786683410|20260814125650|937.79
1786683440|20260814125720|937.95
1786683460|20260814125740|937.95
1786683465|20260814125745|937.99
1786683470|20260814125750|938.04
1786683475|20260814125755|937.99
1786683480|20260814125800|938.01
1786683485|20260814125805|937.98
1786683500|20260814125820|937.96
1786683515|20260814125835|937.96
1786683525|20260814125845|937.96
1786683530|20260814125850|937.89
1786683535|20260814125855|937.89
1786683540|20260814125900|937.92
1786683545|20260814125905|937.92
1786683550|20260814125910|937.92
1786683560|20260814125920|937.88
1786683605|20260814130005|938.15
1786683610|20260814130010|938.15
1786683620|20260814130020|937.92
1786683640|20260814130040|937.81
1786683645|20260814130045|937.79
1786683650|20260814130050|937.80
1786683660|20260814130100|937.81
1786683680|20260814130120|937.82
1786683685|20260814130125|937.80
1786683695|20260814130135|937.81
1786683700|20260814130140|937.79
1786683705|20260814130145|937.69
1786683715|20260814130155|937.59
1786683720|20260814130200|937.55
1786683725|20260814130205|937.58
1786683730|20260814130210|937.60
1786683740|20260814130220|937.56
1786683745|20260814130225|937.64
1786683760|20260814130240|937.69
1786683765|20260814130245|937.70
1786683770|20260814130250|937.68
1786683775|20260814130255|937.68
1786683780|20260814130300|937.73
1786683785|20260814130305|937.72
1786683790|20260814130310|937.66
1786683795|20260814130315|937.64
1786683800|20260814130320|937.64
1786683820|20260814130340|937.95
1786683830|20260814130350|937.92
1786683835|20260814130355|937.92
1786683840|20260814130400|937.86
1786683850|20260814130410|937.83
1786683900|20260814130500|937.89
1786683910|20260814130510|937.85
1786683915|20260814130515|937.88
1786683920|20260814130520|937.90
1786683925|20260814130525|937.90
1786683940|20260814130540|937.75
1786683955|20260814130555|937.45
1786683960|20260814130600|937.47
1786683965|20260814130605|937.42
1786683970|20260814130610|937.34
1786683975|20260814130615|937.30
1786683980|20260814130620|937.32
1786683985|20260814130625|937.36
1786683995|20260814130635|937.35
1786684000|20260814130640|937.32
1786684005|20260814130645|937.33
1786684010|20260814130650|937.37
1786684015|20260814130655|937.40
1786684025|20260814130705|937.37
1786684030|20260814130710|937.38
1786684035|20260814130715|937.37
1786684045|20260814130725|937.26
1786684055|20260814130735|937.32
1786684060|20260814130740|937.07
1786684070|20260814130750|937.19
1786684075|20260814130755|937.20
1786684080|20260814130800|937.20
1786684085|20260814130805|937.07
1786684090|20260814130810|937.11
1786684095|20260814130815|937.04
1786684100|20260814130820|937.09
1786684105|20260814130825|937.02
1786684120|20260814130840|936.98
1786684125|20260814130845|936.99
1786684130|20260814130850|936.99
1786684135|20260814130855|936.98
1786684140|20260814130900|936.96
1786684145|20260814130905|936.94
1786684150|20260814130910|937.00
1786684160|20260814130920|936.97
1786684165|20260814130925|936.90
1786684250|20260814131050|936.87
