1790611200|20260929000000|889.79
1790611210|20260929000010|889.81
1790611215|20260929000015|889.83
1790611220|20260929000020|889.85
1790611240|20260929000040|889.55
1790611255|20260929000055|889.55
1790611275|20260929000115|889.60
1790611285|20260929000125|889.70
1790611300|20260929000140|889.76
1790611305|20260929000145|889.81
1790611310|20260929000150|889.87
1790611325|20260929000205|889.64
1790611340|20260929000220|889.70
1790611345|20260929000225|889.68
1790611355|20260929000235|889.67
1790611360|20260929000240|889.64
1790611365|20260929000245|889.38
1790611370|20260929000250|889.36
1790611375|20260929000255|889.39
1790611385|20260929000305|889.33
1790611390|20260929000310|889.38
1790611395|20260929000315|889.37
1790611400|20260929000320|889.40
1790611405|20260929000325|889.44
1790611415|20260929000335|889.35
1790611420|20260929000340|889.33
1790611425|20260929000345|889.16
1790611430|20260929000350|889.16
1790611435|20260929000355|889.24
1790611455|20260929000415|889.23
1790611465|20260929000425|889.38
1790611505|20260929000505|889.61
1790611515|20260929000515|889.51
1790611545|20260929000545|889.59
1790611550|20260929000550|889.68
1790611555|20260929000555|889.66
1790611565|20260929000605|889.73
1790611580|20260929000620|889.69
1790611585|20260929000625|889.80
1790611595|20260929000635|889.79
1790611605|20260929000645|889.79
1790611615|20260929000655|889.65
1790611625|20260929000705|889.58
1790611630|20260929000710|889.63
1790611635|20260929000715|889.58
1790611655|20260929000735|889.57
1790611665|20260929000745|889.51
1790611675|20260929000755|889.57
1790611690|20260929000810|889.30
1790611695|20260929000815|889.35
1790611700|20260929000820|889.38
1790611715|20260929000835|889.28
1790611725|20260929000845|889.39
1790611730|20260929000850|889.31
1790611735|20260929000855|889.34
1790611745|20260929000905|889.32
1790611750|20260929000910|889.25
1790611760|20260929000920|889.18
1790611805|20260929001005|889.37
1790611810|20260929001010|889.31
1790611815|20260929001015|889.34
1790611820|20260929001020|889.35
1790611825|20260929001025|889.43
1790611840|20260929001040|889.34
1790611845|20260929001045|889.20
1790611855|20260929001055|889.11
1790611865|20260929001105|889.11
1790611875|20260929001115|889.04
1790611880|20260929001120|889.11
1790611885|20260929001125|889.01
1790611895|20260929001135|888.94
1790611900|20260929001140|888.93
1790611905|20260929001145|888.90
1790611910|20260929001150|888.95
1790611925|20260929001205|888.81
1790611930|20260929001210|888.92
1790611935|20260929001215|889.02
1790611940|20260929001220|888.96
1790611945|20260929001225|888.90
1790611955|20260929001235|888.80
1790611960|20260929001240|888.80
1790611965|20260929001245|888.69
1790611975|20260929001255|888.72
1790611985|20260929001305|888.74
1790611990|20260929001310|888.60
1790611995|20260929001315|888.48
1790612000|20260929001320|888.44
1790612005|20260929001325|888.61
1790612015|20260929001335|888.54
1790612020|20260929001340|888.55
1790612030|20260929001350|888.58
1790612045|20260929001405|888.53
1790612055|20260929001415|888.57
1790612100|20260929001500|888.39
1790612105|20260929001505|888.38
1790612110|20260929001510|888.44
1790612115|20260929001515|888.45
1790612120|20260929001520|888.48
1790612135|20260929001535|888.33
1790612140|20260929001540|888.31
1790612145|20260929001545|888.43
1790612155|20260929001555|888.39
1790612165|20260929001605|888.84
1790612170|20260929001610|888.59
1790612175|20260929001615|888.43
1790612180|20260929001620|888.40
1790612185|20260929001625|888.24
1790612200|20260929001640|888.48
1790612205|20260929001645|889.71
1790612210|20260929001650|889.95
1790612225|20260929001705|890.24
1790612235|20260929001715|890.21
1790612255|20260929001735|890.32
1790612260|20260929001740|890.05
1790612265|20260929001745|890.17
1790612270|20260929001750|890.16
1790612275|20260929001755|890.03
1790612285|20260929001805|890.28
1790612290|20260929001810|890.37
1790612300|20260929001820|890.86
1790612325|20260929001845|890.51
1790612330|20260929001850|890.46
1790612335|20260929001855|890.30
1790612345|20260929001905|890.02
1790612350|20260929001910|889.98
1790612355|20260929001915|889.95
1790612360|20260929001920|889.91
1790612400|20260929002000|890.29
1790612405|20260929002005|890.45
1790612410|20260929002010|890.38
1790612415|20260929002015|890.59
1790612420|20260929002020|890.64
1790612425|20260929002025|890.84
1790612435|20260929002035|890.92
1790612440|20260929002040|890.89
1790612445|20260929002045|891.13
1790612450|20260929002050|891.30
1790612455|20260929002055|891.13
1790612470|20260929002110|891.09
1790612475|20260929002115|891.01
1790612480|20260929002120|891.14
1790612485|20260929002125|891.22
1790612500|20260929002140|891.50
1790612505|20260929002145|891.44
1790612510|20260929002150|891.38
1790612515|20260929002155|891.39
1790612525|20260929002205|891.43
1790612535|20260929002215|891.32
1790612540|20260929002220|891.33
1790612555|20260929002235|891.61
1790612565|20260929002245|891.46
1790612585|20260929002305|891.32
1790612590|20260929002310|891.36
1790612595|20260929002315|891.46
1790612600|20260929002320|891.11
1790612615|20260929002335|891.00
1790612630|20260929002350|891.31
1790612645|20260929002405|891.64
1790612650|20260929002410|891.50
1790612655|20260929002415|891.34
1790612660|20260929002420|891.54
1790612665|20260929002425|891.65
1790612710|20260929002510|892.28
1790612715|20260929002515|892.31
1790612720|20260929002520|892.29
1790612725|20260929002525|892.23
1790612745|20260929002545|892.55
1790612750|20260929002550|892.90
1790612755|20260929002555|892.81
1790612840|20260929002720|894.39
1790612855|20260929002735|894.56
1790612875|20260929002755|894.59
1790612885|20260929002805|894.47
1790612895|20260929002815|894.34
1790612935|20260929002855|894.34
1790612945|20260929002905|894.32
1790612960|20260929002920|894.79
1790612965|20260929002925|894.15
1790613000|20260929003000|893.88
1790613005|20260929003005|893.97
1790613010|20260929003010|894.37
1790613015|20260929003015|894.38
1790613035|20260929003035|894.00
1790613040|20260929003040|894.18
1790613045|20260929003045|893.99
1790613055|20260929003055|893.91
1790613070|20260929003110|893.65
1790613075|20260929003115|893.80
1790613080|20260929003120|893.72
1790613100|20260929003140|893.25
1790613105|20260929003145|893.44
1790613110|20260929003150|893.57
1790613115|20260929003155|893.66
1790613125|20260929003205|893.50
1790613130|20260929003210|893.56
1790613140|20260929003220|893.50
1790613155|20260929003235|893.45
1790613165|20260929003245|893.37
1790613175|20260929003255|893.40
1790613185|20260929003305|892.79
1790613190|20260929003310|892.86
1790613195|20260929003315|893.01
1790613200|20260929003320|893.17
1790613205|20260929003325|893.16
1790613230|20260929003350|892.50
1790613235|20260929003355|892.58
1790613245|20260929003405|892.51
1790613250|20260929003410|892.64
1790613255|20260929003415|892.81
1790613260|20260929003420|892.68
1790613265|20260929003425|892.56
1790613305|20260929003505|892.42
1790613310|20260929003510|892.19
1790613315|20260929003515|892.31
1790613320|20260929003520|892.28
1790613335|20260929003535|892.45
1790613345|20260929003545|892.42
1790613350|20260929003550|892.41
1790613365|20260929003605|892.39
1790613375|20260929003615|892.42
1790613380|20260929003620|892.45
1790613385|20260929003625|892.49
1790613395|20260929003635|892.58
1790613405|20260929003645|892.81
1790613430|20260929003710|893.27
1790613440|20260929003720|893.07
1790613455|20260929003735|892.98
1790613460|20260929003740|892.91
1790613465|20260929003745|892.92
1790613475|20260929003755|892.84
1790613485|20260929003805|892.87
1790613490|20260929003810|892.80
1790613505|20260929003825|892.79
1790613520|20260929003840|892.73
1790613525|20260929003845|892.71
1790613545|20260929003905|892.40
1790613550|20260929003910|892.34
1790613555|20260929003915|892.36
1790613560|20260929003920|892.39
1790613565|20260929003925|892.43
1790613605|20260929004005|892.40
1790613610|20260929004010|892.50
1790613615|20260929004015|892.48
1790613620|20260929004020|892.47
1790613625|20260929004025|892.61
1790613635|20260929004035|892.35
1790613640|20260929004040|892.37
1790613645|20260929004045|892.36
1790613650|20260929004050|892.33
1790613655|20260929004055|892.34
1790613665|20260929004105|892.24
1790613670|20260929004110|892.30
1790613680|20260929004120|892.37
1790613705|20260929004145|892.25
1790613710|20260929004150|892.15
1790613725|20260929004205|892.11
1790613730|20260929004210|892.16
1790613740|20260929004220|892.21
1790613755|20260929004235|891.96
1790613765|20260929004245|891.88
1790613770|20260929004250|891.95
1790613775|20260929004255|891.92
1790613785|20260929004305|891.87
1790613790|20260929004310|891.81
1790613795|20260929004315|891.97
1790613800|20260929004320|891.82
1790613805|20260929004325|891.83
1790613815|20260929004335|891.68
1790613820|20260929004340|891.64
1790613825|20260929004345|891.64
1790613835|20260929004355|891.68
1790613845|20260929004405|891.66
1790613850|20260929004410|891.59
1790613855|20260929004415|891.65
1790613860|20260929004420|891.68
1790613865|20260929004425|891.71
1790613875|20260929004435|891.54
1790613905|20260929004505|891.56
1790613910|20260929004510|891.46
1790613915|20260929004515|891.57
1790613920|20260929004520|891.59
1790613925|20260929004525|891.56
1790613935|20260929004535|891.71
1790613940|20260929004540|891.64
1790613945|20260929004545|891.64
1790613950|20260929004550|891.58
1790613965|20260929004605|891.24
1790613970|20260929004610|891.21
1790613975|20260929004615|891.13
1790613980|20260929004620|891.07
1790613985|20260929004625|891.09
1790613995|20260929004635|891.20
1790614000|20260929004640|891.22
1790614010|20260929004650|891.16
1790614030|20260929004710|891.02
1790614035|20260929004715|891.05
1790614040|20260929004720|891.05
1790614045|20260929004725|891.07
1790614055|20260929004735|891.14
1790614060|20260929004740|891.13
1790614065|20260929004745|891.26
1790614070|20260929004750|891.22
1790614085|20260929004805|891.15
1790614100|20260929004820|891.11
1790614105|20260929004825|891.38
1790614120|20260929004840|891.36
1790614135|20260929004855|891.28
1790614145|20260929004905|891.19
1790614155|20260929004915|891.28
1790614160|20260929004920|891.26
1790614200|20260929005000|891.05
1790614210|20260929005010|891.02
1790614215|20260929005015|891.00
1790614220|20260929005020|890.91
1790614225|20260929005025|891.05
1790614235|20260929005035|891.29
1790614245|20260929005045|891.36
1790614255|20260929005055|891.28
1790614270|20260929005110|891.29
1790614275|20260929005115|891.10
1790614295|20260929005135|891.02
1790614300|20260929005140|891.13
1790614305|20260929005145|891.12
1790614315|20260929005155|891.05
1790614320|20260929005200|891.00
1790614325|20260929005205|890.95
1790614330|20260929005210|890.96
1790614335|20260929005215|890.85
1790614340|20260929005220|890.94
1790614345|20260929005225|890.83
1790614355|20260929005235|890.91
1790614360|20260929005240|890.90
1790614365|20260929005245|891.08
1790614385|20260929005305|891.22
1790614390|20260929005310|891.20
1790614395|20260929005315|891.21
1790614400|20260929005320|891.11
1790614405|20260929005325|891.35
1790614415|20260929005335|891.34
1790614420|20260929005340|891.33
1790614445|20260929005405|891.62
1790614455|20260929005415|891.64
1790614460|20260929005420|891.60
1790614465|20260929005425|891.59
1790614505|20260929005505|891.55
1790614510|20260929005510|891.54
1790614515|20260929005515|891.51
1790614520|20260929005520|891.50
1790614525|20260929005525|891.55
1790614535|20260929005535|891.50
1790614565|20260929005605|891.24
1790614570|20260929005610|891.14
1790614595|20260929005635|891.19
1790614600|20260929005640|891.17
1790614610|20260929005650|891.22
1790614615|20260929005655|891.22
1790614625|20260929005705|891.18
1790614630|20260929005710|891.11
1790614640|20260929005720|891.08
1790614645|20260929005725|891.04
1790614655|20260929005735|891.03
1790614660|20260929005740|890.83
1790614665|20260929005745|890.79
1790614670|20260929005750|890.86
1790614675|20260929005755|890.90
1790614685|20260929005805|890.90
1790614695|20260929005815|890.93
1790614700|20260929005820|890.87
1790614705|20260929005825|890.89
1790614715|20260929005835|890.95
1790614725|20260929005845|890.85
1790614735|20260929005855|890.92
1790614740|20260929005900|890.80
1790614745|20260929005905|890.88
1790614760|20260929005920|890.85
1790614765|20260929005925|890.85
1790614775|20260929005935|890.86
1790614800|20260929010000|890.99
1790614805|20260929010005|890.89
1790614810|20260929010010|890.86
1790614815|20260929010015|890.94
1790614825|20260929010025|890.71
1790614835|20260929010035|890.76
1790614840|20260929010040|890.72
1790614845|20260929010045|890.70
1790614855|20260929010055|890.75
1790614865|20260929010105|890.81
1790614870|20260929010110|890.81
1790614875|20260929010115|890.85
1790614880|20260929010120|890.81
1790614905|20260929010145|890.97
1790614910|20260929010150|890.94
1790614925|20260929010205|890.79
1790614930|20260929010210|890.82
1790614935|20260929010215|890.73
1790614940|20260929010220|890.73
1790614955|20260929010235|890.73
1790614960|20260929010240|890.65
1790614965|20260929010245|890.76
1790614970|20260929010250|890.71
1790614975|20260929010255|890.66
1790614985|20260929010305|890.66
1790614990|20260929010310|890.74
1790614995|20260929010315|890.63
1790615000|20260929010320|890.57
1790615015|20260929010335|890.75
1790615020|20260929010340|890.75
1790615025|20260929010345|890.63
1790615030|20260929010350|890.67
1790615045|20260929010405|890.74
1790615050|20260929010410|890.78
1790615055|20260929010415|890.65
1790615065|20260929010425|890.63
1790615075|20260929010435|890.72
1790615105|20260929010505|890.61
1790615110|20260929010510|890.81
1790615115|20260929010515|890.95
1790615120|20260929010520|890.87
1790615125|20260929010525|890.91
1790615135|20260929010535|890.78
1790615145|20260929010545|890.87
1790615150|20260929010550|890.85
1790615155|20260929010555|890.74
1790615170|20260929010610|890.62
1790615175|20260929010615|890.50
1790615180|20260929010620|890.36
1790615185|20260929010625|890.43
1790615195|20260929010635|890.45
1790615200|20260929010640|890.40
1790615205|20260929010645|890.41
1790615210|20260929010650|890.42
1790615215|20260929010655|890.37
1790615225|20260929010705|890.39
1790615230|20260929010710|890.38
1790615240|20260929010720|890.52
1790615245|20260929010725|890.53
1790615255|20260929010735|890.43
1790615265|20260929010745|890.42
1790615270|20260929010750|890.42
1790615275|20260929010755|890.46
1790615285|20260929010805|890.44
1790615290|20260929010810|890.52
1790615295|20260929010815|890.46
1790615315|20260929010835|890.44
1790615320|20260929010840|890.40
1790615325|20260929010845|890.40
1790615330|20260929010850|890.36
1790615350|20260929010910|890.42
1790615355|20260929010915|890.43
1790615360|20260929010920|890.44
1790615365|20260929010925|890.44
1790615395|20260929010955|890.61
1790615400|20260929011000|890.55
1790615405|20260929011005|890.58
1790615415|20260929011015|890.60
1790615435|20260929011035|890.48
1790615440|20260929011040|890.47
1790615455|20260929011055|890.42
1790615475|20260929011115|890.40
1790615480|20260929011120|890.38
1790615495|20260929011135|892.88
1790615505|20260929011145|892.97
1790615510|20260929011150|893.69
1790615515|20260929011155|893.62
1790615525|20260929011205|894.16
1790615530|20260929011210|894.03
1790615535|20260929011215|893.48
1790615540|20260929011220|892.91
1790615545|20260929011225|893.38
1790615555|20260929011235|894.66
1790615560|20260929011240|893.55
1790615565|20260929011245|893.11
1790615585|20260929011305|893.79
1790615590|20260929011310|893.83
1790615600|20260929011320|893.98
1790615605|20260929011325|893.84
1790615620|20260929011340|893.99
1790615625|20260929011345|893.46
1790615645|20260929011405|893.62
1790615655|20260929011415|893.78
1790615660|20260929011420|893.69
1790615665|20260929011425|893.50
1790615700|20260929011500|893.45
1790615705|20260929011505|893.81
1790615710|20260929011510|893.32
1790615715|20260929011515|893.29
1790615720|20260929011520|893.33
1790615725|20260929011525|893.29
1790615735|20260929011535|892.59
1790615740|20260929011540|892.39
1790615745|20260929011545|892.49
1790615770|20260929011610|893.18
1790615775|20260929011615|893.09
1790615780|20260929011620|892.92
1790615795|20260929011635|893.19
1790615800|20260929011640|893.15
1790615805|20260929011645|892.94
1790615825|20260929011705|893.13
1790615835|20260929011715|893.06
1790615840|20260929011720|893.04
1790615845|20260929011725|893.34
1790615860|20260929011740|893.14
1790615865|20260929011745|892.37
1790615875|20260929011755|892.41
1790615890|20260929011810|892.58
1790615895|20260929011815|892.49
1790615920|20260929011840|892.63
1790615925|20260929011845|892.44
1790615935|20260929011855|892.47
1790615950|20260929011910|892.25
1790615955|20260929011915|892.23
1790615960|20260929011920|892.16
1790615965|20260929011925|892.25
1790615995|20260929011955|892.07
1790616000|20260929012000|892.03
1790616005|20260929012005|891.93
1790616010|20260929012010|892.05
1790616015|20260929012015|892.09
1790616020|20260929012020|892.05
1790616025|20260929012025|891.94
1790616035|20260929012035|892.08
1790616045|20260929012045|892.14
1790616055|20260929012055|892.17
1790616070|20260929012110|892.33
1790616075|20260929012115|892.37
1790616080|20260929012120|892.39
1790616100|20260929012140|892.52
1790616105|20260929012145|892.45
1790616110|20260929012150|892.38
1790616125|20260929012205|892.29
1790616130|20260929012210|892.31
1790616135|20260929012215|892.37
1790616140|20260929012220|892.46
1790616145|20260929012225|892.40
1790616160|20260929012240|892.30
1790616175|20260929012255|892.44
1790616185|20260929012305|892.49
1790616190|20260929012310|892.62
1790616195|20260929012315|892.52
1790616200|20260929012320|892.58
1790616205|20260929012325|892.45
1790616215|20260929012335|892.49
1790616225|20260929012345|892.43
1790616230|20260929012350|892.49
1790616235|20260929012355|892.43
1790616245|20260929012405|892.27
1790616250|20260929012410|892.47
1790616255|20260929012415|892.58
1790616260|20260929012420|892.46
1790616265|20260929012425|892.58
1790616310|20260929012510|892.40
1790616315|20260929012515|892.54
1790616320|20260929012520|892.56
1790616325|20260929012525|892.67
1790616335|20260929012535|892.75
1790616340|20260929012540|892.83
1790616345|20260929012545|892.75
1790616350|20260929012550|892.73
1790616355|20260929012555|892.72
1790616370|20260929012610|892.69
1790616375|20260929012615|892.76
1790616380|20260929012620|892.72
1790616385|20260929012625|892.81
1790616405|20260929012645|892.63
1790616410|20260929012650|892.46
1790616425|20260929012705|892.35
1790616430|20260929012710|892.34
1790616435|20260929012715|892.63
1790616440|20260929012720|892.63
1790616445|20260929012725|892.65
1790616455|20260929012735|892.73
1790616460|20260929012740|892.65
1790616465|20260929012745|892.41
1790616470|20260929012750|892.38
1790616485|20260929012805|892.28
1790616490|20260929012810|892.47
1790616495|20260929012815|892.37
1790616500|20260929012820|892.38
1790616505|20260929012825|892.28
1790616515|20260929012835|892.36
1790616520|20260929012840|892.47
1790616525|20260929012845|892.62
1790616535|20260929012855|892.63
1790616545|20260929012905|892.11
1790616550|20260929012910|892.19
1790616565|20260929012925|892.23
1790616605|20260929013005|892.47
1790616610|20260929013010|892.59
1790616615|20260929013015|892.80
1790616620|20260929013020|892.67
1790616625|20260929013025|892.70
1790616640|20260929013040|892.79
1790616645|20260929013045|892.77
1790616650|20260929013050|892.78
1790616655|20260929013055|892.77
1790616665|20260929013105|892.98
1790616670|20260929013110|892.87
1790616675|20260929013115|892.94
1790616680|20260929013120|892.92
1790616685|20260929013125|893.04
1790616695|20260929013135|893.01
1790616700|20260929013140|892.98
1790616705|20260929013145|893.05
1790616715|20260929013155|893.01
1790616730|20260929013210|893.08
1790616735|20260929013215|893.06
1790616740|20260929013220|893.08
1790616745|20260929013225|893.00
1790616755|20260929013235|893.02
1790616765|20260929013245|892.88
1790616770|20260929013250|893.01
1790616775|20260929013255|893.02
1790616785|20260929013305|892.95
1790616790|20260929013310|893.07
1790616795|20260929013315|892.99
1790616800|20260929013320|892.94
1790616805|20260929013325|892.91
1790616815|20260929013335|892.90
1790616820|20260929013340|892.87
1790616825|20260929013345|892.94
1790616835|20260929013355|892.79
1790616845|20260929013405|892.72
1790616860|20260929013420|892.67
1790616865|20260929013425|892.69
1790616905|20260929013505|892.58
1790616910|20260929013510|892.64
1790616915|20260929013515|892.59
1790616920|20260929013520|892.66
1790616925|20260929013525|892.68
1790616940|20260929013540|892.67
1790616945|20260929013545|892.66
1790616950|20260929013550|892.63
1790616955|20260929013555|892.65
1790616965|20260929013605|892.73
1790616980|20260929013620|892.65
1790616995|20260929013635|892.77
1790617005|20260929013645|892.70
1790617010|20260929013650|892.73
1790617025|20260929013705|892.62
1790617030|20260929013710|892.65
1790617040|20260929013720|892.78
1790617045|20260929013725|892.76
1790617055|20260929013735|892.75
1790617065|20260929013745|892.57
1790617070|20260929013750|892.57
1790617075|20260929013755|892.41
1790617085|20260929013805|892.34
1790617090|20260929013810|892.40
1790617105|20260929013825|892.38
1790617115|20260929013835|892.32
1790617130|20260929013850|892.49
1790617135|20260929013855|892.49
1790617145|20260929013905|892.52
1790617150|20260929013910|892.45
1790617155|20260929013915|892.41
1790617160|20260929013920|892.45
1790617175|20260929013935|892.22
1790617200|20260929014000|891.99
1790617205|20260929014005|891.99
1790617210|20260929014010|892.08
1790617215|20260929014015|892.14
1790617220|20260929014020|892.22
1790617225|20260929014025|892.14
1790617235|20260929014035|892.05
1790617245|20260929014045|892.26
1790617255|20260929014055|892.23
1790617265|20260929014105|892.15
1790617270|20260929014110|892.15
1790617280|20260929014120|892.27
1790617285|20260929014125|892.48
1790617295|20260929014135|892.47
1790617300|20260929014140|892.50
1790617305|20260929014145|892.60
1790617325|20260929014205|892.98
1790617335|20260929014215|892.86
1790617340|20260929014220|892.89
1790617345|20260929014225|892.87
1790617355|20260929014235|892.81
1790617365|20260929014245|892.76
1790617370|20260929014250|892.71
1790617375|20260929014255|892.65
1790617385|20260929014305|892.91
1790617400|20260929014320|892.87
1790617425|20260929014345|892.72
1790617430|20260929014350|892.71
1790617445|20260929014405|892.72
1790617450|20260929014410|892.74
1790617455|20260929014415|892.77
1790617460|20260929014420|892.66
1790617500|20260929014500|892.72
1790617505|20260929014505|892.74
1790617515|20260929014515|892.86
1790617520|20260929014520|892.88
1790617525|20260929014525|892.89
1790617535|20260929014535|892.69
1790617550|20260929014550|892.54
1790617565|20260929014605|892.53
1790617575|20260929014615|892.52
1790617580|20260929014620|892.55
1790617585|20260929014625|892.53
1790617605|20260929014645|892.56
1790617610|20260929014650|892.61
1790617625|20260929014705|892.71
1790617635|20260929014715|892.79
1790617640|20260929014720|892.73
1790617645|20260929014725|892.66
1790617660|20260929014740|892.55
1790617665|20260929014745|892.53
1790617675|20260929014755|892.51
1790617685|20260929014805|892.47
1790617690|20260929014810|892.39
1790617695|20260929014815|892.39
1790617700|20260929014820|892.38
1790617705|20260929014825|892.46
1790617715|20260929014835|892.57
1790617720|20260929014840|892.57
1790617725|20260929014845|892.59
1790617730|20260929014850|892.59
1790617745|20260929014905|892.82
1790617750|20260929014910|892.90
1790617755|20260929014915|892.92
1790617760|20260929014920|892.92
1790617765|20260929014925|892.91
1790617800|20260929015000|892.97
1790617805|20260929015005|893.02
1790617815|20260929015015|893.18
1790617825|20260929015025|893.30
1790617840|20260929015040|893.29
1790617845|20260929015045|893.25
1790617855|20260929015055|893.07
1790617875|20260929015115|892.94
1790617885|20260929015125|892.97
1790617895|20260929015135|893.00
1790617905|20260929015145|893.10
1790617910|20260929015150|893.10
1790617925|20260929015205|893.02
1790617930|20260929015210|893.03
1790617935|20260929015215|893.02
1790617940|20260929015220|893.02
1790617945|20260929015225|893.08
1790617975|20260929015255|892.81
1790617985|20260929015305|892.83
1790617990|20260929015310|892.83
1790617995|20260929015315|892.86
1790618000|20260929015320|892.86
1790618005|20260929015325|892.86
1790618015|20260929015335|892.91
1790618020|20260929015340|892.85
1790618025|20260929015345|892.84
1790618050|20260929015410|892.74
1790618055|20260929015415|892.78
1790618060|20260929015420|892.83
1790618115|20260929015515|892.80
1790618120|20260929015520|892.79
1790618125|20260929015525|892.54
1790618135|20260929015535|892.52
1790618140|20260929015540|892.56
1790618145|20260929015545|892.53
1790618150|20260929015550|892.62
1790618160|20260929015600|892.55
1790618165|20260929015605|892.49
1790618170|20260929015610|892.50
1790618175|20260929015615|892.50
1790618185|20260929015625|892.53
1790618195|20260929015635|892.46
1790618200|20260929015640|892.47
1790618205|20260929015645|892.41
1790618210|20260929015650|892.41
1790618225|20260929015705|892.58
1790618235|20260929015715|892.58
1790618240|20260929015720|892.72
1790618255|20260929015735|892.62
1790618260|20260929015740|892.55
1790618265|20260929015745|892.45
1790618270|20260929015750|892.53
1790618285|20260929015805|892.45
1790618300|20260929015820|892.19
1790618305|20260929015825|892.25
1790618315|20260929015835|892.24
1790618320|20260929015840|892.09
1790618345|20260929015905|892.36
1790618365|20260929015925|892.15
1790618385|20260929015945|892.10
1790618400|20260929020000|892.09
1790618410|20260929020010|892.12
1790618415|20260929020015|892.07
1790618420|20260929020020|892.12
1790618425|20260929020025|892.01
1790618440|20260929020040|892.01
1790618445|20260929020045|892.10
1790618450|20260929020050|892.11
1790618455|20260929020055|892.03
1790618470|20260929020110|892.17
1790618475|20260929020115|892.22
1790618505|20260929020145|892.02
1790618510|20260929020150|892.03
1790618525|20260929020205|892.12
1790618535|20260929020215|892.05
1790618540|20260929020220|892.17
1790618545|20260929020225|892.17
1790618560|20260929020240|892.36
1790618565|20260929020245|892.22
1790618570|20260929020250|892.11
1790618575|20260929020255|892.17
1790618595|20260929020315|892.21
1790618600|20260929020320|892.24
1790618605|20260929020325|892.24
1790618615|20260929020335|892.28
1790618620|20260929020340|892.27
1790618625|20260929020345|892.17
1790618630|20260929020350|892.18
1790618635|20260929020355|892.25
1790618655|20260929020415|892.39
1790618660|20260929020420|892.28
1790618705|20260929020505|892.59
1790618715|20260929020515|892.63
1790618720|20260929020520|892.74
1790618725|20260929020525|892.76
1790618735|20260929020535|892.74
1790618740|20260929020540|892.77
1790618745|20260929020545|892.78
1790618750|20260929020550|892.76
1790618755|20260929020555|892.76
1790618765|20260929020605|892.81
1790618770|20260929020610|892.78
1790618775|20260929020615|892.80
1790618780|20260929020620|892.81
1790618795|20260929020635|892.51
1790618800|20260929020640|892.44
1790618805|20260929020645|892.48
1790618810|20260929020650|892.45
1790618815|20260929020655|892.50
1790618825|20260929020705|892.40
1790618835|20260929020715|892.33
1790618840|20260929020720|892.32
1790618865|20260929020745|892.47
1790618895|20260929020815|892.36
1790618900|20260929020820|892.36
1790618915|20260929020835|892.35
1790618925|20260929020845|892.36
1790618930|20260929020850|892.35
1790618945|20260929020905|892.31
1790618950|20260929020910|892.43
1790618955|20260929020915|892.47
1790618960|20260929020920|892.49
1790618965|20260929020925|892.45
1790618975|20260929020935|892.49
1790619005|20260929021005|892.50
1790619010|20260929021010|892.53
1790619015|20260929021015|892.60
1790619020|20260929021020|892.73
1790619025|20260929021025|892.73
1790619035|20260929021035|892.93
1790619040|20260929021040|892.96
1790619045|20260929021045|892.88
1790619055|20260929021055|892.85
1790619070|20260929021110|892.73
1790619075|20260929021115|892.54
1790619080|20260929021120|892.50
1790619085|20260929021125|892.50
1790619095|20260929021135|892.53
1790619100|20260929021140|892.51
1790619105|20260929021145|892.50
1790619110|20260929021150|892.50
1790619125|20260929021205|892.53
1790619130|20260929021210|892.49
1790619135|20260929021215|892.49
1790619140|20260929021220|892.52
1790619145|20260929021225|892.53
1790619165|20260929021245|892.38
1790619170|20260929021250|892.37
1790619175|20260929021255|892.40
1790619185|20260929021305|892.37
1790619190|20260929021310|892.33
1790619195|20260929021315|892.36
1790619200|20260929021320|892.22
1790619205|20260929021325|892.23
1790619215|20260929021335|892.25
1790619220|20260929021340|892.27
1790619225|20260929021345|892.20
1790619235|20260929021355|892.22
1790619255|20260929021415|892.31
1790619260|20260929021420|892.27
1790619305|20260929021505|892.40
1790619310|20260929021510|892.40
1790619315|20260929021515|892.39
1790619320|20260929021520|892.39
1790619340|20260929021540|892.39
1790619345|20260929021545|892.37
1790619350|20260929021550|892.22
1790619365|20260929021605|892.09
1790619375|20260929021615|892.08
1790619385|20260929021625|892.13
1790619395|20260929021635|892.18
1790619400|20260929021640|892.17
1790619405|20260929021645|892.20
1790619410|20260929021650|892.20
1790619425|20260929021705|892.23
1790619430|20260929021710|892.25
1790619435|20260929021715|892.24
1790619440|20260929021720|892.24
1790619445|20260929021725|892.22
1790619465|20260929021745|892.20
1790619470|20260929021750|892.17
1790619490|20260929021810|891.97
1790619495|20260929021815|891.97
1790619500|20260929021820|892.06
1790619505|20260929021825|892.09
1790619515|20260929021835|891.99
1790619520|20260929021840|892.03
1790619525|20260929021845|892.08
1790619530|20260929021850|892.10
1790619545|20260929021905|892.03
1790619550|20260929021910|892.09
1790619555|20260929021915|892.09
1790619560|20260929021920|892.05
1790619565|20260929021925|892.05
1790619600|20260929022000|892.03
1790619610|20260929022010|892.05
1790619615|20260929022015|892.03
1790619620|20260929022020|892.07
1790619645|20260929022045|892.16
1790619650|20260929022050|892.17
1790619655|20260929022055|892.23
1790619665|20260929022105|892.22
1790619670|20260929022110|892.23
1790619675|20260929022115|892.22
1790619680|20260929022120|892.26
1790619685|20260929022125|892.44
1790619695|20260929022135|892.41
1790619700|20260929022140|892.41
1790619705|20260929022145|892.51
1790619725|20260929022205|892.55
1790619730|20260929022210|892.54
1790619735|20260929022215|892.52
1790619740|20260929022220|892.54
1790619775|20260929022255|892.71
1790619785|20260929022305|892.64
1790619795|20260929022315|892.62
1790619805|20260929022325|892.54
1790619815|20260929022335|892.52
1790619820|20260929022340|892.48
1790619825|20260929022345|892.42
1790619835|20260929022355|892.23
1790619845|20260929022405|892.22
1790619850|20260929022410|892.15
1790619855|20260929022415|892.08
1790619865|20260929022425|892.16
1790619905|20260929022505|892.22
1790619910|20260929022510|892.29
1790619915|20260929022515|892.25
1790619920|20260929022520|892.28
1790619925|20260929022525|892.27
1790619940|20260929022540|892.15
1790619945|20260929022545|892.12
1790619955|20260929022555|892.17
1790619965|20260929022605|892.30
1790619970|20260929022610|892.39
1790619975|20260929022615|892.39
1790619985|20260929022625|892.32
1790619995|20260929022635|892.35
1790620000|20260929022640|892.40
1790620005|20260929022645|892.40
1790620010|20260929022650|892.38
1790620015|20260929022655|892.42
1790620030|20260929022710|892.39
1790620035|20260929022715|892.34
1790620045|20260929022725|892.44
1790620055|20260929022735|892.36
1790620060|20260929022740|892.36
1790620065|20260929022745|892.27
1790620075|20260929022755|892.27
1790620085|20260929022805|892.22
1790620090|20260929022810|892.23
1790620100|20260929022820|892.28
1790620105|20260929022825|892.19
1790620115|20260929022835|892.31
1790620120|20260929022840|892.28
1790620125|20260929022845|892.20
1790620130|20260929022850|892.23
1790620135|20260929022855|892.22
1790620145|20260929022905|892.20
1790620150|20260929022910|892.20
1790620155|20260929022915|892.17
1790620160|20260929022920|892.22
1790620165|20260929022925|892.22
1790620200|20260929023000|892.19
1790620210|20260929023010|892.33
1790620215|20260929023015|892.33
1790620220|20260929023020|892.31
1790620225|20260929023025|892.19
1790620235|20260929023035|892.12
1790620245|20260929023045|892.00
1790620250|20260929023050|891.94
1790620265|20260929023105|892.31
1790620275|20260929023115|892.32
1790620295|20260929023135|892.23
1790620300|20260929023140|892.09
1790620305|20260929023145|892.08
1790620310|20260929023150|892.18
1790620315|20260929023155|892.18
1790620325|20260929023205|892.23
1790620330|20260929023210|892.02
1790620335|20260929023215|892.04
1790620340|20260929023220|891.88
1790620345|20260929023225|891.88
1790620360|20260929023240|891.76
1790620365|20260929023245|891.78
1790620370|20260929023250|891.76
1790620375|20260929023255|891.74
1790620385|20260929023305|891.88
1790620395|20260929023315|892.00
1790620400|20260929023320|892.01
1790620405|20260929023325|892.09
1790620415|20260929023335|892.00
1790620425|20260929023345|891.98
1790620430|20260929023350|891.92
1790620435|20260929023355|891.90
1790620445|20260929023405|891.73
1790620450|20260929023410|891.63
1790620455|20260929023415|891.52
1790620460|20260929023420|891.55
1790620465|20260929023425|891.67
1790620505|20260929023505|891.67
1790620510|20260929023510|891.68
1790620515|20260929023515|891.66
1790620520|20260929023520|891.66
1790620535|20260929023535|891.81
1790620540|20260929023540|891.85
1790620545|20260929023545|891.82
1790620550|20260929023550|891.75
1790620565|20260929023605|891.85
1790620570|20260929023610|891.83
1790620575|20260929023615|891.83
1790620580|20260929023620|891.83
1790620585|20260929023625|891.79
1790620595|20260929023635|891.76
1790620605|20260929023645|891.85
1790620610|20260929023650|891.84
1790620625|20260929023705|891.96
1790620635|20260929023715|892.09
1790620640|20260929023720|892.07
1790620655|20260929023735|892.07
1790620675|20260929023755|892.27
1790620685|20260929023805|892.24
1790620700|20260929023820|892.12
1790620720|20260929023840|892.03
1790620725|20260929023845|892.04
1790620755|20260929023915|892.09
1790620760|20260929023920|892.11
1790620765|20260929023925|892.10
1790620810|20260929024010|892.08
1790620815|20260929024015|892.12
1790620825|20260929024025|892.19
1790620835|20260929024035|892.28
1790620840|20260929024040|892.40
1790620845|20260929024045|892.37
1790620850|20260929024050|892.37
1790620855|20260929024055|892.52
1790620865|20260929024105|892.52
1790620870|20260929024110|892.66
1790620875|20260929024115|892.65
1790620880|20260929024120|892.66
1790620885|20260929024125|892.44
1790620895|20260929024135|892.49
1790620900|20260929024140|892.47
1790620905|20260929024145|892.48
1790620910|20260929024150|892.53
1790620915|20260929024155|892.67
1790620925|20260929024205|892.73
1790620935|20260929024215|892.93
1790620940|20260929024220|892.92
1790620945|20260929024225|892.95
1790620955|20260929024235|892.77
1790620965|20260929024245|892.74
1790620970|20260929024250|892.78
1790620975|20260929024255|892.76
1790620985|20260929024305|892.97
1790620990|20260929024310|892.94
1790620995|20260929024315|892.94
1790621000|20260929024320|892.94
1790621005|20260929024325|893.03
1790621015|20260929024335|893.01
1790621020|20260929024340|893.00
1790621025|20260929024345|892.97
1790621035|20260929024355|893.07
1790621050|20260929024410|893.05
1790621055|20260929024415|893.03
1790621060|20260929024420|893.02
1790621065|20260929024425|893.02
1790621100|20260929024500|893.01
1790621105|20260929024505|893.03
1790621115|20260929024515|892.92
1790621120|20260929024520|892.92
1790621125|20260929024525|892.89
1790621135|20260929024535|892.89
1790621140|20260929024540|892.88
1790621145|20260929024545|892.88
1790621150|20260929024550|892.81
1790621165|20260929024605|892.78
1790621175|20260929024615|892.78
1790621180|20260929024620|892.79
1790621185|20260929024625|892.81
1790621195|20260929024635|892.80
1790621200|20260929024640|892.75
1790621215|20260929024655|892.77
1790621225|20260929024705|892.84
1790621235|20260929024715|892.88
1790621270|20260929024750|892.91
1790621290|20260929024810|893.09
1790621295|20260929024815|893.05
1790621300|20260929024820|892.95
1790621305|20260929024825|892.91
1790621320|20260929024840|892.80
1790621325|20260929024845|892.79
1790621330|20260929024850|892.83
1790621350|20260929024910|892.83
1790621360|20260929024920|892.87
1790621400|20260929025000|893.06
1790621405|20260929025005|893.11
1790621410|20260929025010|893.02
1790621415|20260929025015|893.05
1790621425|20260929025025|893.31
1790621435|20260929025035|893.27
1790621440|20260929025040|893.26
1790621450|20260929025050|893.24
1790621455|20260929025055|893.21
1790621470|20260929025110|893.15
1790621475|20260929025115|893.17
1790621480|20260929025120|893.07
1790621485|20260929025125|892.91
1790621500|20260929025140|893.00
1790621505|20260929025145|892.95
1790621510|20260929025150|893.14
1790621525|20260929025205|893.09
1790621530|20260929025210|893.12
1790621535|20260929025215|893.12
1790621545|20260929025225|893.25
1790621565|20260929025245|893.24
1790621570|20260929025250|893.25
1790621585|20260929025305|893.23
1790621595|20260929025315|893.25
1790621600|20260929025320|893.43
1790621605|20260929025325|893.21
1790621615|20260929025335|893.03
1790621625|20260929025345|893.16
1790621630|20260929025350|893.09
1790621635|20260929025355|893.09
1790621645|20260929025405|893.05
1790621650|20260929025410|893.10
1790621655|20260929025415|893.00
1790621660|20260929025420|893.14
1790621665|20260929025425|893.10
1790621705|20260929025505|893.25
1790621710|20260929025510|893.25
1790621720|20260929025520|893.32
1790621735|20260929025535|893.13
1790621740|20260929025540|893.14
1790621745|20260929025545|893.08
1790621755|20260929025555|893.09
1790621765|20260929025605|893.09
1790621770|20260929025610|893.17
1790621775|20260929025615|893.19
1790621795|20260929025635|893.19
1790621800|20260929025640|893.24
1790621805|20260929025645|893.19
1790621810|20260929025650|893.14
1790621815|20260929025655|893.13
1790621830|20260929025710|893.24
1790621835|20260929025715|893.08
1790621840|20260929025720|893.18
1790621845|20260929025725|893.19
1790621865|20260929025745|893.23
1790621870|20260929025750|893.23
1790621875|20260929025755|893.24
1790621885|20260929025805|893.23
1790621895|20260929025815|893.24
1790621900|20260929025820|893.25
1790621905|20260929025825|893.31
1790621915|20260929025835|893.35
1790621920|20260929025840|893.39
1790621935|20260929025855|893.33
1790621950|20260929025910|893.20
1790621955|20260929025915|893.32
1790621960|20260929025920|893.26
1790622000|20260929030000|893.15
1790622005|20260929030005|893.14
1790622010|20260929030010|893.05
1790622020|20260929030020|892.98
1790622025|20260929030025|892.92
1790622035|20260929030035|892.80
1790622040|20260929030040|892.78
1790622045|20260929030045|892.49
1790622065|20260929030105|892.20
1790622070|20260929030110|892.19
1790622075|20260929030115|892.04
1790622080|20260929030120|892.05
1790622095|20260929030135|892.08
1790622100|20260929030140|892.02
1790622105|20260929030145|892.09
1790622110|20260929030150|892.08
1790622115|20260929030155|892.08
1790622125|20260929030205|891.96
1790622130|20260929030210|891.54
1790622135|20260929030215|891.75
1790622140|20260929030220|891.57
1790622165|20260929030245|891.77
1790622200|20260929030320|892.10
1790622205|20260929030325|892.11
1790622225|20260929030345|892.19
1790622230|20260929030350|892.23
1790622235|20260929030355|892.29
1790622250|20260929030410|892.24
1790622255|20260929030415|892.22
1790622265|20260929030425|892.22
1790622305|20260929030505|892.26
1790622315|20260929030515|892.02
1790622320|20260929030520|892.11
1790622345|20260929030545|892.05
1790622355|20260929030555|892.03
1790622365|20260929030605|892.03
1790622370|20260929030610|892.10
1790622375|20260929030615|892.07
1790622380|20260929030620|892.09
1790622385|20260929030625|892.09
1790622400|20260929030640|891.92
1790622405|20260929030645|891.91
1790622410|20260929030650|892.02
1790622415|20260929030655|891.96
1790622425|20260929030705|891.87
1790622435|20260929030715|891.87
1790622440|20260929030720|891.86
1790622445|20260929030725|891.77
1790622455|20260929030735|891.43
1790622465|20260929030745|891.64
1790622490|20260929030810|891.67
1790622495|20260929030815|891.54
1790622500|20260929030820|891.51
1790622505|20260929030825|891.52
1790622515|20260929030835|891.51
1790622520|20260929030840|891.52
1790622525|20260929030845|891.49
1790622530|20260929030850|891.58
1790622535|20260929030855|891.57
1790622545|20260929030905|891.53
1790622550|20260929030910|891.50
1790622555|20260929030915|891.57
1790622565|20260929030925|891.72
1790622600|20260929031000|891.57
1790622605|20260929031005|891.59
1790622610|20260929031010|891.68
1790622615|20260929031015|891.76
1790622620|20260929031020|891.65
1790622625|20260929031025|891.58
1790622635|20260929031035|891.46
1790622640|20260929031040|891.56
1790622645|20260929031045|891.43
1790622650|20260929031050|891.45
1790622655|20260929031055|891.58
1790622665|20260929031105|891.55
1790622675|20260929031115|891.61
1790622680|20260929031120|891.69
1790622685|20260929031125|891.77
1790622695|20260929031135|891.75
1790622700|20260929031140|891.66
1790622705|20260929031145|891.64
1790622715|20260929031155|891.59
1790622725|20260929031205|891.55
1790622735|20260929031215|891.55
1790622740|20260929031220|891.61
1790622745|20260929031225|891.61
1790622760|20260929031240|891.69
1790622765|20260929031245|891.69
1790622775|20260929031255|891.70
1790622785|20260929031305|891.61
1790622790|20260929031310|891.52
1790622795|20260929031315|891.58
1790622800|20260929031320|891.75
1790622805|20260929031325|891.79
1790622815|20260929031335|891.81
1790622820|20260929031340|891.76
1790622825|20260929031345|891.69
1790622835|20260929031355|891.61
1790622845|20260929031405|891.52
1790622865|20260929031425|891.67
1790622895|20260929031455|891.71
1790622905|20260929031505|891.71
1790622915|20260929031515|891.72
1790622920|20260929031520|891.66
1790622925|20260929031525|891.65
1790622945|20260929031545|891.64
1790622965|20260929031605|891.87
1790622970|20260929031610|891.93
1790622975|20260929031615|891.96
1790622980|20260929031620|891.93
1790622985|20260929031625|892.07
1790622995|20260929031635|892.10
1790623000|20260929031640|892.02
1790623005|20260929031645|892.07
1790623010|20260929031650|892.00
1790623015|20260929031655|892.00
1790623025|20260929031705|892.03
1790623030|20260929031710|892.03
1790623035|20260929031715|892.01
1790623040|20260929031720|892.08
1790623045|20260929031725|892.09
1790623055|20260929031735|891.90
1790623070|20260929031750|892.03
1790623075|20260929031755|891.98
1790623085|20260929031805|892.07
1790623100|20260929031820|892.04
1790623105|20260929031825|891.99
1790623115|20260929031835|891.94
1790623120|20260929031840|891.95
1790623125|20260929031845|891.91
1790623135|20260929031855|891.99
1790623145|20260929031905|892.03
1790623155|20260929031915|892.03
1790623160|20260929031920|892.09
1790623195|20260929031955|892.16
1790623200|20260929032000|892.20
1790623205|20260929032005|892.18
1790623210|20260929032010|892.41
1790623215|20260929032015|892.49
1790623235|20260929032035|892.28
1790623245|20260929032045|892.08
1790623250|20260929032050|892.02
1790623255|20260929032055|892.07
1790623265|20260929032105|892.01
1790623270|20260929032110|891.99
1790623280|20260929032120|891.96
1790623285|20260929032125|892.02
1790623300|20260929032140|892.00
1790623305|20260929032145|892.02
1790623310|20260929032150|892.02
1790623335|20260929032215|891.83
1790623340|20260929032220|891.86
1790623355|20260929032235|891.90
1790623360|20260929032240|891.88
1790623365|20260929032245|891.85
1790623370|20260929032250|891.83
1790623385|20260929032305|891.93
1790623390|20260929032310|891.76
1790623395|20260929032315|891.55
1790623400|20260929032320|891.59
1790623415|20260929032335|891.57
1790623425|20260929032345|891.58
1790623445|20260929032405|891.55
1790623450|20260929032410|891.60
1790623455|20260929032415|891.62
1790623460|20260929032420|891.60
1790623465|20260929032425|891.61
1790623510|20260929032510|891.44
1790623515|20260929032515|891.54
1790623525|20260929032525|891.57
1790623535|20260929032535|891.72
1790623555|20260929032555|891.40
1790623565|20260929032605|891.38
1790623570|20260929032610|891.49
1790623575|20260929032615|891.58
1790623580|20260929032620|891.59
1790623595|20260929032635|891.85
1790623600|20260929032640|891.84
1790623605|20260929032645|891.83
1790623610|20260929032650|891.83
1790623625|20260929032705|891.83
1790623630|20260929032710|891.83
1790623635|20260929032715|891.85
1790623640|20260929032720|891.84
1790623645|20260929032725|891.89
1790623655|20260929032735|891.90
1790623660|20260929032740|891.97
1790623665|20260929032745|892.05
1790623670|20260929032750|892.07
1790623685|20260929032805|892.09
1790623690|20260929032810|892.10
1790623695|20260929032815|892.07
1790623700|20260929032820|892.13
1790623705|20260929032825|892.15
1790623720|20260929032840|892.05
1790623725|20260929032845|892.04
1790623730|20260929032850|892.07
1790623745|20260929032905|892.16
1790623750|20260929032910|892.14
1790623755|20260929032915|891.97
1790623760|20260929032920|891.95
1790623765|20260929032925|891.94
1790623800|20260929033000|891.91
1790623805|20260929033005|891.94
1790623810|20260929033010|891.91
1790623815|20260929033015|891.94
1790623820|20260929033020|891.94
1790623825|20260929033025|891.93
1790623835|20260929033035|892.04
1790623840|20260929033040|892.06
1790623845|20260929033045|892.02
1790623850|20260929033050|891.95
1790623870|20260929033110|891.89
1790623875|20260929033115|891.90
1790623880|20260929033120|892.08
1790623885|20260929033125|892.15
1790623895|20260929033135|892.19
1790623905|20260929033145|892.13
1790623915|20260929033155|892.17
1790623925|20260929033205|892.05
1790623930|20260929033210|891.99
1790623935|20260929033215|891.95
1790623940|20260929033220|891.91
1790623945|20260929033225|891.94
1790623955|20260929033235|892.10
1790623960|20260929033240|892.08
1790623975|20260929033255|892.04
1790623990|20260929033310|891.71
1790623995|20260929033315|891.60
1790624000|20260929033320|891.48
1790624005|20260929033325|891.39
1790624015|20260929033335|891.17
1790624020|20260929033340|891.16
1790624035|20260929033355|891.10
1790624050|20260929033410|891.21
1790624055|20260929033415|891.02
1790624065|20260929033425|891.11
1790624075|20260929033435|891.26
1790624105|20260929033505|891.48
1790624110|20260929033510|891.48
1790624115|20260929033515|891.54
1790624120|20260929033520|891.43
1790624125|20260929033525|891.56
1790624135|20260929033535|891.84
1790624150|20260929033550|891.57
1790624160|20260929033600|891.54
1790624165|20260929033605|891.55
1790624170|20260929033610|891.62
1790624175|20260929033615|891.67
1790624180|20260929033620|891.70
1790624185|20260929033625|891.83
1790624195|20260929033635|892.09
1790624200|20260929033640|892.05
1790624205|20260929033645|892.03
1790624210|20260929033650|892.05
1790624225|20260929033705|891.86
1790624230|20260929033710|891.84
1790624235|20260929033715|891.82
1790624240|20260929033720|891.81
1790624245|20260929033725|891.82
1790624255|20260929033735|891.80
1790624260|20260929033740|891.80
1790624265|20260929033745|891.88
1790624270|20260929033750|891.85
1790624275|20260929033755|891.86
1790624285|20260929033805|891.83
1790624290|20260929033810|891.76
1790624295|20260929033815|891.74
1790624315|20260929033835|891.67
1790624335|20260929033855|891.58
1790624345|20260929033905|891.33
1790624350|20260929033910|891.28
1790624355|20260929033915|891.10
1790624360|20260929033920|891.16
1790624365|20260929033925|891.10
1790624380|20260929033940|891.07
1790624405|20260929034005|890.94
1790624410|20260929034010|891.00
1790624415|20260929034015|891.00
1790624420|20260929034020|891.00
1790624425|20260929034025|890.98
1790624435|20260929034035|891.32
1790624450|20260929034050|891.30
1790624455|20260929034055|891.25
1790624470|20260929034110|891.27
1790624480|20260929034120|891.29
1790624485|20260929034125|891.28
1790624500|20260929034140|891.30
1790624515|20260929034155|891.33
1790624525|20260929034205|891.37
1790624530|20260929034210|891.36
1790624535|20260929034215|891.30
1790624540|20260929034220|891.14
1790624545|20260929034225|891.08
1790624555|20260929034235|891.14
1790624570|20260929034250|890.90
1790624575|20260929034255|891.00
1790624585|20260929034305|891.00
1790624590|20260929034310|891.07
1790624600|20260929034320|891.12
1790624615|20260929034335|891.15
1790624620|20260929034340|891.15
1790624625|20260929034345|891.19
1790624645|20260929034405|891.03
1790624650|20260929034410|891.04
1790624655|20260929034415|890.98
1790624660|20260929034420|890.99
1790624665|20260929034425|890.89
1790624700|20260929034500|890.97
1790624705|20260929034505|890.91
1790624710|20260929034510|890.78
1790624715|20260929034515|890.80
1790624720|20260929034520|890.57
1790624725|20260929034525|890.60
1790624740|20260929034540|890.78
1790624745|20260929034545|890.79
1790624765|20260929034605|890.81
1790624775|20260929034615|890.88
1790624785|20260929034625|890.81
1790624805|20260929034645|890.79
1790624810|20260929034650|890.79
1790624825|20260929034705|890.65
1790624835|20260929034715|890.73
1790624840|20260929034720|890.76
1790624845|20260929034725|890.73
1790624860|20260929034740|890.91
1790624885|20260929034805|890.52
1790624890|20260929034810|890.52
1790624895|20260929034815|890.50
1790624900|20260929034820|890.40
1790624905|20260929034825|890.40
1790624920|20260929034840|890.50
1790624925|20260929034845|890.47
1790624930|20260929034850|890.50
1790624935|20260929034855|890.47
1790624960|20260929034920|890.56
1790624965|20260929034925|890.54
1790625005|20260929035005|890.25
1790625010|20260929035010|890.24
1790625015|20260929035015|890.21
1790625020|20260929035020|890.30
1790625025|20260929035025|890.29
1790625045|20260929035045|890.34
1790625055|20260929035055|890.06
1790625065|20260929035105|890.06
1790625070|20260929035110|890.12
1790625075|20260929035115|890.13
1790625080|20260929035120|890.12
1790625085|20260929035125|890.11
1790625095|20260929035135|890.31
1790625125|20260929035205|890.31
1790625130|20260929035210|890.26
1790625135|20260929035215|890.25
1790625140|20260929035220|890.24
1790625145|20260929035225|890.34
1790625160|20260929035240|890.40
1790625185|20260929035305|890.26
1790625190|20260929035310|890.11
1790625205|20260929035325|890.10
1790625220|20260929035340|890.24
1790625225|20260929035345|890.25
1790625230|20260929035350|890.16
1790625245|20260929035405|890.20
1790625260|20260929035420|889.91
1790625265|20260929035425|889.83
1790625310|20260929035510|889.79
1790625315|20260929035515|889.78
1790625320|20260929035520|889.87
1790625325|20260929035525|889.85
1790625335|20260929035535|889.83
1790625340|20260929035540|889.71
1790625355|20260929035555|889.68
1790625370|20260929035610|889.57
1790625375|20260929035615|889.57
1790625380|20260929035620|889.54
1790625395|20260929035635|889.54
1790625400|20260929035640|889.60
1790625405|20260929035645|889.87
1790625410|20260929035650|889.83
1790625415|20260929035655|889.92
1790625425|20260929035705|889.92
1790625430|20260929035710|889.90
1790625435|20260929035715|889.88
1790625460|20260929035740|889.96
1790625465|20260929035745|889.93
1790625470|20260929035750|890.00
1790625490|20260929035810|889.86
1790625495|20260929035815|889.96
1790625520|20260929035840|889.80
1790625530|20260929035850|889.75
1790625535|20260929035855|889.73
1790625545|20260929035905|889.72
1790625550|20260929035910|889.58
1790625555|20260929035915|889.53
1790625560|20260929035920|889.55
1790625565|20260929035925|889.55
1790625600|20260929040000|889.72
1790625605|20260929040005|889.69
1790625615|20260929040015|889.65
1790625620|20260929040020|889.70
1790625625|20260929040025|889.44
1790625635|20260929040035|889.54
1790625640|20260929040040|889.45
1790625645|20260929040045|889.50
1790625650|20260929040050|889.52
1790625665|20260929040105|889.32
1790625670|20260929040110|889.28
1790625675|20260929040115|889.29
1790625695|20260929040135|889.34
1790625705|20260929040145|889.25
1790625710|20260929040150|889.02
1790625715|20260929040155|889.24
1790625725|20260929040205|889.13
1790625730|20260929040210|889.15
1790625735|20260929040215|889.16
1790625740|20260929040220|889.17
1790625745|20260929040225|889.27
1790625755|20260929040235|889.23
1790625760|20260929040240|889.12
1790625765|20260929040245|889.16
1790625770|20260929040250|889.23
1790625775|20260929040255|889.20
1790625785|20260929040305|889.31
1790625795|20260929040315|889.31
1790625800|20260929040320|889.33
1790625805|20260929040325|889.31
1790625815|20260929040335|889.29
1790625820|20260929040340|889.29
1790625825|20260929040345|889.19
1790625830|20260929040350|889.16
1790625835|20260929040355|889.30
1790625845|20260929040405|889.28
1790625855|20260929040415|889.36
1790625865|20260929040425|889.35
1790625910|20260929040510|889.40
1790625915|20260929040515|889.40
1790625920|20260929040520|889.43
1790625925|20260929040525|889.35
1790625935|20260929040535|889.27
1790625945|20260929040545|889.25
1790625950|20260929040550|889.21
1790625955|20260929040555|889.21
1790625965|20260929040605|889.17
1790625970|20260929040610|889.07
1790625985|20260929040625|889.09
1790625995|20260929040635|889.02
1790626000|20260929040640|889.11
1790626005|20260929040645|888.97
1790626010|20260929040650|888.97
1790626015|20260929040655|889.01
1790626025|20260929040705|888.99
1790626035|20260929040715|888.72
1790626040|20260929040720|888.73
1790626045|20260929040725|888.72
1790626055|20260929040735|888.79
1790626060|20260929040740|888.78
1790626075|20260929040755|888.71
1790626085|20260929040805|888.71
1790626090|20260929040810|888.77
1790626095|20260929040815|888.76
1790626100|20260929040820|888.75
1790626120|20260929040840|888.50
1790626125|20260929040845|888.46
1790626130|20260929040850|888.44
1790626135|20260929040855|888.49
1790626145|20260929040905|888.51
1790626155|20260929040915|888.50
1790626160|20260929040920|888.51
1790626165|20260929040925|888.50
1790626205|20260929041005|888.60
1790626210|20260929041010|888.57
1790626220|20260929041020|888.57
1790626240|20260929041040|888.58
1790626245|20260929041045|888.56
1790626250|20260929041050|888.55
1790626255|20260929041055|888.66
1790626270|20260929041110|888.61
1790626275|20260929041115|888.66
1790626285|20260929041125|888.69
1790626295|20260929041135|888.64
1790626300|20260929041140|888.68
1790626305|20260929041145|888.69
1790626310|20260929041150|888.69
1790626315|20260929041155|888.69
1790626325|20260929041205|888.64
1790626330|20260929041210|888.57
1790626335|20260929041215|888.54
1790626340|20260929041220|888.58
1790626345|20260929041225|888.59
1790626360|20260929041240|888.67
1790626365|20260929041245|888.63
1790626385|20260929041305|888.65
1790626390|20260929041310|888.80
1790626405|20260929041325|888.92
1790626415|20260929041335|888.93
1790626420|20260929041340|888.93
1790626425|20260929041345|889.07
1790626435|20260929041355|889.10
1790626445|20260929041405|889.14
1790626455|20260929041415|889.12
1790626460|20260929041420|889.18
1790626465|20260929041425|889.29
1790626505|20260929041505|889.33
1790626515|20260929041515|889.33
1790626520|20260929041520|889.32
1790626525|20260929041525|889.34
1790626540|20260929041540|889.34
1790626550|20260929041550|889.26
1790626555|20260929041555|889.28
1790626565|20260929041605|889.28
1790626575|20260929041615|889.36
1790626580|20260929041620|889.37
1790626595|20260929041635|889.32
1790626600|20260929041640|889.33
1790626605|20260929041645|889.36
1790626625|20260929041705|889.46
1790626630|20260929041710|889.46
1790626635|20260929041715|889.50
1790626640|20260929041720|889.49
1790626645|20260929041725|889.49
1790626660|20260929041740|889.39
1790626665|20260929041745|889.43
1790626675|20260929041755|889.47
1790626685|20260929041805|889.50
1790626690|20260929041810|889.42
1790626695|20260929041815|889.41
1790626700|20260929041820|889.40
1790626705|20260929041825|889.43
1790626725|20260929041845|889.39
1790626730|20260929041850|889.47
1790626745|20260929041905|889.52
1790626750|20260929041910|889.53
1790626755|20260929041915|889.54
1790626765|20260929041925|889.55
1790626800|20260929042000|889.52
1790626810|20260929042010|889.54
1790626815|20260929042015|889.53
1790626820|20260929042020|889.50
1790626835|20260929042035|889.50
1790626840|20260929042040|889.49
1790626855|20260929042055|889.56
1790626870|20260929042110|889.51
1790626875|20260929042115|889.49
1790626880|20260929042120|889.51
1790626885|20260929042125|889.49
1790626895|20260929042135|889.58
1790626905|20260929042145|889.62
1790626910|20260929042150|889.64
1790626925|20260929042205|889.61
1790626935|20260929042215|889.65
1790626940|20260929042220|889.56
1790626955|20260929042235|889.54
1790626960|20260929042240|889.54
1790626965|20260929042245|889.57
1790626970|20260929042250|889.57
1790626975|20260929042255|889.58
1790626985|20260929042305|889.64
1790626995|20260929042315|889.59
1790627000|20260929042320|889.61
1790627015|20260929042335|889.70
1790627025|20260929042345|889.73
1790627045|20260929042405|889.55
1790627050|20260929042410|889.32
1790627055|20260929042415|889.34
1790627060|20260929042420|889.32
1790627065|20260929042425|889.31
1790627105|20260929042505|889.10
1790627120|20260929042520|889.03
1790627125|20260929042525|889.03
1790627145|20260929042545|888.96
1790627150|20260929042550|888.89
1790627155|20260929042555|888.80
1790627165|20260929042605|888.84
1790627170|20260929042610|888.85
1790627180|20260929042620|888.88
1790627185|20260929042625|888.88
1790627200|20260929042640|888.81
1790627215|20260929042655|888.75
1790627225|20260929042705|888.83
1790627230|20260929042710|888.84
1790627235|20260929042715|888.80
1790627240|20260929042720|888.70
1790627245|20260929042725|888.71
1790627255|20260929042735|888.73
1790627260|20260929042740|888.73
1790627265|20260929042745|888.70
1790627270|20260929042750|888.70
1790627285|20260929042805|888.47
1790627290|20260929042810|888.44
1790627295|20260929042815|888.39
1790627300|20260929042820|888.38
1790627305|20260929042825|888.38
1790627315|20260929042835|888.37
1790627320|20260929042840|888.37
1790627325|20260929042845|888.37
1790627330|20260929042850|888.45
1790627335|20260929042855|888.45
1790627345|20260929042905|888.39
1790627355|20260929042915|888.44
1790627360|20260929042920|888.46
1790627365|20260929042925|888.46
1790627410|20260929043010|888.47
1790627425|20260929043025|888.61
1790627445|20260929043045|888.62
1790627465|20260929043105|888.54
1790627470|20260929043110|888.43
1790627475|20260929043115|888.38
1790627480|20260929043120|888.35
1790627485|20260929043125|888.38
1790627500|20260929043140|888.53
1790627510|20260929043150|888.53
1790627530|20260929043210|888.56
1790627535|20260929043215|888.62
1790627545|20260929043225|888.63
1790627560|20260929043240|888.57
1790627565|20260929043245|888.54
1790627570|20260929043250|888.51
1790627575|20260929043255|888.53
1790627585|20260929043305|888.53
1790627590|20260929043310|888.56
1790627595|20260929043315|888.55
1790627600|20260929043320|888.60
1790627605|20260929043325|888.59
1790627615|20260929043335|888.57
1790627620|20260929043340|888.48
1790627630|20260929043350|888.54
1790627645|20260929043405|888.44
1790627650|20260929043410|888.44
1790627660|20260929043420|888.34
1790627705|20260929043505|888.14
1790627710|20260929043510|888.02
1790627720|20260929043520|888.18
1790627750|20260929043550|888.12
1790627755|20260929043555|888.14
1790627765|20260929043605|888.02
1790627770|20260929043610|888.03
1790627795|20260929043635|888.00
1790627800|20260929043640|888.02
1790627805|20260929043645|888.00
1790627810|20260929043650|888.01
1790627815|20260929043655|888.01
1790627825|20260929043705|888.09
1790627830|20260929043710|888.08
1790627840|20260929043720|888.07
1790627845|20260929043725|888.10
1790627865|20260929043745|888.12
1790627885|20260929043805|888.13
1790627890|20260929043810|888.13
1790627895|20260929043815|888.14
1790627900|20260929043820|888.16
1790627915|20260929043835|888.10
1790627920|20260929043840|888.10
1790627925|20260929043845|888.11
1790627935|20260929043855|888.11
1790627945|20260929043905|888.09
1790627950|20260929043910|888.11
1790627955|20260929043915|888.14
1790627960|20260929043920|888.14
1790628000|20260929044000|888.18
1790628005|20260929044005|888.24
1790628010|20260929044010|888.27
1790628015|20260929044015|888.28
1790628020|20260929044020|888.31
1790628025|20260929044025|888.31
1790628035|20260929044035|888.30
1790628040|20260929044040|888.31
1790628045|20260929044045|888.31
1790628050|20260929044050|888.32
1790628055|20260929044055|888.36
1790628060|20260929044100|888.36
1790628065|20260929044105|888.36
1790628070|20260929044110|888.42
1790628075|20260929044115|888.42
1790628080|20260929044120|888.39
1790628085|20260929044125|888.44
1790628095|20260929044135|888.39
1790628100|20260929044140|888.40
1790628105|20260929044145|888.40
1790628110|20260929044150|888.39
1790628135|20260929044215|888.44
1790628140|20260929044220|888.53
1790628145|20260929044225|888.52
1790628155|20260929044235|888.38
1790628160|20260929044240|888.35
1790628165|20260929044245|888.37
1790628170|20260929044250|888.29
1790628175|20260929044255|888.31
1790628185|20260929044305|888.15
1790628190|20260929044310|888.15
1790628195|20260929044315|888.07
1790628205|20260929044325|888.09
1790628215|20260929044335|887.75
1790628225|20260929044345|887.70
1790628230|20260929044350|887.79
1790628245|20260929044405|887.79
1790628250|20260929044410|887.80
1790628255|20260929044415|887.76
1790628260|20260929044420|887.78
1790628265|20260929044425|887.82
1790628305|20260929044505|887.75
1790628320|20260929044520|887.72
1790628335|20260929044535|887.58
1790628345|20260929044545|887.61
1790628350|20260929044550|887.59
1790628355|20260929044555|887.50
1790628365|20260929044605|887.52
1790628370|20260929044610|887.52
1790628375|20260929044615|887.55
1790628380|20260929044620|887.65
1790628385|20260929044625|887.60
1790628400|20260929044640|887.63
1790628405|20260929044645|887.62
1790628415|20260929044655|887.60
1790628425|20260929044705|887.72
1790628430|20260929044710|887.78
1790628440|20260929044720|887.54
1790628455|20260929044735|887.50
1790628460|20260929044740|887.43
1790628465|20260929044745|887.53
1790628470|20260929044750|887.49
1790628475|20260929044755|887.52
1790628485|20260929044805|887.40
1790628490|20260929044810|887.46
1790628495|20260929044815|887.53
1790628505|20260929044825|887.30
1790628515|20260929044835|887.32
1790628520|20260929044840|887.32
1790628530|20260929044850|887.32
1790628535|20260929044855|887.28
1790628550|20260929044910|887.30
1790628555|20260929044915|887.32
1790628560|20260929044920|887.31
1790628565|20260929044925|887.38
1790628580|20260929044940|887.28
1790628600|20260929045000|887.38
1790628605|20260929045005|887.23
1790628615|20260929045015|887.15
1790628625|20260929045025|887.15
1790628635|20260929045035|887.17
1790628640|20260929045040|887.17
1790628655|20260929045055|887.31
1790628665|20260929045105|887.33
1790628670|20260929045110|887.29
1790628675|20260929045115|887.28
1790628680|20260929045120|887.26
1790628685|20260929045125|887.35
1790628700|20260929045140|887.32
1790628705|20260929045145|887.35
1790628715|20260929045155|887.40
1790628725|20260929045205|887.45
1790628735|20260929045215|887.45
1790628740|20260929045220|887.45
1790628745|20260929045225|887.41
1790628760|20260929045240|887.40
1790628765|20260929045245|887.44
1790628785|20260929045305|887.44
1790628790|20260929045310|887.46
1790628795|20260929045315|887.45
1790628800|20260929045320|887.46
1790628805|20260929045325|887.58
1790628820|20260929045340|887.60
1790628825|20260929045345|887.55
1790628830|20260929045350|887.55
1790628835|20260929045355|887.52
1790628855|20260929045415|887.50
1790628860|20260929045420|887.50
1790628905|20260929045505|887.74
1790628915|20260929045515|887.62
1790628920|20260929045520|887.61
1790628925|20260929045525|887.57
1790628935|20260929045535|887.49
1790628940|20260929045540|887.43
1790628955|20260929045555|887.55
1790628965|20260929045605|887.59
1790628970|20260929045610|887.93
1790628975|20260929045615|887.91
1790628980|20260929045620|887.90
1790628985|20260929045625|887.78
1790628995|20260929045635|887.76
1790629000|20260929045640|887.77
1790629005|20260929045645|887.78
1790629010|20260929045650|887.80
1790629015|20260929045655|887.79
1790629025|20260929045705|887.81
1790629030|20260929045710|887.72
1790629040|20260929045720|887.73
1790629045|20260929045725|887.73
1790629055|20260929045735|887.77
1790629070|20260929045750|887.72
1790629075|20260929045755|887.71
1790629090|20260929045810|887.77
1790629095|20260929045815|887.76
1790629100|20260929045820|887.78
1790629115|20260929045835|887.81
1790629125|20260929045845|887.83
1790629130|20260929045850|887.88
1790629135|20260929045855|887.95
1790629145|20260929045905|887.87
1790629150|20260929045910|887.90
1790632815|20260929060015|888.22
1790632820|20260929060020|888.15
1790632825|20260929060025|888.40
1790632835|20260929060035|888.32
1790632840|20260929060040|888.27
1790632845|20260929060045|888.16
1790632850|20260929060050|888.08
1790632855|20260929060055|888.15
1790632865|20260929060105|888.14
1790632870|20260929060110|888.07
1790632875|20260929060115|888.07
1790632880|20260929060120|888.02
1790632885|20260929060125|888.00
1790632895|20260929060135|887.97
1790632905|20260929060145|888.42
1790632915|20260929060155|888.45
1790632925|20260929060205|888.48
1790632930|20260929060210|888.46
1790632935|20260929060215|888.44
1790632940|20260929060220|888.46
1790632945|20260929060225|888.46
1790632955|20260929060235|888.46
1790632960|20260929060240|888.46
1790632965|20260929060245|888.47
1790632970|20260929060250|888.44
1790632975|20260929060255|888.47
1790632985|20260929060305|888.43
1790632995|20260929060315|888.63
1790633000|20260929060320|888.68
1790633005|20260929060325|888.73
1790633015|20260929060335|888.71
1790633025|20260929060345|888.69
1790633035|20260929060355|888.63
1790633050|20260929060410|888.84
1790633060|20260929060420|888.79
1790633065|20260929060425|888.91
1790633105|20260929060505|889.13
1790633110|20260929060510|889.21
1790633115|20260929060515|889.22
1790633120|20260929060520|889.22
1790633125|20260929060525|889.23
1790633135|20260929060535|889.26
1790633145|20260929060545|889.26
1790633165|20260929060605|889.18
1790633170|20260929060610|889.35
1790633175|20260929060615|889.38
1790633180|20260929060620|889.47
1790633185|20260929060625|889.38
1790633195|20260929060635|889.44
1790633200|20260929060640|889.50
1790633205|20260929060645|889.48
1790633225|20260929060705|889.36
1790633230|20260929060710|889.42
1790633235|20260929060715|889.37
1790633240|20260929060720|889.45
1790633255|20260929060735|889.50
1790633260|20260929060740|889.47
1790633265|20260929060745|889.48
1790633270|20260929060750|889.49
1790633275|20260929060755|889.57
1790633285|20260929060805|889.47
1790633290|20260929060810|889.48
1790633295|20260929060815|889.51
1790633300|20260929060820|889.50
1790633315|20260929060835|889.49
1790633320|20260929060840|889.47
1790633325|20260929060845|889.46
1790633330|20260929060850|889.48
1790633345|20260929060905|889.51
1790633350|20260929060910|889.49
1790633355|20260929060915|889.48
1790633360|20260929060920|889.44
1790633365|20260929060925|889.44
1790633400|20260929061000|889.57
1790633405|20260929061005|889.56
1790633415|20260929061015|889.52
1790633445|20260929061045|889.25
1790633455|20260929061055|889.21
1790633465|20260929061105|889.19
1790633475|20260929061115|889.04
1790633480|20260929061120|889.06
1790633485|20260929061125|889.17
1790633525|20260929061205|889.00
1790633530|20260929061210|888.99
1790633540|20260929061220|889.12
1790633555|20260929061235|889.19
1790633560|20260929061240|889.26
1790633570|20260929061250|889.10
1790633595|20260929061315|889.25
1790633600|20260929061320|889.24
1790633605|20260929061325|889.28
1790633615|20260929061335|889.31
1790633625|20260929061345|889.26
1790633635|20260929061355|889.31
1790633645|20260929061405|889.37
1790633665|20260929061425|889.36
1790633705|20260929061505|889.56
1790633710|20260929061510|889.58
1790633715|20260929061515|889.58
1790633720|20260929061520|889.59
1790633725|20260929061525|889.65
1790633740|20260929061540|889.66
1790633745|20260929061545|889.65
1790633750|20260929061550|889.69
1790633755|20260929061555|889.66
1790633765|20260929061605|889.58
1790633775|20260929061615|889.50
1790633780|20260929061620|889.46
1790633785|20260929061625|889.49
1790633795|20260929061635|889.55
1790633800|20260929061640|889.60
1790633805|20260929061645|889.61
1790633815|20260929061655|889.58
1790633825|20260929061705|889.60
1790633840|20260929061720|889.70
1790633845|20260929061725|889.64
1790633865|20260929061745|889.61
1790633890|20260929061810|889.74
1790633895|20260929061815|889.76
1790633900|20260929061820|889.77
1790633905|20260929061825|889.75
1790633920|20260929061840|889.60
1790633925|20260929061845|889.57
1790633945|20260929061905|889.55
1790633950|20260929061910|889.55
1790633955|20260929061915|889.55
1790633960|20260929061920|889.52
1790634000|20260929062000|889.62
1790634005|20260929062005|889.65
1790634010|20260929062010|889.67
1790634020|20260929062020|889.69
1790634035|20260929062035|889.66
1790634040|20260929062040|889.71
1790634045|20260929062045|889.73
1790634050|20260929062050|889.77
1790634070|20260929062110|889.76
1790634085|20260929062125|889.91
1790634095|20260929062135|889.86
1790634100|20260929062140|889.85
1790634105|20260929062145|889.88
1790634125|20260929062205|889.89
1790634130|20260929062210|889.87
1790634135|20260929062215|889.97
1790634145|20260929062225|890.11
1790634155|20260929062235|890.15
1790634160|20260929062240|890.17
1790634165|20260929062245|890.12
1790634175|20260929062255|890.07
1790634185|20260929062305|890.23
1790634195|20260929062315|890.22
1790634200|20260929062320|890.23
1790634205|20260929062325|890.24
1790634215|20260929062335|890.37
1790634220|20260929062340|890.39
1790634225|20260929062345|890.36
1790634230|20260929062350|890.32
1790634245|20260929062405|890.05
1790634250|20260929062410|890.08
1790634255|20260929062415|890.10
1790634265|20260929062425|890.16
1790634300|20260929062500|890.09
1790634305|20260929062505|890.04
1790634315|20260929062515|890.03
1790634320|20260929062520|890.03
1790634325|20260929062525|889.97
1790634335|20260929062535|889.98
1790634340|20260929062540|889.97
1790634345|20260929062545|889.99
1790634350|20260929062550|889.99
1790634365|20260929062605|889.87
1790634375|20260929062615|889.95
1790634385|20260929062625|889.93
1790634395|20260929062635|889.93
1790634400|20260929062640|889.93
1790634405|20260929062645|889.86
1790634425|20260929062705|889.96
1790634430|20260929062710|889.90
1790634435|20260929062715|889.96
1790634440|20260929062720|890.00
1790634445|20260929062725|889.98
1790634455|20260929062735|889.97
1790634460|20260929062740|890.09
1790634470|20260929062750|890.13
1790634475|20260929062755|890.16
1790634485|20260929062805|890.16
1790634495|20260929062815|890.16
1790634500|20260929062820|890.26
1790634505|20260929062825|890.37
1790634515|20260929062835|890.25
1790634525|20260929062845|890.27
1790634530|20260929062850|890.25
1790634535|20260929062855|890.24
1790634545|20260929062905|890.23
1790634550|20260929062910|890.24
1790634555|20260929062915|890.17
1790634560|20260929062920|890.16
1790634565|20260929062925|890.15
1790634600|20260929063000|890.16
1790634605|20260929063005|890.14
1790634610|20260929063010|890.16
1790634615|20260929063015|890.10
1790634620|20260929063020|889.90
1790634625|20260929063025|889.77
1790634635|20260929063035|889.71
1790634640|20260929063040|889.64
1790634645|20260929063045|889.64
1790634655|20260929063055|889.49
1790634670|20260929063110|889.44
1790634675|20260929063115|889.44
1790634680|20260929063120|889.39
1790634685|20260929063125|889.45
1790634695|20260929063135|889.46
1790634705|20260929063145|889.46
1790634735|20260929063215|889.30
1790634740|20260929063220|889.37
1790634745|20260929063225|889.42
1790634755|20260929063235|889.54
1790634760|20260929063240|889.58
1790634765|20260929063245|889.45
1790634785|20260929063305|889.47
1790634790|20260929063310|889.47
1790634800|20260929063320|889.46
1790634815|20260929063335|889.54
1790634820|20260929063340|889.49
1790634825|20260929063345|889.46
1790634830|20260929063350|889.54
1790634835|20260929063355|889.61
1790634845|20260929063405|889.57
1790634850|20260929063410|889.55
1790634855|20260929063415|889.55
1790634860|20260929063420|889.55
1790634865|20260929063425|889.55
1790634905|20260929063505|889.57
1790634910|20260929063510|889.57
1790634920|20260929063520|889.58
1790634925|20260929063525|889.55
1790634935|20260929063535|889.56
1790634945|20260929063545|889.56
1790634950|20260929063550|889.60
1790634965|20260929063605|889.66
1790634970|20260929063610|889.78
1790634975|20260929063615|889.75
1790634980|20260929063620|889.75
1790634995|20260929063635|889.83
1790635000|20260929063640|889.81
1790635005|20260929063645|889.83
1790635010|20260929063650|889.56
1790635015|20260929063655|889.54
1790635030|20260929063710|889.70
1790635035|20260929063715|889.59
1790635040|20260929063720|889.62
1790635045|20260929063725|889.63
1790635055|20260929063735|889.62
1790635060|20260929063740|889.62
1790635065|20260929063745|889.56
1790635070|20260929063750|889.60
1790635085|20260929063805|889.76
1790635090|20260929063810|889.76
1790635095|20260929063815|889.77
1790635100|20260929063820|889.74
1790635105|20260929063825|889.73
1790635115|20260929063835|889.74
1790635125|20260929063845|889.73
1790635145|20260929063905|889.71
1790635150|20260929063910|889.69
1790635155|20260929063915|889.68
1790635160|20260929063920|889.66
1790635165|20260929063925|889.65
1790635195|20260929063955|889.44
1790635205|20260929064005|889.54
1790635210|20260929064010|889.50
1790635215|20260929064015|889.48
1790635225|20260929064025|889.47
1790635235|20260929064035|889.69
1790635240|20260929064040|889.89
1790635245|20260929064045|889.96
1790635255|20260929064055|889.99
1790635265|20260929064105|890.01
1790635275|20260929064115|890.09
1790635280|20260929064120|890.09
1790635285|20260929064125|890.09
1790635295|20260929064135|890.02
1790635300|20260929064140|890.07
1790635305|20260929064145|890.07
1790635330|20260929064210|890.07
1790635335|20260929064215|890.06
1790635340|20260929064220|890.04
1790635355|20260929064235|890.07
1790635360|20260929064240|890.11
1790635365|20260929064245|890.11
1790635370|20260929064250|890.12
1790635390|20260929064310|889.98
1790635400|20260929064320|889.98
1790635405|20260929064325|889.96
1790635420|20260929064340|889.97
1790635425|20260929064345|889.98
1790635435|20260929064355|889.98
1790635445|20260929064405|889.96
1790635450|20260929064410|889.97
1790635455|20260929064415|889.98
1790635465|20260929064425|889.80
1790635505|20260929064505|889.81
1790635510|20260929064510|889.90
1790635525|20260929064525|889.93
1790635540|20260929064540|889.94
1790635550|20260929064550|889.98
1790635555|20260929064555|890.03
1790635565|20260929064605|890.01
1790635570|20260929064610|889.93
1790635575|20260929064615|889.92
1790635580|20260929064620|889.92
1790635585|20260929064625|889.94
1790635595|20260929064635|889.99
1790635600|20260929064640|890.09
1790635605|20260929064645|890.03
1790635610|20260929064650|890.03
1790635625|20260929064705|889.93
1790635635|20260929064715|889.91
1790635645|20260929064725|889.94
1790635660|20260929064740|889.93
1790635665|20260929064745|889.91
1790635675|20260929064755|889.88
1790635685|20260929064805|889.91
1790635690|20260929064810|889.89
1790635695|20260929064815|889.91
1790635700|20260929064820|889.91
1790635705|20260929064825|889.91
1790635715|20260929064835|889.83
1790635720|20260929064840|889.84
1790635725|20260929064845|889.88
1790635730|20260929064850|889.84
1790635745|20260929064905|889.91
1790635750|20260929064910|889.91
1790635755|20260929064915|889.91
1790635760|20260929064920|889.94
1790635765|20260929064925|889.96
1790635800|20260929065000|889.87
1790635805|20260929065005|889.86
1790635810|20260929065010|889.86
1790635815|20260929065015|889.86
1790635820|20260929065020|889.88
1790635825|20260929065025|889.77
1790635840|20260929065040|889.72
1790635865|20260929065105|889.78
1790635870|20260929065110|889.68
1790635875|20260929065115|889.67
1790635880|20260929065120|889.66
1790635885|20260929065125|889.68
1790635895|20260929065135|889.56
1790635900|20260929065140|889.56
1790635905|20260929065145|889.42
1790635910|20260929065150|889.42
1790635925|20260929065205|889.33
1790635930|20260929065210|889.35
1790635935|20260929065215|889.35
1790635940|20260929065220|889.30
1790635945|20260929065225|889.23
1790635965|20260929065245|889.17
1790635970|20260929065250|889.19
1790635975|20260929065255|889.17
1790635990|20260929065310|889.16
1790636000|20260929065320|889.06
1790636005|20260929065325|889.12
1790636015|20260929065335|889.19
1790636020|20260929065340|889.12
1790636035|20260929065355|889.15
1790636045|20260929065405|889.22
1790636050|20260929065410|889.34
1790636055|20260929065415|889.35
1790636065|20260929065425|889.33
1790636080|20260929065440|889.29
1790636105|20260929065505|889.30
1790636110|20260929065510|889.25
1790636125|20260929065525|889.25
1790636140|20260929065540|889.28
1790636150|20260929065550|889.32
1790636165|20260929065605|889.36
1790636170|20260929065610|889.31
1790636175|20260929065615|889.32
1790636180|20260929065620|889.30
1790636185|20260929065625|889.33
1790636195|20260929065635|889.33
1790636200|20260929065640|889.34
1790636205|20260929065645|889.34
1790636215|20260929065655|889.36
1790636225|20260929065705|889.33
1790636235|20260929065715|889.34
1790636240|20260929065720|889.33
1790636245|20260929065725|889.33
1790636255|20260929065735|889.31
1790636260|20260929065740|889.33
1790636265|20260929065745|889.34
1790636275|20260929065755|889.33
1790636285|20260929065805|889.36
1790636290|20260929065810|889.38
1790636295|20260929065815|889.32
1790636300|20260929065820|889.33
1790636305|20260929065825|889.33
1790636315|20260929065835|889.34
1790636320|20260929065840|889.34
1790636325|20260929065845|889.28
1790636335|20260929065855|889.26
1790636345|20260929065905|889.25
1790636360|20260929065920|889.26
1790636400|20260929070000|889.30
1790636410|20260929070010|889.46
1790636420|20260929070020|889.58
1790636425|20260929070025|889.57
1790636435|20260929070035|889.54
1790636445|20260929070045|889.50
1790636465|20260929070105|889.66
1790636480|20260929070120|889.65
1790636485|20260929070125|889.62
1790636495|20260929070135|889.53
1790636500|20260929070140|889.55
1790636505|20260929070145|889.55
1790636530|20260929070210|889.51
1790636535|20260929070215|889.44
1790636540|20260929070220|889.43
1790636545|20260929070225|889.43
1790636560|20260929070240|889.47
1790636565|20260929070245|889.50
1790636585|20260929070305|889.46
1790636590|20260929070310|889.41
1790636595|20260929070315|889.41
1790636600|20260929070320|889.41
1790636605|20260929070325|889.39
1790636615|20260929070335|889.51
1790636625|20260929070345|889.55
1790636655|20260929070415|889.52
1790636660|20260929070420|889.53
1790636665|20260929070425|889.53
1790636710|20260929070510|889.46
1790636715|20260929070515|889.40
1790636720|20260929070520|889.54
1790636725|20260929070525|889.56
1790636735|20260929070535|889.57
1790636745|20260929070545|889.67
1790636765|20260929070605|889.61
1790636770|20260929070610|889.63
1790636780|20260929070620|889.69
1790636795|20260929070635|889.67
1790636800|20260929070640|889.69
1790636805|20260929070645|889.72
1790636810|20260929070650|889.70
1790636815|20260929070655|889.69
1790636825|20260929070705|889.55
1790636830|20260929070710|889.55
1790636835|20260929070715|889.59
1790636840|20260929070720|889.59
1790636855|20260929070735|889.57
1790636860|20260929070740|889.57
1790636865|20260929070745|889.49
1790636870|20260929070750|889.52
1790636885|20260929070805|889.52
1790636890|20260929070810|889.52
1790636895|20260929070815|889.52
1790636900|20260929070820|889.54
1790636905|20260929070825|889.59
1790636925|20260929070845|889.56
1790636935|20260929070855|889.59
1790636945|20260929070905|889.60
1790636950|20260929070910|889.58
1790636955|20260929070915|889.57
1790636960|20260929070920|889.58
1790636965|20260929070925|889.59
1790637005|20260929071005|889.59
1790637015|20260929071015|889.54
1790637020|20260929071020|889.56
1790637025|20260929071025|889.54
1790637040|20260929071040|889.49
1790637050|20260929071050|889.64
1790637065|20260929071105|889.68
1790637070|20260929071110|889.78
1790637080|20260929071120|889.79
1790637085|20260929071125|889.84
1790637095|20260929071135|889.96
1790637100|20260929071140|890.01
1790637105|20260929071145|889.99
1790637110|20260929071150|889.96
1790637115|20260929071155|889.91
1790637125|20260929071205|889.97
1790637130|20260929071210|889.92
1790637135|20260929071215|889.95
1790637145|20260929071225|889.95
1790637165|20260929071245|889.93
1790637175|20260929071255|890.00
1790637190|20260929071310|889.92
1790637195|20260929071315|889.94
1790637200|20260929071320|889.74
1790637215|20260929071335|889.79
1790637220|20260929071340|889.74
1790637225|20260929071345|889.74
1790637230|20260929071350|889.74
1790637235|20260929071355|889.74
1790637245|20260929071405|889.77
1790637250|20260929071410|889.73
1790637255|20260929071415|889.72
1790637260|20260929071420|889.77
1790637290|20260929071450|889.95
1790637295|20260929071455|890.04
1790637305|20260929071505|890.07
1790637315|20260929071515|890.07
1790637320|20260929071520|890.07
1790637325|20260929071525|890.02
1790637340|20260929071540|889.92
1790637345|20260929071545|889.94
1790637355|20260929071555|889.94
1790637375|20260929071615|889.91
1790637380|20260929071620|889.99
1790637385|20260929071625|890.15
1790637405|20260929071645|890.17
1790637410|20260929071650|890.16
1790637425|20260929071705|890.07
1790637440|20260929071720|889.89
1790637455|20260929071735|889.92
1790637465|20260929071745|889.89
1790637470|20260929071750|889.92
1790637475|20260929071755|889.98
1790637485|20260929071805|889.92
1790637500|20260929071820|889.97
1790637505|20260929071825|889.97
1790637515|20260929071835|889.95
1790637535|20260929071855|890.01
1790637545|20260929071905|890.01
1790637555|20260929071915|889.93
1790637565|20260929071925|889.86
1790637600|20260929072000|890.09
1790637610|20260929072010|890.07
1790637620|20260929072020|890.09
1790637625|20260929072025|890.03
1790637635|20260929072035|890.01
1790637650|20260929072050|890.02
1790637655|20260929072055|890.00
1790637665|20260929072105|890.09
1790637675|20260929072115|889.93
1790637680|20260929072120|889.96
1790637685|20260929072125|889.99
1790637695|20260929072135|889.93
1790637700|20260929072140|889.95
1790637705|20260929072145|889.89
1790637730|20260929072210|889.98
1790637740|20260929072220|890.00
1790637760|20260929072240|890.03
1790637765|20260929072245|889.99
1790637785|20260929072305|890.13
1790637790|20260929072310|890.13
1790637795|20260929072315|890.22
1790637800|20260929072320|890.26
1790637805|20260929072325|890.24
1790637820|20260929072340|890.25
1790637830|20260929072350|890.27
1790637850|20260929072410|890.27
1790637855|20260929072415|890.28
1790637860|20260929072420|890.27
1790637865|20260929072425|890.26
1790637900|20260929072500|890.34
1790637910|20260929072510|890.37
1790637915|20260929072515|890.37
1790637920|20260929072520|890.35
1790637925|20260929072525|890.40
1790637945|20260929072545|890.66
1790637965|20260929072605|890.74
1790637970|20260929072610|890.79
1790637975|20260929072615|890.73
1790637980|20260929072620|890.68
1790637985|20260929072625|890.70
1790637995|20260929072635|890.67
1790638000|20260929072640|890.68
1790638005|20260929072645|890.65
1790638010|20260929072650|890.91
1790638025|20260929072705|890.79
1790638030|20260929072710|890.81
1790638035|20260929072715|890.83
1790638040|20260929072720|890.82
1790638060|20260929072740|890.83
1790638065|20260929072745|890.87
1790638075|20260929072755|890.87
1790638085|20260929072805|890.75
1790638090|20260929072810|890.75
1790638095|20260929072815|890.76
1790638100|20260929072820|890.75
1790638105|20260929072825|890.77
1790638125|20260929072845|890.76
1790638130|20260929072850|890.75
1790638135|20260929072855|890.74
1790638145|20260929072905|890.76
1790638150|20260929072910|890.77
1790638155|20260929072915|890.76
1790638165|20260929072925|890.79
1790638205|20260929073005|890.84
1790638215|20260929073015|890.84
1790638220|20260929073020|890.82
1790638225|20260929073025|890.88
1790638240|20260929073040|890.91
1790638245|20260929073045|890.90
1790638250|20260929073050|890.69
1790638265|20260929073105|890.79
1790638275|20260929073115|890.75
1790638280|20260929073120|890.74
1790638285|20260929073125|890.69
1790638295|20260929073135|890.70
1790638305|20260929073145|890.65
1790638310|20260929073150|890.67
1790638315|20260929073155|890.68
1790638325|20260929073205|890.68
1790638335|20260929073215|890.62
1790638355|20260929073235|890.63
1790638360|20260929073240|890.65
1790638370|20260929073250|890.72
1790638385|20260929073305|890.91
1790638390|20260929073310|890.85
1790638395|20260929073315|890.83
1790638400|20260929073320|890.84
1790638415|20260929073335|890.83
1790638420|20260929073340|890.74
1790638425|20260929073345|890.77
1790638460|20260929073420|890.60
1790638465|20260929073425|890.60
1790638505|20260929073505|890.60
1790638510|20260929073510|890.59
1790638515|20260929073515|890.55
1790638520|20260929073520|890.55
1790638525|20260929073525|890.45
1790638535|20260929073535|890.40
1790638540|20260929073540|890.38
1790638545|20260929073545|890.38
1790638550|20260929073550|890.35
1790638565|20260929073605|890.24
1790638570|20260929073610|890.25
1790638575|20260929073615|890.34
1790638580|20260929073620|890.32
1790638585|20260929073625|890.33
1790638595|20260929073635|890.30
1790638600|20260929073640|890.26
1790638605|20260929073645|890.25
1790638615|20260929073655|890.22
1790638625|20260929073705|890.27
1790638635|20260929073715|890.27
1790638655|20260929073735|890.41
1790638660|20260929073740|890.41
1790638665|20260929073745|890.44
1790638675|20260929073755|890.45
1790638695|20260929073815|890.49
1790638700|20260929073820|890.52
1790638705|20260929073825|890.50
1790638715|20260929073835|890.58
1790638730|20260929073850|890.55
1790638735|20260929073855|890.57
1790638755|20260929073915|890.57
1790638765|20260929073925|890.61
1790638805|20260929074005|890.69
1790638810|20260929074010|890.71
1790638815|20260929074015|890.65
1790638825|20260929074025|890.62
1790638835|20260929074035|890.57
1790638840|20260929074040|890.52
1790638845|20260929074045|890.54
1790638850|20260929074050|890.55
1790638855|20260929074055|890.55
1790638870|20260929074110|890.54
1790638875|20260929074115|890.56
1790638880|20260929074120|890.50
1790638885|20260929074125|890.49
1790638895|20260929074135|890.43
1790638900|20260929074140|890.42
1790638905|20260929074145|890.40
1790638910|20260929074150|890.28
1790638915|20260929074155|890.25
1790638925|20260929074205|890.62
1790638930|20260929074210|890.60
1790638935|20260929074215|890.58
1790638940|20260929074220|890.52
1790638945|20260929074225|890.45
1790638965|20260929074245|890.48
1790638975|20260929074255|890.57
1790638985|20260929074305|890.65
1790638990|20260929074310|890.64
1790639005|20260929074325|890.62
1790639020|20260929074340|890.60
1790639025|20260929074345|890.59
1790639030|20260929074350|890.60
1790639035|20260929074355|890.60
1790639045|20260929074405|890.49
1790639050|20260929074410|890.48
1790639055|20260929074415|890.49
1790639060|20260929074420|890.49
1790639065|20260929074425|890.48
1790639105|20260929074505|890.32
1790639120|20260929074520|890.22
1790639145|20260929074545|890.10
1790639155|20260929074555|890.06
1790639175|20260929074615|889.83
1790639180|20260929074620|889.84
1790639185|20260929074625|889.71
1790639195|20260929074635|889.66
1790639200|20260929074640|889.59
1790639210|20260929074650|889.45
1790639215|20260929074655|889.58
1790639225|20260929074705|889.73
1790639235|20260929074715|889.72
1790639240|20260929074720|889.72
1790639245|20260929074725|889.74
1790639255|20260929074735|889.82
1790639265|20260929074745|889.72
1790639275|20260929074755|889.68
1790639295|20260929074815|889.67
1790639300|20260929074820|889.65
1790639305|20260929074825|889.65
1790639315|20260929074835|889.73
1790639320|20260929074840|889.64
1790639325|20260929074845|889.65
1790639345|20260929074905|889.51
1790639355|20260929074915|889.45
1790639360|20260929074920|889.52
1790639365|20260929074925|889.52
1790639400|20260929075000|889.72
1790639405|20260929075005|889.72
1790639415|20260929075015|889.68
1790639425|20260929075025|889.63
1790639440|20260929075040|889.66
1790639450|20260929075050|889.76
1790639455|20260929075055|889.73
1790639465|20260929075105|889.77
1790639480|20260929075120|889.73
1790639485|20260929075125|889.67
1790639495|20260929075135|889.69
1790639500|20260929075140|889.73
1790639505|20260929075145|889.76
1790639515|20260929075155|889.90
1790639525|20260929075205|889.84
1790639535|20260929075215|889.89
1790639540|20260929075220|889.90
1790639545|20260929075225|889.85
1790639555|20260929075235|889.91
1790639560|20260929075240|889.94
1790639570|20260929075250|889.94
1790639575|20260929075255|889.95
1790639585|20260929075305|889.91
1790639615|20260929075335|889.96
1790639620|20260929075340|889.98
1790639630|20260929075350|890.05
1790639645|20260929075405|889.99
1790639650|20260929075410|889.98
1790639655|20260929075415|890.03
1790639660|20260929075420|889.95
1790639665|20260929075425|889.92
1790639705|20260929075505|890.10
1790639710|20260929075510|890.02
1790639715|20260929075515|890.05
1790639720|20260929075520|890.11
1790639725|20260929075525|890.06
1790639745|20260929075545|889.91
1790639750|20260929075550|889.87
1790639755|20260929075555|889.89
1790639765|20260929075605|890.02
1790639770|20260929075610|889.99
1790639775|20260929075615|890.04
1790639780|20260929075620|889.99
1790639785|20260929075625|890.01
1790639795|20260929075635|890.01
1790639800|20260929075640|890.03
1790639805|20260929075645|889.94
1790639810|20260929075650|889.94
1790639815|20260929075655|889.88
1790639825|20260929075705|889.90
1790639830|20260929075710|889.86
1790639840|20260929075720|889.97
1790639845|20260929075725|889.99
1790639865|20260929075745|890.28
1790639870|20260929075750|890.28
1790639875|20260929075755|890.26
1790639885|20260929075805|890.24
1790639890|20260929075810|890.19
1790639895|20260929075815|890.31
1790639900|20260929075820|890.35
1790639905|20260929075825|890.36
1790639920|20260929075840|890.38
1790639925|20260929075845|890.39
1790639950|20260929075910|890.39
1790639960|20260929075920|890.39
1790640000|20260929080000|890.55
1790640005|20260929080005|890.64
1790640010|20260929080010|890.58
1790640015|20260929080015|890.35
1790640025|20260929080025|890.41
1790640035|20260929080035|890.30
1790640040|20260929080040|890.26
1790640055|20260929080055|890.23
1790640065|20260929080105|890.31
1790640070|20260929080110|890.29
1790640100|20260929080140|890.27
1790640105|20260929080145|890.13
1790640125|20260929080205|890.35
1790640130|20260929080210|890.28
1790640135|20260929080215|890.25
1790640145|20260929080225|890.28
1790640165|20260929080245|890.22
1790640190|20260929080310|890.33
1790640200|20260929080320|890.03
1790640205|20260929080325|889.93
1790640225|20260929080345|889.92
1790640245|20260929080405|889.99
1790640250|20260929080410|889.78
1790640255|20260929080415|889.84
1790640260|20260929080420|889.82
1790640265|20260929080425|889.95
1790640305|20260929080505|889.85
1790640310|20260929080510|890.06
1790640315|20260929080515|890.00
1790640320|20260929080520|890.08
1790640325|20260929080525|889.95
1790640340|20260929080540|889.91
1790640345|20260929080545|889.85
1790640355|20260929080555|889.85
1790640375|20260929080615|889.66
1790640380|20260929080620|889.70
1790640385|20260929080625|889.72
1790640405|20260929080645|889.92
1790640410|20260929080650|890.25
1790640415|20260929080655|890.10
1790640425|20260929080705|890.13
1790640430|20260929080710|890.07
1790640440|20260929080720|890.10
1790640455|20260929080735|890.07
1790640470|20260929080750|890.03
1790640475|20260929080755|890.06
1790640490|20260929080810|889.94
1790640495|20260929080815|889.99
1790640505|20260929080825|889.83
1790640515|20260929080835|889.90
1790640520|20260929080840|889.85
1790640525|20260929080845|889.95
1790640535|20260929080855|889.86
1790640545|20260929080905|889.96
1790640550|20260929080910|889.83
1790640555|20260929080915|889.82
1790640560|20260929080920|889.73
1790640565|20260929080925|889.74
1790640600|20260929081000|889.59
1790640605|20260929081005|889.61
1790640610|20260929081010|889.57
1790640615|20260929081015|889.47
1790640620|20260929081020|889.52
1790640625|20260929081025|889.66
1790640635|20260929081035|889.47
1790640640|20260929081040|889.16
1790640645|20260929081045|889.31
1790640650|20260929081050|889.39
1790640660|20260929081100|889.31
1790640665|20260929081105|889.07
1790640670|20260929081110|889.12
1790640675|20260929081115|889.18
1790640680|20260929081120|889.17
1790640685|20260929081125|889.15
1790640700|20260929081140|889.32
1790640705|20260929081145|889.29
1790640710|20260929081150|889.05
1790640725|20260929081205|889.16
1790640730|20260929081210|889.16
1790640735|20260929081215|889.17
1790640740|20260929081220|889.11
1790640745|20260929081225|889.06
1790640755|20260929081235|889.12
1790640760|20260929081240|889.31
1790640775|20260929081255|889.35
1790640785|20260929081305|889.30
1790640790|20260929081310|889.22
1790640795|20260929081315|889.26
1790640800|20260929081320|889.27
1790640815|20260929081335|889.53
1790640820|20260929081340|889.57
1790640825|20260929081345|889.61
1790640830|20260929081350|889.59
1790640845|20260929081405|889.58
1790640850|20260929081410|889.55
1790640855|20260929081415|889.50
1790640860|20260929081420|889.45
1790640865|20260929081425|889.52
1790640905|20260929081505|889.53
1790640910|20260929081510|889.49
1790640915|20260929081515|889.37
1790640920|20260929081520|889.01
1790640925|20260929081525|889.27
1790640935|20260929081535|889.40
1790640945|20260929081545|889.24
1790640965|20260929081605|888.98
1790640970|20260929081610|888.89
1790640975|20260929081615|888.76
1790640980|20260929081620|888.66
1790640985|20260929081625|888.69
1790640995|20260929081635|888.98
1790641005|20260929081645|888.94
1790641010|20260929081650|888.92
1790641025|20260929081705|888.73
1790641030|20260929081710|888.80
1790641035|20260929081715|888.81
1790641040|20260929081720|888.77
1790641055|20260929081735|888.68
1790641065|20260929081745|888.19
1790641070|20260929081750|888.13
1790641105|20260929081825|888.08
1790641115|20260929081835|887.90
1790641120|20260929081840|887.91
1790641125|20260929081845|887.93
1790641130|20260929081850|887.98
1790641135|20260929081855|888.00
1790641145|20260929081905|888.07
1790641150|20260929081910|887.95
1790641155|20260929081915|887.98
1790641160|20260929081920|888.02
1790641165|20260929081925|888.16
1790641200|20260929082000|888.46
1790641205|20260929082005|888.43
1790641210|20260929082010|888.41
1790641215|20260929082015|888.42
1790641225|20260929082025|888.30
1790641245|20260929082045|888.62
1790641255|20260929082055|888.49
1790641265|20260929082105|888.67
1790641275|20260929082115|888.43
1790641280|20260929082120|888.48
1790641295|20260929082135|888.69
1790641310|20260929082150|888.20
1790641325|20260929082205|888.43
1790641330|20260929082210|888.44
1790641340|20260929082220|888.27
1790641345|20260929082225|888.27
1790641355|20260929082235|888.67
1790641360|20260929082240|888.57
1790641365|20260929082245|888.58
1790641370|20260929082250|888.39
1790641375|20260929082255|888.42
1790641380|20260929082300|888.30
1790641385|20260929082305|888.28
1790641390|20260929082310|888.10
1790641395|20260929082315|888.17
1790641400|20260929082320|888.09
1790641405|20260929082325|888.29
1790641415|20260929082335|888.11
1790641420|20260929082340|888.13
1790641425|20260929082345|888.16
1790641430|20260929082350|887.90
1790641445|20260929082405|887.95
1790641455|20260929082415|887.93
1790641460|20260929082420|888.05
1790641465|20260929082425|888.26
1790641480|20260929082440|888.48
1790641505|20260929082505|888.61
1790641515|20260929082515|888.49
1790641525|20260929082525|888.45
1790641535|20260929082535|888.47
1790641540|20260929082540|888.36
1790641545|20260929082545|888.29
1790641550|20260929082550|888.34
1790641580|20260929082620|888.27
1790641585|20260929082625|888.49
1790641600|20260929082640|888.48
1790641605|20260929082645|888.42
1790641610|20260929082650|888.53
1790641615|20260929082655|888.84
1790641620|20260929082700|888.71
1790641625|20260929082705|888.73
1790641630|20260929082710|888.65
1790641635|20260929082715|888.57
1790641640|20260929082720|888.46
1790641645|20260929082725|888.66
1790641655|20260929082735|888.26
1790641660|20260929082740|888.35
1790641665|20260929082745|888.31
1790641670|20260929082750|888.18
1790641675|20260929082755|888.41
1790641685|20260929082805|888.99
1790641690|20260929082810|889.02
1790641695|20260929082815|889.19
1790641700|20260929082820|889.06
1790641715|20260929082835|889.24
1790641720|20260929082840|889.22
1790641725|20260929082845|889.25
1790641730|20260929082850|889.44
1790641735|20260929082855|889.44
1790641745|20260929082905|889.32
1790641755|20260929082915|889.33
1790641760|20260929082920|889.45
1790641765|20260929082925|889.45
1790641800|20260929083000|889.36
1790641805|20260929083005|889.47
1790641810|20260929083010|889.21
1790641815|20260929083015|889.22
1790641820|20260929083020|889.27
1790641825|20260929083025|889.48
1790641835|20260929083035|889.40
1790641840|20260929083040|889.38
1790641855|20260929083055|889.37
1790641865|20260929083105|889.31
1790641870|20260929083110|889.15
1790641885|20260929083125|889.21
1790641900|20260929083140|889.07
1790641905|20260929083145|889.23
1790641910|20260929083150|889.08
1790641915|20260929083155|889.14
1790641925|20260929083205|888.89
1790641930|20260929083210|888.91
1790641935|20260929083215|889.20
1790641940|20260929083220|889.12
1790641945|20260929083225|889.13
1790641955|20260929083235|889.20
1790641970|20260929083250|889.30
1790641975|20260929083255|889.54
1790641985|20260929083305|889.38
1790641990|20260929083310|889.42
1790642000|20260929083320|889.50
1790642005|20260929083325|889.53
1790642015|20260929083335|889.42
1790642020|20260929083340|889.43
1790642025|20260929083345|889.42
1790642030|20260929083350|889.44
1790642035|20260929083355|889.58
1790642045|20260929083405|889.69
1790642050|20260929083410|889.59
1790642060|20260929083420|889.94
1790642065|20260929083425|890.20
1790642105|20260929083505|890.32
1790642115|20260929083515|890.30
1790642125|20260929083525|890.45
1790642140|20260929083540|890.20
1790642145|20260929083545|890.14
1790642150|20260929083550|890.16
1790642155|20260929083555|890.16
1790642170|20260929083610|889.94
1790642185|20260929083625|889.98
1790642195|20260929083635|890.04
1790642200|20260929083640|890.22
1790642210|20260929083650|890.20
1790642215|20260929083655|890.13
1790642225|20260929083705|889.96
1790642230|20260929083710|889.87
1790642235|20260929083715|889.97
1790642240|20260929083720|889.88
1790642245|20260929083725|889.82
1790642260|20260929083740|889.86
1790642265|20260929083745|889.91
1790642290|20260929083810|889.95
1790642300|20260929083820|889.76
1790642305|20260929083825|889.69
1790642315|20260929083835|889.78
1790642325|20260929083845|889.68
1790642335|20260929083855|889.71
1790642345|20260929083905|889.84
1790642350|20260929083910|889.81
1790642360|20260929083920|889.77
1790642365|20260929083925|889.79
1790642400|20260929084000|889.53
1790642405|20260929084005|889.52
1790642425|20260929084025|889.45
1790642445|20260929084045|889.40
1790642450|20260929084050|889.41
1790642465|20260929084105|889.46
1790642475|20260929084115|889.75
1790642480|20260929084120|889.64
1790642485|20260929084125|889.76
1790642495|20260929084135|889.81
1790642500|20260929084140|889.83
1790642505|20260929084145|889.68
1790642515|20260929084155|889.63
1790642525|20260929084205|889.78
1790642530|20260929084210|889.56
1790642535|20260929084215|889.65
1790642540|20260929084220|889.63
1790642545|20260929084225|889.56
1790642555|20260929084235|889.53
1790642560|20260929084240|889.56
1790642565|20260929084245|889.69
1790642570|20260929084250|889.63
1790642575|20260929084255|889.49
1790642585|20260929084305|889.48
1790642590|20260929084310|889.43
1790642600|20260929084320|889.54
1790642605|20260929084325|889.44
1790642615|20260929084335|889.41
1790642625|20260929084345|889.46
1790642630|20260929084350|889.41
1790642635|20260929084355|889.38
1790642650|20260929084410|889.45
1790642655|20260929084415|889.24
1790642660|20260929084420|889.04
1790642705|20260929084505|889.18
1790642710|20260929084510|889.02
1790642720|20260929084520|889.08
1790642735|20260929084535|888.44
1790642740|20260929084540|888.45
1790642745|20260929084545|888.32
1790642765|20260929084605|888.56
1790642770|20260929084610|888.57
1790642775|20260929084615|888.60
1790642780|20260929084620|888.77
1790642785|20260929084625|888.77
1790642795|20260929084635|888.62
1790642810|20260929084650|888.81
1790642825|20260929084705|888.39
1790642840|20260929084720|888.21
1790642845|20260929084725|888.33
1790642855|20260929084735|888.32
1790642870|20260929084750|888.48
1790642885|20260929084805|888.42
1790642895|20260929084815|888.32
1790642900|20260929084820|888.19
1790642905|20260929084825|888.22
1790642915|20260929084835|888.13
1790642920|20260929084840|888.13
1790642925|20260929084845|888.09
1790642930|20260929084850|888.36
1790642935|20260929084855|888.47
1790642945|20260929084905|888.42
1790642955|20260929084915|888.57
1790642960|20260929084920|888.66
1790642965|20260929084925|888.88
1790643000|20260929085000|888.43
1790643010|20260929085010|888.55
1790643020|20260929085020|888.66
1790643025|20260929085025|888.71
1790643040|20260929085040|888.94
1790643045|20260929085045|888.90
1790643055|20260929085055|888.94
1790643065|20260929085105|889.07
1790643070|20260929085110|888.95
1790643075|20260929085115|889.03
1790643080|20260929085120|889.07
1790643085|20260929085125|888.86
1790643105|20260929085145|888.43
1790643110|20260929085150|888.49
1790643115|20260929085155|888.12
1790643125|20260929085205|888.09
1790643130|20260929085210|888.12
1790643135|20260929085215|888.16
1790643145|20260929085225|887.95
1790643155|20260929085235|888.03
1790643160|20260929085240|887.88
1790643165|20260929085245|888.05
1790643170|20260929085250|888.03
1790643185|20260929085305|888.14
1790643190|20260929085310|888.35
1790643195|20260929085315|888.28
1790643200|20260929085320|888.07
1790643205|20260929085325|888.09
1790643215|20260929085335|888.34
1790643230|20260929085350|888.26
1790643235|20260929085355|888.18
1790643255|20260929085415|888.31
1790643260|20260929085420|888.41
1790643310|20260929085510|888.46
1790643320|20260929085520|889.02
1790643325|20260929085525|888.91
1790643335|20260929085535|888.83
1790643340|20260929085540|888.98
1790643345|20260929085545|888.87
1790643350|20260929085550|888.72
1790643355|20260929085555|888.48
1790643370|20260929085610|888.54
1790643375|20260929085615|888.67
1790643385|20260929085625|888.85
1790643395|20260929085635|888.59
1790643400|20260929085640|888.82
1790643405|20260929085645|888.85
1790643410|20260929085650|888.76
1790643425|20260929085705|888.69
1790643440|20260929085720|888.76
1790643460|20260929085740|888.75
1790643485|20260929085805|888.49
1790643495|20260929085815|888.47
1790643505|20260929085825|888.94
1790643520|20260929085840|889.24
1790643525|20260929085845|889.39
1790643530|20260929085850|889.34
1790643535|20260929085855|889.33
1790643545|20260929085905|889.32
1790643555|20260929085915|889.18
1790643600|20260929090000|888.72
1790643605|20260929090005|888.61
1790643610|20260929090010|887.94
1790643615|20260929090015|888.04
1790643625|20260929090025|888.03
1790643640|20260929090040|888.23
1790643645|20260929090045|888.22
1790643650|20260929090050|887.94
1790643655|20260929090055|887.95
1790643665|20260929090105|888.27
1790643675|20260929090115|887.89
1790643680|20260929090120|888.00
1790643685|20260929090125|888.26
1790643695|20260929090135|888.48
1790643700|20260929090140|888.75
1790643705|20260929090145|889.08
1790643710|20260929090150|889.28
1790643715|20260929090155|889.54
1790643730|20260929090210|889.67
1790643735|20260929090215|889.94
1790643745|20260929090225|889.94
1790643755|20260929090235|889.75
1790643760|20260929090240|889.42
1790643790|20260929090310|889.08
1790643815|20260929090335|889.39
1790643825|20260929090345|889.57
1790643830|20260929090350|889.38
1790643845|20260929090405|889.23
1790643860|20260929090420|889.16
1790643865|20260929090425|889.04
1790643920|20260929090520|888.73
1790643925|20260929090525|889.17
1790643935|20260929090535|889.40
1790643940|20260929090540|889.24
1790643945|20260929090545|889.47
1790643950|20260929090550|889.41
1790643970|20260929090610|889.47
1790643975|20260929090615|889.30
1790643980|20260929090620|889.13
1790643985|20260929090625|889.14
1790643995|20260929090635|889.28
1790644000|20260929090640|889.73
1790644005|20260929090645|889.50
1790644015|20260929090655|889.59
1790644025|20260929090705|888.54
1790644030|20260929090710|888.53
1790644040|20260929090720|888.29
1790644055|20260929090735|887.82
1790644060|20260929090740|888.09
1790644065|20260929090745|888.01
1790644075|20260929090755|888.12
1790644085|20260929090805|888.09
1790644090|20260929090810|888.40
1790644095|20260929090815|888.53
1790644100|20260929090820|888.62
1790644105|20260929090825|888.74
1790644115|20260929090835|889.17
1790644120|20260929090840|889.16
1790644125|20260929090845|888.84
1790644145|20260929090905|888.85
1790644155|20260929090915|889.17
1790644160|20260929090920|889.01
1790644165|20260929090925|888.84
1790644200|20260929091000|889.07
1790644205|20260929091005|889.13
1790644210|20260929091010|889.05
1790644215|20260929091015|889.08
1790644220|20260929091020|888.98
1790644225|20260929091025|889.11
1790644235|20260929091035|889.34
1790644240|20260929091040|889.19
1790644245|20260929091045|888.97
1790644250|20260929091050|889.22
1790644255|20260929091055|889.23
1790644280|20260929091120|888.94
1790644300|20260929091140|888.69
1790644305|20260929091145|888.73
1790644310|20260929091150|888.74
1790644325|20260929091205|888.79
1790644330|20260929091210|888.87
1790644340|20260929091220|889.11
1790644345|20260929091225|889.00
1790644355|20260929091235|889.25
1790644365|20260929091245|889.64
1790644370|20260929091250|889.80
1790644375|20260929091255|889.88
1790644385|20260929091305|889.51
1790644390|20260929091310|889.43
1790644395|20260929091315|889.53
1790644400|20260929091320|889.51
1790644405|20260929091325|889.64
1790644415|20260929091335|889.83
1790644420|20260929091340|889.63
1790644425|20260929091345|889.58
1790644430|20260929091350|889.54
1790644435|20260929091355|889.57
1790644445|20260929091405|889.70
1790644450|20260929091410|889.80
1790644455|20260929091415|889.68
1790644460|20260929091420|889.71
1790644465|20260929091425|889.78
1790644490|20260929091450|889.89
1790644505|20260929091505|889.94
1790644510|20260929091510|889.70
1790644515|20260929091515|890.03
1790644520|20260929091520|889.99
1790644525|20260929091525|889.94
1790644535|20260929091535|889.75
1790644540|20260929091540|889.58
1790644550|20260929091550|890.08
1790644575|20260929091615|890.17
1790644585|20260929091625|890.14
1790644595|20260929091635|890.17
1790644600|20260929091640|890.14
1790644605|20260929091645|890.12
1790644610|20260929091650|890.20
1790644625|20260929091705|889.90
1790644630|20260929091710|889.91
1790644645|20260929091725|889.85
1790644670|20260929091750|889.35
1790644685|20260929091805|889.00
1790644695|20260929091815|888.50
1790644705|20260929091825|888.86
1790644720|20260929091840|888.79
1790644725|20260929091845|888.65
1790644730|20260929091850|888.72
1790644735|20260929091855|889.05
1790644745|20260929091905|889.01
1790644750|20260929091910|889.16
1790644755|20260929091915|889.13
1790644760|20260929091920|889.34
1790644800|20260929092000|889.86
1790644805|20260929092005|890.01
1790644810|20260929092010|890.13
1790644815|20260929092015|890.07
1790644820|20260929092020|889.99
1790644825|20260929092025|889.94
1790644835|20260929092035|890.23
1790644840|20260929092040|890.28
1790644850|20260929092050|890.13
1790644865|20260929092105|890.14
1790644870|20260929092110|890.43
1790644880|20260929092120|890.26
1790644885|20260929092125|890.33
1790644895|20260929092135|890.24
1790644900|20260929092140|890.70
1790644905|20260929092145|890.69
1790644910|20260929092150|890.73
1790644925|20260929092205|891.10
1790644930|20260929092210|891.02
1790644940|20260929092220|890.84
1790644945|20260929092225|890.74
1790644955|20260929092235|890.51
1790644960|20260929092240|890.30
1790644970|20260929092250|890.11
1790644975|20260929092255|890.19
1790644985|20260929092305|890.31
1790644990|20260929092310|890.42
1790644995|20260929092315|890.41
1790645000|20260929092320|890.47
1790645005|20260929092325|890.46
1790645015|20260929092335|890.71
1790645020|20260929092340|890.35
1790645025|20260929092345|890.36
1790645030|20260929092350|890.65
1790645035|20260929092355|890.96
1790645045|20260929092405|890.88
1790645055|20260929092415|890.93
1790645060|20260929092420|890.99
1790645065|20260929092425|891.04
1790645105|20260929092505|891.19
1790645110|20260929092510|891.21
1790645115|20260929092515|891.31
1790645125|20260929092525|891.20
1790645145|20260929092545|891.41
1790645165|20260929092605|891.22
1790645170|20260929092610|891.40
1790645180|20260929092620|891.69
1790645185|20260929092625|891.20
1790645205|20260929092645|890.78
1790645210|20260929092650|890.71
1790645215|20260929092655|890.73
1790645225|20260929092705|890.65
1790645230|20260929092710|891.04
1790645235|20260929092715|890.96
1790645245|20260929092725|890.75
1790645265|20260929092745|890.65
1790645270|20260929092750|890.97
1790645275|20260929092755|890.85
1790645285|20260929092805|891.08
1790645295|20260929092815|890.97
1790645300|20260929092820|891.01
1790645305|20260929092825|891.05
1790645315|20260929092835|891.00
1790645325|20260929092845|890.98
1790645330|20260929092850|891.28
1790645335|20260929092855|891.36
1790645345|20260929092905|891.43
1790645350|20260929092910|891.29
1790645355|20260929092915|891.22
1790645365|20260929092925|891.50
1790645400|20260929093000|891.31
1790645410|20260929093010|891.16
1790645415|20260929093015|891.15
1790645420|20260929093020|891.31
1790645465|20260929093105|890.90
1790645470|20260929093110|890.85
1790645480|20260929093120|890.95
1790645495|20260929093135|890.76
1790645505|20260929093145|890.71
1790645525|20260929093205|890.45
1790645530|20260929093210|890.51
1790645535|20260929093215|890.32
1790645540|20260929093220|890.29
1790645585|20260929093305|890.52
1790645595|20260929093315|890.68
1790645600|20260929093320|890.68
1790645605|20260929093325|890.77
1790645620|20260929093340|890.83
1790645625|20260929093345|890.80
1790645630|20260929093350|890.43
1790645635|20260929093355|890.51
1790645645|20260929093405|890.34
1790645655|20260929093415|890.50
1790645660|20260929093420|890.44
1790645705|20260929093505|891.07
1790645710|20260929093510|890.96
1790645720|20260929093520|890.78
1790645725|20260929093525|890.76
1790645745|20260929093545|890.16
1790645765|20260929093605|890.27
1790645770|20260929093610|890.10
1790645780|20260929093620|889.91
1790645785|20260929093625|889.87
1790645795|20260929093635|890.25
1790645800|20260929093640|890.31
1790645805|20260929093645|890.27
1790645810|20260929093650|890.30
1790645825|20260929093705|890.15
1790645830|20260929093710|890.12
1790645835|20260929093715|890.15
1790645840|20260929093720|890.17
1790645845|20260929093725|890.26
1790645860|20260929093740|890.06
1790645865|20260929093745|890.46
1790645900|20260929093820|890.16
1790645905|20260929093825|890.07
1790645915|20260929093835|890.28
1790645920|20260929093840|890.21
1790645925|20260929093845|890.00
1790645930|20260929093850|889.99
1790645945|20260929093905|889.74
1790645950|20260929093910|889.84
1790645960|20260929093920|889.95
1790646000|20260929094000|889.80
1790646010|20260929094010|889.60
1790646020|20260929094020|889.92
1790646025|20260929094025|889.92
1790646035|20260929094035|889.88
1790646040|20260929094040|889.93
1790646045|20260929094045|889.47
1790646050|20260929094050|889.55
1790646055|20260929094055|889.82
1790646075|20260929094115|889.78
1790646080|20260929094120|889.87
1790646095|20260929094135|890.24
1790646100|20260929094140|890.13
1790646105|20260929094145|890.12
1790646110|20260929094150|890.15
1790646125|20260929094205|890.30
1790646135|20260929094215|890.93
1790646140|20260929094220|890.73
1790646145|20260929094225|890.99
1790646160|20260929094240|891.23
1790646185|20260929094305|891.03
1790646190|20260929094310|890.93
1790646200|20260929094320|891.00
1790646205|20260929094325|891.11
1790646225|20260929094345|891.16
1790646235|20260929094355|890.85
1790646245|20260929094405|890.92
1790646250|20260929094410|891.03
1790646255|20260929094415|891.02
1790646260|20260929094420|890.99
1790646265|20260929094425|891.04
1790646305|20260929094505|891.52
1790646315|20260929094515|891.32
1790646325|20260929094525|891.58
1790646340|20260929094540|891.83
1790646350|20260929094550|891.57
1790646355|20260929094555|891.56
1790646375|20260929094615|891.71
1790646380|20260929094620|891.76
1790646385|20260929094625|891.57
1790646395|20260929094635|891.52
1790646400|20260929094640|891.61
1790646405|20260929094645|891.51
1790646410|20260929094650|891.52
1790646425|20260929094705|891.56
1790646430|20260929094710|891.67
1790646435|20260929094715|891.73
1790646440|20260929094720|891.78
1790646455|20260929094735|891.81
1790646460|20260929094740|891.98
1790646470|20260929094750|891.80
1790646475|20260929094755|891.87
1790646485|20260929094805|891.99
1790646490|20260929094810|891.99
1790646500|20260929094820|891.97
1790646505|20260929094825|892.12
1790646515|20260929094835|892.21
1790646525|20260929094845|892.28
1790646545|20260929094905|892.13
1790646555|20260929094915|892.20
1790646560|20260929094920|892.18
1790646565|20260929094925|892.19
1790646595|20260929094955|891.86
1790646600|20260929095000|891.98
1790646605|20260929095005|891.96
1790646620|20260929095020|891.87
1790646625|20260929095025|891.98
1790646635|20260929095035|891.83
1790646645|20260929095045|891.48
1790646650|20260929095050|891.42
1790646665|20260929095105|891.47
1790646670|20260929095110|891.59
1790646675|20260929095115|891.32
1790646680|20260929095120|891.32
1790646695|20260929095135|891.32
1790646700|20260929095140|891.28
1790646710|20260929095150|891.33
1790646725|20260929095205|890.90
1790646730|20260929095210|890.80
1790646735|20260929095215|891.07
1790646740|20260929095220|891.02
1790646745|20260929095225|891.05
1790646755|20260929095235|891.11
1790646765|20260929095245|891.23
1790646770|20260929095250|891.32
1790646775|20260929095255|891.74
1790646785|20260929095305|891.61
1790646795|20260929095315|891.71
1790646800|20260929095320|891.78
1790646815|20260929095335|891.88
1790646820|20260929095340|891.63
1790646825|20260929095345|891.58
1790646835|20260929095355|891.60
1790646845|20260929095405|891.28
1790646850|20260929095410|891.35
1790646855|20260929095415|891.43
1790646860|20260929095420|891.47
1790646865|20260929095425|891.82
1790646905|20260929095505|891.82
1790646915|20260929095515|891.82
1790646920|20260929095520|891.93
1790646925|20260929095525|891.83
1790646935|20260929095535|891.81
1790646945|20260929095545|891.73
1790646950|20260929095550|891.69
1790646975|20260929095615|891.80
1790646995|20260929095635|891.54
1790647000|20260929095640|891.67
1790647015|20260929095655|891.68
1790647030|20260929095710|891.73
1790647035|20260929095715|891.74
1790647040|20260929095720|891.76
1790647055|20260929095735|891.77
1790647070|20260929095750|891.73
1790647085|20260929095805|891.91
1790647090|20260929095810|891.89
1790647095|20260929095815|891.89
1790647100|20260929095820|891.90
1790647105|20260929095825|891.90
1790647115|20260929095835|891.93
1790647125|20260929095845|891.91
1790647130|20260929095850|891.93
1790647150|20260929095910|891.89
1790647155|20260929095915|891.73
1790647160|20260929095920|891.65
1790647165|20260929095925|891.67
1790647200|20260929100000|891.78
1790647210|20260929100010|891.81
1790647215|20260929100015|891.71
1790647220|20260929100020|891.79
1790647245|20260929100045|891.64
1790647265|20260929100105|891.64
1790647270|20260929100110|891.78
1790647280|20260929100120|891.57
1790647285|20260929100125|891.25
1790647295|20260929100135|891.25
1790647305|20260929100145|891.05
1790647315|20260929100155|891.15
1790647325|20260929100205|891.14
1790647330|20260929100210|891.10
1790647335|20260929100215|891.11
1790647340|20260929100220|891.37
1790647355|20260929100235|891.25
1790647365|20260929100245|891.18
1790647385|20260929100305|891.03
1790647390|20260929100310|891.09
1790647395|20260929100315|891.02
1790647400|20260929100320|891.01
1790647405|20260929100325|891.10
1790647435|20260929100355|890.85
1790647445|20260929100405|890.82
1790647450|20260929100410|890.81
1790647455|20260929100415|890.94
1790647500|20260929100500|890.98
1790647510|20260929100510|890.81
1790647515|20260929100515|891.05
1790647520|20260929100520|891.15
1790647525|20260929100525|891.08
1790647535|20260929100535|890.86
1790647540|20260929100540|890.90
1790647550|20260929100550|890.86
1790647555|20260929100555|890.88
1790647565|20260929100605|890.81
1790647570|20260929100610|890.74
1790647580|20260929100620|890.74
1790647585|20260929100625|890.86
1790647600|20260929100640|890.94
1790647605|20260929100645|890.75
1790647610|20260929100650|890.47
1790647615|20260929100655|890.57
1790647625|20260929100705|890.73
1790647630|20260929100710|890.80
1790647635|20260929100715|890.71
1790647655|20260929100735|890.35
1790647660|20260929100740|890.35
1790647665|20260929100745|890.36
1790647675|20260929100755|890.38
1790647685|20260929100805|890.27
1790647690|20260929100810|890.09
1790647695|20260929100815|890.07
1790647700|20260929100820|890.14
1790647705|20260929100825|890.21
1790647715|20260929100835|890.05
1790647720|20260929100840|890.06
1790647725|20260929100845|890.21
1790647730|20260929100850|890.20
1790647750|20260929100910|890.26
1790647755|20260929100915|890.29
1790647760|20260929100920|890.43
1790647765|20260929100925|890.17
1790647785|20260929100945|890.32
1790647800|20260929101000|890.03
1790647805|20260929101005|890.21
1790647810|20260929101010|890.20
1790647825|20260929101025|890.25
1790647835|20260929101035|890.35
1790647840|20260929101040|890.50
1790647850|20260929101050|890.51
1790647855|20260929101055|890.55
1790647865|20260929101105|890.56
1790647870|20260929101110|890.62
1790647875|20260929101115|890.70
1790647880|20260929101120|890.78
1790647895|20260929101135|890.71
1790647925|20260929101205|890.93
1790647930|20260929101210|890.90
1790647945|20260929101225|890.87
1790647955|20260929101235|891.03
1790647960|20260929101240|890.87
1790647965|20260929101245|891.39
1790647970|20260929101250|891.17
1790647975|20260929101255|891.33
1790647985|20260929101305|891.22
1790647990|20260929101310|890.94
1790647995|20260929101315|890.97
1790648005|20260929101325|891.01
1790648025|20260929101345|890.98
1790648030|20260929101350|891.10
1790648035|20260929101355|891.33
1790648045|20260929101405|891.31
1790648050|20260929101410|891.32
1790648055|20260929101415|891.19
1790648110|20260929101510|891.35
1790648125|20260929101525|891.26
1790648145|20260929101545|891.09
1790648150|20260929101550|891.18
1790648160|20260929101600|891.23
1790648165|20260929101605|891.08
1790648170|20260929101610|891.03
1790648175|20260929101615|890.96
1790648180|20260929101620|890.88
1790648205|20260929101645|891.10
1790648215|20260929101655|891.33
1790648225|20260929101705|891.05
1790648230|20260929101710|891.00
1790648235|20260929101715|890.99
1790648265|20260929101745|890.91
1790648275|20260929101755|890.93
1790648290|20260929101810|890.99
1790648295|20260929101815|891.10
1790648300|20260929101820|891.22
1790648305|20260929101825|891.16
1790648320|20260929101840|891.14
1790648325|20260929101845|891.16
1790648330|20260929101850|891.42
1790648355|20260929101915|891.95
1790648360|20260929101920|891.52
1790648365|20260929101925|891.63
1790648400|20260929102000|891.70
1790648415|20260929102015|891.42
1790648420|20260929102020|891.44
1790648425|20260929102025|891.52
1790648435|20260929102035|891.40
1790648450|20260929102050|891.41
1790648455|20260929102055|891.39
1790648465|20260929102105|891.22
1790648470|20260929102110|891.39
1790648475|20260929102115|891.06
1790648505|20260929102145|891.11
1790648515|20260929102155|890.95
1790648525|20260929102205|890.94
1790648530|20260929102210|890.89
1790648535|20260929102215|890.82
1790648540|20260929102220|891.05
1790648545|20260929102225|890.89
1790648555|20260929102235|891.03
1790648565|20260929102245|890.73
1790648570|20260929102250|890.84
1790648590|20260929102310|890.99
1790648595|20260929102315|891.02
1790648600|20260929102320|891.17
1790648605|20260929102325|891.35
1790648620|20260929102340|891.29
1790648625|20260929102345|891.33
1790648635|20260929102355|891.54
1790648645|20260929102405|891.41
1790648650|20260929102410|891.49
1790648655|20260929102415|891.69
1790648660|20260929102420|891.69
1790648665|20260929102425|891.74
1790648705|20260929102505|891.41
1790648715|20260929102515|890.97
1790648735|20260929102535|890.94
1790648740|20260929102540|890.92
1790648765|20260929102605|891.40
1790648770|20260929102610|891.38
1790648775|20260929102615|891.37
1790648780|20260929102620|891.38
1790648795|20260929102635|891.15
1790648800|20260929102640|891.21
1790648810|20260929102650|890.90
1790648825|20260929102705|890.91
1790648835|20260929102715|890.85
1790648840|20260929102720|890.88
1790648845|20260929102725|891.21
1790648855|20260929102735|891.23
1790648860|20260929102740|891.18
1790648865|20260929102745|891.05
1790648885|20260929102805|891.06
1790648890|20260929102810|891.06
1790648895|20260929102815|891.07
1790648900|20260929102820|890.95
1790648915|20260929102835|891.28
1790648925|20260929102845|891.33
1790648930|20260929102850|891.27
1790648945|20260929102905|891.03
1790648955|20260929102915|891.11
1790648960|20260929102920|891.32
1790648985|20260929102945|891.55
1790649000|20260929103000|891.41
1790649010|20260929103010|891.57
1790649015|20260929103015|891.66
1790649035|20260929103035|891.93
1790649045|20260929103045|891.79
1790649065|20260929103105|891.52
1790649070|20260929103110|891.52
1790649075|20260929103115|891.41
1790649085|20260929103125|891.50
1790649100|20260929103140|891.81
1790649125|20260929103205|891.80
1790649130|20260929103210|891.84
1790649140|20260929103220|892.02
1790649145|20260929103225|892.07
1790649155|20260929103235|892.13
1790649160|20260929103240|891.92
1790649170|20260929103250|891.87
1790649175|20260929103255|891.81
1790649185|20260929103305|891.56
1790649190|20260929103310|891.54
1790649195|20260929103315|891.50
1790649200|20260929103320|891.48
1790649220|20260929103340|891.58
1790649250|20260929103410|891.65
1790649255|20260929103415|891.69
1790649260|20260929103420|891.67
1790649265|20260929103425|891.79
1790649305|20260929103505|891.88
1790649315|20260929103515|891.90
1790649325|20260929103525|891.84
1790649335|20260929103535|891.91
1790649340|20260929103540|891.74
1790649350|20260929103550|891.64
1790649355|20260929103555|891.63
1790649365|20260929103605|891.28
1790649375|20260929103615|891.24
1790649380|20260929103620|891.21
1790649385|20260929103625|891.54
1790649395|20260929103635|891.36
1790649415|20260929103655|891.19
1790649435|20260929103715|891.35
1790649440|20260929103720|891.54
1790649460|20260929103740|891.34
1790649465|20260929103745|891.34
1790649470|20260929103750|891.38
1790649475|20260929103755|891.42
1790649480|20260929103800|891.44
1790649485|20260929103805|891.58
1790649490|20260929103810|891.46
1790649495|20260929103815|891.68
1790649500|20260929103820|891.56
1790649505|20260929103825|891.66
1790649515|20260929103835|891.51
1790649520|20260929103840|891.66
1790649525|20260929103845|891.55
1790649530|20260929103850|891.73
1790649535|20260929103855|891.83
1790649545|20260929103905|891.77
1790649550|20260929103910|891.93
1790649555|20260929103915|891.84
1790649560|20260929103920|891.83
1790649565|20260929103925|891.91
1790649575|20260929103935|891.84
1790649580|20260929103940|891.87
1790649600|20260929104000|891.83
1790649605|20260929104005|891.70
1790649610|20260929104010|891.65
1790649615|20260929104015|891.67
1790649625|20260929104025|891.52
1790649640|20260929104040|891.63
1790649645|20260929104045|891.45
1790649650|20260929104050|891.31
1790649665|20260929104105|891.16
1790649670|20260929104110|891.15
1790649675|20260929104115|891.17
1790649680|20260929104120|891.14
1790649700|20260929104140|891.23
1790649705|20260929104145|891.15
1790649715|20260929104155|890.98
1790649725|20260929104205|891.02
1790649730|20260929104210|891.05
1790649735|20260929104215|891.31
1790649740|20260929104220|891.08
1790649755|20260929104235|891.32
1790649760|20260929104240|891.11
1790649765|20260929104245|891.05
1790649770|20260929104250|891.08
1790649790|20260929104310|891.25
1790649800|20260929104320|891.39
1790649805|20260929104325|891.56
1790649825|20260929104345|891.74
1790649845|20260929104405|892.12
1790649860|20260929104420|891.88
1790649905|20260929104505|891.82
1790649915|20260929104515|891.59
1790649920|20260929104520|891.76
1790649925|20260929104525|892.00
1790649940|20260929104540|891.96
1790649955|20260929104555|891.96
1790649965|20260929104605|892.00
1790649970|20260929104610|891.89
1790649975|20260929104615|891.96
1790649980|20260929104620|892.00
1790649995|20260929104635|892.12
1790650000|20260929104640|892.02
1790650005|20260929104645|891.98
1790650010|20260929104650|891.97
1790650015|20260929104655|892.00
1790650025|20260929104705|892.05
1790650035|20260929104715|891.84
1790650040|20260929104720|891.85
1790650045|20260929104725|891.84
1790650055|20260929104735|892.06
1790650070|20260929104750|892.17
1790650085|20260929104805|891.97
1790650090|20260929104810|891.94
1790650095|20260929104815|891.91
1790650100|20260929104820|891.90
1790650105|20260929104825|891.93
1790650115|20260929104835|892.07
1790650125|20260929104845|892.00
1790650135|20260929104855|892.32
1790650155|20260929104915|891.90
1790650165|20260929104925|892.05
1790650190|20260929104950|892.09
1790650200|20260929105000|892.12
1790650215|20260929105015|892.20
1790650220|20260929105020|892.20
1790650225|20260929105025|892.15
1790650235|20260929105035|892.10
1790650240|20260929105040|892.10
1790650245|20260929105045|892.08
1790650265|20260929105105|892.05
1790650270|20260929105110|892.01
1790650275|20260929105115|892.10
1790650280|20260929105120|892.12
1790650285|20260929105125|892.14
1790650295|20260929105135|892.12
1790650300|20260929105140|891.91
1790650305|20260929105145|891.84
1790650310|20260929105150|891.82
1790650325|20260929105205|891.93
1790650330|20260929105210|891.99
1790650340|20260929105220|892.06
1790650345|20260929105225|891.99
1790650355|20260929105235|892.10
1790650360|20260929105240|891.91
1790650370|20260929105250|891.97
1790650385|20260929105305|891.86
1790650390|20260929105310|891.88
1790650415|20260929105335|891.94
1790650420|20260929105340|891.92
1790650425|20260929105345|891.87
1790650430|20260929105350|891.91
1790650435|20260929105355|891.85
1790650445|20260929105405|891.91
1790650450|20260929105410|892.02
1790650455|20260929105415|892.01
1790650460|20260929105420|892.01
1790650465|20260929105425|892.03
1790650505|20260929105505|891.94
1790650510|20260929105510|892.16
1790650515|20260929105515|892.17
1790650520|20260929105520|892.27
1790650525|20260929105525|892.31
1790650545|20260929105545|891.88
1790650550|20260929105550|891.74
1790650565|20260929105605|892.01
1790650570|20260929105610|892.07
1790650580|20260929105620|892.07
1790650585|20260929105625|892.04
1790650595|20260929105635|892.09
1790650600|20260929105640|892.21
1790650605|20260929105645|892.09
1790650615|20260929105655|891.99
1790650625|20260929105705|891.93
1790650630|20260929105710|891.95
1790650635|20260929105715|892.16
1790650640|20260929105720|892.18
1790650645|20260929105725|892.35
1790650655|20260929105735|892.34
1790650670|20260929105750|892.36
1790650675|20260929105755|892.35
1790650685|20260929105805|892.28
1790650690|20260929105810|892.28
1790650695|20260929105815|892.28
1790650700|20260929105820|892.41
1790650705|20260929105825|892.25
1790650725|20260929105845|892.31
1790650735|20260929105855|892.39
1790650745|20260929105905|892.16
1790650755|20260929105915|892.12
1790650760|20260929105920|892.07
1790650770|20260929105930|892.22
1790650800|20260929110000|892.05
1790650805|20260929110005|892.13
1790650810|20260929110010|892.04
1790650815|20260929110015|891.90
1790650820|20260929110020|892.02
1790650825|20260929110025|891.96
1790650835|20260929110035|892.06
1790650840|20260929110040|892.03
1790650845|20260929110045|892.15
1790650850|20260929110050|891.98
1790650855|20260929110055|891.97
1790650865|20260929110105|891.98
1790650870|20260929110110|892.04
1790650875|20260929110115|892.09
1790650880|20260929110120|892.14
1790650885|20260929110125|892.20
1790650895|20260929110135|892.14
1790650900|20260929110140|892.11
1790650905|20260929110145|892.20
1790650910|20260929110150|892.18
1790650915|20260929110155|892.23
1790650930|20260929110210|892.15
1790650940|20260929110220|892.00
1790650955|20260929110235|891.85
1790650960|20260929110240|891.95
1790650965|20260929110245|892.00
1790650970|20260929110250|892.19
1790650975|20260929110255|892.50
1790650985|20260929110305|892.41
1790650990|20260929110310|892.28
1790651000|20260929110320|892.39
1790651005|20260929110325|892.36
1790651045|20260929110405|891.91
1790651060|20260929110420|891.67
1790651065|20260929110425|891.82
1790651110|20260929110510|891.53
1790651120|20260929110520|891.49
1790651125|20260929110525|891.47
1790651135|20260929110535|891.46
1790651140|20260929110540|891.43
1790651145|20260929110545|891.60
1790651150|20260929110550|891.58
1790651155|20260929110555|891.62
1790651165|20260929110605|891.80
1790651170|20260929110610|891.71
1790651175|20260929110615|891.82
1790651180|20260929110620|891.66
1790651195|20260929110635|891.73
1790651200|20260929110640|891.73
1790651205|20260929110645|891.83
1790651210|20260929110650|892.04
1790651215|20260929110655|892.22
1790651240|20260929110720|892.05
1790651245|20260929110725|892.12
1790651255|20260929110735|892.25
1790651260|20260929110740|892.20
1790651275|20260929110755|892.21
1790651285|20260929110805|892.28
1790651290|20260929110810|892.20
1790651300|20260929110820|891.99
1790651325|20260929110845|891.93
1790651335|20260929110855|891.83
1790651360|20260929110920|891.63
1790651365|20260929110925|891.54
1790651405|20260929111005|891.63
1790651410|20260929111010|891.73
1790651415|20260929111015|891.78
1790651420|20260929111020|891.81
1790651425|20260929111025|891.68
1790651435|20260929111035|891.69
1790651450|20260929111050|891.59
1790651455|20260929111055|891.74
1790651465|20260929111105|891.65
1790651475|20260929111115|891.54
1790651480|20260929111120|891.54
1790651485|20260929111125|891.59
1790651505|20260929111145|891.35
1790651525|20260929111205|891.62
1790651530|20260929111210|891.57
1790651535|20260929111215|891.47
1790651540|20260929111220|891.48
1790651545|20260929111225|891.44
1790651555|20260929111235|891.38
1790651560|20260929111240|891.38
1790651565|20260929111245|891.37
1790651585|20260929111305|891.39
1790651590|20260929111310|891.39
1790651595|20260929111315|891.42
1790651600|20260929111320|891.48
1790651605|20260929111325|891.69
1790651615|20260929111335|891.51
1790651625|20260929111345|891.67
1790651660|20260929111420|891.38
1790651665|20260929111425|891.34
1790651700|20260929111500|891.32
1790651705|20260929111505|891.38
1790651710|20260929111510|891.84
1790651715|20260929111515|891.63
1790651720|20260929111520|891.52
1790651735|20260929111535|891.56
1790651755|20260929111555|891.60
1790651765|20260929111605|891.60
1790651770|20260929111610|891.71
1790651775|20260929111615|891.57
1790651780|20260929111620|891.64
1790651785|20260929111625|891.88
1790651800|20260929111640|891.77
1790651805|20260929111645|891.72
1790651810|20260929111650|891.99
1790651815|20260929111655|891.89
1790651825|20260929111705|891.63
1790651830|20260929111710|891.79
1790651835|20260929111715|891.74
1790651840|20260929111720|891.65
1790651845|20260929111725|891.66
1790651855|20260929111735|891.65
1790651865|20260929111745|891.56
1790651870|20260929111750|891.69
1790651875|20260929111755|891.65
1790651885|20260929111805|891.48
1790651895|20260929111815|891.61
1790651900|20260929111820|891.55
1790651915|20260929111835|891.51
1790651925|20260929111845|891.59
1790651930|20260929111850|891.43
1790651935|20260929111855|891.28
1790651945|20260929111905|891.48
1790651950|20260929111910|891.53
1790651955|20260929111915|891.33
1790651960|20260929111920|891.28
1790651965|20260929111925|891.34
1790652000|20260929112000|891.40
1790652005|20260929112005|891.38
1790652010|20260929112010|891.45
1790652015|20260929112015|891.55
1790652025|20260929112025|891.53
1790652045|20260929112045|891.41
1790652050|20260929112050|891.56
1790652055|20260929112055|891.47
1790652065|20260929112105|891.57
1790652070|20260929112110|891.51
1790652075|20260929112115|891.66
1790652080|20260929112120|891.68
1790652105|20260929112145|891.87
1790652115|20260929112155|891.77
1790652135|20260929112215|891.58
1790652145|20260929112225|891.59
1790652155|20260929112235|891.54
1790652160|20260929112240|891.65
1790652165|20260929112245|891.59
1790652170|20260929112250|891.63
1790652175|20260929112255|891.51
1790652185|20260929112305|891.60
1790652195|20260929112315|891.54
1790652200|20260929112320|891.53
1790652205|20260929112325|891.75
1790652215|20260929112335|891.77
1790652220|20260929112340|891.73
1790652225|20260929112345|891.85
1790652250|20260929112410|891.76
1790652255|20260929112415|891.79
1790652260|20260929112420|891.74
1790652265|20260929112425|891.75
1790652305|20260929112505|891.91
1790652345|20260929112545|891.99
1790652355|20260929112555|892.09
1790652365|20260929112605|892.09
1790652370|20260929112610|892.26
1790652375|20260929112615|892.15
1790652380|20260929112620|892.34
1790652395|20260929112635|892.13
1790652400|20260929112640|892.12
1790652415|20260929112655|891.84
1790652425|20260929112705|891.81
1790652430|20260929112710|891.80
1790652435|20260929112715|891.81
1790652440|20260929112720|891.91
1790652445|20260929112725|892.18
1790652455|20260929112735|892.03
1790652460|20260929112740|891.88
1790652465|20260929112745|891.96
1790652470|20260929112750|891.88
1790652475|20260929112755|891.88
1790652485|20260929112805|892.00
1790652490|20260929112810|891.95
1790652500|20260929112820|892.09
1790652505|20260929112825|892.16
1790652515|20260929112835|892.32
1790652520|20260929112840|892.07
1790652525|20260929112845|892.36
1790652550|20260929112910|892.55
1790652555|20260929112915|892.39
1790652560|20260929112920|892.50
1790652565|20260929112925|892.47
1790652595|20260929112955|892.41
1790652600|20260929113000|892.42
1790652605|20260929113005|892.20
1790652610|20260929113010|892.20
1790652615|20260929113015|892.34
1790652620|20260929113020|892.42
1790652635|20260929113035|892.44
1790652645|20260929113045|892.31
1790652655|20260929113055|892.36
1790652670|20260929113110|892.50
1790652675|20260929113115|892.53
1790652685|20260929113125|892.69
1790652705|20260929113145|892.42
1790652710|20260929113150|892.51
1790652725|20260929113205|892.35
1790652730|20260929113210|892.33
1790652735|20260929113215|892.19
1790652740|20260929113220|892.39
1790652760|20260929113240|892.28
1790652765|20260929113245|892.27
1790652785|20260929113305|892.19
1790652790|20260929113310|892.43
1790652795|20260929113315|892.20
1790652800|20260929113320|892.20
1790652820|20260929113340|892.05
1790652835|20260929113355|892.10
1790652845|20260929113405|892.33
1790652850|20260929113410|892.23
1790652855|20260929113415|892.48
1790652860|20260929113420|892.26
1790652865|20260929113425|892.18
1790652905|20260929113505|892.38
1790652910|20260929113510|892.37
1790652915|20260929113515|892.15
1790652920|20260929113520|892.13
1790652925|20260929113525|891.90
1790652940|20260929113540|892.02
1790652945|20260929113545|891.88
1790652970|20260929113610|891.92
1790652975|20260929113615|891.94
1790652980|20260929113620|891.95
1790652985|20260929113625|891.96
1790652995|20260929113635|892.16
1790653010|20260929113650|891.97
1790653015|20260929113655|892.12
1790653030|20260929113710|892.01
1790653035|20260929113715|892.00
1790653040|20260929113720|892.01
1790653045|20260929113725|891.89
1790653060|20260929113740|891.81
1790653065|20260929113745|891.82
1790653075|20260929113755|891.82
1790653085|20260929113805|892.00
1790653090|20260929113810|892.33
1790653115|20260929113835|892.31
1790653120|20260929113840|892.32
1790653145|20260929113905|892.29
1790653160|20260929113920|892.38
1790653200|20260929114000|892.45
1790653205|20260929114005|892.43
1790653210|20260929114010|892.39
1790653215|20260929114015|892.34
1790653220|20260929114020|892.33
1790653225|20260929114025|892.45
1790653235|20260929114035|892.44
1790653245|20260929114045|892.48
1790653250|20260929114050|892.50
1790653255|20260929114055|892.37
1790653265|20260929114105|892.54
1790653270|20260929114110|892.54
1790653275|20260929114115|892.56
1790653280|20260929114120|892.69
1790653285|20260929114125|892.51
1790653295|20260929114135|892.49
1790653300|20260929114140|892.56
1790653305|20260929114145|892.50
1790653310|20260929114150|892.67
1790653325|20260929114205|892.44
1790653335|20260929114215|892.74
1790653340|20260929114220|892.68
1790653345|20260929114225|892.70
1790653360|20260929114240|892.42
1790653365|20260929114245|892.48
1790653385|20260929114305|892.51
1790653390|20260929114310|892.46
1790653395|20260929114315|892.57
1790653400|20260929114320|892.56
1790653405|20260929114325|892.90
1790653420|20260929114340|892.55
1790653435|20260929114355|892.51
1790653445|20260929114405|892.45
1790653450|20260929114410|892.31
1790653455|20260929114415|892.08
1790653460|20260929114420|892.25
1790653465|20260929114425|892.12
1790653510|20260929114510|892.03
1790653515|20260929114515|891.84
1790653520|20260929114520|891.81
1790653525|20260929114525|892.22
1790653540|20260929114540|891.84
1790653545|20260929114545|891.73
1790653550|20260929114550|891.73
1790653555|20260929114555|891.80
1790653565|20260929114605|891.60
1790653570|20260929114610|891.70
1790653575|20260929114615|891.66
1790653580|20260929114620|891.66
1790653585|20260929114625|891.66
1790653600|20260929114640|891.77
1790653605|20260929114645|891.74
1790653610|20260929114650|891.73
1790653615|20260929114655|891.63
1790653625|20260929114705|891.29
1790653630|20260929114710|891.32
1790653635|20260929114715|891.41
1790653645|20260929114725|891.51
1790653655|20260929114735|891.56
1790653660|20260929114740|891.52
1790653675|20260929114755|891.55
1790653685|20260929114805|891.92
1790653690|20260929114810|891.77
1790653695|20260929114815|891.94
1790653700|20260929114820|891.77
1790653705|20260929114825|891.71
1790653715|20260929114835|891.71
1790653720|20260929114840|891.74
1790653725|20260929114845|891.67
1790653730|20260929114850|891.71
1790653735|20260929114855|891.78
1790653745|20260929114905|891.95
1790653750|20260929114910|891.97
1790653755|20260929114915|891.86
1790653760|20260929114920|891.91
1790653800|20260929115000|891.87
1790653805|20260929115005|891.86
1790653810|20260929115010|891.87
1790653815|20260929115015|891.83
1790653820|20260929115020|891.84
1790653825|20260929115025|891.97
1790653835|20260929115035|891.90
1790653840|20260929115040|891.85
1790653850|20260929115050|891.76
1790653855|20260929115055|891.71
1790653870|20260929115110|891.85
1790653875|20260929115115|891.86
1790653880|20260929115120|891.74
1790653895|20260929115135|891.77
1790653900|20260929115140|892.17
1790653905|20260929115145|891.78
1790653915|20260929115155|891.85
1790653925|20260929115205|891.51
1790653935|20260929115215|891.48
1790653940|20260929115220|891.45
1790653945|20260929115225|891.45
1790653955|20260929115235|891.69
1790653960|20260929115240|891.81
1790653965|20260929115245|891.76
1790653970|20260929115250|891.64
1790653975|20260929115255|891.52
1790653985|20260929115305|891.58
1790653990|20260929115310|891.45
1790653995|20260929115315|891.57
1790654000|20260929115320|891.55
1790654005|20260929115325|891.49
1790654015|20260929115335|891.43
1790654020|20260929115340|891.65
1790654025|20260929115345|891.65
1790654035|20260929115355|891.58
1790654045|20260929115405|891.61
1790654050|20260929115410|891.33
1790654055|20260929115415|891.33
1790654060|20260929115420|891.32
1790654095|20260929115455|891.34
1790654110|20260929115510|891.60
1790654115|20260929115515|891.61
1790654120|20260929115520|891.54
1790654125|20260929115525|891.41
1790654135|20260929115535|891.42
1790654140|20260929115540|891.27
1790654145|20260929115545|891.51
1790654155|20260929115555|891.27
1790654165|20260929115605|891.23
1790654170|20260929115610|891.23
1790654195|20260929115635|891.20
1790654200|20260929115640|890.96
1790654210|20260929115650|891.06
1790654215|20260929115655|890.96
1790654220|20260929115700|890.94
1790654225|20260929115705|891.19
1790654230|20260929115710|890.78
1790654235|20260929115715|890.77
1790654240|20260929115720|890.75
1790654265|20260929115745|890.95
1790654275|20260929115755|890.97
1790654290|20260929115810|891.22
1790654295|20260929115815|890.99
1790654300|20260929115820|890.82
1790654305|20260929115825|890.79
1790654315|20260929115835|890.88
1790654320|20260929115840|890.89
1790654325|20260929115845|891.03
1790654330|20260929115850|891.01
1790654335|20260929115855|891.05
1790654345|20260929115905|891.00
1790654350|20260929115910|891.04
1790654360|20260929115920|891.04
1790654365|20260929115925|891.07
1790654400|20260929120000|891.32
1790654405|20260929120005|891.28
1790654420|20260929120020|891.19
1790654425|20260929120025|891.10
1790654445|20260929120045|890.93
1790654455|20260929120055|890.95
1790654465|20260929120105|890.98
1790654470|20260929120110|890.87
1790654475|20260929120115|890.94
1790654480|20260929120120|890.92
1790654485|20260929120125|890.95
1790654510|20260929120150|890.88
1790654515|20260929120155|890.84
1790654525|20260929120205|890.71
1790654530|20260929120210|890.85
1790654535|20260929120215|891.01
1790654540|20260929120220|890.78
1790654545|20260929120225|890.62
1790654555|20260929120235|890.79
1790654565|20260929120245|891.04
1790654585|20260929120305|890.95
1790654590|20260929120310|891.05
1790654595|20260929120315|890.77
1790654600|20260929120320|890.76
1790654605|20260929120325|890.73
1790654615|20260929120335|890.71
1790654620|20260929120340|890.70
1790654625|20260929120345|890.72
1790654635|20260929120355|890.75
1790654645|20260929120405|890.80
1790654655|20260929120415|890.78
1790654665|20260929120425|890.79
1790654705|20260929120505|890.74
1790654720|20260929120520|890.72
1790654725|20260929120525|890.77
1790654735|20260929120535|890.86
1790654740|20260929120540|890.81
1790654745|20260929120545|890.70
1790654755|20260929120555|890.56
1790654765|20260929120605|890.53
1790654770|20260929120610|890.56
1790654775|20260929120615|890.67
1790654780|20260929120620|890.65
1790654785|20260929120625|890.66
1790654795|20260929120635|890.76
1790654800|20260929120640|890.81
1790654805|20260929120645|890.77
1790654815|20260929120655|890.54
1790654825|20260929120705|890.55
1790654830|20260929120710|890.53
1790654840|20260929120720|890.59
1790654845|20260929120725|890.71
1790654855|20260929120735|890.55
1790654865|20260929120745|890.71
1790654870|20260929120750|890.50
1790654885|20260929120805|890.59
1790654890|20260929120810|890.62
1790654895|20260929120815|890.59
1790654900|20260929120820|890.63
1790654905|20260929120825|890.60
1790654925|20260929120845|890.66
1790654955|20260929120915|890.51
1790654960|20260929120920|890.65
1790654965|20260929120925|890.60
1790655005|20260929121005|890.80
1790655010|20260929121010|890.92
1790655015|20260929121015|891.08
1790655020|20260929121020|890.81
1790655025|20260929121025|890.69
1790655065|20260929121105|890.61
1790655070|20260929121110|890.61
1790655075|20260929121115|890.63
1790655080|20260929121120|890.67
1790655085|20260929121125|890.67
1790655095|20260929121135|890.70
1790655100|20260929121140|890.63
1790655105|20260929121145|890.72
1790655110|20260929121150|890.73
1790655125|20260929121205|890.46
1790655130|20260929121210|890.45
1790655135|20260929121215|890.58
1790655140|20260929121220|890.42
1790655145|20260929121225|890.42
1790655155|20260929121235|890.40
1790655160|20260929121240|890.38
1790655165|20260929121245|890.67
1790655175|20260929121255|890.62
1790655185|20260929121305|890.54
1790655190|20260929121310|890.54
1790655195|20260929121315|890.60
1790655200|20260929121320|890.62
1790655215|20260929121335|890.64
1790655230|20260929121350|890.66
1790655245|20260929121405|890.74
1790655255|20260929121415|890.59
1790655295|20260929121455|890.62
1790655305|20260929121505|890.74
1790655310|20260929121510|890.53
1790655315|20260929121515|890.51
1790655320|20260929121520|890.57
1790655335|20260929121535|890.53
1790655340|20260929121540|890.45
1790655345|20260929121545|890.37
1790655350|20260929121550|890.32
1790655355|20260929121555|890.32
1790655365|20260929121605|890.40
1790655370|20260929121610|890.56
1790655380|20260929121620|890.45
1790655385|20260929121625|890.59
1790655400|20260929121640|890.52
1790655430|20260929121710|890.59
1790655440|20260929121720|890.63
1790655445|20260929121725|890.65
1790655455|20260929121735|890.56
1790655465|20260929121745|890.57
1790655475|20260929121755|890.92
1790655485|20260929121805|890.58
1790655495|20260929121815|890.59
1790655505|20260929121825|890.68
1790655525|20260929121845|890.73
1790655535|20260929121855|890.65
1790655545|20260929121905|890.93
1790655550|20260929121910|890.69
1790655555|20260929121915|890.63
1790655560|20260929121920|890.64
1790655610|20260929122010|890.46
1790655615|20260929122015|890.49
1790655620|20260929122020|890.63
1790655625|20260929122025|890.59
1790655640|20260929122040|890.44
1790655645|20260929122045|890.48
1790655655|20260929122055|890.38
1790655665|20260929122105|890.47
1790655670|20260929122110|890.45
1790655675|20260929122115|890.57
1790655680|20260929122120|890.60
1790655685|20260929122125|890.48
1790655700|20260929122140|890.48
1790655705|20260929122145|890.59
1790655710|20260929122150|890.57
1790655715|20260929122155|890.68
1790655725|20260929122205|890.71
1790655735|20260929122215|890.67
1790655755|20260929122235|890.41
1790655760|20260929122240|890.37
1790655765|20260929122245|891.01
1790655770|20260929122250|890.51
1790655775|20260929122255|890.62
1790655790|20260929122310|890.33
1790655800|20260929122320|890.30
1790655805|20260929122325|890.30
1790655815|20260929122335|890.34
1790655820|20260929122340|890.35
1790655825|20260929122345|890.35
1790655830|20260929122350|890.28
1790655835|20260929122355|890.28
1790655845|20260929122405|890.23
1790655850|20260929122410|890.29
1790655860|20260929122420|890.26
1790655865|20260929122425|890.25
1790655905|20260929122505|890.33
1790655910|20260929122510|890.36
1790655915|20260929122515|890.30
1790655920|20260929122520|890.27
1790655935|20260929122535|890.37
1790655950|20260929122550|890.30
1790655955|20260929122555|890.27
1790655965|20260929122605|890.29
1790655970|20260929122610|890.24
1790655980|20260929122620|890.17
1790655985|20260929122625|890.30
1790655995|20260929122635|890.35
1790656005|20260929122645|890.19
1790656010|20260929122650|890.22
1790656030|20260929122710|890.11
1790656040|20260929122720|890.23
1790656065|20260929122745|890.47
1790656085|20260929122805|890.12
1790656090|20260929122810|890.22
1790656095|20260929122815|890.31
1790656105|20260929122825|890.19
1790656120|20260929122840|890.25
1790656130|20260929122850|890.17
1790656135|20260929122855|890.32
1790656145|20260929122905|890.13
1790656150|20260929122910|890.12
1790656155|20260929122915|890.18
1790656165|20260929122925|890.20
1790656200|20260929123000|890.30
1790656205|20260929123005|890.41
1790656215|20260929123015|890.58
1790656225|20260929123025|890.62
1790656235|20260929123035|890.50
1790656245|20260929123045|890.67
1790656250|20260929123050|890.68
1790656265|20260929123105|890.65
1790656280|20260929123120|890.66
1790656285|20260929123125|890.59
1790656300|20260929123140|890.57
1790656305|20260929123145|890.59
1790656315|20260929123155|890.46
1790656325|20260929123205|890.46
1790656330|20260929123210|890.42
1790656340|20260929123220|890.43
1790656345|20260929123225|890.37
1790656360|20260929123240|890.36
1790656365|20260929123245|890.32
1790656375|20260929123255|890.60
1790656385|20260929123305|890.29
1790656390|20260929123310|890.22
1790656395|20260929123315|890.22
1790656400|20260929123320|890.21
1790656405|20260929123325|890.44
1790656415|20260929123335|890.15
1790656420|20260929123340|890.16
1790656425|20260929123345|889.91
1790656430|20260929123350|890.08
1790656435|20260929123355|889.96
1790656445|20260929123405|889.93
1790656450|20260929123410|889.93
1790656460|20260929123420|889.85
1790656465|20260929123425|889.92
1790656500|20260929123500|889.58
1790656505|20260929123505|889.57
1790656510|20260929123510|889.62
1790656520|20260929123520|889.54
1790656525|20260929123525|889.57
1790656540|20260929123540|889.58
1790656545|20260929123545|889.67
1790656555|20260929123555|889.61
1790656565|20260929123605|889.52
1790656570|20260929123610|889.57
1790656575|20260929123615|889.57
1790656580|20260929123620|889.59
1790656585|20260929123625|889.57
1790656600|20260929123640|889.66
1790656605|20260929123645|889.58
1790656610|20260929123650|889.62
1790656635|20260929123715|889.53
1790656640|20260929123720|889.46
1790656645|20260929123725|889.46
1790656655|20260929123735|889.52
1790656660|20260929123740|889.57
1790656665|20260929123745|889.81
1790656675|20260929123755|889.59
1790656685|20260929123805|889.38
1790656690|20260929123810|889.36
1790656695|20260929123815|889.22
1790656700|20260929123820|889.23
1790656705|20260929123825|889.21
1790656715|20260929123835|889.47
1790656720|20260929123840|889.40
1790656725|20260929123845|889.41
1790656730|20260929123850|889.51
1790656735|20260929123855|889.51
1790656745|20260929123905|889.60
1790656755|20260929123915|889.52
1790656760|20260929123920|889.79
1790656765|20260929123925|889.46
1790656805|20260929124005|889.50
1790656815|20260929124015|889.46
1790656825|20260929124025|889.55
1790656835|20260929124035|889.61
1790656840|20260929124040|889.68
1790656845|20260929124045|889.62
1790656850|20260929124050|889.60
1790656865|20260929124105|889.47
1790656870|20260929124110|889.63
1790656875|20260929124115|889.47
1790656880|20260929124120|889.66
1790656885|20260929124125|889.67
1790656895|20260929124135|889.69
1790656900|20260929124140|889.57
1790656905|20260929124145|889.46
1790656910|20260929124150|889.37
1790656915|20260929124155|889.42
1790656925|20260929124205|889.39
1790656930|20260929124210|889.47
1790656935|20260929124215|889.48
1790656940|20260929124220|889.71
1790656945|20260929124225|889.44
1790656955|20260929124235|889.34
1790656960|20260929124240|889.41
1790656965|20260929124245|889.44
1790656970|20260929124250|889.63
1790656985|20260929124305|889.63
1790656995|20260929124315|889.90
1790657000|20260929124320|889.82
1790657005|20260929124325|889.83
1790657015|20260929124335|889.70
1790657020|20260929124340|889.65
1790657025|20260929124345|889.61
1790657030|20260929124350|889.61
1790657045|20260929124405|889.72
1790657050|20260929124410|889.68
1790657060|20260929124420|889.69
1790657065|20260929124425|889.71
1790657110|20260929124510|889.70
1790657115|20260929124515|889.73
1790657120|20260929124520|889.73
1790657125|20260929124525|889.99
1790657135|20260929124535|889.77
1790657140|20260929124540|889.93
1790657145|20260929124545|889.91
1790657150|20260929124550|889.76
1790657155|20260929124555|889.78
1790657165|20260929124605|889.66
1790657170|20260929124610|889.77
1790657175|20260929124615|889.78
1790657180|20260929124620|889.74
1790657185|20260929124625|889.79
1790657195|20260929124635|889.72
1790657205|20260929124645|889.69
1790657210|20260929124650|889.82
1790657215|20260929124655|889.91
1790657225|20260929124705|889.82
1790657230|20260929124710|889.81
1790657235|20260929124715|889.70
1790657240|20260929124720|889.86
1790657245|20260929124725|889.73
1790657255|20260929124735|889.75
1790657265|20260929124745|889.74
1790657285|20260929124805|889.64
1790657290|20260929124810|889.61
1790657295|20260929124815|889.74
1790657300|20260929124820|889.76
1790657305|20260929124825|889.89
1790657320|20260929124840|889.58
1790657325|20260929124845|889.83
1790657330|20260929124850|889.63
1790657335|20260929124855|889.67
1790657350|20260929124910|889.87
1790657355|20260929124915|889.72
1790657360|20260929124920|889.57
1790657365|20260929124925|889.70
1790657380|20260929124940|890.03
1790657400|20260929125000|889.62
1790657405|20260929125005|889.65
1790657410|20260929125010|889.60
1790657415|20260929125015|889.65
1790657420|20260929125020|889.61
1790657425|20260929125025|889.67
1790657435|20260929125035|889.71
1790657445|20260929125045|889.65
1790657450|20260929125050|889.65
1790657455|20260929125055|889.91
1790657465|20260929125105|889.84
1790657470|20260929125110|890.00
1790657475|20260929125115|889.83
1790657485|20260929125125|890.07
1790657495|20260929125135|889.65
1790657505|20260929125145|889.72
1790657510|20260929125150|889.72
1790657525|20260929125205|890.04
1790657535|20260929125215|889.86
1790657540|20260929125220|889.89
1790657545|20260929125225|889.94
1790657555|20260929125235|890.04
1790657560|20260929125240|890.06
1790657565|20260929125245|890.44
1790657575|20260929125255|889.90
1790657585|20260929125305|889.88
1790657590|20260929125310|889.95
1790657595|20260929125315|889.93
1790657600|20260929125320|889.92
1790657605|20260929125325|889.86
1790657615|20260929125335|890.01
1790657630|20260929125350|889.93
1790657645|20260929125405|889.98
1790657650|20260929125410|889.94
1790657655|20260929125415|889.94
1790657665|20260929125425|890.13
1790657680|20260929125440|890.08
1790657705|20260929125505|889.90
1790657710|20260929125510|889.89
1790657715|20260929125515|889.92
1790657720|20260929125520|889.91
1790657725|20260929125525|889.91
1790657740|20260929125540|889.80
1790657745|20260929125545|890.00
1790657755|20260929125555|889.87
1790657775|20260929125615|889.81
1790657780|20260929125620|889.62
1790657785|20260929125625|889.61
1790657795|20260929125635|889.63
1790657805|20260929125645|889.57
1790657810|20260929125650|889.71
1790657830|20260929125710|889.71
1790657840|20260929125720|889.71
1790657845|20260929125725|889.71
1790657855|20260929125735|889.64
1790657870|20260929125750|889.76
1790657875|20260929125755|889.79
1790657885|20260929125805|889.67
1790657890|20260929125810|889.78
1790657895|20260929125815|889.77
1790657900|20260929125820|890.02
1790657905|20260929125825|889.66
1790657915|20260929125835|889.81
1790657920|20260929125840|889.70
1790657930|20260929125850|889.68
1790657945|20260929125905|889.98
1790657950|20260929125910|889.99
1790657955|20260929125915|889.93
1790657960|20260929125920|889.72
1790657965|20260929125925|889.57
1790658000|20260929130000|889.67
1790658005|20260929130005|889.62
1790658010|20260929130010|889.70
1790658015|20260929130015|889.86
1790658020|20260929130020|889.81
1790658025|20260929130025|890.04
1790658040|20260929130040|889.59
1790658045|20260929130045|889.71
1790658050|20260929130050|889.59
1790658055|20260929130055|889.80
1790658065|20260929130105|889.84
1790658070|20260929130110|889.86
1790658075|20260929130115|889.74
1790658080|20260929130120|889.74
1790658085|20260929130125|889.76
1790658095|20260929130135|889.80
1790658105|20260929130145|890.00
1790658115|20260929130155|890.01
1790658130|20260929130210|890.30
1790658135|20260929130215|889.98
1790658145|20260929130225|890.06
1790658155|20260929130235|890.26
1790658160|20260929130240|890.14
1790658165|20260929130245|889.93
1790658170|20260929130250|889.92
1790658185|20260929130305|889.98
1790658190|20260929130310|889.99
1790658195|20260929130315|889.98
1790658200|20260929130320|890.04
1790658205|20260929130325|890.03
1790658215|20260929130335|890.07
1790658220|20260929130340|889.99
1790658225|20260929130345|889.97
1790658235|20260929130355|889.91
1790658245|20260929130405|889.95
1790658250|20260929130410|889.96
1790658255|20260929130415|890.02
1790658260|20260929130420|889.89
1790658305|20260929130505|890.11
1790658310|20260929130510|889.98
1790658315|20260929130515|889.95
1790658320|20260929130520|890.02
1790658325|20260929130525|889.99
1790658335|20260929130535|890.31
1790658340|20260929130540|890.15
1790658345|20260929130545|889.87
1790658355|20260929130555|889.70
1790658365|20260929130605|889.57
1790658375|20260929130615|889.59
1790658380|20260929130620|889.65
1790658385|20260929130625|889.90
1790658395|20260929130635|889.89
1790658405|20260929130645|889.72
1790658410|20260929130650|889.55
1790658415|20260929130655|889.56
1790658425|20260929130705|889.81
1790658430|20260929130710|889.79
1790658440|20260929130720|889.81
1790658445|20260929130725|889.97
1790658455|20260929130735|889.83
1790658460|20260929130740|889.85
1790658465|20260929130745|890.01
1790658470|20260929130750|889.81
1790658475|20260929130755|889.69
1790658485|20260929130805|889.86
1790658490|20260929130810|889.88
1790658500|20260929130820|890.01
1790658505|20260929130825|890.26
1790658515|20260929130835|890.24
1790658530|20260929130850|890.15
1790658535|20260929130855|890.15
1790658545|20260929130905|890.18
1790658550|20260929130910|890.19
1790658555|20260929130915|890.39
1790658565|20260929130925|890.38
1790658600|20260929131000|890.62
1790658605|20260929131005|890.37
1790658610|20260929131010|890.20
1790658620|20260929131020|890.11
1790658625|20260929131025|890.04
1790658635|20260929131035|890.03
1790658640|20260929131040|889.97
1790658645|20260929131045|890.13
1790658650|20260929131050|889.89
1790658655|20260929131055|890.02
1790658665|20260929131105|889.78
1790658680|20260929131120|889.92
1790658685|20260929131125|890.02
1790658695|20260929131135|890.24
1790658700|20260929131140|890.00
1790658705|20260929131145|890.04
1790658710|20260929131150|889.98
1790658715|20260929131155|890.13
1790658730|20260929131210|890.35
1790658735|20260929131215|890.34
1790658740|20260929131220|890.06
1790658745|20260929131225|890.18
1790658755|20260929131235|890.14
1790658760|20260929131240|889.86
1790658765|20260929131245|889.87
1790658770|20260929131250|889.86
1790658775|20260929131255|890.04
1790658785|20260929131305|890.00
1790658790|20260929131310|890.04
1790658795|20260929131315|890.04
1790658800|20260929131320|890.04
1790658805|20260929131325|890.21
1790658820|20260929131340|890.39
1790658825|20260929131345|890.26
1790658830|20260929131350|890.22
1790658835|20260929131355|890.24
1790658845|20260929131405|890.14
1790658855|20260929131415|890.15
1790658860|20260929131420|890.09
1790658865|20260929131425|890.10
1790658905|20260929131505|890.22
1790658910|20260929131510|890.11
1790658915|20260929131515|890.22
1790658920|20260929131520|889.92
1790658935|20260929131535|889.93
1790658940|20260929131540|889.97
1790658945|20260929131545|889.94
1790658950|20260929131550|889.83
1790658970|20260929131610|889.92
1790658985|20260929131625|889.93
1790659000|20260929131640|889.90
1790659005|20260929131645|890.16
1790659025|20260929131705|889.94
1790659030|20260929131710|889.95
1790659045|20260929131725|889.92
1790659055|20260929131735|889.93
1790659060|20260929131740|889.83
1790659065|20260929131745|890.09
1790659070|20260929131750|890.09
1790659075|20260929131755|890.25
1790659085|20260929131805|890.44
1790659090|20260929131810|890.38
1790659095|20260929131815|890.61
1790659105|20260929131825|890.58
1790659115|20260929131835|890.65
1790659125|20260929131845|890.60
1790659145|20260929131905|890.62
1790659150|20260929131910|890.64
1790659160|20260929131920|890.68
1790659165|20260929131925|890.69
1790659200|20260929132000|890.46
1790659205|20260929132005|890.49
1790659210|20260929132010|890.42
1790659215|20260929132015|890.43
1790659220|20260929132020|890.39
1790659240|20260929132040|890.49
1790659255|20260929132055|890.47
1790659265|20260929132105|890.68
1790659270|20260929132110|890.76
1790659280|20260929132120|890.65
1790659285|20260929132125|890.53
1790659300|20260929132140|890.45
1790659305|20260929132145|890.46
1790659310|20260929132150|890.29
1790659315|20260929132155|890.28
1790659325|20260929132205|890.48
1790659335|20260929132215|890.48
1790659340|20260929132220|890.78
1790659355|20260929132235|890.77
1790659385|20260929132305|891.04
1790659390|20260929132310|890.77
1790659405|20260929132325|890.84
1790659415|20260929132335|890.79
1790659420|20260929132340|890.78
1790659425|20260929132345|890.92
1790659430|20260929132350|890.94
1790659445|20260929132405|890.92
1790659450|20260929132410|890.93
1790659455|20260929132415|891.00
1790659460|20260929132420|890.82
1790659510|20260929132510|890.89
1790659515|20260929132515|890.77
1790659520|20260929132520|890.71
1790659535|20260929132535|890.74
1790659540|20260929132540|890.83
1790659545|20260929132545|890.83
1790659550|20260929132550|890.82
1790659555|20260929132555|890.83
1790659565|20260929132605|890.68
1790659570|20260929132610|890.77
1790659585|20260929132625|890.75
1790659595|20260929132635|890.88
1790659600|20260929132640|890.80
1790659605|20260929132645|890.80
1790659610|20260929132650|890.82
1790659615|20260929132655|890.76
1790659625|20260929132705|890.66
1790659635|20260929132715|890.71
1790659640|20260929132720|890.96
1790659645|20260929132725|890.89
1790659665|20260929132745|890.56
1790659670|20260929132750|890.42
1790659675|20260929132755|890.39
1790659685|20260929132805|890.41
1790659690|20260929132810|890.39
1790659700|20260929132820|890.21
1790659705|20260929132825|890.08
1790659725|20260929132845|890.51
1790659735|20260929132855|890.76
1790659745|20260929132905|890.61
1790659755|20260929132915|890.49
1790659760|20260929132920|890.50
1790659800|20260929133000|890.42
1790659805|20260929133005|890.20
1790659810|20260929133010|890.27
1790659815|20260929133015|890.04
1790659825|20260929133025|889.79
1790659845|20260929133045|889.54
1790659850|20260929133050|889.70
1790659870|20260929133110|889.94
1790659875|20260929133115|890.22
1790659905|20260929133145|889.74
1790659910|20260929133150|889.70
1790659915|20260929133155|889.91
1790659925|20260929133205|889.79
1790659930|20260929133210|889.53
1790659940|20260929133220|889.51
1790659945|20260929133225|889.31
1790659955|20260929133235|889.56
1790659965|20260929133245|889.51
1790659970|20260929133250|889.35
1790659985|20260929133305|889.23
1790659990|20260929133310|889.11
1790659995|20260929133315|889.18
1790660005|20260929133325|888.96
1790660015|20260929133335|889.02
1790660020|20260929133340|888.98
1790660025|20260929133345|889.02
1790660030|20260929133350|888.87
1790660035|20260929133355|888.89
1790660045|20260929133405|888.75
1790660050|20260929133410|888.87
1790660055|20260929133415|888.77
1790660060|20260929133420|888.83
1790660105|20260929133505|889.21
1790660110|20260929133510|889.27
1790660115|20260929133515|889.17
1790660120|20260929133520|889.07
1790660125|20260929133525|889.24
1790660135|20260929133535|889.34
1790660140|20260929133540|889.38
1790660145|20260929133545|889.39
1790660165|20260929133605|889.44
1790660175|20260929133615|889.31
1790660180|20260929133620|889.44
1790660185|20260929133625|889.38
1790660195|20260929133635|889.30
1790660200|20260929133640|889.35
1790660205|20260929133645|889.39
1790660210|20260929133650|889.26
1790660215|20260929133655|889.47
1790660225|20260929133705|889.61
1790660230|20260929133710|889.47
1790660235|20260929133715|889.49
1790660240|20260929133720|889.50
1790660260|20260929133740|889.50
1790660265|20260929133745|889.48
1790660270|20260929133750|889.54
1790660275|20260929133755|889.61
1790660285|20260929133805|889.53
1790660290|20260929133810|889.64
1790660295|20260929133815|889.51
1790660300|20260929133820|889.53
1790660305|20260929133825|889.75
1790660325|20260929133845|889.92
1790660330|20260929133850|890.20
1790660335|20260929133855|890.31
1790660350|20260929133910|890.63
1790660360|20260929133920|890.88
1790660365|20260929133925|890.93
1790660405|20260929134005|891.72
1790660415|20260929134015|891.72
1790660420|20260929134020|891.67
1790660425|20260929134025|891.66
1790660435|20260929134035|891.84
1790660445|20260929134045|891.41
1790660465|20260929134105|891.71
1790660470|20260929134110|891.68
1790660475|20260929134115|891.39
1790660485|20260929134125|891.41
1790660505|20260929134145|891.48
1790660525|20260929134205|891.44
1790660535|20260929134215|891.51
1790660540|20260929134220|891.31
1790660545|20260929134225|891.31
1790660565|20260929134245|891.24
1790660570|20260929134250|891.20
1790660575|20260929134255|891.11
1790660590|20260929134310|891.45
1790660595|20260929134315|891.45
1790660600|20260929134320|891.22
1790660605|20260929134325|891.29
1790660625|20260929134345|891.57
1790660630|20260929134350|891.77
1790660635|20260929134355|891.96
1790660650|20260929134410|892.41
1790660655|20260929134415|892.61
1790660665|20260929134425|892.82
1790660700|20260929134500|892.36
1790660705|20260929134505|892.50
1790660710|20260929134510|892.43
1790660720|20260929134520|892.36
1790660725|20260929134525|891.86
1790660745|20260929134545|891.62
1790660755|20260929134555|891.57
1790660765|20260929134605|891.62
1790660770|20260929134610|891.67
1790660785|20260929134625|891.51
1790660795|20260929134635|891.59
1790660800|20260929134640|891.69
1790660805|20260929134645|891.68
1790660810|20260929134650|891.69
1790660815|20260929134655|891.73
1790660830|20260929134710|891.88
1790660835|20260929134715|891.65
1790660865|20260929134745|891.65
1790660875|20260929134755|891.85
1790660885|20260929134805|891.84
1790660890|20260929134810|891.83
1790660895|20260929134815|891.96
1790660900|20260929134820|892.04
1790660915|20260929134835|892.00
1790660920|20260929134840|892.01
1790660930|20260929134850|892.20
1790660935|20260929134855|892.06
1790660945|20260929134905|891.95
1790660955|20260929134915|892.07
1790660965|20260929134925|891.77
1790661000|20260929135000|892.00
1790661005|20260929135005|891.95
1790661010|20260929135010|891.90
1790661020|20260929135020|892.07
1790661025|20260929135025|891.98
1790661035|20260929135035|892.06
1790661040|20260929135040|892.10
1790661045|20260929135045|892.26
1790661055|20260929135055|892.21
1790661065|20260929135105|892.54
1790661070|20260929135110|892.40
1790661080|20260929135120|892.38
1790661105|20260929135145|891.97
1790661110|20260929135150|892.07
1790661115|20260929135155|892.37
1790661125|20260929135205|892.30
1790661130|20260929135210|892.11
1790661135|20260929135215|892.12
1790661140|20260929135220|892.20
1790661145|20260929135225|892.22
1790661155|20260929135235|892.20
1790661160|20260929135240|892.48
1790661175|20260929135255|892.63
1790661185|20260929135305|892.59
1790661190|20260929135310|892.48
1790661200|20260929135320|892.47
1790661215|20260929135335|892.89
1790661220|20260929135340|893.06
1790661230|20260929135350|893.39
1790661235|20260929135355|893.35
1790661245|20260929135405|893.38
1790661250|20260929135410|893.29
1790661260|20260929135420|893.39
1790661265|20260929135425|893.35
1790661300|20260929135500|893.21
1790661305|20260929135505|893.18
1790661310|20260929135510|893.25
1790661315|20260929135515|893.37
1790661320|20260929135520|893.34
1790661325|20260929135525|893.33
1790661335|20260929135535|893.31
1790661340|20260929135540|893.39
1790661345|20260929135545|893.22
1790661370|20260929135610|893.32
1790661375|20260929135615|893.37
1790661380|20260929135620|893.52
1790661385|20260929135625|893.14
1790661395|20260929135635|893.28
1790661400|20260929135640|893.14
1790661425|20260929135705|892.75
1790661435|20260929135715|892.81
1790661445|20260929135725|892.80
1790661470|20260929135750|892.54
1790661475|20260929135755|892.59
1790661485|20260929135805|892.25
1790661490|20260929135810|892.23
1790661500|20260929135820|892.09
1790661505|20260929135825|892.09
1790661515|20260929135835|892.04
1790661525|20260929135845|892.09
1790661530|20260929135850|892.21
1790661535|20260929135855|892.22
1790661545|20260929135905|892.29
1790661550|20260929135910|892.11
1790661555|20260929135915|892.09
1790661560|20260929135920|892.13
1790661600|20260929140000|892.47
1790661605|20260929140005|892.77
1790661610|20260929140010|892.99
1790661615|20260929140015|893.29
1790661620|20260929140020|893.30
1790661625|20260929140025|893.24
1790661640|20260929140040|892.70
1790661645|20260929140045|892.54
1790661650|20260929140050|892.58
1790661665|20260929140105|892.81
1790661670|20260929140110|892.89
1790661675|20260929140115|892.82
1790661685|20260929140125|892.72
1790661700|20260929140140|892.67
1790661705|20260929140145|892.73
1790661715|20260929140155|892.66
1790661730|20260929140210|892.67
1790661740|20260929140220|892.72
1790661755|20260929140235|892.73
1790661760|20260929140240|892.64
1790661765|20260929140245|892.65
1790661775|20260929140255|892.62
1790661785|20260929140305|892.81
1790661790|20260929140310|892.84
1790661795|20260929140315|892.76
1790661805|20260929140325|892.76
1790661820|20260929140340|892.70
1790661825|20260929140345|892.88
1790661845|20260929140405|893.27
1790661860|20260929140420|893.15
1790661865|20260929140425|893.18
1790661905|20260929140505|893.20
1790661910|20260929140510|893.31
1790661915|20260929140515|893.28
1790661920|20260929140520|893.38
1790661925|20260929140525|893.35
1790661935|20260929140535|893.39
1790661940|20260929140540|893.40
1790661945|20260929140545|893.10
1790661950|20260929140550|893.05
1790661970|20260929140610|893.20
1790661980|20260929140620|893.17
1790661985|20260929140625|893.18
1790662000|20260929140640|893.19
1790662005|20260929140645|893.11
1790662030|20260929140710|893.09
1790662040|20260929140720|892.93
1790662055|20260929140735|892.95
1790662060|20260929140740|892.95
1790662065|20260929140745|892.90
1790662090|20260929140810|893.05
1790662105|20260929140825|893.33
1790662115|20260929140835|893.19
1790662135|20260929140855|893.70
1790662145|20260929140905|893.61
1790662150|20260929140910|893.58
1790662155|20260929140915|893.57
1790662160|20260929140920|893.48
1790662200|20260929141000|893.43
1790662205|20260929141005|893.48
1790662210|20260929141010|893.39
1790662215|20260929141015|893.41
1790662235|20260929141035|893.52
1790662240|20260929141040|893.62
1790662245|20260929141045|893.56
1790662255|20260929141055|893.65
1790662265|20260929141105|893.66
1790662270|20260929141110|893.71
1790662275|20260929141115|893.64
1790662280|20260929141120|893.68
1790662285|20260929141125|893.76
1790662300|20260929141140|893.70
1790662310|20260929141150|893.72
1790662315|20260929141155|893.75
1790662330|20260929141210|893.76
1790662335|20260929141215|893.74
1790662345|20260929141225|893.70
1790662360|20260929141240|893.63
1790662365|20260929141245|893.61
1790662370|20260929141250|893.63
1790662375|20260929141255|893.69
1790662385|20260929141305|893.78
1790662395|20260929141315|893.84
1790662400|20260929141320|893.80
1790662405|20260929141325|893.82
1790662420|20260929141340|894.00
1790662425|20260929141345|894.07
1790662445|20260929141405|894.22
1790662450|20260929141410|894.29
1790662455|20260929141415|894.29
1790662460|20260929141420|894.25
1790662465|20260929141425|894.23
1790662490|20260929141450|894.20
1790662510|20260929141510|894.08
1790662515|20260929141515|894.19
1790662520|20260929141520|894.16
1790662525|20260929141525|894.17
1790662535|20260929141535|894.13
1790662540|20260929141540|894.06
1790662545|20260929141545|894.07
1790662550|20260929141550|893.78
1790662565|20260929141605|893.67
1790662570|20260929141610|893.71
1790662575|20260929141615|893.61
1790662580|20260929141620|893.70
1790662595|20260929141635|893.47
1790662600|20260929141640|893.48
1790662605|20260929141645|893.52
1790662615|20260929141655|893.67
1790662630|20260929141710|893.45
1790662635|20260929141715|893.45
1790662640|20260929141720|893.45
1790662655|20260929141735|893.06
1790662665|20260929141745|893.00
1790662685|20260929141805|892.95
1790662690|20260929141810|892.81
1790662695|20260929141815|892.83
1790662705|20260929141825|893.00
1790662720|20260929141840|892.75
1790662725|20260929141845|892.73
1790662730|20260929141850|892.71
1790662745|20260929141905|893.01
1790662750|20260929141910|893.07
1790662760|20260929141920|893.36
1790662765|20260929141925|893.28
1790662805|20260929142005|893.02
1790662810|20260929142010|892.97
1790662815|20260929142015|892.98
1790662820|20260929142020|893.00
1790662825|20260929142025|893.02
1790662835|20260929142035|893.03
1790662840|20260929142040|893.07
1790662845|20260929142045|893.08
1790662850|20260929142050|893.07
1790662855|20260929142055|893.08
1790662865|20260929142105|893.14
1790662870|20260929142110|893.21
1790662880|20260929142120|893.22
1790662885|20260929142125|893.31
1790662895|20260929142135|893.24
1790662900|20260929142140|893.28
1790662905|20260929142145|893.19
1790662915|20260929142155|893.34
1790662925|20260929142205|893.45
1790662935|20260929142215|893.37
1790662940|20260929142220|893.35
1790662955|20260929142235|893.78
1790662965|20260929142245|893.54
1790662975|20260929142255|893.61
1790662985|20260929142305|893.59
1790662995|20260929142315|893.55
1790663000|20260929142320|893.52
1790663005|20260929142325|893.46
1790663015|20260929142335|893.48
1790663020|20260929142340|893.36
1790663025|20260929142345|893.43
1790663045|20260929142405|893.37
1790663050|20260929142410|893.46
1790663055|20260929142415|893.25
1790663060|20260929142420|893.20
1790663065|20260929142425|893.22
1790663105|20260929142505|893.32
1790663110|20260929142510|893.35
1790663115|20260929142515|893.36
1790663120|20260929142520|893.39
1790663145|20260929142545|893.21
1790663150|20260929142550|893.14
1790663170|20260929142610|892.99
1790663180|20260929142620|893.01
1790663185|20260929142625|893.05
1790663195|20260929142635|893.07
1790663200|20260929142640|893.07
1790663205|20260929142645|893.07
1790663210|20260929142650|893.14
1790663215|20260929142655|893.11
1790663225|20260929142705|893.05
1790663235|20260929142715|893.08
1790663240|20260929142720|893.22
1790663245|20260929142725|893.28
1790663265|20260929142745|893.08
1790663270|20260929142750|893.07
1790663285|20260929142805|893.12
1790663290|20260929142810|893.22
1790663300|20260929142820|893.25
1790663305|20260929142825|893.42
1790663325|20260929142845|893.23
1790663350|20260929142910|893.15
1790663365|20260929142925|893.30
1790663400|20260929143000|893.17
1790663405|20260929143005|893.19
1790663410|20260929143010|893.15
1790663415|20260929143015|893.21
1790663420|20260929143020|893.16
1790663425|20260929143025|893.14
1790663440|20260929143040|893.13
1790663445|20260929143045|893.12
1790663450|20260929143050|893.16
1790663455|20260929143055|893.13
1790663470|20260929143110|893.17
1790663475|20260929143115|893.28
1790663500|20260929143140|893.26
1790663505|20260929143145|893.26
1790663515|20260929143155|893.36
1790663525|20260929143205|893.29
1790663530|20260929143210|893.30
1790663535|20260929143215|893.30
1790663540|20260929143220|893.05
1790663545|20260929143225|893.10
1790663565|20260929143245|893.31
1790663575|20260929143255|893.48
1790663585|20260929143305|893.55
1790663590|20260929143310|893.45
1790663595|20260929143315|893.46
1790663600|20260929143320|893.42
1790663605|20260929143325|893.30
1790663620|20260929143340|893.27
1790663625|20260929143345|893.31
1790663635|20260929143355|893.36
1790663650|20260929143410|893.34
1790663655|20260929143415|893.30
1790663660|20260929143420|893.33
1790663665|20260929143425|893.26
1790663705|20260929143505|893.28
1790663710|20260929143510|893.25
1790663720|20260929143520|893.24
1790663725|20260929143525|893.24
1790663735|20260929143535|893.10
1790663740|20260929143540|893.10
1790663745|20260929143545|893.17
1790663755|20260929143555|893.01
1790663775|20260929143615|893.06
1790663780|20260929143620|893.05
1790663785|20260929143625|893.04
1790663795|20260929143635|893.01
1790663805|20260929143645|893.05
1790663810|20260929143650|893.06
1790663825|20260929143705|893.15
1790663830|20260929143710|893.18
1790663835|20260929143715|893.20
1790663845|20260929143725|893.05
1790663865|20260929143745|892.95
1790663870|20260929143750|893.03
1790663875|20260929143755|893.07
1790663885|20260929143805|893.10
1790663890|20260929143810|893.05
1790663895|20260929143815|893.01
1790663900|20260929143820|893.11
1790663905|20260929143825|893.10
1790663915|20260929143835|893.10
1790663920|20260929143840|893.19
1790663925|20260929143845|893.28
1790663930|20260929143850|893.21
1790663935|20260929143855|893.19
1790663950|20260929143910|893.18
1790663955|20260929143915|893.25
1790663960|20260929143920|893.25
1790663965|20260929143925|893.27
1790664010|20260929144010|893.13
1790664015|20260929144015|893.14
1790664055|20260929144055|893.19
1790664065|20260929144105|893.06
1790664070|20260929144110|893.15
1790664075|20260929144115|893.15
1790664080|20260929144120|893.14
1790664085|20260929144125|893.13
1790664100|20260929144140|893.20
1790664105|20260929144145|893.27
1790664110|20260929144150|893.35
1790664130|20260929144210|893.50
1790664135|20260929144215|893.55
1790664145|20260929144225|893.58
1790664165|20260929144245|893.43
1790664170|20260929144250|893.44
1790664175|20260929144255|893.43
1790664185|20260929144305|893.44
1790664190|20260929144310|893.37
1790664195|20260929144315|893.37
1790664200|20260929144320|893.42
1790664205|20260929144325|893.54
1790664220|20260929144340|893.32
1790664225|20260929144345|893.29
1790664230|20260929144350|893.33
1790664235|20260929144355|893.32
1790664245|20260929144405|893.35
1790664250|20260929144410|893.12
1790664255|20260929144415|893.01
1790664300|20260929144500|893.18
1790664305|20260929144505|893.19
1790664310|20260929144510|893.15
1790664325|20260929144525|893.08
1790664340|20260929144540|893.08
1790664345|20260929144545|893.07
1790664355|20260929144555|893.08
1790664365|20260929144605|893.08
1790664375|20260929144615|893.11
1790664380|20260929144620|893.17
1790664385|20260929144625|893.17
1790664395|20260929144635|893.15
1790664400|20260929144640|893.11
1790664405|20260929144645|893.04
1790664415|20260929144655|893.06
1790664425|20260929144705|892.94
1790664430|20260929144710|892.92
1790664440|20260929144720|892.92
1790664445|20260929144725|892.85
1790664470|20260929144750|893.04
1790664475|20260929144755|893.00
1790664485|20260929144805|892.93
1790664490|20260929144810|892.93
1790664495|20260929144815|892.92
1790664500|20260929144820|892.94
1790664505|20260929144825|892.95
1790664515|20260929144835|892.98
1790664520|20260929144840|892.95
1790664525|20260929144845|892.98
1790664530|20260929144850|892.81
1790664535|20260929144855|892.92
1790664545|20260929144905|892.91
1790664550|20260929144910|892.98
1790664560|20260929144920|892.95
1790664565|20260929144925|892.97
1790664605|20260929145005|892.95
1790664610|20260929145010|892.83
1790664620|20260929145020|892.83
1790664625|20260929145025|892.89
1790664635|20260929145035|892.82
1790664640|20260929145040|892.81
1790664645|20260929145045|892.70
1790664655|20260929145055|892.65
1790664670|20260929145110|892.56
1790664675|20260929145115|892.56
1790664680|20260929145120|892.48
1790664685|20260929145125|892.50
1790664695|20260929145135|892.51
1790664705|20260929145145|892.48
1790664710|20260929145150|892.48
1790664715|20260929145155|892.44
1790664725|20260929145205|892.53
1790664735|20260929145215|892.54
1790664740|20260929145220|892.54
1790664745|20260929145225|892.52
1790664755|20260929145235|892.61
1790664760|20260929145240|892.65
1790664765|20260929145245|892.77
1790664770|20260929145250|892.80
1790664775|20260929145255|892.72
1790664785|20260929145305|892.70
1790664790|20260929145310|892.74
1790664795|20260929145315|892.78
1790664800|20260929145320|892.80
1790664805|20260929145325|892.79
1790664820|20260929145340|892.67
1790664825|20260929145345|892.69
1790664830|20260929145350|892.66
1790664845|20260929145405|892.69
1790664850|20260929145410|892.72
1790664855|20260929145415|892.72
1790664860|20260929145420|892.77
1790664880|20260929145440|892.94
1790664915|20260929145515|892.69
1790664920|20260929145520|892.80
1790664925|20260929145525|892.78
1790664940|20260929145540|892.71
1790664945|20260929145545|892.69
1790664955|20260929145555|892.63
1790664965|20260929145605|892.63
1790664970|20260929145610|892.63
1790664980|20260929145620|892.66
1790664985|20260929145625|892.67
1790664995|20260929145635|892.66
1790665010|20260929145650|892.62
1790665015|20260929145655|892.59
1790665025|20260929145705|892.64
1790665030|20260929145710|892.68
1790665035|20260929145715|892.66
1790665040|20260929145720|892.60
1790665045|20260929145725|892.67
1790665060|20260929145740|892.51
1790665065|20260929145745|892.50
1790665085|20260929145805|892.57
1790665090|20260929145810|892.45
1790665100|20260929145820|892.41
1790665105|20260929145825|892.39
1790665120|20260929145840|892.25
1790665125|20260929145845|892.27
1790665145|20260929145905|892.31
1790665160|20260929145920|892.29
1790665165|20260929145925|892.51
1790665200|20260929150000|892.53
1790665205|20260929150005|892.32
1790665220|20260929150020|892.55
1790665235|20260929150035|892.34
1790665240|20260929150040|892.33
1790665265|20260929150105|891.97
1790665270|20260929150110|892.00
1790665275|20260929150115|892.01
1790665285|20260929150125|891.87
1790665295|20260929150135|891.68
1790665300|20260929150140|891.71
1790665305|20260929150145|891.81
1790665310|20260929150150|891.62
1790665315|20260929150155|891.64
1790665330|20260929150210|891.58
1790665335|20260929150215|891.66
1790665345|20260929150225|891.58
1790665355|20260929150235|891.67
1790665360|20260929150240|891.60
1790665365|20260929150245|891.60
1790665370|20260929150250|891.78
1790665385|20260929150305|891.95
1790665390|20260929150310|891.89
1790665395|20260929150315|891.95
1790665400|20260929150320|892.01
1790665405|20260929150325|892.11
1790665415|20260929150335|892.23
1790665420|20260929150340|892.33
1790665430|20260929150350|892.17
1790665435|20260929150355|892.14
1790665445|20260929150405|892.16
1790665455|20260929150415|892.30
1790665505|20260929150505|892.62
1790665515|20260929150515|892.61
1790665520|20260929150520|892.61
1790665525|20260929150525|892.64
1790665540|20260929150540|892.70
1790665545|20260929150545|892.86
1790665565|20260929150605|893.05
1790665570|20260929150610|893.02
1790665595|20260929150635|893.05
1790665600|20260929150640|893.11
1790665605|20260929150645|893.09
1790665615|20260929150655|893.11
1790665625|20260929150705|893.06
1790665630|20260929150710|893.29
1790665635|20260929150715|893.31
1790665640|20260929150720|893.20
1790665645|20260929150725|893.18
1790665655|20260929150735|893.19
1790665660|20260929150740|893.17
1790665665|20260929150745|893.24
1790665670|20260929150750|893.31
1790665675|20260929150755|893.34
1790665685|20260929150805|893.25
1790665690|20260929150810|893.23
1790665695|20260929150815|893.18
1790665715|20260929150835|893.45
1790665725|20260929150845|893.29
1790665730|20260929150850|893.29
1790665735|20260929150855|893.22
1790665755|20260929150915|893.10
1790665760|20260929150920|893.08
1790665765|20260929150925|893.09
1790665805|20260929151005|893.29
1790665810|20260929151010|893.08
1790665815|20260929151015|892.99
1790665820|20260929151020|892.89
1790665825|20260929151025|892.95
1790665835|20260929151035|892.89
1790665840|20260929151040|892.74
1790665845|20260929151045|892.86
1790665850|20260929151050|892.90
1790665865|20260929151105|892.98
1790665870|20260929151110|892.86
1790665875|20260929151115|892.81
1790665880|20260929151120|892.80
1790665885|20260929151125|892.76
1790665895|20260929151135|892.77
1790665900|20260929151140|892.98
1790665910|20260929151150|893.28
1790665915|20260929151155|893.23
1790665925|20260929151205|893.15
1790665930|20260929151210|893.15
1790665935|20260929151215|892.99
1790665940|20260929151220|893.00
1790665955|20260929151235|893.03
1790665960|20260929151240|892.98
1790665975|20260929151255|893.14
1790665990|20260929151310|893.10
1790665995|20260929151315|893.11
1790666000|20260929151320|893.10
1790666015|20260929151335|893.18
1790666030|20260929151350|893.08
1790666045|20260929151405|893.05
1790666055|20260929151415|893.04
1790666060|20260929151420|893.08
1790666065|20260929151425|893.01
1790666110|20260929151510|893.22
1790666120|20260929151520|893.17
1790666145|20260929151545|893.49
1790666155|20260929151555|893.28
1790666165|20260929151605|893.22
1790666170|20260929151610|893.22
1790666175|20260929151615|893.17
1790666180|20260929151620|893.15
1790666185|20260929151625|893.14
1790666195|20260929151635|893.08
1790666210|20260929151650|893.01
1790666215|20260929151655|893.07
1790666220|20260929151700|892.97
1790666225|20260929151705|892.90
1790666235|20260929151715|892.97
1790666240|20260929151720|893.02
1790666245|20260929151725|892.90
1790666255|20260929151735|892.93
1790666260|20260929151740|892.92
1790666265|20260929151745|892.97
1790666290|20260929151810|893.06
1790666295|20260929151815|893.00
1790666300|20260929151820|892.93
1790666305|20260929151825|892.89
1790666315|20260929151835|892.92
1790666330|20260929151850|892.91
1790666355|20260929151915|893.09
1790666360|20260929151920|893.11
1790666365|20260929151925|893.11
1790666400|20260929152000|893.40
1790666405|20260929152005|893.45
1790666410|20260929152010|893.45
1790666435|20260929152035|893.48
1790666445|20260929152045|893.48
1790666450|20260929152050|893.52
1790666465|20260929152105|893.47
1790666470|20260929152110|893.54
1790666475|20260929152115|893.59
1790666485|20260929152125|893.63
1790666495|20260929152135|893.56
1790666505|20260929152145|893.45
1790666510|20260929152150|893.50
1790666515|20260929152155|893.50
1790666525|20260929152205|893.46
1790666535|20260929152215|893.24
1790666540|20260929152220|893.47
1790666560|20260929152240|893.61
1790666565|20260929152245|893.56
1790666590|20260929152310|893.45
1790666600|20260929152320|893.62
1790666605|20260929152325|893.64
1790666615|20260929152335|893.63
1790666620|20260929152340|893.51
1790666625|20260929152345|893.57
1790666635|20260929152355|893.60
1790666645|20260929152405|893.69
1790666655|20260929152415|893.73
1790666665|20260929152425|893.82
1790666700|20260929152500|893.71
1790666705|20260929152505|893.83
1790666710|20260929152510|893.83
1790666715|20260929152515|893.94
1790666720|20260929152520|893.97
1790666725|20260929152525|894.07
1790666735|20260929152535|894.01
1790666765|20260929152605|894.04
1790666770|20260929152610|893.98
1790666775|20260929152615|894.03
1790666780|20260929152620|894.05
1790666785|20260929152625|894.09
1790666795|20260929152635|894.00
1790666805|20260929152645|893.90
1790666815|20260929152655|893.95
1790666825|20260929152705|893.94
1790666830|20260929152710|893.94
1790666835|20260929152715|893.93
1790666840|20260929152720|893.87
1790666845|20260929152725|893.88
1790666855|20260929152735|893.85
1790666865|20260929152745|894.01
1790666885|20260929152805|893.94
1790666890|20260929152810|893.93
1790666905|20260929152825|893.95
1790666920|20260929152840|893.83
1790666925|20260929152845|893.85
1790666930|20260929152850|893.87
1790666935|20260929152855|893.95
1790666945|20260929152905|893.93
1790666955|20260929152915|893.68
1790666960|20260929152920|893.77
1790667000|20260929153000|893.70
1790667005|20260929153005|893.72
1790667010|20260929153010|893.64
1790667015|20260929153015|893.45
1790667025|20260929153025|893.38
1790667040|20260929153040|893.29
1790667045|20260929153045|893.29
1790667055|20260929153055|893.16
1790667065|20260929153105|893.29
1790667070|20260929153110|893.27
1790667075|20260929153115|893.25
1790667080|20260929153120|893.21
1790667085|20260929153125|892.87
1790667095|20260929153135|892.65
1790667105|20260929153145|892.59
1790667125|20260929153205|892.64
1790667130|20260929153210|892.64
1790667135|20260929153215|892.65
1790667140|20260929153220|892.73
1790667160|20260929153240|892.81
1790667165|20260929153245|892.80
1790667170|20260929153250|892.80
1790667185|20260929153305|893.18
1790667195|20260929153315|893.02
1790667200|20260929153320|893.06
1790667205|20260929153325|892.97
1790667220|20260929153340|893.07
1790667225|20260929153345|893.13
1790667245|20260929153405|893.32
1790667250|20260929153410|893.32
1790667255|20260929153415|893.20
1790667260|20260929153420|893.11
1790667265|20260929153425|893.15
1790667305|20260929153505|893.09
1790667310|20260929153510|893.04
1790667345|20260929153545|893.27
1790667365|20260929153605|893.33
1790667385|20260929153625|893.24
1790667405|20260929153645|893.21
1790667410|20260929153650|893.19
1790667415|20260929153655|893.33
1790667420|20260929153700|893.33
1790667425|20260929153705|893.20
1790667430|20260929153710|893.24
1790667435|20260929153715|893.37
1790667440|20260929153720|893.23
1790667445|20260929153725|893.39
1790667465|20260929153745|893.35
1790667470|20260929153750|893.41
1790667475|20260929153755|893.35
1790667485|20260929153805|893.20
1790667490|20260929153810|893.22
1790667495|20260929153815|893.24
1790667500|20260929153820|893.35
1790667505|20260929153825|893.36
1790667515|20260929153835|893.34
1790667520|20260929153840|893.30
1790667525|20260929153845|893.44
1790667530|20260929153850|893.52
1790667545|20260929153905|893.55
1790667550|20260929153910|893.57
1790667555|20260929153915|893.50
1790667560|20260929153920|893.48
1790667565|20260929153925|893.38
1790667600|20260929154000|893.47
1790667605|20260929154005|893.40
1790667610|20260929154010|892.96
1790667615|20260929154015|892.96
1790667635|20260929154035|892.93
1790667640|20260929154040|893.16
1790667645|20260929154045|893.27
1790667650|20260929154050|893.45
1790667655|20260929154055|893.47
1790667670|20260929154110|893.44
1790667675|20260929154115|893.41
1790667680|20260929154120|893.50
1790667685|20260929154125|893.52
1790667695|20260929154135|893.39
1790667700|20260929154140|893.36
1790667705|20260929154145|893.15
1790667715|20260929154155|893.21
1790667725|20260929154205|893.17
1790667730|20260929154210|893.23
1790667735|20260929154215|893.13
1790667745|20260929154225|893.19
1790667755|20260929154235|893.19
1790667760|20260929154240|893.21
1790667765|20260929154245|893.13
1790667770|20260929154250|893.05
1790667785|20260929154305|893.19
1790667790|20260929154310|893.16
1790667795|20260929154315|893.09
1790667800|20260929154320|893.21
1790667805|20260929154325|893.18
1790667815|20260929154335|893.11
1790667825|20260929154345|893.04
1790667830|20260929154350|893.01
1790667835|20260929154355|893.06
1790667845|20260929154405|893.03
1790667850|20260929154410|892.99
1790667855|20260929154415|892.77
1790667865|20260929154425|892.73
1790667910|20260929154510|892.90
1790667915|20260929154515|892.94
1790667920|20260929154520|892.96
1790667925|20260929154525|892.86
1790667945|20260929154545|892.77
1790667950|20260929154550|892.84
1790667965|20260929154605|892.76
1790667970|20260929154610|892.75
1790667975|20260929154615|892.77
1790667980|20260929154620|892.82
1790667985|20260929154625|892.79
1790667995|20260929154635|892.73
1790668005|20260929154645|892.79
1790668010|20260929154650|892.80
1790668015|20260929154655|892.84
1790668025|20260929154705|892.87
1790668030|20260929154710|892.93
1790668035|20260929154715|892.77
1790668040|20260929154720|892.81
1790668045|20260929154725|892.81
1790668060|20260929154740|892.81
1790668085|20260929154805|892.80
1790668090|20260929154810|892.77
1790668095|20260929154815|892.81
1790668100|20260929154820|892.89
1790668105|20260929154825|892.82
1790668115|20260929154835|892.88
1790668120|20260929154840|892.86
1790668125|20260929154845|892.92
1790668130|20260929154850|892.98
1790668135|20260929154855|892.97
1790668150|20260929154910|893.01
1790668165|20260929154925|892.89
1790668200|20260929155000|892.81
1790668205|20260929155005|892.76
1790668210|20260929155010|892.71
1790668215|20260929155015|892.69
1790668220|20260929155020|892.69
1790668225|20260929155025|892.66
1790668240|20260929155040|892.73
1790668245|20260929155045|892.79
1790668265|20260929155105|892.78
1790668270|20260929155110|892.82
1790668285|20260929155125|892.77
1790668295|20260929155135|892.85
1790668300|20260929155140|892.85
1790668305|20260929155145|892.85
1790668310|20260929155150|892.80
1790668315|20260929155155|892.79
1790668330|20260929155210|892.93
1790668335|20260929155215|892.93
1790668340|20260929155220|893.07
1790668345|20260929155225|893.05
1790668355|20260929155235|893.04
1790668360|20260929155240|893.00
1790668365|20260929155245|892.78
1790668375|20260929155255|892.71
1790668395|20260929155315|892.68
1790668400|20260929155320|892.62
1790668405|20260929155325|892.60
1790668415|20260929155335|892.56
1790668420|20260929155340|892.54
1790668425|20260929155345|892.56
1790668430|20260929155350|892.59
1790668445|20260929155405|892.69
1790668450|20260929155410|892.80
1790668455|20260929155415|892.79
1790668460|20260929155420|892.72
1790668505|20260929155505|892.52
1790668515|20260929155515|892.46
1790668535|20260929155535|892.46
1790668545|20260929155545|892.38
1790668565|20260929155605|892.40
1790668570|20260929155610|892.41
1790668580|20260929155620|892.41
1790668585|20260929155625|892.38
1790668595|20260929155635|892.46
1790668600|20260929155640|892.48
1790668615|20260929155655|892.49
1790668625|20260929155705|892.43
1790668630|20260929155710|892.45
1790668635|20260929155715|892.44
1790668640|20260929155720|892.43
1790668645|20260929155725|892.38
1790668655|20260929155735|892.36
1790668665|20260929155745|892.33
1790668670|20260929155750|892.33
1790668685|20260929155805|892.27
1790668690|20260929155810|892.29
1790668700|20260929155820|892.41
1790668705|20260929155825|892.39
1790668715|20260929155835|892.44
1790668720|20260929155840|892.42
1790668725|20260929155845|892.40
1790668730|20260929155850|892.43
1790668745|20260929155905|892.45
1790668750|20260929155910|892.34
1790668755|20260929155915|892.33
1790668765|20260929155925|892.54
1790668780|20260929155940|892.46
1790668800|20260929160000|892.46
1790668805|20260929160005|892.68
1790668815|20260929160015|892.64
1790668820|20260929160020|892.54
1790668835|20260929160035|892.60
1790668855|20260929160055|892.59
1790668865|20260929160105|892.59
1790668875|20260929160115|892.47
1790668895|20260929160135|892.59
1790668905|20260929160145|892.67
1790668910|20260929160150|892.75
1790668915|20260929160155|892.79
1790668925|20260929160205|892.80
1790668930|20260929160210|892.82
1790668935|20260929160215|892.83
1790668940|20260929160220|892.71
1790668970|20260929160250|892.89
1790668985|20260929160305|892.85
1790669000|20260929160320|892.83
1790669005|20260929160325|892.94
1790669015|20260929160335|893.02
1790669025|20260929160345|893.09
1790669030|20260929160350|893.06
1790669035|20260929160355|892.95
1790669045|20260929160405|892.87
1790669060|20260929160420|892.74
1790669065|20260929160425|892.75
1790669075|20260929160435|892.62
1790669090|20260929160450|892.49
1790669110|20260929160510|892.42
1790669125|20260929160525|892.15
1790669145|20260929160545|892.05
1790669155|20260929160555|892.19
1790669165|20260929160605|892.08
1790669170|20260929160610|892.25
1790669175|20260929160615|892.21
1790669180|20260929160620|892.24
1790669195|20260929160635|892.18
1790669200|20260929160640|892.08
1790669205|20260929160645|892.12
1790669210|20260929160650|892.20
1790669215|20260929160655|892.22
1790669225|20260929160705|892.12
1790669230|20260929160710|892.16
1790669235|20260929160715|892.28
1790669240|20260929160720|892.30
1790669245|20260929160725|892.24
1790669260|20260929160740|892.19
1790669265|20260929160745|892.17
1790669275|20260929160755|891.99
1790669285|20260929160805|891.92
1790669290|20260929160810|891.97
1790669295|20260929160815|891.96
1790669300|20260929160820|891.94
1790669305|20260929160825|891.96
1790669315|20260929160835|891.89
1790669320|20260929160840|891.89
1790669325|20260929160845|891.93
1790669330|20260929160850|892.00
1790669335|20260929160855|892.07
1790669345|20260929160905|892.01
1790669350|20260929160910|892.03
1790669355|20260929160915|892.03
1790669365|20260929160925|892.06
1790669400|20260929161000|892.16
1790669405|20260929161005|892.17
1790669415|20260929161015|892.23
1790669420|20260929161020|892.21
1790669440|20260929161040|892.26
1790669445|20260929161045|892.09
1790669450|20260929161050|892.09
1790669455|20260929161055|892.03
1790669465|20260929161105|891.98
1790669470|20260929161110|891.90
1790669475|20260929161115|891.95
1790669480|20260929161120|891.98
1790669500|20260929161140|891.92
1790669510|20260929161150|892.03
1790669525|20260929161205|892.22
1790669530|20260929161210|892.13
1790669545|20260929161225|892.13
1790669555|20260929161235|892.27
1790669560|20260929161240|892.27
1790669570|20260929161250|892.32
1790669590|20260929161310|892.29
1790669605|20260929161325|892.31
1790669615|20260929161335|892.32
1790669620|20260929161340|892.40
1790669635|20260929161355|892.46
1790669645|20260929161405|892.49
1790669660|20260929161420|892.56
1790669665|20260929161425|892.55
1790669725|20260929161525|892.68
1790669735|20260929161535|892.64
1790669740|20260929161540|892.68
1790669765|20260929161605|892.68
1790669775|20260929161615|892.65
1790669780|20260929161620|892.71
1790669805|20260929161645|892.80
1790669810|20260929161650|892.74
1790669815|20260929161655|892.82
1790669830|20260929161710|893.23
1790669835|20260929161715|893.18
1790669840|20260929161720|893.18
1790669845|20260929161725|893.18
1790669860|20260929161740|893.17
1790669865|20260929161745|893.15
1790669875|20260929161755|892.99
1790669885|20260929161805|893.01
1790669895|20260929161815|892.92
1790669900|20260929161820|892.92
1790669905|20260929161825|892.84
1790669915|20260929161835|892.89
1790669920|20260929161840|892.86
1790669925|20260929161845|892.85
1790669930|20260929161850|892.86
1790669935|20260929161855|892.81
1790669945|20260929161905|892.82
1790669950|20260929161910|892.84
1790669960|20260929161920|892.80
1790669965|20260929161925|892.85
1790670000|20260929162000|893.16
1790670025|20260929162025|893.09
1790670035|20260929162035|893.15
1790670040|20260929162040|893.14
1790670045|20260929162045|893.19
1790670050|20260929162050|893.17
1790670055|20260929162055|893.17
1790670065|20260929162105|893.27
1790670075|20260929162115|893.36
1790670080|20260929162120|893.54
1790670085|20260929162125|893.47
1790670095|20260929162135|893.66
1790670105|20260929162145|893.61
1790670110|20260929162150|893.38
1790670125|20260929162205|893.50
1790670140|20260929162220|893.37
1790670145|20260929162225|893.37
1790670155|20260929162235|893.18
1790670160|20260929162240|893.16
1790670165|20260929162245|893.11
1790670170|20260929162250|893.16
1790670175|20260929162255|893.13
1790670185|20260929162305|893.07
1790670190|20260929162310|893.13
1790670195|20260929162315|893.14
1790670205|20260929162325|893.08
1790670215|20260929162335|893.14
1790670220|20260929162340|893.12
1790670225|20260929162345|893.00
1790670230|20260929162350|893.03
1790670245|20260929162405|893.02
1790670250|20260929162410|892.89
1790670255|20260929162415|892.83
1790670260|20260929162420|892.64
1790670305|20260929162505|892.63
1790670310|20260929162510|892.57
1790670315|20260929162515|892.60
1790670320|20260929162520|892.59
1790670340|20260929162540|892.68
1790670345|20260929162545|892.65
1790670350|20260929162550|892.52
1790670365|20260929162605|892.52
1790670375|20260929162615|892.38
1790670380|20260929162620|892.38
1790670395|20260929162635|892.28
1790670400|20260929162640|892.54
1790670410|20260929162650|892.47
1790670415|20260929162655|892.48
1790670425|20260929162705|892.48
1790670430|20260929162710|892.50
1790670435|20260929162715|892.49
1790670440|20260929162720|892.47
1790670445|20260929162725|892.49
1790670455|20260929162735|892.56
1790670460|20260929162740|892.59
1790670475|20260929162755|892.60
1790670485|20260929162805|892.60
1790670490|20260929162810|892.58
1790670500|20260929162820|892.47
1790670520|20260929162840|892.41
1790670525|20260929162845|892.36
1790670545|20260929162905|892.36
1790670550|20260929162910|892.38
1790670560|20260929162920|892.69
1790670575|20260929162935|892.84
1790670600|20260929163000|892.62
1790670605|20260929163005|892.70
1790670610|20260929163010|892.76
1790670620|20260929163020|892.71
1790670625|20260929163025|892.64
1790670645|20260929163045|892.44
1790670665|20260929163105|892.43
1790670670|20260929163110|892.51
1790670675|20260929163115|892.54
1790670680|20260929163120|892.56
1790670685|20260929163125|892.60
1790670705|20260929163145|892.57
1790670715|20260929163155|892.52
1790670725|20260929163205|892.50
1790670735|20260929163215|892.43
1790670740|20260929163220|892.45
1790670745|20260929163225|892.43
1790670765|20260929163245|892.54
1790670775|20260929163255|892.60
1790670795|20260929163315|892.54
1790670805|20260929163325|892.37
1790670820|20260929163340|892.17
1790670825|20260929163345|892.23
1790670830|20260929163350|892.28
1790670835|20260929163355|892.31
1790670845|20260929163405|892.20
1790670850|20260929163410|892.19
1790670855|20260929163415|892.17
1790670860|20260929163420|892.07
1790670865|20260929163425|892.04
1790670915|20260929163515|891.96
1790670935|20260929163535|892.01
1790670940|20260929163540|892.04
1790670945|20260929163545|892.07
1790670955|20260929163555|892.11
1790670965|20260929163605|892.11
1790670970|20260929163610|892.08
1790670980|20260929163620|892.04
1790670985|20260929163625|892.01
1790670995|20260929163635|892.06
1790671005|20260929163645|892.18
1790671015|20260929163655|892.17
1790671025|20260929163705|892.13
1790671030|20260929163710|892.06
1790671040|20260929163720|892.01
1790671045|20260929163725|891.98
1790671055|20260929163735|892.00
1790671060|20260929163740|892.02
1790671065|20260929163745|892.02
1790671070|20260929163750|892.03
1790671085|20260929163805|892.16
1790671095|20260929163815|892.18
1790671115|20260929163835|892.11
1790671125|20260929163845|892.20
1790671130|20260929163850|892.16
1790671135|20260929163855|892.23
1790671145|20260929163905|892.22
1790671150|20260929163910|892.29
1790671155|20260929163915|892.36
1790671160|20260929163920|892.38
1790671165|20260929163925|892.29
1790671200|20260929164000|892.53
1790671205|20260929164005|892.32
1790671210|20260929164010|892.41
1790671215|20260929164015|892.39
1790671220|20260929164020|892.38
1790671240|20260929164040|892.23
1790671250|20260929164050|892.17
1790671255|20260929164055|892.04
1790671265|20260929164105|892.10
1790671270|20260929164110|892.14
1790671275|20260929164115|892.15
1790671280|20260929164120|892.21
1790671300|20260929164140|892.09
1790671305|20260929164145|892.15
1790671310|20260929164150|892.14
1790671325|20260929164205|892.25
1790671384|20260929164304|892.09
