1787241600|20260821000000|977.42
1787241605|20260821000005|977.42
1787241610|20260821000010|977.56
1787241615|20260821000015|977.64
1787241620|20260821000020|977.42
1787241625|20260821000025|977.67
1787241635|20260821000035|977.68
1787241640|20260821000040|977.53
1787241645|20260821000045|977.85
1787241650|20260821000050|977.77
1787241655|20260821000055|977.67
1787241665|20260821000105|977.88
1787241670|20260821000110|977.96
1787241675|20260821000115|977.69
1787241680|20260821000120|977.90
1787241685|20260821000125|978.01
1787241695|20260821000135|977.99
1787241700|20260821000140|977.94
1787241705|20260821000145|977.84
1787241715|20260821000155|977.97
1787241720|20260821000200|978.00
1787241725|20260821000205|977.94
1787241730|20260821000210|977.96
1787241735|20260821000215|978.03
1787241740|20260821000220|977.99
1787241745|20260821000225|978.01
1787241755|20260821000235|977.99
1787241760|20260821000240|977.99
1787241765|20260821000245|978.00
1787241770|20260821000250|978.00
1787241775|20260821000255|978.03
1787241780|20260821000300|978.07
1787241790|20260821000310|977.90
1787241795|20260821000315|977.99
1787241800|20260821000320|977.89
1787241805|20260821000325|977.89
1787241820|20260821000340|977.67
1787241825|20260821000345|977.47
1787241830|20260821000350|977.47
1787241845|20260821000405|977.65
1787241855|20260821000415|977.59
1787241860|20260821000420|977.55
1787241865|20260821000425|977.62
1787241900|20260821000500|977.00
1787241905|20260821000505|977.00
1787241910|20260821000510|977.11
1787241915|20260821000515|977.21
1787241920|20260821000520|977.35
1787241925|20260821000525|977.52
1787241935|20260821000535|977.34
1787241940|20260821000540|977.20
1787241945|20260821000545|977.14
1787241950|20260821000550|976.99
1787241955|20260821000555|977.01
1787241960|20260821000600|977.00
1787241965|20260821000605|977.04
1787241970|20260821000610|977.07
1787241975|20260821000615|977.11
1787241980|20260821000620|977.12
1787241985|20260821000625|977.16
1787241995|20260821000635|976.98
1787242000|20260821000640|976.91
1787242010|20260821000650|977.05
1787242015|20260821000655|977.30
1787242025|20260821000705|977.14
1787242030|20260821000710|977.20
1787242035|20260821000715|977.18
1787242040|20260821000720|976.97
1787242055|20260821000735|977.11
1787242060|20260821000740|977.14
1787242065|20260821000745|977.07
1787242070|20260821000750|977.07
1787242075|20260821000755|976.99
1787242080|20260821000800|977.05
1787242085|20260821000805|976.99
1787242100|20260821000820|977.09
1787242105|20260821000825|976.95
1787242115|20260821000835|977.05
1787242125|20260821000845|977.09
1787242130|20260821000850|977.02
1787242140|20260821000900|977.24
1787242145|20260821000905|977.09
1787242155|20260821000915|977.12
1787242160|20260821000920|977.14
1787242165|20260821000925|977.10
1787242200|20260821001000|977.04
1787242205|20260821001005|977.10
1787242210|20260821001010|977.04
1787242215|20260821001015|977.02
1787242220|20260821001020|976.98
1787242225|20260821001025|977.07
1787242235|20260821001035|977.05
1787242240|20260821001040|977.06
1787242245|20260821001045|977.06
1787242250|20260821001050|977.02
1787242255|20260821001055|977.02
1787242265|20260821001105|977.00
1787242270|20260821001110|976.89
1787242275|20260821001115|976.89
1787242280|20260821001120|976.83
1787242285|20260821001125|976.72
1787242300|20260821001140|976.56
1787242305|20260821001145|976.70
1787242310|20260821001150|976.60
1787242315|20260821001155|976.56
1787242320|20260821001200|976.35
1787242330|20260821001210|976.08
1787242335|20260821001215|975.69
1787242340|20260821001220|975.76
1787242355|20260821001235|975.75
1787242360|20260821001240|975.83
1787242365|20260821001245|975.86
1787242375|20260821001255|976.00
1787242385|20260821001305|975.81
1787242395|20260821001315|975.80
1787242400|20260821001320|975.81
1787242405|20260821001325|975.77
1787242415|20260821001335|975.89
1787242420|20260821001340|975.94
1787242425|20260821001345|975.99
1787242430|20260821001350|975.49
1787242435|20260821001355|975.56
1787242450|20260821001410|975.21
1787242455|20260821001415|975.11
1787242465|20260821001425|975.26
1787242500|20260821001500|975.41
1787242505|20260821001505|975.28
1787242510|20260821001510|975.17
1787242515|20260821001515|974.98
1787242520|20260821001520|974.98
1787242525|20260821001525|974.95
1787242535|20260821001535|974.94
1787242540|20260821001540|974.92
1787242545|20260821001545|975.03
1787242575|20260821001615|974.88
1787242580|20260821001620|974.88
1787242585|20260821001625|974.81
1787242595|20260821001635|974.71
1787242600|20260821001640|974.94
1787242605|20260821001645|974.89
1787242610|20260821001650|974.89
1787242625|20260821001705|974.90
1787242630|20260821001710|974.90
1787242635|20260821001715|974.95
1787242665|20260821001745|975.08
1787242670|20260821001750|975.30
1787242675|20260821001755|975.09
1787242690|20260821001810|975.07
1787242695|20260821001815|975.07
1787242705|20260821001825|975.15
1787242715|20260821001835|975.23
1787242720|20260821001840|975.24
1787242725|20260821001845|975.19
1787242730|20260821001850|975.27
1787242735|20260821001855|975.22
1787242745|20260821001905|975.32
1787242755|20260821001915|975.32
1787242760|20260821001920|975.26
1787242765|20260821001925|975.51
1787242800|20260821002000|975.44
1787242805|20260821002005|975.52
1787242815|20260821002015|975.45
1787242820|20260821002020|975.51
1787242825|20260821002025|975.44
1787242835|20260821002035|975.38
1787242840|20260821002040|975.45
1787242845|20260821002045|975.44
1787242850|20260821002050|975.48
1787242855|20260821002055|975.30
1787242865|20260821002105|975.39
1787242875|20260821002115|975.16
1787242885|20260821002125|975.05
1787242900|20260821002140|975.25
1787242905|20260821002145|975.26
1787242910|20260821002150|975.16
1787242915|20260821002155|975.18
1787242925|20260821002205|975.01
1787242930|20260821002210|974.94
1787242935|20260821002215|975.01
1787242955|20260821002235|975.27
1787242960|20260821002240|975.34
1787242975|20260821002255|975.45
1787242985|20260821002305|975.37
1787242990|20260821002310|975.27
1787242995|20260821002315|975.47
1787243000|20260821002320|975.42
1787243005|20260821002325|975.32
1787243015|20260821002335|975.22
1787243020|20260821002340|975.30
1787243025|20260821002345|975.28
1787243030|20260821002350|975.20
1787243035|20260821002355|974.98
1787243045|20260821002405|975.10
1787243050|20260821002410|975.00
1787243055|20260821002415|975.12
1787243060|20260821002420|975.10
1787243065|20260821002425|975.21
1787243100|20260821002500|975.46
1787243105|20260821002505|975.39
1787243110|20260821002510|975.33
1787243115|20260821002515|975.29
1787243120|20260821002520|975.20
1787243125|20260821002525|975.17
1787243135|20260821002535|975.16
1787243140|20260821002540|975.09
1787243145|20260821002545|974.99
1787243150|20260821002550|975.15
1787243155|20260821002555|975.00
1787243165|20260821002605|974.93
1787243170|20260821002610|974.67
1787243175|20260821002615|974.66
1787243180|20260821002620|974.70
1787243185|20260821002625|974.73
1787243195|20260821002635|974.69
1787243200|20260821002640|974.69
1787243205|20260821002645|974.70
1787243210|20260821002650|974.61
1787243215|20260821002655|974.63
1787243220|20260821002700|974.74
1787243225|20260821002705|974.72
1787243230|20260821002710|974.68
1787243235|20260821002715|974.71
1787243240|20260821002720|974.72
1787243245|20260821002725|974.70
1787243255|20260821002735|974.78
1787243260|20260821002740|974.71
1787243265|20260821002745|974.72
1787243270|20260821002750|974.55
1787243275|20260821002755|974.13
1787243280|20260821002800|974.16
1787243285|20260821002805|974.25
1787243290|20260821002810|974.08
1787243295|20260821002815|974.23
1787243300|20260821002820|974.07
1787243305|20260821002825|974.14
1787243320|20260821002840|974.20
1787243325|20260821002845|974.31
1787243330|20260821002850|974.61
1787243335|20260821002855|974.62
1787243340|20260821002900|974.69
1787243345|20260821002905|974.70
1787243350|20260821002910|974.75
1787243355|20260821002915|974.77
1787243360|20260821002920|974.56
1787243365|20260821002925|974.58
1787243400|20260821003000|974.87
1787243405|20260821003005|974.87
1787243410|20260821003010|974.78
1787243415|20260821003015|974.90
1787243420|20260821003020|974.62
1787243435|20260821003035|974.34
1787243440|20260821003040|974.32
1787243445|20260821003045|974.32
1787243450|20260821003050|974.31
1787243455|20260821003055|974.37
1787243465|20260821003105|974.34
1787243470|20260821003110|974.28
1787243475|20260821003115|974.29
1787243480|20260821003120|974.40
1787243495|20260821003135|974.51
1787243500|20260821003140|974.37
1787243505|20260821003145|974.42
1787243510|20260821003150|974.37
1787243525|20260821003205|974.04
1787243540|20260821003220|973.84
1787243545|20260821003225|973.81
1787243555|20260821003235|973.90
1787243565|20260821003245|973.85
1787243570|20260821003250|973.96
1787243575|20260821003255|974.01
1787243585|20260821003305|973.88
1787243590|20260821003310|973.94
1787243595|20260821003315|974.06
1787243620|20260821003340|974.22
1787243625|20260821003345|974.20
1787243630|20260821003350|974.34
1787243635|20260821003355|974.42
1787243645|20260821003405|974.42
1787243655|20260821003415|974.64
1787243660|20260821003420|974.66
1787243665|20260821003425|975.00
1787243700|20260821003500|974.88
1787243705|20260821003505|974.89
1787243710|20260821003510|975.01
1787243715|20260821003515|974.93
1787243720|20260821003520|974.88
1787243725|20260821003525|974.78
1787243735|20260821003535|975.03
1787243740|20260821003540|975.15
1787243745|20260821003545|975.28
1787243750|20260821003550|975.22
1787243755|20260821003555|975.24
1787243760|20260821003600|975.19
1787243765|20260821003605|975.29
1787243770|20260821003610|975.31
1787243775|20260821003615|975.27
1787243780|20260821003620|975.20
1787243785|20260821003625|975.26
1787243795|20260821003635|975.58
1787243800|20260821003640|975.53
1787243805|20260821003645|975.46
1787243810|20260821003650|975.37
1787243815|20260821003655|975.47
1787243825|20260821003705|975.50
1787243830|20260821003710|975.39
1787243835|20260821003715|975.36
1787243840|20260821003720|975.35
1787243845|20260821003725|975.32
1787243855|20260821003735|975.25
1787243860|20260821003740|975.25
1787243865|20260821003745|975.26
1787243870|20260821003750|975.08
1787243875|20260821003755|975.18
1787243885|20260821003805|975.02
1787243890|20260821003810|974.58
1787243895|20260821003815|974.75
1787243900|20260821003820|974.74
1787243915|20260821003835|974.82
1787243920|20260821003840|974.65
1787243925|20260821003845|974.83
1787243930|20260821003850|974.77
1787243935|20260821003855|974.79
1787243940|20260821003900|974.78
1787243945|20260821003905|974.85
1787243950|20260821003910|974.65
1787243955|20260821003915|974.73
1787243960|20260821003920|974.75
1787243995|20260821003955|974.53
1787244005|20260821004005|974.52
1787244015|20260821004015|974.62
1787244020|20260821004020|974.74
1787244025|20260821004025|974.92
1787244035|20260821004035|974.98
1787244040|20260821004040|975.06
1787244045|20260821004045|975.03
1787244050|20260821004050|974.95
1787244055|20260821004055|974.98
1787244065|20260821004105|975.00
1787244070|20260821004110|974.97
1787244075|20260821004115|974.95
1787244085|20260821004125|974.95
1787244100|20260821004140|975.09
1787244105|20260821004145|975.00
1787244115|20260821004155|975.00
1787244125|20260821004205|975.05
1787244130|20260821004210|975.03
1787244140|20260821004220|975.09
1787244145|20260821004225|975.09
1787244155|20260821004235|974.90
1787244160|20260821004240|974.93
1787244165|20260821004245|974.78
1787244170|20260821004250|974.71
1787244185|20260821004305|974.68
1787244190|20260821004310|974.68
1787244195|20260821004315|974.77
1787244200|20260821004320|974.64
1787244205|20260821004325|974.77
1787244215|20260821004335|974.76
1787244220|20260821004340|974.76
1787244225|20260821004345|974.77
1787244230|20260821004350|974.74
1787244240|20260821004400|974.81
1787244245|20260821004405|974.82
1787244250|20260821004410|974.83
1787244255|20260821004415|974.86
1787244260|20260821004420|974.86
1787244265|20260821004425|974.89
1787244290|20260821004450|974.87
1787244300|20260821004500|974.92
1787244305|20260821004505|974.98
1787244310|20260821004510|975.11
1787244315|20260821004515|974.94
1787244320|20260821004520|974.84
1787244325|20260821004525|974.65
1787244335|20260821004535|974.81
1787244340|20260821004540|974.72
1787244345|20260821004545|974.76
1787244355|20260821004555|974.94
1787244360|20260821004600|974.87
1787244365|20260821004605|974.85
1787244370|20260821004610|974.92
1787244375|20260821004615|975.18
1787244380|20260821004620|975.42
1787244385|20260821004625|975.45
1787244395|20260821004635|975.56
1787244400|20260821004640|975.58
1787244405|20260821004645|975.57
1787244430|20260821004710|975.53
1787244440|20260821004720|975.61
1787244445|20260821004725|975.58
1787244455|20260821004735|975.57
1787244460|20260821004740|975.57
1787244465|20260821004745|975.47
1787244475|20260821004755|975.40
1787244485|20260821004805|975.51
1787244495|20260821004815|975.50
1787244500|20260821004820|975.52
1787244515|20260821004835|975.52
1787244520|20260821004840|975.39
1787244525|20260821004845|975.24
1787244530|20260821004850|975.33
1787244535|20260821004855|975.37
1787244545|20260821004905|975.50
1787244550|20260821004910|975.51
1787244565|20260821004925|975.46
1787244600|20260821005000|975.50
1787244605|20260821005005|975.58
1787244610|20260821005010|975.84
1787244615|20260821005015|975.59
1787244620|20260821005020|975.55
1787244625|20260821005025|975.55
1787244635|20260821005035|975.57
1787244640|20260821005040|975.62
1787244645|20260821005045|975.62
1787244650|20260821005050|975.57
1787244655|20260821005055|975.55
1787244665|20260821005105|975.48
1787244670|20260821005110|975.51
1787244675|20260821005115|975.45
1787244680|20260821005120|975.41
1787244685|20260821005125|975.48
1787244695|20260821005135|975.49
1787244700|20260821005140|975.53
1787244705|20260821005145|975.60
1787244715|20260821005155|975.47
1787244730|20260821005210|975.46
1787244735|20260821005215|975.49
1787244740|20260821005220|975.41
1787244755|20260821005235|975.38
1787244760|20260821005240|975.37
1787244765|20260821005245|975.28
1787244770|20260821005250|975.26
1787244775|20260821005255|975.22
1787244785|20260821005305|975.18
1787244790|20260821005310|975.21
1787244795|20260821005315|975.25
1787244800|20260821005320|975.22
1787244805|20260821005325|975.18
1787244815|20260821005335|975.09
1787244820|20260821005340|975.08
1787244825|20260821005345|975.05
1787244830|20260821005350|975.22
1787244835|20260821005355|975.19
1787244840|20260821005400|975.27
1787244845|20260821005405|975.29
1787244850|20260821005410|975.28
1787244855|20260821005415|975.27
1787244860|20260821005420|975.23
1787244865|20260821005425|975.13
1787244900|20260821005500|975.05
1787244905|20260821005505|975.00
1787244910|20260821005510|974.95
1787244915|20260821005515|975.01
1787244920|20260821005520|975.03
1787244925|20260821005525|975.11
1787244935|20260821005535|975.08
1787244940|20260821005540|975.07
1787244945|20260821005545|974.96
1787244950|20260821005550|975.18
1787244955|20260821005555|975.14
1787244960|20260821005600|975.12
1787244965|20260821005605|975.12
1787244970|20260821005610|975.09
1787244975|20260821005615|975.04
1787244980|20260821005620|975.00
1787244995|20260821005635|975.11
1787245000|20260821005640|975.07
1787245005|20260821005645|975.12
1787245015|20260821005655|974.97
1787245025|20260821005705|974.96
1787245030|20260821005710|974.94
1787245035|20260821005715|974.96
1787245040|20260821005720|974.92
1787245045|20260821005725|975.05
1787245055|20260821005735|975.18
1787245060|20260821005740|975.35
1787245065|20260821005745|975.37
1787245070|20260821005750|975.21
1787245075|20260821005755|975.16
1787245080|20260821005800|975.12
1787245085|20260821005805|975.14
1787245090|20260821005810|975.13
1787245095|20260821005815|975.17
1787245100|20260821005820|975.25
1787245105|20260821005825|975.23
1787245115|20260821005835|975.27
1787245120|20260821005840|975.24
1787245125|20260821005845|975.23
1787245130|20260821005850|975.21
1787245135|20260821005855|975.11
1787245140|20260821005900|975.10
1787245145|20260821005905|974.77
1787245150|20260821005910|974.74
1787245155|20260821005915|974.79
1787245160|20260821005920|974.77
1787245165|20260821005925|974.87
1787245200|20260821010000|975.15
1787245205|20260821010005|975.13
1787245210|20260821010010|975.18
1787245215|20260821010015|975.28
1787245225|20260821010025|975.17
1787245235|20260821010035|975.20
1787245240|20260821010040|975.23
1787245245|20260821010045|975.29
1787245250|20260821010050|975.25
1787245255|20260821010055|975.51
1787245260|20260821010100|975.38
1787245265|20260821010105|975.63
1787245270|20260821010110|975.60
1787245275|20260821010115|975.63
1787245280|20260821010120|975.55
1787245285|20260821010125|975.62
1787245295|20260821010135|975.53
1787245300|20260821010140|975.54
1787245305|20260821010145|975.57
1787245310|20260821010150|975.62
1787245315|20260821010155|975.58
1787245320|20260821010200|975.60
1787245325|20260821010205|975.53
1787245330|20260821010210|975.77
1787245335|20260821010215|975.62
1787245340|20260821010220|975.61
1787245345|20260821010225|975.61
1787245355|20260821010235|975.53
1787245360|20260821010240|975.53
1787245365|20260821010245|975.48
1787245370|20260821010250|975.39
1787245375|20260821010255|975.44
1787245385|20260821010305|975.42
1787245390|20260821010310|975.43
1787245395|20260821010315|975.41
1787245415|20260821010335|975.61
1787245425|20260821010345|975.54
1787245430|20260821010350|975.57
1787245435|20260821010355|975.45
1787245440|20260821010400|975.43
1787245445|20260821010405|975.43
1787245450|20260821010410|975.42
1787245455|20260821010415|975.58
1787245460|20260821010420|975.52
1787245500|20260821010500|975.44
1787245505|20260821010505|975.49
1787245515|20260821010515|975.46
1787245520|20260821010520|975.43
1787245535|20260821010535|975.36
1787245540|20260821010540|975.37
1787245545|20260821010545|975.39
1787245550|20260821010550|975.40
1787245570|20260821010610|975.39
1787245575|20260821010615|975.49
1787245580|20260821010620|975.47
1787245585|20260821010625|975.43
1787245595|20260821010635|975.42
1787245600|20260821010640|975.38
1787245605|20260821010645|975.21
1787245610|20260821010650|975.28
1787245615|20260821010655|975.21
1787245625|20260821010705|975.17
1787245630|20260821010710|975.12
1787245635|20260821010715|975.22
1787245640|20260821010720|975.21
1787245645|20260821010725|975.21
1787245655|20260821010735|975.20
1787245660|20260821010740|975.31
1787245665|20260821010745|975.32
1787245670|20260821010750|975.28
1787245675|20260821010755|975.35
1787245680|20260821010800|975.32
1787245685|20260821010805|975.30
1787245690|20260821010810|975.31
1787245695|20260821010815|975.25
1787245700|20260821010820|975.03
1787245705|20260821010825|974.94
1787245715|20260821010835|974.87
1787245725|20260821010845|974.85
1787245730|20260821010850|974.87
1787245735|20260821010855|974.84
1787245745|20260821010905|974.90
1787245750|20260821010910|974.91
1787245755|20260821010915|974.92
1787245760|20260821010920|974.94
1787245770|20260821010930|975.07
1787245780|20260821010940|975.16
1787245790|20260821010950|975.20
1787245800|20260821011000|975.12
1787245805|20260821011005|975.17
1787245810|20260821011010|975.18
1787245815|20260821011015|975.07
1787245820|20260821011020|975.11
1787245825|20260821011025|975.16
1787245835|20260821011035|975.14
1787245840|20260821011040|975.19
1787245845|20260821011045|975.20
1787245850|20260821011050|975.18
1787245855|20260821011055|975.09
1787245865|20260821011105|975.00
1787245870|20260821011110|974.79
1787245880|20260821011120|974.69
1787245895|20260821011135|974.86
1787245910|20260821011150|974.87
1787245915|20260821011155|974.85
1787245925|20260821011205|974.87
1787245935|20260821011215|974.95
1787245940|20260821011220|974.97
1787245945|20260821011225|974.93
1787245955|20260821011235|974.93
1787245960|20260821011240|974.86
1787245965|20260821011245|974.91
1787245975|20260821011255|974.92
1787245985|20260821011305|974.98
1787245990|20260821011310|974.99
1787246000|20260821011320|974.96
1787246005|20260821011325|974.94
1787246015|20260821011335|975.05
1787246020|20260821011340|975.04
1787246025|20260821011345|974.99
1787246035|20260821011355|974.83
1787246045|20260821011405|974.71
1787246060|20260821011420|974.87
1787246090|20260821011450|975.02
1787246105|20260821011505|974.96
1787246110|20260821011510|974.88
1787246115|20260821011515|974.88
1787246120|20260821011520|974.91
1787246135|20260821011535|974.80
1787246140|20260821011540|974.83
1787246145|20260821011545|974.84
1787246155|20260821011555|974.82
1787246165|20260821011605|974.83
1787246170|20260821011610|974.84
1787246175|20260821011615|974.89
1787246180|20260821011620|974.83
1787246185|20260821011625|974.81
1787246195|20260821011635|975.14
1787246200|20260821011640|975.13
1787246205|20260821011645|975.11
1787246210|20260821011650|975.09
1787246225|20260821011705|975.39
1787246230|20260821011710|975.33
1787246235|20260821011715|975.37
1787246240|20260821011720|975.37
1787246245|20260821011725|975.25
1787246255|20260821011735|975.30
1787246260|20260821011740|975.21
1787246265|20260821011745|975.30
1787246270|20260821011750|975.28
1787246275|20260821011755|975.31
1787246295|20260821011815|975.32
1787246300|20260821011820|975.35
1787246305|20260821011825|975.38
1787246315|20260821011835|975.38
1787246320|20260821011840|975.38
1787246325|20260821011845|975.34
1787246330|20260821011850|975.36
1787246335|20260821011855|975.32
1787246345|20260821011905|975.20
1787246350|20260821011910|975.22
1787246355|20260821011915|975.28
1787246360|20260821011920|975.12
1787246390|20260821011950|974.84
1787246395|20260821011955|974.88
1787246400|20260821012000|974.87
1787246405|20260821012005|974.86
1787246410|20260821012010|974.83
1787246415|20260821012015|974.88
1787246420|20260821012020|974.85
1787246425|20260821012025|974.95
1787246435|20260821012035|975.00
1787246440|20260821012040|974.98
1787246445|20260821012045|974.93
1787246450|20260821012050|975.09
1787246455|20260821012055|975.17
1787246460|20260821012100|975.22
1787246475|20260821012115|975.53
1787246480|20260821012120|975.40
1787246485|20260821012125|975.39
1787246500|20260821012140|975.36
1787246505|20260821012145|975.37
1787246510|20260821012150|975.38
1787246515|20260821012155|975.39
1787246525|20260821012205|975.52
1787246530|20260821012210|975.60
1787246535|20260821012215|975.60
1787246540|20260821012220|975.60
1787246545|20260821012225|975.87
1787246555|20260821012235|975.99
1787246560|20260821012240|975.75
1787246565|20260821012245|975.71
1787246575|20260821012255|975.78
1787246580|20260821012300|975.80
1787246585|20260821012305|975.76
1787246590|20260821012310|975.60
1787246595|20260821012315|975.60
1787246600|20260821012320|975.65
1787246605|20260821012325|975.65
1787246615|20260821012335|975.63
1787246620|20260821012340|975.62
1787246625|20260821012345|975.63
1787246630|20260821012350|975.60
1787246635|20260821012355|975.66
1787246640|20260821012400|975.65
1787246645|20260821012405|975.64
1787246650|20260821012410|975.39
1787246655|20260821012415|975.40
1787246660|20260821012420|975.34
1787246665|20260821012425|975.36
1787246675|20260821012435|975.40
1787246695|20260821012455|975.38
1787246700|20260821012500|975.34
1787246705|20260821012505|975.44
1787246710|20260821012510|975.41
1787246720|20260821012520|975.55
1787246740|20260821012540|975.31
1787246745|20260821012545|975.30
1787246750|20260821012550|975.32
1787246755|20260821012555|975.34
1787246760|20260821012600|975.42
1787246765|20260821012605|975.42
1787246770|20260821012610|975.40
1787246775|20260821012615|975.39
1787246780|20260821012620|975.57
1787246785|20260821012625|975.55
1787246790|20260821012630|975.65
1787246795|20260821012635|975.64
1787246800|20260821012640|975.75
1787246805|20260821012645|975.73
1787246810|20260821012650|975.72
1787246815|20260821012655|975.63
1787246820|20260821012700|975.72
1787246825|20260821012705|975.79
1787246830|20260821012710|975.77
1787246835|20260821012715|975.75
1787246840|20260821012720|975.63
1787246860|20260821012740|975.26
1787246865|20260821012745|975.20
1787246870|20260821012750|975.10
1787246875|20260821012755|975.03
1787246885|20260821012805|975.21
1787246890|20260821012810|975.26
1787246900|20260821012820|975.40
1787246905|20260821012825|975.43
1787246915|20260821012835|975.35
1787246920|20260821012840|975.44
1787246925|20260821012845|975.40
1787246930|20260821012850|975.38
1787246935|20260821012855|975.39
1787246945|20260821012905|976.24
1787246950|20260821012910|976.41
1787246955|20260821012915|976.27
1787246960|20260821012920|976.28
1787246965|20260821012925|976.37
1787246990|20260821012950|976.34
1787247005|20260821013005|975.84
1787247010|20260821013010|975.71
1787247015|20260821013015|975.70
1787247020|20260821013020|975.66
1787247025|20260821013025|975.46
1787247035|20260821013035|975.54
1787247040|20260821013040|975.50
1787247045|20260821013045|975.56
1787247050|20260821013050|975.42
1787247055|20260821013055|975.37
1787247060|20260821013100|975.39
1787247080|20260821013120|975.77
1787247085|20260821013125|975.78
1787247095|20260821013135|975.80
1787247100|20260821013140|975.92
1787247105|20260821013145|975.95
1787247110|20260821013150|976.16
1787247115|20260821013155|976.23
1787247120|20260821013200|976.51
1787247125|20260821013205|976.47
1787247140|20260821013220|976.43
1787247145|20260821013225|976.40
1787247155|20260821013235|976.47
1787247160|20260821013240|976.48
1787247165|20260821013245|976.43
1787247170|20260821013250|976.38
1787247175|20260821013255|976.45
1787247185|20260821013305|976.52
1787247190|20260821013310|976.52
1787247200|20260821013320|976.55
1787247205|20260821013325|976.59
1787247215|20260821013335|976.59
1787247220|20260821013340|976.62
1787247225|20260821013345|976.55
1787247235|20260821013355|976.52
1787247245|20260821013405|976.47
1787247250|20260821013410|976.68
1787247260|20260821013420|976.68
1787247265|20260821013425|976.74
1787247300|20260821013500|976.81
1787247305|20260821013505|976.90
1787247310|20260821013510|976.86
1787247315|20260821013515|976.90
1787247320|20260821013520|976.86
1787247325|20260821013525|976.90
1787247335|20260821013535|976.94
1787247340|20260821013540|976.95
1787247345|20260821013545|976.67
1787247350|20260821013550|976.71
1787247355|20260821013555|976.78
1787247360|20260821013600|976.62
1787247365|20260821013605|976.60
1787247370|20260821013610|976.61
1787247375|20260821013615|976.54
1787247380|20260821013620|976.56
1787247385|20260821013625|976.53
1787247395|20260821013635|976.51
1787247400|20260821013640|976.48
1787247405|20260821013645|976.49
1787247410|20260821013650|976.58
1787247415|20260821013655|976.60
1787247420|20260821013700|976.66
1787247425|20260821013705|976.68
1787247430|20260821013710|976.63
1787247435|20260821013715|976.63
1787247445|20260821013725|976.60
1787247455|20260821013735|976.58
1787247460|20260821013740|976.54
1787247465|20260821013745|976.64
1787247470|20260821013750|976.60
1787247475|20260821013755|976.62
1787247480|20260821013800|976.65
1787247485|20260821013805|976.64
1787247500|20260821013820|976.53
1787247505|20260821013825|976.58
1787247515|20260821013835|976.59
1787247520|20260821013840|976.55
1787247525|20260821013845|976.56
1787247530|20260821013850|976.69
1787247545|20260821013905|976.69
1787247550|20260821013910|976.72
1787247555|20260821013915|976.75
1787247560|20260821013920|976.69
1787247565|20260821013925|976.68
1787247605|20260821014005|976.63
1787247610|20260821014010|976.56
1787247615|20260821014015|976.58
1787247620|20260821014020|976.57
1787247625|20260821014025|976.58
1787247635|20260821014035|976.56
1787247650|20260821014050|976.86
1787247655|20260821014055|976.82
1787247685|20260821014125|976.60
1787247695|20260821014135|976.69
1787247700|20260821014140|976.69
1787247705|20260821014145|976.60
1787247710|20260821014150|976.62
1787247715|20260821014155|976.62
1787247735|20260821014215|976.62
1787247740|20260821014220|976.59
1787247745|20260821014225|976.63
1787247760|20260821014240|976.68
1787247770|20260821014250|976.78
1787247775|20260821014255|976.78
1787247780|20260821014300|976.68
1787247785|20260821014305|976.67
1787247790|20260821014310|976.69
1787247795|20260821014315|976.67
1787247800|20260821014320|976.71
1787247805|20260821014325|976.72
1787247815|20260821014335|976.76
1787247820|20260821014340|976.75
1787247825|20260821014345|976.84
1787247830|20260821014350|976.81
1787247835|20260821014355|976.80
1787247845|20260821014405|976.80
1787247850|20260821014410|976.81
1787247855|20260821014415|976.83
1787247860|20260821014420|976.83
1787247865|20260821014425|976.88
1787247900|20260821014500|976.91
1787247905|20260821014505|976.92
1787247910|20260821014510|976.85
1787247915|20260821014515|976.78
1787247920|20260821014520|976.80
1787247925|20260821014525|976.81
1787247935|20260821014535|976.84
1787247940|20260821014540|976.85
1787247945|20260821014545|976.90
1787247950|20260821014550|976.88
1787247955|20260821014555|976.91
1787247970|20260821014610|976.99
1787247975|20260821014615|977.02
1787247980|20260821014620|977.06
1787247985|20260821014625|977.01
1787247995|20260821014635|977.06
1787248000|20260821014640|977.04
1787248005|20260821014645|977.07
1787248010|20260821014650|977.07
1787248015|20260821014655|977.20
1787248025|20260821014705|977.16
1787248030|20260821014710|977.31
1787248035|20260821014715|977.35
1787248040|20260821014720|977.34
1787248045|20260821014725|977.23
1787248060|20260821014740|977.15
1787248065|20260821014745|977.10
1787248070|20260821014750|977.13
1787248075|20260821014755|977.16
1787248085|20260821014805|977.30
1787248090|20260821014810|977.27
1787248095|20260821014815|977.34
1787248100|20260821014820|977.33
1787248105|20260821014825|977.25
1787248120|20260821014840|977.25
1787248125|20260821014845|977.27
1787248135|20260821014855|977.26
1787248140|20260821014900|977.26
1787248145|20260821014905|977.20
1787248150|20260821014910|977.22
1787248155|20260821014915|977.18
1787248160|20260821014920|977.05
1787248205|20260821015005|977.14
1787248210|20260821015010|977.18
1787248215|20260821015015|977.20
1787248220|20260821015020|977.20
1787248235|20260821015035|977.26
1787248240|20260821015040|977.29
1787248245|20260821015045|977.22
1787248250|20260821015050|977.19
1787248255|20260821015055|977.18
1787248265|20260821015105|977.20
1787248270|20260821015110|977.11
1787248275|20260821015115|977.04
1787248280|20260821015120|977.03
1787248285|20260821015125|977.07
1787248295|20260821015135|977.05
1787248300|20260821015140|977.05
1787248305|20260821015145|977.03
1787248310|20260821015150|977.07
1787248315|20260821015155|977.06
1787248330|20260821015210|976.96
1787248335|20260821015215|976.97
1787248355|20260821015235|976.92
1787248360|20260821015240|976.91
1787248365|20260821015245|976.97
1787248370|20260821015250|976.98
1787248385|20260821015305|976.91
1787248390|20260821015310|976.89
1787248395|20260821015315|976.79
1787248400|20260821015320|976.81
1787248405|20260821015325|976.82
1787248415|20260821015335|976.70
1787248420|20260821015340|976.71
1787248425|20260821015345|976.83
1787248430|20260821015350|976.81
1787248435|20260821015355|976.83
1787248450|20260821015410|976.79
1787248455|20260821015415|976.85
1787248460|20260821015420|976.81
1787248500|20260821015500|977.03
1787248505|20260821015505|976.98
1787248515|20260821015515|976.99
1787248520|20260821015520|976.94
1787248525|20260821015525|976.97
1787248535|20260821015535|977.00
1787248540|20260821015540|977.07
1787248545|20260821015545|977.04
1787248550|20260821015550|976.97
1787248555|20260821015555|976.96
1787248560|20260821015600|976.98
1787248565|20260821015605|977.03
1787248570|20260821015610|976.98
1787248575|20260821015615|977.04
1787248580|20260821015620|977.05
1787248585|20260821015625|977.07
1787248595|20260821015635|977.07
1787248600|20260821015640|977.15
1787248605|20260821015645|977.03
1787248610|20260821015650|977.05
1787248615|20260821015655|977.05
1787248625|20260821015705|977.10
1787248635|20260821015715|977.08
1787248640|20260821015720|977.12
1787248645|20260821015725|977.06
1787248665|20260821015745|977.25
1787248670|20260821015750|977.24
1787248675|20260821015755|977.24
1787248685|20260821015805|977.28
1787248690|20260821015810|977.32
1787248695|20260821015815|977.38
1787248700|20260821015820|977.23
1787248705|20260821015825|977.24
1787248715|20260821015835|977.25
1787248720|20260821015840|977.27
1787248725|20260821015845|977.26
1787248730|20260821015850|977.24
1787248735|20260821015855|977.18
1787248750|20260821015910|977.25
1787248755|20260821015915|977.28
1787248760|20260821015920|977.28
1787248765|20260821015925|977.27
1787248780|20260821015940|977.19
1787248800|20260821020000|977.13
1787248805|20260821020005|977.27
1787248810|20260821020010|977.28
1787248815|20260821020015|977.28
1787248820|20260821020020|977.28
1787248825|20260821020025|977.35
1787248835|20260821020035|977.36
1787248840|20260821020040|977.32
1787248845|20260821020045|977.30
1787248850|20260821020050|977.32
1787248855|20260821020055|977.33
1787248865|20260821020105|977.39
1787248870|20260821020110|977.31
1787248875|20260821020115|977.33
1787248880|20260821020120|977.33
1787248885|20260821020125|977.24
1787248895|20260821020135|977.13
1787248900|20260821020140|977.08
1787248905|20260821020145|977.05
1787248910|20260821020150|976.94
1787248915|20260821020155|976.94
1787248925|20260821020205|977.24
1787248930|20260821020210|977.25
1787248935|20260821020215|977.21
1787248940|20260821020220|977.30
1787248945|20260821020225|977.28
1787248960|20260821020240|977.39
1787248965|20260821020245|977.34
1787248980|20260821020300|977.39
1787248985|20260821020305|977.42
1787248990|20260821020310|977.49
1787248995|20260821020315|977.50
1787249000|20260821020320|977.51
1787249005|20260821020325|977.51
1787249020|20260821020340|977.69
1787249025|20260821020345|977.66
1787249030|20260821020350|977.61
1787249035|20260821020355|977.64
1787249045|20260821020405|977.74
1787249055|20260821020415|977.74
1787249095|20260821020455|977.64
1787249100|20260821020500|977.62
1787249105|20260821020505|977.63
1787249110|20260821020510|977.66
1787249115|20260821020515|977.72
1787249120|20260821020520|977.76
1787249125|20260821020525|977.75
1787249135|20260821020535|977.74
1787249140|20260821020540|977.73
1787249145|20260821020545|977.68
1787249150|20260821020550|977.44
1787249155|20260821020555|977.45
1787249165|20260821020605|977.47
1787249170|20260821020610|977.46
1787249175|20260821020615|977.52
1787249180|20260821020620|977.57
1787249185|20260821020625|977.47
1787249195|20260821020635|977.39
1787249200|20260821020640|977.42
1787249205|20260821020645|977.41
1787249210|20260821020650|977.40
1787249215|20260821020655|977.40
1787249225|20260821020705|977.12
1787249230|20260821020710|977.14
1787249240|20260821020720|977.05
1787249245|20260821020725|977.02
1787249255|20260821020735|976.81
1787249260|20260821020740|976.64
1787249265|20260821020745|976.64
1787249270|20260821020750|976.72
1787249275|20260821020755|976.72
1787249285|20260821020805|976.68
1787249290|20260821020810|976.57
1787249295|20260821020815|976.52
1787249300|20260821020820|976.38
1787249315|20260821020835|976.50
1787249320|20260821020840|976.48
1787249325|20260821020845|976.52
1787249330|20260821020850|976.50
1787249335|20260821020855|976.48
1787249340|20260821020900|976.59
1787249345|20260821020905|976.39
1787249350|20260821020910|976.46
1787249355|20260821020915|976.50
1787249360|20260821020920|976.47
1787249365|20260821020925|976.50
1787249405|20260821021005|976.49
1787249415|20260821021015|976.38
1787249420|20260821021020|976.29
1787249435|20260821021035|976.15
1787249445|20260821021045|976.14
1787249450|20260821021050|976.21
1787249455|20260821021055|976.21
1787249460|20260821021100|976.16
1787249465|20260821021105|976.12
1787249470|20260821021110|976.03
1787249480|20260821021120|976.07
1787249485|20260821021125|976.10
1787249495|20260821021135|976.05
1787249500|20260821021140|975.93
1787249505|20260821021145|975.94
1787249510|20260821021150|975.91
1787249520|20260821021200|975.81
1787249525|20260821021205|975.77
1787249545|20260821021225|975.82
1787249555|20260821021235|975.32
1787249560|20260821021240|975.26
1787249565|20260821021245|975.30
1787249575|20260821021255|975.23
1787249585|20260821021305|975.12
1787249590|20260821021310|975.29
1787249595|20260821021315|975.26
1787249605|20260821021325|975.43
1787249615|20260821021335|975.32
1787249620|20260821021340|975.40
1787249625|20260821021345|975.41
1787249630|20260821021350|975.36
1787249635|20260821021355|975.26
1787249645|20260821021405|975.22
1787249655|20260821021415|975.38
1787249665|20260821021425|975.34
1787249700|20260821021500|975.28
1787249705|20260821021505|975.30
1787249715|20260821021515|975.31
1787249720|20260821021520|975.31
1787249725|20260821021525|975.39
1787249735|20260821021535|975.43
1787249740|20260821021540|975.42
1787249745|20260821021545|975.46
1787249750|20260821021550|975.41
1787249755|20260821021555|975.42
1787249760|20260821021600|975.40
1787249765|20260821021605|975.39
1787249770|20260821021610|975.45
1787249780|20260821021620|975.24
1787249785|20260821021625|975.22
1787249795|20260821021635|975.01
1787249800|20260821021640|974.96
1787249805|20260821021645|974.90
1787249820|20260821021700|975.00
1787249835|20260821021715|975.07
1787249845|20260821021725|975.25
1787249860|20260821021740|975.20
1787249870|20260821021750|975.11
1787249875|20260821021755|975.19
1787249885|20260821021805|975.09
1787249895|20260821021815|974.93
1787249900|20260821021820|975.07
1787249905|20260821021825|975.14
1787249915|20260821021835|975.26
1787249920|20260821021840|975.49
1787249925|20260821021845|975.60
1787249930|20260821021850|975.63
1787249935|20260821021855|975.86
1787249945|20260821021905|975.93
1787249950|20260821021910|976.09
1787249955|20260821021915|976.09
1787249965|20260821021925|976.16
1787249975|20260821021935|976.21
1787250000|20260821022000|976.42
1787250005|20260821022005|976.44
1787250010|20260821022010|976.38
1787250015|20260821022015|976.42
1787250020|20260821022020|976.35
1787250025|20260821022025|976.29
1787250035|20260821022035|976.38
1787250040|20260821022040|976.31
1787250050|20260821022050|976.26
1787250055|20260821022055|976.32
1787250065|20260821022105|976.37
1787250070|20260821022110|976.37
1787250075|20260821022115|976.36
1787250080|20260821022120|976.43
1787250085|20260821022125|976.47
1787250095|20260821022135|976.46
1787250105|20260821022145|976.42
1787250110|20260821022150|976.47
1787250130|20260821022210|976.64
1787250135|20260821022215|976.66
1787250140|20260821022220|976.66
1787250145|20260821022225|976.90
1787250160|20260821022240|976.72
1787250165|20260821022245|976.70
1787250170|20260821022250|976.67
1787250175|20260821022255|976.66
1787250185|20260821022305|976.66
1787250200|20260821022320|976.67
1787250215|20260821022335|976.55
1787250220|20260821022340|976.50
1787250225|20260821022345|976.46
1787250245|20260821022405|976.42
1787250250|20260821022410|976.40
1787250295|20260821022455|976.59
1787250300|20260821022500|976.58
1787250305|20260821022505|976.65
1787250310|20260821022510|976.66
1787250315|20260821022515|976.71
1787250320|20260821022520|976.73
1787250335|20260821022535|976.89
1787250340|20260821022540|976.81
1787250345|20260821022545|976.79
1787250350|20260821022550|976.81
1787250360|20260821022600|976.85
1787250365|20260821022605|976.95
1787250370|20260821022610|977.00
1787250375|20260821022615|977.04
1787250395|20260821022635|977.06
1787250405|20260821022645|977.09
1787250410|20260821022650|977.07
1787250420|20260821022700|977.05
1787250425|20260821022705|977.07
1787250430|20260821022710|977.06
1787250435|20260821022715|977.03
1787250445|20260821022725|977.11
1787250455|20260821022735|977.09
1787250460|20260821022740|977.11
1787250465|20260821022745|977.12
1787250470|20260821022750|977.06
1787250485|20260821022805|977.08
1787250495|20260821022815|977.12
1787250515|20260821022835|977.05
1787250520|20260821022840|977.07
1787250525|20260821022845|977.09
1787250530|20260821022850|977.12
1787250535|20260821022855|977.01
1787250550|20260821022910|977.05
1787250555|20260821022915|977.12
1787250560|20260821022920|977.20
1787250565|20260821022925|977.26
1787250595|20260821022955|977.13
1787250600|20260821023000|977.11
1787250605|20260821023005|977.10
1787250610|20260821023010|977.11
1787250615|20260821023015|976.98
1787250620|20260821023020|977.09
1787250625|20260821023025|977.10
1787250635|20260821023035|977.15
1787250640|20260821023040|977.30
1787250645|20260821023045|977.39
1787250650|20260821023050|977.36
1787250655|20260821023055|977.31
1787250665|20260821023105|977.47
1787250670|20260821023110|977.41
1787250680|20260821023120|977.45
1787250685|20260821023125|977.46
1787250695|20260821023135|977.52
1787250700|20260821023140|977.58
1787250705|20260821023145|977.53
1787250710|20260821023150|977.49
1787250715|20260821023155|977.43
1787250720|20260821023200|977.37
1787250725|20260821023205|977.45
1787250730|20260821023210|977.40
1787250735|20260821023215|977.36
1787250740|20260821023220|977.36
1787250745|20260821023225|977.43
1787250755|20260821023235|977.47
1787250760|20260821023240|977.52
1787250765|20260821023245|977.52
1787250770|20260821023250|977.52
1787250775|20260821023255|977.50
1787250780|20260821023300|977.51
1787250785|20260821023305|977.44
1787250790|20260821023310|977.45
1787250795|20260821023315|977.44
1787250800|20260821023320|977.48
1787250805|20260821023325|977.48
1787250815|20260821023335|977.42
1787250820|20260821023340|977.42
1787250825|20260821023345|977.36
1787250830|20260821023350|977.25
1787250835|20260821023355|977.26
1787250845|20260821023405|977.20
1787250850|20260821023410|977.18
1787250855|20260821023415|977.17
1787250860|20260821023420|977.22
1787250865|20260821023425|977.22
1787250900|20260821023500|977.26
1787250905|20260821023505|977.18
1787250910|20260821023510|977.16
1787250915|20260821023515|977.16
1787250920|20260821023520|977.32
1787250925|20260821023525|977.33
1787250935|20260821023535|977.32
1787250940|20260821023540|977.36
1787250945|20260821023545|977.38
1787250950|20260821023550|977.23
1787250955|20260821023555|977.26
1787250960|20260821023600|977.27
1787250965|20260821023605|977.25
1787250970|20260821023610|977.26
1787250975|20260821023615|977.28
1787250980|20260821023620|977.21
1787250995|20260821023635|977.20
1787251000|20260821023640|977.26
1787251005|20260821023645|977.26
1787251010|20260821023650|977.27
1787251015|20260821023655|977.57
1787251025|20260821023705|977.78
1787251030|20260821023710|977.75
1787251040|20260821023720|977.82
1787251045|20260821023725|977.78
1787251055|20260821023735|977.87
1787251060|20260821023740|977.81
1787251065|20260821023745|977.78
1787251070|20260821023750|977.78
1787251075|20260821023755|977.88
1787251085|20260821023805|977.91
1787251090|20260821023810|977.74
1787251095|20260821023815|977.81
1787251100|20260821023820|977.79
1787251115|20260821023835|977.95
1787251120|20260821023840|977.94
1787251130|20260821023850|977.97
1787251135|20260821023855|977.85
1787251140|20260821023900|977.83
1787251150|20260821023910|977.75
1787251155|20260821023915|977.75
1787251160|20260821023920|977.54
1787251165|20260821023925|977.55
1787251200|20260821024000|977.61
1787251205|20260821024005|977.55
1787251210|20260821024010|977.51
1787251215|20260821024015|977.46
1787251225|20260821024025|977.40
1787251235|20260821024035|977.44
1787251240|20260821024040|977.48
1787251245|20260821024045|977.44
1787251250|20260821024050|977.49
1787251255|20260821024055|977.51
1787251265|20260821024105|977.55
1787251270|20260821024110|977.54
1787251275|20260821024115|977.57
1787251285|20260821024125|977.63
1787251305|20260821024145|977.58
1787251310|20260821024150|977.59
1787251325|20260821024205|977.63
1787251330|20260821024210|977.55
1787251335|20260821024215|977.58
1787251340|20260821024220|977.62
1787251345|20260821024225|977.65
1787251365|20260821024245|977.65
1787251370|20260821024250|977.69
1787251375|20260821024255|977.68
1787251385|20260821024305|977.64
1787251395|20260821024315|977.64
1787251400|20260821024320|977.64
1787251405|20260821024325|977.67
1787251420|20260821024340|977.39
1787251425|20260821024345|977.48
1787251450|20260821024410|977.47
1787251455|20260821024415|977.49
1787251460|20260821024420|977.38
1787251500|20260821024500|977.28
1787251505|20260821024505|977.36
1787251510|20260821024510|977.40
1787251515|20260821024515|977.40
1787251520|20260821024520|977.39
1787251535|20260821024535|977.31
1787251540|20260821024540|977.34
1787251545|20260821024545|977.23
1787251550|20260821024550|977.20
1787251555|20260821024555|977.14
1787251560|20260821024600|977.15
1787251565|20260821024605|977.15
1787251570|20260821024610|977.01
1787251575|20260821024615|977.00
1787251580|20260821024620|977.00
1787251585|20260821024625|977.07
1787251595|20260821024635|977.01
1787251600|20260821024640|976.94
1787251605|20260821024645|976.93
1787251610|20260821024650|976.93
1787251615|20260821024655|977.02
1787251620|20260821024700|977.03
1787251625|20260821024705|977.07
1787251630|20260821024710|977.07
1787251635|20260821024715|976.96
1787251640|20260821024720|976.97
1787251645|20260821024725|976.98
1787251655|20260821024735|976.99
1787251660|20260821024740|976.99
1787251665|20260821024745|977.04
1787251670|20260821024750|977.02
1787251675|20260821024755|977.03
1787251695|20260821024815|977.06
1787251700|20260821024820|977.18
1787251705|20260821024825|977.18
1787251715|20260821024835|977.24
1787251720|20260821024840|977.23
1787251725|20260821024845|977.16
1787251735|20260821024855|977.20
1787251745|20260821024905|977.33
1787251750|20260821024910|977.50
1787251755|20260821024915|977.31
1787251760|20260821024920|977.32
1787251765|20260821024925|977.31
1787251800|20260821025000|977.60
1787251805|20260821025005|977.56
1787251810|20260821025010|977.59
1787251815|20260821025015|977.70
1787251820|20260821025020|977.70
1787251825|20260821025025|977.71
1787251835|20260821025035|977.70
1787251840|20260821025040|977.73
1787251845|20260821025045|977.77
1787251850|20260821025050|977.78
1787251865|20260821025105|977.84
1787251870|20260821025110|978.00
1787251895|20260821025135|978.05
1787251900|20260821025140|978.03
1787251915|20260821025155|978.23
1787251930|20260821025210|977.96
1787251935|20260821025215|978.34
1787251940|20260821025220|978.42
1787251945|20260821025225|978.29
1787251955|20260821025235|978.22
1787251960|20260821025240|978.23
1787251965|20260821025245|978.18
1787251970|20260821025250|978.19
1787251975|20260821025255|978.19
1787251985|20260821025305|978.21
1787251990|20260821025310|978.16
1787251995|20260821025315|978.16
1787252015|20260821025335|978.13
1787252025|20260821025345|978.20
1787252030|20260821025350|978.21
1787252045|20260821025405|978.15
1787252050|20260821025410|978.10
1787252060|20260821025420|978.15
1787252065|20260821025425|978.14
1787252080|20260821025440|978.21
1787252100|20260821025500|978.27
1787252105|20260821025505|978.32
1787252110|20260821025510|978.30
1787252115|20260821025515|978.26
1787252120|20260821025520|978.37
1787252135|20260821025535|978.32
1787252140|20260821025540|978.27
1787252145|20260821025545|978.28
1787252150|20260821025550|978.25
1787252165|20260821025605|978.17
1787252175|20260821025615|978.11
1787252180|20260821025620|978.11
1787252185|20260821025625|978.08
1787252195|20260821025635|978.09
1787252200|20260821025640|978.09
1787252210|20260821025650|978.20
1787252220|20260821025700|978.11
1787252235|20260821025715|978.14
1787252245|20260821025725|978.14
1787252255|20260821025735|978.12
1787252260|20260821025740|978.15
1787252265|20260821025745|978.13
1787252270|20260821025750|978.15
1787252285|20260821025805|978.14
1787252290|20260821025810|977.97
1787252300|20260821025820|977.91
1787252305|20260821025825|977.86
1787252315|20260821025835|977.81
1787252320|20260821025840|977.84
1787252330|20260821025850|977.70
1787252340|20260821025900|977.73
1787252350|20260821025910|977.71
1787252355|20260821025915|977.74
1787252360|20260821025920|977.74
1787252365|20260821025925|977.65
1787252400|20260821030000|977.79
1787252405|20260821030005|977.64
1787252410|20260821030010|977.44
1787252415|20260821030015|977.46
1787252420|20260821030020|977.36
1787252425|20260821030025|976.93
1787252435|20260821030035|977.19
1787252440|20260821030040|977.33
1787252445|20260821030045|977.29
1787252455|20260821030055|977.48
1787252465|20260821030105|977.64
1787252470|20260821030110|977.60
1787252480|20260821030120|977.72
1787252485|20260821030125|977.73
1787252500|20260821030140|977.68
1787252505|20260821030145|977.67
1787252510|20260821030150|977.67
1787252515|20260821030155|977.63
1787252525|20260821030205|977.53
1787252535|20260821030215|977.49
1787252540|20260821030220|977.50
1787252545|20260821030225|977.42
1787252555|20260821030235|977.51
1787252560|20260821030240|977.51
1787252565|20260821030245|977.53
1787252570|20260821030250|977.43
1787252575|20260821030255|977.43
1787252590|20260821030310|977.64
1787252595|20260821030315|977.66
1787252605|20260821030325|977.81
1787252615|20260821030335|977.74
1787252620|20260821030340|977.79
1787252625|20260821030345|977.81
1787252630|20260821030350|977.77
1787252635|20260821030355|977.71
1787252640|20260821030400|977.70
1787252645|20260821030405|977.72
1787252650|20260821030410|977.73
1787252660|20260821030420|977.70
1787252665|20260821030425|977.50
1787252700|20260821030500|977.60
1787252705|20260821030505|977.69
1787252710|20260821030510|977.72
1787252715|20260821030515|977.71
1787252720|20260821030520|977.63
1787252725|20260821030525|977.66
1787252735|20260821030535|977.68
1787252740|20260821030540|977.76
1787252745|20260821030545|977.78
1787252750|20260821030550|977.74
1787252755|20260821030555|977.73
1787252760|20260821030600|977.72
1787252765|20260821030605|977.69
1787252770|20260821030610|977.82
1787252775|20260821030615|977.86
1787252780|20260821030620|977.82
1787252785|20260821030625|977.82
1787252795|20260821030635|977.82
1787252800|20260821030640|977.90
1787252805|20260821030645|977.84
1787252810|20260821030650|977.94
1787252815|20260821030655|977.94
1787252820|20260821030700|977.90
1787252825|20260821030705|978.05
1787252830|20260821030710|978.03
1787252835|20260821030715|978.06
1787252840|20260821030720|978.09
1787252860|20260821030740|978.09
1787252865|20260821030745|978.10
1787252875|20260821030755|978.08
1787252885|20260821030805|978.22
1787252890|20260821030810|978.19
1787252895|20260821030815|978.23
1787252900|20260821030820|978.21
1787252905|20260821030825|978.17
1787252910|20260821030830|978.29
1787252915|20260821030835|978.25
1787252920|20260821030840|978.30
1787252925|20260821030845|978.41
1787252935|20260821030855|978.40
1787252940|20260821030900|978.43
1787252945|20260821030905|978.40
1787252955|20260821030915|978.48
1787252960|20260821030920|978.45
1787252965|20260821030925|978.38
1787252975|20260821030935|978.45
1787252980|20260821030940|978.45
1787253000|20260821031000|978.62
1787253005|20260821031005|978.65
1787253015|20260821031015|978.59
1787253020|20260821031020|978.53
1787253040|20260821031040|978.37
1787253045|20260821031045|978.30
1787253050|20260821031050|978.25
1787253065|20260821031105|978.36
1787253075|20260821031115|978.33
1787253080|20260821031120|978.35
1787253085|20260821031125|978.34
1787253095|20260821031135|978.33
1787253100|20260821031140|978.31
1787253105|20260821031145|978.31
1787253110|20260821031150|978.34
1787253120|20260821031200|978.32
1787253125|20260821031205|978.33
1787253130|20260821031210|978.42
1787253135|20260821031215|978.45
1787253140|20260821031220|978.50
1787253145|20260821031225|978.45
1787253155|20260821031235|978.47
1787253160|20260821031240|978.49
1787253165|20260821031245|978.49
1787253170|20260821031250|978.54
1787253175|20260821031255|978.53
1787253185|20260821031305|978.56
1787253190|20260821031310|978.75
1787253195|20260821031315|978.77
1787253200|20260821031320|978.76
1787253205|20260821031325|978.78
1787253215|20260821031335|978.78
1787253220|20260821031340|978.97
1787253245|20260821031405|979.06
1787253250|20260821031410|978.99
1787253255|20260821031415|979.02
1787253260|20260821031420|978.96
1787253300|20260821031500|978.92
1787253305|20260821031505|979.02
1787253310|20260821031510|979.00
1787253315|20260821031515|979.04
1787253335|20260821031535|979.10
1787253340|20260821031540|979.02
1787253345|20260821031545|979.01
1787253350|20260821031550|979.09
1787253355|20260821031555|979.10
1787253365|20260821031605|979.10
1787253375|20260821031615|979.28
1787253380|20260821031620|979.25
1787253385|20260821031625|979.28
1787253395|20260821031635|979.28
1787253400|20260821031640|979.20
1787253410|20260821031650|979.26
1787253415|20260821031655|979.28
1787253425|20260821031705|979.21
1787253430|20260821031710|979.09
1787253435|20260821031715|979.14
1787253440|20260821031720|979.06
1787253455|20260821031735|979.05
1787253460|20260821031740|979.14
1787253465|20260821031745|979.21
1787253470|20260821031750|979.18
1787253475|20260821031755|979.14
1787253485|20260821031805|978.95
1787253490|20260821031810|979.04
1787253495|20260821031815|979.08
1787253500|20260821031820|979.03
1787253505|20260821031825|979.07
1787253515|20260821031835|979.02
1787253520|20260821031840|979.02
1787253525|20260821031845|979.00
1787253530|20260821031850|978.98
1787253535|20260821031855|978.98
1787253540|20260821031900|978.93
1787253545|20260821031905|978.80
1787253550|20260821031910|978.82
1787253560|20260821031920|978.75
1787253565|20260821031925|978.70
1787253590|20260821031950|978.56
1787253600|20260821032000|978.58
1787253605|20260821032005|978.61
1787253610|20260821032010|978.64
1787253615|20260821032015|978.66
1787253620|20260821032020|978.70
1787253625|20260821032025|978.75
1787253635|20260821032035|978.56
1787253640|20260821032040|978.57
1787253650|20260821032050|978.49
1787253655|20260821032055|978.42
1787253660|20260821032100|978.43
1787253665|20260821032105|978.44
1787253670|20260821032110|978.43
1787253675|20260821032115|978.41
1787253695|20260821032135|978.34
1787253700|20260821032140|978.32
1787253705|20260821032145|978.37
1787253715|20260821032155|978.38
1787253730|20260821032210|978.33
1787253735|20260821032215|978.29
1787253740|20260821032220|978.29
1787253745|20260821032225|978.28
1787253755|20260821032235|978.32
1787253760|20260821032240|978.35
1787253765|20260821032245|978.41
1787253775|20260821032255|978.41
1787253785|20260821032305|978.61
1787253790|20260821032310|978.64
1787253795|20260821032315|978.63
1787253800|20260821032320|978.63
1787253815|20260821032335|978.82
1787253835|20260821032355|978.99
1787253845|20260821032405|979.01
1787253855|20260821032415|978.96
1787253860|20260821032420|979.01
1787253865|20260821032425|978.91
1787253900|20260821032500|978.85
1787253905|20260821032505|978.77
1787253910|20260821032510|978.77
1787253915|20260821032515|978.86
1787253920|20260821032520|978.95
1787253925|20260821032525|978.97
1787253935|20260821032535|978.87
1787253940|20260821032540|978.87
1787253945|20260821032545|978.85
1787253950|20260821032550|978.84
1787253960|20260821032600|978.83
1787253965|20260821032605|978.88
1787253970|20260821032610|978.96
1787253975|20260821032615|978.93
1787253980|20260821032620|978.73
1787253985|20260821032625|978.67
1787253995|20260821032635|978.77
1787254000|20260821032640|978.70
1787254005|20260821032645|978.72
1787254010|20260821032650|978.67
1787254015|20260821032655|978.53
1787254020|20260821032700|978.54
1787254025|20260821032705|978.55
1787254030|20260821032710|978.55
1787254055|20260821032735|978.52
1787254065|20260821032745|978.34
1787254070|20260821032750|978.31
1787254090|20260821032810|978.41
1787254095|20260821032815|978.36
1787254100|20260821032820|978.36
1787254105|20260821032825|978.37
1787254115|20260821032835|978.19
1787254125|20260821032845|978.14
1787254130|20260821032850|978.10
1787254135|20260821032855|978.10
1787254145|20260821032905|978.14
1787254150|20260821032910|978.21
1787254155|20260821032915|978.19
1787254160|20260821032920|978.13
1787254165|20260821032925|978.03
1787254170|20260821032930|978.05
1787254175|20260821032935|978.08
1787254180|20260821032940|978.08
1787254190|20260821032950|977.95
1787254200|20260821033000|977.90
1787254205|20260821033005|977.77
1787254210|20260821033010|977.91
1787254220|20260821033020|977.91
1787254225|20260821033025|977.98
1787254230|20260821033030|978.03
1787254235|20260821033035|978.13
1787254240|20260821033040|978.07
1787254245|20260821033045|978.10
1787254255|20260821033055|978.13
1787254265|20260821033105|977.99
1787254270|20260821033110|977.97
1787254275|20260821033115|978.06
1787254280|20260821033120|978.13
1787254285|20260821033125|978.08
1787254295|20260821033135|978.10
1787254300|20260821033140|978.08
1787254305|20260821033145|978.03
1787254325|20260821033205|978.11
1787254335|20260821033215|978.17
1787254340|20260821033220|978.12
1787254355|20260821033235|978.24
1787254360|20260821033240|978.25
1787254365|20260821033245|978.00
1787254380|20260821033300|978.25
1787254390|20260821033310|978.15
1787254395|20260821033315|978.16
1787254400|20260821033320|978.14
1787254405|20260821033325|978.19
1787254420|20260821033340|978.26
1787254425|20260821033345|978.24
1787254435|20260821033355|978.15
1787254445|20260821033405|978.13
1787254455|20260821033415|978.10
1787254460|20260821033420|978.16
1787254465|20260821033425|978.15
1787254500|20260821033500|978.25
1787254505|20260821033505|978.08
1787254510|20260821033510|978.10
1787254515|20260821033515|978.05
1787254520|20260821033520|978.00
1787254535|20260821033535|978.00
1787254540|20260821033540|978.11
1787254545|20260821033545|978.06
1787254550|20260821033550|978.14
1787254555|20260821033555|978.14
1787254560|20260821033600|978.26
1787254565|20260821033605|978.26
1787254570|20260821033610|978.31
1787254575|20260821033615|978.31
1787254595|20260821033635|978.22
1787254600|20260821033640|978.27
1787254610|20260821033650|978.24
1787254620|20260821033700|978.53
1787254625|20260821033705|978.52
1787254630|20260821033710|978.44
1787254635|20260821033715|978.40
1787254640|20260821033720|978.38
1787254645|20260821033725|978.42
1787254655|20260821033735|978.41
1787254660|20260821033740|978.51
1787254665|20260821033745|978.60
1787254675|20260821033755|978.64
1787254685|20260821033805|978.93
1787254695|20260821033815|979.27
1787254700|20260821033820|979.35
1787254715|20260821033835|979.21
1787254720|20260821033840|979.07
1787254725|20260821033845|978.94
1787254730|20260821033850|978.94
1787254740|20260821033900|979.01
1787254745|20260821033905|979.05
1787254750|20260821033910|979.03
1787254755|20260821033915|979.06
1787254760|20260821033920|979.14
1787254765|20260821033925|979.12
1787254800|20260821034000|979.26
1787254805|20260821034005|979.26
1787254810|20260821034010|979.23
1787254815|20260821034015|979.17
1787254825|20260821034025|979.21
1787254830|20260821034030|979.17
1787254835|20260821034035|979.11
1787254840|20260821034040|979.06
1787254845|20260821034045|979.08
1787254855|20260821034055|979.10
1787254865|20260821034105|978.90
1787254870|20260821034110|978.88
1787254875|20260821034115|978.94
1787254895|20260821034135|978.94
1787254900|20260821034140|979.01
1787254910|20260821034150|978.95
1787254915|20260821034155|978.95
1787254920|20260821034200|979.01
1787254925|20260821034205|979.03
1787254930|20260821034210|979.03
1787254935|20260821034215|979.03
1787254940|20260821034220|979.02
1787254945|20260821034225|979.04
1787254950|20260821034230|979.02
1787254955|20260821034235|979.04
1787254960|20260821034240|978.83
1787254965|20260821034245|978.85
1787254970|20260821034250|978.90
1787254975|20260821034255|978.86
1787254980|20260821034300|978.77
1787254985|20260821034305|978.67
1787254995|20260821034315|978.79
1787255000|20260821034320|979.05
1787255005|20260821034325|979.04
1787255015|20260821034335|978.92
1787255020|20260821034340|978.98
1787255025|20260821034345|978.94
1787255030|20260821034350|978.96
1787255035|20260821034355|978.93
1787255050|20260821034410|978.91
1787255065|20260821034425|978.88
1787255100|20260821034500|978.73
1787255110|20260821034510|978.46
1787255115|20260821034515|978.53
1787255120|20260821034520|978.58
1787255125|20260821034525|978.79
1787255135|20260821034535|978.79
1787255140|20260821034540|978.72
1787255145|20260821034545|978.78
1787255150|20260821034550|978.79
1787255155|20260821034555|978.79
1787255165|20260821034605|978.99
1787255170|20260821034610|978.97
1787255175|20260821034615|979.05
1787255180|20260821034620|979.02
1787255195|20260821034635|978.84
1787255200|20260821034640|978.85
1787255205|20260821034645|978.85
1787255210|20260821034650|978.78
1787255215|20260821034655|978.74
1787255225|20260821034705|978.63
1787255230|20260821034710|978.62
1787255235|20260821034715|978.54
1787255240|20260821034720|978.48
1787255255|20260821034735|978.62
1787255260|20260821034740|978.64
1787255265|20260821034745|978.69
1787255275|20260821034755|978.60
1787255280|20260821034800|978.60
1787255285|20260821034805|978.59
1787255290|20260821034810|978.61
1787255295|20260821034815|978.60
1787255300|20260821034820|978.56
1787255315|20260821034835|978.86
1787255320|20260821034840|978.93
1787255325|20260821034845|979.02
1787255330|20260821034850|979.05
1787255335|20260821034855|979.09
1787255345|20260821034905|979.28
1787255350|20260821034910|979.24
1787255355|20260821034915|979.35
1787255360|20260821034920|979.41
1787255400|20260821035000|979.22
1787255405|20260821035005|979.26
1787255410|20260821035010|979.20
1787255420|20260821035020|979.36
1787255435|20260821035035|979.71
1787255440|20260821035040|979.48
1787255445|20260821035045|979.53
1787255450|20260821035050|979.59
1787255460|20260821035100|979.67
1787255465|20260821035105|979.70
1787255480|20260821035120|979.72
1787255485|20260821035125|979.62
1787255495|20260821035135|979.60
1787255505|20260821035145|979.30
1787255510|20260821035150|979.27
1787255515|20260821035155|979.29
1787255520|20260821035200|979.28
1787255525|20260821035205|979.18
1787255530|20260821035210|979.18
1787255535|20260821035215|979.15
1787255540|20260821035220|979.12
1787255555|20260821035235|979.23
1787255560|20260821035240|979.20
1787255565|20260821035245|979.20
1787255570|20260821035250|979.36
1787255580|20260821035300|979.42
1787255590|20260821035310|979.41
1787255595|20260821035315|979.45
1787255600|20260821035320|979.39
1787255605|20260821035325|979.38
1787255615|20260821035335|979.58
1787255620|20260821035340|979.63
1787255625|20260821035345|979.68
1787255630|20260821035350|979.62
1787255635|20260821035355|979.69
1787255640|20260821035400|979.75
1787255645|20260821035405|979.86
1787255650|20260821035410|979.83
1787255655|20260821035415|979.90
1787255660|20260821035420|979.82
1787255665|20260821035425|979.88
1787255700|20260821035500|979.68
1787255705|20260821035505|979.63
1787255710|20260821035510|979.62
1787255715|20260821035515|979.66
1787255720|20260821035520|979.70
1787255725|20260821035525|979.70
1787255735|20260821035535|979.68
1787255740|20260821035540|979.72
1787255745|20260821035545|979.73
1787255755|20260821035555|979.71
1787255765|20260821035605|979.71
1787255780|20260821035620|979.54
1787255785|20260821035625|979.55
1787255795|20260821035635|979.58
1787255800|20260821035640|979.31
1787255805|20260821035645|979.25
1787255810|20260821035650|979.20
1787255815|20260821035655|979.30
1787255820|20260821035700|979.26
1787255830|20260821035710|979.22
1787255835|20260821035715|979.09
1787255840|20260821035720|979.08
1787255865|20260821035745|979.10
1787255870|20260821035750|979.18
1787255875|20260821035755|979.16
1787255880|20260821035800|979.15
1787255885|20260821035805|979.16
1787255890|20260821035810|979.26
1787255895|20260821035815|979.23
1787255900|20260821035820|979.21
1787255905|20260821035825|979.07
1787255915|20260821035835|979.14
1787255920|20260821035840|979.11
1787255925|20260821035845|979.12
1787255930|20260821035850|979.15
1787255935|20260821035855|979.13
1787255945|20260821035905|979.06
1787255955|20260821035915|979.02
1787256000|20260821040000|979.05
1787256010|20260821040010|979.20
1787256015|20260821040015|979.18
1787256020|20260821040020|979.18
1787256035|20260821040035|979.15
1787256040|20260821040040|979.22
1787256045|20260821040045|979.14
1787256050|20260821040050|979.24
1787256055|20260821040055|979.19
1787256080|20260821040120|979.05
1787256085|20260821040125|979.05
1787256095|20260821040135|979.07
1787256100|20260821040140|979.06
1787256105|20260821040145|978.98
1787256115|20260821040155|978.95
1787256125|20260821040205|978.73
1787256130|20260821040210|978.78
1787256135|20260821040215|978.71
1787256140|20260821040220|978.72
1787256155|20260821040235|978.68
1787256160|20260821040240|978.73
1787256175|20260821040255|978.73
1787256180|20260821040300|978.78
1787256185|20260821040305|978.85
1787256200|20260821040320|978.92
1787256205|20260821040325|978.89
1787256215|20260821040335|979.02
1787256220|20260821040340|978.92
1787256225|20260821040345|979.04
1787256230|20260821040350|979.02
1787256245|20260821040405|979.04
1787256250|20260821040410|979.00
1787256255|20260821040415|979.00
1787256300|20260821040500|978.84
1787256305|20260821040505|978.85
1787256310|20260821040510|978.85
1787256315|20260821040515|978.93
1787256320|20260821040520|978.93
1787256345|20260821040545|978.85
1787256350|20260821040550|978.89
1787256355|20260821040555|978.85
1787256360|20260821040600|978.89
1787256365|20260821040605|978.87
1787256375|20260821040615|978.79
1787256380|20260821040620|978.79
1787256385|20260821040625|978.64
1787256395|20260821040635|978.62
1787256400|20260821040640|978.61
1787256405|20260821040645|978.62
1787256410|20260821040650|978.64
1787256415|20260821040655|978.60
1787256420|20260821040700|978.66
1787256430|20260821040710|978.49
1787256435|20260821040715|978.51
1787256440|20260821040720|978.47
1787256445|20260821040725|978.49
1787256455|20260821040735|978.51
1787256460|20260821040740|978.50
1787256465|20260821040745|978.47
1787256470|20260821040750|978.49
1787256475|20260821040755|978.49
1787256485|20260821040805|978.22
1787256490|20260821040810|978.25
1787256495|20260821040815|977.93
1787256500|20260821040820|977.95
1787256515|20260821040835|977.96
1787256520|20260821040840|977.96
1787256525|20260821040845|977.92
1787256530|20260821040850|977.95
1787256535|20260821040855|977.96
1787256545|20260821040905|977.99
1787256550|20260821040910|977.98
1787256555|20260821040915|977.94
1787256560|20260821040920|977.99
1787256565|20260821040925|977.97
1787256600|20260821041000|977.96
1787256605|20260821041005|978.08
1787256610|20260821041010|978.06
1787256615|20260821041015|978.02
1787256620|20260821041020|978.07
1787256625|20260821041025|978.08
1787256635|20260821041035|978.21
1787256640|20260821041040|978.28
1787256645|20260821041045|978.29
1787256650|20260821041050|978.24
1787256665|20260821041105|978.24
1787256670|20260821041110|978.27
1787256675|20260821041115|978.30
1787256685|20260821041125|978.33
1787256700|20260821041140|978.24
1787256710|20260821041150|978.27
1787256725|20260821041205|978.27
1787256730|20260821041210|978.24
1787256740|20260821041220|978.25
1787256745|20260821041225|978.30
1787256755|20260821041235|978.18
1787256760|20260821041240|978.21
1787256765|20260821041245|978.21
1787256770|20260821041250|978.18
1787256780|20260821041300|978.28
1787256785|20260821041305|978.20
1787256795|20260821041315|978.17
1787256800|20260821041320|978.16
1787256805|20260821041325|978.18
1787256815|20260821041335|978.17
1787256820|20260821041340|978.17
1787256825|20260821041345|978.04
1787256830|20260821041350|977.94
1787256835|20260821041355|977.93
1787256845|20260821041405|977.97
1787256850|20260821041410|977.94
1787256855|20260821041415|977.92
1787256860|20260821041420|977.96
1787256880|20260821041440|977.96
1787256900|20260821041500|977.87
1787256905|20260821041505|977.84
1787256910|20260821041510|977.83
1787256915|20260821041515|977.88
1787256920|20260821041520|977.81
1787256925|20260821041525|977.83
1787256935|20260821041535|977.90
1787256940|20260821041540|977.86
1787256945|20260821041545|977.83
1787256950|20260821041550|977.74
1787256955|20260821041555|977.71
1787256965|20260821041605|977.79
1787256970|20260821041610|977.79
1787256975|20260821041615|977.80
1787256980|20260821041620|977.78
1787256985|20260821041625|977.83
1787256995|20260821041635|977.83
1787257000|20260821041640|977.83
1787257005|20260821041645|977.78
1787257010|20260821041650|977.76
1787257015|20260821041655|977.76
1787257025|20260821041705|977.66
1787257035|20260821041715|977.66
1787257040|20260821041720|977.59
1787257045|20260821041725|977.52
1787257055|20260821041735|977.55
1787257060|20260821041740|977.60
1787257065|20260821041745|977.60
1787257080|20260821041800|977.61
1787257085|20260821041805|977.60
1787257090|20260821041810|977.62
1787257095|20260821041815|977.62
1787257100|20260821041820|977.65
1787257105|20260821041825|977.65
1787257115|20260821041835|977.68
1787257130|20260821041850|977.71
1787257135|20260821041855|977.74
1787257150|20260821041910|977.62
1787257160|20260821041920|977.64
1787257165|20260821041925|977.64
1787257200|20260821042000|977.74
1787257205|20260821042005|977.73
1787257210|20260821042010|977.76
1787257215|20260821042015|977.75
1787257220|20260821042020|977.69
1787257225|20260821042025|977.70
1787257235|20260821042035|977.69
1787257240|20260821042040|977.69
1787257245|20260821042045|977.71
1787257260|20260821042100|977.72
1787257270|20260821042110|977.71
1787257275|20260821042115|977.72
1787257285|20260821042125|977.71
1787257295|20260821042135|977.70
1787257300|20260821042140|977.71
1787257305|20260821042145|977.70
1787257310|20260821042150|977.70
1787257315|20260821042155|977.69
1787257325|20260821042205|977.71
1787257330|20260821042210|977.61
1787257335|20260821042215|977.61
1787257345|20260821042225|977.61
1787257355|20260821042235|977.60
1787257360|20260821042240|977.60
1787257365|20260821042245|977.72
1787257375|20260821042255|977.64
1787257380|20260821042300|977.60
1787257385|20260821042305|977.63
1787257390|20260821042310|977.70
1787257395|20260821042315|977.66
1787257400|20260821042320|977.61
1787257405|20260821042325|977.67
1787257415|20260821042335|977.62
1787257420|20260821042340|977.60
1787257430|20260821042350|977.51
1787257435|20260821042355|977.65
1787257445|20260821042405|977.59
1787257450|20260821042410|977.66
1787257455|20260821042415|977.75
1787257460|20260821042420|977.77
1787257500|20260821042500|977.58
1787257505|20260821042505|977.63
1787257515|20260821042515|977.66
1787257520|20260821042520|977.50
1787257525|20260821042525|977.50
1787257535|20260821042535|977.45
1787257540|20260821042540|977.46
1787257545|20260821042545|977.50
1787257555|20260821042555|977.48
1787257565|20260821042605|977.51
1787257570|20260821042610|977.52
1787257575|20260821042615|977.47
1787257580|20260821042620|977.46
1787257585|20260821042625|977.48
1787257595|20260821042635|977.49
1787257605|20260821042645|977.48
1787257620|20260821042700|977.46
1787257625|20260821042705|977.40
1787257630|20260821042710|977.42
1787257635|20260821042715|977.43
1787257640|20260821042720|977.51
1787257645|20260821042725|977.60
1787257655|20260821042735|977.59
1787257660|20260821042740|977.60
1787257665|20260821042745|977.61
1787257670|20260821042750|977.61
1787257675|20260821042755|977.63
1787257685|20260821042805|977.64
1787257690|20260821042810|977.60
1787257705|20260821042825|977.59
1787257715|20260821042835|977.54
1787257725|20260821042845|977.54
1787257730|20260821042850|977.54
1787257735|20260821042855|977.54
1787257745|20260821042905|977.55
1787257750|20260821042910|977.69
1787257755|20260821042915|977.60
1787257760|20260821042920|977.59
1787257775|20260821042935|977.46
1787257800|20260821043000|977.49
1787257805|20260821043005|977.35
1787257810|20260821043010|977.42
1787257815|20260821043015|977.40
1787257820|20260821043020|977.51
1787257825|20260821043025|977.45
1787257835|20260821043035|977.37
1787257840|20260821043040|977.40
1787257845|20260821043045|977.38
1787257850|20260821043050|977.43
1787257855|20260821043055|977.46
1787257865|20260821043105|977.46
1787257870|20260821043110|977.47
1787257875|20260821043115|977.23
1787257885|20260821043125|977.21
1787257895|20260821043135|977.20
1787257900|20260821043140|977.20
1787257905|20260821043145|977.16
1787257910|20260821043150|977.16
1787257915|20260821043155|977.22
1787257925|20260821043205|977.20
1787257930|20260821043210|977.17
1787257935|20260821043215|977.19
1787257940|20260821043220|977.21
1787257955|20260821043235|977.16
1787257960|20260821043240|977.14
1787257965|20260821043245|977.15
1787257970|20260821043250|977.13
1787257975|20260821043255|977.16
1787257985|20260821043305|977.09
1787257990|20260821043310|977.11
1787257995|20260821043315|977.01
1787258000|20260821043320|977.05
1787258005|20260821043325|977.05
1787258015|20260821043335|977.04
1787258020|20260821043340|977.07
1787258025|20260821043345|977.05
1787258030|20260821043350|976.95
1787258035|20260821043355|976.89
1787258050|20260821043410|976.82
1787258055|20260821043415|976.81
1787258060|20260821043420|976.70
1787258065|20260821043425|976.65
1787258100|20260821043500|976.87
1787258105|20260821043505|976.77
1787258115|20260821043515|976.80
1787258120|20260821043520|976.81
1787258125|20260821043525|976.80
1787258135|20260821043535|976.94
1787258140|20260821043540|976.94
1787258145|20260821043545|976.92
1787258155|20260821043555|976.91
1787258160|20260821043600|976.85
1787258165|20260821043605|976.73
1787258175|20260821043615|976.77
1787258180|20260821043620|976.79
1787258185|20260821043625|976.85
1787258195|20260821043635|976.88
1787258200|20260821043640|976.84
1787258205|20260821043645|976.87
1787258210|20260821043650|976.86
1787258215|20260821043655|976.86
1787258220|20260821043700|976.77
1787258225|20260821043705|976.81
1787258235|20260821043715|976.81
1787258240|20260821043720|976.82
1787258245|20260821043725|976.86
1787258255|20260821043735|976.84
1787258260|20260821043740|976.81
1787258265|20260821043745|976.80
1787258270|20260821043750|976.80
1787258275|20260821043755|976.83
1787258285|20260821043805|976.87
1787258295|20260821043815|976.91
1787258305|20260821043825|976.95
1787258315|20260821043835|976.96
1787258320|20260821043840|976.99
1787258325|20260821043845|977.00
1787258330|20260821043850|977.00
1787258335|20260821043855|976.99
1787258340|20260821043900|977.00
1787258345|20260821043905|976.88
1787258350|20260821043910|976.88
1787258355|20260821043915|976.85
1787258360|20260821043920|976.81
1787258365|20260821043925|976.83
1787258380|20260821043940|976.81
1787258400|20260821044000|976.86
1787258405|20260821044005|976.80
1787258410|20260821044010|976.85
1787258420|20260821044020|976.87
1787258425|20260821044025|976.93
1787258440|20260821044040|976.97
1787258450|20260821044050|976.99
1787258455|20260821044055|976.97
1787258460|20260821044100|976.93
1787258465|20260821044105|976.93
1787258470|20260821044110|976.98
1787258475|20260821044115|976.93
1787258480|20260821044120|976.98
1787258485|20260821044125|976.97
1787258495|20260821044135|976.96
1787258500|20260821044140|976.95
1787258505|20260821044145|976.94
1787258510|20260821044150|976.91
1787258515|20260821044155|976.93
1787258525|20260821044205|976.91
1787258530|20260821044210|976.95
1787258535|20260821044215|976.95
1787258540|20260821044220|976.94
1787258545|20260821044225|976.97
1787258555|20260821044235|976.97
1787258560|20260821044240|976.96
1787258565|20260821044245|976.94
1787258570|20260821044250|976.86
1787258575|20260821044255|976.92
1787258590|20260821044310|976.92
1787258595|20260821044315|976.90
1787258600|20260821044320|976.91
1787258620|20260821044340|977.02
1787258630|20260821044350|976.98
1787258635|20260821044355|976.95
1787258645|20260821044405|977.00
1787258650|20260821044410|976.98
1787258655|20260821044415|977.00
1787258660|20260821044420|976.98
1787258665|20260821044425|976.90
1787258700|20260821044500|976.94
1787258705|20260821044505|976.94
1787258710|20260821044510|976.91
1787258715|20260821044515|976.93
1787258720|20260821044520|976.97
1787258725|20260821044525|976.92
1787258735|20260821044535|976.95
1787258740|20260821044540|976.98
1787258745|20260821044545|976.99
1787258750|20260821044550|976.99
1787258755|20260821044555|976.97
1787258765|20260821044605|977.00
1787258770|20260821044610|977.00
1787258775|20260821044615|977.08
1787258780|20260821044620|977.08
1787258785|20260821044625|977.08
1787258795|20260821044635|977.06
1787258800|20260821044640|977.06
1787258805|20260821044645|977.04
1787258815|20260821044655|977.05
1787258825|20260821044705|977.05
1787258830|20260821044710|977.04
1787258835|20260821044715|977.05
1787258840|20260821044720|977.07
1787258845|20260821044725|977.06
1787258855|20260821044735|977.07
1787258860|20260821044740|977.08
1787258870|20260821044750|976.96
1787258875|20260821044755|976.94
1787258885|20260821044805|976.93
1787258890|20260821044810|976.94
1787258895|20260821044815|976.94
1787258900|20260821044820|976.89
1787258905|20260821044825|976.91
1787258915|20260821044835|976.92
1787258920|20260821044840|976.93
1787258925|20260821044845|976.89
1787258930|20260821044850|976.92
1787258935|20260821044855|976.90
1787258950|20260821044910|976.94
1787258955|20260821044915|976.91
1787258960|20260821044920|976.91
1787259000|20260821045000|976.96
1787259005|20260821045005|976.93
1787259025|20260821045025|976.93
1787259035|20260821045035|976.98
1787259050|20260821045050|977.01
1787259055|20260821045055|977.01
1787259070|20260821045110|977.05
1787259080|20260821045120|977.12
1787259095|20260821045135|977.13
1787259100|20260821045140|977.22
1787259110|20260821045150|977.36
1787259115|20260821045155|977.40
1787259125|20260821045205|977.40
1787259130|20260821045210|977.42
1787259135|20260821045215|977.42
1787259140|20260821045220|977.47
1787259145|20260821045225|977.49
1787259155|20260821045235|977.51
1787259160|20260821045240|977.53
1787259165|20260821045245|977.54
1787259170|20260821045250|977.55
1787259175|20260821045255|977.55
1787259185|20260821045305|977.48
1787259190|20260821045310|977.51
1787259195|20260821045315|977.48
1787259200|20260821045320|977.50
1787259215|20260821045335|977.50
1787259220|20260821045340|977.46
1787259230|20260821045350|977.46
1787259245|20260821045405|977.40
1787259250|20260821045410|977.36
1787259255|20260821045415|977.33
1787259260|20260821045420|977.30
1787259265|20260821045425|977.34
1787259295|20260821045455|977.20
1787259300|20260821045500|977.23
1787259305|20260821045505|977.24
1787259310|20260821045510|977.22
1787259320|20260821045520|977.27
1787259335|20260821045535|977.20
1787259340|20260821045540|977.14
1787259345|20260821045545|977.08
1787259350|20260821045550|977.07
1787259355|20260821045555|977.08
1787259360|20260821045600|977.15
1787259365|20260821045605|977.20
1787259370|20260821045610|977.24
1787259375|20260821045615|977.26
1787259380|20260821045620|977.17
1787259385|20260821045625|977.18
1787259395|20260821045635|977.16
1787259400|20260821045640|977.18
1787259410|20260821045650|977.16
1787259425|20260821045705|977.12
1787259430|20260821045710|977.15
1787259435|20260821045715|977.15
1787259440|20260821045720|977.14
1787259445|20260821045725|977.08
1787259455|20260821045735|977.10
1787259465|20260821045745|977.06
1787259475|20260821045755|977.08
1787259480|20260821045800|977.07
1787259485|20260821045805|977.06
1787259500|20260821045820|977.13
1787259505|20260821045825|977.13
1787259515|20260821045835|977.16
1787259520|20260821045840|977.15
1787259525|20260821045845|977.16
1787259530|20260821045850|977.16
1787259535|20260821045855|977.17
1787259545|20260821045905|977.07
1787259550|20260821045910|977.08
1787263210|20260821060010|976.88
1787263215|20260821060015|976.88
1787263220|20260821060020|976.92
1787263225|20260821060025|976.92
1787263235|20260821060035|977.31
1787263240|20260821060040|977.42
1787263245|20260821060045|977.29
1787263250|20260821060050|977.33
1787263255|20260821060055|977.49
1787263265|20260821060105|977.44
1787263270|20260821060110|977.47
1787263275|20260821060115|977.43
1787263280|20260821060120|977.48
1787263295|20260821060135|977.27
1787263300|20260821060140|977.25
1787263305|20260821060145|977.34
1787263310|20260821060150|977.33
1787263315|20260821060155|977.35
1787263320|20260821060200|977.30
1787263325|20260821060205|977.34
1787263340|20260821060220|977.33
1787263355|20260821060235|977.29
1787263360|20260821060240|977.35
1787263370|20260821060250|977.29
1787263375|20260821060255|977.29
1787263390|20260821060310|977.26
1787263400|20260821060320|977.36
1787263405|20260821060325|977.34
1787263420|20260821060340|977.34
1787263430|20260821060350|977.29
1787263445|20260821060405|977.31
1787263460|20260821060420|977.48
1787263465|20260821060425|977.46
1787263500|20260821060500|977.26
1787263505|20260821060505|977.28
1787263515|20260821060515|977.30
1787263520|20260821060520|977.30
1787263525|20260821060525|977.28
1787263535|20260821060535|977.28
1787263540|20260821060540|977.32
1787263545|20260821060545|977.44
1787263550|20260821060550|977.45
1787263555|20260821060555|977.40
1787263560|20260821060600|977.45
1787263565|20260821060605|977.45
1787263570|20260821060610|977.44
1787263575|20260821060615|977.42
1787263580|20260821060620|977.52
1787263585|20260821060625|977.53
1787263600|20260821060640|977.42
1787263605|20260821060645|977.42
1787263610|20260821060650|977.40
1787263615|20260821060655|977.33
1787263625|20260821060705|977.41
1787263630|20260821060710|977.42
1787263640|20260821060720|977.43
1787263645|20260821060725|977.41
1787263655|20260821060735|977.24
1787263660|20260821060740|977.29
1787263665|20260821060745|977.28
1787263675|20260821060755|977.26
1787263685|20260821060805|977.28
1787263690|20260821060810|977.24
1787263695|20260821060815|977.24
1787263700|20260821060820|977.25
1787263705|20260821060825|977.25
1787263715|20260821060835|977.23
1787263720|20260821060840|977.24
1787263725|20260821060845|977.30
1787263740|20260821060900|977.23
1787263745|20260821060905|977.21
1787263750|20260821060910|977.19
1787263755|20260821060915|977.06
1787263760|20260821060920|977.05
1787263765|20260821060925|977.09
1787263780|20260821060940|976.98
1787263795|20260821060955|976.95
1787263800|20260821061000|976.93
1787263810|20260821061010|976.93
1787263820|20260821061020|976.91
1787263825|20260821061025|976.91
1787263835|20260821061035|976.91
1787263840|20260821061040|976.80
1787263845|20260821061045|976.77
1787263850|20260821061050|976.71
1787263855|20260821061055|976.66
1787263865|20260821061105|976.81
1787263870|20260821061110|976.81
1787263875|20260821061115|976.88
1787263880|20260821061120|976.83
1787263895|20260821061135|977.02
1787263900|20260821061140|977.03
1787263925|20260821061205|977.17
1787263930|20260821061210|977.22
1787263935|20260821061215|977.21
1787263940|20260821061220|977.22
1787263945|20260821061225|977.21
1787263955|20260821061235|977.18
1787263965|20260821061245|977.16
1787263975|20260821061255|976.95
1787263985|20260821061305|977.02
1787263995|20260821061315|977.01
1787264000|20260821061320|977.01
1787264005|20260821061325|977.00
1787264015|20260821061335|976.98
1787264025|20260821061345|976.93
1787264030|20260821061350|976.92
1787264035|20260821061355|976.91
1787264045|20260821061405|976.97
1787264050|20260821061410|977.05
1787264055|20260821061415|977.06
1787264060|20260821061420|977.06
1787264065|20260821061425|977.06
1787264100|20260821061500|976.96
1787264105|20260821061505|977.04
1787264115|20260821061515|977.08
1787264125|20260821061525|977.12
1787264135|20260821061535|977.25
1787264140|20260821061540|977.26
1787264145|20260821061545|977.26
1787264150|20260821061550|977.27
1787264155|20260821061555|977.30
1787264160|20260821061600|977.24
1787264165|20260821061605|977.14
1787264170|20260821061610|977.11
1787264175|20260821061615|977.11
1787264180|20260821061620|977.17
1787264185|20260821061625|977.14
1787264195|20260821061635|977.17
1787264200|20260821061640|977.15
1787264205|20260821061645|977.25
1787264210|20260821061650|977.25
1787264215|20260821061655|977.26
1787264225|20260821061705|977.27
1787264235|20260821061715|977.27
1787264240|20260821061720|977.27
1787264260|20260821061740|977.12
1787264265|20260821061745|977.22
1787264270|20260821061750|977.24
1787264275|20260821061755|977.30
1787264285|20260821061805|977.31
1787264290|20260821061810|977.27
1787264295|20260821061815|977.26
1787264300|20260821061820|977.24
1787264305|20260821061825|977.26
1787264315|20260821061835|977.22
1787264320|20260821061840|977.21
1787264325|20260821061845|977.18
1787264330|20260821061850|977.23
1787264335|20260821061855|977.21
1787264345|20260821061905|977.27
1787264355|20260821061915|977.31
1787264360|20260821061920|977.31
1787264405|20260821062005|977.27
1787264410|20260821062010|977.22
1787264415|20260821062015|977.20
1787264420|20260821062020|977.20
1787264425|20260821062025|977.28
1787264435|20260821062035|977.29
1787264440|20260821062040|977.28
1787264445|20260821062045|977.28
1787264450|20260821062050|977.29
1787264455|20260821062055|977.28
1787264460|20260821062100|977.26
1787264470|20260821062110|977.20
1787264475|20260821062115|977.18
1787264480|20260821062120|977.18
1787264485|20260821062125|977.19
1787264495|20260821062135|977.06
1787264500|20260821062140|977.05
1787264505|20260821062145|977.08
1787264510|20260821062150|977.03
1787264515|20260821062155|977.01
1787264520|20260821062200|977.04
1787264530|20260821062210|977.04
1787264535|20260821062215|977.06
1787264545|20260821062225|977.00
1787264555|20260821062235|976.94
1787264560|20260821062240|976.97
1787264565|20260821062245|977.04
1787264570|20260821062250|977.04
1787264575|20260821062255|977.00
1787264585|20260821062305|976.98
1787264590|20260821062310|976.96
1787264595|20260821062315|976.96
1787264600|20260821062320|976.94
1787264605|20260821062325|976.95
1787264615|20260821062335|976.94
1787264620|20260821062340|976.91
1787264625|20260821062345|976.88
1787264630|20260821062350|976.88
1787264635|20260821062355|976.87
1787264645|20260821062405|976.98
1787264650|20260821062410|976.93
1787264655|20260821062415|976.92
1787264660|20260821062420|976.95
1787264665|20260821062425|976.96
1787264700|20260821062500|976.97
1787264705|20260821062505|976.99
1787264710|20260821062510|976.98
1787264715|20260821062515|977.08
1787264720|20260821062520|977.05
1787264725|20260821062525|976.97
1787264735|20260821062535|977.02
1787264740|20260821062540|977.02
1787264745|20260821062545|977.07
1787264750|20260821062550|977.11
1787264755|20260821062555|977.11
1787264765|20260821062605|977.17
1787264770|20260821062610|977.17
1787264775|20260821062615|977.16
1787264780|20260821062620|977.12
1787264785|20260821062625|977.15
1787264795|20260821062635|977.13
1787264800|20260821062640|977.16
1787264805|20260821062645|977.13
1787264810|20260821062650|977.12
1787264815|20260821062655|977.12
1787264825|20260821062705|977.12
1787264830|20260821062710|977.11
1787264835|20260821062715|977.08
1787264840|20260821062720|977.12
1787264855|20260821062735|977.20
1787264860|20260821062740|977.24
1787264865|20260821062745|977.16
1787264875|20260821062755|977.32
1787264880|20260821062800|977.29
1787264885|20260821062805|977.35
1787264890|20260821062810|977.38
1787264900|20260821062820|977.38
1787264905|20260821062825|977.32
1787264915|20260821062835|977.45
1787264920|20260821062840|977.46
1787264925|20260821062845|977.41
1787264930|20260821062850|977.48
1787264935|20260821062855|977.31
1787264945|20260821062905|977.11
1787264950|20260821062910|977.08
1787264960|20260821062920|977.10
1787264965|20260821062925|977.10
1787265000|20260821063000|977.22
1787265005|20260821063005|977.19
1787265010|20260821063010|977.17
1787265015|20260821063015|977.13
1787265020|20260821063020|977.25
1787265025|20260821063025|977.31
1787265035|20260821063035|977.23
1787265040|20260821063040|977.23
1787265045|20260821063045|977.20
1787265050|20260821063050|977.02
1787265055|20260821063055|976.97
1787265060|20260821063100|977.07
1787265065|20260821063105|977.12
1787265070|20260821063110|977.12
1787265075|20260821063115|977.22
1787265080|20260821063120|977.30
1787265095|20260821063135|977.32
1787265100|20260821063140|977.24
1787265105|20260821063145|977.20
1787265110|20260821063150|977.19
1787265115|20260821063155|977.13
1787265125|20260821063205|977.20
1787265130|20260821063210|977.19
1787265145|20260821063225|977.11
1787265155|20260821063235|977.14
1787265160|20260821063240|977.14
1787265165|20260821063245|977.13
1787265170|20260821063250|977.12
1787265185|20260821063305|977.14
1787265190|20260821063310|977.16
1787265195|20260821063315|977.14
1787265200|20260821063320|977.16
1787265205|20260821063325|977.17
1787265215|20260821063335|977.17
1787265220|20260821063340|977.22
1787265225|20260821063345|977.27
1787265230|20260821063350|977.29
1787265235|20260821063355|977.27
1787265245|20260821063405|977.30
1787265250|20260821063410|977.26
1787265255|20260821063415|977.30
1787265260|20260821063420|977.27
1787265300|20260821063500|977.35
1787265305|20260821063505|977.26
1787265310|20260821063510|977.25
1787265315|20260821063515|977.26
1787265320|20260821063520|977.33
1787265325|20260821063525|977.38
1787265335|20260821063535|977.37
1787265340|20260821063540|977.36
1787265345|20260821063545|977.34
1787265355|20260821063555|977.38
1787265360|20260821063600|977.38
1787265365|20260821063605|977.36
1787265380|20260821063620|977.44
1787265405|20260821063645|977.41
1787265410|20260821063650|977.48
1787265415|20260821063655|977.49
1787265420|20260821063700|977.43
1787265425|20260821063705|977.44
1787265430|20260821063710|977.36
1787265435|20260821063715|977.37
1787265440|20260821063720|977.36
1787265460|20260821063740|977.46
1787265465|20260821063745|977.49
1787265470|20260821063750|977.51
1787265475|20260821063755|977.49
1787265485|20260821063805|977.52
1787265490|20260821063810|977.52
1787265495|20260821063815|977.48
1787265500|20260821063820|977.50
1787265505|20260821063825|977.48
1787265515|20260821063835|977.52
1787265520|20260821063840|977.64
1787265525|20260821063845|977.87
1787265530|20260821063850|977.85
1787265535|20260821063855|977.85
1787265540|20260821063900|977.78
1787265555|20260821063915|977.71
1787265560|20260821063920|977.74
1787265565|20260821063925|977.76
1787265600|20260821064000|977.68
1787265605|20260821064005|977.64
1787265610|20260821064010|977.67
1787265615|20260821064015|977.68
1787265620|20260821064020|977.74
1787265625|20260821064025|977.68
1787265630|20260821064030|977.71
1787265635|20260821064035|977.65
1787265640|20260821064040|977.60
1787265655|20260821064055|977.73
1787265665|20260821064105|977.76
1787265670|20260821064110|977.76
1787265675|20260821064115|977.77
1787265680|20260821064120|977.74
1787265695|20260821064135|977.76
1787265700|20260821064140|977.81
1787265705|20260821064145|977.80
1787265710|20260821064150|977.83
1787265715|20260821064155|977.84
1787265720|20260821064200|977.83
1787265725|20260821064205|977.82
1787265735|20260821064215|977.80
1787265740|20260821064220|977.80
1787265755|20260821064235|977.83
1787265760|20260821064240|977.82
1787265765|20260821064245|977.80
1787265770|20260821064250|977.80
1787265775|20260821064255|977.85
1787265785|20260821064305|977.91
1787265790|20260821064310|977.94
1787265795|20260821064315|978.00
1787265800|20260821064320|977.99
1787265805|20260821064325|977.92
1787265825|20260821064345|978.05
1787265830|20260821064350|978.00
1787265835|20260821064355|978.02
1787265840|20260821064400|978.05
1787265845|20260821064405|978.00
1787265850|20260821064410|978.05
1787265860|20260821064420|978.07
1787265865|20260821064425|978.08
1787265895|20260821064455|977.93
1787265900|20260821064500|977.91
1787265905|20260821064505|977.89
1787265910|20260821064510|978.00
1787265915|20260821064515|978.00
1787265920|20260821064520|977.99
1787265935|20260821064535|978.05
1787265940|20260821064540|978.05
1787265945|20260821064545|978.02
1787265950|20260821064550|978.03
1787265955|20260821064555|978.01
1787265960|20260821064600|978.03
1787265965|20260821064605|978.06
1787265970|20260821064610|978.06
1787265975|20260821064615|978.03
1787265980|20260821064620|978.05
1787265985|20260821064625|978.06
1787265995|20260821064635|978.06
1787266005|20260821064645|977.93
1787266010|20260821064650|977.95
1787266015|20260821064655|977.89
1787266020|20260821064700|977.87
1787266025|20260821064705|977.78
1787266040|20260821064720|977.71
1787266045|20260821064725|977.72
1787266055|20260821064735|977.77
1787266060|20260821064740|977.58
1787266065|20260821064745|977.49
1787266070|20260821064750|977.24
1787266075|20260821064755|977.52
1787266085|20260821064805|977.40
1787266090|20260821064810|977.46
1787266095|20260821064815|977.49
1787266100|20260821064820|977.44
1787266115|20260821064835|977.37
1787266120|20260821064840|977.47
1787266125|20260821064845|977.44
1787266135|20260821064855|977.41
1787266145|20260821064905|977.43
1787266150|20260821064910|977.59
1787266155|20260821064915|977.60
1787266205|20260821065005|977.78
1787266220|20260821065020|977.75
1787266225|20260821065025|977.75
1787266240|20260821065040|977.74
1787266245|20260821065045|977.74
1787266255|20260821065055|977.72
1787266260|20260821065100|977.80
1787266265|20260821065105|977.80
1787266270|20260821065110|977.78
1787266275|20260821065115|977.78
1787266280|20260821065120|977.84
1787266285|20260821065125|977.83
1787266295|20260821065135|977.81
1787266300|20260821065140|977.86
1787266305|20260821065145|977.91
1787266310|20260821065150|977.94
1787266315|20260821065155|977.97
1787266330|20260821065210|977.95
1787266345|20260821065225|977.99
1787266355|20260821065235|978.01
1787266360|20260821065240|978.06
1787266365|20260821065245|978.07
1787266370|20260821065250|978.12
1787266375|20260821065255|978.12
1787266385|20260821065305|978.15
1787266390|20260821065310|978.17
1787266395|20260821065315|978.16
1787266400|20260821065320|978.18
1787266405|20260821065325|978.16
1787266415|20260821065335|978.12
1787266420|20260821065340|978.17
1787266425|20260821065345|978.17
1787266430|20260821065350|978.18
1787266435|20260821065355|978.21
1787266445|20260821065405|978.20
1787266450|20260821065410|978.14
1787266455|20260821065415|978.12
1787266460|20260821065420|978.12
1787266465|20260821065425|978.12
1787266500|20260821065500|978.15
1787266505|20260821065505|978.09
1787266510|20260821065510|978.08
1787266515|20260821065515|978.12
1787266520|20260821065520|978.13
1787266525|20260821065525|978.09
1787266535|20260821065535|978.14
1787266540|20260821065540|978.17
1787266545|20260821065545|978.20
1787266550|20260821065550|978.19
1787266555|20260821065555|978.19
1787266565|20260821065605|978.10
1787266570|20260821065610|978.10
1787266575|20260821065615|978.08
1787266580|20260821065620|978.11
1787266585|20260821065625|978.11
1787266595|20260821065635|978.20
1787266600|20260821065640|978.20
1787266605|20260821065645|978.14
1787266610|20260821065650|978.12
1787266630|20260821065710|978.15
1787266635|20260821065715|978.17
1787266640|20260821065720|978.19
1787266645|20260821065725|978.17
1787266655|20260821065735|978.15
1787266660|20260821065740|978.12
1787266670|20260821065750|978.12
1787266675|20260821065755|978.09
1787266690|20260821065810|978.23
1787266700|20260821065820|978.16
1787266705|20260821065825|978.16
1787266715|20260821065835|978.21
1787266720|20260821065840|978.19
1787266725|20260821065845|978.18
1787266730|20260821065850|978.16
1787266735|20260821065855|978.16
1787266740|20260821065900|978.14
1787266745|20260821065905|978.12
1787266750|20260821065910|978.13
1787266755|20260821065915|978.10
1787266800|20260821070000|978.22
1787266805|20260821070005|978.22
1787266815|20260821070015|978.26
1787266820|20260821070020|978.21
1787266825|20260821070025|978.25
1787266835|20260821070035|978.18
1787266840|20260821070040|978.22
1787266845|20260821070045|978.21
1787266850|20260821070050|978.20
1787266865|20260821070105|978.13
1787266870|20260821070110|978.16
1787266875|20260821070115|978.11
1787266880|20260821070120|978.08
1787266885|20260821070125|978.19
1787266895|20260821070135|978.16
1787266900|20260821070140|978.27
1787266905|20260821070145|978.27
1787266925|20260821070205|978.34
1787266935|20260821070215|978.33
1787266945|20260821070225|978.54
1787266955|20260821070235|978.62
1787266960|20260821070240|978.61
1787266970|20260821070250|978.73
1787266975|20260821070255|978.92
1787266985|20260821070305|978.84
1787266990|20260821070310|978.90
1787267000|20260821070320|978.85
1787267005|20260821070325|978.86
1787267015|20260821070335|979.19
1787267020|20260821070340|979.22
1787267030|20260821070350|979.43
1787267035|20260821070355|979.40
1787267045|20260821070405|979.27
1787267055|20260821070415|979.22
1787267060|20260821070420|979.22
1787267065|20260821070425|979.25
1787267100|20260821070500|979.29
1787267105|20260821070505|979.31
1787267110|20260821070510|979.33
1787267115|20260821070515|979.34
1787267120|20260821070520|979.32
1787267125|20260821070525|979.37
1787267135|20260821070535|979.33
1787267140|20260821070540|979.34
1787267145|20260821070545|979.37
1787267155|20260821070555|979.36
1787267160|20260821070600|979.41
1787267165|20260821070605|979.41
1787267175|20260821070615|979.48
1787267180|20260821070620|979.49
1787267185|20260821070625|979.47
1787267195|20260821070635|979.40
1787267200|20260821070640|979.33
1787267205|20260821070645|979.25
1787267210|20260821070650|979.25
1787267215|20260821070655|979.24
1787267220|20260821070700|979.28
1787267225|20260821070705|979.36
1787267230|20260821070710|979.46
1787267235|20260821070715|979.46
1787267240|20260821070720|979.43
1787267255|20260821070735|979.11
1787267260|20260821070740|979.07
1787267265|20260821070745|979.08
1787267270|20260821070750|979.07
1787267275|20260821070755|979.10
1787267285|20260821070805|979.11
1787267290|20260821070810|979.09
1787267295|20260821070815|979.09
1787267300|20260821070820|978.85
1787267305|20260821070825|978.92
1787267315|20260821070835|978.71
1787267320|20260821070840|978.75
1787267330|20260821070850|978.56
1787267335|20260821070855|978.45
1787267355|20260821070915|978.66
1787267360|20260821070920|978.81
1787267365|20260821070925|978.83
1787267405|20260821071005|978.99
1787267415|20260821071015|978.87
1787267420|20260821071020|978.92
1787267425|20260821071025|978.94
1787267435|20260821071035|978.93
1787267440|20260821071040|979.06
1787267445|20260821071045|979.05
1787267450|20260821071050|979.06
1787267455|20260821071055|979.05
1787267465|20260821071105|979.12
1787267470|20260821071110|979.11
1787267475|20260821071115|979.21
1787267480|20260821071120|979.18
1787267485|20260821071125|979.30
1787267495|20260821071135|979.23
1787267500|20260821071140|979.21
1787267505|20260821071145|979.21
1787267510|20260821071150|979.19
1787267520|20260821071200|979.21
1787267525|20260821071205|979.21
1787267530|20260821071210|979.21
1787267535|20260821071215|979.26
1787267540|20260821071220|979.52
1787267555|20260821071235|979.65
1787267565|20260821071245|980.03
1787267575|20260821071255|979.92
1787267585|20260821071305|979.74
1787267590|20260821071310|979.74
1787267595|20260821071315|979.70
1787267600|20260821071320|979.76
1787267615|20260821071335|979.76
1787267620|20260821071340|979.78
1787267625|20260821071345|979.84
1787267635|20260821071355|979.82
1787267645|20260821071405|979.78
1787267650|20260821071410|979.91
1787267660|20260821071420|979.79
1787267665|20260821071425|979.77
1787267700|20260821071500|979.86
1787267705|20260821071505|979.86
1787267710|20260821071510|979.86
1787267715|20260821071515|979.86
1787267720|20260821071520|979.83
1787267725|20260821071525|979.86
1787267735|20260821071535|979.88
1787267740|20260821071540|979.88
1787267745|20260821071545|979.81
1787267750|20260821071550|979.69
1787267755|20260821071555|979.72
1787267770|20260821071610|979.67
1787267775|20260821071615|979.62
1787267780|20260821071620|979.76
1787267785|20260821071625|979.75
1787267795|20260821071635|979.80
1787267800|20260821071640|979.80
1787267805|20260821071645|979.82
1787267810|20260821071650|979.68
1787267815|20260821071655|979.56
1787267820|20260821071700|979.53
1787267825|20260821071705|979.61
1787267835|20260821071715|979.51
1787267840|20260821071720|979.44
1787267845|20260821071725|979.39
1787267855|20260821071735|979.46
1787267860|20260821071740|979.51
1787267865|20260821071745|979.59
1787267870|20260821071750|979.60
1787267875|20260821071755|979.59
1787267880|20260821071800|979.60
1787267885|20260821071805|979.55
1787267890|20260821071810|979.55
1787267895|20260821071815|979.57
1787267900|20260821071820|979.58
1787267905|20260821071825|979.62
1787267915|20260821071835|979.63
1787267920|20260821071840|979.71
1787267925|20260821071845|979.74
1787267930|20260821071850|979.81
1787267945|20260821071905|979.82
1787267950|20260821071910|979.82
1787267955|20260821071915|979.90
1787267960|20260821071920|979.90
1787267965|20260821071925|979.90
1787268000|20260821072000|979.80
1787268005|20260821072005|979.79
1787268010|20260821072010|979.74
1787268015|20260821072015|979.73
1787268020|20260821072020|979.74
1787268025|20260821072025|979.73
1787268035|20260821072035|979.72
1787268040|20260821072040|979.73
1787268045|20260821072045|979.72
1787268050|20260821072050|979.65
1787268055|20260821072055|979.63
1787268065|20260821072105|979.50
1787268075|20260821072115|979.54
1787268085|20260821072125|979.51
1787268095|20260821072135|979.47
1787268105|20260821072145|979.42
1787268110|20260821072150|979.43
1787268115|20260821072155|979.51
1787268125|20260821072205|979.48
1787268130|20260821072210|979.30
1787268135|20260821072215|979.37
1787268140|20260821072220|979.36
1787268145|20260821072225|979.33
1787268160|20260821072240|979.21
1787268165|20260821072245|979.20
1787268170|20260821072250|979.12
1787268175|20260821072255|979.12
1787268185|20260821072305|979.15
1787268190|20260821072310|979.18
1787268195|20260821072315|979.19
1787268200|20260821072320|979.15
1787268205|20260821072325|979.12
1787268215|20260821072335|979.25
1787268220|20260821072340|979.27
1787268225|20260821072345|979.30
1787268235|20260821072355|979.26
1787268245|20260821072405|979.27
1787268250|20260821072410|979.20
1787268255|20260821072415|979.14
1787268260|20260821072420|979.15
1787268265|20260821072425|979.20
1787268300|20260821072500|979.24
1787268305|20260821072505|979.22
1787268310|20260821072510|979.23
1787268315|20260821072515|979.21
1787268320|20260821072520|979.25
1787268325|20260821072525|979.27
1787268335|20260821072535|979.19
1787268345|20260821072545|979.21
1787268350|20260821072550|979.31
1787268355|20260821072555|979.44
1787268365|20260821072605|979.44
1787268370|20260821072610|979.58
1787268380|20260821072620|979.32
1787268385|20260821072625|979.28
1787268395|20260821072635|979.16
1787268400|20260821072640|979.26
1787268410|20260821072650|979.23
1787268415|20260821072655|979.22
1787268425|20260821072705|979.02
1787268430|20260821072710|979.24
1787268435|20260821072715|979.22
1787268440|20260821072720|979.19
1787268445|20260821072725|979.21
1787268455|20260821072735|979.29
1787268460|20260821072740|979.27
1787268465|20260821072745|979.31
1787268470|20260821072750|979.31
1787268475|20260821072755|979.31
1787268485|20260821072805|979.32
1787268490|20260821072810|979.25
1787268495|20260821072815|979.25
1787268500|20260821072820|979.25
1787268505|20260821072825|978.88
1787268515|20260821072835|978.19
1787268520|20260821072840|978.38
1787268525|20260821072845|978.36
1787268530|20260821072850|978.53
1787268535|20260821072855|978.58
1787268555|20260821072915|978.61
1787268565|20260821072925|978.61
1787268595|20260821072955|978.59
1787268600|20260821073000|978.71
1787268605|20260821073005|978.79
1787268610|20260821073010|978.83
1787268615|20260821073015|978.92
1787268620|20260821073020|978.84
1787268625|20260821073025|978.86
1787268635|20260821073035|978.74
1787268640|20260821073040|978.75
1787268645|20260821073045|978.58
1787268650|20260821073050|978.58
1787268655|20260821073055|978.82
1787268665|20260821073105|978.98
1787268670|20260821073110|979.18
1787268675|20260821073115|979.07
1787268680|20260821073120|978.73
1787268685|20260821073125|978.78
1787268695|20260821073135|978.73
1787268700|20260821073140|978.70
1787268705|20260821073145|978.62
1787268710|20260821073150|978.57
1787268725|20260821073205|978.49
1787268730|20260821073210|978.45
1787268735|20260821073215|978.45
1787268740|20260821073220|978.42
1787268745|20260821073225|978.05
1787268755|20260821073235|978.22
1787268760|20260821073240|978.25
1787268765|20260821073245|978.26
1787268775|20260821073255|978.22
1787268780|20260821073300|978.18
1787268785|20260821073305|978.31
1787268800|20260821073320|978.12
1787268805|20260821073325|978.20
1787268815|20260821073335|978.20
1787268820|20260821073340|978.25
1787268825|20260821073345|978.25
1787268830|20260821073350|978.25
1787268835|20260821073355|978.24
1787268845|20260821073405|978.33
1787268850|20260821073410|978.23
1787268855|20260821073415|978.18
1787268865|20260821073425|977.99
1787268900|20260821073500|978.10
1787268905|20260821073505|978.02
1787268910|20260821073510|978.10
1787268915|20260821073515|978.13
1787268920|20260821073520|977.97
1787268925|20260821073525|978.07
1787268935|20260821073535|978.01
1787268940|20260821073540|978.01
1787268945|20260821073545|978.03
1787268950|20260821073550|978.08
1787268955|20260821073555|977.83
1787268965|20260821073605|977.88
1787268970|20260821073610|977.78
1787268975|20260821073615|977.85
1787268980|20260821073620|977.82
1787268985|20260821073625|977.68
1787268995|20260821073635|977.76
1787269005|20260821073645|977.67
1787269010|20260821073650|977.79
1787269020|20260821073700|977.67
1787269035|20260821073715|977.71
1787269040|20260821073720|977.71
1787269045|20260821073725|977.80
1787269050|20260821073730|977.81
1787269055|20260821073735|977.83
1787269060|20260821073740|977.86
1787269070|20260821073750|977.97
1787269075|20260821073755|977.96
1787269080|20260821073800|977.91
1787269085|20260821073805|977.99
1787269090|20260821073810|977.99
1787269095|20260821073815|977.97
1787269100|20260821073820|977.99
1787269105|20260821073825|977.97
1787269120|20260821073840|978.12
1787269125|20260821073845|978.08
1787269130|20260821073850|978.11
1787269145|20260821073905|978.08
1787269150|20260821073910|978.03
1787269160|20260821073920|978.02
1787269165|20260821073925|978.02
1787269180|20260821073940|978.09
1787269200|20260821074000|978.06
1787269205|20260821074005|978.08
1787269215|20260821074015|978.20
1787269220|20260821074020|978.20
1787269225|20260821074025|978.17
1787269235|20260821074035|978.18
1787269240|20260821074040|978.21
1787269245|20260821074045|978.24
1787269250|20260821074050|978.28
1787269255|20260821074055|978.27
1787269265|20260821074105|978.26
1787269270|20260821074110|978.25
1787269275|20260821074115|978.29
1787269280|20260821074120|978.19
1787269285|20260821074125|978.20
1787269295|20260821074135|978.23
1787269300|20260821074140|978.25
1787269305|20260821074145|978.34
1787269310|20260821074150|978.36
1787269315|20260821074155|978.37
1787269320|20260821074200|978.31
1787269325|20260821074205|978.33
1787269330|20260821074210|978.33
1787269335|20260821074215|978.32
1787269340|20260821074220|978.19
1787269345|20260821074225|978.19
1787269355|20260821074235|978.21
1787269360|20260821074240|978.20
1787269365|20260821074245|978.19
1787269370|20260821074250|978.15
1787269375|20260821074255|978.17
1787269385|20260821074305|978.17
1787269390|20260821074310|978.20
1787269395|20260821074315|978.22
1787269400|20260821074320|978.22
1787269405|20260821074325|978.23
1787269415|20260821074335|978.23
1787269420|20260821074340|978.23
1787269425|20260821074345|978.23
1787269430|20260821074350|978.31
1787269435|20260821074355|978.21
1787269445|20260821074405|978.26
1787269450|20260821074410|978.30
1787269455|20260821074415|978.31
1787269465|20260821074425|978.33
1787269500|20260821074500|978.29
1787269505|20260821074505|978.23
1787269510|20260821074510|978.21
1787269515|20260821074515|978.18
1787269520|20260821074520|978.16
1787269525|20260821074525|978.20
1787269535|20260821074535|978.22
1787269545|20260821074545|978.21
1787269550|20260821074550|978.23
1787269570|20260821074610|978.07
1787269595|20260821074635|978.12
1787269600|20260821074640|978.02
1787269605|20260821074645|978.15
1787269610|20260821074650|978.13
1787269615|20260821074655|978.18
1787269625|20260821074705|978.23
1787269630|20260821074710|978.29
1787269635|20260821074715|978.27
1787269640|20260821074720|978.24
1787269645|20260821074725|978.25
1787269655|20260821074735|978.33
1787269660|20260821074740|978.33
1787269665|20260821074745|978.35
1787269670|20260821074750|978.39
1787269675|20260821074755|978.48
1787269685|20260821074805|978.48
1787269690|20260821074810|978.49
1787269695|20260821074815|978.40
1787269700|20260821074820|978.42
1787269715|20260821074835|978.40
1787269720|20260821074840|978.38
1787269730|20260821074850|978.39
1787269735|20260821074855|978.40
1787269740|20260821074900|978.40
1787269745|20260821074905|978.50
1787269750|20260821074910|978.60
1787269755|20260821074915|978.61
1787269760|20260821074920|978.59
1787269765|20260821074925|978.61
1787269800|20260821075000|978.86
1787269805|20260821075005|978.86
1787269815|20260821075015|978.79
1787269820|20260821075020|978.80
1787269825|20260821075025|978.74
1787269835|20260821075035|978.73
1787269840|20260821075040|978.78
1787269845|20260821075045|978.82
1787269855|20260821075055|979.00
1787269860|20260821075100|978.87
1787269865|20260821075105|978.81
1787269870|20260821075110|978.86
1787269875|20260821075115|978.84
1787269880|20260821075120|978.87
1787269885|20260821075125|978.90
1787269895|20260821075135|978.81
1787269905|20260821075145|978.81
1787269915|20260821075155|978.66
1787269925|20260821075205|978.65
1787269930|20260821075210|978.70
1787269945|20260821075225|978.74
1787269960|20260821075240|978.75
1787269965|20260821075245|978.73
1787269970|20260821075250|978.70
1787269990|20260821075310|978.64
1787269995|20260821075315|978.72
1787270015|20260821075335|978.74
1787270020|20260821075340|978.83
1787270025|20260821075345|978.83
1787270040|20260821075400|978.88
1787270045|20260821075405|978.86
1787270055|20260821075415|978.89
1787270060|20260821075420|978.96
1787270065|20260821075425|978.92
1787270080|20260821075440|978.98
1787270100|20260821075500|978.97
1787270105|20260821075505|978.92
1787270110|20260821075510|978.83
1787270115|20260821075515|978.84
1787270125|20260821075525|978.83
1787270135|20260821075535|978.74
1787270140|20260821075540|978.74
1787270145|20260821075545|978.75
1787270150|20260821075550|978.71
1787270155|20260821075555|978.68
1787270165|20260821075605|978.71
1787270175|20260821075615|978.70
1787270180|20260821075620|978.68
1787270185|20260821075625|978.70
1787270195|20260821075635|978.62
1787270200|20260821075640|978.64
1787270205|20260821075645|978.70
1787270210|20260821075650|978.66
1787270215|20260821075655|978.73
1787270225|20260821075705|978.73
1787270230|20260821075710|978.69
1787270235|20260821075715|978.74
1787270240|20260821075720|978.72
1787270245|20260821075725|978.74
1787270255|20260821075735|978.84
1787270260|20260821075740|978.78
1787270265|20260821075745|978.84
1787270270|20260821075750|978.80
1787270275|20260821075755|978.76
1787270280|20260821075800|978.69
1787270285|20260821075805|978.66
1787270290|20260821075810|978.63
1787270300|20260821075820|978.71
1787270305|20260821075825|978.74
1787270315|20260821075835|978.89
1787270320|20260821075840|978.92
1787270325|20260821075845|978.93
1787270330|20260821075850|978.92
1787270335|20260821075855|978.86
1787270345|20260821075905|978.93
1787270350|20260821075910|978.95
1787270355|20260821075915|978.88
1787270360|20260821075920|978.85
1787270365|20260821075925|978.81
1787270400|20260821080000|978.67
1787270405|20260821080005|978.78
1787270410|20260821080010|978.87
1787270415|20260821080015|978.76
1787270425|20260821080025|978.64
1787270435|20260821080035|978.65
1787270440|20260821080040|978.59
1787270445|20260821080045|978.71
1787270450|20260821080050|978.68
1787270455|20260821080055|978.52
1787270470|20260821080110|978.58
1787270475|20260821080115|978.73
1787270480|20260821080120|978.85
1787270485|20260821080125|978.71
1787270495|20260821080135|978.53
1787270500|20260821080140|978.55
1787270505|20260821080145|978.48
1787270510|20260821080150|978.50
1787270515|20260821080155|978.45
1787270520|20260821080200|978.50
1787270525|20260821080205|978.48
1787270530|20260821080210|978.46
1787270535|20260821080215|978.56
1787270540|20260821080220|978.48
1787270545|20260821080225|978.61
1787270555|20260821080235|978.50
1787270560|20260821080240|978.71
1787270565|20260821080245|978.70
1787270570|20260821080250|978.62
1787270575|20260821080255|978.51
1787270585|20260821080305|978.67
1787270590|20260821080310|978.41
1787270595|20260821080315|978.55
1787270600|20260821080320|978.61
1787270605|20260821080325|978.39
1787270615|20260821080335|978.40
1787270625|20260821080345|978.35
1787270630|20260821080350|978.36
1787270635|20260821080355|978.23
1787270645|20260821080405|978.16
1787270650|20260821080410|977.90
1787270655|20260821080415|977.83
1787270660|20260821080420|977.92
1787270665|20260821080425|977.88
1787270700|20260821080500|977.81
1787270705|20260821080505|977.91
1787270710|20260821080510|977.94
1787270715|20260821080515|977.89
1787270720|20260821080520|977.82
1787270725|20260821080525|977.78
1787270740|20260821080540|977.51
1787270745|20260821080545|977.54
1787270750|20260821080550|977.63
1787270765|20260821080605|977.65
1787270770|20260821080610|977.73
1787270775|20260821080615|977.54
1787270780|20260821080620|977.53
1787270795|20260821080635|977.46
1787270800|20260821080640|977.42
1787270805|20260821080645|977.34
1787270810|20260821080650|977.40
1787270815|20260821080655|977.42
1787270825|20260821080705|977.53
1787270840|20260821080720|977.74
1787270845|20260821080725|977.90
1787270855|20260821080735|977.81
1787270860|20260821080740|977.84
1787270865|20260821080745|977.62
1787270870|20260821080750|977.66
1787270875|20260821080755|977.73
1787270880|20260821080800|977.79
1787270885|20260821080805|977.81
1787270890|20260821080810|977.80
1787270895|20260821080815|977.87
1787270900|20260821080820|977.90
1787270905|20260821080825|977.88
1787270915|20260821080835|977.79
1787270920|20260821080840|977.71
1787270925|20260821080845|977.70
1787270930|20260821080850|977.79
1787270935|20260821080855|977.77
1787270945|20260821080905|977.46
1787270950|20260821080910|977.37
1787270955|20260821080915|977.31
1787270960|20260821080920|977.32
1787271000|20260821081000|977.35
1787271005|20260821081005|977.35
1787271010|20260821081010|977.36
1787271015|20260821081015|977.52
1787271020|20260821081020|977.58
1787271025|20260821081025|977.60
1787271040|20260821081040|977.64
1787271045|20260821081045|977.80
1787271050|20260821081050|977.79
1787271055|20260821081055|977.88
1787271065|20260821081105|977.91
1787271070|20260821081110|977.91
1787271075|20260821081115|977.93
1787271080|20260821081120|977.84
1787271085|20260821081125|977.83
1787271095|20260821081135|977.59
1787271100|20260821081140|977.55
1787271105|20260821081145|977.53
1787271110|20260821081150|977.58
1787271115|20260821081155|977.51
1787271125|20260821081205|977.40
1787271130|20260821081210|977.40
1787271135|20260821081215|977.50
1787271145|20260821081225|977.51
1787271155|20260821081235|977.57
1787271160|20260821081240|977.63
1787271165|20260821081245|977.71
1787271190|20260821081310|976.93
1787271195|20260821081315|977.02
1787271200|20260821081320|977.09
1787271205|20260821081325|977.16
1787271215|20260821081335|977.05
1787271220|20260821081340|977.13
1787271225|20260821081345|977.22
1787271230|20260821081350|977.37
1787271235|20260821081355|977.37
1787271245|20260821081405|977.26
1787271250|20260821081410|976.86
1787271255|20260821081415|976.78
1787271265|20260821081425|976.85
1787271300|20260821081500|977.01
1787271305|20260821081505|976.90
1787271310|20260821081510|976.95
1787271315|20260821081515|977.06
1787271320|20260821081520|976.79
1787271325|20260821081525|976.74
1787271335|20260821081535|976.72
1787271340|20260821081540|976.74
1787271345|20260821081545|976.66
1787271350|20260821081550|976.70
1787271355|20260821081555|976.68
1787271370|20260821081610|976.77
1787271375|20260821081615|976.82
1787271380|20260821081620|976.76
1787271385|20260821081625|976.80
1787271400|20260821081640|976.67
1787271410|20260821081650|976.60
1787271415|20260821081655|976.43
1787271420|20260821081700|976.24
1787271435|20260821081715|976.26
1787271440|20260821081720|976.38
1787271445|20260821081725|976.49
1787271455|20260821081735|976.73
1787271460|20260821081740|976.79
1787271465|20260821081745|976.63
1787271470|20260821081750|976.75
1787271475|20260821081755|976.75
1787271485|20260821081805|976.79
1787271490|20260821081810|976.80
1787271495|20260821081815|976.75
1787271505|20260821081825|976.95
1787271520|20260821081840|976.91
1787271530|20260821081850|976.94
1787271545|20260821081905|976.95
1787271550|20260821081910|977.14
1787271555|20260821081915|977.12
1787271560|20260821081920|977.08
1787271565|20260821081925|977.04
1787271605|20260821082005|976.65
1787271625|20260821082025|976.84
1787271635|20260821082035|976.80
1787271640|20260821082040|976.79
1787271670|20260821082110|976.96
1787271675|20260821082115|976.94
1787271680|20260821082120|976.90
1787271685|20260821082125|976.91
1787271700|20260821082140|976.66
1787271705|20260821082145|976.73
1787271710|20260821082150|976.65
1787271715|20260821082155|976.67
1787271725|20260821082205|976.66
1787271730|20260821082210|976.62
1787271735|20260821082215|976.65
1787271740|20260821082220|976.70
1787271745|20260821082225|976.74
1787271755|20260821082235|976.73
1787271760|20260821082240|976.75
1787271765|20260821082245|976.75
1787271775|20260821082255|976.83
1787271785|20260821082305|976.95
1787271790|20260821082310|977.03
1787271795|20260821082315|977.09
1787271800|20260821082320|977.05
1787271805|20260821082325|977.08
1787271815|20260821082335|976.98
1787271820|20260821082340|977.04
1787271825|20260821082345|976.93
1787271830|20260821082350|977.06
1787271835|20260821082355|977.05
1787271845|20260821082405|977.01
1787271850|20260821082410|977.04
1787271855|20260821082415|976.98
1787271860|20260821082420|977.00
1787271865|20260821082425|977.02
1787271900|20260821082500|976.81
1787271915|20260821082515|977.06
1787271920|20260821082520|976.88
1787271925|20260821082525|976.94
1787271935|20260821082535|976.83
1787271940|20260821082540|976.83
1787271945|20260821082545|976.91
1787271950|20260821082550|976.90
1787271955|20260821082555|977.03
1787271970|20260821082610|977.34
1787271975|20260821082615|977.37
1787271980|20260821082620|977.37
1787271985|20260821082625|977.39
1787271995|20260821082635|977.39
1787272000|20260821082640|977.40
1787272005|20260821082645|977.40
1787272010|20260821082650|977.42
1787272015|20260821082655|977.42
1787272025|20260821082705|977.43
1787272030|20260821082710|977.38
1787272035|20260821082715|977.29
1787272040|20260821082720|977.31
1787272055|20260821082735|977.09
1787272060|20260821082740|977.03
1787272065|20260821082745|977.16
1787272070|20260821082750|977.00
1787272075|20260821082755|977.06
1787272090|20260821082810|976.89
1787272095|20260821082815|976.91
1787272100|20260821082820|976.93
1787272115|20260821082835|977.01
1787272120|20260821082840|977.00
1787272135|20260821082855|976.94
1787272145|20260821082905|976.92
1787272150|20260821082910|976.88
1787272155|20260821082915|976.91
1787272160|20260821082920|976.87
1787272165|20260821082925|976.79
1787272205|20260821083005|976.29
1787272210|20260821083010|976.31
1787272215|20260821083015|976.20
1787272220|20260821083020|976.07
1787272225|20260821083025|975.97
1787272240|20260821083040|976.09
1787272245|20260821083045|976.06
1787272250|20260821083050|976.05
1787272255|20260821083055|976.05
1787272260|20260821083100|976.12
1787272270|20260821083110|975.90
1787272275|20260821083115|975.93
1787272280|20260821083120|976.16
1787272295|20260821083135|976.08
1787272300|20260821083140|976.05
1787272305|20260821083145|976.06
1787272310|20260821083150|976.15
1787272315|20260821083155|976.20
1787272325|20260821083205|976.47
1787272330|20260821083210|976.48
1787272335|20260821083215|976.57
1787272345|20260821083225|976.61
1787272355|20260821083235|976.64
1787272360|20260821083240|976.66
1787272365|20260821083245|976.28
1787272370|20260821083250|976.18
1787272375|20260821083255|976.26
1787272385|20260821083305|976.08
1787272390|20260821083310|976.07
1787272400|20260821083320|976.07
1787272405|20260821083325|976.09
1787272415|20260821083335|976.17
1787272425|20260821083345|976.32
1787272430|20260821083350|976.28
1787272435|20260821083355|976.30
1787272445|20260821083405|976.37
1787272450|20260821083410|976.18
1787272455|20260821083415|976.26
1787272460|20260821083420|976.27
1787272465|20260821083425|976.36
1787272500|20260821083500|976.11
1787272505|20260821083505|976.14
1787272515|20260821083515|976.15
1787272520|20260821083520|976.09
1787272525|20260821083525|976.12
1787272540|20260821083540|976.27
1787272545|20260821083545|976.30
1787272550|20260821083550|976.35
1787272555|20260821083555|976.39
1787272565|20260821083605|976.36
1787272575|20260821083615|976.09
1787272580|20260821083620|976.08
1787272585|20260821083625|976.08
1787272595|20260821083635|975.95
1787272600|20260821083640|975.83
1787272605|20260821083645|975.82
1787272615|20260821083655|975.83
1787272625|20260821083705|975.84
1787272630|20260821083710|975.79
1787272640|20260821083720|975.78
1787272645|20260821083725|975.75
1787272655|20260821083735|975.84
1787272660|20260821083740|975.85
1787272665|20260821083745|975.81
1787272670|20260821083750|975.84
1787272675|20260821083755|975.91
1787272695|20260821083815|975.60
1787272700|20260821083820|975.57
1787272705|20260821083825|975.53
1787272715|20260821083835|975.61
1787272720|20260821083840|975.78
1787272725|20260821083845|975.82
1787272735|20260821083855|975.89
1787272745|20260821083905|975.88
1787272750|20260821083910|975.93
1787272755|20260821083915|976.01
1787272760|20260821083920|975.93
1787272765|20260821083925|975.87
1787272800|20260821084000|975.74
1787272805|20260821084005|975.81
1787272810|20260821084010|975.74
1787272815|20260821084015|975.72
1787272820|20260821084020|975.80
1787272825|20260821084025|975.83
1787272835|20260821084035|975.82
1787272840|20260821084040|975.79
1787272850|20260821084050|975.70
1787272855|20260821084055|975.72
1787272865|20260821084105|975.69
1787272870|20260821084110|975.66
1787272875|20260821084115|975.70
1787272880|20260821084120|975.67
1787272885|20260821084125|975.67
1787272900|20260821084140|975.59
1787272905|20260821084145|975.54
1787272910|20260821084150|975.42
1787272915|20260821084155|975.42
1787272930|20260821084210|975.41
1787272935|20260821084215|975.41
1787272940|20260821084220|975.44
1787272945|20260821084225|975.40
1787272955|20260821084235|975.42
1787272960|20260821084240|975.44
1787272965|20260821084245|975.39
1787272970|20260821084250|975.39
1787272975|20260821084255|975.36
1787272980|20260821084300|975.38
1787272985|20260821084305|975.52
1787272990|20260821084310|975.40
1787272995|20260821084315|975.39
1787273005|20260821084325|975.42
1787273015|20260821084335|975.50
1787273020|20260821084340|975.48
1787273025|20260821084345|975.45
1787273030|20260821084350|975.42
1787273035|20260821084355|975.47
1787273045|20260821084405|975.50
1787273055|20260821084415|975.70
1787273065|20260821084425|975.81
1787273105|20260821084505|975.94
1787273110|20260821084510|975.95
1787273115|20260821084515|975.97
1787273120|20260821084520|975.97
1787273125|20260821084525|975.84
1787273135|20260821084535|975.72
1787273145|20260821084545|975.87
1787273150|20260821084550|975.80
1787273155|20260821084555|975.87
1787273165|20260821084605|975.81
1787273170|20260821084610|975.84
1787273175|20260821084615|975.77
1787273180|20260821084620|975.75
1787273185|20260821084625|975.74
1787273200|20260821084640|975.49
1787273205|20260821084645|975.44
1787273210|20260821084650|975.52
1787273215|20260821084655|975.50
1787273225|20260821084705|975.53
1787273230|20260821084710|975.29
1787273235|20260821084715|975.34
1787273245|20260821084725|975.49
1787273255|20260821084735|975.47
1787273260|20260821084740|975.47
1787273265|20260821084745|975.35
1787273270|20260821084750|975.26
1787273275|20260821084755|975.25
1787273285|20260821084805|975.33
1787273290|20260821084810|975.31
1787273295|20260821084815|975.26
1787273300|20260821084820|975.27
1787273315|20260821084835|975.34
1787273320|20260821084840|975.24
1787273330|20260821084850|975.26
1787273335|20260821084855|975.31
1787273340|20260821084900|975.26
1787273345|20260821084905|975.29
1787273350|20260821084910|975.32
1787273355|20260821084915|975.29
1787273360|20260821084920|975.21
1787273365|20260821084925|975.34
1787273400|20260821085000|975.51
1787273405|20260821085005|975.49
1787273410|20260821085010|975.49
1787273415|20260821085015|975.51
1787273420|20260821085020|975.38
1787273425|20260821085025|975.39
1787273435|20260821085035|975.48
1787273440|20260821085040|975.54
1787273445|20260821085045|975.48
1787273450|20260821085050|975.48
1787273455|20260821085055|975.50
1787273460|20260821085100|975.41
1787273465|20260821085105|975.31
1787273470|20260821085110|975.25
1787273475|20260821085115|975.27
1787273480|20260821085120|975.26
1787273495|20260821085135|975.30
1787273500|20260821085140|975.26
1787273505|20260821085145|975.25
1787273510|20260821085150|975.25
1787273515|20260821085155|975.21
1787273525|20260821085205|975.40
1787273530|20260821085210|975.55
1787273535|20260821085215|975.52
1787273540|20260821085220|975.61
1787273545|20260821085225|975.62
1787273555|20260821085235|975.48
1787273560|20260821085240|975.44
1787273570|20260821085250|975.49
1787273575|20260821085255|975.63
1787273585|20260821085305|975.55
1787273590|20260821085310|975.48
1787273595|20260821085315|975.46
1787273600|20260821085320|975.28
1787273605|20260821085325|975.39
1787273615|20260821085335|975.36
1787273620|20260821085340|975.47
1787273625|20260821085345|975.20
1787273630|20260821085350|975.29
1787273635|20260821085355|975.18
1787273640|20260821085400|975.31
1787273650|20260821085410|975.47
1787273655|20260821085415|975.39
1787273660|20260821085420|975.36
1787273665|20260821085425|975.39
1787273705|20260821085505|975.31
1787273710|20260821085510|975.34
1787273715|20260821085515|975.41
1787273720|20260821085520|975.41
1787273725|20260821085525|975.39
1787273740|20260821085540|975.28
1787273745|20260821085545|975.30
1787273750|20260821085550|975.44
1787273765|20260821085605|975.32
1787273770|20260821085610|975.27
1787273775|20260821085615|975.31
1787273780|20260821085620|975.29
1787273785|20260821085625|975.33
1787273795|20260821085635|975.34
1787273800|20260821085640|975.37
1787273805|20260821085645|975.31
1787273810|20260821085650|975.39
1787273815|20260821085655|975.33
1787273820|20260821085700|975.24
1787273825|20260821085705|975.17
1787273830|20260821085710|975.26
1787273835|20260821085715|975.18
1787273840|20260821085720|975.18
1787273845|20260821085725|975.17
1787273855|20260821085735|975.26
1787273860|20260821085740|975.21
1787273865|20260821085745|975.26
1787273870|20260821085750|975.27
1787273875|20260821085755|975.32
1787273885|20260821085805|975.48
1787273890|20260821085810|975.40
1787273895|20260821085815|975.37
1787273900|20260821085820|975.22
1787273905|20260821085825|975.28
1787273915|20260821085835|975.32
1787273920|20260821085840|975.30
1787273930|20260821085850|975.35
1787273935|20260821085855|975.47
1787273945|20260821085905|975.24
1787273950|20260821085910|975.15
1787273955|20260821085915|975.12
1787273960|20260821085920|975.24
1787273965|20260821085925|975.21
1787274005|20260821090005|975.08
1787274015|20260821090015|975.12
1787274020|20260821090020|975.46
1787274025|20260821090025|975.33
1787274030|20260821090030|975.80
1787274035|20260821090035|975.78
1787274040|20260821090040|975.93
1787274045|20260821090045|975.84
1787274050|20260821090050|975.91
1787274055|20260821090055|975.75
1787274060|20260821090100|975.71
1787274065|20260821090105|975.74
1787274070|20260821090110|975.75
1787274075|20260821090115|975.68
1787274080|20260821090120|975.61
1787274085|20260821090125|975.25
1787274095|20260821090135|975.01
1787274100|20260821090140|975.06
1787274105|20260821090145|975.18
1787274110|20260821090150|975.36
1787274115|20260821090155|975.45
1787274125|20260821090205|975.87
1787274130|20260821090210|975.90
1787274135|20260821090215|976.03
1787274140|20260821090220|976.20
1787274145|20260821090225|976.28
1787274155|20260821090235|976.09
1787274160|20260821090240|976.20
1787274165|20260821090245|976.28
1787274175|20260821090255|976.58
1787274185|20260821090305|976.41
1787274190|20260821090310|976.27
1787274195|20260821090315|976.15
1787274200|20260821090320|975.79
1787274210|20260821090330|976.08
1787274215|20260821090335|976.29
1787274225|20260821090345|976.44
1787274230|20260821090350|976.62
1787274235|20260821090355|976.72
1787274240|20260821090400|976.34
1787274245|20260821090405|976.43
1787274250|20260821090410|976.55
1787274255|20260821090415|976.48
1787274260|20260821090420|976.47
1787274265|20260821090425|976.52
1787274270|20260821090430|976.25
1787274275|20260821090435|976.46
1787274290|20260821090450|976.56
1787274305|20260821090505|975.91
1787274310|20260821090510|975.92
1787274315|20260821090515|975.80
1787274320|20260821090520|975.86
1787274335|20260821090535|975.94
1787274340|20260821090540|975.80
1787274345|20260821090545|975.75
1787274350|20260821090550|975.78
1787274355|20260821090555|975.99
1787274365|20260821090605|975.99
1787274370|20260821090610|976.10
1787274375|20260821090615|976.22
1787274380|20260821090620|976.26
1787274385|20260821090625|976.15
1787274390|20260821090630|976.02
1787274395|20260821090635|975.77
1787274400|20260821090640|975.92
1787274415|20260821090655|976.32
1787274425|20260821090705|976.39
1787274430|20260821090710|976.40
1787274435|20260821090715|976.46
1787274440|20260821090720|976.26
1787274445|20260821090725|976.10
1787274455|20260821090735|975.92
1787274460|20260821090740|976.02
1787274465|20260821090745|976.16
1787274470|20260821090750|976.23
1787274475|20260821090755|976.27
1787274485|20260821090805|976.26
1787274490|20260821090810|976.22
1787274495|20260821090815|976.24
1787274500|20260821090820|976.20
1787274505|20260821090825|976.31
1787274515|20260821090835|976.09
1787274520|20260821090840|976.20
1787274525|20260821090845|975.99
1787274530|20260821090850|976.13
1787274535|20260821090855|975.96
1787274540|20260821090900|975.97
1787274545|20260821090905|975.95
1787274550|20260821090910|976.22
1787274555|20260821090915|976.18
1787274560|20260821090920|976.14
1787274565|20260821090925|975.97
1787274600|20260821091000|975.80
1787274605|20260821091005|975.98
1787274610|20260821091010|975.93
1787274615|20260821091015|975.85
1787274620|20260821091020|975.82
1787274625|20260821091025|975.86
1787274635|20260821091035|975.96
1787274640|20260821091040|975.90
1787274645|20260821091045|975.90
1787274650|20260821091050|975.98
1787274655|20260821091055|976.05
1787274660|20260821091100|975.87
1787274665|20260821091105|975.78
1787274670|20260821091110|975.71
1787274675|20260821091115|975.64
1787274680|20260821091120|975.71
1787274685|20260821091125|975.74
1787274695|20260821091135|975.81
1787274700|20260821091140|975.73
1787274705|20260821091145|975.73
1787274710|20260821091150|975.78
1787274715|20260821091155|975.84
1787274720|20260821091200|975.64
1787274730|20260821091210|975.98
1787274735|20260821091215|975.94
1787274740|20260821091220|975.92
1787274745|20260821091225|975.84
1787274755|20260821091235|976.45
1787274765|20260821091245|976.70
1787274770|20260821091250|976.84
1787274785|20260821091305|976.91
1787274790|20260821091310|977.05
1787274795|20260821091315|977.09
1787274800|20260821091320|977.08
1787274805|20260821091325|977.26
1787274815|20260821091335|977.16
1787274820|20260821091340|977.17
1787274825|20260821091345|977.20
1787274830|20260821091350|977.20
1787274835|20260821091355|977.10
1787274845|20260821091405|977.25
1787274850|20260821091410|977.35
1787274855|20260821091415|977.36
1787274860|20260821091420|977.41
1787274865|20260821091425|977.48
1787274905|20260821091505|977.44
1787274910|20260821091510|977.51
1787274915|20260821091515|977.61
1787274920|20260821091520|977.61
1787274925|20260821091525|977.42
1787274935|20260821091535|977.71
1787274940|20260821091540|977.75
1787274945|20260821091545|977.95
1787274955|20260821091555|977.98
1787274965|20260821091605|978.25
1787274980|20260821091620|978.11
1787274995|20260821091635|978.22
1787275000|20260821091640|978.24
1787275005|20260821091645|978.15
1787275010|20260821091650|978.16
1787275015|20260821091655|978.29
1787275025|20260821091705|978.44
1787275030|20260821091710|978.68
1787275035|20260821091715|978.48
1787275040|20260821091720|978.45
1787275055|20260821091735|978.33
1787275060|20260821091740|978.51
1787275065|20260821091745|978.47
1787275070|20260821091750|978.38
1787275075|20260821091755|978.28
1787275085|20260821091805|978.29
1787275090|20260821091810|978.27
1787275095|20260821091815|978.07
1787275100|20260821091820|978.06
1787275115|20260821091835|978.14
1787275120|20260821091840|978.22
1787275125|20260821091845|978.15
1787275135|20260821091855|978.15
1787275145|20260821091905|978.24
1787275150|20260821091910|978.22
1787275155|20260821091915|978.33
1787275160|20260821091920|978.25
1787275165|20260821091925|978.26
1787275170|20260821091930|978.35
1787275205|20260821092005|978.27
1787275210|20260821092010|978.02
1787275215|20260821092015|978.26
1787275220|20260821092020|978.34
1787275225|20260821092025|978.01
1787275235|20260821092035|978.22
1787275240|20260821092040|978.13
1787275245|20260821092045|978.30
1787275250|20260821092050|978.40
1787275255|20260821092055|978.42
1787275265|20260821092105|978.60
1787275270|20260821092110|978.57
1787275280|20260821092120|978.80
1787275285|20260821092125|978.82
1787275295|20260821092135|978.81
1787275305|20260821092145|978.74
1787275310|20260821092150|978.80
1787275315|20260821092155|978.70
1787275325|20260821092205|978.33
1787275330|20260821092210|978.27
1787275340|20260821092220|978.28
1787275345|20260821092225|978.42
1787275355|20260821092235|978.48
1787275365|20260821092245|978.67
1787275370|20260821092250|978.61
1787275385|20260821092305|978.56
1787275390|20260821092310|978.62
1787275395|20260821092315|978.62
1787275400|20260821092320|978.65
1787275415|20260821092335|978.76
1787275420|20260821092340|978.80
1787275425|20260821092345|978.70
1787275430|20260821092350|978.88
1787275435|20260821092355|978.84
1787275445|20260821092405|979.04
1787275455|20260821092415|979.35
1787275460|20260821092420|979.38
1787275465|20260821092425|979.31
1787275500|20260821092500|978.72
1787275505|20260821092505|978.71
1787275510|20260821092510|978.88
1787275515|20260821092515|978.83
1787275520|20260821092520|978.89
1787275525|20260821092525|978.71
1787275535|20260821092535|978.87
1787275540|20260821092540|978.80
1787275550|20260821092550|978.78
1787275555|20260821092555|978.73
1787275565|20260821092605|978.68
1787275570|20260821092610|978.63
1787275575|20260821092615|978.69
1787275580|20260821092620|978.71
1787275595|20260821092635|978.68
1787275600|20260821092640|978.74
1787275605|20260821092645|978.70
1787275615|20260821092655|978.58
1787275625|20260821092705|978.94
1787275630|20260821092710|978.97
1787275635|20260821092715|978.94
1787275640|20260821092720|978.90
1787275645|20260821092725|978.90
1787275655|20260821092735|979.22
1787275660|20260821092740|979.23
1787275665|20260821092745|979.20
1787275675|20260821092755|979.46
1787275685|20260821092805|979.46
1787275695|20260821092815|979.26
1787275700|20260821092820|979.23
1787275715|20260821092835|979.42
1787275725|20260821092845|979.40
1787275730|20260821092850|979.40
1787275735|20260821092855|979.39
1787275745|20260821092905|979.51
1787275750|20260821092910|979.47
1787275755|20260821092915|979.42
1787275760|20260821092920|979.49
1787275800|20260821093000|979.40
1787275805|20260821093005|979.25
1787275810|20260821093010|979.24
1787275815|20260821093015|979.35
1787275825|20260821093025|978.77
1787275835|20260821093035|978.94
1787275840|20260821093040|978.94
1787275845|20260821093045|979.06
1787275850|20260821093050|978.99
1787275870|20260821093110|979.09
1787275880|20260821093120|979.33
1787275885|20260821093125|979.76
1787275895|20260821093135|979.79
1787275900|20260821093140|979.85
1787275910|20260821093150|979.67
1787275915|20260821093155|979.70
1787275925|20260821093205|979.58
1787275930|20260821093210|979.55
1787275935|20260821093215|979.49
1787275940|20260821093220|979.81
1787275945|20260821093225|979.76
1787275955|20260821093235|979.89
1787275960|20260821093240|979.91
1787275965|20260821093245|979.85
1787275980|20260821093300|980.18
1787275985|20260821093305|980.13
1787275990|20260821093310|980.15
1787275995|20260821093315|980.13
1787276000|20260821093320|980.22
1787276005|20260821093325|980.42
1787276010|20260821093330|980.36
1787276015|20260821093335|980.28
1787276020|20260821093340|980.20
1787276025|20260821093345|980.22
1787276030|20260821093350|980.22
1787276035|20260821093355|980.30
1787276045|20260821093405|980.29
1787276050|20260821093410|980.35
1787276055|20260821093415|980.36
1787276060|20260821093420|980.39
1787276065|20260821093425|980.38
1787276070|20260821093430|980.62
1787276075|20260821093435|980.57
1787276080|20260821093440|980.55
1787276090|20260821093450|980.71
1787276095|20260821093455|980.69
1787276100|20260821093500|980.98
1787276105|20260821093505|980.70
1787276115|20260821093515|980.47
1787276120|20260821093520|980.57
1787276125|20260821093525|980.57
1787276135|20260821093535|980.69
1787276140|20260821093540|980.59
1787276150|20260821093550|980.88
1787276155|20260821093555|980.89
1787276160|20260821093600|981.71
1787276165|20260821093605|981.33
1787276175|20260821093615|981.12
1787276180|20260821093620|980.50
1787276185|20260821093625|980.27
1787276200|20260821093640|980.25
1787276215|20260821093655|980.48
1787276225|20260821093705|980.19
1787276230|20260821093710|980.19
1787276240|20260821093720|980.18
1787276245|20260821093725|980.03
1787276255|20260821093735|980.16
1787276260|20260821093740|980.12
1787276265|20260821093745|980.20
1787276270|20260821093750|980.27
1787276275|20260821093755|980.37
1787276280|20260821093800|980.23
1787276285|20260821093805|980.15
1787276290|20260821093810|979.36
1787276295|20260821093815|979.37
1787276305|20260821093825|979.37
1787276320|20260821093840|979.34
1787276325|20260821093845|979.16
1787276330|20260821093850|979.21
1787276335|20260821093855|979.22
1787276350|20260821093910|979.13
1787276355|20260821093915|978.96
1787276360|20260821093920|979.03
1787276365|20260821093925|979.23
1787276405|20260821094005|978.79
1787276410|20260821094010|978.83
1787276415|20260821094015|978.62
1787276420|20260821094020|978.61
1787276425|20260821094025|978.45
1787276440|20260821094040|978.32
1787276445|20260821094045|978.21
1787276450|20260821094050|978.25
1787276465|20260821094105|978.15
1787276475|20260821094115|977.91
1787276485|20260821094125|977.90
1787276500|20260821094140|978.02
1787276505|20260821094145|978.11
1787276510|20260821094150|978.22
1787276525|20260821094205|978.46
1787276530|20260821094210|978.35
1787276535|20260821094215|978.43
1787276540|20260821094220|978.37
1787276545|20260821094225|978.36
1787276555|20260821094235|978.12
1787276560|20260821094240|978.10
1787276570|20260821094250|978.09
1787276575|20260821094255|978.27
1787276580|20260821094300|978.40
1787276585|20260821094305|978.28
1787276595|20260821094315|978.12
1787276600|20260821094320|978.15
1787276620|20260821094340|978.27
1787276625|20260821094345|978.33
1787276630|20260821094350|978.25
1787276635|20260821094355|978.16
1787276645|20260821094405|978.18
1787276650|20260821094410|978.28
1787276655|20260821094415|978.52
1787276660|20260821094420|978.52
1787276700|20260821094500|978.40
1787276705|20260821094505|978.32
1787276710|20260821094510|978.25
1787276715|20260821094515|978.39
1787276720|20260821094520|978.40
1787276725|20260821094525|978.41
1787276735|20260821094535|978.39
1787276740|20260821094540|978.42
1787276745|20260821094545|978.50
1787276750|20260821094550|978.54
1787276755|20260821094555|978.46
1787276765|20260821094605|978.52
1787276770|20260821094610|978.56
1787276775|20260821094615|978.56
1787276780|20260821094620|978.56
1787276785|20260821094625|978.66
1787276795|20260821094635|978.70
1787276800|20260821094640|978.73
1787276805|20260821094645|978.71
1787276810|20260821094650|978.67
1787276815|20260821094655|978.72
1787276820|20260821094700|978.66
1787276825|20260821094705|978.95
1787276830|20260821094710|978.84
1787276835|20260821094715|978.91
1787276840|20260821094720|979.05
1787276845|20260821094725|979.10
1787276855|20260821094735|979.26
1787276860|20260821094740|979.35
1787276865|20260821094745|979.38
1787276870|20260821094750|979.40
1787276875|20260821094755|979.43
1787276885|20260821094805|979.43
1787276890|20260821094810|979.34
1787276895|20260821094815|979.23
1787276900|20260821094820|979.27
1787276905|20260821094825|979.30
1787276915|20260821094835|979.44
1787276920|20260821094840|979.58
1787276925|20260821094845|979.63
1787276930|20260821094850|979.72
1787276935|20260821094855|979.65
1787276945|20260821094905|979.65
1787276950|20260821094910|979.62
1787276955|20260821094915|979.60
1787276960|20260821094920|979.69
1787276965|20260821094925|979.78
1787276990|20260821094950|979.76
1787277000|20260821095000|979.44
1787277005|20260821095005|979.59
1787277010|20260821095010|979.64
1787277015|20260821095015|979.66
1787277020|20260821095020|979.55
1787277045|20260821095045|978.87
1787277050|20260821095050|978.74
1787277055|20260821095055|978.68
1787277060|20260821095100|978.77
1787277065|20260821095105|978.84
1787277070|20260821095110|979.01
1787277075|20260821095115|979.03
1787277100|20260821095140|978.98
1787277125|20260821095205|978.32
1787277130|20260821095210|978.41
1787277135|20260821095215|978.39
1787277140|20260821095220|978.34
1787277145|20260821095225|978.41
1787277155|20260821095235|978.48
1787277160|20260821095240|978.49
1787277165|20260821095245|978.46
1787277170|20260821095250|978.47
1787277175|20260821095255|978.62
1787277180|20260821095300|978.51
1787277185|20260821095305|978.68
1787277190|20260821095310|978.70
1787277195|20260821095315|978.66
1787277200|20260821095320|978.70
1787277205|20260821095325|978.71
1787277225|20260821095345|978.58
1787277230|20260821095350|978.60
1787277235|20260821095355|978.68
1787277240|20260821095400|978.64
1787277245|20260821095405|978.43
1787277260|20260821095420|978.60
1787277300|20260821095500|978.43
1787277305|20260821095505|978.38
1787277310|20260821095510|978.35
1787277315|20260821095515|978.36
1787277320|20260821095520|978.37
1787277325|20260821095525|978.52
1787277335|20260821095535|978.33
1787277340|20260821095540|978.38
1787277345|20260821095545|978.52
1787277350|20260821095550|978.40
1787277355|20260821095555|978.64
1787277365|20260821095605|978.57
1787277370|20260821095610|978.57
1787277375|20260821095615|978.61
1787277380|20260821095620|978.72
1787277385|20260821095625|978.78
1787277395|20260821095635|978.61
1787277400|20260821095640|978.68
1787277405|20260821095645|978.67
1787277410|20260821095650|978.72
1787277420|20260821095700|978.67
1787277425|20260821095705|978.72
1787277430|20260821095710|978.78
1787277435|20260821095715|978.73
1787277440|20260821095720|978.73
1787277445|20260821095725|978.83
1787277455|20260821095735|979.08
1787277460|20260821095740|979.09
1787277465|20260821095745|979.04
1787277470|20260821095750|979.04
1787277475|20260821095755|979.15
1787277480|20260821095800|979.15
1787277485|20260821095805|979.11
1787277490|20260821095810|979.03
1787277495|20260821095815|979.21
1787277515|20260821095835|979.10
1787277520|20260821095840|979.14
1787277525|20260821095845|979.15
1787277530|20260821095850|979.02
1787277535|20260821095855|979.11
1787277545|20260821095905|979.12
1787277555|20260821095915|979.05
1787277560|20260821095920|979.07
1787277565|20260821095925|979.07
1787277600|20260821100000|979.28
1787277605|20260821100005|979.12
1787277610|20260821100010|979.32
1787277615|20260821100015|979.26
1787277620|20260821100020|979.16
1787277625|20260821100025|979.11
1787277635|20260821100035|979.21
1787277640|20260821100040|979.12
1787277645|20260821100045|979.04
1787277650|20260821100050|979.14
1787277655|20260821100055|979.18
1787277660|20260821100100|979.17
1787277665|20260821100105|979.20
1787277670|20260821100110|979.11
1787277680|20260821100120|979.15
1787277685|20260821100125|979.11
1787277695|20260821100135|979.25
1787277700|20260821100140|979.25
1787277705|20260821100145|979.36
1787277715|20260821100155|979.06
1787277725|20260821100205|978.94
1787277730|20260821100210|978.96
1787277745|20260821100225|978.99
1787277755|20260821100235|979.16
1787277760|20260821100240|979.14
1787277765|20260821100245|979.14
1787277770|20260821100250|979.13
1787277775|20260821100255|978.50
1787277785|20260821100305|978.45
1787277790|20260821100310|978.43
1787277795|20260821100315|978.45
1787277805|20260821100325|978.39
1787277815|20260821100335|978.42
1787277820|20260821100340|978.42
1787277825|20260821100345|978.46
1787277830|20260821100350|978.06
1787277835|20260821100355|978.21
1787277845|20260821100405|978.17
1787277860|20260821100420|978.13
1787277865|20260821100425|978.19
1787277900|20260821100500|977.43
1787277905|20260821100505|977.63
1787277910|20260821100510|977.63
1787277920|20260821100520|977.47
1787277925|20260821100525|977.57
1787277935|20260821100535|977.52
1787277940|20260821100540|977.64
1787277945|20260821100545|977.71
1787277955|20260821100555|977.48
1787277960|20260821100600|977.48
1787277965|20260821100605|977.28
1787277970|20260821100610|977.37
1787277980|20260821100620|977.44
1787277995|20260821100635|977.86
1787278000|20260821100640|977.82
1787278005|20260821100645|977.87
1787278010|20260821100650|977.93
1787278015|20260821100655|977.99
1787278020|20260821100700|977.91
1787278025|20260821100705|977.98
1787278030|20260821100710|977.94
1787278035|20260821100715|977.90
1787278040|20260821100720|977.89
1787278045|20260821100725|977.28
1787278065|20260821100745|977.57
1787278070|20260821100750|977.51
1787278075|20260821100755|977.59
1787278085|20260821100805|977.65
1787278090|20260821100810|977.68
1787278105|20260821100825|977.82
1787278115|20260821100835|977.84
1787278120|20260821100840|977.78
1787278125|20260821100845|977.75
1787278130|20260821100850|977.74
1787278135|20260821100855|977.72
1787278145|20260821100905|977.85
1787278150|20260821100910|977.87
1787278155|20260821100915|978.13
1787278160|20260821100920|978.08
1787278165|20260821100925|978.16
1787278205|20260821101005|977.68
1787278210|20260821101010|977.66
1787278215|20260821101015|977.71
1787278220|20260821101020|977.71
1787278225|20260821101025|977.63
1787278235|20260821101035|977.66
1787278240|20260821101040|977.68
1787278245|20260821101045|977.73
1787278250|20260821101050|977.39
1787278255|20260821101055|977.16
1787278265|20260821101105|977.07
1787278270|20260821101110|977.12
1787278275|20260821101115|977.13
1787278280|20260821101120|977.14
1787278285|20260821101125|977.16
1787278295|20260821101135|977.11
1787278300|20260821101140|977.06
1787278305|20260821101145|977.17
1787278310|20260821101150|977.19
1787278315|20260821101155|977.27
1787278325|20260821101205|977.34
1787278330|20260821101210|977.29
1787278335|20260821101215|977.28
1787278340|20260821101220|977.35
1787278345|20260821101225|977.00
1787278355|20260821101235|976.93
1787278360|20260821101240|976.85
1787278365|20260821101245|976.80
1787278375|20260821101255|976.71
1787278380|20260821101300|976.73
1787278385|20260821101305|976.71
1787278390|20260821101310|976.71
1787278395|20260821101315|976.71
1787278400|20260821101320|976.75
1787278405|20260821101325|976.91
1787278415|20260821101335|977.22
1787278420|20260821101340|977.27
1787278425|20260821101345|977.30
1787278430|20260821101350|977.29
1787278435|20260821101355|977.44
1787278450|20260821101410|977.34
1787278455|20260821101415|977.40
1787278460|20260821101420|977.39
1787278465|20260821101425|977.39
1787278500|20260821101500|977.31
1787278505|20260821101505|977.27
1787278510|20260821101510|977.34
1787278515|20260821101515|977.35
1787278520|20260821101520|977.40
1787278525|20260821101525|977.39
1787278535|20260821101535|977.25
1787278540|20260821101540|977.31
1787278545|20260821101545|977.36
1787278550|20260821101550|977.25
1787278555|20260821101555|977.25
1787278565|20260821101605|977.16
1787278570|20260821101610|977.33
1787278575|20260821101615|977.37
1787278580|20260821101620|977.30
1787278595|20260821101635|977.45
1787278600|20260821101640|977.44
1787278605|20260821101645|977.43
1787278610|20260821101650|977.44
1787278615|20260821101655|977.45
1787278635|20260821101715|977.47
1787278640|20260821101720|977.45
1787278645|20260821101725|977.34
1787278655|20260821101735|977.32
1787278665|20260821101745|977.36
1787278670|20260821101750|977.39
1787278675|20260821101755|977.32
1787278685|20260821101805|977.38
1787278695|20260821101815|977.40
1787278700|20260821101820|977.32
1787278705|20260821101825|977.18
1787278715|20260821101835|977.10
1787278720|20260821101840|977.23
1787278735|20260821101855|977.34
1787278745|20260821101905|977.33
1787278750|20260821101910|977.43
1787278755|20260821101915|977.33
1787278760|20260821101920|977.38
1787278765|20260821101925|977.48
1787278800|20260821102000|977.57
1787278805|20260821102005|977.57
1787278810|20260821102010|977.59
1787278820|20260821102020|977.67
1787278825|20260821102025|977.61
1787278835|20260821102035|977.62
1787278840|20260821102040|977.61
1787278845|20260821102045|977.60
1787278850|20260821102050|977.67
1787278855|20260821102055|977.73
1787278865|20260821102105|977.67
1787278870|20260821102110|977.68
1787278875|20260821102115|977.67
1787278885|20260821102125|977.70
1787278895|20260821102135|977.68
1787278905|20260821102145|977.65
1787278925|20260821102205|977.74
1787278930|20260821102210|977.71
1787278935|20260821102215|977.71
1787278940|20260821102220|977.74
1787278955|20260821102235|977.78
1787278960|20260821102240|977.78
1787278965|20260821102245|977.79
1787278975|20260821102255|977.99
1787278980|20260821102300|978.01
1787278990|20260821102310|978.07
1787278995|20260821102315|978.08
1787279000|20260821102320|978.30
1787279005|20260821102325|978.34
1787279015|20260821102335|978.35
1787279020|20260821102340|978.55
1787279025|20260821102345|978.50
1787279030|20260821102350|978.52
1787279035|20260821102355|978.47
1787279045|20260821102405|978.50
1787279050|20260821102410|978.54
1787279055|20260821102415|978.56
1787279065|20260821102425|978.57
1787279105|20260821102505|978.67
1787279110|20260821102510|978.66
1787279115|20260821102515|978.67
1787279120|20260821102520|978.74
1787279125|20260821102525|978.86
1787279135|20260821102535|979.02
1787279140|20260821102540|978.95
1787279145|20260821102545|978.94
1787279155|20260821102555|978.98
1787279165|20260821102605|979.00
1787279170|20260821102610|978.96
1787279175|20260821102615|978.87
1787279180|20260821102620|978.84
1787279195|20260821102635|978.88
1787279200|20260821102640|978.89
1787279210|20260821102650|978.92
1787279215|20260821102655|978.92
1787279225|20260821102705|979.08
1787279230|20260821102710|979.06
1787279235|20260821102715|978.99
1787279240|20260821102720|979.00
1787279245|20260821102725|978.99
1787279265|20260821102745|978.88
1787279270|20260821102750|978.87
1787279275|20260821102755|978.86
1787279290|20260821102810|978.75
1787279295|20260821102815|978.70
1787279300|20260821102820|978.73
1787279325|20260821102845|978.59
1787279335|20260821102855|978.63
1787279345|20260821102905|978.51
1787279350|20260821102910|978.47
1787279355|20260821102915|978.49
1787279360|20260821102920|978.43
1787279395|20260821102955|978.59
1787279405|20260821103005|979.16
1787279410|20260821103010|978.21
1787279415|20260821103015|978.64
1787279420|20260821103020|978.49
1787279425|20260821103025|978.48
1787279430|20260821103030|978.53
1787279435|20260821103035|978.59
1787279440|20260821103040|978.48
1787279445|20260821103045|978.46
1787279450|20260821103050|978.41
1787279455|20260821103055|978.50
1787279460|20260821103100|978.54
1787279470|20260821103110|978.80
1787279475|20260821103115|978.82
1787279480|20260821103120|979.08
1787279485|20260821103125|979.14
1787279495|20260821103135|979.26
1787279500|20260821103140|979.19
1787279510|20260821103150|979.09
1787279515|20260821103155|979.23
1787279525|20260821103205|979.18
1787279530|20260821103210|979.19
1787279535|20260821103215|979.31
1787279540|20260821103220|979.28
1787279545|20260821103225|979.32
1787279555|20260821103235|979.06
1787279565|20260821103245|978.92
1787279570|20260821103250|978.92
1787279590|20260821103310|978.82
1787279605|20260821103325|978.76
1787279620|20260821103340|978.67
1787279625|20260821103345|978.52
1787279630|20260821103350|978.33
1787279635|20260821103355|978.45
1787279645|20260821103405|978.32
1787279650|20260821103410|978.39
1787279655|20260821103415|978.40
1787279660|20260821103420|978.47
1787279680|20260821103440|978.40
1787279690|20260821103450|978.43
1787279700|20260821103500|978.45
1787279705|20260821103505|978.50
1787279710|20260821103510|978.65
1787279720|20260821103520|978.68
1787279735|20260821103535|978.79
1787279745|20260821103545|978.94
1787279750|20260821103550|978.87
1787279755|20260821103555|978.76
1787279760|20260821103600|978.83
1787279765|20260821103605|978.79
1787279770|20260821103610|978.83
1787279775|20260821103615|978.81
1787279780|20260821103620|978.85
1787279785|20260821103625|978.87
1787279800|20260821103640|978.83
1787279805|20260821103645|978.81
1787279810|20260821103650|978.81
1787279815|20260821103655|978.66
1787279820|20260821103700|978.64
1787279830|20260821103710|978.57
1787279835|20260821103715|978.50
1787279840|20260821103720|978.59
1787279845|20260821103725|978.69
1787279855|20260821103735|978.66
1787279860|20260821103740|978.68
1787279865|20260821103745|978.71
1787279870|20260821103750|978.71
1787279875|20260821103755|978.89
1787279880|20260821103800|978.81
1787279885|20260821103805|978.80
1787279890|20260821103810|978.71
1787279895|20260821103815|978.66
1787279900|20260821103820|978.79
1787279905|20260821103825|978.82
1787279915|20260821103835|978.81
1787279920|20260821103840|978.82
1787279925|20260821103845|978.87
1787279930|20260821103850|978.99
1787279935|20260821103855|979.01
1787279950|20260821103910|979.21
1787279955|20260821103915|979.23
1787279960|20260821103920|979.49
1787279965|20260821103925|979.51
1787280005|20260821104005|979.55
1787280010|20260821104010|979.52
1787280015|20260821104015|979.50
1787280020|20260821104020|979.65
1787280025|20260821104025|979.87
1787280040|20260821104040|979.88
1787280045|20260821104045|979.86
1787280050|20260821104050|979.88
1787280070|20260821104110|979.86
1787280075|20260821104115|979.83
1787280080|20260821104120|979.82
1787280085|20260821104125|979.77
1787280095|20260821104135|979.78
1787280100|20260821104140|979.83
1787280105|20260821104145|979.88
1787280110|20260821104150|979.91
1787280115|20260821104155|980.02
1787280125|20260821104205|980.20
1787280130|20260821104210|980.24
1787280135|20260821104215|980.10
1787280140|20260821104220|979.94
1787280145|20260821104225|980.03
1787280155|20260821104235|979.94
1787280160|20260821104240|979.99
1787280170|20260821104250|980.10
1787280175|20260821104255|980.09
1787280185|20260821104305|980.19
1787280190|20260821104310|980.19
1787280195|20260821104315|980.23
1787280200|20260821104320|980.23
1787280220|20260821104340|980.38
1787280225|20260821104345|980.44
1787280230|20260821104350|980.42
1787280235|20260821104355|980.50
1787280245|20260821104405|980.49
1787280250|20260821104410|980.52
1787280255|20260821104415|980.39
1787280260|20260821104420|980.41
1787280265|20260821104425|980.46
1787280300|20260821104500|980.69
1787280305|20260821104505|981.17
1787280310|20260821104510|981.00
1787280315|20260821104515|981.02
1787280320|20260821104520|981.16
1787280325|20260821104525|981.02
1787280335|20260821104535|980.87
1787280340|20260821104540|980.73
1787280345|20260821104545|980.41
1787280350|20260821104550|980.41
1787280355|20260821104555|980.43
1787280360|20260821104600|980.56
1787280365|20260821104605|980.73
1787280370|20260821104610|980.84
1787280375|20260821104615|980.75
1787280380|20260821104620|980.84
1787280385|20260821104625|980.76
1787280395|20260821104635|980.79
1787280400|20260821104640|980.76
1787280405|20260821104645|980.67
1787280410|20260821104650|980.67
1787280415|20260821104655|980.63
1787280435|20260821104715|980.53
1787280440|20260821104720|980.54
1787280445|20260821104725|980.55
1787280455|20260821104735|980.71
1787280460|20260821104740|980.64
1787280465|20260821104745|980.63
1787280470|20260821104750|980.65
1787280475|20260821104755|980.64
1787280480|20260821104800|980.60
1787280490|20260821104810|980.83
1787280495|20260821104815|980.95
1787280500|20260821104820|981.07
1787280505|20260821104825|981.00
1787280515|20260821104835|980.89
1787280520|20260821104840|980.89
1787280525|20260821104845|981.03
1787280530|20260821104850|980.95
1787280535|20260821104855|980.95
1787280550|20260821104910|980.96
1787280555|20260821104915|980.96
1787280560|20260821104920|980.96
1787280565|20260821104925|980.94
1787280595|20260821104955|981.06
1787280600|20260821105000|981.09
1787280605|20260821105005|981.09
1787280610|20260821105010|981.05
1787280615|20260821105015|981.01
1787280620|20260821105020|980.82
1787280625|20260821105025|980.75
1787280635|20260821105035|980.85
1787280640|20260821105040|980.86
1787280645|20260821105045|980.92
1787280650|20260821105050|980.64
1787280655|20260821105055|980.67
1787280665|20260821105105|980.65
1787280670|20260821105110|980.62
1787280675|20260821105115|980.53
1787280680|20260821105120|980.56
1787280685|20260821105125|980.45
1787280695|20260821105135|980.22
1787280715|20260821105155|980.89
1787280725|20260821105205|980.99
1787280735|20260821105215|981.27
1787280740|20260821105220|981.63
1787280760|20260821105240|981.65
1787280765|20260821105245|981.59
1787280770|20260821105250|981.48
1787280775|20260821105255|981.58
1787280790|20260821105310|981.53
1787280795|20260821105315|981.38
1787280800|20260821105320|981.34
1787280805|20260821105325|981.31
1787280815|20260821105335|981.26
1787280820|20260821105340|981.21
1787280825|20260821105345|981.24
1787280830|20260821105350|981.11
1787280835|20260821105355|981.08
1787280845|20260821105405|981.13
1787280850|20260821105410|981.07
1787280860|20260821105420|981.29
1787280865|20260821105425|981.31
1787280900|20260821105500|981.37
1787280905|20260821105505|981.35
1787280910|20260821105510|981.33
1787280915|20260821105515|981.36
1787280920|20260821105520|981.28
1787280925|20260821105525|981.19
1787280935|20260821105535|981.09
1787280940|20260821105540|981.03
1787280945|20260821105545|980.99
1787280950|20260821105550|981.01
1787280955|20260821105555|980.98
1787280965|20260821105605|981.02
1787280970|20260821105610|981.06
1787280975|20260821105615|980.86
1787280980|20260821105620|980.77
1787280985|20260821105625|980.74
1787280995|20260821105635|980.77
1787281000|20260821105640|980.62
1787281005|20260821105645|980.69
1787281010|20260821105650|980.76
1787281015|20260821105655|980.73
1787281020|20260821105700|980.70
1787281025|20260821105705|980.74
1787281030|20260821105710|980.95
1787281035|20260821105715|980.78
1787281040|20260821105720|980.75
1787281045|20260821105725|980.72
1787281055|20260821105735|980.74
1787281060|20260821105740|980.67
1787281065|20260821105745|980.67
1787281075|20260821105755|980.70
1787281090|20260821105810|980.60
1787281095|20260821105815|980.48
1787281105|20260821105825|980.45
1787281115|20260821105835|980.49
1787281120|20260821105840|980.46
1787281125|20260821105845|980.38
1787281130|20260821105850|980.26
1787281135|20260821105855|980.29
1787281145|20260821105905|979.98
1787281150|20260821105910|979.95
1787281155|20260821105915|979.90
1787281160|20260821105920|979.75
1787281165|20260821105925|979.88
1787281190|20260821105950|979.90
1787281200|20260821110000|979.80
1787281205|20260821110005|979.78
1787281210|20260821110010|979.79
1787281215|20260821110015|979.83
1787281220|20260821110020|979.77
1787281225|20260821110025|979.79
1787281240|20260821110040|980.05
1787281245|20260821110045|980.09
1787281250|20260821110050|979.98
1787281255|20260821110055|979.67
1787281265|20260821110105|979.88
1787281270|20260821110110|979.88
1787281275|20260821110115|980.00
1787281280|20260821110120|979.97
1787281285|20260821110125|980.00
1787281295|20260821110135|980.14
1787281300|20260821110140|980.05
1787281305|20260821110145|980.01
1787281310|20260821110150|979.89
1787281315|20260821110155|979.90
1787281325|20260821110205|979.96
1787281330|20260821110210|979.95
1787281335|20260821110215|979.98
1787281340|20260821110220|980.11
1787281355|20260821110235|980.29
1787281360|20260821110240|980.35
1787281365|20260821110245|980.48
1787281370|20260821110250|980.68
1787281375|20260821110255|980.69
1787281380|20260821110300|980.46
1787281385|20260821110305|980.47
1787281390|20260821110310|980.51
1787281395|20260821110315|980.43
1787281400|20260821110320|980.39
1787281405|20260821110325|980.52
1787281415|20260821110335|980.74
1787281420|20260821110340|980.59
1787281425|20260821110345|980.63
1787281435|20260821110355|980.61
1787281450|20260821110410|980.28
1787281455|20260821110415|980.16
1787281460|20260821110420|979.99
1787281465|20260821110425|980.05
1787281500|20260821110500|979.72
1787281505|20260821110505|979.79
1787281510|20260821110510|979.97
1787281515|20260821110515|979.95
1787281520|20260821110520|980.00
1787281525|20260821110525|979.98
1787281535|20260821110535|979.97
1787281540|20260821110540|979.98
1787281545|20260821110545|979.95
1787281550|20260821110550|979.96
1787281555|20260821110555|979.79
1787281565|20260821110605|979.85
1787281570|20260821110610|979.74
1787281575|20260821110615|979.61
1787281580|20260821110620|979.69
1787281585|20260821110625|979.70
1787281595|20260821110635|979.48
1787281600|20260821110640|979.75
1787281605|20260821110645|979.76
1787281610|20260821110650|979.73
1787281615|20260821110655|979.74
1787281625|20260821110705|979.81
1787281630|20260821110710|979.78
1787281635|20260821110715|979.83
1787281640|20260821110720|979.83
1787281645|20260821110725|979.93
1787281655|20260821110735|979.86
1787281660|20260821110740|979.90
1787281665|20260821110745|979.91
1787281670|20260821110750|979.90
1787281675|20260821110755|979.90
1787281685|20260821110805|979.80
1787281690|20260821110810|979.79
1787281695|20260821110815|979.71
1787281700|20260821110820|979.76
1787281705|20260821110825|979.76
1787281715|20260821110835|979.79
1787281720|20260821110840|979.79
1787281725|20260821110845|979.80
1787281730|20260821110850|979.91
1787281735|20260821110855|980.06
1787281740|20260821110900|980.14
1787281745|20260821110905|980.26
1787281750|20260821110910|980.24
1787281765|20260821110925|980.02
1787281785|20260821110945|980.02
1787281810|20260821111010|979.97
1787281815|20260821111015|979.89
1787281820|20260821111020|979.79
1787281825|20260821111025|979.84
1787281835|20260821111035|980.07
1787281840|20260821111040|980.07
1787281845|20260821111045|979.99
1787281855|20260821111055|980.03
1787281870|20260821111110|980.04
1787281875|20260821111115|980.10
1787281880|20260821111120|980.11
1787281885|20260821111125|980.30
1787281895|20260821111135|980.34
1787281900|20260821111140|980.31
1787281905|20260821111145|980.24
1787281910|20260821111150|980.24
1787281915|20260821111155|980.12
1787281925|20260821111205|980.16
1787281940|20260821111220|980.29
1787281945|20260821111225|980.28
1787281955|20260821111235|980.24
1787281960|20260821111240|980.22
1787281965|20260821111245|980.13
1787281970|20260821111250|980.16
1787281995|20260821111315|980.14
1787282000|20260821111320|979.96
1787282005|20260821111325|979.99
1787282015|20260821111335|979.86
1787282020|20260821111340|979.95
1787282025|20260821111345|980.09
1787282030|20260821111350|980.09
1787282035|20260821111355|980.01
1787282040|20260821111400|980.01
1787282045|20260821111405|979.98
1787282050|20260821111410|980.03
1787282055|20260821111415|979.99
1787282060|20260821111420|979.95
1787282065|20260821111425|979.95
1787282100|20260821111500|979.54
1787282105|20260821111505|979.53
1787282115|20260821111515|979.49
1787282120|20260821111520|979.45
1787282125|20260821111525|979.48
1787282135|20260821111535|979.52
1787282140|20260821111540|979.51
1787282145|20260821111545|979.59
1787282155|20260821111555|979.57
1787282160|20260821111600|979.67
1787282165|20260821111605|979.68
1787282170|20260821111610|979.63
1787282175|20260821111615|979.66
1787282180|20260821111620|979.63
1787282185|20260821111625|979.66
1787282195|20260821111635|979.67
1787282200|20260821111640|979.73
1787282205|20260821111645|979.77
1787282210|20260821111650|979.80
1787282215|20260821111655|979.79
1787282225|20260821111705|979.83
1787282235|20260821111715|979.69
1787282240|20260821111720|979.75
1787282245|20260821111725|979.65
1787282255|20260821111735|979.65
1787282260|20260821111740|979.69
1787282265|20260821111745|979.73
1787282275|20260821111755|979.64
1787282285|20260821111805|979.62
1787282290|20260821111810|979.64
1787282295|20260821111815|979.67
1787282300|20260821111820|979.62
1787282305|20260821111825|979.70
1787282315|20260821111835|979.73
1787282320|20260821111840|979.88
1787282325|20260821111845|979.86
1787282330|20260821111850|979.82
1787282335|20260821111855|979.80
1787282340|20260821111900|979.87
1787282345|20260821111905|979.86
1787282350|20260821111910|979.82
1787282355|20260821111915|979.89
1787282360|20260821111920|979.90
1787282365|20260821111925|979.95
1787282400|20260821112000|979.68
1787282405|20260821112005|979.56
1787282410|20260821112010|979.55
1787282415|20260821112015|979.68
1787282420|20260821112020|979.71
1787282425|20260821112025|979.75
1787282435|20260821112035|979.74
1787282440|20260821112040|979.76
1787282445|20260821112045|979.85
1787282450|20260821112050|979.79
1787282455|20260821112055|979.83
1787282465|20260821112105|979.80
1787282470|20260821112110|979.83
1787282480|20260821112120|979.80
1787282485|20260821112125|979.79
1787282495|20260821112135|979.67
1787282500|20260821112140|979.69
1787282505|20260821112145|979.68
1787282510|20260821112150|979.73
1787282515|20260821112155|979.70
1787282525|20260821112205|979.63
1787282530|20260821112210|979.62
1787282535|20260821112215|979.66
1787282540|20260821112220|979.69
1787282545|20260821112225|979.84
1787282555|20260821112235|979.75
1787282560|20260821112240|979.70
1787282565|20260821112245|979.73
1787282570|20260821112250|979.71
1787282575|20260821112255|979.78
1787282585|20260821112305|979.75
1787282590|20260821112310|979.82
1787282595|20260821112315|979.84
1787282600|20260821112320|979.79
1787282605|20260821112325|979.76
1787282615|20260821112335|979.86
1787282620|20260821112340|979.89
1787282625|20260821112345|979.91
1787282630|20260821112350|979.81
1787282635|20260821112355|979.79
1787282645|20260821112405|979.83
1787282655|20260821112415|979.88
1787282660|20260821112420|979.90
1787282665|20260821112425|979.95
1787282700|20260821112500|979.79
1787282705|20260821112505|979.81
1787282710|20260821112510|979.80
1787282715|20260821112515|979.79
1787282720|20260821112520|979.84
1787282725|20260821112525|979.81
1787282735|20260821112535|979.93
1787282740|20260821112540|979.95
1787282745|20260821112545|979.87
1787282750|20260821112550|979.77
1787282755|20260821112555|979.81
1787282765|20260821112605|979.79
1787282770|20260821112610|979.80
1787282775|20260821112615|979.83
1787282780|20260821112620|979.81
1787282785|20260821112625|979.65
1787282795|20260821112635|979.71
1787282800|20260821112640|979.69
1787282805|20260821112645|979.83
1787282810|20260821112650|979.60
1787282820|20260821112700|979.62
1787282840|20260821112720|979.50
1787282845|20260821112725|979.45
1787282855|20260821112735|979.46
1787282860|20260821112740|979.42
1787282875|20260821112755|979.50
1787282885|20260821112805|979.52
1787282890|20260821112810|979.48
1787282895|20260821112815|979.48
1787282900|20260821112820|979.51
1787282905|20260821112825|979.46
1787282915|20260821112835|979.38
1787282920|20260821112840|979.34
1787282925|20260821112845|979.39
1787282930|20260821112850|979.36
1787282935|20260821112855|979.38
1787282950|20260821112910|979.43
1787282960|20260821112920|979.45
1787282965|20260821112925|979.34
1787283015|20260821113015|979.19
1787283020|20260821113020|979.18
1787283025|20260821113025|979.19
1787283035|20260821113035|979.18
1787283050|20260821113050|979.19
1787283065|20260821113105|979.08
1787283070|20260821113110|979.26
1787283075|20260821113115|979.59
1787283080|20260821113120|979.64
1787283085|20260821113125|979.60
1787283095|20260821113135|979.58
1787283100|20260821113140|979.61
1787283105|20260821113145|979.42
1787283110|20260821113150|979.38
1787283115|20260821113155|979.42
1787283125|20260821113205|979.52
1787283130|20260821113210|979.54
1787283135|20260821113215|979.76
1787283140|20260821113220|979.78
1787283160|20260821113240|980.15
1787283165|20260821113245|980.16
1787283170|20260821113250|980.09
1787283175|20260821113255|980.12
1787283180|20260821113300|980.09
1787283185|20260821113305|980.15
1787283190|20260821113310|980.14
1787283195|20260821113315|980.08
1787283205|20260821113325|979.95
1787283215|20260821113335|979.96
1787283220|20260821113340|979.95
1787283225|20260821113345|980.04
1787283230|20260821113350|980.04
1787283235|20260821113355|980.05
1787283245|20260821113405|979.94
1787283250|20260821113410|979.96
1787283255|20260821113415|980.09
1787283260|20260821113420|980.11
1787283265|20260821113425|980.05
1787283300|20260821113500|980.20
1787283305|20260821113505|980.21
1787283315|20260821113515|980.08
1787283320|20260821113520|980.09
1787283325|20260821113525|980.09
1787283335|20260821113535|980.06
1787283340|20260821113540|979.96
1787283345|20260821113545|979.93
1787283350|20260821113550|979.88
1787283355|20260821113555|979.83
1787283365|20260821113605|979.46
1787283370|20260821113610|979.41
1787283375|20260821113615|979.47
1787283380|20260821113620|979.44
1787283395|20260821113635|979.36
1787283400|20260821113640|979.37
1787283405|20260821113645|979.35
1787283410|20260821113650|979.23
1787283415|20260821113655|979.23
1787283425|20260821113705|979.30
1787283430|20260821113710|979.36
1787283455|20260821113735|979.31
1787283465|20260821113745|979.16
1787283470|20260821113750|979.20
1787283480|20260821113800|979.40
1787283485|20260821113805|979.36
1787283495|20260821113815|979.24
1787283505|20260821113825|979.21
1787283520|20260821113840|978.88
1787283525|20260821113845|979.07
1787283530|20260821113850|979.04
1787283535|20260821113855|979.09
1787283545|20260821113905|979.22
1787283560|20260821113920|979.03
1787283565|20260821113925|979.00
1787283605|20260821114005|978.87
1787283610|20260821114010|978.90
1787283615|20260821114015|978.83
1787283620|20260821114020|978.86
1787283635|20260821114035|978.83
1787283645|20260821114045|978.74
1787283650|20260821114050|978.70
1787283655|20260821114055|978.49
1787283660|20260821114100|978.65
1787283665|20260821114105|978.39
1787283670|20260821114110|978.44
1787283675|20260821114115|978.45
1787283680|20260821114120|978.47
1787283685|20260821114125|978.52
1787283695|20260821114135|978.38
1787283700|20260821114140|978.38
1787283710|20260821114150|978.51
1787283715|20260821114155|978.51
1787283725|20260821114205|978.57
1787283730|20260821114210|978.52
1787283740|20260821114220|978.73
1787283745|20260821114225|978.73
1787283765|20260821114245|978.70
1787283785|20260821114305|978.74
1787283790|20260821114310|978.80
1787283795|20260821114315|978.77
1787283800|20260821114320|978.78
1787283805|20260821114325|978.76
1787283815|20260821114335|978.80
1787283820|20260821114340|978.75
1787283835|20260821114355|978.76
1787283840|20260821114400|978.79
1787283855|20260821114415|978.87
1787283860|20260821114420|978.86
1787283880|20260821114440|978.73
1787283900|20260821114500|978.84
1787283905|20260821114505|978.83
1787283910|20260821114510|978.86
1787283915|20260821114515|978.84
1787283920|20260821114520|978.80
1787283925|20260821114525|978.86
1787283935|20260821114535|978.92
1787283940|20260821114540|978.91
1787283945|20260821114545|978.91
1787283950|20260821114550|978.88
1787283955|20260821114555|978.72
1787283960|20260821114600|978.65
1787283965|20260821114605|978.72
1787283970|20260821114610|978.74
1787283975|20260821114615|978.73
1787283980|20260821114620|978.72
1787283995|20260821114635|978.78
1787284010|20260821114650|979.07
1787284025|20260821114705|979.03
1787284030|20260821114710|979.01
1787284035|20260821114715|979.01
1787284040|20260821114720|979.19
1787284045|20260821114725|979.17
1787284055|20260821114735|979.14
1787284060|20260821114740|979.24
1787284065|20260821114745|979.24
1787284070|20260821114750|979.22
1787284075|20260821114755|979.24
1787284080|20260821114800|979.24
1787284090|20260821114810|979.22
1787284095|20260821114815|979.15
1787284100|20260821114820|979.20
1787284115|20260821114835|979.57
1787284120|20260821114840|979.77
1787284135|20260821114855|979.74
1787284145|20260821114905|979.64
1787284160|20260821114920|979.56
1787284165|20260821114925|979.61
1787284200|20260821115000|979.39
1787284205|20260821115005|979.36
1787284210|20260821115010|979.43
1787284220|20260821115020|979.41
1787284235|20260821115035|979.39
1787284245|20260821115045|979.35
1787284250|20260821115050|979.40
1787284270|20260821115110|979.48
1787284275|20260821115115|979.47
1787284280|20260821115120|979.51
1787284285|20260821115125|979.51
1787284295|20260821115135|979.57
1787284300|20260821115140|979.55
1787284305|20260821115145|979.53
1787284310|20260821115150|979.52
1787284315|20260821115155|979.56
1787284320|20260821115200|979.69
1787284325|20260821115205|979.69
1787284330|20260821115210|979.68
1787284335|20260821115215|979.73
1787284340|20260821115220|979.65
1787284345|20260821115225|979.68
1787284360|20260821115240|979.65
1787284365|20260821115245|979.65
1787284370|20260821115250|979.67
1787284375|20260821115255|979.65
1787284390|20260821115310|979.38
1787284395|20260821115315|979.46
1787284400|20260821115320|979.44
1787284420|20260821115340|979.56
1787284425|20260821115345|979.62
1787284445|20260821115405|979.56
1787284450|20260821115410|979.58
1787284460|20260821115420|979.61
1787284500|20260821115500|979.67
1787284505|20260821115505|979.70
1787284510|20260821115510|979.69
1787284515|20260821115515|979.68
1787284520|20260821115520|979.67
1787284525|20260821115525|979.67
1787284535|20260821115535|979.72
1787284540|20260821115540|979.81
1787284545|20260821115545|979.82
1787284550|20260821115550|979.83
1787284555|20260821115555|979.83
1787284565|20260821115605|979.83
1787284570|20260821115610|979.74
1787284585|20260821115625|979.68
1787284595|20260821115635|979.70
1787284600|20260821115640|979.69
1787284605|20260821115645|979.68
1787284610|20260821115650|979.69
1787284615|20260821115655|979.69
1787284625|20260821115705|979.69
1787284630|20260821115710|979.55
1787284635|20260821115715|979.57
1787284640|20260821115720|979.70
1787284655|20260821115735|979.70
1787284660|20260821115740|979.74
1787284670|20260821115750|979.70
1787284675|20260821115755|979.67
1787284680|20260821115800|979.68
1787284685|20260821115805|979.70
1787284690|20260821115810|979.72
1787284695|20260821115815|979.78
1787284700|20260821115820|979.78
1787284705|20260821115825|980.02
1787284715|20260821115835|980.02
1787284720|20260821115840|980.06
1787284725|20260821115845|980.05
1787284730|20260821115850|980.05
1787284735|20260821115855|980.05
1787284740|20260821115900|980.09
1787284745|20260821115905|980.15
1787284755|20260821115915|980.15
1787284760|20260821115920|980.16
1787284765|20260821115925|980.20
1787284775|20260821115935|980.08
1787284790|20260821115950|980.21
1787284805|20260821120005|980.20
1787284835|20260821120035|980.32
1787284840|20260821120040|980.34
1787284845|20260821120045|980.44
1787284850|20260821120050|980.44
1787284855|20260821120055|980.43
1787284865|20260821120105|980.51
1787284870|20260821120110|980.53
1787284875|20260821120115|980.61
1787284880|20260821120120|980.61
1787284885|20260821120125|980.58
1787284895|20260821120135|980.59
1787284905|20260821120145|980.43
1787284915|20260821120155|980.42
1787284925|20260821120205|980.53
1787284930|20260821120210|980.67
1787284935|20260821120215|980.70
1787284945|20260821120225|980.81
1787284955|20260821120235|980.86
1787284960|20260821120240|980.87
1787284965|20260821120245|980.79
1787284970|20260821120250|980.81
1787284975|20260821120255|980.77
1787284980|20260821120300|980.73
1787284985|20260821120305|980.75
1787284990|20260821120310|980.79
1787284995|20260821120315|980.92
1787285000|20260821120320|980.87
1787285005|20260821120325|980.87
1787285010|20260821120330|980.93
1787285015|20260821120335|980.92
1787285020|20260821120340|980.72
1787285025|20260821120345|980.67
1787285030|20260821120350|980.68
1787285035|20260821120355|980.68
1787285045|20260821120405|980.65
1787285050|20260821120410|980.71
1787285055|20260821120415|980.71
1787285060|20260821120420|980.68
1787285065|20260821120425|980.75
1787285085|20260821120445|980.88
1787285095|20260821120455|980.91
1787285100|20260821120500|980.88
1787285105|20260821120505|980.87
1787285110|20260821120510|980.84
1787285115|20260821120515|980.79
1787285120|20260821120520|980.80
1787285125|20260821120525|980.75
1787285135|20260821120535|980.74
1787285140|20260821120540|980.75
1787285145|20260821120545|980.82
1787285160|20260821120600|980.87
1787285175|20260821120615|980.88
1787285180|20260821120620|980.94
1787285195|20260821120635|981.00
1787285200|20260821120640|980.59
1787285205|20260821120645|980.59
1787285210|20260821120650|980.59
1787285215|20260821120655|980.57
1787285220|20260821120700|980.57
1787285225|20260821120705|980.54
1787285230|20260821120710|980.54
1787285235|20260821120715|980.52
1787285240|20260821120720|980.51
1787285245|20260821120725|980.47
1787285250|20260821120730|980.57
1787285255|20260821120735|980.64
1787285260|20260821120740|980.59
1787285265|20260821120745|980.49
1787285270|20260821120750|980.45
1787285275|20260821120755|980.42
1787285280|20260821120800|980.40
1787285285|20260821120805|980.38
1787285290|20260821120810|980.40
1787285295|20260821120815|980.34
1787285300|20260821120820|980.36
1787285305|20260821120825|980.36
1787285310|20260821120830|980.36
1787285320|20260821120840|980.35
1787285325|20260821120845|980.37
1787285330|20260821120850|980.41
1787285335|20260821120855|980.41
1787285345|20260821120905|980.52
1787285350|20260821120910|980.61
1787285360|20260821120920|980.71
1787285365|20260821120925|980.73
1787285370|20260821120930|980.75
1787285380|20260821120940|980.88
1787285390|20260821120950|980.88
1787285400|20260821121000|980.73
1787285405|20260821121005|980.84
1787285410|20260821121010|980.79
1787285415|20260821121015|980.78
1787285425|20260821121025|980.92
1787285435|20260821121035|981.07
1787285440|20260821121040|981.03
1787285445|20260821121045|981.00
1787285450|20260821121050|981.03
1787285465|20260821121105|980.99
1787285470|20260821121110|981.00
1787285475|20260821121115|980.99
1787285480|20260821121120|981.00
1787285485|20260821121125|980.97
1787285495|20260821121135|980.71
1787285500|20260821121140|980.73
1787285505|20260821121145|980.72
1787285515|20260821121155|980.75
1787285520|20260821121200|980.71
1787285525|20260821121205|980.72
1787285530|20260821121210|980.70
1787285540|20260821121220|980.63
1787285545|20260821121225|980.64
1787285560|20260821121240|980.67
1787285565|20260821121245|980.68
1787285570|20260821121250|980.72
1787285575|20260821121255|980.75
1787285585|20260821121305|980.73
1787285590|20260821121310|980.73
1787285595|20260821121315|980.90
1787285600|20260821121320|980.99
1787285605|20260821121325|980.98
1787285615|20260821121335|981.05
1787285620|20260821121340|981.04
1787285625|20260821121345|981.06
1787285630|20260821121350|981.10
1787285635|20260821121355|981.10
1787285645|20260821121405|981.14
1787285650|20260821121410|981.13
1787285655|20260821121415|981.30
1787285660|20260821121420|981.45
1787285665|20260821121425|981.13
1787285705|20260821121505|981.20
1787285710|20260821121510|981.28
1787285715|20260821121515|981.21
1787285720|20260821121520|981.10
1787285725|20260821121525|980.75
1787285735|20260821121535|980.85
1787285740|20260821121540|980.78
1787285745|20260821121545|980.77
1787285750|20260821121550|980.94
1787285755|20260821121555|980.91
1787285760|20260821121600|980.89
1787285765|20260821121605|980.89
1787285770|20260821121610|980.89
1787285775|20260821121615|980.85
1787285780|20260821121620|980.82
1787285785|20260821121625|980.91
1787285795|20260821121635|980.86
1787285800|20260821121640|980.77
1787285805|20260821121645|980.78
1787285810|20260821121650|980.72
1787285825|20260821121705|980.76
1787285835|20260821121715|980.94
1787285840|20260821121720|980.90
1787285855|20260821121735|980.88
1787285860|20260821121740|980.89
1787285865|20260821121745|980.90
1787285870|20260821121750|980.88
1787285875|20260821121755|980.88
1787285885|20260821121805|980.91
1787285890|20260821121810|980.79
1787285895|20260821121815|980.73
1787285900|20260821121820|980.80
1787285905|20260821121825|980.95
1787285915|20260821121835|981.15
1787285920|20260821121840|981.16
1787285925|20260821121845|981.16
1787285930|20260821121850|981.14
1787285935|20260821121855|981.14
1787285945|20260821121905|981.26
1787285950|20260821121910|981.22
1787285955|20260821121915|981.17
1787285960|20260821121920|981.23
1787285965|20260821121925|981.24
1787286005|20260821122005|981.39
1787286010|20260821122010|981.40
1787286015|20260821122015|981.43
1787286020|20260821122020|981.44
1787286025|20260821122025|981.43
1787286035|20260821122035|981.58
1787286040|20260821122040|981.58
1787286045|20260821122045|981.71
1787286050|20260821122050|981.72
1787286055|20260821122055|981.76
1787286065|20260821122105|981.71
1787286070|20260821122110|981.70
1787286075|20260821122115|981.71
1787286080|20260821122120|981.63
1787286085|20260821122125|981.62
1787286095|20260821122135|982.40
1787286105|20260821122145|982.22
1787286110|20260821122150|982.03
1787286115|20260821122155|982.05
1787286120|20260821122200|982.05
1787286125|20260821122205|981.84
1787286130|20260821122210|981.83
1787286135|20260821122215|981.88
1787286140|20260821122220|981.80
1787286145|20260821122225|981.70
1787286155|20260821122235|981.48
1787286160|20260821122240|981.59
1787286165|20260821122245|981.60
1787286170|20260821122250|981.68
1787286175|20260821122255|981.67
1787286185|20260821122305|981.80
1787286190|20260821122310|981.64
1787286195|20260821122315|981.72
1787286205|20260821122325|981.75
1787286220|20260821122340|981.85
1787286225|20260821122345|981.83
1787286235|20260821122355|981.80
1787286245|20260821122405|981.94
1787286250|20260821122410|981.82
1787286260|20260821122420|981.95
1787286265|20260821122425|981.94
1787286300|20260821122500|981.88
1787286305|20260821122505|981.84
1787286310|20260821122510|981.86
1787286315|20260821122515|981.87
1787286320|20260821122520|981.80
1787286325|20260821122525|981.82
1787286335|20260821122535|981.89
1787286340|20260821122540|981.87
1787286350|20260821122550|981.98
1787286355|20260821122555|982.04
1787286370|20260821122610|982.09
1787286375|20260821122615|982.22
1787286380|20260821122620|982.20
1787286385|20260821122625|982.26
1787286400|20260821122640|982.28
1787286410|20260821122650|982.27
1787286415|20260821122655|982.27
1787286425|20260821122705|982.35
1787286430|20260821122710|982.37
1787286435|20260821122715|982.55
1787286440|20260821122720|982.52
1787286445|20260821122725|982.53
1787286455|20260821122735|982.56
1787286460|20260821122740|982.53
1787286465|20260821122745|982.59
1787286485|20260821122805|982.36
1787286490|20260821122810|982.41
1787286495|20260821122815|982.41
1787286500|20260821122820|982.41
1787286505|20260821122825|982.35
1787286515|20260821122835|982.67
1787286520|20260821122840|982.66
1787286525|20260821122845|982.63
1787286530|20260821122850|982.60
1787286535|20260821122855|982.56
1787286545|20260821122905|982.59
1787286550|20260821122910|982.39
1787286560|20260821122920|982.46
1787286565|20260821122925|982.45
1787286600|20260821123000|982.75
1787286605|20260821123005|982.77
1787286615|20260821123015|982.70
1787286620|20260821123020|982.69
1787286625|20260821123025|982.78
1787286640|20260821123040|982.46
1787286645|20260821123045|982.39
1787286650|20260821123050|982.37
1787286655|20260821123055|982.38
1787286665|20260821123105|982.76
1787286670|20260821123110|982.76
1787286675|20260821123115|982.73
1787286680|20260821123120|982.65
1787286685|20260821123125|982.69
1787286700|20260821123140|982.78
1787286705|20260821123145|982.75
1787286710|20260821123150|982.70
1787286715|20260821123155|982.70
1787286720|20260821123200|982.70
1787286725|20260821123205|982.71
1787286730|20260821123210|982.77
1787286740|20260821123220|982.78
1787286745|20260821123225|982.78
1787286755|20260821123235|982.86
1787286765|20260821123245|982.45
1787286770|20260821123250|982.20
1787286780|20260821123300|982.12
1787286795|20260821123315|981.98
1787286800|20260821123320|982.02
1787286805|20260821123325|982.04
1787286815|20260821123335|981.93
1787286820|20260821123340|981.94
1787286825|20260821123345|981.89
1787286830|20260821123350|981.91
1787286855|20260821123415|982.15
1787286860|20260821123420|982.12
1787286900|20260821123500|982.10
1787286905|20260821123505|982.07
1787286910|20260821123510|982.10
1787286915|20260821123515|982.17
1787286920|20260821123520|982.17
1787286925|20260821123525|982.06
1787286935|20260821123535|982.06
1787286940|20260821123540|982.09
1787286945|20260821123545|982.00
1787286950|20260821123550|981.97
1787286955|20260821123555|981.99
1787286960|20260821123600|982.00
1787286965|20260821123605|982.12
1787286970|20260821123610|982.01
1787286975|20260821123615|981.99
1787286980|20260821123620|981.98
1787286985|20260821123625|981.99
1787286995|20260821123635|981.84
1787287000|20260821123640|981.78
1787287005|20260821123645|981.83
1787287010|20260821123650|981.81
1787287015|20260821123655|981.80
1787287025|20260821123705|981.85
1787287030|20260821123710|981.87
1787287040|20260821123720|981.77
1787287045|20260821123725|981.77
1787287065|20260821123745|981.78
1787287070|20260821123750|981.80
1787287085|20260821123805|981.86
1787287115|20260821123835|981.71
1787287120|20260821123840|981.64
1787287140|20260821123900|981.59
1787287145|20260821123905|981.59
1787287160|20260821123920|981.69
1787287165|20260821123925|981.67
1787287200|20260821124000|981.58
1787287210|20260821124010|981.72
1787287215|20260821124015|981.71
1787287220|20260821124020|981.76
1787287225|20260821124025|981.77
1787287235|20260821124035|981.88
1787287240|20260821124040|981.85
1787287245|20260821124045|981.81
1787287250|20260821124050|981.79
1787287255|20260821124055|981.76
1787287265|20260821124105|981.75
1787287270|20260821124110|981.78
1787287275|20260821124115|981.58
1787287280|20260821124120|981.58
1787287285|20260821124125|981.57
1787287295|20260821124135|981.49
1787287300|20260821124140|981.48
1787287305|20260821124145|981.45
1787287310|20260821124150|981.47
1787287320|20260821124200|981.44
1787287330|20260821124210|981.49
1787287335|20260821124215|981.45
1787287340|20260821124220|981.44
1787287345|20260821124225|981.44
1787287355|20260821124235|981.40
1787287360|20260821124240|981.38
1787287365|20260821124245|981.46
1787287370|20260821124250|981.40
1787287375|20260821124255|981.39
1787287385|20260821124305|981.43
1787287390|20260821124310|981.56
1787287395|20260821124315|981.52
1787287400|20260821124320|981.54
1787287415|20260821124335|981.67
1787287420|20260821124340|981.70
1787287425|20260821124345|981.61
1787287430|20260821124350|981.54
1787287445|20260821124405|981.58
1787287450|20260821124410|981.57
1787287460|20260821124420|981.50
1787287465|20260821124425|981.41
1787287500|20260821124500|981.58
1787287505|20260821124505|981.56
1787287510|20260821124510|981.52
1787287515|20260821124515|981.51
1787287520|20260821124520|981.54
1787287525|20260821124525|981.52
1787287535|20260821124535|981.54
1787287540|20260821124540|981.53
1787287545|20260821124545|981.47
1787287555|20260821124555|981.46
1787287565|20260821124605|981.36
1787287570|20260821124610|981.34
1787287575|20260821124615|981.32
1787287585|20260821124625|981.27
1787287595|20260821124635|981.38
1787287600|20260821124640|981.50
1787287605|20260821124645|981.52
1787287610|20260821124650|981.51
1787287615|20260821124655|981.52
1787287625|20260821124705|981.50
1787287630|20260821124710|981.47
1787287635|20260821124715|981.47
1787287640|20260821124720|981.49
1787287645|20260821124725|981.43
1787287660|20260821124740|981.47
1787287665|20260821124745|981.48
1787287670|20260821124750|981.44
1787287685|20260821124805|981.48
1787287690|20260821124810|981.40
1787287700|20260821124820|981.33
1787287705|20260821124825|981.34
1787287715|20260821124835|981.33
1787287720|20260821124840|981.34
1787287725|20260821124845|981.46
1787287730|20260821124850|981.54
1787287735|20260821124855|981.62
1787287745|20260821124905|981.54
1787287750|20260821124910|981.55
1787287755|20260821124915|981.56
1787287760|20260821124920|981.56
1787287800|20260821125000|981.39
1787287805|20260821125005|981.43
1787287810|20260821125010|981.49
1787287815|20260821125015|981.55
1787287820|20260821125020|981.54
1787287825|20260821125025|981.54
1787287840|20260821125040|981.50
1787287855|20260821125055|981.50
1787287880|20260821125120|981.53
1787287885|20260821125125|981.45
1787287895|20260821125135|981.51
1787287900|20260821125140|981.49
1787287905|20260821125145|981.53
1787287910|20260821125150|981.55
1787287925|20260821125205|981.55
1787287930|20260821125210|981.55
1787287940|20260821125220|981.51
1787287945|20260821125225|981.52
1787287960|20260821125240|981.52
1787287965|20260821125245|981.57
1787287970|20260821125250|981.57
1787287975|20260821125255|981.65
1787287980|20260821125300|981.67
1787287990|20260821125310|981.68
1787288005|20260821125325|981.45
1787288015|20260821125335|981.59
1787288020|20260821125340|981.60
1787288025|20260821125345|981.59
1787288030|20260821125350|981.59
1787288035|20260821125355|981.59
1787288045|20260821125405|981.59
1787288050|20260821125410|981.46
1787288060|20260821125420|981.48
1787288090|20260821125450|981.43
1787288100|20260821125500|981.45
1787288105|20260821125505|981.49
1787288110|20260821125510|981.46
1787288115|20260821125515|981.47
1787288120|20260821125520|981.40
1787288125|20260821125525|981.43
1787288135|20260821125535|981.45
1787288140|20260821125540|981.49
1787288145|20260821125545|981.48
1787288150|20260821125550|981.51
1787288155|20260821125555|981.53
1787288165|20260821125605|981.51
1787288170|20260821125610|981.49
1787288175|20260821125615|981.49
1787288180|20260821125620|981.51
1787288185|20260821125625|981.39
1787288195|20260821125635|981.43
1787288200|20260821125640|981.44
1787288205|20260821125645|981.48
1787288210|20260821125650|981.48
1787288215|20260821125655|981.47
1787288225|20260821125705|981.47
1787288230|20260821125710|981.56
1787288235|20260821125715|981.57
1787288240|20260821125720|981.60
1787288245|20260821125725|981.60
1787288255|20260821125735|981.62
1787288260|20260821125740|981.55
1787288265|20260821125745|981.57
1787288270|20260821125750|981.56
1787288280|20260821125800|981.49
1787288285|20260821125805|981.34
1787288290|20260821125810|981.34
1787288295|20260821125815|981.41
1787288300|20260821125820|981.39
1787288305|20260821125825|981.45
1787288315|20260821125835|981.45
1787288335|20260821125855|981.46
1787288345|20260821125905|981.45
1787288350|20260821125910|981.40
1787288355|20260821125915|981.40
1787288360|20260821125920|981.39
1787288365|20260821125925|981.37
1787288400|20260821130000|981.27
1787288405|20260821130005|981.26
1787288415|20260821130015|981.20
1787288420|20260821130020|981.31
1787288425|20260821130025|981.28
1787288435|20260821130035|981.28
1787288440|20260821130040|981.17
1787288445|20260821130045|981.20
1787288450|20260821130050|981.19
1787288455|20260821130055|981.18
1787288465|20260821130105|981.12
1787288470|20260821130110|981.04
1787288475|20260821130115|980.66
1787288480|20260821130120|980.69
1787288485|20260821130125|980.79
1787288495|20260821130135|980.76
1787288505|20260821130145|980.72
1787288510|20260821130150|980.74
1787288515|20260821130155|980.67
1787288520|20260821130200|980.65
1787288525|20260821130205|980.70
1787288530|20260821130210|980.69
1787288535|20260821130215|980.71
1787288545|20260821130225|980.59
1787288555|20260821130235|980.50
1787288565|20260821130245|980.47
1787288570|20260821130250|980.49
1787288575|20260821130255|980.49
1787288585|20260821130305|980.54
1787288590|20260821130310|980.54
1787288600|20260821130320|980.53
1787288605|20260821130325|980.62
1787288615|20260821130335|980.61
1787288620|20260821130340|980.61
1787288625|20260821130345|980.61
1787288630|20260821130350|980.63
1787288645|20260821130405|980.64
1787288650|20260821130410|980.58
1787288655|20260821130415|980.63
1787288660|20260821130420|980.62
1787288665|20260821130425|980.65
1787288675|20260821130435|980.68
1787288710|20260821130510|980.68
1787288715|20260821130515|980.92
1787288720|20260821130520|980.90
1787288725|20260821130525|980.89
1787288735|20260821130535|980.92
1787288740|20260821130540|981.00
1787288745|20260821130545|980.98
1787288750|20260821130550|981.01
1787288755|20260821130555|981.00
1787288765|20260821130605|981.00
1787288770|20260821130610|981.00
1787288775|20260821130615|980.89
1787288785|20260821130625|980.89
1787288795|20260821130635|981.02
1787288800|20260821130640|980.95
1787288805|20260821130645|980.96
1787288810|20260821130650|980.91
1787288815|20260821130655|980.94
1787288825|20260821130705|980.92
1787288830|20260821130710|980.77
1787288835|20260821130715|980.83
1787288840|20260821130720|980.82
1787288845|20260821130725|980.81
1787288855|20260821130735|980.81
1787288860|20260821130740|980.78
1787288865|20260821130745|980.82
1787288870|20260821130750|980.66
1787288875|20260821130755|980.60
1787288885|20260821130805|980.42
1787288890|20260821130810|980.43
1787288900|20260821130820|980.42
1787288905|20260821130825|980.34
1787288915|20260821130835|980.14
1787288920|20260821130840|980.23
1787288925|20260821130845|980.38
1787288930|20260821130850|980.35
1787288935|20260821130855|980.39
1787288940|20260821130900|980.36
1787288945|20260821130905|980.32
1787288950|20260821130910|980.40
1787288955|20260821130915|980.40
1787288960|20260821130920|980.44
1787288965|20260821130925|980.44
1787289005|20260821131005|980.45
1787289010|20260821131010|980.42
1787289015|20260821131015|980.35
1787289020|20260821131020|980.37
1787289025|20260821131025|980.36
1787289035|20260821131035|980.14
1787289040|20260821131040|980.12
1787289045|20260821131045|980.22
1787289050|20260821131050|980.20
1787289055|20260821131055|980.31
1787289060|20260821131100|980.25
1787289065|20260821131105|980.27
1787289075|20260821131115|980.30
1787289080|20260821131120|980.30
1787289085|20260821131125|980.29
1787289095|20260821131135|980.36
1787289100|20260821131140|980.37
1787289105|20260821131145|980.35
1787289110|20260821131150|980.44
1787289120|20260821131200|980.30
1787289125|20260821131205|980.23
1787289140|20260821131220|980.32
1787289145|20260821131225|980.30
1787289155|20260821131235|980.28
1787289160|20260821131240|980.34
1787289165|20260821131245|980.32
1787289170|20260821131250|980.28
1787289175|20260821131255|980.29
1787289180|20260821131300|980.20
1787289185|20260821131305|980.23
1787289200|20260821131320|980.24
1787289205|20260821131325|980.24
1787289215|20260821131335|980.37
1787289220|20260821131340|980.35
1787289225|20260821131345|980.26
1787289240|20260821131400|980.22
1787289255|20260821131415|980.24
1787289260|20260821131420|980.24
1787289280|20260821131440|980.28
1787289300|20260821131500|980.56
1787289305|20260821131505|980.54
1787289310|20260821131510|980.56
1787289315|20260821131515|980.78
1787289320|20260821131520|980.76
1787289325|20260821131525|980.77
1787289335|20260821131535|980.78
1787289340|20260821131540|980.84
1787289345|20260821131545|980.83
1787289350|20260821131550|980.28
1787289355|20260821131555|980.28
1787289360|20260821131600|980.29
1787289380|20260821131620|980.12
1787289395|20260821131635|980.16
1787289410|20260821131650|980.12
1787289425|20260821131705|979.93
1787289435|20260821131715|979.46
1787289440|20260821131720|979.51
1787289445|20260821131725|979.51
1787289455|20260821131735|979.44
1787289465|20260821131745|979.43
1787289470|20260821131750|979.72
1787289475|20260821131755|979.61
1787289485|20260821131805|979.75
1787289490|20260821131810|979.54
1787289495|20260821131815|979.61
1787289500|20260821131820|979.54
1787289520|20260821131840|979.48
1787289530|20260821131850|979.64
1787289535|20260821131855|979.72
1787289545|20260821131905|979.78
1787289550|20260821131910|979.97
1787289555|20260821131915|979.92
1787289560|20260821131920|979.90
1787289565|20260821131925|979.94
1787289575|20260821131935|979.70
1787289585|20260821131945|979.74
1787289590|20260821131950|979.71
1787289595|20260821131955|979.70
1787289620|20260821132020|979.59
1787289625|20260821132025|979.63
1787289635|20260821132035|979.80
1787289650|20260821132050|979.79
1787289655|20260821132055|979.79
1787289665|20260821132105|979.81
1787289670|20260821132110|979.76
1787289680|20260821132120|979.73
1787289685|20260821132125|979.64
1787289695|20260821132135|979.69
1787289705|20260821132145|979.64
1787289710|20260821132150|979.68
1787289715|20260821132155|979.65
1787289720|20260821132200|979.67
1787289725|20260821132205|979.64
1787289730|20260821132210|979.75
1787289735|20260821132215|979.78
1787289740|20260821132220|979.82
1787289745|20260821132225|979.81
1787289760|20260821132240|979.82
1787289765|20260821132245|979.78
1787289770|20260821132250|979.80
1787289775|20260821132255|979.86
1787289780|20260821132300|979.79
1787289785|20260821132305|979.85
1787289790|20260821132310|979.75
1787289795|20260821132315|979.87
1787289800|20260821132320|979.86
1787289805|20260821132325|979.87
1787289820|20260821132340|979.86
1787289825|20260821132345|979.86
1787289830|20260821132350|979.87
1787289835|20260821132355|979.86
1787289850|20260821132410|979.85
1787289855|20260821132415|979.82
1787289865|20260821132425|979.73
1787289900|20260821132500|979.78
1787289905|20260821132505|979.84
1787289910|20260821132510|979.82
1787289915|20260821132515|979.87
1787289920|20260821132520|979.92
1787289925|20260821132525|979.91
1787289940|20260821132540|979.80
1787289955|20260821132555|979.78
1787289960|20260821132600|979.77
1787289965|20260821132605|979.78
1787289970|20260821132610|979.79
1787289975|20260821132615|979.78
1787289985|20260821132625|979.65
1787290000|20260821132640|979.59
1787290005|20260821132645|979.52
1787290015|20260821132655|979.41
1787290030|20260821132710|979.32
1787290035|20260821132715|979.39
1787290040|20260821132720|979.38
1787290055|20260821132735|979.28
1787290065|20260821132745|979.29
1787290085|20260821132805|979.21
1787290090|20260821132810|979.11
1787290095|20260821132815|979.14
1787290105|20260821132825|979.17
1787290115|20260821132835|979.25
1787290120|20260821132840|979.28
1787290125|20260821132845|979.27
1787290135|20260821132855|979.34
1787290140|20260821132900|979.17
1787290145|20260821132905|979.20
1787290155|20260821132915|979.24
1787290160|20260821132920|979.24
1787290165|20260821132925|979.31
1787290205|20260821133005|979.30
1787290210|20260821133010|978.92
1787290215|20260821133015|979.46
1787290220|20260821133020|979.65
1787290235|20260821133035|979.89
1787290240|20260821133040|979.97
1787290245|20260821133045|979.71
1787290250|20260821133050|979.76
1787290260|20260821133100|979.70
1787290265|20260821133105|979.59
1787290270|20260821133110|979.61
1787290275|20260821133115|979.69
1787290280|20260821133120|979.49
1787290285|20260821133125|979.48
1787290300|20260821133140|979.46
1787290305|20260821133145|979.44
1787290320|20260821133200|979.49
1787290335|20260821133215|979.62
1787290340|20260821133220|979.70
1787290345|20260821133225|979.77
1787290355|20260821133235|979.93
1787290360|20260821133240|979.95
1787290365|20260821133245|980.02
1787290370|20260821133250|980.02
1787290375|20260821133255|980.12
1787290380|20260821133300|980.13
1787290385|20260821133305|980.17
1787290400|20260821133320|980.49
1787290425|20260821133345|980.67
1787290430|20260821133350|980.69
1787290445|20260821133405|980.67
1787290450|20260821133410|980.70
1787290455|20260821133415|980.59
1787290460|20260821133420|980.44
1787290500|20260821133500|980.63
1787290505|20260821133505|980.76
1787290510|20260821133510|980.77
1787290515|20260821133515|980.74
1787290520|20260821133520|980.68
1787290525|20260821133525|980.76
1787290535|20260821133535|980.90
1787290540|20260821133540|980.80
1787290545|20260821133545|980.82
1787290550|20260821133550|980.96
1787290555|20260821133555|980.96
1787290565|20260821133605|981.16
1787290570|20260821133610|981.18
1787290575|20260821133615|981.24
1787290580|20260821133620|981.27
1787290595|20260821133635|981.13
1787290600|20260821133640|981.24
1787290615|20260821133655|981.18
1787290625|20260821133705|981.20
1787290630|20260821133710|981.16
1787290635|20260821133715|981.08
1787290640|20260821133720|981.00
1787290645|20260821133725|980.87
1787290655|20260821133735|980.87
1787290660|20260821133740|980.85
1787290665|20260821133745|980.84
1787290670|20260821133750|980.80
1787290675|20260821133755|980.77
1787290690|20260821133810|980.65
1787290695|20260821133815|980.67
1787290700|20260821133820|980.81
1787290705|20260821133825|980.89
1787290715|20260821133835|980.90
1787290720|20260821133840|980.90
1787290725|20260821133845|980.96
1787290730|20260821133850|980.85
1787290735|20260821133855|980.81
1787290745|20260821133905|980.87
1787290750|20260821133910|981.01
1787290755|20260821133915|980.96
1787290760|20260821133920|980.92
1787290765|20260821133925|980.92
1787290805|20260821134005|980.37
1787290810|20260821134010|980.41
1787290815|20260821134015|980.52
1787290820|20260821134020|980.57
1787290825|20260821134025|980.55
1787290835|20260821134035|980.55
1787290845|20260821134045|980.58
1787290850|20260821134050|980.58
1787290855|20260821134055|980.44
1787290880|20260821134120|980.36
1787290900|20260821134140|980.31
1787290905|20260821134145|980.36
1787290910|20260821134150|980.45
1787290930|20260821134210|980.50
1787290935|20260821134215|980.49
1787290940|20260821134220|980.55
1787290945|20260821134225|980.62
1787290955|20260821134235|980.72
1787290960|20260821134240|980.72
1787290965|20260821134245|980.78
1787290970|20260821134250|980.97
1787290975|20260821134255|981.00
1787290995|20260821134315|980.89
1787291000|20260821134320|980.89
1787291005|20260821134325|980.92
1787291020|20260821134340|980.80
1787291025|20260821134345|980.83
1787291030|20260821134350|980.88
1787291045|20260821134405|980.93
1787291055|20260821134415|980.93
1787291065|20260821134425|981.08
1787291100|20260821134500|981.87
1787291105|20260821134505|981.82
1787291115|20260821134515|981.66
1787291120|20260821134520|981.57
1787291125|20260821134525|981.68
1787291135|20260821134535|981.69
1787291140|20260821134540|981.66
1787291145|20260821134545|981.73
1787291150|20260821134550|981.72
1787291165|20260821134605|981.69
1787291170|20260821134610|981.59
1787291175|20260821134615|981.64
1787291180|20260821134620|981.77
1787291185|20260821134625|981.81
1787291195|20260821134635|981.86
1787291200|20260821134640|981.77
1787291205|20260821134645|981.72
1787291210|20260821134650|981.73
1787291220|20260821134700|981.73
1787291225|20260821134705|981.77
1787291230|20260821134710|981.72
1787291235|20260821134715|981.82
1787291245|20260821134725|981.80
1787291255|20260821134735|981.72
1787291260|20260821134740|981.70
1787291265|20260821134745|981.74
1787291270|20260821134750|981.75
1787291275|20260821134755|981.70
1787291285|20260821134805|981.79
1787291290|20260821134810|981.83
1787291300|20260821134820|981.83
1787291315|20260821134835|981.77
1787291320|20260821134840|981.72
1787291325|20260821134845|981.72
1787291330|20260821134850|981.76
1787291345|20260821134905|982.15
1787291350|20260821134910|982.18
1787291355|20260821134915|982.38
1787291360|20260821134920|982.30
1787291365|20260821134925|982.43
1787291400|20260821135000|982.53
1787291405|20260821135005|982.49
1787291410|20260821135010|982.28
1787291415|20260821135015|982.17
1787291420|20260821135020|982.05
1787291425|20260821135025|981.99
1787291435|20260821135035|982.00
1787291445|20260821135045|982.09
1787291455|20260821135055|982.20
1787291465|20260821135105|982.32
1787291470|20260821135110|982.33
1787291475|20260821135115|982.40
1787291480|20260821135120|982.46
1787291485|20260821135125|982.46
1787291495|20260821135135|982.57
1787291500|20260821135140|982.68
1787291505|20260821135145|982.64
1787291510|20260821135150|982.86
1787291515|20260821135155|982.90
1787291525|20260821135205|982.91
1787291530|20260821135210|982.91
1787291535|20260821135215|982.77
1787291540|20260821135220|982.90
1787291545|20260821135225|982.86
1787291560|20260821135240|982.87
1787291565|20260821135245|982.84
1787291570|20260821135250|982.97
1787291575|20260821135255|983.08
1787291585|20260821135305|983.03
1787291590|20260821135310|983.02
1787291595|20260821135315|983.01
1787291600|20260821135320|983.08
1787291615|20260821135335|983.02
1787291620|20260821135340|983.10
1787291625|20260821135345|983.01
1787291630|20260821135350|982.98
1787291635|20260821135355|982.99
1787291645|20260821135405|982.93
1787291655|20260821135415|982.78
1787291660|20260821135420|982.75
1787291705|20260821135505|982.81
1787291710|20260821135510|983.03
1787291715|20260821135515|982.95
1787291720|20260821135520|982.95
1787291725|20260821135525|982.92
1787291730|20260821135530|983.00
1787291735|20260821135535|983.45
1787291740|20260821135540|983.44
1787291745|20260821135545|983.60
1787291750|20260821135550|983.60
1787291755|20260821135555|983.69
1787291765|20260821135605|983.66
1787291775|20260821135615|983.81
1787291780|20260821135620|983.81
1787291785|20260821135625|983.83
1787291795|20260821135635|983.91
1787291800|20260821135640|983.95
1787291810|20260821135650|983.90
1787291815|20260821135655|983.75
1787291825|20260821135705|983.76
1787291830|20260821135710|983.83
1787291835|20260821135715|983.76
1787291840|20260821135720|983.77
1787291845|20260821135725|983.88
1787291855|20260821135735|983.89
1787291860|20260821135740|983.91
1787291870|20260821135750|983.87
1787291875|20260821135755|983.99
1787291885|20260821135805|984.03
1787291895|20260821135815|984.23
1787291900|20260821135820|984.38
1787291905|20260821135825|984.37
1787291915|20260821135835|984.36
1787291920|20260821135840|984.20
1787291925|20260821135845|984.20
1787291930|20260821135850|984.21
1787291935|20260821135855|984.24
1787291940|20260821135900|984.43
1787291945|20260821135905|984.36
1787291950|20260821135910|984.60
1787291960|20260821135920|984.60
1787291965|20260821135925|984.60
1787292000|20260821140000|984.06
1787292005|20260821140005|984.11
1787292010|20260821140010|983.97
1787292015|20260821140015|984.10
1787292020|20260821140020|983.95
1787292035|20260821140035|984.00
1787292040|20260821140040|984.01
1787292045|20260821140045|984.03
1787292050|20260821140050|984.03
1787292055|20260821140055|984.15
1787292065|20260821140105|984.23
1787292070|20260821140110|984.22
1787292075|20260821140115|984.24
1787292080|20260821140120|984.28
1787292085|20260821140125|984.27
1787292095|20260821140135|984.10
1787292100|20260821140140|983.79
1787292105|20260821140145|983.82
1787292110|20260821140150|983.82
1787292115|20260821140155|983.82
1787292125|20260821140205|983.89
1787292130|20260821140210|983.78
1787292140|20260821140220|983.39
1787292145|20260821140225|983.52
1787292155|20260821140235|983.02
1787292160|20260821140240|983.10
1787292165|20260821140245|983.09
1787292170|20260821140250|983.19
1787292175|20260821140255|983.19
1787292180|20260821140300|983.09
1787292185|20260821140305|982.89
1787292190|20260821140310|982.87
1787292195|20260821140315|982.88
1787292200|20260821140320|982.90
1787292205|20260821140325|982.82
1787292215|20260821140335|982.93
1787292220|20260821140340|983.03
1787292235|20260821140355|983.09
1787292245|20260821140405|982.95
1787292250|20260821140410|983.00
1787292255|20260821140415|983.03
1787292260|20260821140420|983.03
1787292265|20260821140425|983.14
1787292300|20260821140500|983.19
1787292305|20260821140505|983.20
1787292310|20260821140510|983.10
1787292315|20260821140515|983.23
1787292320|20260821140520|983.19
1787292325|20260821140525|983.22
1787292340|20260821140540|983.54
1787292345|20260821140545|983.46
1787292350|20260821140550|983.59
1787292355|20260821140555|983.31
1787292360|20260821140600|983.36
1787292365|20260821140605|983.42
1787292370|20260821140610|983.48
1787292375|20260821140615|983.30
1787292380|20260821140620|983.38
1787292395|20260821140635|983.50
1787292400|20260821140640|983.60
1787292405|20260821140645|983.50
1787292410|20260821140650|983.40
1787292415|20260821140655|983.27
1787292420|20260821140700|983.34
1787292425|20260821140705|983.32
1787292435|20260821140715|983.19
1787292440|20260821140720|983.07
1787292445|20260821140725|983.07
1787292455|20260821140735|983.05
1787292460|20260821140740|983.07
1787292465|20260821140745|983.03
1787292470|20260821140750|983.03
1787292475|20260821140755|982.93
1787292485|20260821140805|982.90
1787292495|20260821140815|982.81
1787292515|20260821140835|982.98
1787292525|20260821140845|982.86
1787292530|20260821140850|982.94
1787292550|20260821140910|982.81
1787292555|20260821140915|983.10
1787292565|20260821140925|983.00
1787292600|20260821141000|982.90
1787292605|20260821141005|982.94
1787292610|20260821141010|982.97
1787292615|20260821141015|983.05
1787292620|20260821141020|983.07
1787292625|20260821141025|983.04
1787292635|20260821141035|982.96
1787292640|20260821141040|982.99
1787292645|20260821141045|983.01
1787292655|20260821141055|982.80
1787292660|20260821141100|982.88
1787292665|20260821141105|982.88
1787292670|20260821141110|982.68
1787292680|20260821141120|982.55
1787292685|20260821141125|982.52
1787292695|20260821141135|982.55
1787292700|20260821141140|982.47
1787292705|20260821141145|982.37
1787292710|20260821141150|982.50
1787292715|20260821141155|982.45
1787292720|20260821141200|982.44
1787292725|20260821141205|982.41
1787292730|20260821141210|982.46
1787292735|20260821141215|982.46
1787292740|20260821141220|982.57
1787292755|20260821141235|982.74
1787292760|20260821141240|982.78
1787292765|20260821141245|982.78
1787292770|20260821141250|982.65
1787292775|20260821141255|982.67
1787292785|20260821141305|982.60
1787292790|20260821141310|982.60
1787292795|20260821141315|982.68
1787292800|20260821141320|982.67
1787292805|20260821141325|982.70
1787292815|20260821141335|982.86
1787292820|20260821141340|982.88
1787292825|20260821141345|982.83
1787292830|20260821141350|982.86
1787292835|20260821141355|982.82
1787292840|20260821141400|982.94
1787292845|20260821141405|982.97
1787292850|20260821141410|983.13
1787292855|20260821141415|983.09
1787292860|20260821141420|983.19
1787292865|20260821141425|983.20
1787292900|20260821141500|983.21
1787292905|20260821141505|983.33
1787292910|20260821141510|983.59
1787292915|20260821141515|983.89
1787292920|20260821141520|983.89
1787292925|20260821141525|983.90
1787292935|20260821141535|983.77
1787292940|20260821141540|983.79
1787292945|20260821141545|983.74
1787292950|20260821141550|983.73
1787292955|20260821141555|983.80
1787292960|20260821141600|983.74
1787292965|20260821141605|983.70
1787292970|20260821141610|983.68
1787292975|20260821141615|983.69
1787292980|20260821141620|983.82
1787292985|20260821141625|983.81
1787292995|20260821141635|984.01
1787293000|20260821141640|983.98
1787293005|20260821141645|984.08
1787293010|20260821141650|984.09
1787293015|20260821141655|984.30
1787293025|20260821141705|984.29
1787293030|20260821141710|984.67
1787293035|20260821141715|984.66
1787293040|20260821141720|984.71
1787293045|20260821141725|984.58
1787293055|20260821141735|984.44
1787293060|20260821141740|984.41
1787293065|20260821141745|984.46
1787293070|20260821141750|984.46
1787293075|20260821141755|984.52
1787293085|20260821141805|984.39
1787293095|20260821141815|984.43
1787293100|20260821141820|984.30
1787293105|20260821141825|984.32
1787293115|20260821141835|984.36
1787293120|20260821141840|984.34
1787293125|20260821141845|984.31
1787293130|20260821141850|984.28
1787293135|20260821141855|984.25
1787293145|20260821141905|984.20
1787293150|20260821141910|984.16
1787293155|20260821141915|984.19
1787293160|20260821141920|984.12
1787293165|20260821141925|984.12
1787293200|20260821142000|984.35
1787293205|20260821142005|984.61
1787293210|20260821142010|984.53
1787293215|20260821142015|984.48
1787293220|20260821142020|984.53
1787293225|20260821142025|984.70
1787293235|20260821142035|984.67
1787293240|20260821142040|984.61
1787293245|20260821142045|984.47
1787293255|20260821142055|984.51
1787293260|20260821142100|984.31
1787293265|20260821142105|984.18
1787293280|20260821142120|984.11
1787293285|20260821142125|984.08
1787293295|20260821142135|984.16
1787293305|20260821142145|984.04
1787293310|20260821142150|984.03
1787293315|20260821142155|984.05
1787293325|20260821142205|984.00
1787293330|20260821142210|984.00
1787293340|20260821142220|983.97
1787293345|20260821142225|983.90
1787293355|20260821142235|983.77
1787293365|20260821142245|983.87
1787293375|20260821142255|983.84
1787293380|20260821142300|983.84
1787293385|20260821142305|983.84
1787293400|20260821142320|983.77
1787293405|20260821142325|983.59
1787293415|20260821142335|983.48
1787293420|20260821142340|983.54
1787293425|20260821142345|983.53
1787293435|20260821142355|983.39
1787293445|20260821142405|983.35
1787293455|20260821142415|983.36
1787293460|20260821142420|983.35
1787293500|20260821142500|983.43
1787293505|20260821142505|983.39
1787293510|20260821142510|983.33
1787293515|20260821142515|983.38
1787293520|20260821142520|983.46
1787293525|20260821142525|983.44
1787293535|20260821142535|983.61
1787293540|20260821142540|983.73
1787293545|20260821142545|983.73
1787293550|20260821142550|983.73
1787293555|20260821142555|983.80
1787293565|20260821142605|983.88
1787293570|20260821142610|983.81
1787293575|20260821142615|983.84
1787293580|20260821142620|983.75
1787293585|20260821142625|983.74
1787293595|20260821142635|984.10
1787293600|20260821142640|984.10
1787293610|20260821142650|984.26
1787293615|20260821142655|984.34
1787293625|20260821142705|984.39
1787293630|20260821142710|984.41
1787293635|20260821142715|984.41
1787293640|20260821142720|984.35
1787293645|20260821142725|984.34
1787293660|20260821142740|984.56
1787293665|20260821142745|984.46
1787293670|20260821142750|984.48
1787293675|20260821142755|984.52
1787293680|20260821142800|984.86
1787293685|20260821142805|984.88
1787293690|20260821142810|984.86
1787293695|20260821142815|984.79
1787293700|20260821142820|984.76
1787293715|20260821142835|984.89
1787293720|20260821142840|984.94
1787293725|20260821142845|984.80
1787293730|20260821142850|984.86
1787293735|20260821142855|984.75
1787293745|20260821142905|984.76
1787293765|20260821142925|984.57
1787293800|20260821143000|984.53
1787293805|20260821143005|984.36
1787293810|20260821143010|984.35
1787293815|20260821143015|984.53
1787293820|20260821143020|984.53
1787293830|20260821143030|984.64
1787293835|20260821143035|984.64
1787293840|20260821143040|984.61
1787293845|20260821143045|984.67
1787293850|20260821143050|984.71
1787293855|20260821143055|984.50
1787293860|20260821143100|984.64
1787293865|20260821143105|984.56
1787293870|20260821143110|984.56
1787293875|20260821143115|984.71
1787293885|20260821143125|984.85
1787293895|20260821143135|984.82
1787293900|20260821143140|984.76
1787293905|20260821143145|984.82
1787293910|20260821143150|984.88
1787293915|20260821143155|984.89
1787293925|20260821143205|984.75
1787293930|20260821143210|984.74
1787293945|20260821143225|985.17
1787293955|20260821143235|985.27
1787293960|20260821143240|985.30
1787293970|20260821143250|985.19
1787293975|20260821143255|985.23
1787293985|20260821143305|985.32
1787293990|20260821143310|985.35
1787293995|20260821143315|985.44
1787294000|20260821143320|985.54
1787294015|20260821143335|985.54
1787294025|20260821143345|985.75
1787294030|20260821143350|985.79
1787294035|20260821143355|985.70
1787294045|20260821143405|985.68
1787294050|20260821143410|985.90
1787294055|20260821143415|985.93
1787294060|20260821143420|986.13
1787294065|20260821143425|986.05
1787294095|20260821143455|985.88
1787294100|20260821143500|985.88
1787294105|20260821143505|985.92
1787294110|20260821143510|986.08
1787294115|20260821143515|986.23
1787294120|20260821143520|986.27
1787294125|20260821143525|986.31
1787294135|20260821143535|986.17
1787294145|20260821143545|986.57
1787294150|20260821143550|986.47
1787294155|20260821143555|986.52
1787294160|20260821143600|986.50
1787294170|20260821143610|986.37
1787294175|20260821143615|986.41
1787294180|20260821143620|986.51
1787294185|20260821143625|986.52
1787294195|20260821143635|986.48
1787294200|20260821143640|986.40
1787294205|20260821143645|986.40
1787294210|20260821143650|986.32
1787294215|20260821143655|986.34
1787294235|20260821143715|986.35
1787294240|20260821143720|986.54
1787294245|20260821143725|986.49
1787294255|20260821143735|986.44
1787294265|20260821143745|986.58
1787294270|20260821143750|986.58
1787294275|20260821143755|986.57
1787294285|20260821143805|986.65
1787294290|20260821143810|986.66
1787294295|20260821143815|986.66
1787294300|20260821143820|986.63
1787294305|20260821143825|986.64
1787294315|20260821143835|986.59
1787294320|20260821143840|986.48
1787294325|20260821143845|986.44
1787294345|20260821143905|986.50
1787294350|20260821143910|986.46
1787294360|20260821143920|986.61
1787294365|20260821143925|986.65
1787294400|20260821144000|986.53
1787294405|20260821144005|986.52
1787294415|20260821144015|986.40
1787294420|20260821144020|986.28
1787294425|20260821144025|986.22
1787294435|20260821144035|986.01
1787294440|20260821144040|986.01
1787294445|20260821144045|985.89
1787294450|20260821144050|985.80
1787294455|20260821144055|985.71
1787294465|20260821144105|985.63
1787294470|20260821144110|985.77
1787294475|20260821144115|985.73
1787294480|20260821144120|985.72
1787294485|20260821144125|985.63
1787294495|20260821144135|985.73
1787294500|20260821144140|985.68
1787294515|20260821144155|985.75
1787294520|20260821144200|985.76
1787294525|20260821144205|985.71
1787294530|20260821144210|985.69
1787294535|20260821144215|985.70
1787294540|20260821144220|985.77
1787294545|20260821144225|985.80
1787294560|20260821144240|986.41
1787294565|20260821144245|986.35
1787294570|20260821144250|986.41
1787294575|20260821144255|986.41
1787294580|20260821144300|986.42
1787294595|20260821144315|986.38
1787294600|20260821144320|986.40
1787294605|20260821144325|986.29
1787294615|20260821144335|986.25
1787294620|20260821144340|986.34
1787294635|20260821144355|986.37
1787294640|20260821144400|986.39
1787294650|20260821144410|986.26
1787294655|20260821144415|986.31
1787294660|20260821144420|986.35
1787294665|20260821144425|986.45
1787294700|20260821144500|986.03
1787294705|20260821144505|986.03
1787294715|20260821144515|986.24
1787294720|20260821144520|986.19
1787294725|20260821144525|986.49
1787294735|20260821144535|986.49
1787294740|20260821144540|986.26
1787294750|20260821144550|986.21
1787294755|20260821144555|986.18
1787294760|20260821144600|986.24
1787294765|20260821144605|986.25
1787294770|20260821144610|986.19
1787294775|20260821144615|986.21
1787294780|20260821144620|986.18
1787294785|20260821144625|986.21
1787294795|20260821144635|986.25
1787294800|20260821144640|986.25
1787294805|20260821144645|986.22
1787294810|20260821144650|986.18
1787294825|20260821144705|986.21
1787294840|20260821144720|986.26
1787294845|20260821144725|986.29
1787294860|20260821144740|986.33
1787294865|20260821144745|986.37
1787294870|20260821144750|986.34
1787294875|20260821144755|986.26
1787294885|20260821144805|986.29
1787294890|20260821144810|986.30
1787294900|20260821144820|986.31
1787294905|20260821144825|986.46
1787294915|20260821144835|986.53
1787294920|20260821144840|986.68
1787294945|20260821144905|986.78
1787294950|20260821144910|986.78
1787294960|20260821144920|986.93
1787294965|20260821144925|986.98
1787295000|20260821145000|987.05
1787295005|20260821145005|986.99
1787295010|20260821145010|986.98
1787295015|20260821145015|986.94
1787295020|20260821145020|986.89
1787295025|20260821145025|987.03
1787295040|20260821145040|987.04
1787295045|20260821145045|986.95
1787295055|20260821145055|986.88
1787295065|20260821145105|986.85
1787295070|20260821145110|986.89
1787295075|20260821145115|986.78
1787295080|20260821145120|986.77
1787295085|20260821145125|986.90
1787295095|20260821145135|986.76
1787295100|20260821145140|986.73
1787295105|20260821145145|986.74
1787295110|20260821145150|986.78
1787295115|20260821145155|986.68
1787295125|20260821145205|986.78
1787295130|20260821145210|986.72
1787295145|20260821145225|986.88
1787295155|20260821145235|986.71
1787295160|20260821145240|986.71
1787295165|20260821145245|986.67
1787295170|20260821145250|986.81
1787295175|20260821145255|986.86
1787295185|20260821145305|986.78
1787295190|20260821145310|986.58
1787295200|20260821145320|986.70
1787295205|20260821145325|986.55
1787295215|20260821145335|986.66
1787295220|20260821145340|986.56
1787295225|20260821145345|986.54
1787295235|20260821145355|986.55
1787295245|20260821145405|986.49
1787295255|20260821145415|986.55
1787295260|20260821145420|986.63
1787295265|20260821145425|986.54
1787295300|20260821145500|986.51
1787295305|20260821145505|986.47
1787295310|20260821145510|986.49
1787295315|20260821145515|986.40
1787295320|20260821145520|986.43
1787295325|20260821145525|986.45
1787295335|20260821145535|986.44
1787295340|20260821145540|986.38
1787295345|20260821145545|986.43
1787295350|20260821145550|986.38
1787295355|20260821145555|986.37
1787295370|20260821145610|986.69
1787295375|20260821145615|986.83
1787295380|20260821145620|987.01
1787295385|20260821145625|986.93
1787295395|20260821145635|986.94
1787295400|20260821145640|986.94
1787295405|20260821145645|986.52
1787295415|20260821145655|986.37
1787295420|20260821145700|986.37
1787295425|20260821145705|986.39
1787295430|20260821145710|986.43
1787295435|20260821145715|986.44
1787295440|20260821145720|986.39
1787295445|20260821145725|986.40
1787295455|20260821145735|986.38
1787295465|20260821145745|986.33
1787295470|20260821145750|986.31
1787295475|20260821145755|986.33
1787295480|20260821145800|986.27
1787295485|20260821145805|986.13
1787295490|20260821145810|986.01
1787295495|20260821145815|986.04
1787295500|20260821145820|986.07
1787295505|20260821145825|986.14
1787295520|20260821145840|986.06
1787295525|20260821145845|986.08
1787295530|20260821145850|986.03
1787295535|20260821145855|986.01
1787295540|20260821145900|986.00
1787295550|20260821145910|985.81
1787295555|20260821145915|985.86
1787295560|20260821145920|985.87
1787295565|20260821145925|985.85
1787295600|20260821150000|985.58
1787295620|20260821150020|985.38
1787295625|20260821150025|985.31
1787295630|20260821150030|985.47
1787295635|20260821150035|985.45
1787295640|20260821150040|985.46
1787295645|20260821150045|985.51
1787295655|20260821150055|985.69
1787295660|20260821150100|985.83
1787295665|20260821150105|985.84
1787295670|20260821150110|985.85
1787295675|20260821150115|985.95
1787295680|20260821150120|986.09
1787295685|20260821150125|986.18
1787295700|20260821150140|985.81
1787295705|20260821150145|985.84
1787295710|20260821150150|985.83
1787295725|20260821150205|985.77
1787295730|20260821150210|985.77
1787295755|20260821150235|985.65
1787295760|20260821150240|985.66
1787295770|20260821150250|985.70
1787295775|20260821150255|985.68
1787295785|20260821150305|985.66
1787295790|20260821150310|985.77
1787295795|20260821150315|985.85
1787295800|20260821150320|985.87
1787295805|20260821150325|985.97
1787295815|20260821150335|985.95
1787295820|20260821150340|985.91
1787295830|20260821150350|985.96
1787295835|20260821150355|986.14
1787295845|20260821150405|986.13
1787295850|20260821150410|986.01
1787295855|20260821150415|986.01
1787295860|20260821150420|985.95
1787295865|20260821150425|985.93
1787295900|20260821150500|986.60
1787295905|20260821150505|986.50
1787295910|20260821150510|986.43
1787295915|20260821150515|986.35
1787295920|20260821150520|986.44
1787295935|20260821150535|986.31
1787295940|20260821150540|986.34
1787295945|20260821150545|986.24
1787295950|20260821150550|986.23
1787295955|20260821150555|986.21
1787295965|20260821150605|986.18
1787295970|20260821150610|986.19
1787295975|20260821150615|986.06
1787295980|20260821150620|986.14
1787295985|20260821150625|986.11
1787295995|20260821150635|986.08
1787296000|20260821150640|986.09
1787296005|20260821150645|986.11
1787296010|20260821150650|986.09
1787296015|20260821150655|986.20
1787296020|20260821150700|986.13
1787296025|20260821150705|986.11
1787296030|20260821150710|986.08
1787296035|20260821150715|986.09
1787296040|20260821150720|986.07
1787296045|20260821150725|986.09
1787296065|20260821150745|986.14
1787296070|20260821150750|986.12
1787296100|20260821150820|986.06
1787296115|20260821150835|986.14
1787296120|20260821150840|986.03
1787296125|20260821150845|985.66
1787296130|20260821150850|985.66
1787296135|20260821150855|985.81
1787296145|20260821150905|985.80
1787296150|20260821150910|985.80
1787296160|20260821150920|985.71
1787296165|20260821150925|985.45
1787296200|20260821151000|985.18
1787296205|20260821151005|985.08
1787296220|20260821151020|985.27
1787296225|20260821151025|985.23
1787296235|20260821151035|985.27
1787296240|20260821151040|985.08
1787296245|20260821151045|985.11
1787296250|20260821151050|985.19
1787296255|20260821151055|985.19
1787296265|20260821151105|985.26
1787296270|20260821151110|985.26
1787296280|20260821151120|985.24
1787296285|20260821151125|985.29
1787296295|20260821151135|985.24
1787296300|20260821151140|985.19
1787296305|20260821151145|985.21
1787296310|20260821151150|985.07
1787296325|20260821151205|985.21
1787296330|20260821151210|985.31
1787296335|20260821151215|985.36
1787296340|20260821151220|985.37
1787296345|20260821151225|985.34
1787296355|20260821151235|985.32
1787296360|20260821151240|985.29
1787296365|20260821151245|985.27
1787296370|20260821151250|985.25
1787296375|20260821151255|985.22
1787296385|20260821151305|985.04
1787296390|20260821151310|985.14
1787296400|20260821151320|985.20
1787296405|20260821151325|985.31
1787296415|20260821151335|985.30
1787296420|20260821151340|985.13
1787296425|20260821151345|985.14
1787296430|20260821151350|985.17
1787296450|20260821151410|985.21
1787296455|20260821151415|985.22
1787296460|20260821151420|985.21
1787296465|20260821151425|985.30
1787296475|20260821151435|985.35
1787296500|20260821151500|985.62
1787296505|20260821151505|985.61
1787296510|20260821151510|985.63
1787296515|20260821151515|985.73
1787296520|20260821151520|985.64
1787296525|20260821151525|985.63
1787296535|20260821151535|985.45
1787296540|20260821151540|985.30
1787296555|20260821151555|985.62
1787296560|20260821151600|985.68
1787296570|20260821151610|985.58
1787296575|20260821151615|985.63
1787296580|20260821151620|985.70
1787296585|20260821151625|985.72
1787296595|20260821151635|985.60
1787296600|20260821151640|985.75
1787296610|20260821151650|985.62
1787296615|20260821151655|985.54
1787296625|20260821151705|985.77
1787296630|20260821151710|985.86
1787296635|20260821151715|985.88
1787296640|20260821151720|985.91
1787296645|20260821151725|986.12
1787296655|20260821151735|986.06
1787296660|20260821151740|986.01
1787296665|20260821151745|985.96
1787296670|20260821151750|986.02
1787296675|20260821151755|986.07
1787296685|20260821151805|986.37
1787296690|20260821151810|986.46
1787296695|20260821151815|986.71
1787296700|20260821151820|986.69
1787296715|20260821151835|986.74
1787296720|20260821151840|986.67
1787296725|20260821151845|986.61
1787296735|20260821151855|986.64
1787296740|20260821151900|986.63
1787296745|20260821151905|986.68
1787296750|20260821151910|986.69
1787296755|20260821151915|986.72
1787296760|20260821151920|986.73
1787296765|20260821151925|986.70
1787296805|20260821152005|986.68
1787296810|20260821152010|986.62
1787296815|20260821152015|986.55
1787296820|20260821152020|986.57
1787296825|20260821152025|986.58
1787296835|20260821152035|986.52
1787296840|20260821152040|986.51
1787296845|20260821152045|986.49
1787296850|20260821152050|986.51
1787296865|20260821152105|986.47
1787296870|20260821152110|986.36
1787296875|20260821152115|986.43
1787296880|20260821152120|986.48
1787296885|20260821152125|986.61
1787296895|20260821152135|986.43
1787296900|20260821152140|986.39
1787296905|20260821152145|986.40
1787296910|20260821152150|986.32
1787296915|20260821152155|986.31
1787296925|20260821152205|986.49
1787296930|20260821152210|986.68
1787296955|20260821152235|986.62
1787296960|20260821152240|986.62
1787296965|20260821152245|986.64
1787296970|20260821152250|986.63
1787296975|20260821152255|986.51
1787296990|20260821152310|986.06
1787296995|20260821152315|986.14
1787297000|20260821152320|986.04
1787297005|20260821152325|986.09
1787297015|20260821152335|986.08
1787297025|20260821152345|986.19
1787297030|20260821152350|986.25
1787297035|20260821152355|986.24
1787297045|20260821152405|986.37
1787297050|20260821152410|986.38
1787297055|20260821152415|986.37
1787297060|20260821152420|986.29
1787297100|20260821152500|986.08
1787297105|20260821152505|986.00
1787297110|20260821152510|986.02
1787297115|20260821152515|986.04
1787297120|20260821152520|986.06
1787297125|20260821152525|986.10
1787297140|20260821152540|986.20
1787297145|20260821152545|986.25
1787297155|20260821152555|986.22
1787297160|20260821152600|986.04
1787297165|20260821152605|986.06
1787297170|20260821152610|985.93
1787297175|20260821152615|985.87
1787297180|20260821152620|985.88
1787297185|20260821152625|985.93
1787297195|20260821152635|985.80
1787297200|20260821152640|985.76
1787297210|20260821152650|985.66
1787297225|20260821152705|985.62
1787297230|20260821152710|985.59
1787297235|20260821152715|985.61
1787297240|20260821152720|985.62
1787297245|20260821152725|985.62
1787297260|20260821152740|985.46
1787297265|20260821152745|985.49
1787297270|20260821152750|985.51
1787297275|20260821152755|985.51
1787297285|20260821152805|985.58
1787297290|20260821152810|985.63
1787297295|20260821152815|985.73
1787297300|20260821152820|985.79
1787297315|20260821152835|985.71
1787297320|20260821152840|985.73
1787297325|20260821152845|985.71
1787297330|20260821152850|985.69
1787297335|20260821152855|985.68
1787297340|20260821152900|985.89
1787297345|20260821152905|985.85
1787297350|20260821152910|985.80
1787297360|20260821152920|985.81
1787297370|20260821152930|985.81
1787297375|20260821152935|985.79
1787297385|20260821152945|985.87
1787297390|20260821152950|985.72
1787297395|20260821152955|985.65
1787297400|20260821153000|985.67
1787297405|20260821153005|985.66
1787297410|20260821153010|985.54
1787297415|20260821153015|985.47
1787297420|20260821153020|985.41
1787297425|20260821153025|985.43
1787297430|20260821153030|985.57
1787297435|20260821153035|985.59
1787297440|20260821153040|985.70
1787297445|20260821153045|985.71
1787297450|20260821153050|985.75
1787297455|20260821153055|985.98
1787297460|20260821153100|985.97
1787297465|20260821153105|986.00
1787297470|20260821153110|986.04
1787297475|20260821153115|986.19
1787297480|20260821153120|986.21
1787297495|20260821153135|986.31
1787297500|20260821153140|986.10
1787297505|20260821153145|985.92
1787297510|20260821153150|985.93
1787297515|20260821153155|985.82
1787297520|20260821153200|985.75
1787297525|20260821153205|985.78
1787297530|20260821153210|985.79
1787297535|20260821153215|985.78
1787297540|20260821153220|985.59
1787297545|20260821153225|985.73
1787297555|20260821153235|985.65
1787297565|20260821153245|985.90
1787297575|20260821153255|985.90
1787297585|20260821153305|985.85
1787297590|20260821153310|985.96
1787297595|20260821153315|985.73
1787297600|20260821153320|985.72
1787297605|20260821153325|985.64
1787297615|20260821153335|985.64
1787297620|20260821153340|985.77
1787297625|20260821153345|985.75
1787297630|20260821153350|985.87
1787297635|20260821153355|985.89
1787297645|20260821153405|985.84
1787297650|20260821153410|985.81
1787297655|20260821153415|985.73
1787297660|20260821153420|985.73
1787297700|20260821153500|985.75
1787297705|20260821153505|985.79
1787297710|20260821153510|985.58
1787297715|20260821153515|985.59
1787297720|20260821153520|985.80
1787297725|20260821153525|985.84
1787297735|20260821153535|985.85
1787297740|20260821153540|985.68
1787297745|20260821153545|985.66
1787297750|20260821153550|985.61
1787297755|20260821153555|985.59
1787297760|20260821153600|985.61
1787297765|20260821153605|985.63
1787297770|20260821153610|985.67
1787297775|20260821153615|985.90
1787297780|20260821153620|985.78
1787297785|20260821153625|985.72
1787297795|20260821153635|985.81
1787297800|20260821153640|985.93
1787297805|20260821153645|985.99
1787297810|20260821153650|985.84
1787297815|20260821153655|985.84
1787297825|20260821153705|985.72
1787297830|20260821153710|985.85
1787297835|20260821153715|985.87
1787297840|20260821153720|985.81
1787297845|20260821153725|985.75
1787297855|20260821153735|985.50
1787297860|20260821153740|985.51
1787297865|20260821153745|985.35
1787297870|20260821153750|985.42
1787297875|20260821153755|985.48
1787297885|20260821153805|985.59
1787297890|20260821153810|985.53
1787297900|20260821153820|985.89
1787297905|20260821153825|985.89
1787297915|20260821153835|985.95
1787297920|20260821153840|985.99
1787297925|20260821153845|986.09
1787297930|20260821153850|986.24
1787297935|20260821153855|986.31
1787297940|20260821153900|986.25
1787297945|20260821153905|986.28
1787297950|20260821153910|986.26
1787297955|20260821153915|986.02
1787297960|20260821153920|985.98
1787297965|20260821153925|985.96
1787297970|20260821153930|985.99
1787298000|20260821154000|986.24
1787298005|20260821154005|986.21
1787298010|20260821154010|986.33
1787298015|20260821154015|986.24
1787298020|20260821154020|986.27
1787298025|20260821154025|986.18
1787298030|20260821154030|986.18
1787298035|20260821154035|986.20
1787298040|20260821154040|986.06
1787298045|20260821154045|986.08
1787298055|20260821154055|985.98
1787298065|20260821154105|986.11
1787298070|20260821154110|986.13
1787298075|20260821154115|986.07
1787298080|20260821154120|986.10
1787298085|20260821154125|986.23
1787298095|20260821154135|986.16
1787298100|20260821154140|986.13
1787298105|20260821154145|986.20
1787298110|20260821154150|986.22
1787298115|20260821154155|986.20
1787298125|20260821154205|986.32
1787298135|20260821154215|986.32
1787298140|20260821154220|986.46
1787298155|20260821154235|986.41
1787298165|20260821154245|986.53
1787298170|20260821154250|986.52
1787298195|20260821154315|986.59
1787298200|20260821154320|986.59
1787298205|20260821154325|986.58
1787298220|20260821154340|986.40
1787298230|20260821154350|986.43
1787298245|20260821154405|986.59
1787298250|20260821154410|986.52
1787298260|20260821154420|986.37
1787298300|20260821154500|986.18
1787298305|20260821154505|986.25
1787298320|20260821154520|986.17
1787298325|20260821154525|986.12
1787298335|20260821154535|986.13
1787298340|20260821154540|986.13
1787298345|20260821154545|986.22
1787298350|20260821154550|986.35
1787298355|20260821154555|986.40
1787298360|20260821154600|986.35
1787298365|20260821154605|986.35
1787298370|20260821154610|986.20
1787298375|20260821154615|986.31
1787298380|20260821154620|986.31
1787298395|20260821154635|986.07
1787298400|20260821154640|986.05
1787298405|20260821154645|986.08
1787298410|20260821154650|986.16
1787298415|20260821154655|986.19
1787298425|20260821154705|986.11
1787298430|20260821154710|986.14
1787298435|20260821154715|986.14
1787298440|20260821154720|986.33
1787298445|20260821154725|986.29
1787298455|20260821154735|986.44
1787298465|20260821154745|986.67
1787298475|20260821154755|986.77
1787298480|20260821154800|986.80
1787298485|20260821154805|986.82
1787298490|20260821154810|986.96
1787298495|20260821154815|986.93
1787298500|20260821154820|986.69
1787298505|20260821154825|986.61
1787298510|20260821154830|986.59
1787298515|20260821154835|986.40
1787298520|20260821154840|986.32
1787298525|20260821154845|986.30
1787298530|20260821154850|986.37
1787298545|20260821154905|986.20
1787298550|20260821154910|986.44
1787298565|20260821154925|986.35
1787298570|20260821154930|986.45
1787298580|20260821154940|986.54
1787298585|20260821154945|986.39
1787298590|20260821154950|986.43
1787298600|20260821155000|986.58
1787298605|20260821155005|986.65
1787298610|20260821155010|986.53
1787298615|20260821155015|986.46
1787298620|20260821155020|986.55
1787298625|20260821155025|986.80
1787298635|20260821155035|986.53
1787298645|20260821155045|986.51
1787298650|20260821155050|986.54
1787298655|20260821155055|986.46
1787298665|20260821155105|986.40
1787298670|20260821155110|986.42
1787298675|20260821155115|986.41
1787298680|20260821155120|986.42
1787298685|20260821155125|986.40
1787298695|20260821155135|986.40
1787298700|20260821155140|986.48
1787298705|20260821155145|986.49
1787298710|20260821155150|986.47
1787298715|20260821155155|986.42
1787298725|20260821155205|986.13
1787298730|20260821155210|986.11
1787298735|20260821155215|986.10
1787298740|20260821155220|985.98
1787298745|20260821155225|985.99
1787298765|20260821155245|986.12
1787298770|20260821155250|986.16
1787298775|20260821155255|986.01
1787298790|20260821155310|985.94
1787298795|20260821155315|986.03
1787298800|20260821155320|986.07
1787298805|20260821155325|986.07
1787298815|20260821155335|986.16
1787298820|20260821155340|986.06
1787298825|20260821155345|985.97
1787298835|20260821155355|985.89
1787298845|20260821155405|985.85
1787298850|20260821155410|985.87
1787298855|20260821155415|985.83
1787298860|20260821155420|985.85
1787298865|20260821155425|985.84
1787298900|20260821155500|985.69
1787298905|20260821155505|985.70
1787298910|20260821155510|985.70
1787298915|20260821155515|985.70
1787298920|20260821155520|985.62
1787298925|20260821155525|985.65
1787298935|20260821155535|985.67
1787298940|20260821155540|985.71
1787298945|20260821155545|985.69
1787298950|20260821155550|985.71
1787298955|20260821155555|985.55
1787298960|20260821155600|985.56
1787298965|20260821155605|985.97
1787298970|20260821155610|986.04
1787298975|20260821155615|985.99
1787298980|20260821155620|986.02
1787298985|20260821155625|985.79
1787298995|20260821155635|985.75
1787299000|20260821155640|985.84
1787299005|20260821155645|985.87
1787299010|20260821155650|985.89
1787299015|20260821155655|985.86
1787299025|20260821155705|985.90
1787299030|20260821155710|986.05
1787299035|20260821155715|986.17
1787299040|20260821155720|986.20
1787299045|20260821155725|986.24
1787299055|20260821155735|986.22
1787299065|20260821155745|986.23
1787299070|20260821155750|986.34
1787299075|20260821155755|986.33
1787299080|20260821155800|986.22
1787299085|20260821155805|986.17
1787299090|20260821155810|986.14
1787299095|20260821155815|986.09
1787299100|20260821155820|986.00
1787299105|20260821155825|986.00
1787299115|20260821155835|986.05
1787299120|20260821155840|986.00
1787299125|20260821155845|986.04
1787299130|20260821155850|986.03
1787299135|20260821155855|986.01
1787299145|20260821155905|985.98
1787299150|20260821155910|986.02
1787299160|20260821155920|985.91
1787299200|20260821160000|986.23
1787299205|20260821160005|986.23
1787299210|20260821160010|986.20
1787299215|20260821160015|985.85
1787299220|20260821160020|985.80
1787299225|20260821160025|985.78
1787299235|20260821160035|985.90
1787299245|20260821160045|986.20
1787299250|20260821160050|986.33
1787299265|20260821160105|986.40
1787299270|20260821160110|986.31
1787299275|20260821160115|986.35
1787299280|20260821160120|986.39
1787299285|20260821160125|986.41
1787299295|20260821160135|986.59
1787299305|20260821160145|986.44
1787299310|20260821160150|986.45
1787299330|20260821160210|986.33
1787299335|20260821160215|986.34
1787299340|20260821160220|986.26
1787299345|20260821160225|986.28
1787299355|20260821160235|986.22
1787299360|20260821160240|986.14
1787299365|20260821160245|986.04
1787299375|20260821160255|986.00
1787299385|20260821160305|986.31
1787299390|20260821160310|986.34
1787299395|20260821160315|986.35
1787299400|20260821160320|986.25
1787299405|20260821160325|986.24
1787299415|20260821160335|986.13
1787299425|20260821160345|986.22
1787299430|20260821160350|986.08
1787299440|20260821160400|986.05
1787299445|20260821160405|985.86
1787299450|20260821160410|985.79
1787299455|20260821160415|985.62
1787299460|20260821160420|985.60
1787299465|20260821160425|985.61
1787299500|20260821160500|985.66
1787299510|20260821160510|985.61
1787299515|20260821160515|985.63
1787299520|20260821160520|985.68
1787299525|20260821160525|985.57
1787299535|20260821160535|985.70
1787299540|20260821160540|985.65
1787299545|20260821160545|985.73
1787299550|20260821160550|985.56
1787299555|20260821160555|985.53
1787299560|20260821160600|985.43
1787299565|20260821160605|985.46
1787299570|20260821160610|985.38
1787299575|20260821160615|985.34
1787299580|20260821160620|985.36
1787299585|20260821160625|985.28
1787299595|20260821160635|985.22
1787299600|20260821160640|985.29
1787299605|20260821160645|985.35
1787299610|20260821160650|985.32
1787299615|20260821160655|985.23
1787299625|20260821160705|985.23
1787299630|20260821160710|985.29
1787299635|20260821160715|985.26
1787299640|20260821160720|985.29
1787299645|20260821160725|985.30
1787299655|20260821160735|985.26
1787299660|20260821160740|985.21
1787299665|20260821160745|985.19
1787299670|20260821160750|985.36
1787299675|20260821160755|985.32
1787299695|20260821160815|985.30
1787299700|20260821160820|985.26
1787299705|20260821160825|985.26
1787299715|20260821160835|985.35
1787299720|20260821160840|985.50
1787299725|20260821160845|985.52
1787299730|20260821160850|985.61
1787299735|20260821160855|985.68
1787299745|20260821160905|985.61
1787299750|20260821160910|985.50
1787299755|20260821160915|985.61
1787299760|20260821160920|985.54
1787299800|20260821161000|985.76
1787299810|20260821161010|985.64
1787299815|20260821161015|985.65
1787299820|20260821161020|985.69
1787299825|20260821161025|985.71
1787299835|20260821161035|985.77
1787299840|20260821161040|986.01
1787299845|20260821161045|985.95
1787299850|20260821161050|985.83
1787299855|20260821161055|985.90
1787299870|20260821161110|985.76
1787299875|20260821161115|985.79
1787299880|20260821161120|985.99
1787299885|20260821161125|985.99
1787299895|20260821161135|986.00
1787299900|20260821161140|986.04
1787299905|20260821161145|986.03
1787299910|20260821161150|986.04
1787299925|20260821161205|986.30
1787299930|20260821161210|986.32
1787299935|20260821161215|986.50
1787299940|20260821161220|986.51
1787299945|20260821161225|986.48
1787299955|20260821161235|986.40
1787299960|20260821161240|986.34
1787299965|20260821161245|986.37
1787299970|20260821161250|986.40
1787299975|20260821161255|986.44
1787299980|20260821161300|986.45
1787299985|20260821161305|986.46
1787299990|20260821161310|986.46
1787300000|20260821161320|986.65
1787300005|20260821161325|986.90
1787300015|20260821161335|986.84
1787300020|20260821161340|986.82
1787300030|20260821161350|986.94
1787300035|20260821161355|986.97
1787300050|20260821161410|986.89
1787300055|20260821161415|986.91
1787300060|20260821161420|986.97
1787300065|20260821161425|986.74
1787300100|20260821161500|986.65
1787300105|20260821161505|986.55
1787300115|20260821161515|986.17
1787300120|20260821161520|986.20
1787300125|20260821161525|986.29
1787300135|20260821161535|986.40
1787300140|20260821161540|986.46
1787300145|20260821161545|986.56
1787300150|20260821161550|986.46
1787300160|20260821161600|986.38
1787300165|20260821161605|986.36
1787300170|20260821161610|986.39
1787300175|20260821161615|986.39
1787300180|20260821161620|986.38
1787300195|20260821161635|986.52
1787300200|20260821161640|986.55
1787300205|20260821161645|986.67
1787300210|20260821161650|986.66
1787300220|20260821161700|986.64
1787300225|20260821161705|986.68
1787300230|20260821161710|986.91
1787300235|20260821161715|986.99
1787300240|20260821161720|986.96
1787300255|20260821161735|987.27
1787300265|20260821161745|987.34
1787300270|20260821161750|987.32
1787300285|20260821161805|987.50
1787300290|20260821161810|987.34
1787300300|20260821161820|987.41
1787300305|20260821161825|987.41
1787300315|20260821161835|987.42
1787300320|20260821161840|987.44
1787300325|20260821161845|987.32
1787300330|20260821161850|987.33
1787300345|20260821161905|987.35
1787300350|20260821161910|987.31
1787300365|20260821161925|987.48
1787300380|20260821161940|987.85
1787300400|20260821162000|988.05
1787300405|20260821162005|987.99
1787300410|20260821162010|987.92
1787300415|20260821162015|987.94
1787300420|20260821162020|987.91
1787300435|20260821162035|987.92
1787300440|20260821162040|987.98
1787300445|20260821162045|987.99
1787300455|20260821162055|987.97
1787300465|20260821162105|988.26
1787300475|20260821162115|988.15
1787300485|20260821162125|988.30
1787300495|20260821162135|988.51
1787300500|20260821162140|988.70
1787300505|20260821162145|988.66
1787300510|20260821162150|988.64
1787300515|20260821162155|988.63
1787300525|20260821162205|988.71
1787300530|20260821162210|988.78
1787300535|20260821162215|988.80
1787300555|20260821162235|988.41
1787300565|20260821162245|988.45
1787300570|20260821162250|988.67
1787300580|20260821162300|988.64
1787300585|20260821162305|988.68
1787300595|20260821162315|988.72
1787300600|20260821162320|988.69
1787300605|20260821162325|988.87
1787300615|20260821162335|989.13
1787300620|20260821162340|988.89
1787300625|20260821162345|988.91
1787300630|20260821162350|989.00
1787300635|20260821162355|988.99
1787300640|20260821162400|989.07
1787300645|20260821162405|989.07
1787300650|20260821162410|989.06
1787300655|20260821162415|989.31
1787300660|20260821162420|989.40
1787300665|20260821162425|989.39
1787300700|20260821162500|989.06
1787300705|20260821162505|989.09
1787300710|20260821162510|989.17
1787300715|20260821162515|989.28
1787300720|20260821162520|989.25
1787300725|20260821162525|989.42
1787300735|20260821162535|989.54
1787300740|20260821162540|989.47
1787300745|20260821162545|989.63
1787300750|20260821162550|989.72
1787300755|20260821162555|989.74
1787300765|20260821162605|989.67
1787300775|20260821162615|989.64
1787300780|20260821162620|989.59
1787300785|20260821162625|989.53
1787300800|20260821162640|989.52
1787300805|20260821162645|989.60
1787300810|20260821162650|989.58
1787300815|20260821162655|989.56
1787300830|20260821162710|989.72
1787300835|20260821162715|989.68
1787300840|20260821162720|989.59
1787300845|20260821162725|989.63
1787300855|20260821162735|989.61
1787300860|20260821162740|989.65
1787300865|20260821162745|989.77
1787300870|20260821162750|989.77
1787300875|20260821162755|989.73
1787300880|20260821162800|989.73
1787300885|20260821162805|989.75
1787300890|20260821162810|989.83
1787300895|20260821162815|989.83
1787300900|20260821162820|989.81
1787300905|20260821162825|989.77
1787300915|20260821162835|990.01
1787300920|20260821162840|989.84
1787300925|20260821162845|989.71
1787300930|20260821162850|989.73
1787300935|20260821162855|989.62
1787300945|20260821162905|989.62
1787300950|20260821162910|989.64
1787300955|20260821162915|989.69
1787300960|20260821162920|989.73
1787300965|20260821162925|989.73
1787300980|20260821162940|989.49
1787301000|20260821163000|989.50
1787301005|20260821163005|989.49
1787301010|20260821163010|989.44
1787301015|20260821163015|989.54
1787301025|20260821163025|989.47
1787301040|20260821163040|989.40
1787301045|20260821163045|989.42
1787301050|20260821163050|989.41
1787301055|20260821163055|989.41
1787301070|20260821163110|989.20
1787301080|20260821163120|989.28
1787301085|20260821163125|989.23
1787301095|20260821163135|989.38
1787301100|20260821163140|989.25
1787301105|20260821163145|989.30
1787301110|20260821163150|989.22
1787301120|20260821163200|989.31
1787301125|20260821163205|989.42
1787301135|20260821163215|989.51
1787301140|20260821163220|989.51
1787301145|20260821163225|989.39
1787301160|20260821163240|989.34
1787301165|20260821163245|989.36
1787301170|20260821163250|989.44
1787301175|20260821163255|989.58
1787301190|20260821163310|989.90
1787301200|20260821163320|989.84
1787301215|20260821163335|989.69
1787301220|20260821163340|989.70
1787301225|20260821163345|989.75
1787301230|20260821163350|989.70
1787301235|20260821163355|989.64
1787301245|20260821163405|989.77
1787301250|20260821163410|989.79
1787301255|20260821163415|989.81
1787301260|20260821163420|989.76
1787301265|20260821163425|989.67
1787301300|20260821163500|989.78
1787301305|20260821163505|989.83
1787301310|20260821163510|989.92
1787301315|20260821163515|989.92
1787301320|20260821163520|989.90
1787301325|20260821163525|989.94
1787301340|20260821163540|989.86
1787301345|20260821163545|989.92
1787301350|20260821163550|989.85
1787301355|20260821163555|989.94
1787301360|20260821163600|989.97
1787301365|20260821163605|990.09
1787301370|20260821163610|990.16
1787301375|20260821163615|990.07
1787301380|20260821163620|990.04
1787301385|20260821163625|989.99
1787301395|20260821163635|990.08
1787301405|20260821163645|990.07
1787301410|20260821163650|990.10
1787301415|20260821163655|989.73
1787301425|20260821163705|989.90
1787301430|20260821163710|989.98
1787301435|20260821163715|990.00
1787301440|20260821163720|989.99
1787301445|20260821163725|989.93
1787301455|20260821163735|989.87
1787301460|20260821163740|989.89
1787301465|20260821163745|989.99
1787301470|20260821163750|989.97
1787301475|20260821163755|989.94
1787301480|20260821163800|990.03
1787301485|20260821163805|990.17
1787301490|20260821163810|990.13
1787301500|20260821163820|989.62
1787301505|20260821163825|989.52
1787301515|20260821163835|989.36
1787301520|20260821163840|989.31
1787301525|20260821163845|989.35
1787301530|20260821163850|989.37
1787301535|20260821163855|989.48
1787301540|20260821163900|989.27
1787301545|20260821163905|989.22
1787301550|20260821163910|989.02
1787301555|20260821163915|989.14
1787301560|20260821163920|989.15
1787301565|20260821163925|989.04
1787301600|20260821164000|989.46
1787301605|20260821164005|989.55
1787301610|20260821164010|989.56
1787301615|20260821164015|989.48
1787301620|20260821164020|989.57
1787301625|20260821164025|989.64
1787301640|20260821164040|989.44
1787301650|20260821164050|989.85
1787301665|20260821164105|989.65
1787301670|20260821164110|989.59
1787301685|20260821164125|989.62
1787301700|20260821164140|990.10
1787301705|20260821164145|990.23
1787301710|20260821164150|990.15
1787301715|20260821164155|990.18
1787301735|20260821164215|990.05
1787301740|20260821164220|990.04
1787301745|20260821164225|990.16
1787301755|20260821164235|990.44
1787301760|20260821164240|990.51
1787301770|20260821164250|990.20
1787301775|20260821164255|990.20
1787301780|20260821164300|990.17
1787301785|20260821164305|990.09
1787301790|20260821164310|990.05
1787301795|20260821164315|990.09
1787301800|20260821164320|990.04
1787301805|20260821164325|990.03
1787301815|20260821164335|989.91
1787301820|20260821164340|989.81
1787301825|20260821164345|989.93
1787301830|20260821164350|989.94
1787301835|20260821164355|990.08
1787301840|20260821164400|990.14
1787301850|20260821164410|990.20
1787301855|20260821164415|990.40
1787301865|20260821164425|990.47
1787301900|20260821164500|990.16
1787301905|20260821164505|990.09
1787301915|20260821164515|989.96
1787301920|20260821164520|990.04
1787301925|20260821164525|990.06
1787301935|20260821164535|990.07
1787301940|20260821164540|989.93
1787301945|20260821164545|989.88
1787301950|20260821164550|989.89
1787301955|20260821164555|989.88
1787301960|20260821164600|989.93
1787301965|20260821164605|989.98
1787301970|20260821164610|990.01
1787301975|20260821164615|989.98
1787301980|20260821164620|989.89
1787301985|20260821164625|989.90
1787301995|20260821164635|990.00
1787302000|20260821164640|990.01
1787302005|20260821164645|990.04
1787302010|20260821164650|990.15
1787302030|20260821164710|990.14
1787302035|20260821164715|990.16
1787302040|20260821164720|990.17
1787302045|20260821164725|990.19
1787302055|20260821164735|990.24
1787302060|20260821164740|990.25
1787302065|20260821164745|990.17
1787302070|20260821164750|990.25
1787302075|20260821164755|990.26
1787302080|20260821164800|990.27
1787302085|20260821164805|990.16
1787302095|20260821164815|990.09
1787302105|20260821164825|990.24
1787302115|20260821164835|990.04
1787302125|20260821164845|990.05
1787302130|20260821164850|990.19
1787302135|20260821164855|990.02
1787302145|20260821164905|989.79
1787302150|20260821164910|989.68
1787302160|20260821164920|989.75
1787302195|20260821164955|989.87
1787302200|20260821165000|989.81
1787302205|20260821165005|989.78
1787302210|20260821165010|989.79
1787302215|20260821165015|989.86
1787302220|20260821165020|989.89
1787302240|20260821165040|989.86
1787302245|20260821165045|989.87
1787302265|20260821165105|989.81
1787302280|20260821165120|989.83
1787302285|20260821165125|989.93
1787302295|20260821165135|990.20
1787302300|20260821165140|990.27
1787302305|20260821165145|990.09
1787302315|20260821165155|990.06
1787302325|20260821165205|990.13
1787302330|20260821165210|989.87
1787302335|20260821165215|989.92
1787302340|20260821165220|989.91
1787302345|20260821165225|989.88
1787302355|20260821165235|989.74
1787302360|20260821165240|989.78
1787302365|20260821165245|989.83
1787302370|20260821165250|989.86
1787302375|20260821165255|989.87
1787302380|20260821165300|989.85
1787302385|20260821165305|989.99
1787302390|20260821165310|990.00
1787302395|20260821165315|990.03
1787302400|20260821165320|990.01
1787302405|20260821165325|990.09
1787302415|20260821165335|990.10
1787302420|20260821165340|989.93
1787302425|20260821165345|989.93
1787302430|20260821165350|989.85
1787302440|20260821165400|989.93
1787302445|20260821165405|989.87
1787302450|20260821165410|989.94
1787302455|20260821165415|989.90
1787302460|20260821165420|989.83
1787302470|20260821165430|989.87
1787302475|20260821165435|989.83
1787302480|20260821165440|989.76
1787302495|20260821165455|989.91
1787302500|20260821165500|989.88
1787302505|20260821165505|989.95
1787302510|20260821165510|989.91
1787302520|20260821165520|989.75
1787302535|20260821165535|989.64
1787302540|20260821165540|989.74
1787302545|20260821165545|989.75
1787302550|20260821165550|989.78
1787302555|20260821165555|989.71
1787302565|20260821165605|989.79
1787302570|20260821165610|989.82
1787302575|20260821165615|989.75
1787302580|20260821165620|989.71
1787302595|20260821165635|989.77
1787302600|20260821165640|989.76
1787302610|20260821165650|989.76
1787302615|20260821165655|989.77
1787302630|20260821165710|989.83
1787302635|20260821165715|989.83
1787302640|20260821165720|989.85
1787302645|20260821165725|989.87
1787302655|20260821165735|989.94
1787302665|20260821165745|989.88
1787302670|20260821165750|989.95
1787302680|20260821165800|990.14
1787302685|20260821165805|990.07
1787302690|20260821165810|990.14
1787302695|20260821165815|990.09
1787302700|20260821165820|990.20
1787302715|20260821165835|990.14
1787302720|20260821165840|990.17
1787302735|20260821165855|990.11
1787302745|20260821165905|990.11
1787302755|20260821165915|990.28
1787302800|20260821170000|990.65
1787302805|20260821170005|990.47
1787302815|20260821170015|990.61
1787302820|20260821170020|990.61
1787302825|20260821170025|990.51
1787302835|20260821170035|990.54
1787302845|20260821170045|990.38
1787302850|20260821170050|990.35
1787302855|20260821170055|990.36
1787302865|20260821170105|990.48
1787302870|20260821170110|990.47
1787302875|20260821170115|990.48
1787302880|20260821170120|990.45
1787302895|20260821170135|990.49
1787302905|20260821170145|990.55
1787302915|20260821170155|990.73
1787302920|20260821170200|990.70
1787302925|20260821170205|990.65
1787302930|20260821170210|990.69
1787302935|20260821170215|990.63
1787302940|20260821170220|990.53
1787302945|20260821170225|990.54
1787302955|20260821170235|990.49
1787302960|20260821170240|990.31
1787302965|20260821170245|990.25
1787302970|20260821170250|990.33
1787302975|20260821170255|990.43
1787302985|20260821170305|990.48
1787302995|20260821170315|990.22
1787303005|20260821170325|990.09
1787303015|20260821170335|990.11
1787303020|20260821170340|990.10
1787303025|20260821170345|990.14
1787303030|20260821170350|990.16
1787303035|20260821170355|990.09
1787303045|20260821170405|990.31
1787303050|20260821170410|990.34
1787303060|20260821170420|990.43
1787303065|20260821170425|990.39
1787303075|20260821170435|990.52
1787303100|20260821170500|990.84
1787303105|20260821170505|990.86
1787303110|20260821170510|990.83
1787303115|20260821170515|990.74
1787303120|20260821170520|990.65
1787303125|20260821170525|990.59
1787303135|20260821170535|990.77
1787303140|20260821170540|990.69
1787303145|20260821170545|990.80
1787303155|20260821170555|990.79
1787303165|20260821170605|990.83
1787303170|20260821170610|990.96
1787303175|20260821170615|990.96
1787303180|20260821170620|990.98
1787303185|20260821170625|990.97
1787303195|20260821170635|991.28
1787303200|20260821170640|991.37
1787303205|20260821170645|991.35
1787303210|20260821170650|991.32
1787303215|20260821170655|991.30
1787303220|20260821170700|991.34
1787303225|20260821170705|991.23
1787303230|20260821170710|991.19
1787303235|20260821170715|991.22
1787303240|20260821170720|991.19
1787303245|20260821170725|991.26
1787303255|20260821170735|991.56
1787303260|20260821170740|991.66
1787303265|20260821170745|991.68
1787303275|20260821170755|991.54
1787303280|20260821170800|991.54
1787303285|20260821170805|991.57
1787303295|20260821170815|992.02
1787303300|20260821170820|992.02
1787303305|20260821170825|991.88
1787303320|20260821170840|992.02
1787303325|20260821170845|992.01
1787303330|20260821170850|992.00
1787303335|20260821170855|992.02
1787303345|20260821170905|992.72
1787303350|20260821170910|992.63
1787303355|20260821170915|992.64
1787303360|20260821170920|992.62
1787303395|20260821170955|992.93
1787303400|20260821171000|992.78
1787303405|20260821171005|992.95
1787303410|20260821171010|993.07
1787303415|20260821171015|993.09
1787303420|20260821171020|993.27
1787303425|20260821171025|993.16
1787303440|20260821171040|993.07
1787303455|20260821171055|993.14
1787303475|20260821171115|993.16
1787303480|20260821171120|993.27
1787303485|20260821171125|993.21
1787303495|20260821171135|993.17
1787303505|20260821171145|993.07
1787303510|20260821171150|993.13
1787303515|20260821171155|993.24
1787303525|20260821171205|993.32
1787303530|20260821171210|993.30
1787303545|20260821171225|993.32
1787303555|20260821171235|993.36
1787303565|20260821171245|993.26
1787303570|20260821171250|993.10
1787303575|20260821171255|993.14
1787303590|20260821171310|993.32
1787303595|20260821171315|993.33
1787303600|20260821171320|993.32
1787303605|20260821171325|993.86
1787303615|20260821171335|993.80
1787303620|20260821171340|993.86
1787303625|20260821171345|993.85
1787303630|20260821171350|993.81
1787303645|20260821171405|993.81
1787303655|20260821171415|993.72
1787303660|20260821171420|993.63
1787303665|20260821171425|993.69
1787303705|20260821171505|993.73
1787303710|20260821171510|993.65
1787303715|20260821171515|993.63
1787303720|20260821171520|993.66
1787303725|20260821171525|993.65
1787303735|20260821171535|993.52
1787303740|20260821171540|993.62
1787303745|20260821171545|993.59
1787303750|20260821171550|993.65
1787303755|20260821171555|993.77
1787303765|20260821171605|993.93
1787303775|20260821171615|994.08
1787303780|20260821171620|994.01
1787303785|20260821171625|994.01
1787303795|20260821171635|994.05
1787303800|20260821171640|994.01
1787303805|20260821171645|993.99
1787303810|20260821171650|993.97
1787303820|20260821171700|993.99
1787303830|20260821171710|994.00
1787303835|20260821171715|994.09
1787303840|20260821171720|994.09
1787303845|20260821171725|993.99
1787303855|20260821171735|993.91
1787303860|20260821171740|993.91
1787303865|20260821171745|993.79
1787303875|20260821171755|994.14
1787303885|20260821171805|994.17
1787303895|20260821171815|994.07
1787303900|20260821171820|994.07
1787303915|20260821171835|993.78
1787303920|20260821171840|993.30
1787303925|20260821171845|993.24
1787303930|20260821171850|993.19
1787303935|20260821171855|993.19
1787303945|20260821171905|993.11
1787303950|20260821171910|993.17
1787303955|20260821171915|993.28
1787303960|20260821171920|992.78
1787303965|20260821171925|992.90
1787304010|20260821172010|992.45
1787304015|20260821172015|992.18
1787304020|20260821172020|992.04
1787304025|20260821172025|992.08
1787304035|20260821172035|991.83
1787304040|20260821172040|992.14
1787304045|20260821172045|992.32
1787304050|20260821172050|992.18
1787304055|20260821172055|992.23
1787304065|20260821172105|992.04
1787304070|20260821172110|992.08
1787304075|20260821172115|991.88
1787304080|20260821172120|991.89
1787304100|20260821172140|991.42
1787304105|20260821172145|991.40
1787304110|20260821172150|991.51
1787304115|20260821172155|991.43
1787304125|20260821172205|991.38
1787304130|20260821172210|991.38
1787304135|20260821172215|991.64
1787304140|20260821172220|991.66
1787304145|20260821172225|991.75
1787304155|20260821172235|991.46
1787304165|20260821172245|991.41
1787304170|20260821172250|991.38
1787304185|20260821172305|991.50
1787304190|20260821172310|991.39
1787304205|20260821172325|991.13
1787304215|20260821172335|991.10
1787304220|20260821172340|991.12
1787304225|20260821172345|991.12
1787304235|20260821172355|990.98
1787304245|20260821172405|990.89
1787304250|20260821172410|990.95
1787304255|20260821172415|990.86
1787304260|20260821172420|990.79
1787304265|20260821172425|990.75
1787304305|20260821172505|991.03
1787304310|20260821172510|990.97
1787304315|20260821172515|990.88
1787304335|20260821172535|990.95
1787304340|20260821172540|991.04
1787304350|20260821172550|991.14
1787304355|20260821172555|991.13
1787304365|20260821172605|991.19
1787304370|20260821172610|991.09
1787304375|20260821172615|991.10
1787304380|20260821172620|991.11
1787304395|20260821172635|991.17
1787304400|20260821172640|991.05
1787304405|20260821172645|991.09
1787304410|20260821172650|991.04
1787304415|20260821172655|991.04
1787304435|20260821172715|990.91
1787304445|20260821172725|990.65
1787304455|20260821172735|990.80
1787304460|20260821172740|990.70
1787304465|20260821172745|990.70
1787304470|20260821172750|990.72
1787304485|20260821172805|990.43
1787304490|20260821172810|990.41
1787304495|20260821172815|990.40
1787304500|20260821172820|990.39
1787304505|20260821172825|990.13
1787304515|20260821172835|990.00
1787304520|20260821172840|990.02
1787304525|20260821172845|990.02
1787304530|20260821172850|990.04
1787304535|20260821172855|990.00
1787304545|20260821172905|990.00
1787304550|20260821172910|989.97
1787304555|20260821172915|990.06
1787304560|20260821172920|990.04
1787304565|20260821172925|990.07
1787304605|20260821173005|990.14
1787304610|20260821173010|990.24
1787304615|20260821173015|990.24
1787304620|20260821173020|990.26
1787304625|20260821173025|990.46
1787304635|20260821173035|990.33
1787304640|20260821173040|990.44
1787304645|20260821173045|990.44
1787304665|20260821173105|990.49
1787304670|20260821173110|990.39
1787304675|20260821173115|990.33
1787304680|20260821173120|990.42
1787304695|20260821173135|990.36
1787304700|20260821173140|990.51
1787304705|20260821173145|990.51
1787304715|20260821173155|990.60
1787304725|20260821173205|990.38
1787304730|20260821173210|990.40
1787304735|20260821173215|990.50
1787304740|20260821173220|990.59
1787304755|20260821173235|990.31
1787304760|20260821173240|990.42
1787304765|20260821173245|990.49
1787304770|20260821173250|990.59
1787304775|20260821173255|990.59
1787304785|20260821173305|990.44
1787304790|20260821173310|990.44
1787304795|20260821173315|990.26
1787304800|20260821173320|990.34
1787304805|20260821173325|990.38
1787304815|20260821173335|990.36
1787304820|20260821173340|990.27
1787304825|20260821173345|990.33
1787304830|20260821173350|990.22
1787304835|20260821173355|990.23
1787304845|20260821173405|990.22
1787304850|20260821173410|990.30
1787304855|20260821173415|990.27
1787304860|20260821173420|990.41
1787304865|20260821173425|990.39
1787304910|20260821173510|989.89
1787304920|20260821173520|990.03
1787304925|20260821173525|990.14
1787304935|20260821173535|990.08
1787304940|20260821173540|989.84
1787304945|20260821173545|989.97
1787304950|20260821173550|990.16
1787304965|20260821173605|990.07
1787304970|20260821173610|990.14
1787304975|20260821173615|990.08
1787304980|20260821173620|990.08
1787304985|20260821173625|990.08
1787304995|20260821173635|990.19
1787305000|20260821173640|990.16
1787305005|20260821173645|990.30
1787305010|20260821173650|990.31
1787305025|20260821173705|990.55
1787305040|20260821173720|990.45
1787305045|20260821173725|990.51
1787305055|20260821173735|990.62
1787305065|20260821173745|990.45
1787305070|20260821173750|990.60
1787305075|20260821173755|990.60
1787305085|20260821173805|990.77
1787305095|20260821173815|990.85
1787305100|20260821173820|990.84
1787305105|20260821173825|990.83
1787305115|20260821173835|990.86
1787305120|20260821173840|990.58
1787305125|20260821173845|990.47
1787305130|20260821173850|990.56
1787305135|20260821173855|990.54
1787305145|20260821173905|990.73
1787305150|20260821173910|990.62
1787305155|20260821173915|990.46
1787305160|20260821173920|990.54
1787305165|20260821173925|990.50
1787305185|20260821173945|990.54
1787305205|20260821174005|990.83
1787305210|20260821174010|990.88
1787305215|20260821174015|990.79
1787305220|20260821174020|990.85
1787305225|20260821174025|990.97
1787305235|20260821174035|990.94
1787305240|20260821174040|990.83
1787305245|20260821174045|990.72
1787305265|20260821174105|990.74
1787305270|20260821174110|990.94
1787305280|20260821174120|991.01
1787305285|20260821174125|990.98
1787305295|20260821174135|991.02
1787305305|20260821174145|991.12
1787305310|20260821174150|991.05
1787305315|20260821174155|991.07
1787305325|20260821174205|991.06
1787305330|20260821174210|991.05
1787305335|20260821174215|990.94
1787305340|20260821174220|990.94
1787305355|20260821174235|990.71
1787305360|20260821174240|990.66
1787305365|20260821174245|990.72
1787305370|20260821174250|990.76
1787305385|20260821174305|990.54
1787305390|20260821174310|990.66
1787305400|20260821174320|990.55
1787305405|20260821174325|990.51
1787305415|20260821174335|990.51
1787305420|20260821174340|990.49
1787305425|20260821174345|990.48
1787305435|20260821174355|990.53
1787305445|20260821174405|990.46
1787305450|20260821174410|990.49
1787305455|20260821174415|990.44
1787305465|20260821174425|990.51
1787305505|20260821174505|990.31
1787305510|20260821174510|990.32
1787305515|20260821174515|990.34
1787305525|20260821174525|990.30
1787305535|20260821174535|990.18
1787305540|20260821174540|990.28
1787305545|20260821174545|990.22
1787305550|20260821174550|990.21
1787305555|20260821174555|990.20
1787305565|20260821174605|990.29
1787305570|20260821174610|990.28
1787305575|20260821174615|990.27
1787305580|20260821174620|990.36
1787305600|20260821174640|990.16
1787305610|20260821174650|990.17
1787305625|20260821174705|990.03
1787305630|20260821174710|990.01
1787305635|20260821174715|989.98
1787305640|20260821174720|990.02
1787305645|20260821174725|989.99
1787305655|20260821174735|989.95
1787305660|20260821174740|989.97
1787305665|20260821174745|989.93
1787305670|20260821174750|989.94
1787305675|20260821174755|990.34
1787305685|20260821174805|990.45
1787305690|20260821174810|990.18
1787305695|20260821174815|990.14
1787305700|20260821174820|990.08
1787305705|20260821174825|990.08
1787305715|20260821174835|990.07
1787305720|20260821174840|990.01
1787305725|20260821174845|990.04
1787305730|20260821174850|990.09
1787305735|20260821174855|990.04
1787305745|20260821174905|989.97
1787305750|20260821174910|990.04
1787305755|20260821174915|990.04
1787305765|20260821174925|990.01
1787305800|20260821175000|989.92
1787305805|20260821175005|989.95
1787305810|20260821175010|989.92
1787305815|20260821175015|989.92
1787305820|20260821175020|989.86
1787305825|20260821175025|990.01
1787305840|20260821175040|990.00
1787305845|20260821175045|989.88
1787305850|20260821175050|989.92
1787305865|20260821175105|989.98
1787305870|20260821175110|989.97
1787305875|20260821175115|989.81
1787305880|20260821175120|989.80
1787305895|20260821175135|989.74
1787305900|20260821175140|989.73
1787305905|20260821175145|989.78
1787305910|20260821175150|989.78
1787305915|20260821175155|989.87
1787305925|20260821175205|989.87
1787305930|20260821175210|989.97
1787305935|20260821175215|989.99
1787305940|20260821175220|990.01
1787305945|20260821175225|989.89
1787305955|20260821175235|989.95
1787305960|20260821175240|989.96
1787305965|20260821175245|989.91
1787305975|20260821175255|989.94
1787305985|20260821175305|990.06
1787305990|20260821175310|990.01
1787305995|20260821175315|990.10
1787306000|20260821175320|990.15
1787306005|20260821175325|990.11
1787306020|20260821175340|990.16
1787306025|20260821175345|990.20
1787306030|20260821175350|990.19
1787306045|20260821175405|990.28
1787306050|20260821175410|990.24
1787306055|20260821175415|990.25
1787306060|20260821175420|990.34
1787306065|20260821175425|990.31
1787306105|20260821175505|990.55
1787306120|20260821175520|990.68
1787306135|20260821175535|990.77
1787306145|20260821175545|990.61
1787306150|20260821175550|990.65
1787306170|20260821175610|990.70
1787306175|20260821175615|990.63
1787306180|20260821175620|990.62
1787306185|20260821175625|990.62
1787306195|20260821175635|990.68
1787306200|20260821175640|990.72
1787306205|20260821175645|990.75
1787306215|20260821175655|990.73
1787306225|20260821175705|990.65
1787306230|20260821175710|990.57
1787306235|20260821175715|990.58
1787306240|20260821175720|990.58
1787306265|20260821175745|990.62
1787306270|20260821175750|990.62
1787306275|20260821175755|990.60
1787306290|20260821175810|990.57
1787306295|20260821175815|990.62
1787306305|20260821175825|990.55
1787306315|20260821175835|990.50
1787306320|20260821175840|990.21
1787306325|20260821175845|990.19
1787306330|20260821175850|990.12
1787306335|20260821175855|990.13
1787306345|20260821175905|989.94
1787306350|20260821175910|989.99
1787306355|20260821175915|989.93
1787306360|20260821175920|990.01
1787306370|20260821175930|990.05
1787306400|20260821180000|990.17
1787306405|20260821180005|990.09
1787306410|20260821180010|990.17
1787306415|20260821180015|990.18
1787306420|20260821180020|990.32
1787306425|20260821180025|990.31
1787306435|20260821180035|990.29
1787306440|20260821180040|990.19
1787306445|20260821180045|990.24
1787306450|20260821180050|990.34
1787306455|20260821180055|990.33
1787306465|20260821180105|990.32
1787306470|20260821180110|990.31
1787306475|20260821180115|990.26
1787306480|20260821180120|990.27
1787306500|20260821180140|990.45
1787306505|20260821180145|990.77
1787306510|20260821180150|990.98
1787306525|20260821180205|991.08
1787306535|20260821180215|991.23
1787306560|20260821180240|991.56
1787306565|20260821180245|991.51
1787306570|20260821180250|991.50
1787306575|20260821180255|991.31
1787306585|20260821180305|991.22
1787306590|20260821180310|991.08
1787306595|20260821180315|991.04
1787306600|20260821180320|991.03
1787306610|20260821180330|991.03
1787306615|20260821180335|991.04
1787306620|20260821180340|991.28
1787306625|20260821180345|991.22
1787306630|20260821180350|991.21
1787306635|20260821180355|991.22
1787306645|20260821180405|991.18
1787306650|20260821180410|991.22
1787306655|20260821180415|991.22
1787306660|20260821180420|991.14
1787306665|20260821180425|991.01
1787306700|20260821180500|990.77
1787306705|20260821180505|990.76
1787306710|20260821180510|990.71
1787306715|20260821180515|990.65
1787306720|20260821180520|990.61
1787306725|20260821180525|990.56
1787306735|20260821180535|990.54
1787306740|20260821180540|990.69
1787306745|20260821180545|990.58
1787306750|20260821180550|990.54
1787306755|20260821180555|990.49
1787306760|20260821180600|990.44
1787306765|20260821180605|990.46
1787306770|20260821180610|990.52
1787306775|20260821180615|990.51
1787306780|20260821180620|990.53
1787306785|20260821180625|990.57
1787306795|20260821180635|990.65
1787306800|20260821180640|990.63
1787306810|20260821180650|990.62
1787306815|20260821180655|990.67
1787306825|20260821180705|990.74
1787306835|20260821180715|990.59
1787306840|20260821180720|990.59
1787306855|20260821180735|990.53
1787306865|20260821180745|990.53
1787306870|20260821180750|990.49
1787306875|20260821180755|990.47
1787306880|20260821180800|990.47
1787306885|20260821180805|990.57
1787306895|20260821180815|990.55
1787306900|20260821180820|990.57
1787306905|20260821180825|990.57
1787306920|20260821180840|990.52
1787306925|20260821180845|990.57
1787306930|20260821180850|990.38
1787306935|20260821180855|990.41
1787306945|20260821180905|990.37
1787306950|20260821180910|990.16
1787306960|20260821180920|989.97
1787306965|20260821180925|990.05
1787306990|20260821180950|990.28
1787307000|20260821181000|990.36
1787307005|20260821181005|990.40
1787307015|20260821181015|990.21
1787307025|20260821181025|990.31
1787307030|20260821181030|990.37
1787307035|20260821181035|990.43
1787307040|20260821181040|990.43
1787307050|20260821181050|990.58
1787307065|20260821181105|990.37
1787307070|20260821181110|990.36
1787307075|20260821181115|990.30
1787307080|20260821181120|990.10
1787307085|20260821181125|990.11
1787307095|20260821181135|990.06
1787307100|20260821181140|989.98
1787307105|20260821181145|989.80
1787307110|20260821181150|989.78
1787307115|20260821181155|989.73
1787307125|20260821181205|989.80
1787307135|20260821181215|989.62
1787307140|20260821181220|989.71
1787307145|20260821181225|989.71
1787307155|20260821181235|989.91
1787307160|20260821181240|989.86
1787307165|20260821181245|989.76
1787307170|20260821181250|989.75
1787307175|20260821181255|989.68
1787307180|20260821181300|989.70
1787307185|20260821181305|989.69
1787307195|20260821181315|989.66
1787307200|20260821181320|989.56
1787307205|20260821181325|989.58
1787307215|20260821181335|989.46
1787307220|20260821181340|989.19
1787307225|20260821181345|989.28
1787307230|20260821181350|989.26
1787307235|20260821181355|989.31
1787307245|20260821181405|989.53
1787307250|20260821181410|989.56
1787307255|20260821181415|989.60
1787307260|20260821181420|989.70
1787307300|20260821181500|989.63
1787307305|20260821181505|989.46
1787307310|20260821181510|989.45
1787307315|20260821181515|989.48
1787307320|20260821181520|989.56
1787307325|20260821181525|989.56
1787307335|20260821181535|989.58
1787307340|20260821181540|989.59
1787307350|20260821181550|989.73
1787307355|20260821181555|989.75
1787307365|20260821181605|989.80
1787307370|20260821181610|989.81
1787307375|20260821181615|989.75
1787307380|20260821181620|989.77
1787307385|20260821181625|989.77
1787307395|20260821181635|989.76
1787307400|20260821181640|989.82
1787307410|20260821181650|989.91
1787307415|20260821181655|990.13
1787307420|20260821181700|990.03
1787307425|20260821181705|990.03
1787307430|20260821181710|990.10
1787307440|20260821181720|990.24
1787307445|20260821181725|990.25
1787307460|20260821181740|990.26
1787307465|20260821181745|990.48
1787307485|20260821181805|990.48
1787307490|20260821181810|990.49
1787307495|20260821181815|990.51
1787307500|20260821181820|990.52
1787307505|20260821181825|990.72
1787307515|20260821181835|990.87
1787307520|20260821181840|990.89
1787307525|20260821181845|991.07
1787307530|20260821181850|991.07
1787307535|20260821181855|991.08
1787307545|20260821181905|991.07
1787307600|20260821182000|990.60
1787307605|20260821182005|990.55
1787307610|20260821182010|990.62
1787307615|20260821182015|990.56
1787307620|20260821182020|990.54
1787307625|20260821182025|990.66
1787307635|20260821182035|990.77
1787307640|20260821182040|990.78
1787307645|20260821182045|990.84
1787307650|20260821182050|990.91
1787307655|20260821182055|990.94
1787307660|20260821182100|990.90
1787307665|20260821182105|990.93
1787307670|20260821182110|990.72
1787307675|20260821182115|990.72
1787307685|20260821182125|990.62
1787307695|20260821182135|990.51
1787307700|20260821182140|990.49
1787307710|20260821182150|990.43
1787307715|20260821182155|990.39
1787307725|20260821182205|990.39
1787307730|20260821182210|990.35
1787307735|20260821182215|990.44
1787307740|20260821182220|990.42
1787307745|20260821182225|990.42
1787307755|20260821182235|990.46
1787307765|20260821182245|990.50
1787307770|20260821182250|990.52
1787307775|20260821182255|990.61
1787307785|20260821182305|990.66
1787307790|20260821182310|990.59
1787307795|20260821182315|990.70
1787307800|20260821182320|990.70
1787307805|20260821182325|990.70
1787307815|20260821182335|990.68
1787307820|20260821182340|990.75
1787307825|20260821182345|990.77
1787307830|20260821182350|990.76
1787307835|20260821182355|990.80
1787307845|20260821182405|990.74
1787307850|20260821182410|990.75
1787307855|20260821182415|990.92
1787307860|20260821182420|990.97
1787307865|20260821182425|990.93
1787307900|20260821182500|990.94
1787307905|20260821182505|990.89
1787307910|20260821182510|990.91
1787307915|20260821182515|990.91
1787307920|20260821182520|990.88
1787307925|20260821182525|990.90
1787307935|20260821182535|990.94
1787307940|20260821182540|990.91
1787307950|20260821182550|990.98
1787307970|20260821182610|991.01
1787307975|20260821182615|991.01
1787307980|20260821182620|991.14
1787307985|20260821182625|990.99
1787307995|20260821182635|991.05
1787308000|20260821182640|990.94
1787308005|20260821182645|990.94
1787308010|20260821182650|991.12
1787308015|20260821182655|991.27
1787308025|20260821182705|991.46
1787308030|20260821182710|991.46
1787308035|20260821182715|991.46
1787308040|20260821182720|991.26
1787308055|20260821182735|991.25
1787308065|20260821182745|991.14
1787308070|20260821182750|991.17
1787308075|20260821182755|991.18
1787308085|20260821182805|991.09
1787308090|20260821182810|991.09
1787308100|20260821182820|991.09
1787308105|20260821182825|991.06
1787308115|20260821182835|991.13
1787308120|20260821182840|991.18
1787308125|20260821182845|991.28
1787308130|20260821182850|991.31
1787308135|20260821182855|991.31
1787308145|20260821182905|991.32
1787308150|20260821182910|991.29
1787308155|20260821182915|991.29
1787308160|20260821182920|991.31
1787308165|20260821182925|991.34
1787308200|20260821183000|991.48
1787308205|20260821183005|991.52
1787308210|20260821183010|991.48
1787308215|20260821183015|991.42
1787308220|20260821183020|991.44
1787308225|20260821183025|991.35
1787308245|20260821183045|991.29
1787308260|20260821183100|991.30
1787308265|20260821183105|991.29
1787308275|20260821183115|991.11
1787308280|20260821183120|991.00
1787308285|20260821183125|990.94
1787308295|20260821183135|990.95
1787308300|20260821183140|990.98
1787308310|20260821183150|990.96
1787308315|20260821183155|990.97
1787308320|20260821183200|991.01
1787308325|20260821183205|991.02
1787308335|20260821183215|991.13
1787308340|20260821183220|991.09
1787308345|20260821183225|991.13
1787308355|20260821183235|991.23
1787308360|20260821183240|991.25
1787308375|20260821183255|991.23
1787308390|20260821183310|991.40
1787308405|20260821183325|991.46
1787308415|20260821183335|991.49
1787308420|20260821183340|991.48
1787308425|20260821183345|991.47
1787308435|20260821183355|991.51
1787308445|20260821183405|991.55
1787308450|20260821183410|991.57
1787308455|20260821183415|991.56
1787308460|20260821183420|991.57
1787308465|20260821183425|991.58
1787308500|20260821183500|991.89
1787308505|20260821183505|991.94
1787308510|20260821183510|991.96
1787308525|20260821183525|991.99
1787308535|20260821183535|992.05
1787308540|20260821183540|992.05
1787308545|20260821183545|991.98
1787308550|20260821183550|991.81
1787308555|20260821183555|991.82
1787308560|20260821183600|991.77
1787308565|20260821183605|991.72
1787308570|20260821183610|991.80
1787308575|20260821183615|991.89
1787308580|20260821183620|991.86
1787308585|20260821183625|991.84
1787308595|20260821183635|991.92
1787308600|20260821183640|991.79
1787308605|20260821183645|991.80
1787308610|20260821183650|991.75
1787308615|20260821183655|991.87
1787308620|20260821183700|991.90
1787308625|20260821183705|991.99
1787308630|20260821183710|992.03
1787308635|20260821183715|991.97
1787308640|20260821183720|991.95
1787308660|20260821183740|992.10
1787308665|20260821183745|992.25
1787308670|20260821183750|992.32
1787308675|20260821183755|992.34
1787308680|20260821183800|992.26
1787308690|20260821183810|992.21
1787308705|20260821183825|992.48
1787308715|20260821183835|992.41
1787308720|20260821183840|992.39
1787308725|20260821183845|992.39
1787308730|20260821183850|992.37
1787308735|20260821183855|992.27
1787308745|20260821183905|992.32
1787308750|20260821183910|992.31
1787308755|20260821183915|992.34
1787308765|20260821183925|992.36
1787308800|20260821184000|992.47
1787308805|20260821184005|992.64
1787308810|20260821184010|992.67
1787308815|20260821184015|992.21
1787308820|20260821184020|992.37
1787308825|20260821184025|992.28
1787308835|20260821184035|992.26
1787308840|20260821184040|992.29
1787308845|20260821184045|992.29
1787308850|20260821184050|992.28
1787308855|20260821184055|992.35
1787308860|20260821184100|992.46
1787308865|20260821184105|992.49
1787308870|20260821184110|992.45
1787308875|20260821184115|992.38
1787308885|20260821184125|992.36
1787308895|20260821184135|992.28
1787308900|20260821184140|992.22
1787308905|20260821184145|992.21
1787308910|20260821184150|992.21
1787308920|20260821184200|992.38
1787308930|20260821184210|992.34
1787308940|20260821184220|992.29
1787308945|20260821184225|992.26
1787308960|20260821184240|992.20
1787308975|20260821184255|992.31
1787308985|20260821184305|992.27
1787308990|20260821184310|992.29
1787308995|20260821184315|992.40
1787309000|20260821184320|992.44
1787309005|20260821184325|992.54
1787309015|20260821184335|992.55
1787309020|20260821184340|992.56
1787309025|20260821184345|992.65
1787309030|20260821184350|992.62
1787309035|20260821184355|992.62
1787309050|20260821184410|992.43
1787309060|20260821184420|992.35
1787309065|20260821184425|992.35
1787309105|20260821184505|992.51
1787309110|20260821184510|992.54
1787309115|20260821184515|992.51
1787309120|20260821184520|992.41
1787309125|20260821184525|992.35
1787309135|20260821184535|992.27
1787309140|20260821184540|992.36
1787309145|20260821184545|992.43
1787309150|20260821184550|992.41
1787309155|20260821184555|992.39
1787309160|20260821184600|992.40
1787309165|20260821184605|992.37
1787309170|20260821184610|992.28
1787309175|20260821184615|992.26
1787309180|20260821184620|992.27
1787309185|20260821184625|992.23
1787309195|20260821184635|992.24
1787309200|20260821184640|992.19
1787309205|20260821184645|992.23
1787309210|20260821184650|992.14
1787309215|20260821184655|992.17
1787309225|20260821184705|992.12
1787309235|20260821184715|992.12
1787309260|20260821184740|992.06
1787309265|20260821184745|992.05
1787309270|20260821184750|992.09
1787309275|20260821184755|992.10
1787309290|20260821184810|992.15
1787309295|20260821184815|992.15
1787309300|20260821184820|992.03
1787309315|20260821184835|992.07
1787309330|20260821184850|992.06
1787309335|20260821184855|992.00
1787309345|20260821184905|991.88
1787309350|20260821184910|991.90
1787309365|20260821184925|991.84
1787309380|20260821184940|991.89
1787309405|20260821185005|991.97
1787309410|20260821185010|991.95
1787309415|20260821185015|991.95
1787309425|20260821185025|991.83
1787309435|20260821185035|991.95
1787309445|20260821185045|991.86
1787309450|20260821185050|991.81
1787309455|20260821185055|991.86
1787309460|20260821185100|991.80
1787309465|20260821185105|991.80
1787309470|20260821185110|991.68
1787309475|20260821185115|991.74
1787309495|20260821185135|991.63
1787309500|20260821185140|991.72
1787309510|20260821185150|991.95
1787309515|20260821185155|991.93
1787309520|20260821185200|991.90
1787309525|20260821185205|991.97
1787309530|20260821185210|991.88
1787309545|20260821185225|991.86
1787309555|20260821185235|991.80
1787309560|20260821185240|991.77
1787309565|20260821185245|991.70
1787309575|20260821185255|991.47
1787309580|20260821185300|992.02
1787309585|20260821185305|991.78
1787309590|20260821185310|991.86
1787309600|20260821185320|991.77
1787309605|20260821185325|991.79
1787309625|20260821185345|991.90
1787309635|20260821185355|992.14
1787309645|20260821185405|992.09
1787309650|20260821185410|992.08
1787309655|20260821185415|992.16
1787309700|20260821185500|991.87
1787309705|20260821185505|991.87
1787309710|20260821185510|991.80
1787309715|20260821185515|991.80
1787309720|20260821185520|991.77
1787309735|20260821185535|991.80
1787309740|20260821185540|991.93
1787309745|20260821185545|991.99
1787309750|20260821185550|991.90
1787309755|20260821185555|991.80
1787309760|20260821185600|991.84
1787309765|20260821185605|991.77
1787309770|20260821185610|991.73
1787309775|20260821185615|991.76
1787309780|20260821185620|991.75
1787309785|20260821185625|991.75
1787309795|20260821185635|991.66
1787309820|20260821185700|991.58
1787309825|20260821185705|991.56
1787309835|20260821185715|991.64
1787309855|20260821185735|991.34
1787309860|20260821185740|991.46
1787309865|20260821185745|991.49
1787309875|20260821185755|991.45
1787309885|20260821185805|991.36
1787309890|20260821185810|991.43
1787309895|20260821185815|991.43
1787309900|20260821185820|991.52
1787309915|20260821185835|991.35
1787309925|20260821185845|991.42
1787309935|20260821185855|991.38
1787309945|20260821185905|991.43
1787309950|20260821185910|991.49
1787309960|20260821185920|991.46
1787309965|20260821185925|991.45
1787309995|20260821185955|991.41
1787310000|20260821190000|991.45
1787310005|20260821190005|991.41
1787310015|20260821190015|991.43
1787310020|20260821190020|991.49
1787310025|20260821190025|991.55
1787310030|20260821190030|991.37
1787310035|20260821190035|991.46
1787310040|20260821190040|991.45
1787310050|20260821190050|991.46
1787310055|20260821190055|991.40
1787310065|20260821190105|991.25
1787310070|20260821190110|991.40
1787310075|20260821190115|991.37
1787310080|20260821190120|991.34
1787310085|20260821190125|991.31
1787310100|20260821190140|991.47
1787310105|20260821190145|991.54
1787310110|20260821190150|991.53
1787310115|20260821190155|991.52
1787310120|20260821190200|991.56
1787310125|20260821190205|991.53
1787310130|20260821190210|991.59
1787310135|20260821190215|991.72
1787310145|20260821190225|991.77
1787310155|20260821190235|991.78
1787310160|20260821190240|991.82
1787310165|20260821190245|991.97
1787310180|20260821190300|992.10
1787310185|20260821190305|992.00
1787310195|20260821190315|992.44
1787310220|20260821190340|992.42
1787310230|20260821190350|992.63
1787310235|20260821190355|992.71
1787310245|20260821190405|992.69
1787310250|20260821190410|992.66
1787310260|20260821190420|992.63
1787310300|20260821190500|992.60
1787310305|20260821190505|992.59
1787310320|20260821190520|992.72
1787310340|20260821190540|992.78
1787310345|20260821190545|992.75
1787310350|20260821190550|992.83
1787310355|20260821190555|992.84
1787310360|20260821190600|992.79
1787310365|20260821190605|992.81
1787310370|20260821190610|992.82
1787310380|20260821190620|992.87
1787310395|20260821190635|992.67
1787310415|20260821190655|992.55
1787310440|20260821190720|992.48
1787310445|20260821190725|992.46
1787310455|20260821190735|992.29
1787310460|20260821190740|992.33
1787310465|20260821190745|992.31
1787310470|20260821190750|992.39
1787310480|20260821190800|992.42
1787310485|20260821190805|992.46
1787310490|20260821190810|992.53
1787310495|20260821190815|992.51
1787310515|20260821190835|992.53
1787310520|20260821190840|992.55
1787310525|20260821190845|992.28
1787310530|20260821190850|992.32
1787310545|20260821190905|992.34
1787310550|20260821190910|992.43
1787310565|20260821190925|992.43
1787310600|20260821191000|992.29
1787310610|20260821191010|992.27
1787310625|20260821191025|992.26
1787310650|20260821191050|992.29
1787310655|20260821191055|992.38
1787310665|20260821191105|992.47
1787310685|20260821191125|992.32
1787310695|20260821191135|992.29
1787310700|20260821191140|992.23
1787310715|20260821191155|992.25
1787310720|20260821191200|992.24
1787310725|20260821191205|992.14
1787310730|20260821191210|992.08
1787310735|20260821191215|991.96
1787310740|20260821191220|991.95
1787310755|20260821191235|991.73
1787310765|20260821191245|991.65
1787310780|20260821191300|991.72
1787310785|20260821191305|991.71
1787310790|20260821191310|991.75
1787310795|20260821191315|991.76
1787310800|20260821191320|991.87
1787310805|20260821191325|991.86
1787310815|20260821191335|991.69
1787310825|20260821191345|991.68
1787310830|20260821191350|991.54
1787310835|20260821191355|991.51
1787310845|20260821191405|991.51
1787310850|20260821191410|991.64
1787310855|20260821191415|991.64
1787310860|20260821191420|991.67
1787310865|20260821191425|991.73
1787310900|20260821191500|991.86
1787310905|20260821191505|992.06
1787310910|20260821191510|992.24
1787310915|20260821191515|992.15
1787310920|20260821191520|992.25
1787310925|20260821191525|992.28
1787310940|20260821191540|992.27
1787310945|20260821191545|992.28
1787310950|20260821191550|992.25
1787310955|20260821191555|992.31
1787310970|20260821191610|992.35
1787310975|20260821191615|992.38
1787310995|20260821191635|992.14
1787311000|20260821191640|992.12
1787311005|20260821191645|992.18
1787311015|20260821191655|992.28
1787311020|20260821191700|992.31
1787311025|20260821191705|992.29
1787311030|20260821191710|992.56
1787311040|20260821191720|992.61
1787311055|20260821191735|992.55
1787311060|20260821191740|992.53
1787311070|20260821191750|992.57
1787311080|20260821191800|992.62
1787311085|20260821191805|992.61
1787311090|20260821191810|992.62
1787311095|20260821191815|992.60
1787311100|20260821191820|992.85
1787311105|20260821191825|993.05
1787311115|20260821191835|993.16
1787311120|20260821191840|993.13
1787311125|20260821191845|993.29
1787311135|20260821191855|993.43
1787311145|20260821191905|993.36
1787311155|20260821191915|993.22
1787311160|20260821191920|993.18
1787311165|20260821191925|993.17
1787311200|20260821192000|993.12
1787311205|20260821192005|993.12
1787311210|20260821192010|993.24
1787311220|20260821192020|993.34
1787311235|20260821192035|993.40
1787311240|20260821192040|993.39
1787311245|20260821192045|993.38
1787311255|20260821192055|993.25
1787311270|20260821192110|993.32
1787311280|20260821192120|993.50
1787311295|20260821192135|993.70
1787311300|20260821192140|993.72
1787311305|20260821192145|993.80
1787311310|20260821192150|993.62
1787311315|20260821192155|993.65
1787311325|20260821192205|993.54
1787311330|20260821192210|993.66
1787311340|20260821192220|993.52
1787311345|20260821192225|993.65
1787311355|20260821192235|993.73
1787311360|20260821192240|993.69
1787311370|20260821192250|993.72
1787311385|20260821192305|993.52
1787311390|20260821192310|993.40
1787311395|20260821192315|993.36
1787311400|20260821192320|993.32
1787311415|20260821192335|993.26
1787311420|20260821192340|993.06
1787311425|20260821192345|993.12
1787311430|20260821192350|993.19
1787311435|20260821192355|993.19
1787311445|20260821192405|993.52
1787311450|20260821192410|993.40
1787311455|20260821192415|993.53
1787311465|20260821192425|993.63
1787311480|20260821192440|993.99
1787311500|20260821192500|993.51
1787311505|20260821192505|993.28
1787311510|20260821192510|993.36
1787311515|20260821192515|993.26
1787311520|20260821192520|993.20
1787311525|20260821192525|993.32
1787311535|20260821192535|993.73
1787311540|20260821192540|993.72
1787311545|20260821192545|993.83
1787311550|20260821192550|993.85
1787311555|20260821192555|993.83
1787311565|20260821192605|993.84
1787311570|20260821192610|993.81
1787311575|20260821192615|993.58
1787311580|20260821192620|993.64
1787311585|20260821192625|993.80
1787311595|20260821192635|993.56
1787311600|20260821192640|993.51
1787311605|20260821192645|993.43
1787311610|20260821192650|993.34
1787311615|20260821192655|993.44
1787311630|20260821192710|993.14
1787311635|20260821192715|993.19
1787311645|20260821192725|993.07
1787311660|20260821192740|993.30
1787311670|20260821192750|993.10
1787311675|20260821192755|993.14
1787311680|20260821192800|993.21
1787311685|20260821192805|993.14
1787311695|20260821192815|993.20
1787311700|20260821192820|993.23
1787311705|20260821192825|993.24
1787311715|20260821192835|993.28
1787311720|20260821192840|993.26
1787311725|20260821192845|993.25
1787311730|20260821192850|993.35
1787311750|20260821192910|993.44
1787311755|20260821192915|993.55
1787311760|20260821192920|993.67
1787311765|20260821192925|993.62
1787311800|20260821193000|993.66
1787311805|20260821193005|993.68
1787311820|20260821193020|993.51
1787311825|20260821193025|993.50
1787311845|20260821193045|993.49
1787311850|20260821193050|993.51
1787311865|20260821193105|993.37
1787311870|20260821193110|993.35
1787311880|20260821193120|993.31
1787311885|20260821193125|993.31
1787311895|20260821193135|993.44
1787311900|20260821193140|993.35
1787311910|20260821193150|993.20
1787311915|20260821193155|993.28
1787311930|20260821193210|993.15
1787311935|20260821193215|992.86
1787311940|20260821193220|992.85
1787311945|20260821193225|992.77
1787311955|20260821193235|992.77
1787311960|20260821193240|992.80
1787311970|20260821193250|992.51
1787311975|20260821193255|992.58
1787311985|20260821193305|992.66
1787311990|20260821193310|992.70
1787312015|20260821193335|992.78
1787312020|20260821193340|992.77
1787312025|20260821193345|992.83
1787312035|20260821193355|992.91
1787312045|20260821193405|992.98
1787312050|20260821193410|992.99
1787312055|20260821193415|993.00
1787312110|20260821193510|993.05
1787312115|20260821193515|993.05
1787312125|20260821193525|993.56
1787312135|20260821193535|993.46
1787312140|20260821193540|993.46
1787312145|20260821193545|993.20
1787312150|20260821193550|993.26
1787312165|20260821193605|993.60
1787312170|20260821193610|993.55
1787312175|20260821193615|993.57
1787312180|20260821193620|993.79
1787312185|20260821193625|994.05
1787312200|20260821193640|994.33
1787312205|20260821193645|994.45
1787312210|20260821193650|994.52
1787312215|20260821193655|994.33
1787312225|20260821193705|994.40
1787312245|20260821193725|994.60
1787312260|20260821193740|994.84
1787312270|20260821193750|994.83
1787312275|20260821193755|994.73
1787312285|20260821193805|994.53
1787312290|20260821193810|994.66
1787312295|20260821193815|994.54
1787312300|20260821193820|994.62
1787312315|20260821193835|994.38
1787312320|20260821193840|994.44
1787312325|20260821193845|994.19
1787312330|20260821193850|994.17
1787312335|20260821193855|994.05
1787312355|20260821193915|993.76
1787312360|20260821193920|993.83
1787312415|20260821194015|993.15
1787312420|20260821194020|993.02
1787312450|20260821194050|993.20
1787312455|20260821194055|993.07
1787312465|20260821194105|992.95
1787312475|20260821194115|992.71
1787312495|20260821194135|992.67
1787312500|20260821194140|992.92
1787312505|20260821194145|992.94
1787312510|20260821194150|992.86
1787312515|20260821194155|992.85
1787312525|20260821194205|992.86
1787312530|20260821194210|992.74
1787312535|20260821194215|992.68
1787312540|20260821194220|992.80
1787312545|20260821194225|992.82
1787312555|20260821194235|992.81
1787312565|20260821194245|992.84
1787312570|20260821194250|992.66
1787312575|20260821194255|992.66
1787312585|20260821194305|992.65
1787312590|20260821194310|992.63
1787312600|20260821194320|992.63
1787312605|20260821194325|992.65
1787312615|20260821194335|992.70
1787312620|20260821194340|992.75
1787312625|20260821194345|992.74
1787312630|20260821194350|992.81
1787312635|20260821194355|992.81
1787312640|20260821194400|992.68
1787312645|20260821194405|992.72
1787312650|20260821194410|992.92
1787312655|20260821194415|993.09
1787312665|20260821194425|993.30
1787312705|20260821194505|993.33
1787312710|20260821194510|993.36
1787312735|20260821194535|993.26
1787312740|20260821194540|993.39
1787312745|20260821194545|993.33
1787312750|20260821194550|993.32
1787312755|20260821194555|993.50
1787312765|20260821194605|993.34
1787312770|20260821194610|993.38
1787312780|20260821194620|993.42
1787312785|20260821194625|993.48
1787312795|20260821194635|993.31
1787312810|20260821194650|993.38
1787312815|20260821194655|993.39
1787312825|20260821194705|993.40
1787312830|20260821194710|993.58
1787312840|20260821194720|993.52
1787312845|20260821194725|993.46
1787312855|20260821194735|993.55
1787312860|20260821194740|993.54
1787312865|20260821194745|993.53
1787312870|20260821194750|993.71
1787312875|20260821194755|993.72
1787312885|20260821194805|993.66
1787312890|20260821194810|993.68
1787312895|20260821194815|993.68
1787312900|20260821194820|993.80
1787312915|20260821194835|993.74
1787312925|20260821194845|993.59
1787312930|20260821194850|993.60
1787312945|20260821194905|993.65
1787312950|20260821194910|993.62
1787312955|20260821194915|993.64
1787312960|20260821194920|993.65
1787313000|20260821195000|993.90
1787313005|20260821195005|993.87
1787313010|20260821195010|993.89
1787313015|20260821195015|993.71
1787313020|20260821195020|993.68
1787313035|20260821195035|993.75
1787313040|20260821195040|993.87
1787313045|20260821195045|993.88
1787313050|20260821195050|993.95
1787313055|20260821195055|993.93
1787313065|20260821195105|993.51
1787313070|20260821195110|993.40
1787313075|20260821195115|993.43
1787313085|20260821195125|993.52
1787313095|20260821195135|993.54
1787313100|20260821195140|993.54
1787313105|20260821195145|993.44
1787313110|20260821195150|993.37
1787313115|20260821195155|993.46
1787313125|20260821195205|993.48
1787313130|20260821195210|993.52
1787313135|20260821195215|993.55
1787313140|20260821195220|993.63
1787313145|20260821195225|993.82
1787313155|20260821195235|993.53
1787313160|20260821195240|993.52
1787313165|20260821195245|993.31
1787313170|20260821195250|993.32
1787313175|20260821195255|993.33
1787313185|20260821195305|993.25
1787313190|20260821195310|993.27
1787313195|20260821195315|993.33
1787313200|20260821195320|993.33
1787313205|20260821195325|993.33
1787313215|20260821195335|993.48
1787313220|20260821195340|993.39
1787313225|20260821195345|993.30
1787313230|20260821195350|993.22
1787313235|20260821195355|993.15
1787313245|20260821195405|993.11
1787313250|20260821195410|993.12
1787313255|20260821195415|993.32
1787313260|20260821195420|993.25
1787313265|20260821195425|993.53
1787313305|20260821195505|993.49
1787313310|20260821195510|993.64
1787313315|20260821195515|993.64
1787313320|20260821195520|993.63
1787313325|20260821195525|993.57
1787313335|20260821195535|993.61
1787313340|20260821195540|993.63
1787313350|20260821195550|993.49
1787313355|20260821195555|993.48
1787313365|20260821195605|993.37
1787313370|20260821195610|993.43
1787313375|20260821195615|993.44
1787313380|20260821195620|993.43
1787313385|20260821195625|993.45
1787313395|20260821195635|993.44
1787313400|20260821195640|993.61
1787313405|20260821195645|993.62
1787313415|20260821195655|993.36
1787313420|20260821195700|993.37
1787313425|20260821195705|993.36
1787313430|20260821195710|993.35
1787313435|20260821195715|993.46
1787313440|20260821195720|993.49
1787313445|20260821195725|993.48
1787313455|20260821195735|993.60
1787313460|20260821195740|993.64
1787313465|20260821195745|993.64
1787313470|20260821195750|993.63
1787313475|20260821195755|993.62
1787313485|20260821195805|993.52
1787313490|20260821195810|993.52
1787313495|20260821195815|993.43
1787313500|20260821195820|993.39
1787313505|20260821195825|993.37
1787313515|20260821195835|993.50
1787313520|20260821195840|993.40
1787313525|20260821195845|993.48
1787313530|20260821195850|993.40
1787313535|20260821195855|993.40
1787313550|20260821195910|993.24
1787313555|20260821195915|993.29
1787313560|20260821195920|993.27
1787313565|20260821195925|993.33
1787313595|20260821195955|993.24
1787313600|20260821200000|993.14
1787313605|20260821200005|993.22
1787313615|20260821200015|993.66
1787313620|20260821200020|993.67
1787313625|20260821200025|993.64
1787313635|20260821200035|993.83
1787313640|20260821200040|993.75
1787313645|20260821200045|993.46
1787313650|20260821200050|993.18
1787313655|20260821200055|993.13
1787313665|20260821200105|993.08
1787313670|20260821200110|993.19
1787313675|20260821200115|993.18
1787313680|20260821200120|993.11
1787313685|20260821200125|993.70
1787313695|20260821200135|993.99
1787313700|20260821200140|994.00
1787313705|20260821200145|994.00
1787313710|20260821200150|994.06
1787313715|20260821200155|994.03
1787313720|20260821200200|994.21
1787313725|20260821200205|994.13
1787313730|20260821200210|994.24
1787313735|20260821200215|994.16
1787313740|20260821200220|994.19
1787313745|20260821200225|993.82
1787313755|20260821200235|993.66
1787313765|20260821200245|993.70
1787313770|20260821200250|993.38
1787313775|20260821200255|993.44
1787313785|20260821200305|993.30
1787313790|20260821200310|993.34
1787313795|20260821200315|993.13
1787313805|20260821200325|993.11
1787313815|20260821200335|992.78
1787313820|20260821200340|992.68
1787313825|20260821200345|992.71
1787313830|20260821200350|992.69
1787313835|20260821200355|992.77
1787313845|20260821200405|992.90
1787313850|20260821200410|992.78
1787313855|20260821200415|992.83
1787313860|20260821200420|992.70
1787313865|20260821200425|992.75
1787313905|20260821200505|993.13
1787313910|20260821200510|993.23
1787313915|20260821200515|993.37
1787313920|20260821200520|993.34
1787313925|20260821200525|993.30
1787313935|20260821200535|993.40
1787313940|20260821200540|993.96
1787313945|20260821200545|993.90
1787313950|20260821200550|993.26
1787313955|20260821200555|993.38
1787313960|20260821200600|993.54
1787313970|20260821200610|993.24
1787313975|20260821200615|992.97
1787313980|20260821200620|993.09
1787313985|20260821200625|993.13
1787313995|20260821200635|993.18
1787314000|20260821200640|993.17
1787314005|20260821200645|992.90
1787314010|20260821200650|992.87
1787314020|20260821200700|993.03
1787314025|20260821200705|993.09
1787314030|20260821200710|993.08
1787314035|20260821200715|993.10
1787314040|20260821200720|993.12
1787314045|20260821200725|993.02
1787314055|20260821200735|992.91
1787314060|20260821200740|992.93
1787314075|20260821200755|993.13
1787314080|20260821200800|993.20
1787314085|20260821200805|993.24
1787314090|20260821200810|993.52
1787314095|20260821200815|993.60
1787314100|20260821200820|993.12
1787314105|20260821200825|992.92
1787314115|20260821200835|992.97
1787314120|20260821200840|992.91
1787314125|20260821200845|992.90
1787314130|20260821200850|992.91
1787314135|20260821200855|992.94
1787314145|20260821200905|992.94
1787314150|20260821200910|992.86
1787314155|20260821200915|992.87
1787314160|20260821200920|992.77
1787314165|20260821200925|992.90
1787314190|20260821200950|992.28
1787314200|20260821201000|992.46
1787314205|20260821201005|992.51
1787314210|20260821201010|992.61
1787314215|20260821201015|991.76
1787314220|20260821201020|991.85
1787314225|20260821201025|991.86
1787314245|20260821201045|991.93
1787314250|20260821201050|992.20
1787314255|20260821201055|992.23
1787314260|20260821201100|992.21
1787314265|20260821201105|992.06
1787314270|20260821201110|992.12
1787314275|20260821201115|992.20
1787314280|20260821201120|992.18
1787314295|20260821201135|991.96
1787314300|20260821201140|992.01
1787314305|20260821201145|991.98
1787314310|20260821201150|991.94
1787314330|20260821201210|992.01
1787314335|20260821201215|991.95
1787314340|20260821201220|992.02
1787314370|20260821201250|991.99
1787314385|20260821201305|991.68
1787314400|20260821201320|991.69
1787314405|20260821201325|991.76
1787314415|20260821201335|991.76
1787314420|20260821201340|991.76
1787314425|20260821201345|991.78
1787314430|20260821201350|991.74
1787314445|20260821201405|991.83
1787314450|20260821201410|992.19
1787314455|20260821201415|992.14
1787314465|20260821201425|992.29
1787314500|20260821201500|992.45
1787314505|20260821201505|992.38
1787314515|20260821201515|992.49
1787314525|20260821201525|992.91
1787314535|20260821201535|992.54
1787314540|20260821201540|992.58
1787314545|20260821201545|992.62
1787314550|20260821201550|992.68
1787314555|20260821201555|992.65
1787314560|20260821201600|992.68
1787314565|20260821201605|992.72
1787314570|20260821201610|992.68
1787314575|20260821201615|992.54
1787314580|20260821201620|992.50
1787314585|20260821201625|992.48
1787314595|20260821201635|992.30
1787314610|20260821201650|992.35
1787314625|20260821201705|991.71
1787314630|20260821201710|991.71
1787314640|20260821201720|991.72
1787314645|20260821201725|991.75
1787314655|20260821201735|991.71
1787314660|20260821201740|991.80
1787314665|20260821201745|991.90
1787314670|20260821201750|991.74
1787314675|20260821201755|991.65
1787314680|20260821201800|991.66
1787314685|20260821201805|991.54
1787314690|20260821201810|991.52
1787314700|20260821201820|991.51
1787314705|20260821201825|991.52
1787314715|20260821201835|991.39
1787314725|20260821201845|991.24
1787314730|20260821201850|991.26
1787314735|20260821201855|991.19
1787314740|20260821201900|991.19
1787314745|20260821201905|990.97
1787314760|20260821201920|991.08
1787314800|20260821202000|991.09
1787314805|20260821202005|991.34
1787314810|20260821202010|991.43
1787314815|20260821202015|991.25
1787314820|20260821202020|991.36
1787314825|20260821202025|991.31
1787314840|20260821202040|991.44
1787314845|20260821202045|991.47
1787314855|20260821202055|990.78
1787314865|20260821202105|990.49
1787314870|20260821202110|990.11
1787314875|20260821202115|990.24
1787314880|20260821202120|990.18
1787314885|20260821202125|990.16
1787314890|20260821202130|990.34
1787314900|20260821202140|990.42
1787314905|20260821202145|990.68
1787314915|20260821202155|990.33
1787314920|20260821202200|990.52
1787314925|20260821202205|990.54
1787314930|20260821202210|990.54
1787314935|20260821202215|990.53
1787314940|20260821202220|990.54
1787314960|20260821202240|990.40
1787314965|20260821202245|990.35
1787314975|20260821202255|990.50
1787314980|20260821202300|990.48
1787314985|20260821202305|990.41
1787314990|20260821202310|990.41
1787314995|20260821202315|990.44
1787315000|20260821202320|990.38
1787315005|20260821202325|990.45
1787315010|20260821202330|990.27
1787315020|20260821202340|990.25
1787315030|20260821202350|990.39
1787315035|20260821202355|990.46
1787315040|20260821202400|990.45
1787315045|20260821202405|990.47
1787315050|20260821202410|990.45
1787315055|20260821202415|990.20
1787315060|20260821202420|990.20
1787315100|20260821202500|990.88
1787315105|20260821202505|990.81
1787315110|20260821202510|990.58
1787315115|20260821202515|990.62
1787315125|20260821202525|990.53
1787315135|20260821202535|990.63
1787315140|20260821202540|990.63
1787315145|20260821202545|990.57
1787315150|20260821202550|990.71
1787315155|20260821202555|990.71
1787315165|20260821202605|990.98
1787315170|20260821202610|990.83
1787315180|20260821202620|990.76
1787315185|20260821202625|990.76
1787315195|20260821202635|990.85
1787315200|20260821202640|990.94
1787315205|20260821202645|990.93
1787315210|20260821202650|990.88
1787315215|20260821202655|990.88
1787315225|20260821202705|991.00
1787315230|20260821202710|991.00
1787315240|20260821202720|990.99
1787315245|20260821202725|991.00
1787315255|20260821202735|990.92
1787315260|20260821202740|990.79
1787315265|20260821202745|990.90
1787315275|20260821202755|990.83
1787315280|20260821202800|990.89
1787315290|20260821202810|990.84
1787315295|20260821202815|990.82
1787315300|20260821202820|990.83
1787315305|20260821202825|990.87
1787315315|20260821202835|990.70
1787315320|20260821202840|990.77
1787315325|20260821202845|990.86
1787315330|20260821202850|990.92
1787315335|20260821202855|990.92
1787315345|20260821202905|991.06
1787315350|20260821202910|990.93
1787315355|20260821202915|990.89
1787315360|20260821202920|990.83
1787315365|20260821202925|990.79
1787315380|20260821202940|990.65
1787315400|20260821203000|990.78
1787315405|20260821203005|990.56
1787315415|20260821203015|990.53
1787315425|20260821203025|989.87
1787315435|20260821203035|989.67
1787315440|20260821203040|989.62
1787315445|20260821203045|989.63
1787315450|20260821203050|989.59
1787315455|20260821203055|989.72
1787315460|20260821203100|989.60
1787315470|20260821203110|989.63
1787315475|20260821203115|989.80
1787315480|20260821203120|989.97
1787315485|20260821203125|989.84
1787315500|20260821203140|990.18
1787315540|20260821203220|990.26
1787315545|20260821203225|990.37
1787315555|20260821203235|990.40
1787315560|20260821203240|989.57
1787315570|20260821203250|989.23
1787315585|20260821203305|989.33
1787315590|20260821203310|989.39
1787315595|20260821203315|989.44
1787315615|20260821203335|989.20
1787315620|20260821203340|989.15
1787315635|20260821203355|989.22
1787315645|20260821203405|989.13
1787315650|20260821203410|989.19
1787315655|20260821203415|989.32
1787315665|20260821203425|989.37
1787315700|20260821203500|989.03
1787315705|20260821203505|989.19
1787315710|20260821203510|989.17
1787315715|20260821203515|988.82
1787315720|20260821203520|988.79
1787315725|20260821203525|988.68
1787315735|20260821203535|988.30
1787315740|20260821203540|988.28
1787315745|20260821203545|988.26
1787315750|20260821203550|987.96
1787315760|20260821203600|987.68
1787315770|20260821203610|987.44
1787315775|20260821203615|987.54
1787315780|20260821203620|987.60
1787315785|20260821203625|987.63
1787315795|20260821203635|987.51
1787315805|20260821203645|987.48
1787315810|20260821203650|987.65
1787315815|20260821203655|987.64
1787315820|20260821203700|987.75
1787315825|20260821203705|987.74
1787315830|20260821203710|987.58
1787315835|20260821203715|987.51
1787315840|20260821203720|987.54
1787315845|20260821203725|987.72
1787315855|20260821203735|987.70
1787315860|20260821203740|987.69
1787315865|20260821203745|987.60
1787315870|20260821203750|987.60
1787315875|20260821203755|987.59
1787315880|20260821203800|987.48
1787315885|20260821203805|987.39
1787315895|20260821203815|987.42
1787315900|20260821203820|987.47
1787315920|20260821203840|987.39
1787315925|20260821203845|987.49
1787315930|20260821203850|987.40
1787315940|20260821203900|986.98
1787315945|20260821203905|986.95
1787315955|20260821203915|987.02
1787315960|20260821203920|987.14
1787315965|20260821203925|986.98
1787316000|20260821204000|986.32
1787316005|20260821204005|986.35
1787316015|20260821204015|986.12
1787316025|20260821204025|986.14
1787316035|20260821204035|986.77
1787316045|20260821204045|986.86
1787316055|20260821204055|986.83
1787316060|20260821204100|986.68
1787316070|20260821204110|986.84
1787316080|20260821204120|986.76
1787316085|20260821204125|987.22
1787316095|20260821204135|987.05
1787316100|20260821204140|987.07
1787316105|20260821204145|987.17
1787316110|20260821204150|987.20
1787316115|20260821204155|987.50
1787316135|20260821204215|987.80
1787316140|20260821204220|987.83
1787316145|20260821204225|987.82
1787316155|20260821204235|987.60
1787316160|20260821204240|987.64
1787316165|20260821204245|987.75
1787316170|20260821204250|987.91
1787316175|20260821204255|987.92
1787316180|20260821204300|987.93
1787316190|20260821204310|987.76
1787316195|20260821204315|988.02
1787316200|20260821204320|988.07
1787316205|20260821204325|988.13
1787316215|20260821204335|988.50
1787316220|20260821204340|988.48
1787316225|20260821204345|988.61
1787316235|20260821204355|988.70
1787316240|20260821204400|988.63
1787316250|20260821204410|988.60
1787316255|20260821204415|988.48
1787316260|20260821204420|988.55
1787316300|20260821204500|988.32
1787316305|20260821204505|988.33
1787316310|20260821204510|988.40
1787316315|20260821204515|988.38
1787316320|20260821204520|988.54
1787316325|20260821204525|988.71
1787316335|20260821204535|988.75
1787316340|20260821204540|988.74
1787316345|20260821204545|988.73
1787316360|20260821204600|988.82
1787316375|20260821204615|988.78
1787316380|20260821204620|988.82
1787316385|20260821204625|988.81
1787316395|20260821204635|988.99
1787316400|20260821204640|988.95
1787316405|20260821204645|988.97
1787316410|20260821204650|988.86
1787316415|20260821204655|988.84
1787316425|20260821204705|988.83
1787316440|20260821204720|989.16
1787316465|20260821204745|989.03
1787316470|20260821204750|988.90
1787316475|20260821204755|988.88
1787316485|20260821204805|989.12
1787316490|20260821204810|989.22
1787316495|20260821204815|989.23
1787316520|20260821204840|989.28
1787316525|20260821204845|989.25
1787316530|20260821204850|989.31
1787316535|20260821204855|989.34
1787316545|20260821204905|989.40
1787316555|20260821204915|989.30
1787316560|20260821204920|989.32
1787316565|20260821204925|989.30
1787316600|20260821205000|989.51
1787316605|20260821205005|989.50
1787316610|20260821205010|989.47
1787316615|20260821205015|989.50
1787316620|20260821205020|989.51
1787316625|20260821205025|989.59
1787316635|20260821205035|989.63
1787316645|20260821205045|989.40
1787316650|20260821205050|989.44
1787316660|20260821205100|989.52
1787316665|20260821205105|989.49
1787316670|20260821205110|989.30
1787316680|20260821205120|989.30
1787316685|20260821205125|989.13
1787316695|20260821205135|989.51
1787316705|20260821205145|989.54
1787316710|20260821205150|989.54
1787316715|20260821205155|989.56
1787316725|20260821205205|989.52
1787316735|20260821205215|989.43
1787316740|20260821205220|989.33
1787316745|20260821205225|989.39
1787316760|20260821205240|989.12
1787316765|20260821205245|989.07
1787316770|20260821205250|989.08
1787316775|20260821205255|989.08
1787316780|20260821205300|989.30
1787316785|20260821205305|989.44
1787316790|20260821205310|989.35
1787316795|20260821205315|989.33
1787316800|20260821205320|989.32
1787316805|20260821205325|989.32
1787316815|20260821205335|989.30
1787316820|20260821205340|989.31
1787316825|20260821205345|989.40
1787316830|20260821205350|989.36
1787316845|20260821205405|989.42
1787316850|20260821205410|989.44
1787316855|20260821205415|989.60
1787316865|20260821205425|989.61
1787316875|20260821205435|989.66
1787316880|20260821205440|989.76
1787316900|20260821205500|989.63
1787316905|20260821205505|989.60
1787316910|20260821205510|989.69
1787316915|20260821205515|989.70
1787316920|20260821205520|989.75
1787316925|20260821205525|989.81
1787316935|20260821205535|989.73
1787316940|20260821205540|989.70
1787316945|20260821205545|989.66
1787316950|20260821205550|989.61
1787316955|20260821205555|989.60
1787316965|20260821205605|989.37
1787316995|20260821205635|989.29
1787317000|20260821205640|989.28
1787317005|20260821205645|989.39
1787317010|20260821205650|989.19
1787317015|20260821205655|989.23
1787317025|20260821205705|989.19
1787317030|20260821205710|989.21
1787317035|20260821205715|989.00
1787317040|20260821205720|988.67
1787317045|20260821205725|988.66
1787317055|20260821205735|988.61
1787317095|20260821205815|989.13
1787317105|20260821205825|989.17
1787317115|20260821205835|989.19
1787317120|20260821205840|989.25
1787317125|20260821205845|989.20
1787317130|20260821205850|989.21
1787317135|20260821205855|989.13
1787317155|20260821205915|988.84
1787317210|20260821210010|988.94
1787317215|20260821210015|989.12
1787317220|20260821210020|989.20
1787317225|20260821210025|989.39
1787317235|20260821210035|989.66
1787317240|20260821210040|989.56
1787317250|20260821210050|990.12
1787317255|20260821210055|990.19
1787317260|20260821210100|990.19
1787317265|20260821210105|990.10
1787317270|20260821210110|990.11
1787317275|20260821210115|989.92
1787317280|20260821210120|989.63
1787317285|20260821210125|989.76
1787317290|20260821210130|989.57
1787317295|20260821210135|989.74
1787317300|20260821210140|989.98
1787317305|20260821210145|990.20
1787317310|20260821210150|990.28
1787317315|20260821210155|990.28
1787317325|20260821210205|990.09
1787317330|20260821210210|990.06
1787317335|20260821210215|990.28
1787317340|20260821210220|990.29
1787317345|20260821210225|990.10
1787317360|20260821210240|990.27
1787317365|20260821210245|990.28
1787317375|20260821210255|990.35
1787317380|20260821210300|990.47
1787317385|20260821210305|990.46
1787317390|20260821210310|990.56
1787317395|20260821210315|990.59
1787317400|20260821210320|990.40
1787317405|20260821210325|990.44
1787317410|20260821210330|990.03
1787317415|20260821210335|990.11
1787317435|20260821210355|989.98
1787317440|20260821210400|990.12
1787317445|20260821210405|989.99
1787317450|20260821210410|990.10
1787317455|20260821210415|990.09
1787317465|20260821210425|990.17
1787317480|20260821210440|989.67
1787317495|20260821210455|989.67
1787317500|20260821210500|989.75
1787317505|20260821210505|989.83
1787317510|20260821210510|989.86
1787317515|20260821210515|989.82
1787317520|20260821210520|989.79
1787317525|20260821210525|989.83
1787317535|20260821210535|989.73
1787317540|20260821210540|989.88
1787317545|20260821210545|989.86
1787317555|20260821210555|989.82
1787317565|20260821210605|989.81
1787317575|20260821210615|990.10
1787317580|20260821210620|990.06
1787317595|20260821210635|990.30
1787317600|20260821210640|990.43
1787317605|20260821210645|990.43
1787317610|20260821210650|990.33
1787317615|20260821210655|990.31
1787317625|20260821210705|990.23
1787317630|20260821210710|990.25
1787317640|20260821210720|990.07
1787317645|20260821210725|990.05
1787317655|20260821210735|989.88
1787317665|20260821210745|989.79
1787317670|20260821210750|989.76
1787317675|20260821210755|989.81
1787317690|20260821210810|990.01
1787317695|20260821210815|989.98
1787317700|20260821210820|990.07
1787317705|20260821210825|990.04
1787317715|20260821210835|990.09
1787317720|20260821210840|990.03
1787317725|20260821210845|990.16
1787317735|20260821210855|990.20
1787317740|20260821210900|990.20
1787317745|20260821210905|990.14
1787317750|20260821210910|990.24
1787317755|20260821210915|990.28
1787317765|20260821210925|990.05
1787317775|20260821210935|989.98
1787317780|20260821210940|989.86
1787317805|20260821211005|989.75
1787317810|20260821211010|989.95
1787317815|20260821211015|989.78
1787317825|20260821211025|989.86
1787317835|20260821211035|989.79
1787317840|20260821211040|989.83
1787317845|20260821211045|989.80
1787317855|20260821211055|989.78
1787317865|20260821211105|990.01
1787317870|20260821211110|990.10
1787317875|20260821211115|990.35
1787317880|20260821211120|990.42
1787317885|20260821211125|990.66
1787317895|20260821211135|991.09
1787317900|20260821211140|991.08
1787317910|20260821211150|990.91
1787317915|20260821211155|990.96
1787317930|20260821211210|990.57
1787317935|20260821211215|990.51
1787317940|20260821211220|990.58
1787317945|20260821211225|990.58
1787317955|20260821211235|990.64
1787317960|20260821211240|990.65
1787317965|20260821211245|990.67
1787317970|20260821211250|990.80
1787317975|20260821211255|990.79
1787317985|20260821211305|990.73
1787317995|20260821211315|991.04
1787318005|20260821211325|990.86
1787318015|20260821211335|990.75
1787318020|20260821211340|990.78
1787318030|20260821211350|990.85
1787318035|20260821211355|990.75
1787318045|20260821211405|990.45
1787318050|20260821211410|990.52
1787318110|20260821211510|990.98
1787318115|20260821211515|990.87
1787318120|20260821211520|991.07
1787318135|20260821211535|991.10
1787318140|20260821211540|991.18
1787318145|20260821211545|991.25
1787318155|20260821211555|991.23
1787318165|20260821211605|991.15
1787318170|20260821211610|990.85
1787318175|20260821211615|990.90
1787318180|20260821211620|990.77
1787318185|20260821211625|990.69
1787318200|20260821211640|990.57
1787318210|20260821211650|990.73
1787318215|20260821211655|990.82
1787318225|20260821211705|990.59
1787318230|20260821211710|990.48
1787318240|20260821211720|990.59
1787318245|20260821211725|990.60
1787318255|20260821211735|990.62
1787318260|20260821211740|990.30
1787318265|20260821211745|990.20
1787318275|20260821211755|990.02
1787318285|20260821211805|989.93
1787318300|20260821211820|990.10
1787318305|20260821211825|990.05
1787318320|20260821211840|989.90
1787318325|20260821211845|989.91
1787318335|20260821211855|989.91
1787318345|20260821211905|989.73
1787318350|20260821211910|989.79
1787318355|20260821211915|989.78
1787318365|20260821211925|989.78
1787318395|20260821211955|989.79
1787318405|20260821212005|989.78
1787318410|20260821212010|989.76
1787318415|20260821212015|989.65
1787318435|20260821212035|989.55
1787318440|20260821212040|990.06
1787318450|20260821212050|990.27
1787318455|20260821212055|990.18
1787318470|20260821212110|990.39
1787318475|20260821212115|990.37
1787318480|20260821212120|990.36
1787318485|20260821212125|990.38
1787318495|20260821212135|990.40
1787318500|20260821212140|990.50
1787318505|20260821212145|990.58
1787318510|20260821212150|990.56
1787318515|20260821212155|990.74
1787318525|20260821212205|990.92
1787318530|20260821212210|990.93
1787318540|20260821212220|991.08
1787318555|20260821212235|990.83
1787318560|20260821212240|990.87
1787318570|20260821212250|990.48
1787318585|20260821212305|990.49
1787318595|20260821212315|990.53
1787318600|20260821212320|990.44
1787318615|20260821212335|990.49
1787318625|20260821212345|990.39
1787318630|20260821212350|990.39
1787318635|20260821212355|990.37
1787318645|20260821212405|990.31
1787318650|20260821212410|990.36
1787318660|20260821212420|990.39
1787318705|20260821212505|990.41
1787318710|20260821212510|990.35
1787318720|20260821212520|990.36
1787318725|20260821212525|990.32
1787318735|20260821212535|990.43
1787318740|20260821212540|990.40
1787318745|20260821212545|990.31
1787318750|20260821212550|990.46
1787318780|20260821212620|990.21
1787318785|20260821212625|990.37
1787318795|20260821212635|990.34
1787318800|20260821212640|990.41
1787318805|20260821212645|990.43
1787318810|20260821212650|990.13
1787318815|20260821212655|990.14
1787318825|20260821212705|990.08
1787318845|20260821212725|990.14
1787318855|20260821212735|990.17
1787318860|20260821212740|990.02
1787318865|20260821212745|990.09
1787318870|20260821212750|990.09
1787318885|20260821212805|990.09
1787318890|20260821212810|990.18
1787318895|20260821212815|990.16
1787318900|20260821212820|990.18
1787318915|20260821212835|990.25
1787318920|20260821212840|990.22
1787318925|20260821212845|990.19
1787318930|20260821212850|990.50
1787318935|20260821212855|990.46
1787318945|20260821212905|990.59
1787318950|20260821212910|990.48
1787318955|20260821212915|990.63
1787318990|20260821212950|990.77
1787319000|20260821213000|990.46
1787319010|20260821213010|990.52
1787319035|20260821213035|990.68
1787319040|20260821213040|990.60
1787319045|20260821213045|990.45
1787319050|20260821213050|990.52
1787319055|20260821213055|990.18
1787319065|20260821213105|990.76
1787319075|20260821213115|990.36
1787319085|20260821213125|990.27
1787319095|20260821213135|991.04
1787319100|20260821213140|990.61
1787319110|20260821213150|990.65
1787319115|20260821213155|990.65
1787319125|20260821213205|990.25
1787319130|20260821213210|990.20
1787319135|20260821213215|990.25
1787319140|20260821213220|991.02
1787319145|20260821213225|990.89
1787319155|20260821213235|990.19
1787319160|20260821213240|990.19
1787319165|20260821213245|990.21
1787319170|20260821213250|990.27
1787319175|20260821213255|990.37
1787319185|20260821213305|990.62
1787319190|20260821213310|990.61
1787319195|20260821213315|989.80
1787319200|20260821213320|989.87
1787319205|20260821213325|989.75
1787319215|20260821213335|989.31
1787319220|20260821213340|989.12
1787319225|20260821213345|989.03
1787319230|20260821213350|989.04
1787319235|20260821213355|989.07
1787319240|20260821213400|988.89
1787319245|20260821213405|988.99
1787319250|20260821213410|988.65
1787319255|20260821213415|988.61
1787319260|20260821213420|988.62
1787319265|20260821213425|988.82
1787319305|20260821213505|988.35
1787319310|20260821213510|988.40
1787319315|20260821213515|988.96
1787319320|20260821213520|988.79
1787319325|20260821213525|988.60
1787319335|20260821213535|988.75
1787319340|20260821213540|988.72
1787319350|20260821213550|989.07
1787319355|20260821213555|988.79
1787319365|20260821213605|989.84
1787319370|20260821213610|989.47
1787319375|20260821213615|989.37
1787319380|20260821213620|989.51
1787319385|20260821213625|989.85
1787319395|20260821213635|989.82
1787319400|20260821213640|989.83
1787319405|20260821213645|989.83
1787319415|20260821213655|990.38
1787319420|20260821213700|990.24
1787319425|20260821213705|990.18
1787319430|20260821213710|990.10
1787319435|20260821213715|990.10
1787319440|20260821213720|989.66
1787319445|20260821213725|989.53
1787319455|20260821213735|990.25
1787319460|20260821213740|989.89
1787319465|20260821213745|990.32
1787319470|20260821213750|990.98
1787319475|20260821213755|991.12
1787319485|20260821213805|991.28
1787319490|20260821213810|991.27
1787319495|20260821213815|991.41
1787319500|20260821213820|991.39
1787319515|20260821213835|991.47
1787319520|20260821213840|991.51
1787319525|20260821213845|991.69
1787319530|20260821213850|991.92
1787319535|20260821213855|991.77
1787319545|20260821213905|991.61
1787319550|20260821213910|991.67
1787319555|20260821213915|991.74
1787319560|20260821213920|991.26
1787319565|20260821213925|991.27
1787319600|20260821214000|991.70
1787319610|20260821214010|991.17
1787319615|20260821214015|991.26
1787319620|20260821214020|991.61
1787319625|20260821214025|991.36
1787319635|20260821214035|991.74
1787319645|20260821214045|991.26
1787319650|20260821214050|991.54
1787319655|20260821214055|991.75
1787319665|20260821214105|991.74
1787319670|20260821214110|991.76
1787319675|20260821214115|991.63
1787319680|20260821214120|991.45
1787319685|20260821214125|991.24
1787319695|20260821214135|991.65
1787319700|20260821214140|991.73
1787319705|20260821214145|991.68
1787319715|20260821214155|991.76
1787319725|20260821214205|991.66
1787319740|20260821214220|991.73
1787319745|20260821214225|991.76
1787319760|20260821214240|991.25
1787319765|20260821214245|991.54
1787319770|20260821214250|991.34
1787319775|20260821214255|991.67
1787319785|20260821214305|991.72
1787319790|20260821214310|991.26
1787319795|20260821214315|991.55
1787319800|20260821214320|991.31
1787319825|20260821214345|991.31
1787319830|20260821214350|991.18
1787319865|20260821214425|990.90
1787319920|20260821214520|991.30
1787319935|20260821214535|991.18
1787319940|20260821214540|991.30
1787319945|20260821214545|991.28
1787319965|20260821214605|991.17
1787319970|20260821214610|991.10
1787319975|20260821214615|991.19
1787319980|20260821214620|991.21
1787319985|20260821214625|991.28
1787320000|20260821214640|991.37
1787320015|20260821214655|991.59
1787320030|20260821214710|991.86
1787320040|20260821214720|991.71
1787320045|20260821214725|991.77
1787320070|20260821214750|991.82
1787320075|20260821214755|991.83
1787320085|20260821214805|991.29
1787320090|20260821214810|991.82
1787320095|20260821214815|991.61
1787320100|20260821214820|991.69
1787320105|20260821214825|991.82
1787320115|20260821214835|991.85
1787320120|20260821214840|991.42
1787320125|20260821214845|991.69
1787320130|20260821214850|991.58
1787320135|20260821214855|991.60
1787320145|20260821214905|991.61
1787320205|20260821215005|991.67
1787320210|20260821215010|991.58
1787320215|20260821215015|991.73
1787320220|20260821215020|991.81
1787320225|20260821215025|991.64
1787320235|20260821215035|991.92
1787320240|20260821215040|991.89
1787320245|20260821215045|991.88
1787320255|20260821215055|991.69
1787320265|20260821215105|991.44
1787320270|20260821215110|991.78
1787320275|20260821215115|991.57
1787320285|20260821215125|991.79
1787320295|20260821215135|991.08
1787320300|20260821215140|991.01
1787320305|20260821215145|991.10
1787320310|20260821215150|990.86
1787320315|20260821215155|990.80
1787320325|20260821215205|990.87
1787320330|20260821215210|990.88
1787320335|20260821215215|990.79
1787320340|20260821215220|990.70
1787320345|20260821215225|990.53
1787320360|20260821215240|990.54
1787320365|20260821215245|990.77
1787320370|20260821215250|990.42
1787320375|20260821215255|990.42
1787320385|20260821215305|990.26
1787320390|20260821215310|990.30
1787320395|20260821215315|990.29
1787320400|20260821215320|990.03
1787320405|20260821215325|990.07
1787320415|20260821215335|990.28
1787320420|20260821215340|990.70
1787320425|20260821215345|990.47
1787320435|20260821215355|989.99
1787320445|20260821215405|989.62
1787320450|20260821215410|989.53
1787320460|20260821215420|989.29
1787320465|20260821215425|989.33
1787320505|20260821215505|989.93
1787320515|20260821215515|989.79
1787320525|20260821215525|990.62
1787320540|20260821215540|990.82
1787320545|20260821215545|990.74
1787320550|20260821215550|990.65
1787320555|20260821215555|990.64
1787320565|20260821215605|990.73
1787320570|20260821215610|990.59
1787320575|20260821215615|990.65
1787320580|20260821215620|990.75
1787320595|20260821215635|990.77
1787320600|20260821215640|990.57
1787320605|20260821215645|990.87
1787320610|20260821215650|990.80
1787320615|20260821215655|990.84
1787320620|20260821215700|990.60
1787320625|20260821215705|990.57
1787320630|20260821215710|990.57
1787320635|20260821215715|990.39
1787320640|20260821215720|990.51
1787320645|20260821215725|990.58
1787320655|20260821215735|990.55
1787320660|20260821215740|990.47
1787320665|20260821215745|990.52
1787320670|20260821215750|990.51
1787320675|20260821215755|990.09
1787320680|20260821215800|990.24
1787320685|20260821215805|990.34
1787320690|20260821215810|990.27
1787320695|20260821215815|990.28
1787320700|20260821215820|990.19
1787320705|20260821215825|990.05
1787320715|20260821215835|990.43
1787320720|20260821215840|990.59
1787320725|20260821215845|989.99
1787320735|20260821215855|989.94
1787320740|20260821215900|990.09
1787320745|20260821215905|990.12
1787320750|20260821215910|990.23
1787320755|20260821215915|990.12
1787320760|20260821215920|990.24
1787320765|20260821215925|990.44
1787320800|20260821220000|990.03
1787320810|20260821220010|989.94
1787320815|20260821220015|990.03
1787320820|20260821220020|990.03
1787320825|20260821220025|990.00
1787320830|20260821220030|990.16
1787320845|20260821220045|990.21
1787320850|20260821220050|990.30
1787320855|20260821220055|990.06
1787320865|20260821220105|990.35
1787320870|20260821220110|990.26
1787320875|20260821220115|990.13
1787320880|20260821220120|989.85
1787320895|20260821220135|990.34
1787320900|20260821220140|989.95
1787320905|20260821220145|990.23
1787320910|20260821220150|990.25
1787320915|20260821220155|989.95
1787320925|20260821220205|990.38
1787320935|20260821220215|990.30
1787320940|20260821220220|989.89
1787320955|20260821220235|990.02
1787320960|20260821220240|989.97
1787320965|20260821220245|990.05
1787320970|20260821220250|990.72
1787320975|20260821220255|990.90
1787320980|20260821220300|991.08
1787320985|20260821220305|991.21
1787320990|20260821220310|991.26
1787320995|20260821220315|991.25
1787321000|20260821220320|991.27
1787321005|20260821220325|991.33
1787321010|20260821220330|991.35
1787321015|20260821220335|991.40
1787321020|20260821220340|991.04
1787321025|20260821220345|991.09
1787321030|20260821220350|991.09
1787321035|20260821220355|991.09
1787321045|20260821220405|990.80
1787321050|20260821220410|990.83
1787321055|20260821220415|990.99
1787321060|20260821220420|991.08
1787321065|20260821220425|991.15
1787321080|20260821220440|991.16
1787321085|20260821220445|991.17
1787321095|20260821220455|991.23
1787321100|20260821220500|991.06
1787321105|20260821220505|991.17
1787321120|20260821220520|991.79
1787321135|20260821220535|991.76
1787321145|20260821220545|991.77
1787321155|20260821220555|991.90
1787321160|20260821220600|991.98
1787321165|20260821220605|991.83
1787321170|20260821220610|991.74
1787321175|20260821220615|991.78
1787321180|20260821220620|991.83
1787321185|20260821220625|991.49
1787321195|20260821220635|991.52
1787321205|20260821220645|991.70
1787321210|20260821220650|991.74
1787321225|20260821220705|991.56
1787321230|20260821220710|991.45
1787321235|20260821220715|991.47
1787321265|20260821220745|990.68
1787321285|20260821220805|990.41
1787321290|20260821220810|990.42
1787321295|20260821220815|990.87
1787321300|20260821220820|991.09
1787321305|20260821220825|991.03
1787321315|20260821220835|990.86
1787321320|20260821220840|990.76
1787321325|20260821220845|990.69
1787321340|20260821220900|990.89
1787321355|20260821220915|991.10
1787321360|20260821220920|991.10
1787321365|20260821220925|991.09
1787321385|20260821220945|991.21
1787321405|20260821221005|991.29
1787321410|20260821221010|990.77
1787321415|20260821221015|990.76
1787321420|20260821221020|990.96
1787321425|20260821221025|990.89
1787321435|20260821221035|990.86
1787321440|20260821221040|990.91
1787321445|20260821221045|991.09
1787321455|20260821221055|991.09
1787321460|20260821221100|991.22
1787321465|20260821221105|991.11
1787321470|20260821221110|991.23
1787321475|20260821221115|991.30
1787321480|20260821221120|991.32
1787321485|20260821221125|991.31
1787321495|20260821221135|991.35
1787321500|20260821221140|990.94
1787321505|20260821221145|990.88
1787321515|20260821221155|990.97
1787321525|20260821221205|991.41
1787321530|20260821221210|991.81
1787321535|20260821221215|991.22
1787321540|20260821221220|991.64
1787321555|20260821221235|991.26
1787321565|20260821221245|991.53
1787321570|20260821221250|991.31
1787321575|20260821221255|991.48
1787321585|20260821221305|991.28
1787321590|20260821221310|991.36
1787321595|20260821221315|991.69
1787321600|20260821221320|991.40
1787321605|20260821221325|991.50
1787321620|20260821221340|991.64
1787321625|20260821221345|991.57
1787321645|20260821221405|991.67
1787321650|20260821221410|991.64
1787321655|20260821221415|991.65
1787321660|20260821221420|991.50
1787321665|20260821221425|991.57
1787321705|20260821221505|991.78
1787321710|20260821221510|991.53
1787321720|20260821221520|991.66
1787321725|20260821221525|991.77
1787321735|20260821221535|991.45
1787321740|20260821221540|991.15
1787321745|20260821221545|991.14
1787321750|20260821221550|991.33
1787321755|20260821221555|991.36
1787321760|20260821221600|991.57
1787321765|20260821221605|991.58
1787321770|20260821221610|991.76
1787321775|20260821221615|991.57
1787321780|20260821221620|991.60
1787321785|20260821221625|991.63
1787321795|20260821221635|991.38
1787321800|20260821221640|991.44
1787321810|20260821221650|991.45
1787321820|20260821221700|991.11
1787321825|20260821221705|991.62
1787321830|20260821221710|991.34
1787321835|20260821221715|991.69
1787321845|20260821221725|991.66
1787321855|20260821221735|991.55
1787321860|20260821221740|991.60
1787321875|20260821221755|991.75
1787321880|20260821221800|991.91
1787321885|20260821221805|991.81
1787321890|20260821221810|991.77
1787321895|20260821221815|991.83
1787321900|20260821221820|991.96
1787321905|20260821221825|991.64
1787321915|20260821221835|991.82
1787321920|20260821221840|991.92
1787321925|20260821221845|991.83
1787321930|20260821221850|991.45
1787321935|20260821221855|991.37
1787321945|20260821221905|991.49
1787321950|20260821221910|991.69
1787321955|20260821221915|992.03
1787321960|20260821221920|991.93
1787321965|20260821221925|991.85
1787321990|20260821221950|991.93
1787322010|20260821222010|991.90
1787322015|20260821222015|991.80
1787322025|20260821222025|991.88
1787322035|20260821222035|991.95
1787322040|20260821222040|992.35
1787322045|20260821222045|992.29
1787322050|20260821222050|991.88
1787322055|20260821222055|992.34
1787322065|20260821222105|992.31
1787322070|20260821222110|991.95
1787322075|20260821222115|992.77
1787322080|20260821222120|992.81
1787322085|20260821222125|992.84
1787322095|20260821222135|992.85
1787322100|20260821222140|992.99
1787322105|20260821222145|993.03
1787322110|20260821222150|993.30
1787322125|20260821222205|993.43
1787322130|20260821222210|993.43
1787322135|20260821222215|993.46
1787322155|20260821222235|993.44
1787322160|20260821222240|993.50
1787322185|20260821222305|993.16
1787322195|20260821222315|993.15
1787322200|20260821222320|993.32
1787322215|20260821222335|993.23
1787322220|20260821222340|993.18
1787322245|20260821222405|993.45
1787322260|20260821222420|993.49
1787322265|20260821222425|993.20
1787322275|20260821222435|993.12
1787322315|20260821222515|993.70
1787322320|20260821222520|993.29
1787322325|20260821222525|993.83
1787322335|20260821222535|993.48
1787322345|20260821222545|993.89
1787322355|20260821222555|993.57
1787322370|20260821222610|994.02
1787322375|20260821222615|993.97
1787322380|20260821222620|993.87
1787322385|20260821222625|993.98
1787322395|20260821222635|993.97
1787322400|20260821222640|993.72
1787322405|20260821222645|993.88
1787322410|20260821222650|993.76
1787322415|20260821222655|993.80
1787322430|20260821222710|994.05
1787322435|20260821222715|993.87
1787322440|20260821222720|994.00
1787322445|20260821222725|993.93
1787322465|20260821222745|994.43
1787322470|20260821222750|994.37
1787322485|20260821222805|994.48
1787322490|20260821222810|994.54
1787322495|20260821222815|994.60
1787322505|20260821222825|994.59
1787322515|20260821222835|994.55
1787322525|20260821222845|994.09
1787322530|20260821222850|994.58
1787322535|20260821222855|994.04
1787322540|20260821222900|994.05
1787322545|20260821222905|994.57
1787322550|20260821222910|994.46
1787322555|20260821222915|994.58
1787322560|20260821222920|994.58
1787322565|20260821222925|994.54
1787322600|20260821223000|994.66
1787322605|20260821223005|994.47
1787322610|20260821223010|994.57
1787322615|20260821223015|994.80
1787322620|20260821223020|994.66
1787322625|20260821223025|994.49
1787322635|20260821223035|994.60
1787322645|20260821223045|994.53
1787322670|20260821223110|994.55
1787322680|20260821223120|994.06
1787322695|20260821223135|993.99
1787322700|20260821223140|994.04
1787322705|20260821223145|993.98
1787322710|20260821223150|993.99
1787322715|20260821223155|994.12
1787322725|20260821223205|994.13
1787322735|20260821223215|993.63
1787322745|20260821223225|993.54
1787322760|20260821223240|993.11
1787322765|20260821223245|993.28
1787322770|20260821223250|993.25
1787322775|20260821223255|993.25
1787322785|20260821223305|993.16
1787322790|20260821223310|993.19
1787322795|20260821223315|993.14
1787322800|20260821223320|993.10
1787322805|20260821223325|993.11
1787322815|20260821223335|992.78
1787322820|20260821223340|992.65
1787322825|20260821223345|992.71
1787322835|20260821223355|993.21
1787322845|20260821223405|992.65
1787322850|20260821223410|992.38
1787322855|20260821223415|992.47
1787322860|20260821223420|992.21
1787322865|20260821223425|992.21
1787322905|20260821223505|991.89
1787322910|20260821223510|991.69
1787322915|20260821223515|991.63
1787322920|20260821223520|991.57
1787322925|20260821223525|992.13
1787322945|20260821223545|992.43
1787322950|20260821223550|992.43
1787322955|20260821223555|992.36
1787322965|20260821223605|992.07
1787322970|20260821223610|992.19
1787322980|20260821223620|992.08
1787322985|20260821223625|992.08
1787322995|20260821223635|992.19
1787323000|20260821223640|992.18
1787323005|20260821223645|991.97
1787323010|20260821223650|991.97
1787323015|20260821223655|991.82
1787323025|20260821223705|991.54
1787323030|20260821223710|991.40
1787323035|20260821223715|991.42
1787323040|20260821223720|991.42
1787323045|20260821223725|991.61
1787323055|20260821223735|991.32
1787323060|20260821223740|991.57
1787323065|20260821223745|991.63
1787323070|20260821223750|991.68
1787323075|20260821223755|991.30
1787323080|20260821223800|991.24
1787323090|20260821223810|990.66
1787323095|20260821223815|990.66
1787323100|20260821223820|990.87
1787323115|20260821223835|990.72
1787323120|20260821223840|990.44
1787323125|20260821223845|990.15
1787323130|20260821223850|990.11
1787323135|20260821223855|990.39
1787323140|20260821223900|990.25
1787323150|20260821223910|990.49
1787323155|20260821223915|990.32
1787323200|20260821224000|990.29
1787323205|20260821224005|990.08
1787323215|20260821224015|989.95
1787323220|20260821224020|990.31
1787323225|20260821224025|990.34
1787323235|20260821224035|989.99
1787323245|20260821224045|989.92
1787323250|20260821224050|990.55
1787323255|20260821224055|990.76
1787323270|20260821224110|990.71
1787323285|20260821224125|990.71
1787323295|20260821224135|990.70
1787323305|20260821224145|990.89
1787323310|20260821224150|990.92
1787323320|20260821224200|991.26
1787323325|20260821224205|990.98
1787323330|20260821224210|991.06
1787323335|20260821224215|990.71
1787323340|20260821224220|990.18
1787323345|20260821224225|990.18
1787323355|20260821224235|990.37
1787323365|20260821224245|990.72
1787323370|20260821224250|990.74
1787323375|20260821224255|990.92
1787323385|20260821224305|990.64
1787323390|20260821224310|990.65
1787323395|20260821224315|990.95
1787323400|20260821224320|991.06
1787323405|20260821224325|990.98
1787323420|20260821224340|991.44
1787323425|20260821224345|991.50
1787323435|20260821224355|991.75
1787323440|20260821224400|991.70
1787323445|20260821224405|991.54
1787323450|20260821224410|991.71
1787323455|20260821224415|991.68
1787323460|20260821224420|991.59
1787323465|20260821224425|991.61
1787323500|20260821224500|990.08
1787323505|20260821224505|990.36
1787323510|20260821224510|990.42
1787323515|20260821224515|990.35
1787323520|20260821224520|990.35
1787323535|20260821224535|990.02
1787323540|20260821224540|990.38
1787323545|20260821224545|990.20
1787323550|20260821224550|990.24
1787323555|20260821224555|990.52
1787323565|20260821224605|990.77
1787323570|20260821224610|990.77
1787323575|20260821224615|990.80
1787323580|20260821224620|990.73
1787323585|20260821224625|990.77
1787323595|20260821224635|990.63
1787323600|20260821224640|990.86
1787323605|20260821224645|991.05
1787323610|20260821224650|990.94
1787323615|20260821224655|990.74
1787323625|20260821224705|990.94
1787323630|20260821224710|990.99
1787323635|20260821224715|990.93
1787323640|20260821224720|991.10
1787323645|20260821224725|991.14
1787323655|20260821224735|990.80
1787323660|20260821224740|990.82
1787323665|20260821224745|990.78
1787323670|20260821224750|990.95
1787323675|20260821224755|990.97
1787323680|20260821224800|991.15
1787323685|20260821224805|991.17
1787323690|20260821224810|991.60
1787323695|20260821224815|991.63
1787323700|20260821224820|991.60
1787323705|20260821224825|991.54
1787323715|20260821224835|991.54
1787323735|20260821224855|991.73
1787323755|20260821224915|991.83
1787323805|20260821225005|992.30
1787323810|20260821225010|992.35
1787323825|20260821225025|992.63
1787323835|20260821225035|992.61
1787323840|20260821225040|992.49
1787323845|20260821225045|992.49
1787323850|20260821225050|992.87
1787323855|20260821225055|992.95
1787323860|20260821225100|992.96
1787323865|20260821225105|992.91
1787323875|20260821225115|992.86
1787323880|20260821225120|993.01
1787323885|20260821225125|992.97
1787323890|20260821225130|993.03
1787323895|20260821225135|992.76
1787323905|20260821225145|992.72
1787323915|20260821225155|992.69
1787323925|20260821225205|992.56
1787323930|20260821225210|992.40
1787323935|20260821225215|992.45
1787323945|20260821225225|992.45
1787323955|20260821225235|992.31
1787323960|20260821225240|992.38
1787323970|20260821225250|992.08
1787323975|20260821225255|992.21
1787323985|20260821225305|991.91
1787323990|20260821225310|991.94
1787324000|20260821225320|992.11
1787324005|20260821225325|992.01
1787324015|20260821225335|992.16
1787324020|20260821225340|992.25
1787324025|20260821225345|992.15
1787324030|20260821225350|992.21
1787324035|20260821225355|992.21
1787324040|20260821225400|992.22
1787324045|20260821225405|992.05
1787324060|20260821225420|992.08
1787324100|20260821225500|991.97
1787324105|20260821225505|991.88
1787324110|20260821225510|991.80
1787324115|20260821225515|991.75
1787324120|20260821225520|991.37
1787324125|20260821225525|991.27
1787324135|20260821225535|991.09
1787324140|20260821225540|991.06
1787324145|20260821225545|990.81
1787324150|20260821225550|990.93
1787324165|20260821225605|991.08
1787324170|20260821225610|991.15
1787324175|20260821225615|991.08
1787324180|20260821225620|991.14
1787324185|20260821225625|991.13
1787324195|20260821225635|991.21
1787324200|20260821225640|991.14
1787324210|20260821225650|991.47
1787324215|20260821225655|991.45
1787324225|20260821225705|991.76
1787324230|20260821225710|991.80
1787324235|20260821225715|991.79
1787324240|20260821225720|991.79
1787324245|20260821225725|991.57
1787324305|20260821225825|992.12
