1786550405|20260813000005|958.60
1786550420|20260813000020|958.44
1786550425|20260813000025|958.53
1786550435|20260813000035|959.02
1786550440|20260813000040|959.04
1786550445|20260813000045|959.09
1786550450|20260813000050|959.18
1786550455|20260813000055|959.17
1786550460|20260813000100|959.29
1786550465|20260813000105|959.31
1786550470|20260813000110|959.35
1786550475|20260813000115|959.55
1786550480|20260813000120|959.59
1786550485|20260813000125|959.53
1786550500|20260813000140|959.31
1786550505|20260813000145|959.37
1786550510|20260813000150|959.21
1786550515|20260813000155|959.27
1786550525|20260813000205|959.17
1786550530|20260813000210|959.21
1786550535|20260813000215|959.08
1786550540|20260813000220|959.09
1786550545|20260813000225|959.06
1786550555|20260813000235|959.07
1786550560|20260813000240|959.12
1786550565|20260813000245|959.19
1786550570|20260813000250|959.17
1786550580|20260813000300|958.87
1786550590|20260813000310|958.78
1786550595|20260813000315|958.71
1786550600|20260813000320|958.72
1786550605|20260813000325|958.64
1786550615|20260813000335|958.75
1786550620|20260813000340|958.76
1786550625|20260813000345|958.75
1786550640|20260813000400|958.60
1786550650|20260813000410|958.55
1786550655|20260813000415|958.40
1786550665|20260813000425|958.24
1786550700|20260813000500|958.64
1786550705|20260813000505|958.53
1786550710|20260813000510|958.54
1786550720|20260813000520|958.51
1786550725|20260813000525|958.42
1786550735|20260813000535|958.43
1786550740|20260813000540|958.42
1786550745|20260813000545|958.53
1786550755|20260813000555|958.66
1786550760|20260813000600|958.84
1786550765|20260813000605|958.75
1786550775|20260813000615|958.78
1786550780|20260813000620|958.75
1786550785|20260813000625|958.76
1786550795|20260813000635|958.69
1786550800|20260813000640|958.71
1786550805|20260813000645|958.68
1786550810|20260813000650|958.70
1786550820|20260813000700|958.55
1786550835|20260813000715|958.54
1786550840|20260813000720|958.51
1786550845|20260813000725|958.41
1786550855|20260813000735|958.33
1786550860|20260813000740|958.29
1786550865|20260813000745|958.32
1786550870|20260813000750|958.36
1786550875|20260813000755|958.34
1786550885|20260813000805|958.31
1786550890|20260813000810|958.33
1786550895|20260813000815|958.25
1786550900|20260813000820|958.20
1786550905|20260813000825|958.14
1786550915|20260813000835|958.06
1786550920|20260813000840|958.34
1786550925|20260813000845|958.47
1786550930|20260813000850|958.33
1786550935|20260813000855|958.24
1786550940|20260813000900|958.23
1786550945|20260813000905|958.23
1786550950|20260813000910|958.30
1786550955|20260813000915|958.26
1786550960|20260813000920|958.30
1786550995|20260813000955|958.24
1786551010|20260813001010|958.37
1786551015|20260813001015|958.37
1786551025|20260813001025|958.43
1786551035|20260813001035|958.47
1786551040|20260813001040|958.47
1786551045|20260813001045|958.46
1786551050|20260813001050|958.40
1786551055|20260813001055|958.45
1786551065|20260813001105|958.15
1786551070|20260813001110|957.99
1786551075|20260813001115|957.90
1786551080|20260813001120|957.85
1786551085|20260813001125|957.85
1786551095|20260813001135|957.90
1786551100|20260813001140|957.86
1786551115|20260813001155|958.39
1786551120|20260813001200|958.45
1786551125|20260813001205|958.46
1786551130|20260813001210|958.49
1786551135|20260813001215|958.49
1786551140|20260813001220|958.56
1786551145|20260813001225|958.66
1786551155|20260813001235|958.41
1786551160|20260813001240|958.37
1786551165|20260813001245|958.48
1786551170|20260813001250|958.62
1786551175|20260813001255|958.71
1786551180|20260813001300|958.67
1786551185|20260813001305|958.62
1786551190|20260813001310|958.68
1786551195|20260813001315|958.65
1786551200|20260813001320|958.70
1786551205|20260813001325|958.71
1786551225|20260813001345|958.95
1786551230|20260813001350|959.06
1786551235|20260813001355|959.02
1786551240|20260813001400|959.01
1786551245|20260813001405|959.04
1786551255|20260813001415|959.02
1786551260|20260813001420|959.10
1786551265|20260813001425|959.10
1786551300|20260813001500|959.17
1786551305|20260813001505|959.15
1786551310|20260813001510|959.29
1786551315|20260813001515|959.23
1786551320|20260813001520|959.17
1786551345|20260813001545|959.29
1786551355|20260813001555|959.31
1786551365|20260813001605|959.40
1786551370|20260813001610|959.33
1786551375|20260813001615|959.28
1786551380|20260813001620|959.14
1786551385|20260813001625|959.19
1786551395|20260813001635|959.19
1786551400|20260813001640|959.29
1786551405|20260813001645|959.36
1786551410|20260813001650|959.43
1786551415|20260813001655|959.43
1786551425|20260813001705|959.33
1786551430|20260813001710|959.20
1786551435|20260813001715|959.08
1786551440|20260813001720|959.08
1786551445|20260813001725|959.19
1786551465|20260813001745|959.10
1786551470|20260813001750|959.06
1786551475|20260813001755|959.08
1786551480|20260813001800|959.10
1786551485|20260813001805|959.17
1786551490|20260813001810|959.35
1786551495|20260813001815|959.43
1786551500|20260813001820|959.57
1786551515|20260813001835|959.59
1786551520|20260813001840|959.50
1786551525|20260813001845|959.48
1786551530|20260813001850|959.53
1786551535|20260813001855|959.60
1786551540|20260813001900|959.60
1786551555|20260813001915|959.62
1786551560|20260813001920|959.62
1786551565|20260813001925|959.61
1786551605|20260813002005|959.56
1786551610|20260813002010|959.59
1786551620|20260813002020|959.51
1786551625|20260813002025|959.45
1786551640|20260813002040|959.42
1786551645|20260813002045|959.39
1786551650|20260813002050|959.35
1786551665|20260813002105|959.28
1786551670|20260813002110|959.29
1786551675|20260813002115|959.36
1786551680|20260813002120|959.30
1786551685|20260813002125|959.30
1786551700|20260813002140|959.34
1786551705|20260813002145|959.32
1786551710|20260813002150|959.35
1786551715|20260813002155|959.36
1786551725|20260813002205|959.30
1786551730|20260813002210|959.30
1786551735|20260813002215|959.22
1786551745|20260813002225|959.23
1786551760|20260813002240|959.39
1786551770|20260813002250|959.40
1786551775|20260813002255|959.42
1786551785|20260813002305|959.47
1786551795|20260813002315|959.53
1786551800|20260813002320|959.56
1786551805|20260813002325|959.42
1786551815|20260813002335|959.42
1786551820|20260813002340|959.45
1786551830|20260813002350|959.51
1786551835|20260813002355|959.50
1786551845|20260813002405|959.49
1786551850|20260813002410|959.52
1786551860|20260813002420|959.59
1786551865|20260813002425|959.54
1786551895|20260813002455|959.75
1786551905|20260813002505|959.74
1786551910|20260813002510|959.70
1786551915|20260813002515|959.71
1786551920|20260813002520|959.72
1786551945|20260813002545|959.47
1786551955|20260813002555|959.45
1786551965|20260813002605|959.42
1786551970|20260813002610|959.28
1786551980|20260813002620|959.31
1786551995|20260813002635|959.28
1786552000|20260813002640|959.27
1786552005|20260813002645|959.29
1786552010|20260813002650|959.27
1786552025|20260813002705|959.24
1786552030|20260813002710|959.19
1786552040|20260813002720|959.17
1786552045|20260813002725|958.92
1786552055|20260813002735|959.07
1786552070|20260813002750|959.04
1786552075|20260813002755|958.98
1786552090|20260813002810|959.15
1786552095|20260813002815|959.16
1786552100|20260813002820|959.15
1786552105|20260813002825|959.17
1786552115|20260813002835|959.13
1786552120|20260813002840|959.15
1786552125|20260813002845|959.09
1786552130|20260813002850|959.10
1786552135|20260813002855|959.07
1786552145|20260813002905|959.06
1786552150|20260813002910|959.06
1786552155|20260813002915|959.00
1786552160|20260813002920|959.06
1786552200|20260813003000|959.11
1786552205|20260813003005|959.11
1786552210|20260813003010|959.15
1786552215|20260813003015|959.18
1786552220|20260813003020|959.21
1786552225|20260813003025|959.16
1786552235|20260813003035|958.87
1786552240|20260813003040|958.83
1786552245|20260813003045|958.87
1786552250|20260813003050|958.87
1786552255|20260813003055|958.85
1786552265|20260813003105|958.85
1786552270|20260813003110|958.83
1786552275|20260813003115|958.83
1786552280|20260813003120|958.75
1786552310|20260813003150|958.71
1786552315|20260813003155|958.67
1786552325|20260813003205|958.64
1786552330|20260813003210|958.47
1786552335|20260813003215|958.47
1786552340|20260813003220|958.49
1786552355|20260813003235|958.35
1786552365|20260813003245|958.17
1786552370|20260813003250|958.22
1786552385|20260813003305|958.18
1786552395|20260813003315|957.93
1786552400|20260813003320|957.77
1786552405|20260813003325|957.84
1786552415|20260813003335|957.92
1786552420|20260813003340|957.64
1786552425|20260813003345|957.61
1786552430|20260813003350|957.63
1786552435|20260813003355|957.55
1786552445|20260813003405|957.48
1786552450|20260813003410|957.40
1786552455|20260813003415|957.34
1786552460|20260813003420|957.31
1786552465|20260813003425|957.22
1786552500|20260813003500|957.18
1786552505|20260813003505|957.08
1786552510|20260813003510|956.79
1786552515|20260813003515|956.62
1786552520|20260813003520|956.83
1786552525|20260813003525|956.89
1786552540|20260813003540|957.08
1786552545|20260813003545|957.05
1786552560|20260813003600|957.14
1786552570|20260813003610|957.26
1786552575|20260813003615|957.28
1786552580|20260813003620|957.27
1786552585|20260813003625|957.32
1786552595|20260813003635|957.34
1786552600|20260813003640|957.44
1786552605|20260813003645|957.45
1786552610|20260813003650|957.40
1786552615|20260813003655|957.32
1786552625|20260813003705|957.42
1786552630|20260813003710|957.55
1786552635|20260813003715|957.44
1786552640|20260813003720|957.33
1786552645|20260813003725|957.37
1786552660|20260813003740|957.42
1786552665|20260813003745|957.44
1786552670|20260813003750|957.33
1786552690|20260813003810|957.01
1786552695|20260813003815|957.16
1786552700|20260813003820|957.18
1786552715|20260813003835|957.22
1786552720|20260813003840|957.20
1786552730|20260813003850|957.14
1786552735|20260813003855|957.14
1786552740|20260813003900|957.17
1786552745|20260813003905|957.28
1786552750|20260813003910|957.29
1786552755|20260813003915|957.32
1786552760|20260813003920|957.22
1786552765|20260813003925|957.23
1786552805|20260813004005|957.09
1786552810|20260813004010|957.03
1786552815|20260813004015|957.03
1786552820|20260813004020|957.14
1786552825|20260813004025|957.25
1786552840|20260813004040|957.30
1786552845|20260813004045|957.43
1786552850|20260813004050|957.42
1786552855|20260813004055|957.09
1786552860|20260813004100|957.15
1786552870|20260813004110|957.19
1786552880|20260813004120|957.01
1786552885|20260813004125|957.03
1786552895|20260813004135|957.02
1786552900|20260813004140|957.02
1786552905|20260813004145|957.08
1786552910|20260813004150|957.09
1786552915|20260813004155|957.06
1786552925|20260813004205|957.22
1786552930|20260813004210|957.15
1786552935|20260813004215|957.17
1786552940|20260813004220|957.12
1786552955|20260813004235|957.12
1786552960|20260813004240|957.20
1786552965|20260813004245|957.26
1786552970|20260813004250|957.18
1786552985|20260813004305|957.08
1786552990|20260813004310|957.17
1786552995|20260813004315|957.00
1786553000|20260813004320|957.12
1786553005|20260813004325|957.15
1786553035|20260813004355|956.54
1786553040|20260813004400|956.55
1786553045|20260813004405|956.38
1786553050|20260813004410|956.36
1786553055|20260813004415|956.31
1786553060|20260813004420|956.32
1786553065|20260813004425|956.23
1786553100|20260813004500|956.48
1786553110|20260813004510|956.31
1786553115|20260813004515|956.41
1786553125|20260813004525|956.40
1786553140|20260813004540|956.03
1786553145|20260813004545|956.02
1786553150|20260813004550|956.05
1786553155|20260813004555|956.16
1786553165|20260813004605|956.16
1786553170|20260813004610|956.16
1786553175|20260813004615|956.01
1786553185|20260813004625|956.20
1786553200|20260813004640|956.38
1786553215|20260813004655|956.39
1786553225|20260813004705|956.41
1786553230|20260813004710|956.14
1786553235|20260813004715|956.14
1786553240|20260813004720|956.05
1786553245|20260813004725|955.93
1786553255|20260813004735|955.84
1786553260|20260813004740|955.70
1786553265|20260813004745|955.65
1786553270|20260813004750|955.60
1786553275|20260813004755|955.59
1786553285|20260813004805|955.31
1786553290|20260813004810|955.21
1786553295|20260813004815|955.33
1786553300|20260813004820|955.25
1786553305|20260813004825|955.15
1786553315|20260813004835|955.19
1786553320|20260813004840|955.34
1786553325|20260813004845|955.41
1786553330|20260813004850|955.41
1786553335|20260813004855|955.43
1786553340|20260813004900|955.35
1786553345|20260813004905|955.42
1786553350|20260813004910|955.42
1786553355|20260813004915|955.34
1786553360|20260813004920|955.30
1786553365|20260813004925|955.24
1786553405|20260813005005|954.62
1786553410|20260813005010|954.76
1786553415|20260813005015|954.92
1786553420|20260813005020|954.76
1786553425|20260813005025|954.92
1786553435|20260813005035|954.89
1786553440|20260813005040|954.85
1786553445|20260813005045|954.97
1786553450|20260813005050|955.01
1786553455|20260813005055|954.91
1786553460|20260813005100|954.95
1786553470|20260813005110|954.68
1786553475|20260813005115|954.65
1786553480|20260813005120|954.72
1786553485|20260813005125|954.70
1786553495|20260813005135|954.65
1786553525|20260813005205|955.13
1786553530|20260813005210|955.04
1786553535|20260813005215|954.95
1786553540|20260813005220|955.04
1786553545|20260813005225|955.00
1786553555|20260813005235|955.02
1786553560|20260813005240|954.92
1786553565|20260813005245|954.98
1786553570|20260813005250|955.14
1786553575|20260813005255|955.04
1786553580|20260813005300|955.05
1786553585|20260813005305|955.08
1786553590|20260813005310|955.02
1786553595|20260813005315|955.01
1786553600|20260813005320|954.97
1786553605|20260813005325|954.81
1786553615|20260813005335|954.74
1786553620|20260813005340|954.86
1786553625|20260813005345|954.85
1786553630|20260813005350|954.84
1786553640|20260813005400|955.43
1786553645|20260813005405|955.40
1786553655|20260813005415|955.30
1786553665|20260813005425|955.25
1786553700|20260813005500|955.17
1786553705|20260813005505|955.22
1786553710|20260813005510|955.17
1786553715|20260813005515|955.02
1786553720|20260813005520|954.98
1786553735|20260813005535|954.66
1786553740|20260813005540|954.60
1786553745|20260813005545|954.74
1786553750|20260813005550|954.72
1786553755|20260813005555|954.67
1786553760|20260813005600|954.54
1786553765|20260813005605|954.51
1786553770|20260813005610|954.43
1786553775|20260813005615|954.56
1786553780|20260813005620|954.49
1786553785|20260813005625|953.73
1786553795|20260813005635|953.43
1786553800|20260813005640|953.46
1786553805|20260813005645|953.62
1786553810|20260813005650|953.75
1786553815|20260813005655|953.72
1786553820|20260813005700|953.79
1786553825|20260813005705|953.74
1786553830|20260813005710|953.90
1786553855|20260813005735|954.04
1786553865|20260813005745|954.24
1786553875|20260813005755|954.28
1786553880|20260813005800|954.27
1786553885|20260813005805|954.12
1786553890|20260813005810|954.04
1786553895|20260813005815|954.12
1786553900|20260813005820|954.02
1786553905|20260813005825|954.02
1786553915|20260813005835|954.19
1786553920|20260813005840|954.28
1786553925|20260813005845|954.36
1786553930|20260813005850|954.24
1786553935|20260813005855|954.39
1786553940|20260813005900|954.43
1786553945|20260813005905|954.45
1786553950|20260813005910|954.73
1786553955|20260813005915|954.68
1786553960|20260813005920|954.68
1786553965|20260813005925|954.68
1786554005|20260813010005|954.22
1786554015|20260813010015|954.44
1786554020|20260813010020|954.44
1786554035|20260813010035|954.15
1786554045|20260813010045|954.30
1786554050|20260813010050|954.35
1786554055|20260813010055|954.38
1786554060|20260813010100|954.48
1786554065|20260813010105|954.63
1786554070|20260813010110|954.84
1786554075|20260813010115|954.96
1786554080|20260813010120|955.10
1786554085|20260813010125|955.09
1786554095|20260813010135|955.02
1786554100|20260813010140|955.04
1786554105|20260813010145|955.07
1786554115|20260813010155|955.07
1786554125|20260813010205|955.22
1786554130|20260813010210|955.27
1786554140|20260813010220|955.07
1786554155|20260813010235|955.19
1786554160|20260813010240|955.03
1786554165|20260813010245|955.06
1786554170|20260813010250|955.08
1786554175|20260813010255|955.11
1786554190|20260813010310|955.18
1786554195|20260813010315|955.11
1786554200|20260813010320|955.15
1786554205|20260813010325|955.09
1786554215|20260813010335|954.88
1786554220|20260813010340|954.92
1786554225|20260813010345|954.81
1786554235|20260813010355|954.95
1786554240|20260813010400|955.01
1786554245|20260813010405|954.97
1786554250|20260813010410|954.81
1786554255|20260813010415|954.74
1786554260|20260813010420|954.88
1786554265|20260813010425|954.86
1786554325|20260813010525|954.77
1786554335|20260813010535|954.73
1786554340|20260813010540|954.98
1786554345|20260813010545|954.92
1786554350|20260813010550|955.01
1786554355|20260813010555|954.99
1786554365|20260813010605|955.11
1786554370|20260813010610|955.02
1786554375|20260813010615|955.04
1786554380|20260813010620|955.02
1786554400|20260813010640|955.49
1786554405|20260813010645|955.48
1786554410|20260813010650|955.54
1786554425|20260813010705|955.52
1786554435|20260813010715|955.51
1786554440|20260813010720|955.61
1786554455|20260813010735|955.56
1786554460|20260813010740|955.57
1786554465|20260813010745|955.67
1786554470|20260813010750|955.67
1786554475|20260813010755|955.64
1786554490|20260813010810|955.57
1786554495|20260813010815|955.56
1786554500|20260813010820|955.51
1786554505|20260813010825|955.45
1786554515|20260813010835|955.36
1786554520|20260813010840|955.45
1786554525|20260813010845|955.38
1786554530|20260813010850|955.34
1786554535|20260813010855|955.34
1786554545|20260813010905|955.49
1786554550|20260813010910|955.54
1786554555|20260813010915|955.51
1786554560|20260813010920|955.59
1786554580|20260813010940|955.71
1786554600|20260813011000|955.65
1786554605|20260813011005|955.55
1786554615|20260813011015|955.49
1786554620|20260813011020|955.47
1786554625|20260813011025|955.46
1786554635|20260813011035|955.50
1786554640|20260813011040|955.50
1786554645|20260813011045|955.34
1786554650|20260813011050|955.32
1786554655|20260813011055|955.36
1786554670|20260813011110|955.33
1786554680|20260813011120|955.37
1786554695|20260813011135|955.25
1786554700|20260813011140|955.31
1786554705|20260813011145|955.34
1786554710|20260813011150|955.34
1786554715|20260813011155|955.22
1786554725|20260813011205|955.21
1786554730|20260813011210|955.24
1786554735|20260813011215|955.26
1786554740|20260813011220|955.20
1786554745|20260813011225|955.19
1786554755|20260813011235|955.18
1786554760|20260813011240|955.23
1786554765|20260813011245|955.20
1786554770|20260813011250|955.20
1786554785|20260813011305|955.18
1786554790|20260813011310|955.21
1786554795|20260813011315|955.29
1786554800|20260813011320|955.23
1786554815|20260813011335|954.99
1786554820|20260813011340|955.01
1786554825|20260813011345|954.97
1786554830|20260813011350|954.97
1786554835|20260813011355|954.95
1786554845|20260813011405|955.01
1786554850|20260813011410|954.96
1786554855|20260813011415|954.90
1786554860|20260813011420|954.90
1786554865|20260813011425|954.91
1786554900|20260813011500|954.84
1786554905|20260813011505|954.85
1786554910|20260813011510|954.94
1786554915|20260813011515|954.82
1786554920|20260813011520|954.83
1786554925|20260813011525|954.92
1786554935|20260813011535|954.89
1786554940|20260813011540|954.87
1786554945|20260813011545|954.86
1786554950|20260813011550|954.82
1786554955|20260813011555|954.89
1786554975|20260813011615|954.75
1786554980|20260813011620|954.65
1786554995|20260813011635|954.68
1786555000|20260813011640|954.97
1786555005|20260813011645|954.85
1786555010|20260813011650|954.85
1786555015|20260813011655|954.93
1786555025|20260813011705|954.76
1786555030|20260813011710|954.75
1786555035|20260813011715|954.75
1786555040|20260813011720|954.74
1786555055|20260813011735|954.76
1786555065|20260813011745|954.90
1786555075|20260813011755|954.91
1786555080|20260813011800|954.83
1786555085|20260813011805|954.74
1786555095|20260813011815|954.56
1786555100|20260813011820|954.56
1786555105|20260813011825|954.69
1786555115|20260813011835|954.65
1786555120|20260813011840|954.82
1786555125|20260813011845|954.80
1786555140|20260813011900|954.64
1786555145|20260813011905|954.65
1786555150|20260813011910|954.95
1786555160|20260813011920|954.93
1786555165|20260813011925|954.95
1786555205|20260813012005|954.82
1786555210|20260813012010|954.84
1786555215|20260813012015|954.85
1786555220|20260813012020|954.94
1786555225|20260813012025|954.90
1786555235|20260813012035|954.82
1786555240|20260813012040|954.80
1786555245|20260813012045|954.99
1786555250|20260813012050|954.94
1786555255|20260813012055|955.23
1786555260|20260813012100|955.29
1786555265|20260813012105|955.26
1786555270|20260813012110|955.25
1786555275|20260813012115|955.24
1786555280|20260813012120|955.20
1786555285|20260813012125|955.24
1786555295|20260813012135|955.23
1786555300|20260813012140|955.24
1786555305|20260813012145|955.40
1786555310|20260813012150|955.67
1786555315|20260813012155|955.67
1786555320|20260813012200|955.66
1786555325|20260813012205|955.67
1786555330|20260813012210|955.63
1786555335|20260813012215|955.76
1786555340|20260813012220|955.80
1786555345|20260813012225|955.88
1786555355|20260813012235|955.87
1786555360|20260813012240|956.00
1786555365|20260813012245|955.98
1786555370|20260813012250|956.04
1786555375|20260813012255|956.02
1786555380|20260813012300|955.97
1786555385|20260813012305|955.84
1786555390|20260813012310|955.67
1786555395|20260813012315|955.81
1786555400|20260813012320|955.94
1786555405|20260813012325|955.97
1786555420|20260813012340|955.98
1786555425|20260813012345|956.11
1786555430|20260813012350|956.15
1786555440|20260813012400|956.05
1786555445|20260813012405|956.14
1786555455|20260813012415|956.17
1786555460|20260813012420|956.21
1786555510|20260813012510|955.78
1786555525|20260813012525|955.83
1786555535|20260813012535|955.75
1786555540|20260813012540|955.70
1786555545|20260813012545|955.67
1786555555|20260813012555|955.62
1786555565|20260813012605|955.64
1786555570|20260813012610|955.58
1786555595|20260813012635|955.57
1786555600|20260813012640|955.51
1786555605|20260813012645|955.58
1786555610|20260813012650|955.64
1786555625|20260813012705|955.74
1786555630|20260813012710|955.69
1786555635|20260813012715|955.78
1786555640|20260813012720|955.83
1786555645|20260813012725|955.84
1786555655|20260813012735|955.76
1786555665|20260813012745|955.81
1786555675|20260813012755|955.62
1786555685|20260813012805|955.56
1786555695|20260813012815|955.52
1786555705|20260813012825|955.56
1786555715|20260813012835|955.59
1786555720|20260813012840|955.78
1786555730|20260813012850|955.76
1786555740|20260813012900|955.78
1786555745|20260813012905|955.73
1786555750|20260813012910|955.79
1786555755|20260813012915|955.79
1786555760|20260813012920|955.84
1786555805|20260813013005|955.50
1786555810|20260813013010|955.49
1786555815|20260813013015|955.51
1786555820|20260813013020|955.49
1786555825|20260813013025|955.61
1786555835|20260813013035|955.60
1786555840|20260813013040|955.61
1786555855|20260813013055|955.58
1786555860|20260813013100|955.57
1786555875|20260813013115|956.02
1786555885|20260813013125|955.85
1786555895|20260813013135|955.87
1786555905|20260813013145|955.80
1786555910|20260813013150|955.96
1786555915|20260813013155|955.93
1786555920|20260813013200|955.92
1786555925|20260813013205|956.03
1786555930|20260813013210|955.96
1786555935|20260813013215|955.98
1786555940|20260813013220|955.97
1786555945|20260813013225|955.95
1786555955|20260813013235|955.91
1786555960|20260813013240|955.85
1786555965|20260813013245|956.07
1786555970|20260813013250|956.09
1786555975|20260813013255|956.06
1786555985|20260813013305|956.16
1786555990|20260813013310|956.29
1786556000|20260813013320|956.25
1786556005|20260813013325|956.33
1786556015|20260813013335|956.34
1786556020|20260813013340|956.29
1786556030|20260813013350|956.29
1786556035|20260813013355|956.32
1786556040|20260813013400|956.34
1786556045|20260813013405|956.39
1786556050|20260813013410|956.33
1786556055|20260813013415|956.34
1786556105|20260813013505|956.41
1786556110|20260813013510|956.26
1786556115|20260813013515|956.26
1786556120|20260813013520|956.23
1786556125|20260813013525|956.17
1786556135|20260813013535|956.40
1786556140|20260813013540|956.36
1786556145|20260813013545|956.29
1786556150|20260813013550|956.33
1786556155|20260813013555|956.33
1786556165|20260813013605|956.45
1786556170|20260813013610|956.58
1786556175|20260813013615|956.56
1786556180|20260813013620|956.54
1786556195|20260813013635|956.25
1786556200|20260813013640|956.29
1786556210|20260813013650|956.27
1786556215|20260813013655|956.26
1786556225|20260813013705|956.18
1786556230|20260813013710|956.11
1786556235|20260813013715|956.11
1786556240|20260813013720|956.12
1786556255|20260813013735|956.06
1786556260|20260813013740|955.89
1786556265|20260813013745|955.77
1786556270|20260813013750|955.64
1786556275|20260813013755|955.63
1786556290|20260813013810|955.57
1786556295|20260813013815|955.52
1786556305|20260813013825|955.59
1786556315|20260813013835|955.53
1786556325|20260813013845|955.45
1786556330|20260813013850|955.38
1786556335|20260813013855|955.38
1786556345|20260813013905|955.27
1786556350|20260813013910|955.35
1786556355|20260813013915|955.31
1786556360|20260813013920|955.31
1786556365|20260813013925|955.32
1786556400|20260813014000|955.31
1786556405|20260813014005|955.34
1786556410|20260813014010|955.13
1786556415|20260813014015|955.22
1786556420|20260813014020|955.11
1786556425|20260813014025|955.12
1786556435|20260813014035|955.14
1786556440|20260813014040|955.08
1786556445|20260813014045|955.05
1786556450|20260813014050|955.04
1786556455|20260813014055|955.04
1786556465|20260813014105|955.12
1786556470|20260813014110|955.03
1786556475|20260813014115|955.06
1786556480|20260813014120|955.13
1786556485|20260813014125|955.07
1786556495|20260813014135|955.06
1786556500|20260813014140|955.12
1786556505|20260813014145|955.12
1786556510|20260813014150|955.16
1786556515|20260813014155|955.07
1786556525|20260813014205|955.13
1786556535|20260813014215|954.99
1786556540|20260813014220|955.13
1786556545|20260813014225|955.11
1786556555|20260813014235|955.09
1786556560|20260813014240|955.11
1786556565|20260813014245|955.13
1786556570|20260813014250|955.17
1786556575|20260813014255|955.06
1786556585|20260813014305|955.00
1786556590|20260813014310|954.95
1786556600|20260813014320|954.84
1786556605|20260813014325|954.84
1786556615|20260813014335|954.98
1786556620|20260813014340|954.94
1786556625|20260813014345|954.95
1786556630|20260813014350|955.00
1786556635|20260813014355|955.00
1786556650|20260813014410|954.66
1786556655|20260813014415|954.74
1786556660|20260813014420|954.67
1786556665|20260813014425|954.60
1786556705|20260813014505|954.61
1786556715|20260813014515|954.64
1786556720|20260813014520|954.70
1786556725|20260813014525|954.57
1786556740|20260813014540|954.69
1786556750|20260813014550|954.60
1786556755|20260813014555|954.61
1786556765|20260813014605|954.65
1786556770|20260813014610|954.55
1786556775|20260813014615|954.70
1786556780|20260813014620|954.62
1786556785|20260813014625|954.83
1786556795|20260813014635|954.85
1786556800|20260813014640|954.86
1786556805|20260813014645|954.89
1786556810|20260813014650|954.83
1786556815|20260813014655|954.81
1786556825|20260813014705|954.89
1786556830|20260813014710|954.97
1786556835|20260813014715|954.94
1786556840|20260813014720|954.88
1786556845|20260813014725|954.88
1786556855|20260813014735|954.95
1786556860|20260813014740|954.98
1786556865|20260813014745|954.99
1786556870|20260813014750|954.99
1786556875|20260813014755|954.99
1786556885|20260813014805|954.91
1786556890|20260813014810|954.79
1786556895|20260813014815|954.83
1786556900|20260813014820|954.83
1786556905|20260813014825|954.88
1786556915|20260813014835|954.85
1786556920|20260813014840|954.87
1786556925|20260813014845|954.85
1786556930|20260813014850|954.85
1786556940|20260813014900|954.81
1786556945|20260813014905|954.93
1786556950|20260813014910|954.91
1786556960|20260813014920|954.98
1786556965|20260813014925|955.03
1786557000|20260813015000|954.84
1786557005|20260813015005|954.90
1786557010|20260813015010|954.91
1786557015|20260813015015|954.94
1786557020|20260813015020|954.99
1786557025|20260813015025|955.01
1786557040|20260813015040|954.92
1786557045|20260813015045|954.95
1786557050|20260813015050|954.98
1786557055|20260813015055|954.98
1786557065|20260813015105|955.02
1786557075|20260813015115|955.06
1786557080|20260813015120|955.08
1786557085|20260813015125|955.08
1786557095|20260813015135|955.17
1786557100|20260813015140|955.30
1786557110|20260813015150|955.36
1786557115|20260813015155|955.36
1786557120|20260813015200|955.35
1786557125|20260813015205|955.35
1786557130|20260813015210|955.35
1786557135|20260813015215|955.28
1786557145|20260813015225|955.22
1786557155|20260813015235|955.22
1786557160|20260813015240|955.21
1786557165|20260813015245|954.98
1786557170|20260813015250|954.99
1786557175|20260813015255|954.99
1786557190|20260813015310|955.00
1786557195|20260813015315|954.96
1786557200|20260813015320|954.98
1786557205|20260813015325|954.88
1786557215|20260813015335|954.90
1786557220|20260813015340|954.89
1786557225|20260813015345|954.84
1786557230|20260813015350|954.74
1786557235|20260813015355|954.62
1786557245|20260813015405|954.28
1786557250|20260813015410|954.24
1786557255|20260813015415|954.28
1786557260|20260813015420|954.24
1786557265|20260813015425|954.28
1786557300|20260813015500|954.23
1786557305|20260813015505|954.22
1786557310|20260813015510|954.30
1786557315|20260813015515|954.18
1786557320|20260813015520|954.22
1786557335|20260813015535|954.22
1786557340|20260813015540|954.18
1786557345|20260813015545|954.17
1786557350|20260813015550|954.15
1786557355|20260813015555|954.20
1786557370|20260813015610|954.19
1786557375|20260813015615|954.20
1786557380|20260813015620|954.24
1786557385|20260813015625|954.25
1786557395|20260813015635|954.34
1786557400|20260813015640|954.37
1786557405|20260813015645|954.40
1786557410|20260813015650|954.46
1786557420|20260813015700|954.47
1786557425|20260813015705|954.53
1786557430|20260813015710|954.53
1786557435|20260813015715|954.52
1786557440|20260813015720|954.52
1786557445|20260813015725|954.45
1786557455|20260813015735|954.52
1786557460|20260813015740|954.40
1786557465|20260813015745|954.32
1786557470|20260813015750|954.45
1786557475|20260813015755|954.46
1786557480|20260813015800|954.49
1786557485|20260813015805|954.39
1786557490|20260813015810|954.32
1786557495|20260813015815|954.39
1786557500|20260813015820|954.45
1786557505|20260813015825|954.42
1786557515|20260813015835|954.29
1786557525|20260813015845|954.10
1786557530|20260813015850|954.04
1786557535|20260813015855|954.08
1786557545|20260813015905|954.10
1786557550|20260813015910|954.01
1786557560|20260813015920|954.02
1786557565|20260813015925|954.04
1786557605|20260813020005|954.04
1786557610|20260813020010|954.04
1786557615|20260813020015|954.04
1786557620|20260813020020|954.04
1786557625|20260813020025|954.04
1786557640|20260813020040|953.87
1786557645|20260813020045|953.88
1786557655|20260813020055|953.67
1786557665|20260813020105|953.57
1786557670|20260813020110|953.54
1786557675|20260813020115|953.58
1786557680|20260813020120|953.55
1786557685|20260813020125|953.59
1786557700|20260813020140|953.65
1786557705|20260813020145|953.60
1786557725|20260813020205|953.64
1786557730|20260813020210|953.73
1786557735|20260813020215|953.73
1786557740|20260813020220|953.73
1786557745|20260813020225|953.73
1786557760|20260813020240|953.71
1786557765|20260813020245|953.67
1786557770|20260813020250|953.59
1786557775|20260813020255|953.60
1786557780|20260813020300|953.61
1786557785|20260813020305|953.60
1786557795|20260813020315|953.66
1786557800|20260813020320|953.64
1786557805|20260813020325|953.64
1786557815|20260813020335|953.72
1786557825|20260813020345|953.72
1786557830|20260813020350|953.74
1786557840|20260813020400|953.86
1786557845|20260813020405|953.79
1786557850|20260813020410|953.97
1786557855|20260813020415|954.00
1786557860|20260813020420|953.98
1786557865|20260813020425|953.98
1786557900|20260813020500|953.94
1786557905|20260813020505|953.95
1786557910|20260813020510|953.97
1786557915|20260813020515|953.92
1786557920|20260813020520|953.94
1786557925|20260813020525|954.00
1786557935|20260813020535|953.89
1786557940|20260813020540|953.89
1786557945|20260813020545|953.91
1786557950|20260813020550|953.93
1786557955|20260813020555|953.94
1786557960|20260813020600|953.94
1786557965|20260813020605|953.99
1786557975|20260813020615|953.99
1786557980|20260813020620|954.01
1786557985|20260813020625|954.01
1786557995|20260813020635|954.05
1786558000|20260813020640|954.28
1786558005|20260813020645|954.28
1786558010|20260813020650|954.47
1786558015|20260813020655|954.45
1786558025|20260813020705|954.44
1786558040|20260813020720|954.34
1786558045|20260813020725|954.33
1786558065|20260813020745|954.44
1786558070|20260813020750|954.47
1786558075|20260813020755|954.47
1786558080|20260813020800|954.54
1786558085|20260813020805|954.55
1786558090|20260813020810|954.58
1786558095|20260813020815|954.75
1786558100|20260813020820|954.81
1786558105|20260813020825|954.81
1786558115|20260813020835|954.77
1786558120|20260813020840|954.75
1786558125|20260813020845|954.75
1786558130|20260813020850|954.79
1786558135|20260813020855|954.74
1786558140|20260813020900|954.69
1786558145|20260813020905|954.73
1786558150|20260813020910|954.78
1786558155|20260813020915|954.73
1786558160|20260813020920|954.73
1786558165|20260813020925|954.77
1786558185|20260813020945|954.91
1786558205|20260813021005|955.10
1786558210|20260813021010|955.23
1786558215|20260813021015|955.27
1786558220|20260813021020|955.31
1786558225|20260813021025|955.34
1786558235|20260813021035|955.30
1786558240|20260813021040|955.36
1786558245|20260813021045|955.36
1786558250|20260813021050|955.33
1786558255|20260813021055|955.28
1786558270|20260813021110|955.37
1786558280|20260813021120|955.56
1786558285|20260813021125|955.56
1786558300|20260813021140|955.42
1786558305|20260813021145|955.44
1786558310|20260813021150|955.42
1786558315|20260813021155|955.40
1786558320|20260813021200|955.40
1786558325|20260813021205|955.37
1786558335|20260813021215|955.55
1786558340|20260813021220|955.55
1786558345|20260813021225|955.51
1786558355|20260813021235|955.47
1786558360|20260813021240|955.45
1786558365|20260813021245|955.46
1786558370|20260813021250|955.40
1786558375|20260813021255|955.42
1786558385|20260813021305|955.44
1786558390|20260813021310|955.43
1786558395|20260813021315|955.42
1786558400|20260813021320|955.39
1786558405|20260813021325|955.38
1786558415|20260813021335|955.43
1786558425|20260813021345|955.44
1786558430|20260813021350|955.44
1786558435|20260813021355|955.38
1786558440|20260813021400|955.44
1786558445|20260813021405|955.35
1786558450|20260813021410|955.37
1786558465|20260813021425|955.40
1786558510|20260813021510|955.40
1786558515|20260813021515|955.32
1786558520|20260813021520|955.23
1786558525|20260813021525|955.23
1786558535|20260813021535|955.30
1786558540|20260813021540|955.32
1786558545|20260813021545|955.35
1786558570|20260813021610|955.36
1786558580|20260813021620|955.37
1786558585|20260813021625|955.37
1786558595|20260813021635|955.35
1786558600|20260813021640|955.29
1786558605|20260813021645|955.35
1786558610|20260813021650|955.48
1786558615|20260813021655|955.48
1786558630|20260813021710|955.67
1786558635|20260813021715|955.67
1786558640|20260813021720|955.69
1786558645|20260813021725|955.69
1786558655|20260813021735|955.61
1786558660|20260813021740|955.68
1786558665|20260813021745|955.69
1786558670|20260813021750|955.81
1786558685|20260813021805|955.72
1786558690|20260813021810|955.72
1786558695|20260813021815|955.72
1786558720|20260813021840|955.65
1786558725|20260813021845|955.61
1786558730|20260813021850|955.65
1786558735|20260813021855|955.62
1786558750|20260813021910|955.76
1786558755|20260813021915|955.79
1786558760|20260813021920|955.79
1786558765|20260813021925|955.81
1786558800|20260813022000|955.94
1786558805|20260813022005|955.95
1786558810|20260813022010|955.95
1786558815|20260813022015|955.96
1786558820|20260813022020|955.99
1786558825|20260813022025|955.95
1786558835|20260813022035|955.91
1786558840|20260813022040|955.90
1786558845|20260813022045|955.90
1786558850|20260813022050|955.88
1786558855|20260813022055|955.84
1786558865|20260813022105|955.82
1786558870|20260813022110|955.86
1786558875|20260813022115|955.88
1786558880|20260813022120|955.90
1786558885|20260813022125|955.89
1786558895|20260813022135|955.86
1786558900|20260813022140|955.81
1786558905|20260813022145|955.83
1786558910|20260813022150|955.83
1786558915|20260813022155|955.92
1786558920|20260813022200|955.94
1786558925|20260813022205|955.99
1786558930|20260813022210|956.05
1786558935|20260813022215|956.07
1786558940|20260813022220|956.07
1786558945|20260813022225|956.27
1786558955|20260813022235|956.19
1786558960|20260813022240|956.17
1786558965|20260813022245|956.21
1786558975|20260813022255|956.24
1786558995|20260813022315|956.44
1786559000|20260813022320|956.40
1786559005|20260813022325|956.34
1786559015|20260813022335|956.29
1786559020|20260813022340|956.25
1786559025|20260813022345|956.28
1786559030|20260813022350|956.25
1786559045|20260813022405|956.39
1786559050|20260813022410|956.42
1786559055|20260813022415|956.40
1786559060|20260813022420|956.40
1786559065|20260813022425|956.33
1786559100|20260813022500|956.47
1786559105|20260813022505|956.49
1786559110|20260813022510|956.49
1786559115|20260813022515|956.49
1786559120|20260813022520|956.51
1786559125|20260813022525|956.55
1786559135|20260813022535|956.46
1786559140|20260813022540|956.44
1786559145|20260813022545|956.37
1786559150|20260813022550|956.35
1786559155|20260813022555|956.32
1786559160|20260813022600|956.36
1786559170|20260813022610|956.42
1786559175|20260813022615|956.42
1786559180|20260813022620|956.32
1786559195|20260813022635|956.23
1786559200|20260813022640|956.24
1786559205|20260813022645|956.24
1786559210|20260813022650|956.24
1786559215|20260813022655|956.33
1786559220|20260813022700|956.41
1786559225|20260813022705|956.49
1786559235|20260813022715|956.42
1786559255|20260813022735|956.41
1786559260|20260813022740|956.41
1786559265|20260813022745|956.37
1786559270|20260813022750|956.37
1786559285|20260813022805|956.23
1786559295|20260813022815|955.85
1786559300|20260813022820|955.91
1786559305|20260813022825|955.96
1786559315|20260813022835|955.91
1786559320|20260813022840|955.93
1786559335|20260813022855|955.93
1786559340|20260813022900|955.95
1786559345|20260813022905|955.95
1786559355|20260813022915|955.91
1786559360|20260813022920|955.93
1786559365|20260813022925|955.89
1786559415|20260813023015|956.03
1786559420|20260813023020|956.11
1786559425|20260813023025|956.14
1786559435|20260813023035|956.17
1786559440|20260813023040|956.21
1786559445|20260813023045|956.22
1786559455|20260813023055|956.18
1786559470|20260813023110|956.22
1786559475|20260813023115|956.21
1786559485|20260813023125|956.25
1786559495|20260813023135|956.26
1786559500|20260813023140|956.28
1786559505|20260813023145|956.38
1786559510|20260813023150|956.44
1786559515|20260813023155|956.42
1786559525|20260813023205|956.50
1786559530|20260813023210|956.47
1786559535|20260813023215|956.39
1786559545|20260813023225|956.46
1786559555|20260813023235|956.58
1786559560|20260813023240|956.62
1786559565|20260813023245|956.62
1786559570|20260813023250|956.57
1786559575|20260813023255|956.58
1786559580|20260813023300|956.64
1786559585|20260813023305|956.58
1786559590|20260813023310|956.58
1786559595|20260813023315|956.83
1786559600|20260813023320|956.78
1786559605|20260813023325|956.79
1786559625|20260813023345|956.76
1786559630|20260813023350|956.80
1786559635|20260813023355|956.83
1786559645|20260813023405|956.93
1786559650|20260813023410|956.85
1786559660|20260813023420|956.83
1786559665|20260813023425|956.87
1786559705|20260813023505|956.94
1786559710|20260813023510|956.93
1786559715|20260813023515|956.88
1786559720|20260813023520|956.89
1786559725|20260813023525|956.84
1786559735|20260813023535|956.87
1786559745|20260813023545|956.92
1786559750|20260813023550|956.94
1786559755|20260813023555|956.93
1786559765|20260813023605|956.80
1786559770|20260813023610|956.75
1786559775|20260813023615|956.79
1786559785|20260813023625|956.80
1786559795|20260813023635|956.83
1786559800|20260813023640|956.79
1786559805|20260813023645|956.83
1786559810|20260813023650|956.82
1786559815|20260813023655|956.86
1786559825|20260813023705|956.81
1786559830|20260813023710|956.75
1786559835|20260813023715|956.65
1786559840|20260813023720|956.68
1786559855|20260813023735|956.89
1786559860|20260813023740|956.83
1786559865|20260813023745|956.83
1786559875|20260813023755|956.78
1786559885|20260813023805|956.81
1786559890|20260813023810|956.79
1786559895|20260813023815|956.76
1786559900|20260813023820|956.76
1786559905|20260813023825|956.75
1786559915|20260813023835|956.73
1786559920|20260813023840|956.62
1786559930|20260813023850|956.58
1786559935|20260813023855|956.58
1786559945|20260813023905|956.50
1786559950|20260813023910|956.50
1786559955|20260813023915|956.51
1786559960|20260813023920|956.50
1786559965|20260813023925|956.48
1786560000|20260813024000|956.59
1786560005|20260813024005|956.57
1786560010|20260813024010|956.54
1786560015|20260813024015|956.46
1786560020|20260813024020|956.46
1786560025|20260813024025|956.56
1786560035|20260813024035|956.59
1786560040|20260813024040|956.57
1786560045|20260813024045|956.50
1786560050|20260813024050|956.51
1786560055|20260813024055|956.68
1786560065|20260813024105|956.61
1786560070|20260813024110|956.65
1786560075|20260813024115|956.58
1786560080|20260813024120|956.59
1786560085|20260813024125|956.59
1786560095|20260813024135|956.63
1786560100|20260813024140|956.64
1786560105|20260813024145|956.64
1786560110|20260813024150|956.69
1786560125|20260813024205|956.69
1786560130|20260813024210|956.73
1786560135|20260813024215|956.73
1786560140|20260813024220|956.72
1786560145|20260813024225|956.70
1786560155|20260813024235|956.62
1786560160|20260813024240|956.74
1786560170|20260813024250|956.72
1786560175|20260813024255|956.69
1786560185|20260813024305|956.69
1786560195|20260813024315|956.75
1786560200|20260813024320|956.77
1786560205|20260813024325|956.79
1786560215|20260813024335|956.71
1786560225|20260813024345|956.85
1786560230|20260813024350|956.86
1786560235|20260813024355|956.89
1786560245|20260813024405|956.92
1786560250|20260813024410|956.89
1786560255|20260813024415|956.86
1786560260|20260813024420|956.86
1786560265|20260813024425|956.94
1786560300|20260813024500|957.09
1786560310|20260813024510|957.14
1786560315|20260813024515|957.16
1786560320|20260813024520|957.15
1786560325|20260813024525|957.13
1786560340|20260813024540|957.55
1786560345|20260813024545|957.55
1786560350|20260813024550|957.53
1786560355|20260813024555|957.52
1786560365|20260813024605|957.36
1786560370|20260813024610|957.45
1786560375|20260813024615|957.41
1786560380|20260813024620|957.33
1786560400|20260813024640|957.40
1786560405|20260813024645|957.38
1786560410|20260813024650|957.35
1786560415|20260813024655|957.31
1786560425|20260813024705|957.32
1786560430|20260813024710|957.27
1786560435|20260813024715|957.23
1786560440|20260813024720|957.24
1786560445|20260813024725|957.19
1786560455|20260813024735|957.24
1786560460|20260813024740|957.27
1786560465|20260813024745|957.26
1786560470|20260813024750|957.28
1786560475|20260813024755|957.23
1786560485|20260813024805|957.31
1786560490|20260813024810|957.27
1786560495|20260813024815|957.24
1786560500|20260813024820|957.25
1786560505|20260813024825|957.55
1786560515|20260813024835|957.64
1786560520|20260813024840|957.68
1786560525|20260813024845|957.89
1786560530|20260813024850|957.85
1786560535|20260813024855|957.85
1786560540|20260813024900|957.97
1786560545|20260813024905|957.99
1786560550|20260813024910|957.94
1786560555|20260813024915|958.02
1786560560|20260813024920|958.00
1786560565|20260813024925|958.05
1786560605|20260813025005|957.90
1786560610|20260813025010|957.79
1786560615|20260813025015|957.79
1786560620|20260813025020|957.73
1786560625|20260813025025|957.86
1786560635|20260813025035|957.80
1786560640|20260813025040|957.81
1786560645|20260813025045|957.81
1786560650|20260813025050|957.67
1786560655|20260813025055|957.67
1786560660|20260813025100|957.62
1786560665|20260813025105|957.53
1786560670|20260813025110|957.53
1786560680|20260813025120|957.53
1786560685|20260813025125|957.57
1786560695|20260813025135|957.54
1786560700|20260813025140|957.57
1786560705|20260813025145|957.54
1786560710|20260813025150|957.60
1786560715|20260813025155|957.60
1786560730|20260813025210|957.59
1786560735|20260813025215|957.52
1786560740|20260813025220|957.53
1786560745|20260813025225|957.52
1786560755|20260813025235|957.51
1786560760|20260813025240|957.34
1786560765|20260813025245|957.30
1786560770|20260813025250|957.30
1786560775|20260813025255|957.31
1786560780|20260813025300|957.28
1786560795|20260813025315|957.34
1786560805|20260813025325|957.34
1786560815|20260813025335|957.39
1786560820|20260813025340|957.37
1786560825|20260813025345|957.38
1786560830|20260813025350|957.40
1786560835|20260813025355|957.36
1786560845|20260813025405|957.21
1786560850|20260813025410|957.29
1786560855|20260813025415|957.23
1786560865|20260813025425|957.18
1786560900|20260813025500|957.19
1786560905|20260813025505|957.15
1786560915|20260813025515|957.15
1786560920|20260813025520|957.18
1786560925|20260813025525|957.06
1786560935|20260813025535|957.06
1786560940|20260813025540|957.07
1786560945|20260813025545|957.08
1786560950|20260813025550|957.06
1786560965|20260813025605|957.21
1786560970|20260813025610|957.17
1786560975|20260813025615|957.21
1786560980|20260813025620|957.24
1786560995|20260813025635|957.23
1786561000|20260813025640|957.23
1786561005|20260813025645|957.13
1786561015|20260813025655|957.08
1786561020|20260813025700|957.08
1786561025|20260813025705|957.08
1786561035|20260813025715|957.09
1786561040|20260813025720|957.08
1786561045|20260813025725|957.13
1786561055|20260813025735|956.99
1786561060|20260813025740|957.04
1786561065|20260813025745|957.03
1786561070|20260813025750|957.05
1786561075|20260813025755|957.04
1786561085|20260813025805|957.04
1786561090|20260813025810|957.09
1786561095|20260813025815|957.02
1786561100|20260813025820|957.07
1786561105|20260813025825|957.05
1786561115|20260813025835|957.03
1786561120|20260813025840|956.99
1786561125|20260813025845|957.03
1786561130|20260813025850|956.98
1786561135|20260813025855|957.00
1786561145|20260813025905|957.05
1786561150|20260813025910|957.02
1786561160|20260813025920|957.08
1786561200|20260813030000|957.02
1786561205|20260813030005|957.10
1786561210|20260813030010|957.04
1786561215|20260813030015|956.99
1786561220|20260813030020|957.04
1786561225|20260813030025|957.25
1786561235|20260813030035|957.40
1786561245|20260813030045|957.57
1786561250|20260813030050|957.58
1786561255|20260813030055|957.65
1786561260|20260813030100|957.73
1786561265|20260813030105|957.70
1786561270|20260813030110|957.87
1786561275|20260813030115|957.81
1786561280|20260813030120|957.80
1786561285|20260813030125|957.82
1786561300|20260813030140|957.72
1786561305|20260813030145|957.71
1786561315|20260813030155|957.71
1786561325|20260813030205|957.62
1786561330|20260813030210|957.62
1786561335|20260813030215|957.58
1786561340|20260813030220|957.59
1786561345|20260813030225|957.57
1786561355|20260813030235|957.56
1786561360|20260813030240|957.56
1786561365|20260813030245|957.53
1786561370|20260813030250|957.45
1786561380|20260813030300|957.50
1786561385|20260813030305|957.53
1786561390|20260813030310|957.51
1786561395|20260813030315|957.68
1786561400|20260813030320|957.71
1786561405|20260813030325|957.69
1786561415|20260813030335|957.66
1786561420|20260813030340|957.69
1786561425|20260813030345|957.72
1786561430|20260813030350|957.67
1786561435|20260813030355|957.64
1786561445|20260813030405|957.67
1786561450|20260813030410|957.64
1786561455|20260813030415|957.67
1786561460|20260813030420|957.69
1786561465|20260813030425|957.65
1786561500|20260813030500|957.79
1786561505|20260813030505|957.79
1786561510|20260813030510|957.80
1786561520|20260813030520|957.89
1786561525|20260813030525|957.89
1786561535|20260813030535|957.96
1786561540|20260813030540|957.97
1786561550|20260813030550|958.06
1786561555|20260813030555|958.00
1786561560|20260813030600|958.04
1786561565|20260813030605|958.02
1786561570|20260813030610|957.99
1786561575|20260813030615|958.06
1786561580|20260813030620|958.11
1786561585|20260813030625|958.11
1786561595|20260813030635|958.06
1786561600|20260813030640|958.12
1786561605|20260813030645|958.12
1786561610|20260813030650|958.09
1786561615|20260813030655|957.91
1786561620|20260813030700|957.84
1786561625|20260813030705|957.78
1786561630|20260813030710|957.80
1786561635|20260813030715|957.78
1786561640|20260813030720|957.80
1786561645|20260813030725|957.86
1786561655|20260813030735|957.85
1786561660|20260813030740|957.85
1786561665|20260813030745|957.82
1786561670|20260813030750|957.74
1786561675|20260813030755|957.70
1786561685|20260813030805|957.66
1786561690|20260813030810|957.62
1786561695|20260813030815|957.52
1786561700|20260813030820|957.52
1786561725|20260813030845|957.60
1786561730|20260813030850|957.63
1786561735|20260813030855|957.64
1786561745|20260813030905|957.63
1786561755|20260813030915|957.61
1786561760|20260813030920|957.58
1786561765|20260813030925|957.58
1786561810|20260813031010|957.68
1786561815|20260813031015|957.71
1786561825|20260813031025|957.65
1786561835|20260813031035|957.62
1786561840|20260813031040|957.61
1786561845|20260813031045|957.61
1786561850|20260813031050|957.71
1786561855|20260813031055|957.69
1786561865|20260813031105|957.59
1786561870|20260813031110|957.60
1786561875|20260813031115|957.63
1786561880|20260813031120|957.65
1786561885|20260813031125|957.68
1786561895|20260813031135|957.73
1786561905|20260813031145|957.75
1786561910|20260813031150|957.72
1786561915|20260813031155|957.72
1786561925|20260813031205|957.71
1786561930|20260813031210|957.59
1786561935|20260813031215|957.60
1786561940|20260813031220|957.63
1786561945|20260813031225|957.55
1786561955|20260813031235|957.59
1786561960|20260813031240|957.60
1786561965|20260813031245|957.60
1786561970|20260813031250|957.60
1786561980|20260813031300|957.60
1786561990|20260813031310|957.66
1786562000|20260813031320|957.71
1786562005|20260813031325|957.71
1786562015|20260813031335|957.72
1786562020|20260813031340|957.72
1786562035|20260813031355|957.70
1786562045|20260813031405|957.76
1786562050|20260813031410|957.77
1786562055|20260813031415|957.74
1786562060|20260813031420|957.75
1786562065|20260813031425|957.81
1786562075|20260813031435|957.82
1786562100|20260813031500|957.76
1786562105|20260813031505|957.73
1786562110|20260813031510|957.67
1786562115|20260813031515|957.76
1786562120|20260813031520|957.77
1786562125|20260813031525|957.72
1786562135|20260813031535|957.72
1786562140|20260813031540|957.77
1786562145|20260813031545|957.78
1786562150|20260813031550|957.72
1786562155|20260813031555|957.75
1786562165|20260813031605|957.76
1786562170|20260813031610|957.77
1786562175|20260813031615|957.80
1786562180|20260813031620|957.81
1786562185|20260813031625|957.86
1786562195|20260813031635|957.82
1786562200|20260813031640|957.81
1786562210|20260813031650|957.84
1786562215|20260813031655|957.85
1786562225|20260813031705|957.78
1786562230|20260813031710|957.79
1786562240|20260813031720|957.91
1786562245|20260813031725|957.93
1786562265|20260813031745|957.93
1786562270|20260813031750|957.94
1786562275|20260813031755|957.94
1786562290|20260813031810|957.98
1786562295|20260813031815|957.98
1786562300|20260813031820|957.94
1786562315|20260813031835|958.02
1786562320|20260813031840|958.04
1786562340|20260813031900|958.05
1786562345|20260813031905|958.03
1786562350|20260813031910|958.04
1786562355|20260813031915|957.93
1786562360|20260813031920|957.91
1786562365|20260813031925|957.92
1786562405|20260813032005|957.96
1786562410|20260813032010|957.91
1786562415|20260813032015|957.85
1786562420|20260813032020|957.81
1786562425|20260813032025|957.78
1786562435|20260813032035|957.79
1786562440|20260813032040|957.79
1786562445|20260813032045|957.76
1786562450|20260813032050|957.80
1786562455|20260813032055|957.80
1786562470|20260813032110|957.81
1786562475|20260813032115|957.78
1786562485|20260813032125|957.71
1786562495|20260813032135|957.71
1786562500|20260813032140|957.72
1786562505|20260813032145|957.72
1786562510|20260813032150|957.71
1786562515|20260813032155|957.73
1786562525|20260813032205|957.73
1786562530|20260813032210|957.97
1786562535|20260813032215|957.96
1786562540|20260813032220|957.98
1786562545|20260813032225|957.97
1786562560|20260813032240|957.98
1786562565|20260813032245|957.94
1786562575|20260813032255|957.92
1786562585|20260813032305|957.97
1786562590|20260813032310|957.97
1786562595|20260813032315|957.99
1786562605|20260813032325|957.95
1786562615|20260813032335|957.96
1786562620|20260813032340|957.93
1786562625|20260813032345|957.92
1786562630|20260813032350|957.94
1786562645|20260813032405|957.92
1786562655|20260813032415|957.94
1786562660|20260813032420|957.85
1786562665|20260813032425|957.85
1786562700|20260813032500|957.74
1786562705|20260813032505|957.73
1786562710|20260813032510|957.71
1786562715|20260813032515|957.75
1786562720|20260813032520|957.75
1786562725|20260813032525|957.70
1786562740|20260813032540|957.89
1786562745|20260813032545|957.88
1786562750|20260813032550|957.91
1786562755|20260813032555|957.89
1786562760|20260813032600|957.91
1786562765|20260813032605|957.86
1786562770|20260813032610|957.82
1786562775|20260813032615|957.76
1786562780|20260813032620|957.72
1786562785|20260813032625|957.68
1786562800|20260813032640|957.60
1786562805|20260813032645|957.63
1786562815|20260813032655|957.70
1786562820|20260813032700|957.69
1786562825|20260813032705|957.69
1786562830|20260813032710|957.70
1786562835|20260813032715|957.75
1786562855|20260813032735|957.78
1786562870|20260813032750|957.61
1786562875|20260813032755|957.62
1786562885|20260813032805|957.61
1786562890|20260813032810|957.73
1786562900|20260813032820|957.63
1786562915|20260813032835|957.67
1786562920|20260813032840|957.70
1786562925|20260813032845|957.66
1786562930|20260813032850|957.62
1786562935|20260813032855|957.64
1786562945|20260813032905|957.68
1786562950|20260813032910|957.68
1786562955|20260813032915|957.69
1786562960|20260813032920|957.70
1786562965|20260813032925|957.71
1786563015|20260813033015|957.71
1786563020|20260813033020|957.69
1786563025|20260813033025|957.65
1786563035|20260813033035|957.60
1786563040|20260813033040|957.47
1786563045|20260813033045|957.51
1786563050|20260813033050|957.51
1786563055|20260813033055|957.57
1786563060|20260813033100|957.63
1786563065|20260813033105|957.62
1786563070|20260813033110|957.56
1786563075|20260813033115|957.60
1786563080|20260813033120|957.69
1786563085|20260813033125|957.72
1786563095|20260813033135|957.61
1786563105|20260813033145|957.64
1786563110|20260813033150|957.62
1786563115|20260813033155|957.62
1786563125|20260813033205|957.66
1786563130|20260813033210|957.65
1786563135|20260813033215|957.54
1786563140|20260813033220|957.53
1786563145|20260813033225|957.52
1786563160|20260813033240|957.45
1786563165|20260813033245|957.46
1786563170|20260813033250|957.45
1786563175|20260813033255|957.43
1786563180|20260813033300|957.44
1786563185|20260813033305|957.43
1786563190|20260813033310|957.39
1786563195|20260813033315|957.29
1786563200|20260813033320|957.30
1786563205|20260813033325|957.29
1786563215|20260813033335|957.28
1786563225|20260813033345|957.27
1786563235|20260813033355|957.27
1786563240|20260813033400|957.34
1786563250|20260813033410|957.15
1786563255|20260813033415|957.15
1786563260|20260813033420|957.09
1786563300|20260813033500|957.14
1786563310|20260813033510|957.14
1786563315|20260813033515|957.16
1786563320|20260813033520|957.19
1786563325|20260813033525|957.13
1786563335|20260813033535|957.17
1786563340|20260813033540|957.24
1786563345|20260813033545|957.25
1786563350|20260813033550|957.24
1786563355|20260813033555|957.25
1786563360|20260813033600|957.17
1786563365|20260813033605|957.12
1786563370|20260813033610|957.07
1786563375|20260813033615|957.11
1786563380|20260813033620|956.99
1786563385|20260813033625|957.01
1786563395|20260813033635|957.00
1786563405|20260813033645|956.93
1786563410|20260813033650|957.01
1786563415|20260813033655|957.04
1786563420|20260813033700|957.05
1786563425|20260813033705|957.04
1786563430|20260813033710|957.05
1786563435|20260813033715|957.04
1786563440|20260813033720|957.02
1786563445|20260813033725|956.69
1786563455|20260813033735|956.73
1786563465|20260813033745|956.80
1786563470|20260813033750|956.84
1786563475|20260813033755|956.82
1786563485|20260813033805|956.81
1786563495|20260813033815|956.81
1786563500|20260813033820|956.85
1786563505|20260813033825|956.84
1786563515|20260813033835|956.83
1786563520|20260813033840|956.81
1786563525|20260813033845|956.80
1786563530|20260813033850|956.72
1786563535|20260813033855|956.67
1786563540|20260813033900|956.70
1786563545|20260813033905|956.69
1786563550|20260813033910|956.73
1786563555|20260813033915|956.69
1786563560|20260813033920|956.69
1786563565|20260813033925|956.69
1786563610|20260813034010|956.78
1786563615|20260813034015|956.77
1786563625|20260813034025|956.83
1786563635|20260813034035|956.85
1786563640|20260813034040|956.96
1786563645|20260813034045|956.97
1786563650|20260813034050|956.99
1786563665|20260813034105|956.90
1786563670|20260813034110|956.88
1786563675|20260813034115|956.84
1786563680|20260813034120|956.85
1786563685|20260813034125|956.93
1786563695|20260813034135|956.90
1786563700|20260813034140|956.93
1786563710|20260813034150|956.75
1786563715|20260813034155|956.80
1786563720|20260813034200|956.80
1786563725|20260813034205|956.81
1786563730|20260813034210|956.83
1786563735|20260813034215|956.80
1786563740|20260813034220|956.80
1786563745|20260813034225|956.78
1786563755|20260813034235|956.74
1786563760|20260813034240|956.76
1786563765|20260813034245|956.72
1786563780|20260813034300|956.78
1786563785|20260813034305|956.77
1786563790|20260813034310|956.76
1786563795|20260813034315|956.74
1786563805|20260813034325|956.75
1786563815|20260813034335|956.78
1786563820|20260813034340|956.80
1786563825|20260813034345|956.81
1786563830|20260813034350|956.87
1786563835|20260813034355|956.92
1786563840|20260813034400|956.99
1786563845|20260813034405|956.94
1786563850|20260813034410|957.01
1786563855|20260813034415|956.96
1786563860|20260813034420|956.98
1786563865|20260813034425|957.05
1786563875|20260813034435|956.99
1786563905|20260813034505|957.04
1786563910|20260813034510|957.13
1786563915|20260813034515|957.10
1786563920|20260813034520|957.11
1786563925|20260813034525|957.09
1786563945|20260813034545|956.90
1786563950|20260813034550|956.97
1786563955|20260813034555|957.02
1786563970|20260813034610|957.03
1786563975|20260813034615|957.02
1786563980|20260813034620|957.08
1786563985|20260813034625|956.97
1786564000|20260813034640|957.01
1786564010|20260813034650|957.01
1786564015|20260813034655|956.92
1786564030|20260813034710|956.77
1786564035|20260813034715|956.70
1786564040|20260813034720|956.78
1786564055|20260813034735|956.83
1786564060|20260813034740|956.84
1786564075|20260813034755|956.87
1786564085|20260813034805|956.87
1786564090|20260813034810|956.83
1786564095|20260813034815|956.84
1786564100|20260813034820|956.82
1786564105|20260813034825|956.86
1786564115|20260813034835|956.87
1786564120|20260813034840|956.85
1786564125|20260813034845|956.82
1786564135|20260813034855|956.88
1786564150|20260813034910|956.70
1786564155|20260813034915|956.38
1786564165|20260813034925|956.09
1786564200|20260813035000|956.30
1786564205|20260813035005|956.41
1786564210|20260813035010|956.38
1786564215|20260813035015|956.36
1786564220|20260813035020|956.57
1786564225|20260813035025|956.64
1786564235|20260813035035|956.58
1786564240|20260813035040|956.58
1786564245|20260813035045|956.56
1786564250|20260813035050|956.49
1786564255|20260813035055|956.48
1786564265|20260813035105|956.57
1786564270|20260813035110|956.59
1786564275|20260813035115|956.59
1786564280|20260813035120|956.66
1786564285|20260813035125|956.70
1786564295|20260813035135|956.88
1786564300|20260813035140|956.87
1786564305|20260813035145|956.82
1786564310|20260813035150|956.76
1786564315|20260813035155|956.80
1786564325|20260813035205|956.89
1786564330|20260813035210|956.93
1786564335|20260813035215|956.95
1786564340|20260813035220|957.00
1786564345|20260813035225|956.99
1786564355|20260813035235|956.99
1786564365|20260813035245|956.90
1786564370|20260813035250|956.88
1786564375|20260813035255|956.88
1786564385|20260813035305|956.75
1786564390|20260813035310|956.83
1786564395|20260813035315|956.83
1786564400|20260813035320|956.69
1786564405|20260813035325|956.66
1786564420|20260813035340|956.55
1786564425|20260813035345|956.56
1786564430|20260813035350|956.57
1786564435|20260813035355|956.47
1786564445|20260813035405|956.54
1786564450|20260813035410|956.50
1786564455|20260813035415|956.60
1786564460|20260813035420|956.63
1786564465|20260813035425|956.53
1786564505|20260813035505|956.74
1786564510|20260813035510|956.72
1786564515|20260813035515|956.69
1786564520|20260813035520|956.67
1786564525|20260813035525|956.68
1786564535|20260813035535|956.71
1786564540|20260813035540|956.74
1786564545|20260813035545|956.75
1786564550|20260813035550|956.57
1786564555|20260813035555|956.64
1786564565|20260813035605|956.65
1786564570|20260813035610|956.88
1786564575|20260813035615|956.92
1786564580|20260813035620|956.95
1786564595|20260813035635|956.96
1786564600|20260813035640|957.06
1786564605|20260813035645|957.03
1786564610|20260813035650|956.93
1786564615|20260813035655|956.93
1786564625|20260813035705|957.00
1786564630|20260813035710|956.95
1786564635|20260813035715|956.87
1786564640|20260813035720|956.88
1786564645|20260813035725|956.89
1786564655|20260813035735|956.83
1786564665|20260813035745|956.75
1786564670|20260813035750|956.74
1786564675|20260813035755|956.71
1786564685|20260813035805|956.74
1786564690|20260813035810|956.75
1786564695|20260813035815|956.74
1786564700|20260813035820|956.68
1786564705|20260813035825|956.70
1786564715|20260813035835|956.76
1786564720|20260813035840|956.77
1786564725|20260813035845|956.77
1786564730|20260813035850|956.81
1786564735|20260813035855|956.84
1786564745|20260813035905|956.86
1786564755|20260813035915|956.92
1786564760|20260813035920|956.90
1786564765|20260813035925|956.91
1786564810|20260813040010|957.12
1786564815|20260813040015|957.04
1786564825|20260813040025|957.12
1786564835|20260813040035|956.91
1786564840|20260813040040|956.73
1786564845|20260813040045|956.74
1786564850|20260813040050|956.77
1786564865|20260813040105|956.97
1786564880|20260813040120|956.94
1786564885|20260813040125|956.97
1786564895|20260813040135|956.95
1786564905|20260813040145|956.99
1786564915|20260813040155|956.98
1786564930|20260813040210|956.99
1786564945|20260813040225|956.96
1786564955|20260813040235|957.08
1786564960|20260813040240|957.05
1786564965|20260813040245|957.04
1786564985|20260813040305|957.08
1786564995|20260813040315|957.12
1786565000|20260813040320|957.14
1786565005|20260813040325|957.13
1786565015|20260813040335|957.09
1786565020|20260813040340|957.06
1786565025|20260813040345|957.06
1786565030|20260813040350|957.07
1786565045|20260813040405|956.74
1786565050|20260813040410|956.72
1786565055|20260813040415|956.70
1786565065|20260813040425|956.71
1786565105|20260813040505|956.65
1786565110|20260813040510|956.60
1786565115|20260813040515|956.74
1786565125|20260813040525|956.74
1786565135|20260813040535|956.79
1786565140|20260813040540|956.78
1786565145|20260813040545|956.79
1786565150|20260813040550|956.74
1786565155|20260813040555|956.72
1786565165|20260813040605|956.66
1786565170|20260813040610|956.70
1786565175|20260813040615|956.71
1786565180|20260813040620|956.74
1786565185|20260813040625|956.70
1786565195|20260813040635|956.71
1786565200|20260813040640|956.73
1786565205|20260813040645|956.73
1786565210|20260813040650|956.69
1786565215|20260813040655|956.70
1786565225|20260813040705|956.69
1786565235|20260813040715|956.71
1786565240|20260813040720|956.72
1786565245|20260813040725|956.73
1786565260|20260813040740|956.70
1786565265|20260813040745|956.78
1786565285|20260813040805|956.75
1786565290|20260813040810|956.74
1786565295|20260813040815|956.74
1786565300|20260813040820|956.74
1786565305|20260813040825|956.73
1786565315|20260813040835|956.58
1786565320|20260813040840|956.58
1786565325|20260813040845|956.64
1786565330|20260813040850|956.60
1786565335|20260813040855|956.59
1786565345|20260813040905|956.62
1786565355|20260813040915|956.62
1786565360|20260813040920|956.44
1786565365|20260813040925|956.44
1786565400|20260813041000|956.49
1786565405|20260813041005|956.49
1786565410|20260813041010|956.51
1786565415|20260813041015|956.50
1786565420|20260813041020|956.50
1786565425|20260813041025|956.48
1786565435|20260813041035|956.42
1786565440|20260813041040|956.47
1786565445|20260813041045|956.46
1786565450|20260813041050|956.48
1786565455|20260813041055|956.44
1786565465|20260813041105|956.45
1786565475|20260813041115|956.45
1786565480|20260813041120|956.47
1786565485|20260813041125|956.47
1786565500|20260813041140|956.47
1786565505|20260813041145|956.47
1786565510|20260813041150|956.41
1786565515|20260813041155|956.38
1786565525|20260813041205|956.36
1786565530|20260813041210|956.34
1786565535|20260813041215|956.36
1786565540|20260813041220|956.21
1786565545|20260813041225|956.23
1786565555|20260813041235|956.21
1786565560|20260813041240|956.10
1786565570|20260813041250|956.16
1786565575|20260813041255|956.14
1786565585|20260813041305|956.15
1786565590|20260813041310|956.15
1786565595|20260813041315|956.17
1786565600|20260813041320|956.13
1786565605|20260813041325|956.15
1786565615|20260813041335|956.11
1786565620|20260813041340|956.20
1786565625|20260813041345|956.15
1786565630|20260813041350|956.21
1786565635|20260813041355|956.21
1786565645|20260813041405|956.21
1786565650|20260813041410|956.19
1786565655|20260813041415|956.20
1786565660|20260813041420|956.21
1786565665|20260813041425|956.22
1786565680|20260813041440|956.23
1786565700|20260813041500|956.17
1786565705|20260813041505|956.09
1786565720|20260813041520|956.24
1786565725|20260813041525|956.30
1786565735|20260813041535|956.21
1786565745|20260813041545|956.28
1786565750|20260813041550|956.28
1786565755|20260813041555|956.27
1786565760|20260813041600|956.28
1786565765|20260813041605|956.28
1786565770|20260813041610|956.27
1786565775|20260813041615|956.30
1786565785|20260813041625|956.27
1786565795|20260813041635|956.28
1786565800|20260813041640|956.15
1786565805|20260813041645|956.08
1786565810|20260813041650|956.12
1786565815|20260813041655|956.11
1786565820|20260813041700|956.06
1786565825|20260813041705|956.06
1786565835|20260813041715|956.03
1786565855|20260813041735|956.04
1786565860|20260813041740|956.03
1786565865|20260813041745|956.03
1786565870|20260813041750|956.03
1786565875|20260813041755|956.02
1786565880|20260813041800|956.03
1786565885|20260813041805|956.05
1786565890|20260813041810|956.05
1786565895|20260813041815|955.93
1786565900|20260813041820|955.83
1786565915|20260813041835|955.89
1786565920|20260813041840|955.87
1786565925|20260813041845|955.88
1786565935|20260813041855|955.84
1786565940|20260813041900|955.84
1786565945|20260813041905|955.85
1786565955|20260813041915|955.76
1786565960|20260813041920|955.76
1786565965|20260813041925|955.77
1786565985|20260813041945|955.74
1786566005|20260813042005|955.74
1786566010|20260813042010|955.74
1786566015|20260813042015|955.74
1786566020|20260813042020|955.81
1786566025|20260813042025|955.79
1786566035|20260813042035|955.84
1786566045|20260813042045|955.79
1786566050|20260813042050|955.77
1786566065|20260813042105|955.76
1786566070|20260813042110|955.75
1786566075|20260813042115|955.75
1786566080|20260813042120|955.76
1786566095|20260813042135|955.63
1786566105|20260813042145|955.71
1786566110|20260813042150|955.73
1786566115|20260813042155|955.73
1786566120|20260813042200|955.73
1786566125|20260813042205|955.72
1786566130|20260813042210|955.74
1786566135|20260813042215|955.81
1786566145|20260813042225|955.73
1786566155|20260813042235|955.72
1786566160|20260813042240|955.71
1786566165|20260813042245|955.71
1786566170|20260813042250|955.73
1786566175|20260813042255|955.77
1786566190|20260813042310|955.74
1786566195|20260813042315|955.79
1786566205|20260813042325|955.73
1786566215|20260813042335|955.72
1786566220|20260813042340|955.74
1786566230|20260813042350|955.73
1786566235|20260813042355|955.74
1786566240|20260813042400|955.75
1786566245|20260813042405|955.75
1786566250|20260813042410|955.73
1786566255|20260813042415|955.73
1786566260|20260813042420|955.73
1786566265|20260813042425|955.74
1786566300|20260813042500|955.88
1786566305|20260813042505|955.90
1786566310|20260813042510|955.88
1786566315|20260813042515|955.89
1786566320|20260813042520|955.89
1786566325|20260813042525|955.87
1786566335|20260813042535|955.87
1786566340|20260813042540|955.93
1786566345|20260813042545|955.93
1786566350|20260813042550|955.92
1786566355|20260813042555|955.93
1786566365|20260813042605|955.93
1786566370|20260813042610|955.95
1786566375|20260813042615|955.93
1786566380|20260813042620|955.94
1786566385|20260813042625|955.95
1786566395|20260813042635|955.82
1786566400|20260813042640|955.75
1786566410|20260813042650|955.83
1786566415|20260813042655|955.82
1786566420|20260813042700|955.80
1786566425|20260813042705|955.76
1786566430|20260813042710|955.77
1786566435|20260813042715|955.74
1786566440|20260813042720|955.77
1786566445|20260813042725|955.74
1786566460|20260813042740|955.79
1786566465|20260813042745|955.76
1786566470|20260813042750|955.79
1786566475|20260813042755|955.82
1786566480|20260813042800|955.82
1786566490|20260813042810|955.81
1786566495|20260813042815|955.78
1786566500|20260813042820|955.80
1786566505|20260813042825|955.80
1786566515|20260813042835|955.77
1786566520|20260813042840|955.77
1786566525|20260813042845|955.78
1786566530|20260813042850|955.78
1786566535|20260813042855|955.86
1786566540|20260813042900|955.84
1786566545|20260813042905|956.03
1786566550|20260813042910|956.00
1786566555|20260813042915|956.01
1786566560|20260813042920|956.08
1786566565|20260813042925|955.92
1786566610|20260813043010|955.83
1786566615|20260813043015|955.82
1786566620|20260813043020|955.86
1786566625|20260813043025|955.79
1786566635|20260813043035|955.78
1786566640|20260813043040|955.78
1786566650|20260813043050|955.76
1786566655|20260813043055|955.79
1786566660|20260813043100|955.76
1786566665|20260813043105|955.76
1786566670|20260813043110|955.79
1786566675|20260813043115|955.81
1786566680|20260813043120|955.81
1786566700|20260813043140|955.83
1786566705|20260813043145|955.86
1786566715|20260813043155|955.81
1786566720|20260813043200|955.81
1786566725|20260813043205|955.79
1786566730|20260813043210|955.79
1786566735|20260813043215|955.80
1786566740|20260813043220|955.78
1786566745|20260813043225|955.78
1786566755|20260813043235|955.88
1786566760|20260813043240|955.85
1786566775|20260813043255|955.83
1786566785|20260813043305|955.80
1786566790|20260813043310|955.86
1786566795|20260813043315|955.85
1786566800|20260813043320|955.84
1786566805|20260813043325|955.87
1786566820|20260813043340|955.89
1786566825|20260813043345|955.81
1786566830|20260813043350|955.85
1786566840|20260813043400|955.85
1786566850|20260813043410|955.82
1786566855|20260813043415|955.81
1786566860|20260813043420|955.67
1786566865|20260813043425|955.68
1786566895|20260813043455|955.74
1786566900|20260813043500|955.70
1786566910|20260813043510|955.71
1786566915|20260813043515|955.70
1786566920|20260813043520|955.64
1786566925|20260813043525|955.64
1786566935|20260813043535|955.65
1786566940|20260813043540|955.69
1786566950|20260813043550|955.77
1786566955|20260813043555|955.77
1786566960|20260813043600|955.77
1786566965|20260813043605|955.82
1786566970|20260813043610|955.79
1786566975|20260813043615|955.79
1786566980|20260813043620|955.78
1786566985|20260813043625|955.78
1786566995|20260813043635|955.90
1786567000|20260813043640|955.77
1786567005|20260813043645|955.82
1786567010|20260813043650|955.79
1786567015|20260813043655|955.78
1786567020|20260813043700|955.83
1786567025|20260813043705|955.88
1786567035|20260813043715|955.94
1786567040|20260813043720|956.01
1786567045|20260813043725|956.05
1786567055|20260813043735|956.08
1786567060|20260813043740|956.00
1786567065|20260813043745|956.00
1786567070|20260813043750|955.98
1786567075|20260813043755|955.98
1786567080|20260813043800|955.98
1786567090|20260813043810|955.86
1786567095|20260813043815|955.87
1786567100|20260813043820|955.90
1786567105|20260813043825|955.97
1786567120|20260813043840|955.93
1786567125|20260813043845|955.97
1786567130|20260813043850|955.97
1786567135|20260813043855|956.00
1786567140|20260813043900|955.98
1786567145|20260813043905|955.95
1786567150|20260813043910|955.95
1786567155|20260813043915|955.96
1786567160|20260813043920|955.95
1786567165|20260813043925|955.93
1786567205|20260813044005|955.93
1786567210|20260813044010|955.89
1786567215|20260813044015|955.88
1786567220|20260813044020|955.92
1786567225|20260813044025|955.93
1786567235|20260813044035|955.87
1786567240|20260813044040|955.92
1786567260|20260813044100|956.06
1786567265|20260813044105|955.98
1786567270|20260813044110|955.97
1786567275|20260813044115|955.97
1786567280|20260813044120|955.97
1786567285|20260813044125|955.95
1786567295|20260813044135|955.98
1786567300|20260813044140|955.96
1786567305|20260813044145|955.90
1786567310|20260813044150|955.95
1786567315|20260813044155|955.92
1786567325|20260813044205|955.97
1786567330|20260813044210|955.87
1786567335|20260813044215|955.84
1786567340|20260813044220|955.77
1786567345|20260813044225|955.83
1786567365|20260813044245|955.83
1786567370|20260813044250|955.85
1786567375|20260813044255|955.85
1786567380|20260813044300|955.85
1786567390|20260813044310|955.84
1786567400|20260813044320|955.83
1786567405|20260813044325|955.83
1786567415|20260813044335|955.83
1786567420|20260813044340|955.79
1786567425|20260813044345|955.78
1786567430|20260813044350|955.82
1786567440|20260813044400|955.79
1786567445|20260813044405|955.81
1786567450|20260813044410|955.83
1786567455|20260813044415|955.82
1786567460|20260813044420|955.82
1786567465|20260813044425|955.81
1786567500|20260813044500|955.88
1786567505|20260813044505|955.83
1786567510|20260813044510|955.77
1786567515|20260813044515|955.77
1786567520|20260813044520|955.77
1786567525|20260813044525|955.74
1786567535|20260813044535|955.76
1786567540|20260813044540|955.75
1786567545|20260813044545|955.76
1786567550|20260813044550|955.79
1786567555|20260813044555|955.80
1786567565|20260813044605|955.68
1786567570|20260813044610|955.82
1786567575|20260813044615|955.81
1786567595|20260813044635|955.84
1786567600|20260813044640|955.82
1786567615|20260813044655|955.83
1786567620|20260813044700|955.83
1786567625|20260813044705|955.84
1786567630|20260813044710|955.86
1786567635|20260813044715|955.85
1786567640|20260813044720|955.88
1786567655|20260813044735|955.92
1786567685|20260813044805|955.73
1786567690|20260813044810|955.76
1786567695|20260813044815|955.76
1786567700|20260813044820|955.75
1786567715|20260813044835|955.81
1786567720|20260813044840|955.86
1786567725|20260813044845|955.85
1786567730|20260813044850|955.91
1786567735|20260813044855|955.91
1786567740|20260813044900|955.88
1786567745|20260813044905|955.93
1786567750|20260813044910|955.91
1786567755|20260813044915|955.90
1786567760|20260813044920|955.90
1786567765|20260813044925|955.95
1786567810|20260813045010|955.99
1786567815|20260813045015|956.09
1786567825|20260813045025|956.07
1786567845|20260813045045|955.99
1786567855|20260813045055|955.99
1786567875|20260813045115|955.95
1786567880|20260813045120|955.98
1786567885|20260813045125|955.97
1786567900|20260813045140|955.95
1786567905|20260813045145|955.93
1786567910|20260813045150|955.92
1786567920|20260813045200|955.88
1786567930|20260813045210|955.93
1786567935|20260813045215|955.98
1786567945|20260813045225|955.92
1786567955|20260813045235|955.90
1786567960|20260813045240|955.88
1786567970|20260813045250|955.89
1786567980|20260813045300|955.89
1786567985|20260813045305|955.94
1786567990|20260813045310|955.92
1786568000|20260813045320|955.90
1786568005|20260813045325|955.92
1786568015|20260813045335|955.83
1786568020|20260813045340|955.90
1786568025|20260813045345|955.88
1786568030|20260813045350|955.89
1786568035|20260813045355|955.89
1786568040|20260813045400|955.88
1786568055|20260813045415|955.78
1786568060|20260813045420|955.78
1786568100|20260813045500|955.79
1786568105|20260813045505|955.82
1786568110|20260813045510|955.85
1786568120|20260813045520|955.85
1786568135|20260813045535|955.94
1786568140|20260813045540|956.00
1786568145|20260813045545|956.02
1786568155|20260813045555|955.91
1786568165|20260813045605|955.88
1786568170|20260813045610|955.83
1786568180|20260813045620|955.82
1786568185|20260813045625|955.92
1786568195|20260813045635|955.87
1786568200|20260813045640|955.92
1786568205|20260813045645|955.90
1786568210|20260813045650|955.89
1786568215|20260813045655|955.85
1786568220|20260813045700|955.86
1786568230|20260813045710|955.83
1786568235|20260813045715|955.86
1786568240|20260813045720|955.87
1786568245|20260813045725|955.87
1786568255|20260813045735|955.91
1786568260|20260813045740|955.90
1786568265|20260813045745|955.91
1786568270|20260813045750|955.92
1786568275|20260813045755|956.07
1786568280|20260813045800|956.09
1786568285|20260813045805|956.07
1786568290|20260813045810|956.05
1786568295|20260813045815|956.05
1786568300|20260813045820|956.08
1786568305|20260813045825|956.07
1786568315|20260813045835|956.05
1786568320|20260813045840|956.06
1786568325|20260813045845|956.04
1786568340|20260813045900|956.02
1786568345|20260813045905|956.02
1786568360|20260813045920|956.05
1786572015|20260813060015|956.17
1786572020|20260813060020|956.15
1786572025|20260813060025|956.14
1786572035|20260813060035|956.09
1786572040|20260813060040|955.83
1786572055|20260813060055|956.23
1786572065|20260813060105|956.38
1786572070|20260813060110|956.41
1786572075|20260813060115|956.21
1786572080|20260813060120|956.22
1786572085|20260813060125|956.05
1786572095|20260813060135|956.07
1786572100|20260813060140|956.21
1786572110|20260813060150|956.14
1786572115|20260813060155|955.97
1786572140|20260813060220|956.13
1786572145|20260813060225|956.17
1786572155|20260813060235|956.08
1786572160|20260813060240|956.08
1786572185|20260813060305|956.02
1786572205|20260813060325|955.92
1786572220|20260813060340|955.81
1786572225|20260813060345|955.91
1786572230|20260813060350|955.61
1786572235|20260813060355|955.60
1786572240|20260813060400|955.56
1786572245|20260813060405|955.58
1786572250|20260813060410|955.48
1786572260|20260813060420|955.43
1786572300|20260813060500|955.41
1786572315|20260813060515|955.12
1786572325|20260813060525|955.19
1786572335|20260813060535|955.18
1786572340|20260813060540|955.23
1786572350|20260813060550|955.19
1786572360|20260813060600|954.92
1786572365|20260813060605|955.00
1786572375|20260813060615|954.96
1786572380|20260813060620|955.00
1786572395|20260813060635|955.09
1786572400|20260813060640|955.14
1786572405|20260813060645|955.06
1786572410|20260813060650|954.98
1786572420|20260813060700|954.96
1786572425|20260813060705|955.05
1786572430|20260813060710|955.13
1786572435|20260813060715|955.12
1786572440|20260813060720|955.12
1786572445|20260813060725|955.12
1786572455|20260813060735|955.15
1786572460|20260813060740|955.17
1786572465|20260813060745|955.15
1786572475|20260813060755|955.03
1786572485|20260813060805|955.09
1786572495|20260813060815|955.08
1786572515|20260813060835|955.01
1786572520|20260813060840|955.04
1786572525|20260813060845|955.04
1786572530|20260813060850|955.04
1786572535|20260813060855|955.05
1786572545|20260813060905|955.04
1786572550|20260813060910|955.02
1786572555|20260813060915|955.04
1786572560|20260813060920|955.09
1786572605|20260813061005|955.00
1786572620|20260813061020|955.01
1786572625|20260813061025|955.06
1786572645|20260813061045|954.98
1786572650|20260813061050|955.01
1786572655|20260813061055|954.97
1786572660|20260813061100|954.99
1786572665|20260813061105|955.04
1786572685|20260813061125|955.01
1786572700|20260813061140|955.00
1786572705|20260813061145|954.99
1786572715|20260813061155|955.06
1786572720|20260813061200|955.03
1786572725|20260813061205|955.03
1786572730|20260813061210|954.99
1786572735|20260813061215|955.00
1786572740|20260813061220|955.03
1786572765|20260813061245|954.77
1786572770|20260813061250|954.77
1786572775|20260813061255|954.88
1786572780|20260813061300|954.95
1786572790|20260813061310|954.86
1786572805|20260813061325|954.90
1786572815|20260813061335|954.90
1786572820|20260813061340|954.90
1786572825|20260813061345|954.86
1786572830|20260813061350|954.86
1786572835|20260813061355|954.86
1786572840|20260813061400|954.85
1786572845|20260813061405|954.84
1786572850|20260813061410|954.85
1786572855|20260813061415|954.90
1786572860|20260813061420|954.72
1786572865|20260813061425|954.84
1786572880|20260813061440|954.87
1786572900|20260813061500|954.88
1786572905|20260813061505|954.83
1786572910|20260813061510|954.80
1786572915|20260813061515|954.80
1786572920|20260813061520|954.64
1786572935|20260813061535|954.60
1786572940|20260813061540|954.64
1786572945|20260813061545|954.60
1786572950|20260813061550|954.63
1786572955|20260813061555|954.62
1786572965|20260813061605|954.60
1786572970|20260813061610|954.58
1786572975|20260813061615|954.58
1786572980|20260813061620|954.55
1786572995|20260813061635|954.64
1786573000|20260813061640|954.66
1786573010|20260813061650|954.65
1786573015|20260813061655|954.71
1786573030|20260813061710|954.76
1786573045|20260813061725|954.66
1786573055|20260813061735|954.65
1786573060|20260813061740|954.58
1786573065|20260813061745|954.59
1786573070|20260813061750|954.58
1786573075|20260813061755|954.58
1786573085|20260813061805|954.58
1786573090|20260813061810|954.57
1786573095|20260813061815|954.58
1786573100|20260813061820|954.60
1786573105|20260813061825|954.64
1786573115|20260813061835|954.62
1786573120|20260813061840|954.68
1786573125|20260813061845|954.68
1786573130|20260813061850|954.74
1786573135|20260813061855|954.71
1786573150|20260813061910|954.72
1786573160|20260813061920|954.72
1786573165|20260813061925|954.71
1786573200|20260813062000|954.67
1786573205|20260813062005|954.67
1786573210|20260813062010|954.65
1786573220|20260813062020|954.64
1786573225|20260813062025|954.63
1786573235|20260813062035|954.63
1786573240|20260813062040|954.64
1786573245|20260813062045|954.62
1786573250|20260813062050|954.62
1786573255|20260813062055|954.62
1786573260|20260813062100|954.62
1786573265|20260813062105|954.60
1786573270|20260813062110|954.59
1786573275|20260813062115|954.59
1786573280|20260813062120|954.59
1786573285|20260813062125|954.59
1786573295|20260813062135|954.59
1786573300|20260813062140|954.59
1786573305|20260813062145|954.60
1786573310|20260813062150|954.57
1786573315|20260813062155|954.55
1786573325|20260813062205|954.61
1786573330|20260813062210|954.63
1786573335|20260813062215|954.59
1786573340|20260813062220|954.60
1786573345|20260813062225|954.63
1786573355|20260813062235|954.62
1786573360|20260813062240|954.63
1786573365|20260813062245|954.64
1786573370|20260813062250|954.61
1786573375|20260813062255|954.67
1786573380|20260813062300|954.67
1786573385|20260813062305|954.70
1786573390|20260813062310|954.66
1786573400|20260813062320|954.67
1786573420|20260813062340|954.78
1786573425|20260813062345|954.79
1786573430|20260813062350|954.63
1786573435|20260813062355|954.70
1786573445|20260813062405|954.65
1786573460|20260813062420|954.64
1786573465|20260813062425|954.62
1786573515|20260813062515|954.68
1786573520|20260813062520|954.74
1786573535|20260813062535|954.80
1786573540|20260813062540|954.79
1786573545|20260813062545|954.78
1786573550|20260813062550|954.78
1786573555|20260813062555|954.80
1786573565|20260813062605|954.58
1786573570|20260813062610|954.60
1786573575|20260813062615|954.55
1786573580|20260813062620|954.31
1786573585|20260813062625|954.24
1786573595|20260813062635|954.05
1786573600|20260813062640|953.96
1786573615|20260813062655|953.99
1786573625|20260813062705|953.93
1786573630|20260813062710|954.01
1786573635|20260813062715|954.01
1786573640|20260813062720|954.00
1786573645|20260813062725|954.00
1786573655|20260813062735|954.06
1786573660|20260813062740|953.91
1786573665|20260813062745|953.85
1786573670|20260813062750|953.84
1786573675|20260813062755|953.95
1786573680|20260813062800|953.86
1786573685|20260813062805|953.85
1786573690|20260813062810|953.85
1786573695|20260813062815|953.98
1786573700|20260813062820|954.00
1786573705|20260813062825|954.01
1786573715|20260813062835|954.06
1786573720|20260813062840|954.05
1786573725|20260813062845|954.06
1786573730|20260813062850|954.12
1786573735|20260813062855|954.11
1786573745|20260813062905|954.14
1786573750|20260813062910|954.14
1786573755|20260813062915|954.13
1786573760|20260813062920|954.14
1786573765|20260813062925|954.16
1786573800|20260813063000|954.03
1786573805|20260813063005|954.02
1786573810|20260813063010|954.06
1786573815|20260813063015|954.15
1786573820|20260813063020|954.25
1786573825|20260813063025|954.33
1786573840|20260813063040|954.28
1786573845|20260813063045|954.30
1786573850|20260813063050|954.36
1786573855|20260813063055|954.41
1786573865|20260813063105|954.33
1786573870|20260813063110|954.37
1786573885|20260813063125|954.37
1786573895|20260813063135|954.38
1786573900|20260813063140|954.40
1786573905|20260813063145|954.43
1786573910|20260813063150|954.41
1786573915|20260813063155|954.44
1786573925|20260813063205|954.50
1786573930|20260813063210|954.52
1786573935|20260813063215|954.56
1786573940|20260813063220|954.49
1786573945|20260813063225|954.49
1786573955|20260813063235|954.45
1786573965|20260813063245|954.44
1786573970|20260813063250|954.45
1786573975|20260813063255|954.45
1786573985|20260813063305|954.46
1786573990|20260813063310|954.46
1786573995|20260813063315|954.45
1786574000|20260813063320|954.46
1786574005|20260813063325|954.45
1786574015|20260813063335|954.48
1786574020|20260813063340|954.42
1786574025|20260813063345|954.32
1786574035|20260813063355|954.33
1786574045|20260813063405|954.32
1786574050|20260813063410|954.34
1786574055|20260813063415|954.34
1786574110|20260813063510|954.29
1786574115|20260813063515|954.38
1786574120|20260813063520|954.36
1786574125|20260813063525|954.38
1786574135|20260813063535|954.18
1786574140|20260813063540|954.16
1786574150|20260813063550|954.08
1786574165|20260813063605|954.02
1786574170|20260813063610|954.03
1786574175|20260813063615|954.03
1786574180|20260813063620|954.04
1786574185|20260813063625|954.04
1786574200|20260813063640|953.98
1786574205|20260813063645|953.94
1786574210|20260813063650|953.93
1786574225|20260813063705|954.03
1786574230|20260813063710|954.03
1786574235|20260813063715|954.00
1786574245|20260813063725|953.99
1786574255|20260813063735|954.03
1786574260|20260813063740|954.03
1786574265|20260813063745|954.06
1786574270|20260813063750|954.06
1786574275|20260813063755|954.07
1786574280|20260813063800|954.08
1786574285|20260813063805|954.11
1786574290|20260813063810|954.16
1786574295|20260813063815|954.15
1786574300|20260813063820|954.16
1786574305|20260813063825|954.02
1786574315|20260813063835|954.03
1786574320|20260813063840|954.03
1786574325|20260813063845|954.01
1786574335|20260813063855|954.00
1786574345|20260813063905|953.98
1786574350|20260813063910|954.00
1786574355|20260813063915|954.02
1786574360|20260813063920|953.99
1786574365|20260813063925|954.03
1786574400|20260813064000|954.10
1786574405|20260813064005|954.05
1786574410|20260813064010|954.06
1786574420|20260813064020|954.12
1786574425|20260813064025|954.12
1786574435|20260813064035|954.11
1786574440|20260813064040|954.15
1786574445|20260813064045|954.15
1786574450|20260813064050|954.19
1786574455|20260813064055|954.19
1786574465|20260813064105|954.19
1786574470|20260813064110|954.21
1786574475|20260813064115|954.21
1786574480|20260813064120|954.19
1786574485|20260813064125|954.21
1786574495|20260813064135|954.19
1786574500|20260813064140|954.22
1786574510|20260813064150|954.21
1786574515|20260813064155|954.19
1786574525|20260813064205|954.21
1786574530|20260813064210|954.22
1786574535|20260813064215|954.22
1786574540|20260813064220|954.23
1786574555|20260813064235|954.22
1786574560|20260813064240|954.23
1786574565|20260813064245|954.23
1786574575|20260813064255|954.23
1786574585|20260813064305|954.20
1786574590|20260813064310|954.22
1786574595|20260813064315|954.27
1786574600|20260813064320|954.22
1786574605|20260813064325|954.21
1786574635|20260813064355|954.23
1786574645|20260813064405|954.19
1786574655|20260813064415|954.22
1786574660|20260813064420|954.19
1786574665|20260813064425|954.19
1786574675|20260813064435|954.23
1786574705|20260813064505|954.14
1786574715|20260813064515|954.17
1786574720|20260813064520|954.16
1786574745|20260813064545|954.29
1786574750|20260813064550|954.27
1786574755|20260813064555|954.23
1786574765|20260813064605|954.29
1786574770|20260813064610|954.29
1786574780|20260813064620|954.30
1786574800|20260813064640|954.37
1786574805|20260813064645|954.43
1786574815|20260813064655|954.42
1786574825|20260813064705|954.41
1786574830|20260813064710|954.41
1786574835|20260813064715|954.41
1786574840|20260813064720|954.34
1786574845|20260813064725|954.33
1786574865|20260813064745|954.29
1786574870|20260813064750|954.30
1786574875|20260813064755|954.29
1786574885|20260813064805|954.29
1786574890|20260813064810|954.28
1786574895|20260813064815|954.28
1786574900|20260813064820|954.26
1786574905|20260813064825|954.25
1786574915|20260813064835|954.26
1786574925|20260813064845|954.43
1786574930|20260813064850|954.43
1786574935|20260813064855|954.37
1786574950|20260813064910|954.38
1786574955|20260813064915|954.40
1786574960|20260813064920|954.35
1786575000|20260813065000|954.28
1786575005|20260813065005|954.33
1786575010|20260813065010|954.31
1786575015|20260813065015|954.32
1786575020|20260813065020|954.37
1786575025|20260813065025|954.37
1786575035|20260813065035|954.37
1786575040|20260813065040|954.37
1786575045|20260813065045|954.37
1786575050|20260813065050|954.36
1786575055|20260813065055|954.37
1786575065|20260813065105|954.36
1786575070|20260813065110|954.35
1786575075|20260813065115|954.34
1786575080|20260813065120|954.35
1786575085|20260813065125|954.35
1786575095|20260813065135|954.36
1786575100|20260813065140|954.36
1786575105|20260813065145|954.36
1786575110|20260813065150|954.38
1786575115|20260813065155|954.40
1786575125|20260813065205|954.40
1786575130|20260813065210|954.44
1786575135|20260813065215|954.45
1786575145|20260813065225|954.49
1786575155|20260813065235|954.47
1786575160|20260813065240|954.47
1786575165|20260813065245|954.48
1786575170|20260813065250|954.48
1786575175|20260813065255|954.49
1786575185|20260813065305|954.52
1786575190|20260813065310|954.56
1786575195|20260813065315|954.59
1786575200|20260813065320|954.59
1786575205|20260813065325|954.56
1786575215|20260813065335|954.58
1786575225|20260813065345|954.57
1786575235|20260813065355|954.59
1786575245|20260813065405|954.53
1786575250|20260813065410|954.52
1786575255|20260813065415|954.54
1786575260|20260813065420|954.52
1786575300|20260813065500|954.60
1786575320|20260813065520|954.61
1786575325|20260813065525|954.62
1786575340|20260813065540|954.62
1786575345|20260813065545|954.62
1786575355|20260813065555|954.64
1786575360|20260813065600|954.65
1786575365|20260813065605|954.63
1786575370|20260813065610|954.60
1786575375|20260813065615|954.63
1786575380|20260813065620|954.64
1786575385|20260813065625|954.67
1786575400|20260813065640|954.65
1786575405|20260813065645|954.62
1786575410|20260813065650|954.63
1786575415|20260813065655|954.63
1786575420|20260813065700|954.63
1786575425|20260813065705|954.62
1786575430|20260813065710|954.65
1786575435|20260813065715|954.67
1786575440|20260813065720|954.68
1786575445|20260813065725|954.68
1786575455|20260813065735|954.68
1786575460|20260813065740|954.66
1786575465|20260813065745|954.68
1786575470|20260813065750|954.68
1786575475|20260813065755|954.81
1786575480|20260813065800|954.73
1786575485|20260813065805|954.68
1786575490|20260813065810|954.71
1786575495|20260813065815|954.69
1786575500|20260813065820|954.68
1786575505|20260813065825|954.56
1786575515|20260813065835|954.55
1786575525|20260813065845|954.56
1786575530|20260813065850|954.59
1786575535|20260813065855|954.61
1786575540|20260813065900|954.66
1786575545|20260813065905|954.63
1786575550|20260813065910|954.63
1786575555|20260813065915|954.66
1786575560|20260813065920|954.64
1786575565|20260813065925|954.63
1786575610|20260813070010|954.56
1786575625|20260813070025|954.64
1786575640|20260813070040|954.81
1786575645|20260813070045|954.83
1786575650|20260813070050|954.84
1786575655|20260813070055|954.84
1786575660|20260813070100|954.80
1786575675|20260813070115|954.71
1786575680|20260813070120|954.80
1786575685|20260813070125|954.81
1786575695|20260813070135|954.79
1786575700|20260813070140|954.78
1786575705|20260813070145|954.84
1786575710|20260813070150|954.84
1786575715|20260813070155|954.86
1786575720|20260813070200|954.81
1786575725|20260813070205|954.85
1786575730|20260813070210|954.83
1786575735|20260813070215|954.85
1786575765|20260813070245|954.89
1786575770|20260813070250|954.90
1786575775|20260813070255|954.92
1786575785|20260813070305|954.90
1786575790|20260813070310|954.93
1786575795|20260813070315|954.95
1786575800|20260813070320|954.94
1786575805|20260813070325|954.97
1786575815|20260813070335|954.98
1786575825|20260813070345|955.01
1786575835|20260813070355|954.99
1786575840|20260813070400|954.99
1786575845|20260813070405|955.01
1786575850|20260813070410|955.04
1786575855|20260813070415|955.06
1786575860|20260813070420|955.05
1786575865|20260813070425|955.11
1786575905|20260813070505|954.90
1786575915|20260813070515|954.90
1786575920|20260813070520|954.88
1786575940|20260813070540|954.88
1786575965|20260813070605|954.89
1786575970|20260813070610|954.94
1786575975|20260813070615|954.94
1786575980|20260813070620|954.97
1786575995|20260813070635|955.01
1786576010|20260813070650|955.09
1786576015|20260813070655|955.08
1786576030|20260813070710|955.09
1786576040|20260813070720|955.11
1786576055|20260813070735|955.14
1786576060|20260813070740|955.09
1786576065|20260813070745|955.11
1786576070|20260813070750|955.13
1786576075|20260813070755|955.14
1786576085|20260813070805|955.12
1786576090|20260813070810|955.12
1786576095|20260813070815|955.11
1786576100|20260813070820|955.11
1786576115|20260813070835|955.11
1786576120|20260813070840|955.20
1786576125|20260813070845|955.19
1786576130|20260813070850|955.20
1786576135|20260813070855|955.18
1786576145|20260813070905|955.19
1786576150|20260813070910|955.19
1786576155|20260813070915|955.25
1786576160|20260813070920|955.33
1786576165|20260813070925|955.30
1786576200|20260813071000|955.33
1786576205|20260813071005|955.44
1786576210|20260813071010|955.35
1786576215|20260813071015|955.45
1786576220|20260813071020|955.43
1786576225|20260813071025|955.45
1786576235|20260813071035|955.38
1786576240|20260813071040|955.41
1786576245|20260813071045|955.27
1786576250|20260813071050|955.32
1786576255|20260813071055|955.34
1786576265|20260813071105|955.35
1786576270|20260813071110|955.33
1786576275|20260813071115|955.34
1786576280|20260813071120|955.35
1786576285|20260813071125|955.35
1786576295|20260813071135|955.39
1786576300|20260813071140|955.37
1786576305|20260813071145|955.39
1786576310|20260813071150|955.40
1786576315|20260813071155|955.39
1786576325|20260813071205|955.37
1786576330|20260813071210|955.37
1786576335|20260813071215|955.39
1786576345|20260813071225|955.44
1786576355|20260813071235|955.47
1786576360|20260813071240|955.38
1786576365|20260813071245|955.43
1786576370|20260813071250|955.43
1786576375|20260813071255|955.43
1786576380|20260813071300|955.42
1786576385|20260813071305|955.41
1786576390|20260813071310|955.45
1786576395|20260813071315|955.45
1786576400|20260813071320|955.45
1786576405|20260813071325|955.47
1786576415|20260813071335|955.46
1786576420|20260813071340|955.42
1786576425|20260813071345|955.40
1786576435|20260813071355|955.42
1786576445|20260813071405|955.41
1786576450|20260813071410|955.40
1786576455|20260813071415|955.40
1786576460|20260813071420|955.40
1786576465|20260813071425|955.39
1786576500|20260813071500|955.39
1786576505|20260813071505|955.41
1786576510|20260813071510|955.41
1786576515|20260813071515|955.41
1786576520|20260813071520|955.43
1786576525|20260813071525|955.44
1786576535|20260813071535|955.44
1786576540|20260813071540|955.44
1786576545|20260813071545|955.45
1786576550|20260813071550|955.46
1786576555|20260813071555|955.45
1786576560|20260813071600|955.41
1786576570|20260813071610|955.44
1786576575|20260813071615|955.44
1786576580|20260813071620|955.45
1786576595|20260813071635|955.67
1786576600|20260813071640|955.74
1786576610|20260813071650|955.73
1786576615|20260813071655|955.83
1786576620|20260813071700|955.81
1786576625|20260813071705|955.78
1786576630|20260813071710|955.75
1786576635|20260813071715|955.71
1786576640|20260813071720|955.72
1786576655|20260813071735|955.71
1786576660|20260813071740|955.71
1786576665|20260813071745|955.73
1786576670|20260813071750|955.72
1786576680|20260813071800|955.73
1786576685|20260813071805|955.74
1786576690|20260813071810|955.72
1786576695|20260813071815|955.71
1786576700|20260813071820|955.74
1786576705|20260813071825|955.75
1786576715|20260813071835|955.88
1786576720|20260813071840|955.84
1786576725|20260813071845|955.86
1786576730|20260813071850|955.86
1786576750|20260813071910|955.83
1786576755|20260813071915|955.84
1786576765|20260813071925|955.84
1786576805|20260813072005|955.78
1786576810|20260813072010|955.83
1786576815|20260813072015|955.82
1786576820|20260813072020|955.82
1786576835|20260813072035|955.86
1786576840|20260813072040|955.85
1786576845|20260813072045|955.82
1786576850|20260813072050|955.89
1786576870|20260813072110|955.90
1786576875|20260813072115|955.91
1786576880|20260813072120|955.89
1786576885|20260813072125|955.89
1786576905|20260813072145|955.84
1786576915|20260813072155|955.80
1786576930|20260813072210|955.79
1786576935|20260813072215|955.79
1786576940|20260813072220|955.80
1786576945|20260813072225|955.80
1786576955|20260813072235|955.86
1786576960|20260813072240|955.89
1786576965|20260813072245|955.87
1786576970|20260813072250|955.87
1786576975|20260813072255|955.86
1786576980|20260813072300|955.86
1786576985|20260813072305|955.87
1786576990|20260813072310|955.87
1786576995|20260813072315|955.89
1786577000|20260813072320|955.91
1786577005|20260813072325|955.97
1786577015|20260813072335|955.93
1786577040|20260813072400|955.93
1786577045|20260813072405|955.95
1786577050|20260813072410|955.94
1786577055|20260813072415|955.92
1786577060|20260813072420|955.93
1786577065|20260813072425|955.94
1786577080|20260813072440|955.96
1786577105|20260813072505|956.06
1786577110|20260813072510|956.08
1786577120|20260813072520|956.11
1786577125|20260813072525|956.08
1786577135|20260813072535|956.26
1786577140|20260813072540|956.22
1786577145|20260813072545|956.04
1786577150|20260813072550|956.05
1786577165|20260813072605|955.99
1786577170|20260813072610|955.84
1786577175|20260813072615|956.02
1786577180|20260813072620|955.97
1786577195|20260813072635|955.96
1786577200|20260813072640|955.94
1786577205|20260813072645|955.98
1786577210|20260813072650|955.99
1786577225|20260813072705|956.11
1786577230|20260813072710|956.14
1786577235|20260813072715|956.19
1786577245|20260813072725|956.26
1786577260|20260813072740|956.21
1786577270|20260813072750|956.24
1786577275|20260813072755|956.24
1786577295|20260813072815|956.13
1786577300|20260813072820|956.16
1786577305|20260813072825|956.15
1786577325|20260813072845|956.23
1786577330|20260813072850|956.26
1786577350|20260813072910|956.16
1786577355|20260813072915|956.15
1786577360|20260813072920|956.04
1786577365|20260813072925|956.07
1786577400|20260813073000|955.95
1786577405|20260813073005|955.98
1786577410|20260813073010|955.98
1786577415|20260813073015|956.12
1786577420|20260813073020|956.13
1786577425|20260813073025|956.12
1786577435|20260813073035|956.11
1786577440|20260813073040|956.09
1786577445|20260813073045|956.11
1786577450|20260813073050|956.10
1786577455|20260813073055|956.12
1786577465|20260813073105|956.13
1786577470|20260813073110|956.12
1786577475|20260813073115|956.11
1786577480|20260813073120|956.08
1786577485|20260813073125|956.08
1786577495|20260813073135|956.09
1786577500|20260813073140|956.07
1786577505|20260813073145|956.12
1786577515|20260813073155|956.11
1786577535|20260813073215|956.08
1786577540|20260813073220|956.07
1786577555|20260813073235|956.06
1786577560|20260813073240|956.06
1786577565|20260813073245|956.00
1786577570|20260813073250|956.01
1786577575|20260813073255|956.02
1786577590|20260813073310|956.02
1786577595|20260813073315|956.03
1786577600|20260813073320|955.99
1786577605|20260813073325|956.06
1786577615|20260813073335|956.26
1786577625|20260813073345|956.28
1786577635|20260813073355|956.38
1786577645|20260813073405|956.41
1786577655|20260813073415|956.39
1786577665|20260813073425|956.29
1786577700|20260813073500|956.07
1786577710|20260813073510|956.07
1786577715|20260813073515|956.05
1786577720|20260813073520|956.06
1786577725|20260813073525|956.07
1786577735|20260813073535|956.11
1786577740|20260813073540|956.09
1786577745|20260813073545|956.11
1786577750|20260813073550|956.14
1786577755|20260813073555|956.14
1786577760|20260813073600|956.13
1786577765|20260813073605|956.12
1786577770|20260813073610|956.19
1786577775|20260813073615|956.21
1786577780|20260813073620|956.22
1786577785|20260813073625|956.20
1786577800|20260813073640|956.15
1786577805|20260813073645|956.09
1786577810|20260813073650|956.04
1786577815|20260813073655|956.04
1786577825|20260813073705|956.04
1786577830|20260813073710|956.06
1786577835|20260813073715|956.10
1786577840|20260813073720|956.10
1786577855|20260813073735|956.06
1786577860|20260813073740|956.06
1786577865|20260813073745|956.07
1786577875|20260813073755|956.06
1786577885|20260813073805|955.98
1786577890|20260813073810|955.95
1786577895|20260813073815|955.95
1786577900|20260813073820|955.94
1786577920|20260813073840|955.92
1786577930|20260813073850|955.95
1786577935|20260813073855|955.93
1786577940|20260813073900|955.93
1786577945|20260813073905|955.93
1786577950|20260813073910|955.93
1786577955|20260813073915|955.90
1786577960|20260813073920|955.93
1786577965|20260813073925|955.91
1786578005|20260813074005|955.94
1786578010|20260813074010|955.93
1786578015|20260813074015|955.93
1786578020|20260813074020|955.94
1786578025|20260813074025|955.93
1786578040|20260813074040|955.85
1786578045|20260813074045|955.82
1786578055|20260813074055|955.81
1786578060|20260813074100|955.85
1786578070|20260813074110|955.85
1786578080|20260813074120|955.84
1786578085|20260813074125|955.78
1786578095|20260813074135|955.79
1786578100|20260813074140|955.81
1786578105|20260813074145|955.85
1786578110|20260813074150|955.84
1786578115|20260813074155|955.84
1786578120|20260813074200|955.84
1786578125|20260813074205|955.83
1786578135|20260813074215|955.81
1786578140|20260813074220|955.83
1786578145|20260813074225|955.92
1786578155|20260813074235|956.01
1786578160|20260813074240|956.02
1786578165|20260813074245|955.96
1786578175|20260813074255|955.94
1786578185|20260813074305|955.93
1786578190|20260813074310|956.07
1786578200|20260813074320|956.10
1786578205|20260813074325|956.07
1786578215|20260813074335|956.11
1786578220|20260813074340|956.12
1786578225|20260813074345|956.11
1786578230|20260813074350|956.10
1786578235|20260813074355|956.12
1786578245|20260813074405|956.11
1786578250|20260813074410|956.11
1786578255|20260813074415|956.09
1786578310|20260813074510|956.20
1786578315|20260813074515|956.25
1786578320|20260813074520|956.21
1786578325|20260813074525|956.21
1786578335|20260813074535|956.22
1786578340|20260813074540|956.24
1786578345|20260813074545|956.26
1786578350|20260813074550|956.27
1786578370|20260813074610|956.29
1786578375|20260813074615|956.33
1786578380|20260813074620|956.30
1786578385|20260813074625|956.30
1786578395|20260813074635|956.31
1786578400|20260813074640|956.29
1786578405|20260813074645|956.27
1786578410|20260813074650|956.30
1786578415|20260813074655|956.31
1786578425|20260813074705|956.24
1786578430|20260813074710|956.11
1786578440|20260813074720|956.16
1786578460|20260813074740|956.22
1786578465|20260813074745|956.15
1786578470|20260813074750|956.19
1786578475|20260813074755|956.21
1786578485|20260813074805|956.23
1786578495|20260813074815|956.15
1786578500|20260813074820|956.16
1786578505|20260813074825|956.13
1786578515|20260813074835|956.03
1786578520|20260813074840|956.02
1786578525|20260813074845|956.05
1786578530|20260813074850|956.05
1786578545|20260813074905|956.09
1786578555|20260813074915|956.01
1786578565|20260813074925|956.00
1786578600|20260813075000|956.04
1786578605|20260813075005|955.92
1786578610|20260813075010|955.94
1786578615|20260813075015|955.96
1786578620|20260813075020|955.91
1786578625|20260813075025|955.90
1786578640|20260813075040|956.09
1786578645|20260813075045|956.06
1786578650|20260813075050|956.06
1786578655|20260813075055|956.06
1786578665|20260813075105|956.01
1786578670|20260813075110|956.03
1786578675|20260813075115|956.03
1786578680|20260813075120|956.08
1786578685|20260813075125|956.02
1786578700|20260813075140|956.02
1786578705|20260813075145|956.01
1786578715|20260813075155|955.97
1786578725|20260813075205|955.93
1786578735|20260813075215|956.00
1786578740|20260813075220|955.99
1786578745|20260813075225|956.04
1786578755|20260813075235|956.07
1786578760|20260813075240|956.09
1786578765|20260813075245|956.07
1786578770|20260813075250|956.08
1786578785|20260813075305|956.19
1786578790|20260813075310|956.22
1786578795|20260813075315|956.24
1786578800|20260813075320|956.28
1786578805|20260813075325|956.31
1786578820|20260813075340|956.25
1786578825|20260813075345|956.33
1786578830|20260813075350|956.31
1786578835|20260813075355|956.36
1786578845|20260813075405|956.36
1786578850|20260813075410|956.38
1786578855|20260813075415|956.39
1786578860|20260813075420|956.45
1786578865|20260813075425|956.45
1786578900|20260813075500|956.57
1786578905|20260813075505|956.65
1786578915|20260813075515|956.51
1786578920|20260813075520|956.55
1786578935|20260813075535|956.58
1786578940|20260813075540|956.58
1786578945|20260813075545|956.61
1786578950|20260813075550|956.60
1786578955|20260813075555|956.56
1786578960|20260813075600|956.61
1786578970|20260813075610|956.61
1786578975|20260813075615|956.61
1786578980|20260813075620|956.72
1786578985|20260813075625|956.70
1786579005|20260813075645|956.62
1786579020|20260813075700|956.60
1786579025|20260813075705|956.64
1786579030|20260813075710|956.66
1786579035|20260813075715|956.68
1786579040|20260813075720|956.65
1786579045|20260813075725|956.63
1786579055|20260813075735|956.73
1786579060|20260813075740|956.72
1786579065|20260813075745|956.73
1786579070|20260813075750|956.70
1786579075|20260813075755|956.71
1786579080|20260813075800|956.71
1786579090|20260813075810|956.65
1786579095|20260813075815|956.70
1786579100|20260813075820|956.69
1786579115|20260813075835|956.70
1786579120|20260813075840|956.72
1786579125|20260813075845|956.71
1786579130|20260813075850|956.80
1786579135|20260813075855|956.91
1786579140|20260813075900|956.88
1786579145|20260813075905|956.88
1786579150|20260813075910|956.92
1786579155|20260813075915|956.85
1786579165|20260813075925|957.00
1786579210|20260813080010|957.22
1786579215|20260813080015|957.03
1786579225|20260813080025|957.14
1786579235|20260813080035|957.27
1786579240|20260813080040|957.42
1786579245|20260813080045|957.39
1786579250|20260813080050|957.51
1786579255|20260813080055|957.50
1786579265|20260813080105|957.48
1786579270|20260813080110|957.51
1786579275|20260813080115|957.51
1786579285|20260813080125|957.63
1786579295|20260813080135|957.88
1786579300|20260813080140|957.92
1786579305|20260813080145|957.68
1786579315|20260813080155|957.64
1786579325|20260813080205|957.77
1786579330|20260813080210|957.88
1786579335|20260813080215|957.84
1786579340|20260813080220|957.84
1786579345|20260813080225|957.99
1786579355|20260813080235|958.03
1786579360|20260813080240|957.92
1786579365|20260813080245|957.96
1786579370|20260813080250|957.99
1786579380|20260813080300|957.99
1786579390|20260813080310|958.32
1786579395|20260813080315|958.39
1786579400|20260813080320|958.35
1786579420|20260813080340|958.25
1786579430|20260813080350|958.15
1786579435|20260813080355|958.06
1786579440|20260813080400|958.01
1786579445|20260813080405|957.85
1786579450|20260813080410|957.78
1786579455|20260813080415|957.67
1786579460|20260813080420|957.61
1786579465|20260813080425|957.63
1786579500|20260813080500|957.76
1786579505|20260813080505|957.80
1786579510|20260813080510|957.82
1786579515|20260813080515|957.82
1786579520|20260813080520|957.64
1786579525|20260813080525|957.60
1786579535|20260813080535|957.67
1786579540|20260813080540|957.72
1786579545|20260813080545|957.90
1786579550|20260813080550|958.01
1786579555|20260813080555|957.97
1786579560|20260813080600|958.00
1786579575|20260813080615|957.99
1786579580|20260813080620|958.03
1786579585|20260813080625|958.11
1786579595|20260813080635|958.09
1786579605|20260813080645|958.01
1786579610|20260813080650|958.05
1786579615|20260813080655|958.01
1786579625|20260813080705|958.48
1786579630|20260813080710|958.57
1786579635|20260813080715|958.57
1786579640|20260813080720|958.63
1786579645|20260813080725|958.55
1786579655|20260813080735|958.44
1786579660|20260813080740|958.52
1786579665|20260813080745|958.54
1786579670|20260813080750|958.53
1786579675|20260813080755|958.62
1786579680|20260813080800|958.58
1786579685|20260813080805|958.53
1786579690|20260813080810|958.50
1786579695|20260813080815|958.55
1786579705|20260813080825|958.47
1786579715|20260813080835|958.42
1786579720|20260813080840|958.47
1786579725|20260813080845|958.48
1786579730|20260813080850|958.61
1786579735|20260813080855|958.77
1786579740|20260813080900|958.74
1786579745|20260813080905|958.79
1786579750|20260813080910|958.80
1786579755|20260813080915|958.76
1786579760|20260813080920|958.92
1786579805|20260813081005|958.67
1786579810|20260813081010|958.52
1786579815|20260813081015|958.54
1786579820|20260813081020|958.46
1786579840|20260813081040|958.25
1786579850|20260813081050|958.30
1786579855|20260813081055|958.26
1786579865|20260813081105|958.49
1786579870|20260813081110|958.48
1786579875|20260813081115|958.43
1786579880|20260813081120|958.51
1786579885|20260813081125|958.37
1786579895|20260813081135|958.40
1786579900|20260813081140|958.39
1786579905|20260813081145|958.39
1786579910|20260813081150|958.44
1786579915|20260813081155|958.43
1786579920|20260813081200|958.55
1786579930|20260813081210|958.65
1786579935|20260813081215|958.71
1786579940|20260813081220|958.71
1786579945|20260813081225|958.72
1786579955|20260813081235|958.73
1786579970|20260813081250|958.69
1786579980|20260813081300|958.65
1786579985|20260813081305|958.55
1786579990|20260813081310|958.60
1786579995|20260813081315|958.58
1786580000|20260813081320|958.65
1786580015|20260813081335|958.50
1786580020|20260813081340|958.56
1786580025|20260813081345|958.66
1786580030|20260813081350|958.63
1786580035|20260813081355|958.60
1786580040|20260813081400|958.62
1786580045|20260813081405|958.59
1786580050|20260813081410|958.53
1786580060|20260813081420|958.44
1786580065|20260813081425|958.49
1786580100|20260813081500|958.36
1786580105|20260813081505|958.41
1786580110|20260813081510|958.41
1786580115|20260813081515|958.44
1786580120|20260813081520|958.58
1786580140|20260813081540|959.08
1786580145|20260813081545|959.14
1786580155|20260813081555|959.27
1786580160|20260813081600|959.16
1786580165|20260813081605|959.29
1786580170|20260813081610|959.48
1786580175|20260813081615|959.50
1786580195|20260813081635|960.01
1786580200|20260813081640|960.07
1786580205|20260813081645|959.80
1786580210|20260813081650|959.91
1786580215|20260813081655|959.92
1786580220|20260813081700|959.80
1786580230|20260813081710|959.83
1786580240|20260813081720|959.87
1786580245|20260813081725|959.90
1786580265|20260813081745|960.01
1786580275|20260813081755|960.11
1786580290|20260813081810|960.06
1786580295|20260813081815|960.27
1786580300|20260813081820|960.23
1786580315|20260813081835|960.17
1786580320|20260813081840|960.04
1786580325|20260813081845|960.25
1786580330|20260813081850|960.20
1786580335|20260813081855|960.13
1786580340|20260813081900|960.08
1786580345|20260813081905|960.14
1786580350|20260813081910|960.15
1786580355|20260813081915|960.20
1786580365|20260813081925|960.36
1786580410|20260813082010|960.49
1786580415|20260813082015|960.52
1786580420|20260813082020|960.49
1786580425|20260813082025|960.51
1786580435|20260813082035|960.80
1786580440|20260813082040|960.89
1786580445|20260813082045|961.03
1786580455|20260813082055|960.80
1786580460|20260813082100|960.81
1786580465|20260813082105|960.80
1786580470|20260813082110|960.87
1786580480|20260813082120|961.06
1786580485|20260813082125|961.03
1786580495|20260813082135|961.05
1786580500|20260813082140|960.96
1786580505|20260813082145|960.91
1786580520|20260813082200|960.83
1786580530|20260813082210|961.11
1786580535|20260813082215|961.02
1786580540|20260813082220|961.06
1786580545|20260813082225|961.11
1786580555|20260813082235|961.12
1786580560|20260813082240|961.02
1786580565|20260813082245|961.03
1786580570|20260813082250|960.96
1786580575|20260813082255|961.13
1786580585|20260813082305|961.12
1786580590|20260813082310|961.24
1786580595|20260813082315|961.35
1786580600|20260813082320|961.42
1786580605|20260813082325|961.45
1786580615|20260813082335|961.66
1786580620|20260813082340|961.73
1786580625|20260813082345|961.90
1786580630|20260813082350|962.23
1786580635|20260813082355|962.19
1786580640|20260813082400|962.21
1786580655|20260813082415|961.78
1786580660|20260813082420|961.79
1786580665|20260813082425|961.96
1786580700|20260813082500|961.68
1786580705|20260813082505|961.59
1786580710|20260813082510|961.41
1786580715|20260813082515|961.17
1786580720|20260813082520|961.26
1786580725|20260813082525|961.44
1786580740|20260813082540|961.37
1786580745|20260813082545|961.33
1786580750|20260813082550|961.31
1786580755|20260813082555|961.28
1786580770|20260813082610|961.19
1786580780|20260813082620|960.67
1786580785|20260813082625|960.64
1786580795|20260813082635|960.61
1786580800|20260813082640|960.46
1786580805|20260813082645|960.63
1786580810|20260813082650|960.75
1786580815|20260813082655|960.66
1786580825|20260813082705|960.57
1786580835|20260813082715|960.51
1786580840|20260813082720|960.48
1786580845|20260813082725|960.56
1786580855|20260813082735|960.59
1786580860|20260813082740|960.62
1786580865|20260813082745|960.79
1786580870|20260813082750|960.60
1786580875|20260813082755|960.52
1786580885|20260813082805|960.47
1786580890|20260813082810|960.31
1786580900|20260813082820|960.29
1786580905|20260813082825|960.26
1786580915|20260813082835|960.22
1786580920|20260813082840|960.16
1786580925|20260813082845|960.23
1786580930|20260813082850|960.23
1786580935|20260813082855|960.30
1786580940|20260813082900|960.25
1786580945|20260813082905|960.23
1786580950|20260813082910|960.18
1786580955|20260813082915|960.17
1786580960|20260813082920|960.20
1786580965|20260813082925|960.34
1786581005|20260813083005|960.35
1786581010|20260813083010|960.42
1786581015|20260813083015|960.42
1786581020|20260813083020|960.41
1786581040|20260813083040|960.36
1786581050|20260813083050|960.38
1786581055|20260813083055|960.38
1786581060|20260813083100|960.39
1786581065|20260813083105|960.17
1786581070|20260813083110|960.16
1786581075|20260813083115|960.15
1786581080|20260813083120|959.69
1786581085|20260813083125|959.65
1786581095|20260813083135|959.70
1786581105|20260813083145|959.85
1786581110|20260813083150|959.96
1786581115|20260813083155|959.98
1786581120|20260813083200|960.08
1786581125|20260813083205|959.99
1786581130|20260813083210|959.91
1786581135|20260813083215|959.99
1786581140|20260813083220|960.18
1786581145|20260813083225|960.25
1786581160|20260813083240|960.56
1786581165|20260813083245|960.65
1786581170|20260813083250|960.61
1786581175|20260813083255|960.70
1786581180|20260813083300|960.74
1786581200|20260813083320|960.76
1786581205|20260813083325|961.07
1786581215|20260813083335|961.18
1786581225|20260813083345|961.54
1786581230|20260813083350|961.54
1786581235|20260813083355|961.53
1786581245|20260813083405|961.88
1786581250|20260813083410|962.22
1786581255|20260813083415|963.71
1786581260|20260813083420|964.26
1786581265|20260813083425|964.43
1786581300|20260813083500|963.97
1786581305|20260813083505|963.54
1786581310|20260813083510|963.83
1786581315|20260813083515|963.93
1786581320|20260813083520|964.01
1786581325|20260813083525|963.68
1786581335|20260813083535|963.47
1786581340|20260813083540|963.53
1786581345|20260813083545|963.38
1786581350|20260813083550|963.24
1786581355|20260813083555|963.14
1786581360|20260813083600|963.17
1786581365|20260813083605|963.11
1786581370|20260813083610|963.16
1786581375|20260813083615|963.19
1786581380|20260813083620|963.11
1786581385|20260813083625|963.20
1786581400|20260813083640|963.19
1786581405|20260813083645|963.70
1786581410|20260813083650|963.55
1786581420|20260813083700|963.78
1786581425|20260813083705|964.03
1786581430|20260813083710|963.83
1786581435|20260813083715|963.78
1786581440|20260813083720|963.77
1786581445|20260813083725|963.58
1786581455|20260813083735|963.49
1786581460|20260813083740|963.35
1786581465|20260813083745|963.29
1786581470|20260813083750|963.28
1786581475|20260813083755|963.06
1786581480|20260813083800|963.04
1786581485|20260813083805|963.00
1786581490|20260813083810|963.09
1786581495|20260813083815|963.09
1786581500|20260813083820|963.03
1786581515|20260813083835|962.81
1786581520|20260813083840|962.67
1786581525|20260813083845|962.39
1786581530|20260813083850|962.46
1786581535|20260813083855|962.26
1786581540|20260813083900|962.43
1786581545|20260813083905|962.36
1786581550|20260813083910|962.41
1786581560|20260813083920|962.72
1786581565|20260813083925|962.78
1786581605|20260813084005|962.77
1786581610|20260813084010|962.67
1786581615|20260813084015|962.60
1786581620|20260813084020|962.62
1786581625|20260813084025|962.54
1786581635|20260813084035|962.63
1786581640|20260813084040|962.66
1786581645|20260813084045|962.71
1786581650|20260813084050|962.68
1786581660|20260813084100|962.62
1786581665|20260813084105|962.61
1786581670|20260813084110|962.49
1786581680|20260813084120|962.44
1786581700|20260813084140|962.44
1786581705|20260813084145|962.42
1786581720|20260813084200|962.49
1786581725|20260813084205|962.41
1786581730|20260813084210|962.41
1786581735|20260813084215|962.51
1786581740|20260813084220|962.55
1786581745|20260813084225|962.60
1786581755|20260813084235|962.53
1786581760|20260813084240|962.60
1786581765|20260813084245|962.60
1786581770|20260813084250|962.49
1786581780|20260813084300|962.47
1786581785|20260813084305|962.48
1786581790|20260813084310|962.62
1786581795|20260813084315|962.52
1786581800|20260813084320|962.61
1786581805|20260813084325|962.63
1786581815|20260813084335|962.67
1786581825|20260813084345|962.89
1786581830|20260813084350|962.83
1786581840|20260813084400|962.84
1786581845|20260813084405|962.89
1786581855|20260813084415|962.71
1786581860|20260813084420|962.90
1786581865|20260813084425|962.82
1786581895|20260813084455|962.58
1786581900|20260813084500|962.79
1786581910|20260813084510|962.66
1786581915|20260813084515|962.32
1786581925|20260813084525|962.35
1786581935|20260813084535|962.63
1786581940|20260813084540|962.66
1786581945|20260813084545|962.48
1786581950|20260813084550|962.62
1786581955|20260813084555|962.75
1786581965|20260813084605|962.66
1786581970|20260813084610|962.76
1786581975|20260813084615|962.68
1786581980|20260813084620|962.60
1786581985|20260813084625|962.88
1786581995|20260813084635|962.81
1786582005|20260813084645|962.63
1786582010|20260813084650|962.61
1786582015|20260813084655|962.55
1786582025|20260813084705|962.42
1786582030|20260813084710|962.37
1786582035|20260813084715|962.64
1786582040|20260813084720|962.62
1786582060|20260813084740|962.60
1786582065|20260813084745|962.68
1786582070|20260813084750|962.70
1786582085|20260813084805|962.47
1786582090|20260813084810|962.49
1786582095|20260813084815|962.52
1786582100|20260813084820|962.55
1786582105|20260813084825|962.56
1786582115|20260813084835|962.80
1786582125|20260813084845|962.76
1786582130|20260813084850|962.64
1786582135|20260813084855|962.60
1786582140|20260813084900|962.55
1786582145|20260813084905|962.56
1786582150|20260813084910|962.48
1786582155|20260813084915|962.21
1786582160|20260813084920|962.15
1786582165|20260813084925|962.05
1786582205|20260813085005|960.82
1786582220|20260813085020|960.96
1786582235|20260813085035|961.00
1786582240|20260813085040|961.04
1786582250|20260813085050|961.16
1786582255|20260813085055|960.89
1786582260|20260813085100|960.72
1786582265|20260813085105|960.65
1786582270|20260813085110|960.82
1786582280|20260813085120|961.15
1786582295|20260813085135|961.06
1786582300|20260813085140|960.75
1786582305|20260813085145|960.87
1786582310|20260813085150|960.76
1786582315|20260813085155|960.80
1786582320|20260813085200|960.94
1786582325|20260813085205|960.90
1786582330|20260813085210|961.03
1786582335|20260813085215|960.84
1786582340|20260813085220|960.85
1786582355|20260813085235|960.90
1786582360|20260813085240|960.90
1786582370|20260813085250|960.94
1786582375|20260813085255|960.80
1786582380|20260813085300|960.81
1786582390|20260813085310|960.94
1786582395|20260813085315|961.06
1786582400|20260813085320|961.04
1786582405|20260813085325|960.98
1786582420|20260813085340|961.08
1786582430|20260813085350|961.25
1786582440|20260813085400|961.20
1786582445|20260813085405|961.17
1786582460|20260813085420|960.92
1786582500|20260813085500|961.01
1786582505|20260813085505|960.99
1786582510|20260813085510|960.78
1786582515|20260813085515|960.73
1786582520|20260813085520|960.65
1786582535|20260813085535|960.57
1786582540|20260813085540|960.56
1786582545|20260813085545|960.45
1786582550|20260813085550|960.36
1786582555|20260813085555|960.41
1786582560|20260813085600|960.38
1786582565|20260813085605|960.55
1786582570|20260813085610|960.42
1786582575|20260813085615|960.57
1786582580|20260813085620|960.49
1786582585|20260813085625|960.39
1786582595|20260813085635|960.35
1786582600|20260813085640|960.48
1786582605|20260813085645|960.75
1786582610|20260813085650|960.75
1786582615|20260813085655|960.72
1786582625|20260813085705|960.49
1786582630|20260813085710|960.48
1786582635|20260813085715|960.48
1786582640|20260813085720|960.42
1786582645|20260813085725|960.35
1786582660|20260813085740|960.45
1786582665|20260813085745|960.42
1786582680|20260813085800|960.51
1786582685|20260813085805|960.50
1786582690|20260813085810|960.39
1786582695|20260813085815|960.43
1786582700|20260813085820|960.54
1786582720|20260813085840|959.95
1786582725|20260813085845|960.07
1786582730|20260813085850|959.47
1786582735|20260813085855|959.50
1786582740|20260813085900|959.48
1786582745|20260813085905|960.28
1786582760|20260813085920|960.59
1786582765|20260813085925|960.24
1786582780|20260813085940|960.36
1786582800|20260813090000|960.25
1786582805|20260813090005|960.44
1786582810|20260813090010|960.36
1786582825|20260813090025|959.83
1786582835|20260813090035|960.08
1786582840|20260813090040|960.02
1786582845|20260813090045|960.20
1786582850|20260813090050|959.57
1786582855|20260813090055|959.81
1786582860|20260813090100|959.76
1786582865|20260813090105|959.58
1786582870|20260813090110|959.24
1786582875|20260813090115|959.23
1786582880|20260813090120|959.55
1786582895|20260813090135|959.85
1786582900|20260813090140|959.77
1786582905|20260813090145|959.28
1786582910|20260813090150|959.61
1786582915|20260813090155|959.69
1786582925|20260813090205|960.30
1786582930|20260813090210|960.47
1786582940|20260813090220|960.22
1786582945|20260813090225|960.66
1786582960|20260813090240|960.79
1786582965|20260813090245|960.73
1786582970|20260813090250|960.71
1786582975|20260813090255|960.90
1786582985|20260813090305|961.15
1786582990|20260813090310|960.73
1786582995|20260813090315|960.87
1786583000|20260813090320|960.70
1786583005|20260813090325|960.49
1786583020|20260813090340|960.67
1786583035|20260813090355|960.54
1786583040|20260813090400|960.75
1786583045|20260813090405|960.85
1786583055|20260813090415|961.12
1786583060|20260813090420|961.22
1786583065|20260813090425|961.37
1786583100|20260813090500|961.45
1786583105|20260813090505|961.39
1786583110|20260813090510|961.37
1786583115|20260813090515|961.61
1786583120|20260813090520|961.63
1786583135|20260813090535|961.19
1786583140|20260813090540|961.07
1786583145|20260813090545|961.28
1786583150|20260813090550|961.24
1786583155|20260813090555|961.35
1786583160|20260813090600|961.68
1786583170|20260813090610|961.26
1786583175|20260813090615|961.33
1786583180|20260813090620|961.40
1786583185|20260813090625|961.63
1786583195|20260813090635|961.28
1786583200|20260813090640|961.42
1786583205|20260813090645|961.65
1786583220|20260813090700|961.52
1786583225|20260813090705|961.50
1786583230|20260813090710|961.55
1786583235|20260813090715|961.54
1786583240|20260813090720|961.59
1786583245|20260813090725|961.67
1786583255|20260813090735|961.54
1786583265|20260813090745|961.21
1786583275|20260813090755|961.36
1786583280|20260813090800|961.22
1786583285|20260813090805|961.25
1786583290|20260813090810|961.55
1786583295|20260813090815|961.67
1786583305|20260813090825|961.59
1786583325|20260813090845|961.56
1786583330|20260813090850|961.54
1786583335|20260813090855|961.48
1786583345|20260813090905|961.38
1786583350|20260813090910|961.19
1786583360|20260813090920|960.97
1786583365|20260813090925|960.98
1786583390|20260813090950|961.42
1786583405|20260813091005|961.63
1786583415|20260813091015|961.55
1786583420|20260813091020|961.55
1786583435|20260813091035|961.56
1786583440|20260813091040|961.40
1786583445|20260813091045|961.25
1786583450|20260813091050|961.39
1786583455|20260813091055|961.70
1786583460|20260813091100|961.65
1786583465|20260813091105|961.63
1786583470|20260813091110|961.60
1786583475|20260813091115|961.40
1786583485|20260813091125|961.32
1786583495|20260813091135|961.30
1786583500|20260813091140|961.18
1786583505|20260813091145|961.19
1786583520|20260813091200|960.94
1786583525|20260813091205|961.04
1786583535|20260813091215|961.10
1786583540|20260813091220|961.15
1786583545|20260813091225|961.23
1786583555|20260813091235|961.55
1786583560|20260813091240|961.59
1786583570|20260813091250|961.56
1786583585|20260813091305|961.16
1786583590|20260813091310|961.05
1786583600|20260813091320|960.88
1786583605|20260813091325|960.91
1786583615|20260813091335|960.76
1786583620|20260813091340|960.51
1786583625|20260813091345|960.59
1786583630|20260813091350|960.79
1786583640|20260813091400|960.69
1786583645|20260813091405|960.69
1786583650|20260813091410|960.72
1786583655|20260813091415|960.52
1786583660|20260813091420|960.55
1786583665|20260813091425|960.62
1786583700|20260813091500|960.81
1786583705|20260813091505|960.75
1786583710|20260813091510|960.67
1786583715|20260813091515|960.94
1786583720|20260813091520|961.13
1786583725|20260813091525|961.07
1786583735|20260813091535|961.25
1786583740|20260813091540|961.50
1786583745|20260813091545|961.61
1786583750|20260813091550|961.41
1786583755|20260813091555|961.23
1786583760|20260813091600|961.25
1786583765|20260813091605|961.32
1786583770|20260813091610|961.44
1786583780|20260813091620|961.46
1786583785|20260813091625|961.51
1786583795|20260813091635|961.50
1786583800|20260813091640|961.63
1786583805|20260813091645|961.69
1786583810|20260813091650|961.52
1786583815|20260813091655|961.47
1786583820|20260813091700|961.46
1786583825|20260813091705|961.61
1786583830|20260813091710|961.45
1786583835|20260813091715|961.44
1786583840|20260813091720|961.34
1786583845|20260813091725|961.46
1786583860|20260813091740|961.30
1786583865|20260813091745|961.06
1786583870|20260813091750|961.21
1786583885|20260813091805|961.19
1786583890|20260813091810|961.13
1786583895|20260813091815|960.99
1786583900|20260813091820|960.61
1786583905|20260813091825|960.61
1786583915|20260813091835|960.56
1786583920|20260813091840|960.56
1786583930|20260813091850|960.40
1786583940|20260813091900|960.39
1786583945|20260813091905|960.09
1786583950|20260813091910|960.06
1786583960|20260813091920|960.13
1786583965|20260813091925|960.19
1786584005|20260813092005|959.94
1786584010|20260813092010|960.04
1786584015|20260813092015|960.09
1786584020|20260813092020|960.04
1786584025|20260813092025|959.99
1786584035|20260813092035|959.87
1786584040|20260813092040|959.90
1786584045|20260813092045|959.81
1786584050|20260813092050|959.70
1786584055|20260813092055|959.56
1786584060|20260813092100|959.38
1786584065|20260813092105|959.03
1786584070|20260813092110|958.99
1786584075|20260813092115|958.44
1786584080|20260813092120|958.50
1786584085|20260813092125|958.83
1786584095|20260813092135|958.84
1786584100|20260813092140|958.97
1786584105|20260813092145|958.95
1786584110|20260813092150|959.08
1786584115|20260813092155|958.91
1786584125|20260813092205|958.94
1786584135|20260813092215|958.89
1786584140|20260813092220|959.11
1786584145|20260813092225|959.21
1786584155|20260813092235|959.10
1786584160|20260813092240|959.11
1786584165|20260813092245|959.06
1786584170|20260813092250|959.31
1786584175|20260813092255|959.30
1786584185|20260813092305|959.41
1786584190|20260813092310|959.31
1786584195|20260813092315|959.31
1786584200|20260813092320|959.26
1786584205|20260813092325|959.31
1786584215|20260813092335|959.34
1786584220|20260813092340|959.32
1786584225|20260813092345|959.35
1786584230|20260813092350|959.26
1786584235|20260813092355|959.12
1786584240|20260813092400|959.16
1786584245|20260813092405|959.19
1786584265|20260813092425|959.07
1786584300|20260813092500|958.78
1786584305|20260813092505|958.73
1786584310|20260813092510|958.77
1786584315|20260813092515|958.78
1786584320|20260813092520|958.68
1786584325|20260813092525|958.71
1786584335|20260813092535|959.09
1786584340|20260813092540|959.17
1786584345|20260813092545|959.18
1786584350|20260813092550|959.25
1786584355|20260813092555|959.21
1786584360|20260813092600|959.17
1786584365|20260813092605|959.03
1786584375|20260813092615|959.07
1786584380|20260813092620|959.08
1786584385|20260813092625|959.02
1786584400|20260813092640|959.09
1786584405|20260813092645|958.85
1786584410|20260813092650|958.91
1786584415|20260813092655|958.86
1786584420|20260813092700|958.82
1786584425|20260813092705|958.80
1786584430|20260813092710|958.78
1786584435|20260813092715|958.74
1786584440|20260813092720|958.84
1786584445|20260813092725|958.95
1786584455|20260813092735|958.91
1786584460|20260813092740|958.90
1786584465|20260813092745|958.84
1786584470|20260813092750|958.81
1786584475|20260813092755|958.85
1786584485|20260813092805|958.85
1786584495|20260813092815|958.89
1786584500|20260813092820|958.82
1786584505|20260813092825|958.74
1786584520|20260813092840|958.76
1786584535|20260813092855|958.48
1786584540|20260813092900|958.48
1786584545|20260813092905|958.42
1786584550|20260813092910|958.49
1786584555|20260813092915|958.49
1786584560|20260813092920|958.43
1786584565|20260813092925|958.45
1786584610|20260813093010|958.38
1786584615|20260813093015|958.43
1786584620|20260813093020|958.48
1786584635|20260813093035|958.40
1786584640|20260813093040|958.62
1786584645|20260813093045|958.66
1786584655|20260813093055|958.79
1786584660|20260813093100|958.86
1786584665|20260813093105|958.98
1786584670|20260813093110|959.48
1786584675|20260813093115|959.60
1786584680|20260813093120|959.67
1786584685|20260813093125|959.80
1786584700|20260813093140|959.67
1786584705|20260813093145|959.68
1786584715|20260813093155|959.86
1786584720|20260813093200|959.77
1786584725|20260813093205|959.74
1786584730|20260813093210|960.00
1786584735|20260813093215|959.91
1786584740|20260813093220|959.91
1786584745|20260813093225|960.04
1786584755|20260813093235|960.19
1786584760|20260813093240|960.33
1786584765|20260813093245|960.39
1786584770|20260813093250|960.40
1786584775|20260813093255|960.46
1786584785|20260813093305|960.28
1786584790|20260813093310|960.20
1786584795|20260813093315|959.94
1786584800|20260813093320|960.05
1786584805|20260813093325|960.04
1786584815|20260813093335|960.21
1786584820|20260813093340|960.16
1786584825|20260813093345|960.23
1786584840|20260813093400|960.33
1786584855|20260813093415|960.19
1786584860|20260813093420|960.28
1786584865|20260813093425|960.26
1786584905|20260813093505|960.32
1786584910|20260813093510|960.22
1786584915|20260813093515|960.18
1786584920|20260813093520|960.24
1786584925|20260813093525|960.37
1786584940|20260813093540|960.60
1786584945|20260813093545|960.50
1786584965|20260813093605|960.51
1786584970|20260813093610|960.45
1786584975|20260813093615|960.37
1786584985|20260813093625|960.18
1786584995|20260813093635|959.93
1786585005|20260813093645|960.04
1786585010|20260813093650|960.10
1786585015|20260813093655|960.17
1786585025|20260813093705|960.18
1786585030|20260813093710|960.08
1786585035|20260813093715|960.01
1786585040|20260813093720|960.01
1786585045|20260813093725|959.99
1786585055|20260813093735|960.30
1786585060|20260813093740|960.37
1786585065|20260813093745|960.40
1786585070|20260813093750|960.21
1786585075|20260813093755|960.27
1786585095|20260813093815|959.93
1786585100|20260813093820|959.94
1786585105|20260813093825|959.90
1786585115|20260813093835|959.89
1786585120|20260813093840|959.83
1786585125|20260813093845|959.61
1786585130|20260813093850|959.28
1786585135|20260813093855|959.34
1786585150|20260813093910|959.25
1786585155|20260813093915|959.25
1786585160|20260813093920|959.32
1786585165|20260813093925|959.34
1786585200|20260813094000|959.19
1786585205|20260813094005|958.93
1786585210|20260813094010|958.79
1786585215|20260813094015|958.79
1786585220|20260813094020|958.55
1786585225|20260813094025|958.56
1786585240|20260813094040|958.82
1786585245|20260813094045|958.85
1786585250|20260813094050|958.94
1786585265|20260813094105|958.88
1786585270|20260813094110|958.73
1786585280|20260813094120|958.64
1786585285|20260813094125|958.79
1786585295|20260813094135|958.71
1786585300|20260813094140|958.73
1786585305|20260813094145|958.75
1786585310|20260813094150|958.67
1786585315|20260813094155|958.72
1786585325|20260813094205|958.50
1786585330|20260813094210|958.54
1786585335|20260813094215|958.49
1786585340|20260813094220|958.64
1786585345|20260813094225|958.70
1786585355|20260813094235|958.72
1786585360|20260813094240|958.73
1786585365|20260813094245|958.71
1786585375|20260813094255|958.66
1786585385|20260813094305|958.66
1786585390|20260813094310|958.47
1786585395|20260813094315|958.53
1786585400|20260813094320|958.44
1786585405|20260813094325|958.46
1786585415|20260813094335|958.33
1786585420|20260813094340|958.16
1786585425|20260813094345|958.23
1786585435|20260813094355|958.43
1786585440|20260813094400|958.48
1786585445|20260813094405|958.47
1786585450|20260813094410|958.43
1786585460|20260813094420|958.51
1786585465|20260813094425|958.50
1786585480|20260813094440|958.00
1786585505|20260813094505|957.97
1786585510|20260813094510|957.76
1786585515|20260813094515|957.86
1786585520|20260813094520|957.66
1786585525|20260813094525|957.65
1786585535|20260813094535|957.61
1786585540|20260813094540|957.96
1786585545|20260813094545|957.95
1786585550|20260813094550|957.77
1786585555|20260813094555|957.78
1786585565|20260813094605|957.76
1786585570|20260813094610|957.59
1786585575|20260813094615|957.58
1786585580|20260813094620|957.34
1786585585|20260813094625|957.29
1786585595|20260813094635|956.95
1786585600|20260813094640|956.82
1786585605|20260813094645|956.75
1786585610|20260813094650|956.54
1786585615|20260813094655|956.76
1786585620|20260813094700|956.73
1786585630|20260813094710|956.59
1786585635|20260813094715|956.50
1786585640|20260813094720|956.62
1786585645|20260813094725|956.63
1786585655|20260813094735|956.46
1786585660|20260813094740|956.44
1786585670|20260813094750|956.39
1786585675|20260813094755|956.45
1786585680|20260813094800|956.51
1786585685|20260813094805|956.52
1786585690|20260813094810|956.36
1786585695|20260813094815|956.41
1786585700|20260813094820|956.41
1786585705|20260813094825|956.38
1786585715|20260813094835|956.48
1786585720|20260813094840|956.43
1786585725|20260813094845|956.42
1786585730|20260813094850|956.65
1786585735|20260813094855|956.57
1786585745|20260813094905|957.00
1786585750|20260813094910|956.85
1786585755|20260813094915|956.75
1786585760|20260813094920|956.66
1786585780|20260813094940|956.68
1786585790|20260813094950|956.75
1786585800|20260813095000|956.76
1786585805|20260813095005|956.77
1786585810|20260813095010|956.70
1786585815|20260813095015|956.50
1786585820|20260813095020|956.66
1786585825|20260813095025|956.58
1786585840|20260813095040|956.83
1786585845|20260813095045|956.83
1786585850|20260813095050|956.92
1786585855|20260813095055|956.93
1786585865|20260813095105|956.83
1786585870|20260813095110|956.78
1786585880|20260813095120|956.93
1786585885|20260813095125|956.83
1786585895|20260813095135|956.70
1786585900|20260813095140|956.66
1786585905|20260813095145|956.93
1786585910|20260813095150|956.81
1786585915|20260813095155|956.67
1786585930|20260813095210|956.13
1786585935|20260813095215|956.22
1786585940|20260813095220|956.20
1786585945|20260813095225|956.15
1786585955|20260813095235|956.10
1786585960|20260813095240|956.30
1786585965|20260813095245|956.38
1786585970|20260813095250|956.29
1786585975|20260813095255|956.48
1786585985|20260813095305|956.57
1786585990|20260813095310|956.76
1786585995|20260813095315|956.88
1786586000|20260813095320|956.94
1786586005|20260813095325|956.89
1786586020|20260813095340|956.95
1786586025|20260813095345|957.19
1786586030|20260813095350|957.14
1786586035|20260813095355|957.23
1786586045|20260813095405|957.24
1786586055|20260813095415|957.24
1786586060|20260813095420|957.29
1786586065|20260813095425|957.25
1786586100|20260813095500|957.42
1786586105|20260813095505|957.45
1786586110|20260813095510|957.45
1786586115|20260813095515|957.36
1786586120|20260813095520|957.17
1786586125|20260813095525|957.46
1786586135|20260813095535|957.37
1786586140|20260813095540|957.52
1786586145|20260813095545|957.47
1786586150|20260813095550|957.45
1786586155|20260813095555|957.46
1786586160|20260813095600|957.42
1786586165|20260813095605|956.98
1786586170|20260813095610|956.97
1786586175|20260813095615|956.94
1786586185|20260813095625|956.51
1786586195|20260813095635|956.56
1786586200|20260813095640|956.68
1786586205|20260813095645|956.83
1786586210|20260813095650|956.75
1786586215|20260813095655|956.54
1786586225|20260813095705|956.38
1786586230|20260813095710|956.34
1786586235|20260813095715|956.41
1786586240|20260813095720|956.37
1786586245|20260813095725|956.52
1786586255|20260813095735|956.60
1786586260|20260813095740|956.64
1786586265|20260813095745|956.62
1786586275|20260813095755|956.65
1786586285|20260813095805|956.46
1786586300|20260813095820|955.68
1786586305|20260813095825|955.69
1786586315|20260813095835|955.69
1786586320|20260813095840|955.80
1786586325|20260813095845|955.92
1786586330|20260813095850|956.02
1786586335|20260813095855|956.00
1786586340|20260813095900|956.08
1786586345|20260813095905|956.09
1786586350|20260813095910|956.04
1786586360|20260813095920|956.16
1786586365|20260813095925|956.14
1786586380|20260813095940|955.82
1786586390|20260813095950|955.91
1786586405|20260813100005|955.95
1786586410|20260813100010|955.84
1786586415|20260813100015|955.73
1786586420|20260813100020|955.56
1786586425|20260813100025|955.61
1786586435|20260813100035|955.67
1786586440|20260813100040|955.58
1786586445|20260813100045|955.61
1786586450|20260813100050|955.58
1786586455|20260813100055|955.89
1786586470|20260813100110|956.06
1786586475|20260813100115|956.07
1786586480|20260813100120|956.05
1786586485|20260813100125|955.93
1786586495|20260813100135|955.81
1786586500|20260813100140|955.75
1786586505|20260813100145|955.72
1786586510|20260813100150|955.73
1786586515|20260813100155|955.75
1786586525|20260813100205|955.49
1786586530|20260813100210|955.35
1786586535|20260813100215|955.45
1786586540|20260813100220|955.49
1786586545|20260813100225|955.40
1786586555|20260813100235|955.44
1786586560|20260813100240|955.57
1786586565|20260813100245|955.56
1786586570|20260813100250|955.55
1786586575|20260813100255|955.61
1786586580|20260813100300|955.54
1786586585|20260813100305|955.60
1786586590|20260813100310|955.53
1786586595|20260813100315|955.47
1786586600|20260813100320|955.51
1786586620|20260813100340|955.55
1786586625|20260813100345|955.70
1786586630|20260813100350|955.70
1786586635|20260813100355|955.67
1786586645|20260813100405|955.68
1786586650|20260813100410|955.63
1786586655|20260813100415|955.65
1786586660|20260813100420|955.76
1786586665|20260813100425|955.65
1786586700|20260813100500|955.80
1786586705|20260813100505|955.74
1786586710|20260813100510|955.75
1786586715|20260813100515|955.71
1786586720|20260813100520|955.84
1786586725|20260813100525|955.95
1786586735|20260813100535|955.92
1786586745|20260813100545|955.94
1786586750|20260813100550|956.11
1786586755|20260813100555|956.05
1786586765|20260813100605|955.96
1786586770|20260813100610|956.01
1786586780|20260813100620|955.65
1786586785|20260813100625|955.64
1786586795|20260813100635|955.22
1786586800|20260813100640|955.34
1786586805|20260813100645|955.45
1786586810|20260813100650|955.45
1786586815|20260813100655|955.57
1786586825|20260813100705|955.41
1786586835|20260813100715|955.38
1786586840|20260813100720|955.64
1786586845|20260813100725|955.74
1786586860|20260813100740|955.89
1786586870|20260813100750|955.89
1786586875|20260813100755|955.93
1786586885|20260813100805|955.99
1786586890|20260813100810|955.96
1786586895|20260813100815|956.04
1786586900|20260813100820|956.12
1786586905|20260813100825|956.14
1786586915|20260813100835|956.17
1786586925|20260813100845|956.25
1786586930|20260813100850|956.17
1786586935|20260813100855|956.09
1786586940|20260813100900|956.30
1786586945|20260813100905|956.31
1786586950|20260813100910|956.41
1786586955|20260813100915|956.40
1786586960|20260813100920|956.39
1786586965|20260813100925|956.50
1786587005|20260813101005|956.88
1786587010|20260813101010|957.00
1786587015|20260813101015|956.89
1786587020|20260813101020|956.91
1786587025|20260813101025|956.74
1786587035|20260813101035|956.53
1786587040|20260813101040|956.56
1786587045|20260813101045|956.77
1786587050|20260813101050|956.79
1786587055|20260813101055|956.76
1786587065|20260813101105|956.75
1786587070|20260813101110|956.85
1786587080|20260813101120|956.92
1786587085|20260813101125|956.90
1786587095|20260813101135|956.83
1786587100|20260813101140|956.82
1786587105|20260813101145|956.83
1786587110|20260813101150|956.89
1786587115|20260813101155|956.89
1786587125|20260813101205|956.71
1786587130|20260813101210|956.66
1786587135|20260813101215|956.69
1786587140|20260813101220|956.69
1786587145|20260813101225|956.61
1786587155|20260813101235|956.71
1786587160|20260813101240|956.55
1786587165|20260813101245|956.53
1786587170|20260813101250|956.61
1786587175|20260813101255|956.61
1786587180|20260813101300|956.80
1786587185|20260813101305|956.79
1786587190|20260813101310|956.76
1786587195|20260813101315|956.77
1786587200|20260813101320|956.76
1786587205|20260813101325|956.48
1786587215|20260813101335|956.35
1786587220|20260813101340|956.43
1786587225|20260813101345|956.42
1786587235|20260813101355|956.49
1786587240|20260813101400|956.34
1786587250|20260813101410|956.46
1786587255|20260813101415|956.42
1786587260|20260813101420|956.37
1786587265|20260813101425|956.43
1786587300|20260813101500|956.24
1786587305|20260813101505|956.25
1786587310|20260813101510|956.24
1786587315|20260813101515|956.30
1786587320|20260813101520|956.33
1786587325|20260813101525|956.46
1786587335|20260813101535|956.40
1786587345|20260813101545|956.30
1786587355|20260813101555|956.42
1786587360|20260813101600|956.48
1786587365|20260813101605|956.43
1786587375|20260813101615|956.34
1786587380|20260813101620|956.36
1786587385|20260813101625|956.31
1786587400|20260813101640|956.38
1786587405|20260813101645|956.37
1786587410|20260813101650|956.30
1786587415|20260813101655|956.46
1786587425|20260813101705|956.39
1786587430|20260813101710|956.35
1786587435|20260813101715|956.43
1786587440|20260813101720|956.37
1786587445|20260813101725|956.45
1786587455|20260813101735|956.54
1786587460|20260813101740|956.53
1786587465|20260813101745|956.46
1786587475|20260813101755|956.50
1786587480|20260813101800|956.52
1786587490|20260813101810|956.52
1786587495|20260813101815|956.52
1786587500|20260813101820|956.54
1786587505|20260813101825|956.44
1786587515|20260813101835|956.38
1786587520|20260813101840|956.33
1786587525|20260813101845|956.46
1786587530|20260813101850|956.35
1786587545|20260813101905|956.37
1786587560|20260813101920|956.44
1786587605|20260813102005|956.61
1786587615|20260813102015|956.66
1786587620|20260813102020|956.60
1786587625|20260813102025|956.58
1786587635|20260813102035|956.63
1786587640|20260813102040|956.73
1786587650|20260813102050|956.69
1786587655|20260813102055|956.59
1786587665|20260813102105|956.55
1786587670|20260813102110|956.64
1786587675|20260813102115|956.66
1786587680|20260813102120|956.60
1786587685|20260813102125|956.61
1786587705|20260813102145|956.44
1786587710|20260813102150|956.40
1786587720|20260813102200|956.41
1786587725|20260813102205|956.40
1786587730|20260813102210|956.46
1786587735|20260813102215|956.52
1786587740|20260813102220|956.50
1786587745|20260813102225|956.11
1786587755|20260813102235|956.19
1786587760|20260813102240|956.18
1786587765|20260813102245|956.25
1786587770|20260813102250|956.24
1786587775|20260813102255|956.24
1786587790|20260813102310|956.12
1786587795|20260813102315|956.06
1786587800|20260813102320|956.04
1786587815|20260813102335|956.00
1786587820|20260813102340|955.92
1786587830|20260813102350|955.91
1786587835|20260813102355|955.90
1786587845|20260813102405|955.72
1786587850|20260813102410|955.75
1786587855|20260813102415|955.74
1786587860|20260813102420|955.74
1786587865|20260813102425|955.75
1786587900|20260813102500|955.49
1786587910|20260813102510|955.76
1786587915|20260813102515|955.66
1786587920|20260813102520|955.66
1786587925|20260813102525|955.68
1786587935|20260813102535|955.90
1786587940|20260813102540|955.90
1786587945|20260813102545|955.82
1786587960|20260813102600|955.85
1786587965|20260813102605|955.85
1786587975|20260813102615|955.82
1786587985|20260813102625|955.83
1786588000|20260813102640|955.66
1786588005|20260813102645|955.70
1786588010|20260813102650|955.73
1786588015|20260813102655|955.71
1786588020|20260813102700|955.73
1786588025|20260813102705|955.70
1786588030|20260813102710|955.64
1786588035|20260813102715|955.65
1786588040|20260813102720|955.74
1786588045|20260813102725|955.83
1786588060|20260813102740|955.85
1786588065|20260813102745|955.86
1786588070|20260813102750|955.87
1786588075|20260813102755|955.80
1786588085|20260813102805|955.84
1786588090|20260813102810|955.83
1786588095|20260813102815|955.89
1786588100|20260813102820|955.89
1786588105|20260813102825|955.84
1786588115|20260813102835|955.73
1786588120|20260813102840|955.67
1786588125|20260813102845|955.60
1786588140|20260813102900|955.58
1786588145|20260813102905|955.65
1786588150|20260813102910|955.64
1786588160|20260813102920|955.62
1786588165|20260813102925|955.63
1786588205|20260813103005|955.41
1786588210|20260813103010|954.84
1786588215|20260813103015|955.35
1786588220|20260813103020|955.22
1786588225|20260813103025|955.10
1786588235|20260813103035|954.80
1786588240|20260813103040|954.73
1786588245|20260813103045|954.75
1786588250|20260813103050|954.74
1786588255|20260813103055|954.87
1786588260|20260813103100|954.83
1786588265|20260813103105|954.78
1786588275|20260813103115|954.69
1786588280|20260813103120|954.61
1786588300|20260813103140|954.88
1786588305|20260813103145|954.83
1786588310|20260813103150|954.78
1786588320|20260813103200|954.68
1786588330|20260813103210|954.82
1786588335|20260813103215|954.76
1786588340|20260813103220|954.93
1786588345|20260813103225|955.01
1786588355|20260813103235|954.72
1786588360|20260813103240|954.86
1786588365|20260813103245|954.57
1786588375|20260813103255|954.55
1786588385|20260813103305|954.60
1786588390|20260813103310|954.66
1786588395|20260813103315|954.58
1786588415|20260813103335|954.75
1786588420|20260813103340|954.65
1786588425|20260813103345|954.66
1786588435|20260813103355|954.43
1786588440|20260813103400|954.38
1786588445|20260813103405|954.34
1786588450|20260813103410|954.43
1786588455|20260813103415|954.23
1786588460|20260813103420|954.32
1786588465|20260813103425|954.32
1786588500|20260813103500|954.51
1786588505|20260813103505|954.54
1786588510|20260813103510|954.74
1786588515|20260813103515|954.78
1786588520|20260813103520|954.78
1786588525|20260813103525|954.84
1786588535|20260813103535|954.68
1786588540|20260813103540|954.76
1786588545|20260813103545|954.78
1786588565|20260813103605|954.59
1786588570|20260813103610|954.48
1786588580|20260813103620|954.44
1786588585|20260813103625|954.11
1786588595|20260813103635|953.96
1786588600|20260813103640|954.02
1786588605|20260813103645|954.19
1786588610|20260813103650|954.13
1786588615|20260813103655|954.27
1786588625|20260813103705|954.40
1786588630|20260813103710|954.53
1786588635|20260813103715|954.54
1786588645|20260813103725|954.67
1786588655|20260813103735|954.77
1786588660|20260813103740|954.80
1786588665|20260813103745|955.01
1786588675|20260813103755|954.94
1786588680|20260813103800|954.97
1786588685|20260813103805|955.05
1786588690|20260813103810|954.91
1786588695|20260813103815|955.03
1786588700|20260813103820|955.03
1786588705|20260813103825|954.97
1786588715|20260813103835|955.02
1786588720|20260813103840|955.03
1786588725|20260813103845|955.04
1786588730|20260813103850|955.09
1786588735|20260813103855|955.09
1786588740|20260813103900|955.07
1786588745|20260813103905|955.10
1786588750|20260813103910|955.15
1786588755|20260813103915|955.34
1786588760|20260813103920|955.24
1786588765|20260813103925|955.29
1786588780|20260813103940|955.76
1786588805|20260813104005|955.97
1786588810|20260813104010|955.98
1786588815|20260813104015|955.97
1786588820|20260813104020|955.98
1786588825|20260813104025|955.69
1786588835|20260813104035|955.61
1786588840|20260813104040|955.56
1786588845|20260813104045|955.53
1786588850|20260813104050|955.47
1786588855|20260813104055|955.44
1786588860|20260813104100|955.50
1786588865|20260813104105|955.51
1786588870|20260813104110|955.63
1786588885|20260813104125|955.65
1786588900|20260813104140|955.76
1786588905|20260813104145|955.74
1786588915|20260813104155|955.73
1786588920|20260813104200|955.75
1786588925|20260813104205|955.62
1786588935|20260813104215|955.65
1786588940|20260813104220|955.66
1786588945|20260813104225|955.67
1786588960|20260813104240|955.62
1786588965|20260813104245|955.60
1786588970|20260813104250|955.64
1786588975|20260813104255|955.63
1786588980|20260813104300|955.67
1786588985|20260813104305|955.73
1786588990|20260813104310|955.69
1786588995|20260813104315|955.64
1786589000|20260813104320|955.63
1786589005|20260813104325|955.69
1786589015|20260813104335|955.55
1786589020|20260813104340|955.68
1786589025|20260813104345|955.62
1786589030|20260813104350|955.64
1786589035|20260813104355|955.61
1786589050|20260813104410|955.68
1786589055|20260813104415|955.66
1786589065|20260813104425|955.71
1786589100|20260813104500|956.26
1786589105|20260813104505|956.22
1786589110|20260813104510|956.11
1786589115|20260813104515|956.06
1786589120|20260813104520|956.14
1786589125|20260813104525|956.11
1786589140|20260813104540|955.69
1786589145|20260813104545|955.75
1786589150|20260813104550|955.72
1786589155|20260813104555|955.67
1786589165|20260813104605|955.72
1786589170|20260813104610|955.82
1786589175|20260813104615|955.79
1786589180|20260813104620|955.76
1786589185|20260813104625|955.77
1786589195|20260813104635|955.85
1786589200|20260813104640|955.92
1786589205|20260813104645|955.96
1786589210|20260813104650|956.08
1786589215|20260813104655|955.98
1786589220|20260813104700|956.06
1786589230|20260813104710|956.06
1786589235|20260813104715|956.09
1786589240|20260813104720|956.08
1786589245|20260813104725|956.03
1786589265|20260813104745|956.04
1786589270|20260813104750|955.99
1786589275|20260813104755|956.01
1786589285|20260813104805|956.14
1786589290|20260813104810|956.08
1786589315|20260813104835|956.17
1786589320|20260813104840|956.13
1786589325|20260813104845|956.21
1786589330|20260813104850|956.28
1786589335|20260813104855|956.19
1786589340|20260813104900|956.23
1786589345|20260813104905|956.17
1786589350|20260813104910|956.15
1786589360|20260813104920|956.18
1786589365|20260813104925|956.15
1786589405|20260813105005|956.21
1786589410|20260813105010|956.19
1786589415|20260813105015|956.20
1786589420|20260813105020|956.19
1786589440|20260813105040|956.10
1786589445|20260813105045|956.20
1786589450|20260813105050|956.23
1786589455|20260813105055|956.19
1786589465|20260813105105|956.23
1786589470|20260813105110|956.28
1786589475|20260813105115|956.18
1786589480|20260813105120|956.12
1786589485|20260813105125|956.04
1786589495|20260813105135|955.96
1786589505|20260813105145|955.91
1786589510|20260813105150|955.89
1786589515|20260813105155|956.03
1786589525|20260813105205|956.10
1786589530|20260813105210|956.12
1786589540|20260813105220|956.12
1786589545|20260813105225|956.14
1786589555|20260813105235|956.10
1786589560|20260813105240|956.12
1786589565|20260813105245|956.12
1786589570|20260813105250|956.13
1786589575|20260813105255|956.13
1786589585|20260813105305|956.05
1786589595|20260813105315|956.06
1786589600|20260813105320|956.03
1786589605|20260813105325|956.05
1786589615|20260813105335|956.00
1786589620|20260813105340|955.97
1786589625|20260813105345|955.98
1786589630|20260813105350|955.98
1786589635|20260813105355|955.99
1786589640|20260813105400|955.99
1786589645|20260813105405|955.94
1786589650|20260813105410|955.95
1786589655|20260813105415|955.89
1786589660|20260813105420|955.92
1786589665|20260813105425|955.98
1786589705|20260813105505|955.31
1786589710|20260813105510|955.42
1786589715|20260813105515|955.48
1786589720|20260813105520|955.57
1786589725|20260813105525|955.67
1786589735|20260813105535|955.73
1786589740|20260813105540|955.70
1786589745|20260813105545|955.75
1786589750|20260813105550|955.75
1786589755|20260813105555|955.75
1786589770|20260813105610|955.68
1786589775|20260813105615|955.74
1786589780|20260813105620|955.70
1786589795|20260813105635|955.83
1786589800|20260813105640|955.64
1786589810|20260813105650|955.63
1786589815|20260813105655|955.57
1786589825|20260813105705|955.70
1786589830|20260813105710|955.65
1786589840|20260813105720|955.70
1786589855|20260813105735|955.75
1786589860|20260813105740|955.76
1786589865|20260813105745|955.74
1786589870|20260813105750|955.71
1786589875|20260813105755|955.71
1786589885|20260813105805|955.77
1786589890|20260813105810|955.64
1786589895|20260813105815|955.66
1786589900|20260813105820|955.66
1786589925|20260813105845|955.75
1786589935|20260813105855|955.70
1786589945|20260813105905|955.81
1786589950|20260813105910|955.76
1786589955|20260813105915|955.77
1786589960|20260813105920|955.78
1786589965|20260813105925|955.77
1786590000|20260813110000|955.66
1786590005|20260813110005|955.65
1786590015|20260813110015|955.66
1786590020|20260813110020|955.66
1786590025|20260813110025|955.67
1786590040|20260813110040|955.82
1786590045|20260813110045|955.83
1786590050|20260813110050|955.83
1786590055|20260813110055|955.79
1786590065|20260813110105|956.21
1786590075|20260813110115|956.29
1786590080|20260813110120|956.31
1786590085|20260813110125|956.33
1786590095|20260813110135|956.28
1786590100|20260813110140|956.27
1786590105|20260813110145|956.31
1786590110|20260813110150|956.31
1786590115|20260813110155|956.36
1786590125|20260813110205|956.45
1786590130|20260813110210|956.38
1786590135|20260813110215|956.42
1786590140|20260813110220|956.33
1786590145|20260813110225|956.32
1786590155|20260813110235|956.31
1786590160|20260813110240|956.31
1786590170|20260813110250|956.35
1786590175|20260813110255|956.34
1786590185|20260813110305|956.38
1786590190|20260813110310|956.44
1786590195|20260813110315|956.31
1786590205|20260813110325|956.34
1786590220|20260813110340|956.46
1786590230|20260813110350|956.32
1786590235|20260813110355|956.30
1786590245|20260813110405|956.33
1786590250|20260813110410|956.25
1786590255|20260813110415|956.27
1786590260|20260813110420|956.28
1786590265|20260813110425|956.27
1786590300|20260813110500|956.49
1786590305|20260813110505|956.46
1786590310|20260813110510|956.52
1786590315|20260813110515|956.60
1786590320|20260813110520|956.66
1786590325|20260813110525|956.71
1786590335|20260813110535|956.53
1786590340|20260813110540|956.55
1786590345|20260813110545|956.57
1786590350|20260813110550|956.57
1786590360|20260813110600|956.45
1786590365|20260813110605|956.38
1786590370|20260813110610|956.33
1786590380|20260813110620|956.31
1786590395|20260813110635|956.14
1786590400|20260813110640|956.28
1786590405|20260813110645|956.21
1786590420|20260813110700|956.24
1786590425|20260813110705|956.15
1786590435|20260813110715|955.90
1786590440|20260813110720|956.06
1786590460|20260813110740|956.25
1786590470|20260813110750|956.28
1786590475|20260813110755|956.30
1786590480|20260813110800|956.24
1786590485|20260813110805|956.23
1786590490|20260813110810|956.15
1786590495|20260813110815|956.01
1786590500|20260813110820|956.09
1786590505|20260813110825|956.06
1786590515|20260813110835|956.06
1786590520|20260813110840|956.01
1786590530|20260813110850|955.89
1786590535|20260813110855|955.88
1786590540|20260813110900|955.89
1786590545|20260813110905|955.87
1786590550|20260813110910|955.85
1786590555|20260813110915|955.95
1786590560|20260813110920|955.95
1786590565|20260813110925|955.95
1786590605|20260813111005|955.63
1786590610|20260813111010|955.74
1786590615|20260813111015|955.85
1786590620|20260813111020|955.92
1786590625|20260813111025|955.90
1786590640|20260813111040|955.97
1786590645|20260813111045|955.98
1786590650|20260813111050|956.03
1786590655|20260813111055|956.11
1786590660|20260813111100|956.07
1786590665|20260813111105|956.06
1786590670|20260813111110|955.69
1786590675|20260813111115|955.59
1786590680|20260813111120|955.35
1786590685|20260813111125|955.25
1786590695|20260813111135|955.12
1786590700|20260813111140|955.10
1786590710|20260813111150|955.10
1786590715|20260813111155|955.15
1786590725|20260813111205|955.30
1786590735|20260813111215|955.38
1786590745|20260813111225|955.29
1786590755|20260813111235|955.34
1786590760|20260813111240|955.26
1786590765|20260813111245|955.25
1786590770|20260813111250|955.24
1786590775|20260813111255|955.36
1786590780|20260813111300|955.40
1786590785|20260813111305|955.43
1786590790|20260813111310|955.42
1786590795|20260813111315|955.46
1786590815|20260813111335|955.32
1786590825|20260813111345|955.35
1786590830|20260813111350|955.43
1786590835|20260813111355|955.40
1786590845|20260813111405|955.57
1786590850|20260813111410|955.57
1786590855|20260813111415|955.55
1786590860|20260813111420|955.55
1786590865|20260813111425|955.46
1786590900|20260813111500|955.64
1786590905|20260813111505|955.70
1786590910|20260813111510|955.68
1786590915|20260813111515|955.61
1786590920|20260813111520|955.68
1786590935|20260813111535|955.65
1786590945|20260813111545|955.70
1786590955|20260813111555|955.62
1786590960|20260813111600|955.63
1786590965|20260813111605|955.56
1786590970|20260813111610|955.61
1786590975|20260813111615|955.71
1786590980|20260813111620|955.71
1786590985|20260813111625|955.60
1786590995|20260813111635|955.53
1786591000|20260813111640|955.62
1786591005|20260813111645|955.62
1786591010|20260813111650|955.60
1786591015|20260813111655|955.54
1786591020|20260813111700|955.45
1786591035|20260813111715|955.46
1786591040|20260813111720|955.43
1786591045|20260813111725|955.47
1786591055|20260813111735|955.51
1786591060|20260813111740|955.35
1786591080|20260813111800|955.48
1786591085|20260813111805|955.54
1786591095|20260813111815|955.65
1786591105|20260813111825|955.80
1786591115|20260813111835|956.26
1786591120|20260813111840|956.18
1786591125|20260813111845|956.14
1786591130|20260813111850|956.08
1786591135|20260813111855|956.08
1786591140|20260813111900|956.07
1786591145|20260813111905|955.93
1786591150|20260813111910|955.94
1786591160|20260813111920|955.94
1786591165|20260813111925|955.94
1786591205|20260813112005|956.10
1786591210|20260813112010|956.09
1786591215|20260813112015|956.06
1786591220|20260813112020|956.10
1786591225|20260813112025|956.09
1786591235|20260813112035|956.03
1786591240|20260813112040|956.02
1786591245|20260813112045|955.88
1786591260|20260813112100|955.66
1786591265|20260813112105|955.69
1786591270|20260813112110|955.73
1786591275|20260813112115|955.71
1786591280|20260813112120|955.72
1786591285|20260813112125|955.72
1786591295|20260813112135|955.78
1786591300|20260813112140|955.76
1786591305|20260813112145|955.82
1786591310|20260813112150|955.82
1786591315|20260813112155|955.85
1786591320|20260813112200|955.84
1786591325|20260813112205|955.84
1786591335|20260813112215|955.99
1786591345|20260813112225|956.02
1786591370|20260813112250|955.99
1786591380|20260813112300|955.92
1786591385|20260813112305|955.96
1786591390|20260813112310|956.02
1786591395|20260813112315|956.00
1786591405|20260813112325|956.07
1786591415|20260813112335|956.13
1786591420|20260813112340|956.10
1786591425|20260813112345|956.11
1786591430|20260813112350|956.14
1786591435|20260813112355|956.13
1786591440|20260813112400|956.08
1786591445|20260813112405|955.97
1786591460|20260813112420|955.96
1786591465|20260813112425|956.15
1786591500|20260813112500|956.14
1786591505|20260813112505|956.13
1786591510|20260813112510|956.15
1786591515|20260813112515|956.16
1786591520|20260813112520|956.17
1786591525|20260813112525|956.16
1786591535|20260813112535|956.13
1786591540|20260813112540|956.17
1786591545|20260813112545|956.15
1786591555|20260813112555|956.16
1786591560|20260813112600|956.16
1786591565|20260813112605|956.20
1786591575|20260813112615|956.18
1786591580|20260813112620|956.17
1786591585|20260813112625|956.17
1786591595|20260813112635|955.95
1786591600|20260813112640|955.84
1786591610|20260813112650|955.91
1786591615|20260813112655|955.87
1786591620|20260813112700|955.91
1786591625|20260813112705|955.92
1786591630|20260813112710|956.01
1786591635|20260813112715|956.01
1786591640|20260813112720|956.04
1786591645|20260813112725|956.00
1786591660|20260813112740|956.01
1786591665|20260813112745|955.98
1786591670|20260813112750|956.02
1786591675|20260813112755|955.94
1786591680|20260813112800|955.95
1786591685|20260813112805|955.95
1786591690|20260813112810|955.86
1786591695|20260813112815|955.96
1786591700|20260813112820|955.87
1786591705|20260813112825|955.87
1786591730|20260813112850|956.15
1786591735|20260813112855|956.15
1786591740|20260813112900|956.18
1786591745|20260813112905|956.19
1786591805|20260813113005|956.11
1786591810|20260813113010|956.18
1786591815|20260813113015|956.12
1786591820|20260813113020|956.15
1786591825|20260813113025|956.14
1786591835|20260813113035|956.18
1786591840|20260813113040|956.13
1786591855|20260813113055|956.28
1786591865|20260813113105|956.33
1786591875|20260813113115|956.26
1786591880|20260813113120|956.25
1786591885|20260813113125|956.24
1786591895|20260813113135|956.24
1786591900|20260813113140|956.26
1786591905|20260813113145|956.39
1786591910|20260813113150|956.32
1786591915|20260813113155|956.26
1786591920|20260813113200|956.22
1786591925|20260813113205|956.28
1786591930|20260813113210|956.23
1786591935|20260813113215|956.25
1786591940|20260813113220|956.25
1786591945|20260813113225|956.25
1786591955|20260813113235|956.26
1786591960|20260813113240|956.27
1786591965|20260813113245|956.27
1786591970|20260813113250|956.29
1786591975|20260813113255|956.31
1786591980|20260813113300|956.31
1786591985|20260813113305|956.28
1786591990|20260813113310|956.32
1786591995|20260813113315|956.33
1786592000|20260813113320|956.30
1786592005|20260813113325|956.28
1786592015|20260813113335|956.11
1786592020|20260813113340|956.15
1786592025|20260813113345|956.20
1786592030|20260813113350|956.24
1786592035|20260813113355|956.24
1786592040|20260813113400|956.21
1786592050|20260813113410|956.28
1786592055|20260813113415|956.26
1786592060|20260813113420|956.22
1786592065|20260813113425|956.26
1786592105|20260813113505|956.26
1786592115|20260813113515|956.20
1786592120|20260813113520|956.24
1786592135|20260813113535|956.36
1786592140|20260813113540|956.29
1786592145|20260813113545|956.28
1786592150|20260813113550|956.22
1786592155|20260813113555|956.19
1786592165|20260813113605|956.18
1786592170|20260813113610|956.19
1786592175|20260813113615|956.21
1786592180|20260813113620|956.18
1786592185|20260813113625|956.18
1786592195|20260813113635|956.16
1786592200|20260813113640|956.13
1786592205|20260813113645|956.17
1786592210|20260813113650|956.09
1786592215|20260813113655|956.08
1786592225|20260813113705|956.09
1786592230|20260813113710|956.10
1786592235|20260813113715|956.09
1786592240|20260813113720|956.11
1786592255|20260813113735|956.15
1786592260|20260813113740|956.23
1786592265|20260813113745|956.28
1786592270|20260813113750|956.23
1786592275|20260813113755|956.26
1786592285|20260813113805|956.18
1786592295|20260813113815|956.20
1786592300|20260813113820|956.21
1786592305|20260813113825|956.19
1786592315|20260813113835|956.16
1786592325|20260813113845|956.23
1786592330|20260813113850|956.23
1786592335|20260813113855|956.19
1786592345|20260813113905|956.10
1786592350|20260813113910|956.16
1786592355|20260813113915|956.14
1786592360|20260813113920|956.15
1786592365|20260813113925|956.14
1786592400|20260813114000|956.13
1786592405|20260813114005|956.14
1786592410|20260813114010|956.13
1786592415|20260813114015|956.10
1786592420|20260813114020|956.04
1786592425|20260813114025|956.12
1786592435|20260813114035|956.10
1786592440|20260813114040|956.10
1786592445|20260813114045|956.04
1786592450|20260813114050|956.03
1786592455|20260813114055|956.01
1786592465|20260813114105|956.01
1786592470|20260813114110|955.99
1786592475|20260813114115|955.98
1786592480|20260813114120|955.85
1786592485|20260813114125|955.89
1786592495|20260813114135|955.94
1786592500|20260813114140|955.94
1786592505|20260813114145|956.01
1786592510|20260813114150|955.99
1786592515|20260813114155|955.76
1786592525|20260813114205|955.79
1786592540|20260813114220|955.78
1786592545|20260813114225|955.70
1786592555|20260813114235|955.68
1786592560|20260813114240|955.67
1786592565|20260813114245|955.62
1786592570|20260813114250|955.58
1786592575|20260813114255|955.55
1786592585|20260813114305|955.58
1786592590|20260813114310|955.59
1786592595|20260813114315|955.59
1786592600|20260813114320|955.63
1786592605|20260813114325|955.59
1786592615|20260813114335|955.71
1786592620|20260813114340|955.71
1786592630|20260813114350|955.50
1786592635|20260813114355|955.51
1786592640|20260813114400|955.43
1786592645|20260813114405|955.45
1786592650|20260813114410|955.43
1786592655|20260813114415|955.42
1786592660|20260813114420|955.43
1786592680|20260813114440|955.42
1786592700|20260813114500|955.31
1786592705|20260813114505|955.43
1786592710|20260813114510|955.44
1786592715|20260813114515|955.46
1786592720|20260813114520|955.51
1786592725|20260813114525|955.56
1786592735|20260813114535|955.69
1786592740|20260813114540|955.69
1786592745|20260813114545|955.58
1786592750|20260813114550|955.61
1786592755|20260813114555|955.59
1786592765|20260813114605|955.56
1786592770|20260813114610|955.63
1786592780|20260813114620|955.72
1786592785|20260813114625|955.53
1786592795|20260813114635|955.47
1786592800|20260813114640|955.32
1786592805|20260813114645|955.33
1786592810|20260813114650|955.48
1786592815|20260813114655|955.49
1786592825|20260813114705|955.36
1786592830|20260813114710|955.28
1786592835|20260813114715|955.29
1786592840|20260813114720|955.26
1786592845|20260813114725|955.24
1786592855|20260813114735|955.26
1786592865|20260813114745|955.41
1786592875|20260813114755|955.38
1786592880|20260813114800|955.41
1786592885|20260813114805|955.45
1786592890|20260813114810|955.39
1786592895|20260813114815|955.40
1786592900|20260813114820|955.46
1786592905|20260813114825|955.44
1786592915|20260813114835|955.43
1786592920|20260813114840|955.41
1786592925|20260813114845|955.44
1786592935|20260813114855|955.47
1786592945|20260813114905|955.47
1786592950|20260813114910|955.47
1786592955|20260813114915|955.47
1786592960|20260813114920|955.48
1786592965|20260813114925|955.50
1786593000|20260813115000|955.32
1786593005|20260813115005|955.29
1786593015|20260813115015|955.03
1786593020|20260813115020|955.11
1786593025|20260813115025|955.10
1786593035|20260813115035|955.18
1786593040|20260813115040|955.18
1786593045|20260813115045|955.17
1786593050|20260813115050|955.29
1786593055|20260813115055|955.30
1786593065|20260813115105|955.26
1786593070|20260813115110|955.24
1786593075|20260813115115|955.26
1786593080|20260813115120|955.28
1786593085|20260813115125|955.28
1786593095|20260813115135|955.29
1786593100|20260813115140|955.28
1786593105|20260813115145|955.31
1786593115|20260813115155|955.27
1786593125|20260813115205|955.27
1786593130|20260813115210|955.29
1786593140|20260813115220|955.29
1786593145|20260813115225|955.33
1786593155|20260813115235|955.37
1786593160|20260813115240|955.32
1786593165|20260813115245|955.32
1786593170|20260813115250|955.29
1786593175|20260813115255|955.41
1786593185|20260813115305|955.36
1786593190|20260813115310|955.35
1786593200|20260813115320|955.31
1786593205|20260813115325|955.25
1786593220|20260813115340|955.09
1786593225|20260813115345|955.08
1786593230|20260813115350|955.05
1786593235|20260813115355|955.04
1786593250|20260813115410|954.91
1786593255|20260813115415|954.87
1786593260|20260813115420|954.85
1786593265|20260813115425|954.78
1786593300|20260813115500|954.83
1786593310|20260813115510|954.64
1786593320|20260813115520|954.63
1786593340|20260813115540|954.46
1786593345|20260813115545|954.47
1786593350|20260813115550|954.47
1786593355|20260813115555|954.40
1786593360|20260813115600|954.34
1786593365|20260813115605|954.29
1786593380|20260813115620|954.50
1786593385|20260813115625|954.52
1786593395|20260813115635|954.61
1786593400|20260813115640|954.49
1786593410|20260813115650|954.47
1786593415|20260813115655|954.40
1786593425|20260813115705|954.31
1786593430|20260813115710|954.31
1786593435|20260813115715|954.31
1786593440|20260813115720|954.19
1786593445|20260813115725|954.06
1786593455|20260813115735|954.00
1786593460|20260813115740|954.07
1786593475|20260813115755|954.09
1786593485|20260813115805|954.11
1786593490|20260813115810|954.11
1786593495|20260813115815|954.12
1786593500|20260813115820|954.21
1786593505|20260813115825|954.18
1786593515|20260813115835|954.13
1786593520|20260813115840|954.08
1786593530|20260813115850|954.06
1786593535|20260813115855|954.03
1786593545|20260813115905|954.06
1786593550|20260813115910|953.97
1786593555|20260813115915|953.96
1786593560|20260813115920|953.94
1786593565|20260813115925|953.98
1786593605|20260813120005|954.14
1786593610|20260813120010|954.15
1786593615|20260813120015|954.02
1786593620|20260813120020|953.97
1786593625|20260813120025|954.18
1786593635|20260813120035|953.85
1786593640|20260813120040|953.90
1786593645|20260813120045|953.87
1786593650|20260813120050|953.92
1786593655|20260813120055|953.93
1786593660|20260813120100|953.86
1786593665|20260813120105|953.77
1786593670|20260813120110|953.74
1786593675|20260813120115|953.72
1786593680|20260813120120|953.68
1786593685|20260813120125|953.28
1786593695|20260813120135|953.39
1786593700|20260813120140|953.39
1786593715|20260813120155|953.24
1786593720|20260813120200|953.08
1786593730|20260813120210|953.51
1786593740|20260813120220|953.79
1786593745|20260813120225|953.71
1786593755|20260813120235|953.86
1786593765|20260813120245|953.88
1786593770|20260813120250|954.03
1786593775|20260813120255|954.08
1786593780|20260813120300|954.05
1786593785|20260813120305|954.05
1786593795|20260813120315|953.96
1786593805|20260813120325|953.86
1786593815|20260813120335|953.88
1786593820|20260813120340|953.92
1786593850|20260813120410|953.29
1786593860|20260813120420|953.17
1786593900|20260813120500|953.30
1786593905|20260813120505|953.15
1786593910|20260813120510|953.20
1786593915|20260813120515|953.22
1786593920|20260813120520|953.32
1786593925|20260813120525|953.34
1786593935|20260813120535|953.34
1786593940|20260813120540|953.28
1786593945|20260813120545|953.29
1786593955|20260813120555|953.33
1786593965|20260813120605|953.13
1786593970|20260813120610|953.19
1786593980|20260813120620|953.21
1786593985|20260813120625|953.23
1786594015|20260813120655|953.32
1786594025|20260813120705|953.42
1786594030|20260813120710|953.44
1786594040|20260813120720|953.28
1786594055|20260813120735|953.32
1786594070|20260813120750|953.14
1786594085|20260813120805|953.28
1786594090|20260813120810|953.27
1786594095|20260813120815|953.27
1786594100|20260813120820|953.29
1786594105|20260813120825|953.23
1786594115|20260813120835|953.15
1786594120|20260813120840|953.18
1786594125|20260813120845|953.17
1786594130|20260813120850|953.25
1786594135|20260813120855|953.23
1786594140|20260813120900|953.26
1786594145|20260813120905|953.25
1786594155|20260813120915|953.29
1786594160|20260813120920|953.26
1786594210|20260813121010|953.17
1786594225|20260813121025|953.07
1786594245|20260813121045|952.89
1786594255|20260813121055|952.99
1786594265|20260813121105|953.03
1786594275|20260813121115|952.93
1786594280|20260813121120|952.91
1786594285|20260813121125|952.60
1786594295|20260813121135|952.60
1786594300|20260813121140|952.49
1786594305|20260813121145|952.44
1786594310|20260813121150|952.36
1786594315|20260813121155|952.43
1786594320|20260813121200|952.59
1786594325|20260813121205|952.64
1786594330|20260813121210|952.68
1786594335|20260813121215|952.68
1786594345|20260813121225|952.68
1786594355|20260813121235|952.60
1786594360|20260813121240|952.60
1786594365|20260813121245|952.73
1786594380|20260813121300|952.65
1786594385|20260813121305|952.70
1786594390|20260813121310|952.68
1786594395|20260813121315|952.69
1786594400|20260813121320|952.78
1786594405|20260813121325|952.77
1786594415|20260813121335|952.85
1786594420|20260813121340|952.97
1786594425|20260813121345|952.97
1786594430|20260813121350|952.97
1786594435|20260813121355|952.96
1786594440|20260813121400|952.89
1786594445|20260813121405|952.93
1786594450|20260813121410|953.02
1786594460|20260813121420|953.09
1786594465|20260813121425|952.95
1786594500|20260813121500|952.91
1786594505|20260813121505|952.93
1786594510|20260813121510|952.82
1786594520|20260813121520|952.84
1786594535|20260813121535|953.00
1786594540|20260813121540|953.00
1786594545|20260813121545|952.95
1786594550|20260813121550|952.96
1786594560|20260813121600|952.89
1786594565|20260813121605|952.87
1786594570|20260813121610|952.82
1786594575|20260813121615|952.82
1786594580|20260813121620|952.98
1786594595|20260813121635|953.01
1786594600|20260813121640|953.06
1786594605|20260813121645|953.14
1786594610|20260813121650|953.09
1786594620|20260813121700|953.03
1786594630|20260813121710|952.99
1786594640|20260813121720|953.00
1786594645|20260813121725|953.00
1786594655|20260813121735|952.96
1786594660|20260813121740|952.99
1786594665|20260813121745|953.00
1786594675|20260813121755|952.99
1786594680|20260813121800|952.97
1786594685|20260813121805|952.97
1786594690|20260813121810|952.93
1786594705|20260813121825|952.93
1786594715|20260813121835|952.90
1786594720|20260813121840|952.91
1786594725|20260813121845|952.92
1786594730|20260813121850|952.96
1786594735|20260813121855|952.99
1786594740|20260813121900|952.98
1786594745|20260813121905|953.01
1786594755|20260813121915|952.99
1786594765|20260813121925|953.02
1786594805|20260813122005|952.94
1786594810|20260813122010|952.96
1786594815|20260813122015|953.01
1786594825|20260813122025|952.97
1786594840|20260813122040|952.90
1786594845|20260813122045|952.92
1786594850|20260813122050|952.90
1786594855|20260813122055|952.90
1786594860|20260813122100|952.91
1786594870|20260813122110|952.86
1786594875|20260813122115|952.66
1786594880|20260813122120|952.68
1786594895|20260813122135|952.74
1786594900|20260813122140|952.71
1786594905|20260813122145|952.60
1786594915|20260813122155|952.62
1786594930|20260813122210|952.59
1786594935|20260813122215|952.62
1786594945|20260813122225|952.65
1786594955|20260813122235|952.85
1786594960|20260813122240|952.91
1786594965|20260813122245|952.93
1786594980|20260813122300|952.91
1786594985|20260813122305|952.99
1786594990|20260813122310|952.86
1786594995|20260813122315|952.79
1786595000|20260813122320|952.90
1786595005|20260813122325|952.87
1786595020|20260813122340|952.89
1786595025|20260813122345|952.90
1786595040|20260813122400|953.02
1786595045|20260813122405|953.04
1786595050|20260813122410|953.05
1786595060|20260813122420|953.01
1786595065|20260813122425|953.17
1786595100|20260813122500|953.61
1786595105|20260813122505|953.56
1786595110|20260813122510|953.54
1786595120|20260813122520|953.56
1786595125|20260813122525|953.55
1786595135|20260813122535|953.62
1786595140|20260813122540|953.61
1786595145|20260813122545|953.60
1786595150|20260813122550|953.63
1786595155|20260813122555|953.66
1786595165|20260813122605|953.66
1786595170|20260813122610|953.59
1786595175|20260813122615|953.65
1786595180|20260813122620|953.64
1786595185|20260813122625|953.74
1786595195|20260813122635|953.76
1786595200|20260813122640|953.78
1786595205|20260813122645|953.79
1786595210|20260813122650|953.75
1786595215|20260813122655|953.74
1786595230|20260813122710|953.78
1786595235|20260813122715|953.74
1786595240|20260813122720|953.70
1786595245|20260813122725|953.69
1786595255|20260813122735|953.59
1786595260|20260813122740|953.56
1786595265|20260813122745|953.56
1786595270|20260813122750|953.62
1786595275|20260813122755|953.62
1786595285|20260813122805|953.54
1786595290|20260813122810|953.54
1786595300|20260813122820|953.69
1786595315|20260813122835|953.74
1786595325|20260813122845|953.75
1786595330|20260813122850|953.67
1786595345|20260813122905|953.74
1786595350|20260813122910|953.76
1786595355|20260813122915|953.79
1786595365|20260813122925|953.79
1786595400|20260813123000|953.75
1786595405|20260813123005|953.74
1786595410|20260813123010|953.65
1786595420|20260813123020|953.73
1786595425|20260813123025|953.76
1786595435|20260813123035|953.79
1786595440|20260813123040|953.79
1786595445|20260813123045|953.80
1786595450|20260813123050|953.76
1786595465|20260813123105|953.75
1786595470|20260813123110|953.77
1786595475|20260813123115|953.70
1786595480|20260813123120|953.71
1786595485|20260813123125|953.90
1786595495|20260813123135|953.92
1786595500|20260813123140|953.96
1786595515|20260813123155|953.92
1786595525|20260813123205|953.96
1786595530|20260813123210|953.95
1786595535|20260813123215|953.97
1786595540|20260813123220|953.92
1786595545|20260813123225|953.82
1786595555|20260813123235|953.90
1786595560|20260813123240|953.91
1786595565|20260813123245|953.89
1786595570|20260813123250|953.90
1786595575|20260813123255|953.87
1786595585|20260813123305|953.88
1786595590|20260813123310|953.83
1786595595|20260813123315|953.85
1786595600|20260813123320|953.79
1786595605|20260813123325|953.78
1786595615|20260813123335|953.78
1786595620|20260813123340|953.77
1786595625|20260813123345|953.87
1786595630|20260813123350|953.87
1786595635|20260813123355|953.89
1786595650|20260813123410|953.89
1786595655|20260813123415|953.89
1786595660|20260813123420|953.85
1786595665|20260813123425|953.87
1786595700|20260813123500|953.80
1786595705|20260813123505|953.83
1786595710|20260813123510|953.83
1786595715|20260813123515|953.72
1786595720|20260813123520|953.72
1786595725|20260813123525|953.66
1786595735|20260813123535|953.62
1786595740|20260813123540|953.53
1786595745|20260813123545|953.65
1786595750|20260813123550|953.66
1786595760|20260813123600|953.66
1786595775|20260813123615|953.74
1786595780|20260813123620|953.75
1786595785|20260813123625|953.88
1786595795|20260813123635|953.85
1786595800|20260813123640|953.86
1786595825|20260813123705|953.90
1786595835|20260813123715|953.88
1786595845|20260813123725|953.82
1786595855|20260813123735|953.87
1786595860|20260813123740|953.92
1786595865|20260813123745|953.84
1786595870|20260813123750|953.88
1786595885|20260813123805|953.93
1786595890|20260813123810|953.93
1786595895|20260813123815|953.92
1786595915|20260813123835|953.91
1786595920|20260813123840|953.91
1786595930|20260813123850|953.70
1786595935|20260813123855|953.71
1786595950|20260813123910|953.67
1786595955|20260813123915|953.62
1786595960|20260813123920|953.66
1786596000|20260813124000|953.58
1786596005|20260813124005|953.60
1786596015|20260813124015|953.59
1786596020|20260813124020|953.61
1786596025|20260813124025|953.56
1786596035|20260813124035|953.49
1786596040|20260813124040|953.46
1786596045|20260813124045|953.47
1786596050|20260813124050|953.47
1786596055|20260813124055|953.48
1786596065|20260813124105|953.51
1786596070|20260813124110|953.54
1786596075|20260813124115|953.54
1786596080|20260813124120|953.69
1786596085|20260813124125|953.86
1786596095|20260813124135|953.92
1786596100|20260813124140|953.91
1786596105|20260813124145|953.87
1786596110|20260813124150|953.87
1786596115|20260813124155|953.93
1786596125|20260813124205|953.92
1786596130|20260813124210|953.93
1786596140|20260813124220|953.84
1786596145|20260813124225|953.80
1786596155|20260813124235|953.74
1786596160|20260813124240|953.78
1786596170|20260813124250|953.68
1786596175|20260813124255|953.67
1786596190|20260813124310|953.55
1786596195|20260813124315|953.55
1786596200|20260813124320|953.57
1786596205|20260813124325|953.54
1786596215|20260813124335|953.46
1786596220|20260813124340|953.45
1786596225|20260813124345|953.48
1786596230|20260813124350|953.48
1786596235|20260813124355|953.53
1786596245|20260813124405|953.41
1786596250|20260813124410|953.40
1786596260|20260813124420|953.36
1786596265|20260813124425|953.36
1786596305|20260813124505|953.18
1786596310|20260813124510|953.24
1786596315|20260813124515|953.44
1786596320|20260813124520|953.53
1786596325|20260813124525|953.56
1786596335|20260813124535|953.49
1786596340|20260813124540|953.62
1786596345|20260813124545|953.72
1786596350|20260813124550|953.65
1786596365|20260813124605|953.61
1786596370|20260813124610|953.40
1786596375|20260813124615|953.37
1786596380|20260813124620|953.37
1786596385|20260813124625|953.49
1786596395|20260813124635|953.40
1786596400|20260813124640|953.26
1786596405|20260813124645|953.37
1786596410|20260813124650|953.65
1786596415|20260813124655|953.54
1786596425|20260813124705|953.59
1786596430|20260813124710|953.59
1786596445|20260813124725|953.54
1786596455|20260813124735|953.51
1786596460|20260813124740|953.54
1786596465|20260813124745|953.56
1786596470|20260813124750|953.54
1786596475|20260813124755|953.47
1786596485|20260813124805|953.43
1786596490|20260813124810|953.43
1786596515|20260813124835|953.47
1786596520|20260813124840|953.53
1786596525|20260813124845|953.57
1786596530|20260813124850|953.53
1786596545|20260813124905|953.59
1786596560|20260813124920|953.65
1786596590|20260813124950|953.31
1786596600|20260813125000|953.21
1786596605|20260813125005|953.11
1786596610|20260813125010|953.20
1786596615|20260813125015|953.14
1786596620|20260813125020|953.28
1786596625|20260813125025|953.27
1786596635|20260813125035|953.27
1786596640|20260813125040|953.26
1786596645|20260813125045|953.24
1786596650|20260813125050|953.22
1786596655|20260813125055|953.23
1786596670|20260813125110|953.22
1786596680|20260813125120|953.23
1786596695|20260813125135|953.29
1786596700|20260813125140|953.29
1786596705|20260813125145|953.28
1786596710|20260813125150|953.34
1786596715|20260813125155|953.33
1786596730|20260813125210|953.46
1786596735|20260813125215|953.47
1786596740|20260813125220|953.57
1786596745|20260813125225|953.50
1786596755|20260813125235|953.56
1786596760|20260813125240|953.52
1786596765|20260813125245|953.52
1786596770|20260813125250|953.49
1786596775|20260813125255|953.51
1786596780|20260813125300|953.52
1786596785|20260813125305|953.53
1786596790|20260813125310|953.51
1786596795|20260813125315|953.57
1786596800|20260813125320|953.53
1786596815|20260813125335|953.40
1786596820|20260813125340|953.40
1786596825|20260813125345|953.42
1786596830|20260813125350|953.40
1786596835|20260813125355|953.47
1786596845|20260813125405|953.48
1786596850|20260813125410|953.42
1786596855|20260813125415|953.42
1786596860|20260813125420|953.48
1786596865|20260813125425|953.52
1786596895|20260813125455|953.36
1786596900|20260813125500|953.37
1786596905|20260813125505|953.37
1786596910|20260813125510|953.39
1786596915|20260813125515|953.39
1786596920|20260813125520|953.38
1786596925|20260813125525|953.33
1786596935|20260813125535|953.31
1786596940|20260813125540|953.29
1786596955|20260813125555|953.39
1786596960|20260813125600|953.41
1786596965|20260813125605|953.43
1786596970|20260813125610|953.43
1786596975|20260813125615|953.43
1786597000|20260813125640|953.49
1786597010|20260813125650|953.53
1786597015|20260813125655|953.52
1786597025|20260813125705|953.56
1786597035|20260813125715|953.62
1786597040|20260813125720|953.61
1786597055|20260813125735|953.69
1786597060|20260813125740|953.55
1786597065|20260813125745|953.56
1786597070|20260813125750|953.57
1786597075|20260813125755|953.57
1786597080|20260813125800|953.55
1786597085|20260813125805|953.53
1786597090|20260813125810|953.61
1786597095|20260813125815|953.61
1786597100|20260813125820|953.71
1786597105|20260813125825|953.70
1786597115|20260813125835|953.71
1786597120|20260813125840|953.71
1786597125|20260813125845|953.70
1786597130|20260813125850|953.79
1786597135|20260813125855|953.70
1786597140|20260813125900|953.72
1786597155|20260813125915|953.72
1786597160|20260813125920|953.69
1786597165|20260813125925|953.68
1786597205|20260813130005|953.61
1786597210|20260813130010|953.56
1786597215|20260813130015|953.54
1786597225|20260813130025|953.63
1786597235|20260813130035|953.40
1786597245|20260813130045|953.50
1786597250|20260813130050|953.44
1786597255|20260813130055|953.44
1786597260|20260813130100|953.36
1786597265|20260813130105|953.35
1786597275|20260813130115|953.14
1786597280|20260813130120|953.17
1786597285|20260813130125|953.01
1786597295|20260813130135|953.03
1786597300|20260813130140|952.88
1786597305|20260813130145|952.64
1786597310|20260813130150|952.70
1786597315|20260813130155|952.72
1786597325|20260813130205|952.93
1786597330|20260813130210|952.95
1786597335|20260813130215|953.03
1786597340|20260813130220|953.09
1786597345|20260813130225|953.08
1786597360|20260813130240|953.04
1786597375|20260813130255|953.26
1786597385|20260813130305|953.29
1786597395|20260813130315|953.26
1786597415|20260813130335|953.35
1786597425|20260813130345|953.41
1786597430|20260813130350|953.52
1786597440|20260813130400|953.31
1786597450|20260813130410|953.33
1786597455|20260813130415|953.35
1786597460|20260813130420|953.16
1786597480|20260813130440|952.91
1786597500|20260813130500|952.99
1786597505|20260813130505|953.07
1786597510|20260813130510|953.03
1786597515|20260813130515|953.00
1786597520|20260813130520|953.02
1786597525|20260813130525|952.98
1786597535|20260813130535|952.95
1786597545|20260813130545|952.93
1786597560|20260813130600|953.08
1786597565|20260813130605|953.06
1786597570|20260813130610|953.16
1786597575|20260813130615|953.18
1786597580|20260813130620|953.20
1786597585|20260813130625|953.17
1786597595|20260813130635|953.32
1786597610|20260813130650|953.44
1786597615|20260813130655|953.41
1786597625|20260813130705|953.37
1786597635|20260813130715|953.37
1786597645|20260813130725|953.11
1786597655|20260813130735|953.07
1786597660|20260813130740|953.00
1786597670|20260813130750|953.28
1786597675|20260813130755|953.26
1786597700|20260813130820|953.33
1786597725|20260813130845|953.23
1786597730|20260813130850|953.21
1786597735|20260813130855|953.22
1786597745|20260813130905|953.26
1786597750|20260813130910|953.52
1786597760|20260813130920|953.45
1786597805|20260813131005|953.49
1786597810|20260813131010|953.55
1786597815|20260813131015|953.28
1786597820|20260813131020|953.31
1786597825|20260813131025|953.37
1786597835|20260813131035|953.49
1786597840|20260813131040|953.58
1786597850|20260813131050|953.79
1786597860|20260813131100|953.92
1786597875|20260813131115|953.73
1786597880|20260813131120|953.71
1786597885|20260813131125|953.70
1786597900|20260813131140|953.80
1786597915|20260813131155|953.97
1786597920|20260813131200|953.97
1786597925|20260813131205|953.90
1786597935|20260813131215|954.00
1786597945|20260813131225|954.03
1786597960|20260813131240|954.11
1786598025|20260813131345|954.46
